{
"type": "FeatureCollection",
"name": "09_lo_bangunan",
"crs": { "type": "name", "properties": { "name": "urn:ogc:def:crs:EPSG::32751" } },
"features": [
{ "type": "Feature", "properties": { "LAYER": "BANGUNAN", "GM_TYPE": "Unknown Area Type", "ELEVATION": 66.734 }, "geometry": { "type": "MultiPolygon", "coordinates": [ [ [ [ 764633.85100000014063, 8982686.29700000025332 ], [ 764635.973235474550165, 8982679.87129439227283 ], [ 764628.567235474358313, 8982677.425294389948249 ], [ 764626.444999999948777, 8982683.850999999791384 ], [ 764633.85100000014063, 8982686.29700000025332 ] ] ] ] } },
{ "type": "Feature", "properties": { "LAYER": "BANGUNAN", "GM_TYPE": "Unknown Area Type", "ELEVATION": 66.734 }, "geometry": { "type": "MultiPolygon", "coordinates": [ [ [ [ 764639.609000000054948, 8982675.127000002190471 ], [ 764641.340009376523085, 8982669.14149278961122 ], [ 764634.414009376545437, 8982667.138492790982127 ], [ 764632.682999999844469, 8982673.123999997973442 ], [ 764639.609000000054948, 8982675.127000002190471 ] ] ] ] } },
{ "type": "Feature", "properties": { "LAYER": "BANGUNAN", "GM_TYPE": "Unknown Area Type", "ELEVATION": 68.386 }, "geometry": { "type": "MultiPolygon", "coordinates": [ [ [ [ 764583.473, 8982740.557000001892447 ], [ 764582.439772362005897, 8982733.266957363113761 ], [ 764573.937772362027317, 8982734.471957363188267 ], [ 764574.971000000135973, 8982741.762000001966953 ], [ 764583.473, 8982740.557000001892447 ] ] ] ] } },
{ "type": "Feature", "properties": { "LAYER": "BANGUNAN", "GM_TYPE": "Unknown Area Type", "ELEVATION": 68.296 }, "geometry": { "type": "MultiPolygon", "coordinates": [ [ [ [ 764597.017, 8982723.04700000025332 ], [ 764602.979000000050291, 8982719.887000000104308 ], [ 764600.400227113743313, 8982715.021606346592307 ], [ 764594.438227113801986, 8982718.181606346741319 ], [ 764597.017, 8982723.04700000025332 ] ] ] ] } },
{ "type": "Feature", "properties": { "LAYER": "BANGUNAN", "GM_TYPE": "Unknown Area Type", "ELEVATION": 68.296 }, "geometry": { "type": "MultiPolygon", "coordinates": [ [ [ [ 764589.314000000129454, 8982725.043999999761581 ], [ 764593.435999999986961, 8982725.093000000342727 ], [ 764593.494250171701424, 8982720.192852972075343 ], [ 764589.372250171727501, 8982720.143852969631553 ], [ 764589.314000000129454, 8982725.043999999761581 ] ] ] ] } },
{ "type": "Feature", "properties": { "LAYER": "BANGUNAN", "GM_TYPE": "Unknown Area Type", "ELEVATION": 68.422 }, "geometry": { "type": "MultiPolygon", "coordinates": [ [ [ [ 764609.177000000141561, 8982738.182 ], [ 764614.042999999830499, 8982738.167999999597669 ], [ 764614.031358839478344, 8982734.121865363791585 ], [ 764612.490655805915594, 8982734.126298131421208 ], [ 764612.486113667604513, 8982732.547580927610397 ], [ 764609.160816702060401, 8982732.557148164138198 ], [ 764609.177000000141561, 8982738.182 ] ] ] ] } },
{ "type": "Feature", "properties": { "LAYER": "BANGUNAN", "GM_TYPE": "Unknown Area Type", "ELEVATION": 68.422 }, "geometry": { "type": "MultiPolygon", "coordinates": [ [ [ [ 764617.835999999893829, 8982737.05799999833107 ], [ 764622.701999999815598, 8982737.457000000402331 ], [ 764623.134262497653253, 8982732.185347590595484 ], [ 764618.2682624978479, 8982731.786347588524222 ], [ 764617.835999999893829, 8982737.05799999833107 ] ] ] ] } },
{ "type": "Feature", "properties": { "LAYER": "BANGUNAN", "GM_TYPE": "Unknown Area Type", "ELEVATION": null }, "geometry": { "type": "MultiPolygon", "coordinates": [ [ [ [ 764624.557000000146218, 8982721.662000000476837 ], [ 764625.851999999838881, 8982715.96000000089407 ], [ 764622.543486594804563, 8982715.208592623472214 ], [ 764621.248486594879068, 8982720.910592624917626 ], [ 764624.557000000146218, 8982721.662000000476837 ] ] ] ] } },
{ "type": "Feature", "properties": { "LAYER": "BANGUNAN", "GM_TYPE": "Unknown Area Type", "ELEVATION": 67.634 }, "geometry": { "type": "MultiPolygon", "coordinates": [ [ [ [ 764615.308000000193715, 8982706.679999997839332 ], [ 764616.158649346558377, 8982704.808441963046789 ], [ 764616.740497997030616, 8982705.072900323197246 ], [ 764617.68782337824814, 8982702.988640291616321 ], [ 764616.066777329542674, 8982702.251852152869105 ], [ 764616.511269332142547, 8982701.273902092128992 ], [ 764614.659466731245629, 8982700.432231871411204 ], [ 764612.417000000015832, 8982705.36600000038743 ], [ 764615.308000000193715, 8982706.679999997839332 ] ] ] ] } },
{ "type": "Feature", "properties": { "LAYER": "BANGUNAN", "GM_TYPE": "Unknown Area Type", "ELEVATION": 67.634 }, "geometry": { "type": "MultiPolygon", "coordinates": [ [ [ [ 764611.510999999940395, 8982704.815999999642372 ], [ 764613.439529676456004, 8982700.69183592684567 ], [ 764610.984529676265083, 8982699.543835926800966 ], [ 764609.05600000009872, 8982703.667999999597669 ], [ 764611.510999999940395, 8982704.815999999642372 ] ] ] ] } },
{ "type": "Feature", "properties": { "LAYER": "BANGUNAN", "GM_TYPE": "Unknown Area Type", "ELEVATION": 67.493 }, "geometry": { "type": "MultiPolygon", "coordinates": [ [ [ [ 764619.047000000020489, 8982697.009999999776483 ], [ 764620.109892346197739, 8982694.351499252021313 ], [ 764619.03487208019942, 8982693.921696547418833 ], [ 764619.895484536886215, 8982691.769137198105454 ], [ 764616.783504802151583, 8982690.524939902126789 ], [ 764614.85999999998603, 8982695.335999999195337 ], [ 764619.047000000020489, 8982697.009999999776483 ] ] ] ] } },
{ "type": "Feature", "properties": { "LAYER": "BANGUNAN", "GM_TYPE": "Unknown Area Type", "ELEVATION": 67.292 }, "geometry": { "type": "MultiPolygon", "coordinates": [ [ [ [ 764618.274000000092201, 8982689.495999997481704 ], [ 764622.334717624704354, 8982691.55798433534801 ], [ 764624.206116664572619, 8982687.872591130435467 ], [ 764622.926928754430264, 8982687.223034653812647 ], [ 764623.826529712299816, 8982685.451427858322859 ], [ 764621.044999999809079, 8982684.038999998942018 ], [ 764618.274000000092201, 8982689.495999997481704 ] ] ] ] } },
{ "type": "Feature", "properties": { "LAYER": "BANGUNAN", "GM_TYPE": "Unknown Area Type", "ELEVATION": 65.15 }, "geometry": { "type": "MultiPolygon", "coordinates": [ [ [ [ 764646.316, 8982649.858999999240041 ], [ 764647.30325513810385, 8982647.419657094404101 ], [ 764648.798099888721481, 8982648.024653283879161 ], [ 764650.057901886873879, 8982644.911892514675856 ], [ 764645.598057135939598, 8982643.106896324083209 ], [ 764643.350999999907799, 8982648.659 ], [ 764646.316, 8982649.858999999240041 ] ] ] ] } },
{ "type": "Feature", "properties": { "LAYER": "BANGUNAN", "GM_TYPE": "Unknown Area Type", "ELEVATION": 65.15 }, "geometry": { "type": "MultiPolygon", "coordinates": [ [ [ [ 764639.505000000121072, 8982647.4239999987185 ], [ 764641.639947867020965, 8982642.339929226785898 ], [ 764636.862947867019102, 8982640.333929229527712 ], [ 764634.728, 8982645.417999999597669 ], [ 764639.505000000121072, 8982647.4239999987185 ] ] ] ] } },
{ "type": "Feature", "properties": { "LAYER": "BANGUNAN", "GM_TYPE": "Unknown Area Type", "ELEVATION": 65.15 }, "geometry": { "type": "MultiPolygon", "coordinates": [ [ [ [ 764655.97600000014063, 8982639.026000000536442 ], [ 764658.605081712012179, 8982633.110289871692657 ], [ 764653.252081712009385, 8982630.731289869174361 ], [ 764650.62299999978859, 8982636.647000001743436 ], [ 764655.97600000014063, 8982639.026000000536442 ] ] ] ] } },
{ "type": "Feature", "properties": { "LAYER": "BANGUNAN", "GM_TYPE": "Unknown Area Type", "ELEVATION": 65.15 }, "geometry": { "type": "MultiPolygon", "coordinates": [ [ [ [ 764646.294000000110827, 8982635.591000001877546 ], [ 764649.199704620637931, 8982628.985598225146532 ], [ 764644.482704620459117, 8982626.9105982221663 ], [ 764641.577000000048429, 8982633.515999998897314 ], [ 764646.294000000110827, 8982635.591000001877546 ] ] ] ] } },
{ "type": "Feature", "properties": { "LAYER": "BANGUNAN", "GM_TYPE": "Unknown Area Type", "ELEVATION": 65.15 }, "geometry": { "type": "MultiPolygon", "coordinates": [ [ [ [ 764659.628000000026077, 8982628.072999997064471 ], [ 764662.691566315130331, 8982621.174440624192357 ], [ 764656.771566315204836, 8982618.545440625399351 ], [ 764653.707999999984168, 8982625.443999998271465 ], [ 764659.628000000026077, 8982628.072999997064471 ] ] ] ] } },
{ "type": "Feature", "properties": { "LAYER": "BANGUNAN", "GM_TYPE": "Unknown Area Type", "ELEVATION": 65.15 }, "geometry": { "type": "MultiPolygon", "coordinates": [ [ [ [ 764651.197999999858439, 8982623.252000000327826 ], [ 764653.471043609897606, 8982617.307527802884579 ], [ 764651.80458474252373, 8982616.670308290049434 ], [ 764652.409991651074961, 8982615.08704586327076 ], [ 764649.343673733877949, 8982613.914549112319946 ], [ 764648.822328592301346, 8982615.27797288633883 ], [ 764646.881105377804488, 8982614.53568915091455 ], [ 764644.524000000092201, 8982620.699999999254942 ], [ 764651.197999999858439, 8982623.252000000327826 ] ] ] ] } },
{ "type": "Feature", "properties": { "LAYER": "BANGUNAN", "GM_TYPE": "Unknown Area Type", "ELEVATION": 64.604 }, "geometry": { "type": "MultiPolygon", "coordinates": [ [ [ [ 764664.113000000012107, 8982617.771999998018146 ], [ 764667.536502048606053, 8982610.03171126358211 ], [ 764659.001502048457041, 8982606.256711263209581 ], [ 764655.577999999863096, 8982613.996999999508262 ], [ 764664.113000000012107, 8982617.771999998018146 ] ] ] ] } },
{ "type": "Feature", "properties": { "LAYER": "BANGUNAN", "GM_TYPE": "Unknown Area Type", "ELEVATION": 64.604 }, "geometry": { "type": "MultiPolygon", "coordinates": [ [ [ [ 764662.442999999970198, 8982601.512000000104308 ], [ 764665.193486672011204, 8982595.321649357676506 ], [ 764659.904486672137864, 8982592.971649358049035 ], [ 764657.154000000096858, 8982599.162000000476837 ], [ 764662.442999999970198, 8982601.512000000104308 ] ] ] ] } },
{ "type": "Feature", "properties": { "LAYER": "BANGUNAN", "GM_TYPE": "Unknown Area Type", "ELEVATION": 64.604 }, "geometry": { "type": "MultiPolygon", "coordinates": [ [ [ [ 764674.964999999967404, 8982594.668999999761581 ], [ 764678.482109011267312, 8982587.03230925835669 ], [ 764672.631673866068013, 8982584.337867533788085 ], [ 764670.759046381921507, 8982588.403899300843477 ], [ 764669.498481527203694, 8982587.823341026902199 ], [ 764667.853999999817461, 8982591.393999999389052 ], [ 764674.964999999967404, 8982594.668999999761581 ] ] ] ] } },
{ "type": "Feature", "properties": { "LAYER": "BANGUNAN", "GM_TYPE": "Unknown Area Type", "ELEVATION": 64.604 }, "geometry": { "type": "MultiPolygon", "coordinates": [ [ [ [ 764665.37300000002142, 8982589.448999999091029 ], [ 764667.620188230648637, 8982584.601631738245487 ], [ 764662.594188230927102, 8982582.271631738170981 ], [ 764660.346999999834225, 8982587.118999999016523 ], [ 764665.37300000002142, 8982589.448999999091029 ] ] ] ] } },
{ "type": "Feature", "properties": { "LAYER": "BANGUNAN", "GM_TYPE": "Unknown Area Type", "ELEVATION": 63.616 }, "geometry": { "type": "MultiPolygon", "coordinates": [ [ [ [ 764679.882999999914318, 8982582.037000000476837 ], [ 764682.263667488237843, 8982576.9924401268363 ], [ 764676.510667488328181, 8982574.277440126985312 ], [ 764674.130000000121072, 8982579.321999998763204 ], [ 764679.882999999914318, 8982582.037000000476837 ] ] ] ] } },
{ "type": "Feature", "properties": { "LAYER": "BANGUNAN", "GM_TYPE": "Unknown Area Type", "ELEVATION": 63.152 }, "geometry": { "type": "MultiPolygon", "coordinates": [ [ [ [ 764685.275999999954365, 8982573.094999998807907 ], [ 764688.778445572010241, 8982565.279753360897303 ], [ 764680.185445572016761, 8982561.428753362968564 ], [ 764676.682999999960884, 8982569.243999997153878 ], [ 764685.275999999954365, 8982573.094999998807907 ] ] ] ] } },
{ "type": "Feature", "properties": { "LAYER": "BANGUNAN", "GM_TYPE": "Unknown Area Type", "ELEVATION": 62.117 }, "geometry": { "type": "MultiPolygon", "coordinates": [ [ [ [ 764706.005999999935739, 8982524.267000000923872 ], [ 764709.650697843404487, 8982515.044704208150506 ], [ 764701.725697843474336, 8982511.912704208865762 ], [ 764698.081000000122003, 8982521.134999999776483 ], [ 764706.005999999935739, 8982524.267000000923872 ] ] ] ] } },
{ "type": "Feature", "properties": { "LAYER": "BANGUNAN", "GM_TYPE": "Unknown Area Type", "ELEVATION": 62.117 }, "geometry": { "type": "MultiPolygon", "coordinates": [ [ [ [ 764696.985000000102445, 8982517.285000000149012 ], [ 764699.081065970123746, 8982511.826898455619812 ], [ 764693.446065969998017, 8982509.662898456677794 ], [ 764691.349999999976717, 8982515.120999999344349 ], [ 764696.985000000102445, 8982517.285000000149012 ] ] ] ] } },
{ "type": "Feature", "properties": { "LAYER": "BANGUNAN", "GM_TYPE": "Unknown Area Type", "ELEVATION": 61.572 }, "geometry": { "type": "MultiPolygon", "coordinates": [ [ [ [ 764712.61400000017602, 8982499.820000002160668 ], [ 764702.973999999812804, 8982495.541000001132488 ], [ 764700.595407493878156, 8982500.899642614647746 ], [ 764702.853719059028663, 8982501.902061201632023 ], [ 764701.371365873026662, 8982505.241599578410387 ], [ 764704.414865088649094, 8982506.592546997591853 ], [ 764705.927090962068178, 8982503.185709558427334 ], [ 764710.265280180959962, 8982505.111343553289771 ], [ 764712.61400000017602, 8982499.820000002160668 ] ] ] ] } },
{ "type": "Feature", "properties": { "LAYER": "BANGUNAN", "GM_TYPE": "Unknown Area Type", "ELEVATION": 60.704 }, "geometry": { "type": "MultiPolygon", "coordinates": [ [ [ [ 764723.515999999945052, 8982480.731999998912215 ], [ 764727.008879518602043, 8982471.205384092405438 ], [ 764718.062879518722184, 8982467.925384093075991 ], [ 764714.569999999948777, 8982477.452000001445413 ], [ 764723.515999999945052, 8982480.731999998912215 ] ] ] ] } },
{ "type": "Feature", "properties": { "LAYER": "BANGUNAN", "GM_TYPE": "Unknown Area Type", "ELEVATION": 60.393 }, "geometry": { "type": "MultiPolygon", "coordinates": [ [ [ [ 764736.5, 8982446.96000000089407 ], [ 764739.342000000062399, 8982439.847999999299645 ], [ 764732.568283663014881, 8982437.141180282458663 ], [ 764729.726283662952483, 8982444.253180282190442 ], [ 764736.5, 8982446.96000000089407 ] ] ] ] } },
{ "type": "Feature", "properties": { "LAYER": "BANGUNAN", "GM_TYPE": "Unknown Area Type", "ELEVATION": 60.393 }, "geometry": { "type": "MultiPolygon", "coordinates": [ [ [ [ 764728.709000000031665, 8982441.992999996989965 ], [ 764731.009847961366177, 8982437.366176504641771 ], [ 764725.485847961273976, 8982434.61917650513351 ], [ 764723.185000000055879, 8982439.245999999344349 ], [ 764728.709000000031665, 8982441.992999996989965 ] ] ] ] } },
{ "type": "Feature", "properties": { "LAYER": "BANGUNAN", "GM_TYPE": "Unknown Area Type", "ELEVATION": 60.249 }, "geometry": { "type": "MultiPolygon", "coordinates": [ [ [ [ 764743.615999999805354, 8982431.304999999701977 ], [ 764747.687352649518289, 8982421.381230928003788 ], [ 764739.580352649325505, 8982418.055230930447578 ], [ 764735.509000000194646, 8982427.979000000283122 ], [ 764743.615999999805354, 8982431.304999999701977 ] ] ] ] } },
{ "type": "Feature", "properties": { "LAYER": "BANGUNAN", "GM_TYPE": "Unknown Area Type", "ELEVATION": 60.249 }, "geometry": { "type": "MultiPolygon", "coordinates": [ [ [ [ 764732.341999999829568, 8982431.148999998345971 ], [ 764735.439810065203346, 8982423.75685073249042 ], [ 764729.712810065364465, 8982421.356850732117891 ], [ 764726.615, 8982428.748999999836087 ], [ 764732.341999999829568, 8982431.148999998345971 ] ] ] ] } },
{ "type": "Feature", "properties": { "LAYER": "BANGUNAN", "GM_TYPE": "Unknown Area Type", "ELEVATION": 60.159 }, "geometry": { "type": "MultiPolygon", "coordinates": [ [ [ [ 764766.520999999833293, 8982458.578000001609325 ], [ 764769.159012281917967, 8982448.307452583685517 ], [ 764759.527012281818315, 8982445.833452587947249 ], [ 764756.888999999850057, 8982456.104000000283122 ], [ 764766.520999999833293, 8982458.578000001609325 ] ] ] ] } },
{ "type": "Feature", "properties": { "LAYER": "BANGUNAN", "GM_TYPE": "Unknown Area Type", "ELEVATION": 60.159 }, "geometry": { "type": "MultiPolygon", "coordinates": [ [ [ [ 764769.60999999998603, 8982452.907999999821186 ], [ 764775.152999999816529, 8982453.276000000536442 ], [ 764775.499094481114298, 8982448.062951887026429 ], [ 764769.956094481050968, 8982447.694951888173819 ], [ 764769.60999999998603, 8982452.907999999821186 ] ] ] ] } },
{ "type": "Feature", "properties": { "LAYER": "BANGUNAN", "GM_TYPE": "Unknown Area Type", "ELEVATION": 60.443 }, "geometry": { "type": "MultiPolygon", "coordinates": [ [ [ [ 764750.719999999855645, 8982491.292000001296401 ], [ 764750.43471754307393, 8982492.070786204189062 ], [ 764754.478279619012028, 8982493.552010856568813 ], [ 764755.643042512936518, 8982490.37235065549612 ], [ 764758.540780684794299, 8982491.433840779587626 ], [ 764760.956695526372641, 8982484.838688837364316 ], [ 764757.870282624498941, 8982483.708083992823958 ], [ 764757.101315531297587, 8982485.807270077988505 ], [ 764754.699434587964788, 8982484.92742077820003 ], [ 764756.548366279806942, 8982479.880063464865088 ], [ 764746.616359877632931, 8982476.241802832111716 ], [ 764742.240999999921769, 8982488.185999998822808 ], [ 764750.719999999855645, 8982491.292000001296401 ] ] ] ] } },
{ "type": "Feature", "properties": { "LAYER": "BANGUNAN", "GM_TYPE": "Unknown Area Type", "ELEVATION": 60.947 }, "geometry": { "type": "MultiPolygon", "coordinates": [ [ [ [ 764742.212999999872409, 8982506.173000000417233 ], [ 764747.327999999863096, 8982507.41499999910593 ], [ 764748.759946599020623, 8982501.517731994390488 ], [ 764743.644946599262767, 8982500.275731997564435 ], [ 764742.212999999872409, 8982506.173000000417233 ] ] ] ] } },
{ "type": "Feature", "properties": { "LAYER": "BANGUNAN", "GM_TYPE": "Unknown Area Type", "ELEVATION": 60.947 }, "geometry": { "type": "MultiPolygon", "coordinates": [ [ [ [ 764748.941, 8982504.824999999254942 ], [ 764752.914020428434014, 8982506.000996036455035 ], [ 764754.48102042847313, 8982500.706996032968163 ], [ 764750.508000000147149, 8982499.530999999493361 ], [ 764748.941, 8982504.824999999254942 ] ] ] ] } },
{ "type": "Feature", "properties": { "LAYER": "BANGUNAN", "GM_TYPE": "Unknown Area Type", "ELEVATION": 61.487 }, "geometry": { "type": "MultiPolygon", "coordinates": [ [ [ [ 764727.254000000073574, 8982530.360999999567866 ], [ 764735.362000000081025, 8982533.75899999961257 ], [ 764738.020135040511377, 8982527.416398791596293 ], [ 764729.912135040503927, 8982524.01839879155159 ], [ 764727.254000000073574, 8982530.360999999567866 ] ] ] ] } },
{ "type": "Feature", "properties": { "LAYER": "BANGUNAN", "GM_TYPE": "Unknown Area Type", "ELEVATION": 62.142 }, "geometry": { "type": "MultiPolygon", "coordinates": [ [ [ [ 764723.867000000085682, 8982560.743999999016523 ], [ 764727.743629783159122, 8982552.915466068312526 ], [ 764719.215629783109762, 8982548.692466067150235 ], [ 764715.338999999803491, 8982556.521000001579523 ], [ 764723.867000000085682, 8982560.743999999016523 ] ] ] ] } },
{ "type": "Feature", "properties": { "LAYER": "BANGUNAN", "GM_TYPE": "Unknown Area Type", "ELEVATION": 62.453 }, "geometry": { "type": "MultiPolygon", "coordinates": [ [ [ [ 764710.412999999825843, 8982568.486999997869134 ], [ 764715.209999999846332, 8982571.037999998778105 ], [ 764718.391252397210337, 8982565.055848779156804 ], [ 764715.509552244096994, 8982563.523387432098389 ], [ 764714.604534261510707, 8982565.225218582898378 ], [ 764712.68923441611696, 8982564.206679930910468 ], [ 764710.412999999825843, 8982568.486999997869134 ] ] ] ] } },
{ "type": "Feature", "properties": { "LAYER": "BANGUNAN", "GM_TYPE": "Unknown Area Type", "ELEVATION": 63.191 }, "geometry": { "type": "MultiPolygon", "coordinates": [ [ [ [ 764715.875, 8982592.927999999374151 ], [ 764717.687999999965541, 8982588.464999999850988 ], [ 764712.839811718440615, 8982586.495525350794196 ], [ 764711.026811718475074, 8982590.958525346592069 ], [ 764715.875, 8982592.927999999374151 ] ] ] ] } },
{ "type": "Feature", "properties": { "LAYER": "BANGUNAN", "GM_TYPE": "Unknown Area Type", "ELEVATION": 63.191 }, "geometry": { "type": "MultiPolygon", "coordinates": [ [ [ [ 764712.805999999982305, 8982597.495999999344349 ], [ 764714.3913987679407, 8982593.649606395512819 ], [ 764709.267398767755367, 8982591.537606397643685 ], [ 764707.682000000146218, 8982595.38399999961257 ], [ 764712.805999999982305, 8982597.495999999344349 ] ] ] ] } },
{ "type": "Feature", "properties": { "LAYER": "BANGUNAN", "GM_TYPE": "Unknown Area Type", "ELEVATION": 63.466 }, "geometry": { "type": "MultiPolygon", "coordinates": [ [ [ [ 764703.098999999812804, 8982606.26799999922514 ], [ 764707.222162816673517, 8982597.763823933899403 ], [ 764702.571156746591441, 8982595.508831191807985 ], [ 764700.856959631899372, 8982599.044426249340177 ], [ 764698.548965702531859, 8982597.925418991595507 ], [ 764696.140000000130385, 8982602.894000001251698 ], [ 764703.098999999812804, 8982606.26799999922514 ] ] ] ] } },
{ "type": "Feature", "properties": { "LAYER": "BANGUNAN", "GM_TYPE": "Unknown Area Type", "ELEVATION": 63.407 }, "geometry": { "type": "MultiPolygon", "coordinates": [ [ [ [ 764699.124000000068918, 8982593.582000000402331 ], [ 764700.805130228283815, 8982589.294360658153892 ], [ 764695.143130228156224, 8982587.074360651895404 ], [ 764693.462000000057742, 8982591.361999999731779 ], [ 764699.124000000068918, 8982593.582000000402331 ] ] ] ] } },
{ "type": "Feature", "properties": { "LAYER": "BANGUNAN", "GM_TYPE": "Unknown Area Type", "ELEVATION": 63.799 }, "geometry": { "type": "MultiPolygon", "coordinates": [ [ [ [ 764696.467000000062399, 8982617.655999999493361 ], [ 764699.902993755880743, 8982610.811907954514027 ], [ 764694.259993756073527, 8982607.978907952085137 ], [ 764690.824000000138767, 8982614.822999997064471 ], [ 764696.467000000062399, 8982617.655999999493361 ] ] ] ] } },
{ "type": "Feature", "properties": { "LAYER": "BANGUNAN", "GM_TYPE": "Unknown Area Type", "ELEVATION": 64.262 }, "geometry": { "type": "MultiPolygon", "coordinates": [ [ [ [ 764696.547000000136904, 8982630.666000001132488 ], [ 764699.426040071062744, 8982624.221909349784255 ], [ 764694.748040070990101, 8982622.131909351795912 ], [ 764691.868999999831431, 8982628.575999999418855 ], [ 764696.547000000136904, 8982630.666000001132488 ] ] ] ] } },
{ "type": "Feature", "properties": { "LAYER": "BANGUNAN", "GM_TYPE": "Unknown Area Type", "ELEVATION": 63.97 }, "geometry": { "type": "MultiPolygon", "coordinates": [ [ [ [ 764702.077000000164844, 8982619.587999999523163 ], [ 764704.625859767664224, 8982614.55791780538857 ], [ 764700.386859767604619, 8982612.409917805343866 ], [ 764697.837999999988824, 8982617.439999999478459 ], [ 764702.077000000164844, 8982619.587999999523163 ] ] ] ] } },
{ "type": "Feature", "properties": { "LAYER": "BANGUNAN", "GM_TYPE": "Unknown Area Type", "ELEVATION": 64.285 }, "geometry": { "type": "MultiPolygon", "coordinates": [ [ [ [ 764699.544000000110827, 8982633.696999996900558 ], [ 764705.586999999824911, 8982636.409999998286366 ], [ 764708.313155103125609, 8982630.337698018178344 ], [ 764702.270155102945864, 8982627.624698016792536 ], [ 764699.544000000110827, 8982633.696999996900558 ] ] ] ] } },
{ "type": "Feature", "properties": { "LAYER": "BANGUNAN", "GM_TYPE": "Unknown Area Type", "ELEVATION": 64.546 }, "geometry": { "type": "MultiPolygon", "coordinates": [ [ [ [ 764677.136999999987893, 8982651.412999998778105 ], [ 764683.525000000139698, 8982653.344999998807907 ], [ 764685.939756084349938, 8982645.360806483775377 ], [ 764679.551756084430963, 8982643.428806483745575 ], [ 764677.136999999987893, 8982651.412999998778105 ] ] ] ] } },
{ "type": "Feature", "properties": { "LAYER": "BANGUNAN", "GM_TYPE": "Unknown Area Type", "ELEVATION": 65.563 }, "geometry": { "type": "MultiPolygon", "coordinates": [ [ [ [ 764665.304999999818392, 8982675.374999998137355 ], [ 764671.66604034951888, 8982678.169271046295762 ], [ 764674.907040349557064, 8982670.791271045804024 ], [ 764668.545999999972992, 8982667.997000001370907 ], [ 764665.304999999818392, 8982675.374999998137355 ] ] ] ] } },
{ "type": "Feature", "properties": { "LAYER": "BANGUNAN", "GM_TYPE": "Unknown Area Type", "ELEVATION": 65.675 }, "geometry": { "type": "MultiPolygon", "coordinates": [ [ [ [ 764675.769000000087544, 8982678.222999997437 ], [ 764680.261999999871477, 8982679.76099999807775 ], [ 764682.404974474688061, 8982673.500672101974487 ], [ 764677.911974474554881, 8982671.962672099471092 ], [ 764675.769000000087544, 8982678.222999997437 ] ] ] ] } },
{ "type": "Feature", "properties": { "LAYER": "BANGUNAN", "GM_TYPE": "Unknown Area Type", "ELEVATION": 66.636 }, "geometry": { "type": "MultiPolygon", "coordinates": [ [ [ [ 764657.67000000004191, 8982701.913999998942018 ], [ 764664.236000000149943, 8982701.625 ], [ 764663.790366668719798, 8982691.500334033742547 ], [ 764657.224366668611765, 8982691.789334032684565 ], [ 764657.67000000004191, 8982701.913999998942018 ] ] ] ] } },
{ "type": "Feature", "properties": { "LAYER": "BANGUNAN", "GM_TYPE": "Unknown Area Type", "ELEVATION": 66.364 }, "geometry": { "type": "MultiPolygon", "coordinates": [ [ [ [ 764669.314000000013039, 8982691.912000000476837 ], [ 764678.380964913754724, 8982693.482355456799269 ], [ 764680.153964913566597, 8982683.245355453342199 ], [ 764671.086999999824911, 8982681.674999997019768 ], [ 764669.314000000013039, 8982691.912000000476837 ] ] ] ] } },
{ "type": "Feature", "properties": { "LAYER": "BANGUNAN", "GM_TYPE": "Unknown Area Type", "ELEVATION": 67.19 }, "geometry": { "type": "MultiPolygon", "coordinates": [ [ [ [ 764682.425999999861233, 8982705.723999999463558 ], [ 764688.210999999893829, 8982705.639999996870756 ], [ 764688.122434654273093, 8982699.540589028969407 ], [ 764682.337434654356912, 8982699.624589027836919 ], [ 764682.425999999861233, 8982705.723999999463558 ] ] ] ] } },
{ "type": "Feature", "properties": { "LAYER": "BANGUNAN", "GM_TYPE": "Unknown Area Type", "ELEVATION": 67.19 }, "geometry": { "type": "MultiPolygon", "coordinates": [ [ [ [ 764686.947999999858439, 8982697.081000002101064 ], [ 764687.062037102528848, 8982692.312620028853416 ], [ 764681.208037102711387, 8982692.17262002825737 ], [ 764681.094000000040978, 8982696.940999999642372 ], [ 764686.947999999858439, 8982697.081000002101064 ] ] ] ] } },
{ "type": "Feature", "properties": { "LAYER": "BANGUNAN", "GM_TYPE": "Unknown Area Type", "ELEVATION": 59.478 }, "geometry": { "type": "MultiPolygon", "coordinates": [ [ [ [ 764775.302000000025146, 8982414.234999999403954 ], [ 764779.248000000137836, 8982414.235999999567866 ], [ 764779.249044371303171, 8982410.114911684766412 ], [ 764775.303044371539727, 8982410.113911682739854 ], [ 764775.302000000025146, 8982414.234999999403954 ] ] ] ] } },
{ "type": "Feature", "properties": { "LAYER": "BANGUNAN", "GM_TYPE": "Unknown Area Type", "ELEVATION": 59.139 }, "geometry": { "type": "MultiPolygon", "coordinates": [ [ [ [ 764777.255999999819323, 8982407.583999997004867 ], [ 764785.750999999931082, 8982410.829 ], [ 764789.569644368486479, 8982400.832271525636315 ], [ 764781.074644368491136, 8982397.587271522730589 ], [ 764777.255999999819323, 8982407.583999997004867 ] ] ] ] } },
{ "type": "Feature", "properties": { "LAYER": "BANGUNAN", "GM_TYPE": "Unknown Area Type", "ELEVATION": 58.833 }, "geometry": { "type": "MultiPolygon", "coordinates": [ [ [ [ 764781.890999999828637, 8982394.184000000357628 ], [ 764793.510000000125729, 8982398.677000001072884 ], [ 764797.144091922673397, 8982389.279155783355236 ], [ 764785.525091922609136, 8982384.786155784502625 ], [ 764781.890999999828637, 8982394.184000000357628 ] ] ] ] } },
{ "type": "Feature", "properties": { "LAYER": "BANGUNAN", "GM_TYPE": "Unknown Area Type", "ELEVATION": 58.833 }, "geometry": { "type": "MultiPolygon", "coordinates": [ [ [ [ 764796.566, 8982396.580000001937151 ], [ 764803.451000000117347, 8982399.020999999716878 ], [ 764805.71021977160126, 8982392.64872301183641 ], [ 764798.825219771359116, 8982390.207723012194037 ], [ 764796.566, 8982396.580000001937151 ] ] ] ] } },
{ "type": "Feature", "properties": { "LAYER": "BANGUNAN", "GM_TYPE": "Unknown Area Type", "ELEVATION": 58.574 }, "geometry": { "type": "MultiPolygon", "coordinates": [ [ [ [ 764789.165000000037253, 8982374.645999999716878 ], [ 764797.333000000100583, 8982378.313999999314547 ], [ 764800.624389964505099, 8982370.984645245596766 ], [ 764795.555599717074074, 8982368.708405943587422 ], [ 764794.939999999944121, 8982369.607999999076128 ], [ 764792.253101660986431, 8982367.769333049654961 ], [ 764789.165000000037253, 8982374.645999999716878 ] ] ] ] } },
{ "type": "Feature", "properties": { "LAYER": "BANGUNAN", "GM_TYPE": "Unknown Area Type", "ELEVATION": 57.703 }, "geometry": { "type": "MultiPolygon", "coordinates": [ [ [ [ 764798.562999999849126, 8982359.137000001966953 ], [ 764807.414999999804422, 8982361.958999998867512 ], [ 764808.476292131352238, 8982358.629957493394613 ], [ 764811.131264975410886, 8982359.47635755687952 ], [ 764812.538955930736847, 8982355.060737308114767 ], [ 764801.031983086606488, 8982351.392337245866656 ], [ 764798.562999999849126, 8982359.137000001966953 ] ] ] ] } },
{ "type": "Feature", "properties": { "LAYER": "BANGUNAN", "GM_TYPE": "Unknown Area Type", "ELEVATION": null }, "geometry": { "type": "MultiPolygon", "coordinates": [ [ [ [ 764802.848, 8982347.550000000745058 ], [ 764811.697000000043772, 8982351.560999998822808 ], [ 764816.260070608579554, 8982341.494031209498644 ], [ 764807.41107060876675, 8982337.483031213283539 ], [ 764802.848, 8982347.550000000745058 ] ] ] ] } },
{ "type": "Feature", "properties": { "LAYER": "BANGUNAN", "GM_TYPE": "Unknown Area Type", "ELEVATION": 56.39 }, "geometry": { "type": "MultiPolygon", "coordinates": [ [ [ [ 764809.147999999811873, 8982331.67200000025332 ], [ 764812.816, 8982333.456000000238419 ], [ 764815.795952060143463, 8982327.329058207571507 ], [ 764812.127952060196549, 8982325.545058205723763 ], [ 764809.147999999811873, 8982331.67200000025332 ] ] ] ] } },
{ "type": "Feature", "properties": { "LAYER": "BANGUNAN", "GM_TYPE": "Unknown Area Type", "ELEVATION": 56.39 }, "geometry": { "type": "MultiPolygon", "coordinates": [ [ [ [ 764814.69400000013411, 8982335.715000001713634 ], [ 764822.450999999884516, 8982338.839999999850988 ], [ 764825.55614797049202, 8982331.132277501747012 ], [ 764817.799147970508784, 8982328.007277499884367 ], [ 764814.69400000013411, 8982335.715000001713634 ] ] ] ] } },
{ "type": "Feature", "properties": { "LAYER": "BANGUNAN", "GM_TYPE": "Unknown Area Type", "ELEVATION": 58.135 }, "geometry": { "type": "MultiPolygon", "coordinates": [ [ [ [ 764766.45900000014808, 8982370.50899999961257 ], [ 764769.804257301846519, 8982364.880962543189526 ], [ 764762.886257301899604, 8982360.768962545320392 ], [ 764759.540999999968335, 8982366.397000001743436 ], [ 764766.45900000014808, 8982370.50899999961257 ] ] ] ] } },
{ "type": "Feature", "properties": { "LAYER": "BANGUNAN", "GM_TYPE": "Unknown Area Type", "ELEVATION": 58.135 }, "geometry": { "type": "MultiPolygon", "coordinates": [ [ [ [ 764770.231000000145286, 8982362.006999997422099 ], [ 764772.839786473079585, 8982356.647626610472798 ], [ 764766.565786473103799, 8982353.593626609072089 ], [ 764763.956999999820255, 8982358.95299999974668 ], [ 764770.231000000145286, 8982362.006999997422099 ] ] ] ] } },
{ "type": "Feature", "properties": { "LAYER": "BANGUNAN", "GM_TYPE": "Unknown Area Type", "ELEVATION": 57.455 }, "geometry": { "type": "MultiPolygon", "coordinates": [ [ [ [ 764771.524000000092201, 8982351.060000000521541 ], [ 764772.273693174705841, 8982346.542263714596629 ], [ 764764.427693174686283, 8982345.240263715386391 ], [ 764763.677999999956228, 8982349.757999999448657 ], [ 764771.524000000092201, 8982351.060000000521541 ] ] ] ] } },
{ "type": "Feature", "properties": { "LAYER": "BANGUNAN", "GM_TYPE": "Unknown Area Type", "ELEVATION": 57.096 }, "geometry": { "type": "MultiPolygon", "coordinates": [ [ [ [ 764770.160000000149012, 8982344.617999998852611 ], [ 764772.671191209577955, 8982340.17433949187398 ], [ 764766.129191209794953, 8982336.477339493110776 ], [ 764763.618000000133179, 8982340.921 ], [ 764770.160000000149012, 8982344.617999998852611 ] ] ] ] } },
{ "type": "Feature", "properties": { "LAYER": "BANGUNAN", "GM_TYPE": "Unknown Area Type", "ELEVATION": 52.971 }, "geometry": { "type": "MultiPolygon", "coordinates": [ [ [ [ 764822.733, 8982295.40399999730289 ], [ 764816.11747189250309, 8982301.704900715500116 ], [ 764820.643471892690286, 8982306.456900717690587 ], [ 764827.259000000194646, 8982300.155999999493361 ], [ 764822.733, 8982295.40399999730289 ] ] ] ] } },
{ "type": "Feature", "properties": { "LAYER": "BANGUNAN", "GM_TYPE": "Unknown Area Type", "ELEVATION": 54.599 }, "geometry": { "type": "MultiPolygon", "coordinates": [ [ [ [ 764795.416000000201166, 8982311.102 ], [ 764799.601694727083668, 8982303.806263940408826 ], [ 764793.673694727243856, 8982300.405263939872384 ], [ 764789.488000000128523, 8982307.700999999418855 ], [ 764795.416000000201166, 8982311.102 ] ] ] ] } },
{ "type": "Feature", "properties": { "LAYER": "BANGUNAN", "GM_TYPE": "Unknown Area Type", "ELEVATION": 52.316 }, "geometry": { "type": "MultiPolygon", "coordinates": [ [ [ [ 764794.493000000016764, 8982287.399000000208616 ], [ 764791.575999999884516, 8982283.670000001788139 ], [ 764786.526569076231681, 8982287.619903458282351 ], [ 764789.443569076247513, 8982291.348903460428119 ], [ 764794.493000000016764, 8982287.399000000208616 ] ] ] ] } },
{ "type": "Feature", "properties": { "LAYER": "BANGUNAN", "GM_TYPE": "Unknown Area Type", "ELEVATION": 52.316 }, "geometry": { "type": "MultiPolygon", "coordinates": [ [ [ [ 764808.246999999973923, 8982284.980000000447035 ], [ 764810.911368521279655, 8982279.349481608718634 ], [ 764804.045368521125056, 8982276.100481607019901 ], [ 764801.380999999819323, 8982281.730999996885657 ], [ 764808.246999999973923, 8982284.980000000447035 ] ] ] ] } },
{ "type": "Feature", "properties": { "LAYER": "BANGUNAN", "GM_TYPE": "Unknown Area Type", "ELEVATION": 49.242 }, "geometry": { "type": "MultiPolygon", "coordinates": [ [ [ [ 764826.579000000027008, 8982257.270999997854233 ], [ 764818.275999999954365, 8982251.598000001162291 ], [ 764814.333960925112478, 8982257.367566442117095 ], [ 764822.636960925185122, 8982263.040566442534328 ], [ 764826.579000000027008, 8982257.270999997854233 ] ] ] ] } },
{ "type": "Feature", "properties": { "LAYER": "BANGUNAN", "GM_TYPE": "Unknown Area Type", "ELEVATION": 48.86 }, "geometry": { "type": "MultiPolygon", "coordinates": [ [ [ [ 764833.180000000051223, 8982255.970999997109175 ], [ 764832.510999999940395, 8982250.945000000298023 ], [ 764827.129015012993477, 8982251.661384392529726 ], [ 764827.798015012987889, 8982256.687384389340878 ], [ 764833.180000000051223, 8982255.970999997109175 ] ] ] ] } },
{ "type": "Feature", "properties": { "LAYER": "BANGUNAN", "GM_TYPE": "Unknown Area Type", "ELEVATION": 48.86 }, "geometry": { "type": "MultiPolygon", "coordinates": [ [ [ [ 764825.549999999813735, 8982248.384999999776483 ], [ 764824.796999999787658, 8982244.183000000193715 ], [ 764816.972118209348992, 8982245.585221797227859 ], [ 764817.725118209375069, 8982249.787221796810627 ], [ 764825.549999999813735, 8982248.384999999776483 ] ] ] ] } },
{ "type": "Feature", "properties": { "LAYER": "BANGUNAN", "GM_TYPE": "Unknown Area Type", "ELEVATION": 48.673 }, "geometry": { "type": "MultiPolygon", "coordinates": [ [ [ [ 764825.949000000022352, 8982239.087999999523163 ], [ 764824.312000000034459, 8982231.204000001773238 ], [ 764815.07130071579013, 8982233.122699229046702 ], [ 764816.708300715661608, 8982241.006699230521917 ], [ 764825.949000000022352, 8982239.087999999523163 ] ] ] ] } },
{ "type": "Feature", "properties": { "LAYER": "BANGUNAN", "GM_TYPE": "Unknown Area Type", "ELEVATION": 48.673 }, "geometry": { "type": "MultiPolygon", "coordinates": [ [ [ [ 764807.256999999983236, 8982242.34599999897182 ], [ 764811.852000000071712, 8982234.26799999922514 ], [ 764804.62181367026642, 8982230.155260931700468 ], [ 764800.026813670410775, 8982238.233260929584503 ], [ 764807.256999999983236, 8982242.34599999897182 ] ] ] ] } },
{ "type": "Feature", "properties": { "LAYER": "BANGUNAN", "GM_TYPE": "Unknown Area Type", "ELEVATION": 48.059 }, "geometry": { "type": "MultiPolygon", "coordinates": [ [ [ [ 764830.699000000022352, 8982236.426000000908971 ], [ 764838.479999999864958, 8982233.079 ], [ 764835.384461221517995, 8982225.882589112967253 ], [ 764827.603461221558973, 8982229.229589112102985 ], [ 764830.699000000022352, 8982236.426000000908971 ] ] ] ] } },
{ "type": "Feature", "properties": { "LAYER": "BANGUNAN", "GM_TYPE": "Unknown Area Type", "ELEVATION": 48.059 }, "geometry": { "type": "MultiPolygon", "coordinates": [ [ [ [ 764833.566, 8982244.247999999672174 ], [ 764840.637999999918975, 8982241.622000001370907 ], [ 764838.574608018388972, 8982236.065142385661602 ], [ 764831.502608018228784, 8982238.691142385825515 ], [ 764833.566, 8982244.247999999672174 ] ] ] ] } },
{ "type": "Feature", "properties": { "LAYER": "BANGUNAN", "GM_TYPE": "Unknown Area Type", "ELEVATION": 48.059 }, "geometry": { "type": "MultiPolygon", "coordinates": [ [ [ [ 764843.929999999818392, 8982242.301999999210238 ], [ 764848.93100000009872, 8982240.731999998912215 ], [ 764847.346280235913582, 8982235.684112394228578 ], [ 764842.345280236098915, 8982237.254112394526601 ], [ 764843.929999999818392, 8982242.301999999210238 ] ] ] ] } },
{ "type": "Feature", "properties": { "LAYER": "BANGUNAN", "GM_TYPE": "Unknown Area Type", "ELEVATION": 47.851 }, "geometry": { "type": "MultiPolygon", "coordinates": [ [ [ [ 764851.684, 8982241.779999997466803 ], [ 764856.987000000081025, 8982239.586000001057982 ], [ 764855.079932100488804, 8982234.976528227329254 ], [ 764849.776932100416161, 8982237.170528225600719 ], [ 764851.684, 8982241.779999997466803 ] ] ] ] } },
{ "type": "Feature", "properties": { "LAYER": "BANGUNAN", "GM_TYPE": "Unknown Area Type", "ELEVATION": 47.221 }, "geometry": { "type": "MultiPolygon", "coordinates": [ [ [ [ 764847.37300000002142, 8982228.462000001221895 ], [ 764852.754000000073574, 8982226.225000001490116 ], [ 764849.431689736433327, 8982218.233336372300982 ], [ 764844.050689736730419, 8982220.470336372032762 ], [ 764847.37300000002142, 8982228.462000001221895 ] ] ] ] } },
{ "type": "Feature", "properties": { "LAYER": "BANGUNAN", "GM_TYPE": "Unknown Area Type", "ELEVATION": 46.421 }, "geometry": { "type": "MultiPolygon", "coordinates": [ [ [ [ 764869.536000000196509, 8982224.22099999897182 ], [ 764866.267999999923632, 8982214.195000000298023 ], [ 764853.903275173623115, 8982218.225313259288669 ], [ 764857.171275173546746, 8982228.251313257962465 ], [ 764869.536000000196509, 8982224.22099999897182 ] ] ] ] } },
{ "type": "Feature", "properties": { "LAYER": "BANGUNAN", "GM_TYPE": "Unknown Area Type", "ELEVATION": 44.216 }, "geometry": { "type": "MultiPolygon", "coordinates": [ [ [ [ 764910.027999999932945, 8982191.622999999672174 ], [ 764914.320000000181608, 8982197.386000001803041 ], [ 764920.250145069556311, 8982192.969518542289734 ], [ 764915.958145069889724, 8982187.206518542021513 ], [ 764910.027999999932945, 8982191.622999999672174 ] ] ] ] } },
{ "type": "Feature", "properties": { "LAYER": "BANGUNAN", "GM_TYPE": "Unknown Area Type", "ELEVATION": 44.518 }, "geometry": { "type": "MultiPolygon", "coordinates": [ [ [ [ 764892.878999999840744, 8982192.490000000223517 ], [ 764901.432999999844469, 8982185.907999997958541 ], [ 764897.547248215647414, 8982180.858057618141174 ], [ 764888.993248215643689, 8982187.440057622268796 ], [ 764892.878999999840744, 8982192.490000000223517 ] ] ] ] } },
{ "type": "Feature", "properties": { "LAYER": "BANGUNAN", "GM_TYPE": "Unknown Area Type", "ELEVATION": 44.671 }, "geometry": { "type": "MultiPolygon", "coordinates": [ [ [ [ 764862.37699999997858, 8982174.302000001072884 ], [ 764868.531696983147413, 8982170.592027667909861 ], [ 764860.697247857227921, 8982157.594987239688635 ], [ 764856.854719275608659, 8982159.911214141175151 ], [ 764857.552168395137414, 8982161.068254573270679 ], [ 764855.239999999874271, 8982162.46199999935925 ], [ 764862.37699999997858, 8982174.302000001072884 ] ] ] ] } },
{ "type": "Feature", "properties": { "LAYER": "BANGUNAN", "GM_TYPE": "Unknown Area Type", "ELEVATION": 44.671 }, "geometry": { "type": "MultiPolygon", "coordinates": [ [ [ [ 764870.044999999809079, 8982164.08 ], [ 764877.041243593790568, 8982160.211807196959853 ], [ 764871.752243593917228, 8982150.645807195454836 ], [ 764864.755999999819323, 8982154.514000000432134 ], [ 764870.044999999809079, 8982164.08 ] ] ] ] } },
{ "type": "Feature", "properties": { "LAYER": "BANGUNAN", "GM_TYPE": "Unknown Area Type", "ELEVATION": 44.495 }, "geometry": { "type": "MultiPolygon", "coordinates": [ [ [ [ 764896.422000000020489, 8982161.925999999046326 ], [ 764904.775099689839408, 8982157.906308524310589 ], [ 764895.793099689646624, 8982139.241308525204659 ], [ 764887.439999999944121, 8982143.261 ], [ 764896.422000000020489, 8982161.925999999046326 ] ] ] ] } },
{ "type": "Feature", "properties": { "LAYER": "BANGUNAN", "GM_TYPE": "Unknown Area Type", "ELEVATION": 44.432 }, "geometry": { "type": "MultiPolygon", "coordinates": [ [ [ [ 764916.710999999893829, 8982152.993999999016523 ], [ 764922.423248103121296, 8982149.745529338717461 ], [ 764918.751248103100806, 8982143.28852934204042 ], [ 764913.039000000106171, 8982146.537000000476837 ], [ 764916.710999999893829, 8982152.993999999016523 ] ] ] ] } },
{ "type": "Feature", "properties": { "LAYER": "BANGUNAN", "GM_TYPE": "Unknown Area Type", "ELEVATION": 44.432 }, "geometry": { "type": "MultiPolygon", "coordinates": [ [ [ [ 764911.569999999948777, 8982134.280999999493361 ], [ 764920.030000000144355, 8982129.785999998450279 ], [ 764915.494823927991092, 8982121.250384967774153 ], [ 764907.03482392791193, 8982125.745384966954589 ], [ 764911.569999999948777, 8982134.280999999493361 ] ] ] ] } },
{ "type": "Feature", "properties": { "LAYER": "BANGUNAN", "GM_TYPE": "Unknown Area Type", "ELEVATION": 44.306 }, "geometry": { "type": "MultiPolygon", "coordinates": [ [ [ [ 764908.623999999836087, 8982116.094000000506639 ], [ 764902.889000000082888, 8982110.295 ], [ 764897.977243704372086, 8982115.152548257261515 ], [ 764903.7122437042417, 8982120.95154825784266 ], [ 764908.623999999836087, 8982116.094000000506639 ] ] ] ] } },
{ "type": "Feature", "properties": { "LAYER": "BANGUNAN", "GM_TYPE": "Unknown Area Type", "ELEVATION": 44.306 }, "geometry": { "type": "MultiPolygon", "coordinates": [ [ [ [ 764898.755000000121072, 8982127.815999999642372 ], [ 764902.530120573122986, 8982124.258936932310462 ], [ 764895.483120573102497, 8982116.77993693202734 ], [ 764891.707999999984168, 8982120.33699999935925 ], [ 764898.755000000121072, 8982127.815999999642372 ] ] ] ] } },
{ "type": "Feature", "properties": { "LAYER": "BANGUNAN", "GM_TYPE": "Unknown Area Type", "ELEVATION": 43.123 }, "geometry": { "type": "MultiPolygon", "coordinates": [ [ [ [ 764947.486000000149943, 8982132.623999999836087 ], [ 764942.35100000014063, 8982125.018999999389052 ], [ 764934.780954177025706, 8982130.130398461595178 ], [ 764939.915954177035019, 8982137.735398462042212 ], [ 764947.486000000149943, 8982132.623999999836087 ] ] ] ] } },
{ "type": "Feature", "properties": { "LAYER": "BANGUNAN", "GM_TYPE": "Unknown Area Type", "ELEVATION": 43.186 }, "geometry": { "type": "MultiPolygon", "coordinates": [ [ [ [ 764955.52599999983795, 8982125.018999999389052 ], [ 764960.689908553264104, 8982119.708070376887918 ], [ 764954.259908553445712, 8982113.456070378422737 ], [ 764949.095999999903142, 8982118.766999999061227 ], [ 764955.52599999983795, 8982125.018999999389052 ] ] ] ] } },
{ "type": "Feature", "properties": { "LAYER": "BANGUNAN", "GM_TYPE": "Unknown Area Type", "ELEVATION": 43.186 }, "geometry": { "type": "MultiPolygon", "coordinates": [ [ [ [ 764970.172999999951571, 8982108.83500000089407 ], [ 764975.009798055980355, 8982102.063884170725942 ], [ 764964.889798055985011, 8982094.83488417044282 ], [ 764960.052999999839813, 8982101.605999996885657 ], [ 764970.172999999951571, 8982108.83500000089407 ] ] ] ] } },
{ "type": "Feature", "properties": { "LAYER": "BANGUNAN", "GM_TYPE": "Unknown Area Type", "ELEVATION": 43.186 }, "geometry": { "type": "MultiPolygon", "coordinates": [ [ [ [ 764928.542999999946915, 8982105.13599999807775 ], [ 764933.039000000106171, 8982100.176999999210238 ], [ 764926.745431159506552, 8982094.471033977344632 ], [ 764922.249431159580126, 8982099.430033978074789 ], [ 764928.542999999946915, 8982105.13599999807775 ] ] ] ] } },
{ "type": "Feature", "properties": { "LAYER": "BANGUNAN", "GM_TYPE": "Unknown Area Type", "ELEVATION": 43.282 }, "geometry": { "type": "MultiPolygon", "coordinates": [ [ [ [ 764967.134000000194646, 8982175.132000001147389 ], [ 764975.432999999960884, 8982173.624000001698732 ], [ 764974.048043031129055, 8982166.002144636586308 ], [ 764965.749043031129986, 8982167.51014463417232 ], [ 764967.134000000194646, 8982175.132000001147389 ] ] ] ] } },
{ "type": "Feature", "properties": { "LAYER": "BANGUNAN", "GM_TYPE": "Unknown Area Type", "ELEVATION": 43.282 }, "geometry": { "type": "MultiPolygon", "coordinates": [ [ [ [ 764972.978999999817461, 8982185.292000001296401 ], [ 764978.303819977911189, 8982184.747362319380045 ], [ 764977.613819977967069, 8982178.001362321898341 ], [ 764972.28899999987334, 8982178.546 ], [ 764972.978999999817461, 8982185.292000001296401 ] ] ] ] } },
{ "type": "Feature", "properties": { "LAYER": "BANGUNAN", "GM_TYPE": "Unknown Area Type", "ELEVATION": 43.282 }, "geometry": { "type": "MultiPolygon", "coordinates": [ [ [ [ 764960.457000000053085, 8982182.093000002205372 ], [ 764960.443416784051806, 8982176.669335141777992 ], [ 764950.860416784067638, 8982176.693335141986609 ], [ 764950.874000000068918, 8982182.117000000551343 ], [ 764960.457000000053085, 8982182.093000002205372 ] ] ] ] } },
{ "type": "Feature", "properties": { "LAYER": "BANGUNAN", "GM_TYPE": "Unknown Area Type", "ELEVATION": 43.2 }, "geometry": { "type": "MultiPolygon", "coordinates": [ [ [ [ 764989.172000000136904, 8982162.69200000166893 ], [ 764996.684000463224947, 8982161.189599907025695 ], [ 764994.685000463272445, 8982151.194599904119968 ], [ 764987.172999999951571, 8982152.697000000625849 ], [ 764989.172000000136904, 8982162.69200000166893 ] ] ] ] } },
{ "type": "Feature", "properties": { "LAYER": "BANGUNAN", "GM_TYPE": "Unknown Area Type", "ELEVATION": 43.2 }, "geometry": { "type": "MultiPolygon", "coordinates": [ [ [ [ 764999.316999999806285, 8982165.627000000327826 ], [ 765006.119601052603684, 8982165.549644207581878 ], [ 765006.004601052612998, 8982155.436644211411476 ], [ 764999.201999999815598, 8982155.514000000432134 ], [ 764999.316999999806285, 8982165.627000000327826 ] ] ] ] } },
{ "type": "Feature", "properties": { "LAYER": "BANGUNAN", "GM_TYPE": "Unknown Area Type", "ELEVATION": 43.2 }, "geometry": { "type": "MultiPolygon", "coordinates": [ [ [ [ 765007.334000000031665, 8982158.219999996945262 ], [ 765016.525000000023283, 8982158.272000001743436 ], [ 765016.575740581261925, 8982149.303602462634444 ], [ 765007.384740581270307, 8982149.251602463424206 ], [ 765007.334000000031665, 8982158.219999996945262 ] ] ] ] } },
{ "type": "Feature", "properties": { "LAYER": "BANGUNAN", "GM_TYPE": "Unknown Area Type", "ELEVATION": 43.2 }, "geometry": { "type": "MultiPolygon", "coordinates": [ [ [ [ 765045.902000000118278, 8982167.827999997884035 ], [ 765049.299000000115484, 8982155.462999999523163 ], [ 765041.453078375663608, 8982153.307513080537319 ], [ 765039.438633360201493, 8982160.640045497566462 ], [ 765035.429326869081706, 8982159.538580544292927 ], [ 765034.046771885477938, 8982164.571048127487302 ], [ 765045.902000000118278, 8982167.827999997884035 ] ] ] ] } },
{ "type": "Feature", "properties": { "LAYER": "BANGUNAN", "GM_TYPE": "Unknown Area Type", "ELEVATION": 43.2 }, "geometry": { "type": "MultiPolygon", "coordinates": [ [ [ [ 765047.899000000092201, 8982170.649000000208616 ], [ 765058.991731039015576, 8982173.597722962498665 ], [ 765062.338731039082631, 8982161.006722960621119 ], [ 765051.245999999926426, 8982158.05800000205636 ], [ 765047.899000000092201, 8982170.649000000208616 ] ] ] ] } },
{ "type": "Feature", "properties": { "LAYER": "BANGUNAN", "GM_TYPE": "Unknown Area Type", "ELEVATION": 43.2 }, "geometry": { "type": "MultiPolygon", "coordinates": [ [ [ [ 765068.206999999820255, 8982175.475999999791384 ], [ 765077.15191292623058, 8982178.038244472816586 ], [ 765079.943912925897166, 8982168.29124447517097 ], [ 765070.999000000068918, 8982165.729000000283122 ], [ 765068.206999999820255, 8982175.475999999791384 ] ] ] ] } },
{ "type": "Feature", "properties": { "LAYER": "BANGUNAN", "GM_TYPE": "Unknown Area Type", "ELEVATION": 43.2 }, "geometry": { "type": "MultiPolygon", "coordinates": [ [ [ [ 765097.258000000147149, 8982184.523 ], [ 765108.123984507401474, 8982187.158945120871067 ], [ 765110.790984507184476, 8982176.164945121854544 ], [ 765099.924999999813735, 8982173.52899999730289 ], [ 765097.258000000147149, 8982184.523 ] ] ] ] } },
{ "type": "Feature", "properties": { "LAYER": "BANGUNAN", "GM_TYPE": "Unknown Area Type", "ELEVATION": 43.2 }, "geometry": { "type": "MultiPolygon", "coordinates": [ [ [ [ 765114.907000000122935, 8982186.763000002130866 ], [ 765120.560077901463956, 8982188.212425831705332 ], [ 765122.845077901380137, 8982179.30042583309114 ], [ 765117.192000000039116, 8982177.851000001654029 ], [ 765114.907000000122935, 8982186.763000002130866 ] ] ] ] } },
{ "type": "Feature", "properties": { "LAYER": "BANGUNAN", "GM_TYPE": "Unknown Area Type", "ELEVATION": 43.108 }, "geometry": { "type": "MultiPolygon", "coordinates": [ [ [ [ 765108.267, 8982206.772999998182058 ], [ 765117.417201455449685, 8982209.50288980267942 ], [ 765120.728201455669478, 8982198.404889801517129 ], [ 765111.578000000212342, 8982195.674999998882413 ], [ 765108.267, 8982206.772999998182058 ] ] ] ] } },
{ "type": "Feature", "properties": { "LAYER": "BANGUNAN", "GM_TYPE": "Unknown Area Type", "ELEVATION": 43.108 }, "geometry": { "type": "MultiPolygon", "coordinates": [ [ [ [ 765116.079000000027008, 8982193.983999999240041 ], [ 765117.169999999809079, 8982189.433000000193715 ], [ 765113.760078017017804, 8982188.615547817200422 ], [ 765112.669078017002903, 8982193.166547818109393 ], [ 765116.079000000027008, 8982193.983999999240041 ] ] ] ] } },
{ "type": "Feature", "properties": { "LAYER": "BANGUNAN", "GM_TYPE": "Unknown Area Type", "ELEVATION": 43.108 }, "geometry": { "type": "MultiPolygon", "coordinates": [ [ [ [ 765124.784000000101514, 8982191.002000000327826 ], [ 765132.175305614364333, 8982193.026046024635434 ], [ 765135.23630561423488, 8982181.848046025261283 ], [ 765127.844999999855645, 8982179.823999999091029 ], [ 765124.784000000101514, 8982191.002000000327826 ] ] ] ] } },
{ "type": "Feature", "properties": { "LAYER": "BANGUNAN", "GM_TYPE": "Unknown Area Type", "ELEVATION": 43.108 }, "geometry": { "type": "MultiPolygon", "coordinates": [ [ [ [ 765139.822999999858439, 8982192.82799999974668 ], [ 765147.958424163400196, 8982194.473616551607847 ], [ 765150.359172665281221, 8982182.60505130700767 ], [ 765137.506298773107119, 8982180.005198914557695 ], [ 765135.993550270446576, 8982187.483764154836535 ], [ 765140.710999999893829, 8982188.437999999150634 ], [ 765139.822999999858439, 8982192.82799999974668 ] ] ] ] } },
{ "type": "Feature", "properties": { "LAYER": "BANGUNAN", "GM_TYPE": "Unknown Area Type", "ELEVATION": 43.108 }, "geometry": { "type": "MultiPolygon", "coordinates": [ [ [ [ 765154.123000000137836, 8982194.132000001147389 ], [ 765161.437206687056459, 8982196.418098319321871 ], [ 765163.884206686983816, 8982188.589098323136568 ], [ 765156.569999999948777, 8982186.302999999374151 ], [ 765154.123000000137836, 8982194.132000001147389 ] ] ] ] } },
{ "type": "Feature", "properties": { "LAYER": "BANGUNAN", "GM_TYPE": "Unknown Area Type", "ELEVATION": 43.108 }, "geometry": { "type": "MultiPolygon", "coordinates": [ [ [ [ 765165.755999999935739, 8982198.312999999150634 ], [ 765173.435581311583519, 8982200.577874360606074 ], [ 765175.48558131151367, 8982193.626874359324574 ], [ 765167.805999999982305, 8982191.361999999731779 ], [ 765165.755999999935739, 8982198.312999999150634 ] ] ] ] } },
{ "type": "Feature", "properties": { "LAYER": "BANGUNAN", "GM_TYPE": "Unknown Area Type", "ELEVATION": 43.108 }, "geometry": { "type": "MultiPolygon", "coordinates": [ [ [ [ 765190.755, 8982206.994999997317791 ], [ 765200.734709286596626, 8982209.709846504032612 ], [ 765203.348709286539815, 8982200.100846506655216 ], [ 765193.368999999831431, 8982197.386000001803041 ], [ 765190.755, 8982206.994999997317791 ] ] ] ] } },
{ "type": "Feature", "properties": { "LAYER": "BANGUNAN", "GM_TYPE": "Unknown Area Type", "ELEVATION": 43.108 }, "geometry": { "type": "MultiPolygon", "coordinates": [ [ [ [ 765205.25, 8982208.490000002086163 ], [ 765212.416900201584212, 8982210.662642974406481 ], [ 765214.803900201572105, 8982202.788642974570394 ], [ 765207.636999999987893, 8982200.61600000038743 ], [ 765205.25, 8982208.490000002086163 ] ] ] ] } },
{ "type": "Feature", "properties": { "LAYER": "BANGUNAN", "GM_TYPE": "Unknown Area Type", "ELEVATION": 43.012 }, "geometry": { "type": "MultiPolygon", "coordinates": [ [ [ [ 765218.69399999990128, 8982214.29700000025332 ], [ 765225.892100233118981, 8982216.279825517907739 ], [ 765228.261100233299658, 8982207.679825518280268 ], [ 765221.062999999965541, 8982205.696999998763204 ], [ 765218.69399999990128, 8982214.29700000025332 ] ] ] ] } },
{ "type": "Feature", "properties": { "LAYER": "BANGUNAN", "GM_TYPE": "Unknown Area Type", "ELEVATION": 43.012 }, "geometry": { "type": "MultiPolygon", "coordinates": [ [ [ [ 765239.084999999962747, 8982226.870999999344349 ], [ 765246.526729534380138, 8982229.143678272143006 ], [ 765249.033729534363374, 8982220.934678273275495 ], [ 765241.592000000062399, 8982218.662000000476837 ], [ 765239.084999999962747, 8982226.870999999344349 ] ] ] ] } },
{ "type": "Feature", "properties": { "LAYER": "BANGUNAN", "GM_TYPE": "Unknown Area Type", "ELEVATION": 43.088 }, "geometry": { "type": "MultiPolygon", "coordinates": [ [ [ [ 765210.37699999997858, 8982218.979000000283122 ], [ 765210.603370300144888, 8982212.302835492417216 ], [ 765204.911370300105773, 8982212.109835494309664 ], [ 765204.684999999823049, 8982218.786000000312924 ], [ 765210.37699999997858, 8982218.979000000283122 ] ] ] ] } },
{ "type": "Feature", "properties": { "LAYER": "BANGUNAN", "GM_TYPE": "Unknown Area Type", "ELEVATION": 43.088 }, "geometry": { "type": "MultiPolygon", "coordinates": [ [ [ [ 765198.374000000068918, 8982218.185999996960163 ], [ 765198.101935610524379, 8982209.828709302470088 ], [ 765192.326773917302489, 8982210.01671471260488 ], [ 765192.501609986065887, 8982215.387339765205979 ], [ 765191.303771676379256, 8982215.426334358751774 ], [ 765191.400999999954365, 8982218.412999998778105 ], [ 765198.374000000068918, 8982218.185999996960163 ] ] ] ] } },
{ "type": "Feature", "properties": { "LAYER": "BANGUNAN", "GM_TYPE": "Unknown Area Type", "ELEVATION": 44.285 }, "geometry": { "type": "MultiPolygon", "coordinates": [ [ [ [ 765186.69400000013411, 8982271.833999998867512 ], [ 765186.881999999983236, 8982263.750000001862645 ], [ 765180.327101739821956, 8982263.597560508176684 ], [ 765180.139101739739999, 8982271.681560503318906 ], [ 765186.69400000013411, 8982271.833999998867512 ] ] ] ] } },
{ "type": "Feature", "properties": { "LAYER": "BANGUNAN", "GM_TYPE": "Unknown Area Type", "ELEVATION": 44.429 }, "geometry": { "type": "MultiPolygon", "coordinates": [ [ [ [ 765176.640999999945052, 8982302.405999999493361 ], [ 765177.153710426297039, 8982294.007174601778388 ], [ 765168.602710426202975, 8982293.485174603760242 ], [ 765168.089999999850988, 8982301.88399999961257 ], [ 765176.640999999945052, 8982302.405999999493361 ] ] ] ] } },
{ "type": "Feature", "properties": { "LAYER": "BANGUNAN", "GM_TYPE": "Unknown Area Type", "ELEVATION": 44.555 }, "geometry": { "type": "MultiPolygon", "coordinates": [ [ [ [ 765184.22600000014063, 8982313.878000000491738 ], [ 765171.447999999858439, 8982312.014999998733401 ], [ 765170.258930686977692, 8982320.170624082908034 ], [ 765174.703064248082228, 8982320.818567488342524 ], [ 765174.445944185485132, 8982322.582110246643424 ], [ 765182.779810623731464, 8982323.797166844829917 ], [ 765184.22600000014063, 8982313.878000000491738 ] ] ] ] } },
{ "type": "Feature", "properties": { "LAYER": "BANGUNAN", "GM_TYPE": "Unknown Area Type", "ELEVATION": 44.373 }, "geometry": { "type": "MultiPolygon", "coordinates": [ [ [ [ 765141.647, 8982292.798000000417233 ], [ 765133.785000000032596, 8982291.756999997422099 ], [ 765132.619537714868784, 8982300.558983167633414 ], [ 765140.481537714716978, 8982301.599983166903257 ], [ 765141.647, 8982292.798000000417233 ] ] ] ] } },
{ "type": "Feature", "properties": { "LAYER": "BANGUNAN", "GM_TYPE": "Unknown Area Type", "ELEVATION": 44.373 }, "geometry": { "type": "MultiPolygon", "coordinates": [ [ [ [ 765136.334000000031665, 8982275.336000001057982 ], [ 765146.552461815299466, 8982275.613205939531326 ], [ 765146.799461815156974, 8982266.508205937221646 ], [ 765136.580999999889173, 8982266.230999996885657 ], [ 765136.334000000031665, 8982275.336000001057982 ] ] ] ] } },
{ "type": "Feature", "properties": { "LAYER": "BANGUNAN", "GM_TYPE": "Unknown Area Type", "ELEVATION": 44.373 }, "geometry": { "type": "MultiPolygon", "coordinates": [ [ [ [ 765151.314000000013039, 8982275.655999999493361 ], [ 765160.517444443423301, 8982276.039346285164356 ], [ 765160.884444443392567, 8982267.228346282616258 ], [ 765151.680999999982305, 8982266.844999998807907 ], [ 765151.314000000013039, 8982275.655999999493361 ] ] ] ] } },
{ "type": "Feature", "properties": { "LAYER": "BANGUNAN", "GM_TYPE": "Unknown Area Type", "ELEVATION": 44.234 }, "geometry": { "type": "MultiPolygon", "coordinates": [ [ [ [ 765102.307000000029802, 8982261.609999999403954 ], [ 765104.035999999963678, 8982251.562000000849366 ], [ 765095.535158129408956, 8982250.09922575764358 ], [ 765093.806158129475079, 8982260.147225758060813 ], [ 765102.307000000029802, 8982261.609999999403954 ] ] ] ] } },
{ "type": "Feature", "properties": { "LAYER": "BANGUNAN", "GM_TYPE": "Unknown Area Type", "ELEVATION": 42.913 }, "geometry": { "type": "MultiPolygon", "coordinates": [ [ [ [ 765153.927000000025146, 8982239.359000001102686 ], [ 765146.557999999844469, 8982239.011 ], [ 765146.120934928301722, 8982248.265978505834937 ], [ 765153.489934928482398, 8982248.613978505134583 ], [ 765153.927000000025146, 8982239.359000001102686 ] ] ] ] } },
{ "type": "Feature", "properties": { "LAYER": "BANGUNAN", "GM_TYPE": "Unknown Area Type", "ELEVATION": 42.913 }, "geometry": { "type": "MultiPolygon", "coordinates": [ [ [ [ 765155.575999999884516, 8982248.33699999935925 ], [ 765164.269000000087544, 8982248.358999999240041 ], [ 765164.283200121135451, 8982242.748015740886331 ], [ 765155.590200121281669, 8982242.72601574100554 ], [ 765155.575999999884516, 8982248.33699999935925 ] ] ] ] } },
{ "type": "Feature", "properties": { "LAYER": "BANGUNAN", "GM_TYPE": "Unknown Area Type", "ELEVATION": 43.326 }, "geometry": { "type": "MultiPolygon", "coordinates": [ [ [ [ 765023.867000000085682, 8982127.737999999895692 ], [ 765025.377951754955575, 8982120.475943967700005 ], [ 765018.182951755123213, 8982118.978943968191743 ], [ 765016.672000000020489, 8982126.24100000038743 ], [ 765023.867000000085682, 8982127.737999999895692 ] ] ] ] } },
{ "type": "Feature", "properties": { "LAYER": "BANGUNAN", "GM_TYPE": "Unknown Area Type", "ELEVATION": 43.326 }, "geometry": { "type": "MultiPolygon", "coordinates": [ [ [ [ 765024.468, 8982116.138000002130866 ], [ 765025.111000000149943, 8982111.007000001147389 ], [ 765021.601125979563221, 8982110.567154161632061 ], [ 765020.95812597963959, 8982115.698154162615538 ], [ 765024.468, 8982116.138000002130866 ] ] ] ] } },
{ "type": "Feature", "properties": { "LAYER": "BANGUNAN", "GM_TYPE": "Unknown Area Type", "ELEVATION": 43.326 }, "geometry": { "type": "MultiPolygon", "coordinates": [ [ [ [ 765037.422999999951571, 8982132.820000000298023 ], [ 765039.428270070115104, 8982124.342097844928503 ], [ 765032.283270070212893, 8982122.652097845450044 ], [ 765030.277999999932945, 8982131.129999998956919 ], [ 765037.422999999951571, 8982132.820000000298023 ] ] ] ] } },
{ "type": "Feature", "properties": { "LAYER": "BANGUNAN", "GM_TYPE": "Unknown Area Type", "ELEVATION": 43.345 }, "geometry": { "type": "MultiPolygon", "coordinates": [ [ [ [ 765053.182999999960884, 8982137.862999999895692 ], [ 765054.52399999985937, 8982130.329 ], [ 765047.529388744733296, 8982129.084007475525141 ], [ 765046.188388744485565, 8982136.61800747551024 ], [ 765053.182999999960884, 8982137.862999999895692 ] ] ] ] } },
{ "type": "Feature", "properties": { "LAYER": "BANGUNAN", "GM_TYPE": "Unknown Area Type", "ELEVATION": 43.345 }, "geometry": { "type": "MultiPolygon", "coordinates": [ [ [ [ 765055.74800000002142, 8982128.233999999240041 ], [ 765057.682798218098469, 8982119.008939355611801 ], [ 765048.66179821814876, 8982117.116939358413219 ], [ 765046.727000000071712, 8982126.342000000178814 ], [ 765055.74800000002142, 8982128.233999999240041 ] ] ] ] } },
{ "type": "Feature", "properties": { "LAYER": "BANGUNAN", "GM_TYPE": "Unknown Area Type", "ELEVATION": 43.345 }, "geometry": { "type": "MultiPolygon", "coordinates": [ [ [ [ 765063.64000000001397, 8982120.339000001549721 ], [ 765066.011308997869492, 8982114.147664310410619 ], [ 765058.56230899784714, 8982111.294664310291409 ], [ 765056.191, 8982117.485999999567866 ], [ 765063.64000000001397, 8982120.339000001549721 ] ] ] ] } },
{ "type": "Feature", "properties": { "LAYER": "BANGUNAN", "GM_TYPE": "Unknown Area Type", "ELEVATION": 43.311 }, "geometry": { "type": "MultiPolygon", "coordinates": [ [ [ [ 765061.177000000141561, 8982139.146999998018146 ], [ 765066.092075097025372, 8982139.712513815611601 ], [ 765066.395161183434539, 8982137.078288385644555 ], [ 765067.456869657151401, 8982137.200445380061865 ], [ 765068.031783570884727, 8982132.203670812770724 ], [ 765062.054999999818392, 8982131.515999998897314 ], [ 765061.177000000141561, 8982139.146999998018146 ] ] ] ] } },
{ "type": "Feature", "properties": { "LAYER": "BANGUNAN", "GM_TYPE": "Unknown Area Type", "ELEVATION": 43.311 }, "geometry": { "type": "MultiPolygon", "coordinates": [ [ [ [ 765073.08400000014808, 8982142.628999996930361 ], [ 765080.544540384085849, 8982143.535724421963096 ], [ 765081.465540384058841, 8982135.957724422216415 ], [ 765074.005, 8982135.050999997183681 ], [ 765073.08400000014808, 8982142.628999996930361 ] ] ] ] } },
{ "type": "Feature", "properties": { "LAYER": "BANGUNAN", "GM_TYPE": "Unknown Area Type", "ELEVATION": 43.311 }, "geometry": { "type": "MultiPolygon", "coordinates": [ [ [ [ 765091.975999999907799, 8982149.598999999463558 ], [ 765094.332132717012428, 8982140.453992146998644 ], [ 765085.793132717139088, 8982138.253992147743702 ], [ 765083.437000000150874, 8982147.399000000208616 ], [ 765091.975999999907799, 8982149.598999999463558 ] ] ] ] } },
{ "type": "Feature", "properties": { "LAYER": "BANGUNAN", "GM_TYPE": "Unknown Area Type", "ELEVATION": 43.311 }, "geometry": { "type": "MultiPolygon", "coordinates": [ [ [ [ 765073.979000000050291, 8982122.685999996960163 ], [ 765076.623857742990367, 8982118.382237400859594 ], [ 765072.22385774331633, 8982115.678237400949001 ], [ 765069.579000000027008, 8982119.98199999704957 ], [ 765073.979000000050291, 8982122.685999996960163 ] ] ] ] } },
{ "type": "Feature", "properties": { "LAYER": "BANGUNAN", "GM_TYPE": "Unknown Area Type", "ELEVATION": 43.248 }, "geometry": { "type": "MultiPolygon", "coordinates": [ [ [ [ 765104.946, 8982152.699999997392297 ], [ 765107.040249709854834, 8982145.456602303311229 ], [ 765098.957249709987082, 8982143.119602305814624 ], [ 765096.863000000012107, 8982150.362999999895692 ], [ 765104.946, 8982152.699999997392297 ] ] ] ] } },
{ "type": "Feature", "properties": { "LAYER": "BANGUNAN", "GM_TYPE": "Unknown Area Type", "ELEVATION": 43.248 }, "geometry": { "type": "MultiPolygon", "coordinates": [ [ [ [ 765117.537000000011176, 8982156.947000000625849 ], [ 765119.324156250571832, 8982148.151676382869482 ], [ 765112.749156250501983, 8982146.8156763818115 ], [ 765110.961999999824911, 8982155.610999999567866 ], [ 765117.537000000011176, 8982156.947000000625849 ] ] ] ] } },
{ "type": "Feature", "properties": { "LAYER": "BANGUNAN", "GM_TYPE": "Unknown Area Type", "ELEVATION": 43.248 }, "geometry": { "type": "MultiPolygon", "coordinates": [ [ [ [ 765119.858999999822117, 8982159.692999998107553 ], [ 765129.559678431833163, 8982162.35626115091145 ], [ 765132.884678432019427, 8982150.245261149480939 ], [ 765123.184, 8982147.582000000402331 ], [ 765119.858999999822117, 8982159.692999998107553 ] ] ] ] } },
{ "type": "Feature", "properties": { "LAYER": "BANGUNAN", "GM_TYPE": "Unknown Area Type", "ELEVATION": 43.215 }, "geometry": { "type": "MultiPolygon", "coordinates": [ [ [ [ 765136.135999999940395, 8982163.020999997854233 ], [ 765143.129038322018459, 8982164.908010341227055 ], [ 765145.169038322055712, 8982157.348010340705514 ], [ 765138.175999999861233, 8982155.460999999195337 ], [ 765136.135999999940395, 8982163.020999997854233 ] ] ] ] } },
{ "type": "Feature", "properties": { "LAYER": "BANGUNAN", "GM_TYPE": "Unknown Area Type", "ELEVATION": 43.215 }, "geometry": { "type": "MultiPolygon", "coordinates": [ [ [ [ 765142.509000000078231, 8982155.639000000432134 ], [ 765144.00618179270532, 8982150.406145747750998 ], [ 765140.413181792711839, 8982149.37814574316144 ], [ 765138.91599999985192, 8982154.610999999567866 ], [ 765142.509000000078231, 8982155.639000000432134 ] ] ] ] } },
{ "type": "Feature", "properties": { "LAYER": "BANGUNAN", "GM_TYPE": "Unknown Area Type", "ELEVATION": 43.215 }, "geometry": { "type": "MultiPolygon", "coordinates": [ [ [ [ 765132.375999999931082, 8982160.326999999582767 ], [ 765135.21880775981117, 8982161.228233547881246 ], [ 765139.531395240104757, 8982147.624814992770553 ], [ 765135.474840557086281, 8982146.338796563446522 ], [ 765134.356253076111898, 8982149.867215119302273 ], [ 765135.569999999832362, 8982150.252000002190471 ], [ 765132.375999999931082, 8982160.326999999582767 ] ] ] ] } },
{ "type": "Feature", "properties": { "LAYER": "BANGUNAN", "GM_TYPE": "Unknown Area Type", "ELEVATION": 43.215 }, "geometry": { "type": "MultiPolygon", "coordinates": [ [ [ [ 765132.962000000057742, 8982149.207999998703599 ], [ 765135.151681831921451, 8982142.824070060625672 ], [ 765128.909681831835769, 8982140.683070059865713 ], [ 765126.719999999855645, 8982147.06700000166893 ], [ 765132.962000000057742, 8982149.207999998703599 ] ] ] ] } },
{ "type": "Feature", "properties": { "LAYER": "BANGUNAN", "GM_TYPE": "Unknown Area Type", "ELEVATION": 43.209 }, "geometry": { "type": "MultiPolygon", "coordinates": [ [ [ [ 765158.603999999817461, 8982167.445000002160668 ], [ 765161.885073984391056, 8982155.539453651756048 ], [ 765157.870276913163252, 8982154.433007476851344 ], [ 765158.857095415587537, 8982150.852285595610738 ], [ 765152.39989248639904, 8982149.072731766849756 ], [ 765148.132000000099652, 8982164.559000000357628 ], [ 765158.603999999817461, 8982167.445000002160668 ] ] ] ] } },
{ "type": "Feature", "properties": { "LAYER": "BANGUNAN", "GM_TYPE": "Unknown Area Type", "ELEVATION": 43.209 }, "geometry": { "type": "MultiPolygon", "coordinates": [ [ [ [ 765183.980000000214204, 8982174.704 ], [ 765187.133729484863579, 8982164.656206242740154 ], [ 765178.483729484840296, 8982161.941206244751811 ], [ 765175.32999999995809, 8982171.98900000192225 ], [ 765183.980000000214204, 8982174.704 ] ] ] ] } },
{ "type": "Feature", "properties": { "LAYER": "BANGUNAN", "GM_TYPE": "Unknown Area Type", "ELEVATION": 43.011 }, "geometry": { "type": "MultiPolygon", "coordinates": [ [ [ [ 765190.270000000018626, 8982164.052999999374151 ], [ 765193.662070345599204, 8982155.422887612134218 ], [ 765187.014070345438085, 8982152.809887614101171 ], [ 765183.621999999857508, 8982161.439999999478459 ], [ 765190.270000000018626, 8982164.052999999374151 ] ] ] ] } },
{ "type": "Feature", "properties": { "LAYER": "BANGUNAN", "GM_TYPE": "Unknown Area Type", "ELEVATION": 43.011 }, "geometry": { "type": "MultiPolygon", "coordinates": [ [ [ [ 765182.322000000043772, 8982161.052999999374151 ], [ 765184.360052273492329, 8982155.156583804637194 ], [ 765176.913052273448557, 8982152.582583805546165 ], [ 765174.875, 8982158.479000000283122 ], [ 765182.322000000043772, 8982161.052999999374151 ] ] ] ] } },
{ "type": "Feature", "properties": { "LAYER": "BANGUNAN", "GM_TYPE": "Unknown Area Type", "ELEVATION": 43.007 }, "geometry": { "type": "MultiPolygon", "coordinates": [ [ [ [ 765218.753000000026077, 8982184.8260000012815 ], [ 765221.40894157323055, 8982177.920364735648036 ], [ 765214.029941573156975, 8982175.082364737987518 ], [ 765211.374000000068918, 8982181.987999999895692 ], [ 765218.753000000026077, 8982184.8260000012815 ] ] ] ] } },
{ "type": "Feature", "properties": { "LAYER": "BANGUNAN", "GM_TYPE": "Unknown Area Type", "ELEVATION": 43.007 }, "geometry": { "type": "MultiPolygon", "coordinates": [ [ [ [ 765220.151000000187196, 8982186.331000002101064 ], [ 765226.827934901579283, 8982189.162622382864356 ], [ 765232.735934901749715, 8982175.231622381135821 ], [ 765226.059, 8982172.400000000372529 ], [ 765220.151000000187196, 8982186.331000002101064 ] ] ] ] } },
{ "type": "Feature", "properties": { "LAYER": "BANGUNAN", "GM_TYPE": "Unknown Area Type", "ELEVATION": 42.896 }, "geometry": { "type": "MultiPolygon", "coordinates": [ [ [ [ 765232.584999999962747, 8982187.571000000461936 ], [ 765239.638922156533226, 8982190.32305091060698 ], [ 765242.710922156693414, 8982182.449050910770893 ], [ 765235.657000000122935, 8982179.696999998763204 ], [ 765232.584999999962747, 8982187.571000000461936 ] ] ] ] } },
{ "type": "Feature", "properties": { "LAYER": "BANGUNAN", "GM_TYPE": "Unknown Area Type", "ELEVATION": 42.604 }, "geometry": { "type": "MultiPolygon", "coordinates": [ [ [ [ 765119.277999999816529, 8982043.640999997034669 ], [ 765123.85199722845573, 8982034.265669692307711 ], [ 765117.665997228701599, 8982031.247669693082571 ], [ 765113.091999999829568, 8982040.62300000153482 ], [ 765119.277999999816529, 8982043.640999997034669 ] ] ] ] } },
{ "type": "Feature", "properties": { "LAYER": "BANGUNAN", "GM_TYPE": "Unknown Area Type", "ELEVATION": 43.204 }, "geometry": { "type": "MultiPolygon", "coordinates": [ [ [ [ 765450.434000000124797, 8982246.630999997258186 ], [ 765442.28000000002794, 8982245.869999999180436 ], [ 765441.082173049566336, 8982258.704534763470292 ], [ 765449.236173049430363, 8982259.465534765273333 ], [ 765450.434000000124797, 8982246.630999997258186 ] ] ] ] } },
{ "type": "Feature", "properties": { "LAYER": "BANGUNAN", "GM_TYPE": "Unknown Area Type", "ELEVATION": 43.204 }, "geometry": { "type": "MultiPolygon", "coordinates": [ [ [ [ 765477.828000000212342, 8982251.518999999389052 ], [ 765486.197040969505906, 8982251.999427149072289 ], [ 765487.247040969552472, 8982233.708427151665092 ], [ 765478.878000000142492, 8982233.228000000119209 ], [ 765477.828000000212342, 8982251.518999999389052 ] ] ] ] } },
{ "type": "Feature", "properties": { "LAYER": "BANGUNAN", "GM_TYPE": "Unknown Area Type", "ELEVATION": 43.479 }, "geometry": { "type": "MultiPolygon", "coordinates": [ [ [ [ 765466.702999999979511, 8982286.724999999627471 ], [ 765472.477000000071712, 8982294.535000002011657 ], [ 765478.403694895328954, 8982290.153343621641397 ], [ 765472.629694895469584, 8982282.343343619257212 ], [ 765466.702999999979511, 8982286.724999999627471 ] ] ] ] } },
{ "type": "Feature", "properties": { "LAYER": "BANGUNAN", "GM_TYPE": "Unknown Area Type", "ELEVATION": 43.382 }, "geometry": { "type": "MultiPolygon", "coordinates": [ [ [ [ 765478.442999999853782, 8982280.745999999344349 ], [ 765482.116999999852851, 8982286.458999998867512 ], [ 765487.63584983733017, 8982282.90985693782568 ], [ 765483.961849837331101, 8982277.196856938302517 ], [ 765478.442999999853782, 8982280.745999999344349 ] ] ] ] } },
{ "type": "Feature", "properties": { "LAYER": "BANGUNAN", "GM_TYPE": "Unknown Area Type", "ELEVATION": 43.101 }, "geometry": { "type": "MultiPolygon", "coordinates": [ [ [ [ 765490.336999999824911, 8982281.685000002384186 ], [ 765498.03364110563416, 8982278.657529655843973 ], [ 765495.123641105601564, 8982271.25952965579927 ], [ 765487.427000000025146, 8982274.287000000476837 ], [ 765490.336999999824911, 8982281.685000002384186 ] ] ] ] } },
{ "type": "Feature", "properties": { "LAYER": "BANGUNAN", "GM_TYPE": "Unknown Area Type", "ELEVATION": 42.901 }, "geometry": { "type": "MultiPolygon", "coordinates": [ [ [ [ 765532.772999999811873, 8982260.779999999329448 ], [ 765538.860555345192552, 8982259.754047309979796 ], [ 765537.701555345207453, 8982252.877047309651971 ], [ 765531.614000000059605, 8982253.902999999001622 ], [ 765532.772999999811873, 8982260.779999999329448 ] ] ] ] } },
{ "type": "Feature", "properties": { "LAYER": "BANGUNAN", "GM_TYPE": "Unknown Area Type", "ELEVATION": 42.901 }, "geometry": { "type": "MultiPolygon", "coordinates": [ [ [ [ 765540.795999999856576, 8982260.701999999582767 ], [ 765549.037917410256341, 8982259.183340260758996 ], [ 765547.096917410148308, 8982248.649340260773897 ], [ 765538.855000000214204, 8982250.167999999597669 ], [ 765540.795999999856576, 8982260.701999999582767 ] ] ] ] } },
{ "type": "Feature", "properties": { "LAYER": "BANGUNAN", "GM_TYPE": "Unknown Area Type", "ELEVATION": 42.901 }, "geometry": { "type": "MultiPolygon", "coordinates": [ [ [ [ 765552.264000000082888, 8982257.486999999731779 ], [ 765563.057999999960884, 8982255.72099999897182 ], [ 765561.850678012822755, 8982248.34170581959188 ], [ 765551.056678012711927, 8982250.107705818489194 ], [ 765552.264000000082888, 8982257.486999999731779 ] ] ] ] } },
{ "type": "Feature", "properties": { "LAYER": "BANGUNAN", "GM_TYPE": "Unknown Area Type", "ELEVATION": 40.516 }, "geometry": { "type": "MultiPolygon", "coordinates": [ [ [ [ 765617.113999999826774, 8982276.1739999987185 ], [ 765620.798117123078555, 8982265.739076998084784 ], [ 765612.635117123136297, 8982262.857077000662684 ], [ 765608.951000000117347, 8982273.292000001296401 ], [ 765617.113999999826774, 8982276.1739999987185 ] ] ] ] } },
{ "type": "Feature", "properties": { "LAYER": "BANGUNAN", "GM_TYPE": "Unknown Area Type", "ELEVATION": 40.516 }, "geometry": { "type": "MultiPolygon", "coordinates": [ [ [ [ 765607.59499999997206, 8982272.444000001996756 ], [ 765611.191999999806285, 8982261.357999999076128 ], [ 765604.167246144963428, 8982259.078725272789598 ], [ 765602.311966182314791, 8982264.796721844002604 ], [ 765605.881092218449339, 8982265.954772211611271 ], [ 765604.139372180681676, 8982271.322775639593601 ], [ 765607.59499999997206, 8982272.444000001996756 ] ] ] ] } },
{ "type": "Feature", "properties": { "LAYER": "BANGUNAN", "GM_TYPE": "Unknown Area Type", "ELEVATION": 40.548 }, "geometry": { "type": "MultiPolygon", "coordinates": [ [ [ [ 765619.854000000050291, 8982278.445000000298023 ], [ 765629.05138800968416, 8982281.906432477757335 ], [ 765632.781388009549119, 8982271.99543247744441 ], [ 765623.584000000031665, 8982268.534000001847744 ], [ 765619.854000000050291, 8982278.445000000298023 ] ] ] ] } },
{ "type": "Feature", "properties": { "LAYER": "BANGUNAN", "GM_TYPE": "Unknown Area Type", "ELEVATION": 40.548 }, "geometry": { "type": "MultiPolygon", "coordinates": [ [ [ [ 765643.302000000025146, 8982298.78600000217557 ], [ 765646.014000000082888, 8982290.881999999284744 ], [ 765639.505524717387743, 8982288.648828824982047 ], [ 765636.793524717446417, 8982296.552828826010227 ], [ 765643.302000000025146, 8982298.78600000217557 ] ] ] ] } },
{ "type": "Feature", "properties": { "LAYER": "BANGUNAN", "GM_TYPE": "Unknown Area Type", "ELEVATION": 39.876 }, "geometry": { "type": "MultiPolygon", "coordinates": [ [ [ [ 765672.182999999844469, 8982289.506999999284744 ], [ 765663.760999999940395, 8982286.196000002324581 ], [ 765660.92506425792817, 8982293.409606412053108 ], [ 765669.34706425818149, 8982296.720606410875916 ], [ 765672.182999999844469, 8982289.506999999284744 ] ] ] ] } },
{ "type": "Feature", "properties": { "LAYER": "BANGUNAN", "GM_TYPE": "Unknown Area Type", "ELEVATION": 39.876 }, "geometry": { "type": "MultiPolygon", "coordinates": [ [ [ [ 765691.951999999815598, 8982309.105999996885657 ], [ 765696.336999999824911, 8982296.310999996960163 ], [ 765685.829810385592282, 8982292.710060065612197 ], [ 765683.020165983238257, 8982300.908326910808682 ], [ 765686.830587554024532, 8982302.214204097166657 ], [ 765685.25523195520509, 8982306.810937251895666 ], [ 765691.951999999815598, 8982309.105999996885657 ] ] ] ] } },
{ "type": "Feature", "properties": { "LAYER": "BANGUNAN", "GM_TYPE": "Unknown Area Type", "ELEVATION": 39.516 }, "geometry": { "type": "MultiPolygon", "coordinates": [ [ [ [ 765702.66599999985192, 8982298.352 ], [ 765698.147999999928288, 8982309.232999999076128 ], [ 765706.992796592065133, 8982312.905529271811247 ], [ 765711.510796592338011, 8982302.024529274553061 ], [ 765702.66599999985192, 8982298.352 ] ] ] ] } },
{ "type": "Feature", "properties": { "LAYER": "BANGUNAN", "GM_TYPE": "Unknown Area Type", "ELEVATION": 39.516 }, "geometry": { "type": "MultiPolygon", "coordinates": [ [ [ [ 765712.875, 8982301.962999999523163 ], [ 765715.486517482087947, 8982295.382140906527638 ], [ 765709.103517482173629, 8982292.849140902981162 ], [ 765706.492000000085682, 8982299.430000001564622 ], [ 765712.875, 8982301.962999999523163 ] ] ] ] } },
{ "type": "Feature", "properties": { "LAYER": "BANGUNAN", "GM_TYPE": "Unknown Area Type", "ELEVATION": 39.131 }, "geometry": { "type": "MultiPolygon", "coordinates": [ [ [ [ 765733.290999999968335, 8982310.435000000521541 ], [ 765724.537000000127591, 8982307.18300000205636 ], [ 765720.782911711838096, 8982317.288562383502722 ], [ 765729.536911711562425, 8982320.540562381967902 ], [ 765733.290999999968335, 8982310.435000000521541 ] ] ] ] } },
{ "type": "Feature", "properties": { "LAYER": "BANGUNAN", "GM_TYPE": "Unknown Area Type", "ELEVATION": 39.131 }, "geometry": { "type": "MultiPolygon", "coordinates": [ [ [ [ 765736.199000000138767, 8982318.904999999329448 ], [ 765738.264000000082888, 8982313.032999999821186 ], [ 765734.422788772615604, 8982311.682165328413248 ], [ 765732.357788772671483, 8982317.55416532792151 ], [ 765736.199000000138767, 8982318.904999999329448 ] ] ] ] } },
{ "type": "Feature", "properties": { "LAYER": "BANGUNAN", "GM_TYPE": "Unknown Area Type", "ELEVATION": 38.822 }, "geometry": { "type": "MultiPolygon", "coordinates": [ [ [ [ 765746.869000000064261, 8982327.118999997153878 ], [ 765749.135999999940395, 8982320.903999999165535 ], [ 765743.237217205576599, 8982318.752344232052565 ], [ 765740.970217205584049, 8982324.967344231903553 ], [ 765746.869000000064261, 8982327.118999997153878 ] ] ] ] } },
{ "type": "Feature", "properties": { "LAYER": "BANGUNAN", "GM_TYPE": "Unknown Area Type", "ELEVATION": 38.746 }, "geometry": { "type": "MultiPolygon", "coordinates": [ [ [ [ 765758.544000000110827, 8982338.906999999657273 ], [ 765753.739999999874271, 8982350.217000000178814 ], [ 765763.660904733231291, 8982354.430972266942263 ], [ 765768.464904733118601, 8982343.120972268283367 ], [ 765758.544000000110827, 8982338.906999999657273 ] ] ] ] } },
{ "type": "Feature", "properties": { "LAYER": "BANGUNAN", "GM_TYPE": "Unknown Area Type", "ELEVATION": 38.746 }, "geometry": { "type": "MultiPolygon", "coordinates": [ [ [ [ 765779.338999999803491, 8982344.155999999493361 ], [ 765782.080926468246616, 8982334.86740431189537 ], [ 765778.896902822656557, 8982333.927503487095237 ], [ 765779.773473205161281, 8982330.958019088953733 ], [ 765775.083299361285754, 8982329.573513589799404 ], [ 765772.17330805840902, 8982339.431448498740792 ], [ 765776.053505550255068, 8982340.576854819431901 ], [ 765775.34499999997206, 8982342.977 ], [ 765779.338999999803491, 8982344.155999999493361 ] ] ] ] } },
{ "type": "Feature", "properties": { "LAYER": "BANGUNAN", "GM_TYPE": "Unknown Area Type", "ELEVATION": 38.746 }, "geometry": { "type": "MultiPolygon", "coordinates": [ [ [ [ 765765.62699999997858, 8982330.707000000402331 ], [ 765766.534874227363616, 8982324.982071496546268 ], [ 765759.648874227306806, 8982323.890071496367455 ], [ 765758.740999999805354, 8982329.615000002086163 ], [ 765765.62699999997858, 8982330.707000000402331 ] ] ] ] } },
{ "type": "Feature", "properties": { "LAYER": "BANGUNAN", "GM_TYPE": "Unknown Area Type", "ELEVATION": 38.634 }, "geometry": { "type": "MultiPolygon", "coordinates": [ [ [ [ 765820.030999999842606, 8982340.689999999478459 ], [ 765816.921733194496483, 8982338.582232959568501 ], [ 765815.167209354811348, 8982341.17041402310133 ], [ 765812.913859973428771, 8982339.642872046679258 ], [ 765809.236383812618442, 8982345.067690985277295 ], [ 765814.599000000045635, 8982348.702999997884035 ], [ 765820.030999999842606, 8982340.689999999478459 ] ] ] ] } },
{ "type": "Feature", "properties": { "LAYER": "BANGUNAN", "GM_TYPE": "Unknown Area Type", "ELEVATION": 38.469 }, "geometry": { "type": "MultiPolygon", "coordinates": [ [ [ [ 765833.510000000125729, 8982351.036000000312924 ], [ 765824.774720107670873, 8982357.692077990621328 ], [ 765829.832720107864588, 8982364.330077990889549 ], [ 765838.568000000203028, 8982357.6739999987185 ], [ 765833.510000000125729, 8982351.036000000312924 ] ] ] ] } },
{ "type": "Feature", "properties": { "LAYER": "BANGUNAN", "GM_TYPE": "Unknown Area Type", "ELEVATION": 38.469 }, "geometry": { "type": "MultiPolygon", "coordinates": [ [ [ [ 765829.07999999995809, 8982364.73900000192225 ], [ 765823.922999999835156, 8982358.461000001057982 ], [ 765820.3295566564193, 8982361.412797916680574 ], [ 765825.486556656076573, 8982367.690797917544842 ], [ 765829.07999999995809, 8982364.73900000192225 ] ] ] ] } },
{ "type": "Feature", "properties": { "LAYER": "BANGUNAN", "GM_TYPE": "Unknown Area Type", "ELEVATION": 37.625 }, "geometry": { "type": "MultiPolygon", "coordinates": [ [ [ [ 765878.698000000207685, 8982409.066999999806285 ], [ 765871.325999999884516, 8982400.864 ], [ 765861.646259218920022, 8982409.563140440732241 ], [ 765869.01825921877753, 8982417.766140438616276 ], [ 765878.698000000207685, 8982409.066999999806285 ] ] ] ] } },
{ "type": "Feature", "properties": { "LAYER": "BANGUNAN", "GM_TYPE": "Unknown Area Type", "ELEVATION": 37.625 }, "geometry": { "type": "MultiPolygon", "coordinates": [ [ [ [ 765893.182999999960884, 8982427.393999999389052 ], [ 765887.270999999949709, 8982420.836000001057982 ], [ 765879.448351676925085, 8982427.888073327019811 ], [ 765885.360351676819846, 8982434.446073327213526 ], [ 765893.182999999960884, 8982427.393999999389052 ] ] ] ] } },
{ "type": "Feature", "properties": { "LAYER": "BANGUNAN", "GM_TYPE": "Unknown Area Type", "ELEVATION": 37.121 }, "geometry": { "type": "MultiPolygon", "coordinates": [ [ [ [ 765915.772, 8982447.926000000908971 ], [ 765909.519450394087471, 8982442.81761821731925 ], [ 765902.813450394081883, 8982451.025618217885494 ], [ 765909.066, 8982456.134000001475215 ], [ 765915.772, 8982447.926000000908971 ] ] ] ] } },
{ "type": "Feature", "properties": { "LAYER": "BANGUNAN", "GM_TYPE": "Unknown Area Type", "ELEVATION": 37.679 }, "geometry": { "type": "MultiPolygon", "coordinates": [ [ [ [ 765891.865999999805354, 8982388.439999999478459 ], [ 765899.417999999946915, 8982395.179999997839332 ], [ 765908.153866393957287, 8982385.391682047396898 ], [ 765906.739158855634741, 8982384.12908554263413 ], [ 765912.561625746544451, 8982377.605158247053623 ], [ 765907.078271464095451, 8982372.71138072386384 ], [ 765901.72816947218962, 8982378.706035064533353 ], [ 765901.074231290724128, 8982378.122409094125032 ], [ 765891.865999999805354, 8982388.439999999478459 ] ] ] ] } },
{ "type": "Feature", "properties": { "LAYER": "BANGUNAN", "GM_TYPE": "Unknown Area Type", "ELEVATION": 37.679 }, "geometry": { "type": "MultiPolygon", "coordinates": [ [ [ [ 765886.957999999984168, 8982376.212000001221895 ], [ 765891.495249249273911, 8982370.783567603677511 ], [ 765886.823249249020591, 8982366.878567606210709 ], [ 765882.285999999847263, 8982372.307 ], [ 765886.957999999984168, 8982376.212000001221895 ] ] ] ] } },
{ "type": "Feature", "properties": { "LAYER": "BANGUNAN", "GM_TYPE": "Unknown Area Type", "ELEVATION": 37.991 }, "geometry": { "type": "MultiPolygon", "coordinates": [ [ [ [ 765875.941, 8982367.753000000491738 ], [ 765880.377229289500974, 8982361.631778579205275 ], [ 765875.480229289387353, 8982358.082778580486774 ], [ 765871.044000000110827, 8982364.204000001773238 ], [ 765875.941, 8982367.753000000491738 ] ] ] ] } },
{ "type": "Feature", "properties": { "LAYER": "BANGUNAN", "GM_TYPE": "Unknown Area Type", "ELEVATION": 37.991 }, "geometry": { "type": "MultiPolygon", "coordinates": [ [ [ [ 765880.621999999857508, 8982360.174999997019768 ], [ 765886.508815042674541, 8982352.609967172145844 ], [ 765882.451815042644739, 8982349.452967174351215 ], [ 765876.564999999827705, 8982357.01799999922514 ], [ 765880.621999999857508, 8982360.174999997019768 ] ] ] ] } },
{ "type": "Feature", "properties": { "LAYER": "BANGUNAN", "GM_TYPE": "Unknown Area Type", "ELEVATION": 37.991 }, "geometry": { "type": "MultiPolygon", "coordinates": [ [ [ [ 765870.13599999982398, 8982352.946000000461936 ], [ 765874.834584692143835, 8982347.814379598945379 ], [ 765869.608584692003205, 8982343.029379602521658 ], [ 765864.910000000149012, 8982348.161000000312924 ], [ 765870.13599999982398, 8982352.946000000461936 ] ] ] ] } },
{ "type": "Feature", "properties": { "LAYER": "BANGUNAN", "GM_TYPE": "Unknown Area Type", "ELEVATION": 37.991 }, "geometry": { "type": "MultiPolygon", "coordinates": [ [ [ [ 765876.027000000118278, 8982346.845000000670552 ], [ 765882.450574067537673, 8982339.894989198073745 ], [ 765878.463574067689478, 8982336.209989195689559 ], [ 765872.039999999804422, 8982343.160000000149012 ], [ 765876.027000000118278, 8982346.845000000670552 ] ] ] ] } },
{ "type": "Feature", "properties": { "LAYER": "BANGUNAN", "GM_TYPE": "Unknown Area Type", "ELEVATION": 38.592 }, "geometry": { "type": "MultiPolygon", "coordinates": [ [ [ [ 765817.481000000145286, 8982310.732999999076128 ], [ 765826.874000000068918, 8982314.419000001624227 ], [ 765829.441474796272814, 8982307.876327522099018 ], [ 765820.048474796232767, 8982304.190327517688274 ], [ 765817.481000000145286, 8982310.732999999076128 ] ] ] ] } },
{ "type": "Feature", "properties": { "LAYER": "BANGUNAN", "GM_TYPE": "Unknown Area Type", "ELEVATION": 38.592 }, "geometry": { "type": "MultiPolygon", "coordinates": [ [ [ [ 765828.300000000046566, 8982316.560999998822808 ], [ 765837.817999999853782, 8982320.93099999986589 ], [ 765842.727684011915699, 8982310.237550934776664 ], [ 765833.209684011875652, 8982305.867550933733582 ], [ 765828.300000000046566, 8982316.560999998822808 ] ] ] ] } },
{ "type": "Feature", "properties": { "LAYER": "BANGUNAN", "GM_TYPE": "Unknown Area Type", "ELEVATION": 38.592 }, "geometry": { "type": "MultiPolygon", "coordinates": [ [ [ [ 765828.599000000045635, 8982303.061999998986721 ], [ 765831.215267629246227, 8982297.524203171953559 ], [ 765822.090267629013397, 8982293.213203173130751 ], [ 765819.473999999812804, 8982298.751000000163913 ], [ 765828.599000000045635, 8982303.061999998986721 ] ] ] ] } },
{ "type": "Feature", "properties": { "LAYER": "BANGUNAN", "GM_TYPE": "Unknown Area Type", "ELEVATION": 38.592 }, "geometry": { "type": "MultiPolygon", "coordinates": [ [ [ [ 765796.66599999985192, 8982312.681999998167157 ], [ 765801.031240685493685, 8982303.566407833248377 ], [ 765797.761905864579603, 8982302.000800998881459 ], [ 765796.066841167164966, 8982305.540472600609064 ], [ 765794.673175988951698, 8982304.873079432174563 ], [ 765792.003000000142492, 8982310.448999999091029 ], [ 765796.66599999985192, 8982312.681999998167157 ] ] ] ] } },
{ "type": "Feature", "properties": { "LAYER": "BANGUNAN", "GM_TYPE": "Unknown Area Type", "ELEVATION": 39.533 }, "geometry": { "type": "MultiPolygon", "coordinates": [ [ [ [ 765751.640999999828637, 8982290.979000000283122 ], [ 765755.218816729029641, 8982281.975547915324569 ], [ 765746.048816729104146, 8982278.331547914072871 ], [ 765742.470999999903142, 8982287.33500000089407 ], [ 765751.640999999828637, 8982290.979000000283122 ] ] ] ] } },
{ "type": "Feature", "properties": { "LAYER": "BANGUNAN", "GM_TYPE": "Unknown Area Type", "ELEVATION": 39.533 }, "geometry": { "type": "MultiPolygon", "coordinates": [ [ [ [ 765740.866999999852851, 8982286.76799999922514 ], [ 765744.324276299099438, 8982277.324636274948716 ], [ 765735.594729407341219, 8982274.128692919388413 ], [ 765734.30061333545018, 8982277.663501165807247 ], [ 765735.890160226379521, 8982278.24544452317059 ], [ 765733.726999999838881, 8982284.15399999730289 ], [ 765740.866999999852851, 8982286.76799999922514 ] ] ] ] } },
{ "type": "Feature", "properties": { "LAYER": "BANGUNAN", "GM_TYPE": "Unknown Area Type", "ELEVATION": 39.533 }, "geometry": { "type": "MultiPolygon", "coordinates": [ [ [ [ 765729.592000000062399, 8982274.230999998748302 ], [ 765735.288333401200362, 8982261.975252376869321 ], [ 765726.181394506595097, 8982257.742449792101979 ], [ 765724.556757359416224, 8982261.237881232053041 ], [ 765727.486696253181435, 8982262.599683815613389 ], [ 765723.414999999804422, 8982271.359999999403954 ], [ 765729.592000000062399, 8982274.230999998748302 ] ] ] ] } },
{ "type": "Feature", "properties": { "LAYER": "BANGUNAN", "GM_TYPE": "Unknown Area Type", "ELEVATION": 39.695 }, "geometry": { "type": "MultiPolygon", "coordinates": [ [ [ [ 765715.684999999823049, 8982268.394999999552965 ], [ 765719.68691783270333, 8982260.166487451642752 ], [ 765712.288917832775041, 8982256.568487454205751 ], [ 765708.287000000011176, 8982264.79700000025332 ], [ 765715.684999999823049, 8982268.394999999552965 ] ] ] ] } },
{ "type": "Feature", "properties": { "LAYER": "BANGUNAN", "GM_TYPE": "Unknown Area Type", "ELEVATION": 39.695 }, "geometry": { "type": "MultiPolygon", "coordinates": [ [ [ [ 765719.697000000043772, 8982258.83699999935925 ], [ 765721.403858095523901, 8982255.440825032070279 ], [ 765714.43385809531901, 8982251.937825027853251 ], [ 765712.727000000071712, 8982255.333999998867512 ], [ 765719.697000000043772, 8982258.83699999935925 ] ] ] ] } },
{ "type": "Feature", "properties": { "LAYER": "BANGUNAN", "GM_TYPE": "Unknown Area Type", "ELEVATION": 39.695 }, "geometry": { "type": "MultiPolygon", "coordinates": [ [ [ [ 765690.488999999826774, 8982269.514000000432134 ], [ 765694.168236606870778, 8982258.973484316840768 ], [ 765689.614912915043533, 8982257.384116616100073 ], [ 765688.343246478470974, 8982261.027269111946225 ], [ 765685.264570168568753, 8982259.952636815607548 ], [ 765682.857000000076368, 8982266.849999999627471 ], [ 765690.488999999826774, 8982269.514000000432134 ] ] ] ] } },
{ "type": "Feature", "properties": { "LAYER": "BANGUNAN", "GM_TYPE": "Unknown Area Type", "ELEVATION": 40.304 }, "geometry": { "type": "MultiPolygon", "coordinates": [ [ [ [ 765665.37099999981001, 8982265.001000000163913 ], [ 765668.27176895737648, 8982259.006515013054013 ], [ 765661.685656205518171, 8982255.819453662261367 ], [ 765660.437223324552178, 8982258.399359980598092 ], [ 765662.456336076837033, 8982259.376421330496669 ], [ 765660.804, 8982262.791000001132488 ], [ 765665.37099999981001, 8982265.001000000163913 ] ] ] ] } },
{ "type": "Feature", "properties": { "LAYER": "BANGUNAN", "GM_TYPE": "Unknown Area Type", "ELEVATION": 40.304 }, "geometry": { "type": "MultiPolygon", "coordinates": [ [ [ [ 765659.753000000026077, 8982257.651000000536442 ], [ 765661.35999999998603, 8982254.524000002071261 ], [ 765663.273273307015188, 8982255.507252383977175 ], [ 765667.013923448743299, 8982248.228463960811496 ], [ 765661.963591175153852, 8982245.633042162284255 ], [ 765656.615941031719558, 8982256.03883058577776 ], [ 765659.753000000026077, 8982257.651000000536442 ] ] ] ] } },
{ "type": "Feature", "properties": { "LAYER": "BANGUNAN", "GM_TYPE": "Unknown Area Type", "ELEVATION": 40.671 }, "geometry": { "type": "MultiPolygon", "coordinates": [ [ [ [ 765631.231999999843538, 8982242.954 ], [ 765637.13414695172105, 8982244.566597705706954 ], [ 765639.59314695186913, 8982235.566597705706954 ], [ 765633.691, 8982233.954000001773238 ], [ 765631.231999999843538, 8982242.954 ] ] ] ] } },
{ "type": "Feature", "properties": { "LAYER": "BANGUNAN", "GM_TYPE": "Unknown Area Type", "ELEVATION": 40.671 }, "geometry": { "type": "MultiPolygon", "coordinates": [ [ [ [ 765624.010000000125729, 8982244.840999998152256 ], [ 765625.66093486151658, 8982239.352558773010969 ], [ 765620.424934861599468, 8982237.777558773756027 ], [ 765618.774000000092201, 8982243.265999998897314 ], [ 765624.010000000125729, 8982244.840999998152256 ] ] ] ] } },
{ "type": "Feature", "properties": { "LAYER": "BANGUNAN", "GM_TYPE": "Unknown Area Type", "ELEVATION": 41.51 }, "geometry": { "type": "MultiPolygon", "coordinates": [ [ [ [ 765600.670999999856576, 8982232.343000000342727 ], [ 765608.96864364715293, 8982234.875862987712026 ], [ 765611.584643647074699, 8982226.305862985551357 ], [ 765603.287000000011176, 8982223.773000001907349 ], [ 765600.670999999856576, 8982232.343000000342727 ] ] ] ] } },
{ "type": "Feature", "properties": { "LAYER": "BANGUNAN", "GM_TYPE": "Unknown Area Type", "ELEVATION": 41.51 }, "geometry": { "type": "MultiPolygon", "coordinates": [ [ [ [ 765619.878000000142492, 8982224.104000000283122 ], [ 765626.881999999983236, 8982226.17 ], [ 765629.639499142649584, 8982216.821730881929398 ], [ 765622.635499142692424, 8982214.755730884149671 ], [ 765619.878000000142492, 8982224.104000000283122 ] ] ] ] } },
{ "type": "Feature", "properties": { "LAYER": "BANGUNAN", "GM_TYPE": "Unknown Area Type", "ELEVATION": 42.194 }, "geometry": { "type": "MultiPolygon", "coordinates": [ [ [ [ 765581.674999999813735, 8982221.99100000038743 ], [ 765592.617158955894411, 8982223.737706309184432 ], [ 765594.750267199822702, 8982210.374950733035803 ], [ 765587.095702109974809, 8982209.153045879676938 ], [ 765586.588593866559677, 8982212.329801457002759 ], [ 765583.301000000210479, 8982211.804999999701977 ], [ 765581.674999999813735, 8982221.99100000038743 ] ] ] ] } },
{ "type": "Feature", "properties": { "LAYER": "BANGUNAN", "GM_TYPE": "Unknown Area Type", "ELEVATION": 42.194 }, "geometry": { "type": "MultiPolygon", "coordinates": [ [ [ [ 765544.527, 8982216.998999999836087 ], [ 765546.918573880568147, 8982208.239621002227068 ], [ 765515.394573880592361, 8982199.632621005177498 ], [ 765513.003000000142492, 8982208.392000000923872 ], [ 765544.527, 8982216.998999999836087 ] ] ] ] } },
{ "type": "Feature", "properties": { "LAYER": "BANGUNAN", "GM_TYPE": "Unknown Area Type", "ELEVATION": 41.45 }, "geometry": { "type": "MultiPolygon", "coordinates": [ [ [ [ 765498.362000000081025, 8982203.209999999031425 ], [ 765504.938918237457983, 8982180.623219519853592 ], [ 765493.44791823765263, 8982177.277219520881772 ], [ 765486.87099999981001, 8982199.864 ], [ 765498.362000000081025, 8982203.209999999031425 ] ] ] ] } },
{ "type": "Feature", "properties": { "LAYER": "BANGUNAN", "GM_TYPE": "Unknown Area Type", "ELEVATION": 41.45 }, "geometry": { "type": "MultiPolygon", "coordinates": [ [ [ [ 765490.787000000127591, 8982174.419999998062849 ], [ 765497.893999999854714, 8982175.714999999850988 ], [ 765498.952328216983005, 8982169.906862055882812 ], [ 765491.845328216906637, 8982168.611862054094672 ], [ 765490.787000000127591, 8982174.419999998062849 ] ] ] ] } },
{ "type": "Feature", "properties": { "LAYER": "BANGUNAN", "GM_TYPE": "Unknown Area Type", "ELEVATION": 35.142 }, "geometry": { "type": "MultiPolygon", "coordinates": [ [ [ [ 765860.248999999836087, 8982280.375 ], [ 765841.441, 8982270.264000002294779 ], [ 765836.182818539324217, 8982280.045018387958407 ], [ 765854.990818539401516, 8982290.156018389388919 ], [ 765860.248999999836087, 8982280.375 ] ] ] ] } },
{ "type": "Feature", "properties": { "LAYER": "BANGUNAN", "GM_TYPE": "Unknown Area Type", "ELEVATION": 36.617 }, "geometry": { "type": "MultiPolygon", "coordinates": [ [ [ [ 765844.983000000123866, 8982297.647999998182058 ], [ 765847.332057935418561, 8982293.177799018099904 ], [ 765839.467057935427874, 8982289.044799016788602 ], [ 765837.118000000016764, 8982293.514999996870756 ], [ 765844.983000000123866, 8982297.647999998182058 ] ] ] ] } },
{ "type": "Feature", "properties": { "LAYER": "BANGUNAN", "GM_TYPE": "Unknown Area Type", "ELEVATION": 35.461 }, "geometry": { "type": "MultiPolygon", "coordinates": [ [ [ [ 765875.292999999946915, 8982259.600999999791384 ], [ 765868.840999999898486, 8982272.03600000217557 ], [ 765877.39380494877696, 8982276.473691800609231 ], [ 765883.845804948592559, 8982264.038691801950336 ], [ 765875.292999999946915, 8982259.600999999791384 ] ] ] ] } },
{ "type": "Feature", "properties": { "LAYER": "BANGUNAN", "GM_TYPE": "Unknown Area Type", "ELEVATION": 33.906 }, "geometry": { "type": "MultiPolygon", "coordinates": [ [ [ [ 765858.843999999808148, 8982165.098999999463558 ], [ 765849.738999999826774, 8982160.562999999150634 ], [ 765846.21343118941877, 8982167.639786599203944 ], [ 765855.318431189516559, 8982172.175786601379514 ], [ 765858.843999999808148, 8982165.098999999463558 ] ] ] ] } },
{ "type": "Feature", "properties": { "LAYER": "BANGUNAN", "GM_TYPE": "Unknown Area Type", "ELEVATION": null }, "geometry": { "type": "MultiPolygon", "coordinates": [ [ [ [ 765844.647, 8982166.829 ], [ 765847.966202211566269, 8982160.214682672172785 ], [ 765843.847202211618423, 8982158.147682674229145 ], [ 765840.527999999932945, 8982164.762000001966953 ], [ 765844.647, 8982166.829 ] ] ] ] } },
{ "type": "Feature", "properties": { "LAYER": "BANGUNAN", "GM_TYPE": "Unknown Area Type", "ELEVATION": 33.61 }, "geometry": { "type": "MultiPolygon", "coordinates": [ [ [ [ 765855.096000000135973, 8982123.911000000312924 ], [ 765857.682529444340616, 8982119.126040495932102 ], [ 765849.705529444036074, 8982114.814040496945381 ], [ 765847.119000000064261, 8982119.598999999463558 ], [ 765855.096000000135973, 8982123.911000000312924 ] ] ] ] } },
{ "type": "Feature", "properties": { "LAYER": "BANGUNAN", "GM_TYPE": "Unknown Area Type", "ELEVATION": 33.61 }, "geometry": { "type": "MultiPolygon", "coordinates": [ [ [ [ 765860.033999999868684, 8982118.824999999254942 ], [ 765862.245460401521996, 8982114.75908424705267 ], [ 765853.168460401589982, 8982109.822084248065948 ], [ 765850.956999999820255, 8982113.888000000268221 ], [ 765860.033999999868684, 8982118.824999999254942 ] ] ] ] } },
{ "type": "Feature", "properties": { "LAYER": "BANGUNAN", "GM_TYPE": "Unknown Area Type", "ELEVATION": 18.619 }, "geometry": { "type": "MultiPolygon", "coordinates": [ [ [ [ 767030.462000000057742, 8979904.306000001728535 ], [ 767033.48394466121681, 8979898.187580639496446 ], [ 767027.326944661443122, 8979895.146580638363957 ], [ 767024.304999999818392, 8979901.264999996870756 ], [ 767030.462000000057742, 8979904.306000001728535 ] ] ] ] } },
{ "type": "Feature", "properties": { "LAYER": "BANGUNAN", "GM_TYPE": "Unknown Area Type", "ELEVATION": 18.619 }, "geometry": { "type": "MultiPolygon", "coordinates": [ [ [ [ 767036.846999999834225, 8979890.238999998196959 ], [ 767040.509972072206438, 8979883.019602548331022 ], [ 767032.10797207208816, 8979878.756602548062801 ], [ 767028.444999999948777, 8979885.975999999791384 ], [ 767036.846999999834225, 8979890.238999998196959 ] ] ] ] } },
{ "type": "Feature", "properties": { "LAYER": "BANGUNAN", "GM_TYPE": "Unknown Area Type", "ELEVATION": 18.619 }, "geometry": { "type": "MultiPolygon", "coordinates": [ [ [ [ 767050.829000000027008, 8979837.230999998748302 ], [ 767045.375999999931082, 8979834.748999999836087 ], [ 767043.246722620213404, 8979839.42706186696887 ], [ 767048.699722620192915, 8979841.909061869606376 ], [ 767050.829000000027008, 8979837.230999998748302 ] ] ] ] } },
{ "type": "Feature", "properties": { "LAYER": "BANGUNAN", "GM_TYPE": "Unknown Area Type", "ELEVATION": 18.178 }, "geometry": { "type": "MultiPolygon", "coordinates": [ [ [ [ 767068.794000000110827, 8979782.639000000432134 ], [ 767058.739000000059605, 8979777.231999998912215 ], [ 767055.261827718117274, 8979783.698241405189037 ], [ 767065.316827718284912, 8979789.105241404846311 ], [ 767068.794000000110827, 8979782.639000000432134 ] ] ] ] } },
{ "type": "Feature", "properties": { "LAYER": "BANGUNAN", "GM_TYPE": "Unknown Area Type", "ELEVATION": 18.178 }, "geometry": { "type": "MultiPolygon", "coordinates": [ [ [ [ 767075.499000000068918, 8979774.910000002011657 ], [ 767082.067781334160827, 8979761.459354633465409 ], [ 767071.940615051891655, 8979756.513633513823152 ], [ 767068.927831095526926, 8979762.682797396555543 ], [ 767063.244997379020788, 8979759.907518515363336 ], [ 767059.689000000013039, 8979767.188999997451901 ], [ 767075.499000000068918, 8979774.910000002011657 ] ] ] ] } },
{ "type": "Feature", "properties": { "LAYER": "BANGUNAN", "GM_TYPE": "Unknown Area Type", "ELEVATION": 18.273 }, "geometry": { "type": "MultiPolygon", "coordinates": [ [ [ [ 767087.53000000002794, 8979746.643999999389052 ], [ 767092.173709669033997, 8979737.294085478410125 ], [ 767083.346709669101983, 8979732.9100854806602 ], [ 767078.702999999863096, 8979742.259999999776483 ], [ 767087.53000000002794, 8979746.643999999389052 ] ] ] ] } },
{ "type": "Feature", "properties": { "LAYER": "BANGUNAN", "GM_TYPE": "Unknown Area Type", "ELEVATION": 17.904 }, "geometry": { "type": "MultiPolygon", "coordinates": [ [ [ [ 767101.657, 8979714.822000000625849 ], [ 767095.412000000127591, 8979711.548000000417233 ], [ 767091.363187544629909, 8979719.270918080583215 ], [ 767097.608187544508837, 8979722.544918078929186 ], [ 767101.657, 8979714.822000000625849 ] ] ] ] } },
{ "type": "Feature", "properties": { "LAYER": "BANGUNAN", "GM_TYPE": "Unknown Area Type", "ELEVATION": 17.656 }, "geometry": { "type": "MultiPolygon", "coordinates": [ [ [ [ 767111.80600000009872, 8979692.678000001236796 ], [ 767102.437000000150874, 8979688.434000000357628 ], [ 767099.666407195152715, 8979694.550325164571404 ], [ 767109.035407195333391, 8979698.794325165450573 ], [ 767111.80600000009872, 8979692.678000001236796 ] ] ] ] } },
{ "type": "Feature", "properties": { "LAYER": "BANGUNAN", "GM_TYPE": "Unknown Area Type", "ELEVATION": 17.652 }, "geometry": { "type": "MultiPolygon", "coordinates": [ [ [ [ 767097.944999999948777, 8979693.500000001862645 ], [ 767100.337003800203092, 8979688.365375395864248 ], [ 767093.498003800166771, 8979685.17937539704144 ], [ 767091.105999999912456, 8979690.313999999314547 ], [ 767097.944999999948777, 8979693.500000001862645 ] ] ] ] } },
{ "type": "Feature", "properties": { "LAYER": "BANGUNAN", "GM_TYPE": "Unknown Area Type", "ELEVATION": 17.206 }, "geometry": { "type": "MultiPolygon", "coordinates": [ [ [ [ 767122.724000000045635, 8979670.261 ], [ 767113.59499999997206, 8979666.650000000372529 ], [ 767110.977421749732457, 8979673.267521975561976 ], [ 767120.106421749573201, 8979676.878521976992488 ], [ 767122.724000000045635, 8979670.261 ] ] ] ] } },
{ "type": "Feature", "properties": { "LAYER": "BANGUNAN", "GM_TYPE": "Unknown Area Type", "ELEVATION": 16.545 }, "geometry": { "type": "MultiPolygon", "coordinates": [ [ [ [ 767143.087999999872409, 8979624.787000002339482 ], [ 767136.186000000103377, 8979621.494999999180436 ], [ 767133.049020133446902, 8979628.071985125541687 ], [ 767139.951020133448765, 8979631.363985126838088 ], [ 767143.087999999872409, 8979624.787000002339482 ] ] ] ] } },
{ "type": "Feature", "properties": { "LAYER": "BANGUNAN", "GM_TYPE": "Unknown Area Type", "ELEVATION": 16.476 }, "geometry": { "type": "MultiPolygon", "coordinates": [ [ [ [ 767150.540000000037253, 8979608.589000001549721 ], [ 767154.260336145176552, 8979603.387440238147974 ], [ 767147.486336145200767, 8979598.542440237477422 ], [ 767143.765999999828637, 8979603.743999999016523 ], [ 767150.540000000037253, 8979608.589000001549721 ] ] ] ] } },
{ "type": "Feature", "properties": { "LAYER": "BANGUNAN", "GM_TYPE": "Unknown Area Type", "ELEVATION": 16.476 }, "geometry": { "type": "MultiPolygon", "coordinates": [ [ [ [ 767154.327999999979511, 8979602.064999999478459 ], [ 767157.293357018148527, 8979597.946448586881161 ], [ 767150.718357018078677, 8979593.212448585778475 ], [ 767147.753000000026077, 8979597.331000000238419 ], [ 767154.327999999979511, 8979602.064999999478459 ] ] ] ] } },
{ "type": "Feature", "properties": { "LAYER": "BANGUNAN", "GM_TYPE": "Unknown Area Type", "ELEVATION": 16.412 }, "geometry": { "type": "MultiPolygon", "coordinates": [ [ [ [ 767186.035999999963678, 8979617.265999998897314 ], [ 767188.032902665901929, 8979612.586474921554327 ], [ 767178.176909287460148, 8979608.38060805760324 ], [ 767175.879553837468848, 8979613.764211684465408 ], [ 767179.837472420767881, 8979615.453181834891438 ], [ 767179.142427727230825, 8979617.081943780183792 ], [ 767181.157502523739822, 8979617.941840494051576 ], [ 767182.152999999816529, 8979615.608999999240041 ], [ 767186.035999999963678, 8979617.265999998897314 ] ] ] ] } },
{ "type": "Feature", "properties": { "LAYER": "BANGUNAN", "GM_TYPE": "Unknown Area Type", "ELEVATION": 16.367 }, "geometry": { "type": "MultiPolygon", "coordinates": [ [ [ [ 767165.167999999946915, 8979579.099999999627471 ], [ 767156.853, 8979575.032999997958541 ], [ 767154.029714373173192, 8979580.805220307782292 ], [ 767162.344714373000897, 8979584.872220309451222 ], [ 767165.167999999946915, 8979579.099999999627471 ] ] ] ] } },
{ "type": "Feature", "properties": { "LAYER": "BANGUNAN", "GM_TYPE": "Unknown Area Type", "ELEVATION": 16.037 }, "geometry": { "type": "MultiPolygon", "coordinates": [ [ [ [ 767175.90099999983795, 8979556.938999999314547 ], [ 767169.119000000064261, 8979553.832999996840954 ], [ 767166.772137820255011, 8979558.957410590723157 ], [ 767173.554137820494361, 8979562.06341059319675 ], [ 767175.90099999983795, 8979556.938999999314547 ] ] ] ] } },
{ "type": "Feature", "properties": { "LAYER": "BANGUNAN", "GM_TYPE": "Unknown Area Type", "ELEVATION": 15.728 }, "geometry": { "type": "MultiPolygon", "coordinates": [ [ [ [ 767186.91599999985192, 8979534.073999999091029 ], [ 767180.342000000062399, 8979530.551999999210238 ], [ 767177.32661649317015, 8979536.180373415350914 ], [ 767183.900616493308917, 8979539.70237341709435 ], [ 767186.91599999985192, 8979534.073999999091029 ] ] ] ] } },
{ "type": "Feature", "properties": { "LAYER": "BANGUNAN", "GM_TYPE": "Unknown Area Type", "ELEVATION": 15.728 }, "geometry": { "type": "MultiPolygon", "coordinates": [ [ [ [ 767199.424000000115484, 8979511.38399999961257 ], [ 767191.854000000050291, 8979508.417999999597669 ], [ 767191.037567759398371, 8979510.501746479421854 ], [ 767186.53853694954887, 8979508.738982228562236 ], [ 767184.825046210782602, 8979513.112254276871681 ], [ 767196.89407702034805, 8979517.841018529608846 ], [ 767199.424000000115484, 8979511.38399999961257 ] ] ] ] } },
{ "type": "Feature", "properties": { "LAYER": "BANGUNAN", "GM_TYPE": "Unknown Area Type", "ELEVATION": 18.198 }, "geometry": { "type": "MultiPolygon", "coordinates": [ [ [ [ 767154.617000000085682, 8979781.005999999120831 ], [ 767159.211098120315, 8979771.120898863300681 ], [ 767149.821098120184615, 8979766.756898865103722 ], [ 767145.227000000071712, 8979776.641999999061227 ], [ 767154.617000000085682, 8979781.005999999120831 ] ] ] ] } },
{ "type": "Feature", "properties": { "LAYER": "BANGUNAN", "GM_TYPE": "Unknown Area Type", "ELEVATION": 18.198 }, "geometry": { "type": "MultiPolygon", "coordinates": [ [ [ [ 767164.456999999820255, 8979780.962999999523163 ], [ 767167.336765226558782, 8979774.686870442703366 ], [ 767161.05576522636693, 8979771.804870439693332 ], [ 767158.176000000210479, 8979778.081000000238419 ], [ 767164.456999999820255, 8979780.962999999523163 ] ] ] ] } },
{ "type": "Feature", "properties": { "LAYER": "BANGUNAN", "GM_TYPE": "Unknown Area Type", "ELEVATION": 17.915 }, "geometry": { "type": "MultiPolygon", "coordinates": [ [ [ [ 767178.310000000055879, 8979752.435000000521541 ], [ 767171.765000000130385, 8979749.33699999935925 ], [ 767168.591461381525733, 8979756.041586911305785 ], [ 767175.136461381567642, 8979759.139586914330721 ], [ 767178.310000000055879, 8979752.435000000521541 ] ] ] ] } },
{ "type": "Feature", "properties": { "LAYER": "BANGUNAN", "GM_TYPE": "Unknown Area Type", "ELEVATION": 17.915 }, "geometry": { "type": "MultiPolygon", "coordinates": [ [ [ [ 767189.882999999914318, 8979739.362999999895692 ], [ 767193.219615955138579, 8979732.297473832964897 ], [ 767179.85561595519539, 8979725.986473836004734 ], [ 767176.51900000020396, 8979733.051999997347593 ], [ 767189.882999999914318, 8979739.362999999895692 ] ] ] ] } },
{ "type": "Feature", "properties": { "LAYER": "BANGUNAN", "GM_TYPE": "Unknown Area Type", "ELEVATION": 17.247 }, "geometry": { "type": "MultiPolygon", "coordinates": [ [ [ [ 767201.368999999831431, 8979716.399000000208616 ], [ 767204.885138018871658, 8979710.085743857547641 ], [ 767198.398800829891115, 8979706.473209172487259 ], [ 767199.809394071111456, 8979703.940476840361953 ], [ 767194.222731260349974, 8979700.829011527821422 ], [ 767189.295999999972992, 8979709.674999997019768 ], [ 767201.368999999831431, 8979716.399000000208616 ] ] ] ] } },
{ "type": "Feature", "properties": { "LAYER": "BANGUNAN", "GM_TYPE": "Unknown Area Type", "ELEVATION": 16.405 }, "geometry": { "type": "MultiPolygon", "coordinates": [ [ [ [ 767229.501999999862164, 8979623.516000000759959 ], [ 767237.64000000001397, 8979628.168000001460314 ], [ 767239.987319575971924, 8979624.061704490333796 ], [ 767231.849319575936534, 8979619.409704489633441 ], [ 767229.501999999862164, 8979623.516000000759959 ] ] ] ] } },
{ "type": "Feature", "properties": { "LAYER": "BANGUNAN", "GM_TYPE": "Unknown Area Type", "ELEVATION": 16.401 }, "geometry": { "type": "MultiPolygon", "coordinates": [ [ [ [ 767240.269000000087544, 8979623.209999999031425 ], [ 767242.592954304534942, 8979619.405070383101702 ], [ 767234.833954304573126, 8979614.666070383042097 ], [ 767232.510000000125729, 8979618.470999997109175 ], [ 767240.269000000087544, 8979623.209999999031425 ] ] ] ] } },
{ "type": "Feature", "properties": { "LAYER": "BANGUNAN", "GM_TYPE": "Unknown Area Type", "ELEVATION": 16.153 }, "geometry": { "type": "MultiPolygon", "coordinates": [ [ [ [ 767259.787000000011176, 8979599.056000001728535 ], [ 767251.332999999984168, 8979593.988000001758337 ], [ 767247.316782184061594, 8979600.687507778406143 ], [ 767250.456407103920355, 8979602.569648668169975 ], [ 767251.717477893806063, 8979600.466039264574647 ], [ 767257.031852973857895, 8979603.651898372918367 ], [ 767259.787000000011176, 8979599.056000001728535 ] ] ] ] } },
{ "type": "Feature", "properties": { "LAYER": "BANGUNAN", "GM_TYPE": "Unknown Area Type", "ELEVATION": 16.153 }, "geometry": { "type": "MultiPolygon", "coordinates": [ [ [ [ 767245.795999999972992, 8979599.983999999240041 ], [ 767250.728791583096609, 8979592.14328465051949 ], [ 767246.910791583126411, 8979589.741284649819136 ], [ 767241.978, 8979597.582000002264977 ], [ 767245.795999999972992, 8979599.983999999240041 ] ] ] ] } },
{ "type": "Feature", "properties": { "LAYER": "BANGUNAN", "GM_TYPE": "Unknown Area Type", "ELEVATION": 15.892 }, "geometry": { "type": "MultiPolygon", "coordinates": [ [ [ [ 767230.479999999981374, 8979563.751000000163913 ], [ 767238.464999999850988, 8979567.673999996855855 ], [ 767241.926853796932846, 8979560.627631766721606 ], [ 767233.941853796713986, 8979556.704631768167019 ], [ 767230.479999999981374, 8979563.751000000163913 ] ] ] ] } },
{ "type": "Feature", "properties": { "LAYER": "BANGUNAN", "GM_TYPE": "Unknown Area Type", "ELEVATION": 15.685 }, "geometry": { "type": "MultiPolygon", "coordinates": [ [ [ [ 767262.867000000085682, 8979564.458999998867512 ], [ 767252.591999999829568, 8979559.269999999552965 ], [ 767248.026113479398191, 8979568.311141645535827 ], [ 767258.301113479537889, 8979573.500141646713018 ], [ 767262.867000000085682, 8979564.458999998867512 ] ] ] ] } },
{ "type": "Feature", "properties": { "LAYER": "BANGUNAN", "GM_TYPE": "Unknown Area Type", "ELEVATION": 15.586 }, "geometry": { "type": "MultiPolygon", "coordinates": [ [ [ [ 767268.760999999940395, 8979555.901000000536442 ], [ 767272.527972039533779, 8979548.891734227538109 ], [ 767265.460972039378248, 8979545.093734228983521 ], [ 767261.69400000013411, 8979552.103000001981854 ], [ 767268.760999999940395, 8979555.901000000536442 ] ] ] ] } },
{ "type": "Feature", "properties": { "LAYER": "BANGUNAN", "GM_TYPE": "Unknown Area Type", "ELEVATION": 15.442 }, "geometry": { "type": "MultiPolygon", "coordinates": [ [ [ [ 767274.968999999808148, 8979521.154999999329448 ], [ 767272.243000000016764, 8979519.824999999254942 ], [ 767273.318059290177189, 8979517.621532613411546 ], [ 767269.133885412942618, 8979515.580097816884518 ], [ 767268.136433975887485, 8979517.624498277902603 ], [ 767265.292160778073594, 8979516.236793452873826 ], [ 767259.915055969846435, 8979527.257836842909455 ], [ 767269.669503045501187, 8979532.016976462677121 ], [ 767274.968999999808148, 8979521.154999999329448 ] ] ] ] } },
{ "type": "Feature", "properties": { "LAYER": "BANGUNAN", "GM_TYPE": "Unknown Area Type", "ELEVATION": 15.442 }, "geometry": { "type": "MultiPolygon", "coordinates": [ [ [ [ 767273.337000000057742, 8979532.58 ], [ 767280.162000000011176, 8979536.348999999463558 ], [ 767285.109830667614006, 8979527.389343773946166 ], [ 767275.792345947353169, 8979522.243907893076539 ], [ 767272.000606214045547, 8979529.110085574910045 ], [ 767274.493090933538042, 8979530.486521458253264 ], [ 767273.337000000057742, 8979532.58 ] ] ] ] } },
{ "type": "Feature", "properties": { "LAYER": "BANGUNAN", "GM_TYPE": "Unknown Area Type", "ELEVATION": 15.302 }, "geometry": { "type": "MultiPolygon", "coordinates": [ [ [ [ 767293.593999999808148, 8979510.732999999076128 ], [ 767296.468212587758899, 8979503.746002363041043 ], [ 767286.43821258796379, 8979499.620002361014485 ], [ 767283.564000000129454, 8979506.606999998912215 ], [ 767293.593999999808148, 8979510.732999999076128 ] ] ] ] } },
{ "type": "Feature", "properties": { "LAYER": "BANGUNAN", "GM_TYPE": "Unknown Area Type", "ELEVATION": 15.302 }, "geometry": { "type": "MultiPolygon", "coordinates": [ [ [ [ 767301.287999999942258, 8979485.58 ], [ 767303.67891855200287, 8979480.812212098389864 ], [ 767296.212918551871553, 8979477.068212097510695 ], [ 767293.822000000043772, 8979481.835999999195337 ], [ 767301.287999999942258, 8979485.58 ] ] ] ] } },
{ "type": "Feature", "properties": { "LAYER": "BANGUNAN", "GM_TYPE": "Unknown Area Type", "ELEVATION": 14.974 }, "geometry": { "type": "MultiPolygon", "coordinates": [ [ [ [ 767272.807999999960884, 8979401.079 ], [ 767276.593151179375127, 8979392.103170482441783 ], [ 767267.959151179180481, 8979388.462170481681824 ], [ 767264.174000000115484, 8979397.437999999150634 ], [ 767272.807999999960884, 8979401.079 ] ] ] ] } },
{ "type": "Feature", "properties": { "LAYER": "BANGUNAN", "GM_TYPE": "Unknown Area Type", "ELEVATION": 14.521 }, "geometry": { "type": "MultiPolygon", "coordinates": [ [ [ [ 767292.615999999921769, 8979346.014000000432134 ], [ 767296.849973819102161, 8979337.482542756944895 ], [ 767288.386973819113337, 8979333.282542755827308 ], [ 767284.152999999816529, 8979341.813999999314547 ], [ 767292.615999999921769, 8979346.014000000432134 ] ] ] ] } },
{ "type": "Feature", "properties": { "LAYER": "BANGUNAN", "GM_TYPE": "Unknown Area Type", "ELEVATION": 14.861 }, "geometry": { "type": "MultiPolygon", "coordinates": [ [ [ [ 767352.049999999813735, 8979386.458999998867512 ], [ 767346.640000000130385, 8979383.502000000327826 ], [ 767344.215903027332388, 8979387.937023548409343 ], [ 767349.625903027132154, 8979390.894023545086384 ], [ 767352.049999999813735, 8979386.458999998867512 ] ] ] ] } },
{ "type": "Feature", "properties": { "LAYER": "BANGUNAN", "GM_TYPE": "Unknown Area Type", "ELEVATION": 14.861 }, "geometry": { "type": "MultiPolygon", "coordinates": [ [ [ [ 767341.638999999850057, 8979389.493999999016523 ], [ 767345.816, 8979381.943000001832843 ], [ 767340.450274678762071, 8979378.974832251667976 ], [ 767336.273274678736925, 8979386.525832252576947 ], [ 767341.638999999850057, 8979389.493999999016523 ] ] ] ] } },
{ "type": "Feature", "properties": { "LAYER": "BANGUNAN", "GM_TYPE": "Unknown Area Type", "ELEVATION": 14.861 }, "geometry": { "type": "MultiPolygon", "coordinates": [ [ [ [ 767349.205999999889173, 8979369.25899999961257 ], [ 767353.990999999805354, 8979371.684000000357628 ], [ 767355.605515038711019, 8979368.498245583847165 ], [ 767350.820515039027669, 8979366.073245583102107 ], [ 767349.205999999889173, 8979369.25899999961257 ] ] ] ] } },
{ "type": "Feature", "properties": { "LAYER": "BANGUNAN", "GM_TYPE": "Unknown Area Type", "ELEVATION": 14.773 }, "geometry": { "type": "MultiPolygon", "coordinates": [ [ [ [ 767367.630000000121072, 8979351.688999999314547 ], [ 767372.268198730656877, 8979341.628835372626781 ], [ 767367.124569595907815, 8979339.257385697215796 ], [ 767365.192629096913151, 8979343.447727810591459 ], [ 767361.120258232695051, 8979341.570177480578423 ], [ 767358.41399999987334, 8979347.439999999478459 ], [ 767367.630000000121072, 8979351.688999999314547 ] ] ] ] } },
{ "type": "Feature", "properties": { "LAYER": "BANGUNAN", "GM_TYPE": "Unknown Area Type", "ELEVATION": 14.242 }, "geometry": { "type": "MultiPolygon", "coordinates": [ [ [ [ 767389.615999999805354, 8979295.76799999922514 ], [ 767382.831000000122003, 8979292.707000000402331 ], [ 767377.576680543716066, 8979304.353702882304788 ], [ 767391.593973020324484, 8979310.677495403215289 ], [ 767394.080289136851206, 8979305.166337331756949 ], [ 767388.70211846625898, 8979302.74001744762063 ], [ 767390.041503583430313, 8979299.771141907200217 ], [ 767388.187381777795963, 8979298.934669271111488 ], [ 767389.615999999805354, 8979295.76799999922514 ] ] ] ] } },
{ "type": "Feature", "properties": { "LAYER": "BANGUNAN", "GM_TYPE": "Unknown Area Type", "ELEVATION": 13.637 }, "geometry": { "type": "MultiPolygon", "coordinates": [ [ [ [ 767398.359000000054948, 8979286.075999999418855 ], [ 767402.035870242398232, 8979276.772153418511152 ], [ 767393.037870242376812, 8979273.216153418645263 ], [ 767389.360999999917112, 8979282.519999999552965 ], [ 767398.359000000054948, 8979286.075999999418855 ] ] ] ] } },
{ "type": "Feature", "properties": { "LAYER": "BANGUNAN", "GM_TYPE": "Unknown Area Type", "ELEVATION": 13.837 }, "geometry": { "type": "MultiPolygon", "coordinates": [ [ [ [ 767319.863999999826774, 8979248.080000001937151 ], [ 767323.674331292975694, 8979237.686373807489872 ], [ 767316.90133129293099, 8979235.203373808413744 ], [ 767313.091000000131316, 8979245.597000000998378 ], [ 767319.863999999826774, 8979248.080000001937151 ] ] ] ] } },
{ "type": "Feature", "properties": { "LAYER": "BANGUNAN", "GM_TYPE": "Unknown Area Type", "ELEVATION": 13.837 }, "geometry": { "type": "MultiPolygon", "coordinates": [ [ [ [ 767312.062000000034459, 8979244.501000000163913 ], [ 767315.202264522202313, 8979235.886153932660818 ], [ 767309.323264522012323, 8979233.743153931573033 ], [ 767306.182999999960884, 8979242.357999997213483 ], [ 767312.062000000034459, 8979244.501000000163913 ] ] ] ] } },
{ "type": "Feature", "properties": { "LAYER": "BANGUNAN", "GM_TYPE": "Unknown Area Type", "ELEVATION": 13.837 }, "geometry": { "type": "MultiPolygon", "coordinates": [ [ [ [ 767330.541000000201166, 8979225.534000001847744 ], [ 767336.35229756811168, 8979212.492393743246794 ], [ 767330.840990433120169, 8979210.036573110148311 ], [ 767329.543114587082528, 8979212.949242021888494 ], [ 767321.7267907949863, 8979209.466313421726227 ], [ 767318.68548034701962, 8979216.291565941646695 ], [ 767326.324111271766014, 8979219.695315176621079 ], [ 767324.852000000071712, 8979222.998999997973442 ], [ 767330.541000000201166, 8979225.534000001847744 ] ] ] ] } },
{ "type": "Feature", "properties": { "LAYER": "BANGUNAN", "GM_TYPE": "Unknown Area Type", "ELEVATION": 13.534 }, "geometry": { "type": "MultiPolygon", "coordinates": [ [ [ [ 767411.210000000195578, 8979236.763000002130866 ], [ 767414.669418065110222, 8979227.342407412827015 ], [ 767405.91441806498915, 8979224.127407412976027 ], [ 767402.45499999995809, 8979233.548000000417233 ], [ 767411.210000000195578, 8979236.763000002130866 ] ] ] ] } },
{ "type": "Feature", "properties": { "LAYER": "BANGUNAN", "GM_TYPE": "Unknown Area Type", "ELEVATION": 13.534 }, "geometry": { "type": "MultiPolygon", "coordinates": [ [ [ [ 767412.510000000125729, 8979262.823999999091029 ], [ 767416.436780796851963, 8979253.562556831166148 ], [ 767411.22678079653997, 8979251.353556830435991 ], [ 767407.299999999813735, 8979260.615000002086163 ], [ 767412.510000000125729, 8979262.823999999091029 ] ] ] ] } },
{ "type": "Feature", "properties": { "LAYER": "BANGUNAN", "GM_TYPE": "Unknown Area Type", "ELEVATION": 13.534 }, "geometry": { "type": "MultiPolygon", "coordinates": [ [ [ [ 767406.692000000039116, 8979259.838999999687076 ], [ 767409.260429293732159, 8979253.766552722081542 ], [ 767402.763429293874651, 8979251.018552720546722 ], [ 767400.194999999948777, 8979257.091 ], [ 767406.692000000039116, 8979259.838999999687076 ] ] ] ] } },
{ "type": "Feature", "properties": { "LAYER": "BANGUNAN", "GM_TYPE": "Unknown Area Type", "ELEVATION": 13.534 }, "geometry": { "type": "MultiPolygon", "coordinates": [ [ [ [ 767419.8839999998454, 8979250.67200000025332 ], [ 767419.954017001553439, 8979247.408304298296571 ], [ 767411.284017001395114, 8979247.222304301336408 ], [ 767411.214000000036322, 8979250.485999999567866 ], [ 767419.8839999998454, 8979250.67200000025332 ] ] ] ] } },
{ "type": "Feature", "properties": { "LAYER": "BANGUNAN", "GM_TYPE": "Unknown Area Type", "ELEVATION": 13.441 }, "geometry": { "type": "MultiPolygon", "coordinates": [ [ [ [ 767364.185999999986961, 8979162.78600000217557 ], [ 767368.257279744953848, 8979153.259224774315953 ], [ 767358.422279745107517, 8979149.056224772706628 ], [ 767354.350999999907799, 8979158.582999998703599 ], [ 767364.185999999986961, 8979162.78600000217557 ] ] ] ] } },
{ "type": "Feature", "properties": { "LAYER": "BANGUNAN", "GM_TYPE": "Unknown Area Type", "ELEVATION": 13.441 }, "geometry": { "type": "MultiPolygon", "coordinates": [ [ [ [ 767356.463999999803491, 8979149.861999997869134 ], [ 767358.324642058112659, 8979145.443721586838365 ], [ 767353.145642057992518, 8979143.262721586972475 ], [ 767351.285000000032596, 8979147.68099999986589 ], [ 767356.463999999803491, 8979149.861999997869134 ] ] ] ] } },
{ "type": "Feature", "properties": { "LAYER": "BANGUNAN", "GM_TYPE": "Unknown Area Type", "ELEVATION": 13.441 }, "geometry": { "type": "MultiPolygon", "coordinates": [ [ [ [ 767376.309, 8979132.146999998018146 ], [ 767379.609065357362852, 8979126.173892809078097 ], [ 767372.442399595747702, 8979122.214401599019766 ], [ 767375.21156865672674, 8979117.202214924618602 ], [ 767370.174637080635875, 8979114.419374622404575 ], [ 767367.155530634336174, 8979119.883947128430009 ], [ 767368.604127971455455, 8979120.684278639033437 ], [ 767365.554, 8979126.205 ], [ 767376.309, 8979132.146999998018146 ] ] ] ] } },
{ "type": "Feature", "properties": { "LAYER": "BANGUNAN", "GM_TYPE": "Unknown Area Type", "ELEVATION": 13.384 }, "geometry": { "type": "MultiPolygon", "coordinates": [ [ [ [ 767423.358, 8979190.206000000238419 ], [ 767426.64453548239544, 8979180.676057212054729 ], [ 767416.266535482136533, 8979177.097057212144136 ], [ 767412.979999999981374, 8979186.627000000327826 ], [ 767423.358, 8979190.206000000238419 ] ] ] ] } },
{ "type": "Feature", "properties": { "LAYER": "BANGUNAN", "GM_TYPE": "Unknown Area Type", "ELEVATION": 13.384 }, "geometry": { "type": "MultiPolygon", "coordinates": [ [ [ [ 767438.598000000114553, 8979191.659999998286366 ], [ 767441.655061605502851, 8979185.476005794480443 ], [ 767434.132061605458148, 8979181.757005792111158 ], [ 767431.074999999953434, 8979187.941000001505017 ], [ 767438.598000000114553, 8979191.659999998286366 ] ] ] ] } },
{ "type": "Feature", "properties": { "LAYER": "BANGUNAN", "GM_TYPE": "Unknown Area Type", "ELEVATION": 13.384 }, "geometry": { "type": "MultiPolygon", "coordinates": [ [ [ [ 767449.409000000101514, 8979170.049999997019768 ], [ 767452.613689942518249, 8979163.429538659751415 ], [ 767445.901689942460507, 8979160.180538658052683 ], [ 767442.696999999810942, 8979166.800999999046326 ], [ 767449.409000000101514, 8979170.049999997019768 ] ] ] ] } },
{ "type": "Feature", "properties": { "LAYER": "BANGUNAN", "GM_TYPE": "Unknown Area Type", "ELEVATION": 13.384 }, "geometry": { "type": "MultiPolygon", "coordinates": [ [ [ [ 767462.490999999921769, 8979148.080000001937151 ], [ 767465.666507245157845, 8979141.846114875748754 ], [ 767454.649507245048881, 8979136.234114874154329 ], [ 767451.473999999812804, 8979142.468000000342727 ], [ 767462.490999999921769, 8979148.080000001937151 ] ] ] ] } },
{ "type": "Feature", "properties": { "LAYER": "BANGUNAN", "GM_TYPE": "Unknown Area Type", "ELEVATION": 13.384 }, "geometry": { "type": "MultiPolygon", "coordinates": [ [ [ [ 767472.177000000141561, 8979125.271999999880791 ], [ 767474.965334725682624, 8979119.504498858004808 ], [ 767466.019334725569934, 8979115.179498856887221 ], [ 767463.231000000145286, 8979120.946999996900558 ], [ 767472.177000000141561, 8979125.271999999880791 ] ] ] ] } },
{ "type": "Feature", "properties": { "LAYER": "BANGUNAN", "GM_TYPE": "Unknown Area Type", "ELEVATION": 13.231 }, "geometry": { "type": "MultiPolygon", "coordinates": [ [ [ [ 767431.672999999951571, 8979013.093000000342727 ], [ 767425.373000000137836, 8979009.274000000208616 ], [ 767422.118820772040635, 8979014.642245387658477 ], [ 767428.418820772087201, 8979018.461245387792587 ], [ 767431.672999999951571, 8979013.093000000342727 ] ] ] ] } },
{ "type": "Feature", "properties": { "LAYER": "BANGUNAN", "GM_TYPE": "Unknown Area Type", "ELEVATION": 13.156 }, "geometry": { "type": "MultiPolygon", "coordinates": [ [ [ [ 767476.022999999928288, 8978966.2989999987185 ], [ 767468.682999999960884, 8978963.875999998301268 ], [ 767466.69117334485054, 8978969.909845503047109 ], [ 767474.031173345050775, 8978972.332845501601696 ], [ 767476.022999999928288, 8978966.2989999987185 ] ] ] ] } },
{ "type": "Feature", "properties": { "LAYER": "BANGUNAN", "GM_TYPE": "Unknown Area Type", "ELEVATION": 13.156 }, "geometry": { "type": "MultiPolygon", "coordinates": [ [ [ [ 767487.652999999932945, 8978962.415999999269843 ], [ 767489.739800439681858, 8978957.440916288644075 ], [ 767485.009800439700484, 8978955.456916287541389 ], [ 767482.922999999951571, 8978960.432 ], [ 767487.652999999932945, 8978962.415999999269843 ] ] ] ] } },
{ "type": "Feature", "properties": { "LAYER": "BANGUNAN", "GM_TYPE": "Unknown Area Type", "ELEVATION": 13.019 }, "geometry": { "type": "MultiPolygon", "coordinates": [ [ [ [ 767474.603999999817461, 8978945.501000000163913 ], [ 767465.019000000087544, 8978941.697999998927116 ], [ 767462.825284657068551, 8978947.22699330933392 ], [ 767472.410284656914882, 8978951.029993310570717 ], [ 767474.603999999817461, 8978945.501000000163913 ] ] ] ] } },
{ "type": "Feature", "properties": { "LAYER": "BANGUNAN", "GM_TYPE": "Unknown Area Type", "ELEVATION": 12.761 }, "geometry": { "type": "MultiPolygon", "coordinates": [ [ [ [ 767499.832000000053085, 8978906.951999999582767 ], [ 767489.598000000114553, 8978904.117000000551343 ], [ 767488.380350629682653, 8978908.512563902884722 ], [ 767483.476204286213033, 8978907.154028149321675 ], [ 767482.695043119252659, 8978909.973923522979021 ], [ 767492.22209631302394, 8978912.613086685538292 ], [ 767491.925023410120048, 8978913.685483189299703 ], [ 767497.53611655998975, 8978915.239855777472258 ], [ 767499.832000000053085, 8978906.951999999582767 ] ] ] ] } },
{ "type": "Feature", "properties": { "LAYER": "BANGUNAN", "GM_TYPE": "Unknown Area Type", "ELEVATION": 12.508 }, "geometry": { "type": "MultiPolygon", "coordinates": [ [ [ [ 767528.157, 8978872.821999998763204 ], [ 767531.036077231052332, 8978866.746536523103714 ], [ 767528.463605810655281, 8978865.527478268370032 ], [ 767529.364032714511268, 8978863.627386560663581 ], [ 767524.373504134709947, 8978861.262444814667106 ], [ 767520.593999999808148, 8978869.237999998033047 ], [ 767528.157, 8978872.821999998763204 ] ] ] ] } },
{ "type": "Feature", "properties": { "LAYER": "BANGUNAN", "GM_TYPE": "Unknown Area Type", "ELEVATION": 12.508 }, "geometry": { "type": "MultiPolygon", "coordinates": [ [ [ [ 767562.70499999995809, 8978892.605000000447035 ], [ 767563.44409259641543, 8978881.930124780163169 ], [ 767555.396910174866207, 8978881.372964834794402 ], [ 767555.092894803383388, 8978885.763925043866038 ], [ 767553.983077222132124, 8978885.687084995210171 ], [ 767553.547999999835156, 8978891.97099999897182 ], [ 767562.70499999995809, 8978892.605000000447035 ] ] ] ] } },
{ "type": "Feature", "properties": { "LAYER": "BANGUNAN", "GM_TYPE": "Unknown Area Type", "ELEVATION": 12.368 }, "geometry": { "type": "MultiPolygon", "coordinates": [ [ [ [ 767539.390999999945052, 8978818.698999999091029 ], [ 767539.091189178754576, 8978811.592406390234828 ], [ 767526.816910622292198, 8978812.110229942947626 ], [ 767527.329030063934624, 8978824.249300580471754 ], [ 767531.686308618402109, 8978824.065477030351758 ], [ 767531.47400000016205, 8978819.032999999821186 ], [ 767539.390999999945052, 8978818.698999999091029 ] ] ] ] } },
{ "type": "Feature", "properties": { "LAYER": "BANGUNAN", "GM_TYPE": "Unknown Area Type", "ELEVATION": 12.368 }, "geometry": { "type": "MultiPolygon", "coordinates": [ [ [ [ 767577.969000000040978, 8978814.029999999329448 ], [ 767578.028494467958808, 8978804.936789870262146 ], [ 767568.399494467768818, 8978804.873789872974157 ], [ 767568.339999999967404, 8978813.967000000178814 ], [ 767577.969000000040978, 8978814.029999999329448 ] ] ] ] } },
{ "type": "Feature", "properties": { "LAYER": "BANGUNAN", "GM_TYPE": "Unknown Area Type", "ELEVATION": 12.368 }, "geometry": { "type": "MultiPolygon", "coordinates": [ [ [ [ 767580.894000000087544, 8978776.261 ], [ 767580.949543867493048, 8978769.883910628035665 ], [ 767571.190543867298402, 8978769.798910627141595 ], [ 767571.135, 8978776.175999997183681 ], [ 767580.894000000087544, 8978776.261 ] ] ] ] } },
{ "type": "Feature", "properties": { "LAYER": "BANGUNAN", "GM_TYPE": "Unknown Area Type", "ELEVATION": 12.344 }, "geometry": { "type": "MultiPolygon", "coordinates": [ [ [ [ 767581.237000000081025, 8978743.890000000596046 ], [ 767581.445272724376991, 8978736.78749562241137 ], [ 767574.420272724586539, 8978736.581495622172952 ], [ 767574.211999999824911, 8978743.684000000357628 ], [ 767581.237000000081025, 8978743.890000000596046 ] ] ] ] } },
{ "type": "Feature", "properties": { "LAYER": "BANGUNAN", "GM_TYPE": "Unknown Area Type", "ELEVATION": 12.344 }, "geometry": { "type": "MultiPolygon", "coordinates": [ [ [ [ 767572.417999999946915, 8978718.927999999374151 ], [ 767560.392999999923632, 8978718.651000000536442 ], [ 767560.136149207130075, 8978729.801291685551405 ], [ 767565.859840007964522, 8978729.933138867840171 ], [ 767565.939201764878817, 8978726.487921789288521 ], [ 767572.240510963718407, 8978726.633074607700109 ], [ 767572.417999999946915, 8978718.927999999374151 ] ] ] ] } },
{ "type": "Feature", "properties": { "LAYER": "BANGUNAN", "GM_TYPE": "Unknown Area Type", "ELEVATION": 12.344 }, "geometry": { "type": "MultiPolygon", "coordinates": [ [ [ [ 767616.088000000105239, 8978719.784 ], [ 767606.969000000040978, 8978719.568 ], [ 767606.785561800468713, 8978727.312319170683622 ], [ 767615.90456180064939, 8978727.528319166973233 ], [ 767616.088000000105239, 8978719.784 ] ] ] ] } },
{ "type": "Feature", "properties": { "LAYER": "BANGUNAN", "GM_TYPE": "Unknown Area Type", "ELEVATION": 12.344 }, "geometry": { "type": "MultiPolygon", "coordinates": [ [ [ [ 767604.385000000125729, 8978726.853000001981854 ], [ 767604.357000000076368, 8978717.458999998867512 ], [ 767592.337444329517893, 8978717.494825799018145 ], [ 767592.355818914715201, 8978723.659498959779739 ], [ 767597.736593367299065, 8978723.64346088282764 ], [ 767597.746218783431686, 8978726.872787723317742 ], [ 767604.385000000125729, 8978726.853000001981854 ] ] ] ] } },
{ "type": "Feature", "properties": { "LAYER": "BANGUNAN", "GM_TYPE": "Unknown Area Type", "ELEVATION": 12.344 }, "geometry": { "type": "MultiPolygon", "coordinates": [ [ [ [ 767655.893999999854714, 8978717.377999998629093 ], [ 767655.940656428807415, 8978711.27797113545239 ], [ 767650.84165642876178, 8978711.238971132785082 ], [ 767650.79500000004191, 8978717.33899999782443 ], [ 767655.893999999854714, 8978717.377999998629093 ] ] ] ] } },
{ "type": "Feature", "properties": { "LAYER": "BANGUNAN", "GM_TYPE": "Unknown Area Type", "ELEVATION": 12.344 }, "geometry": { "type": "MultiPolygon", "coordinates": [ [ [ [ 767649.760000000125729, 8978716.962000001221895 ], [ 767649.789511590031907, 8978710.021310929208994 ], [ 767652.542056068312377, 8978710.033014660701156 ], [ 767652.55895113653969, 8978706.059544697403908 ], [ 767643.456406658398919, 8978706.020840967074037 ], [ 767643.410000000032596, 8978716.935000000521541 ], [ 767649.760000000125729, 8978716.962000001221895 ] ] ] ] } },
{ "type": "Feature", "properties": { "LAYER": "BANGUNAN", "GM_TYPE": "Unknown Area Type", "ELEVATION": 12.344 }, "geometry": { "type": "MultiPolygon", "coordinates": [ [ [ [ 767640.868000000016764, 8978718.256000000983477 ], [ 767641.006547484081239, 8978714.557713586837053 ], [ 767638.977616810589097, 8978714.481704534962773 ], [ 767639.073928330210038, 8978711.910834448412061 ], [ 767634.749859003117308, 8978711.748843498528004 ], [ 767634.51500000001397, 8978718.01799999922514 ], [ 767640.868000000016764, 8978718.256000000983477 ] ] ] ] } },
{ "type": "Feature", "properties": { "LAYER": "BANGUNAN", "GM_TYPE": "Unknown Area Type", "ELEVATION": 12.344 }, "geometry": { "type": "MultiPolygon", "coordinates": [ [ [ [ 767651.804000000120141, 8978741.363999998196959 ], [ 767651.986999999848194, 8978727.617000000551343 ], [ 767642.785543253296055, 8978727.494510252028704 ], [ 767642.60254325310234, 8978741.241510251536965 ], [ 767651.804000000120141, 8978741.363999998196959 ] ] ] ] } },
{ "type": "Feature", "properties": { "LAYER": "BANGUNAN", "GM_TYPE": "Unknown Area Type", "ELEVATION": 12.344 }, "geometry": { "type": "MultiPolygon", "coordinates": [ [ [ [ 767651.280999999959022, 8978761.479000000283122 ], [ 767651.467838950338773, 8978753.558221137151122 ], [ 767643.511262143147178, 8978753.370537765324116 ], [ 767643.426534014637582, 8978756.962469503283501 ], [ 767641.352680095122196, 8978756.913550488650799 ], [ 767641.297563637373969, 8978759.250136457383633 ], [ 767643.357994366553612, 8978759.298738839104772 ], [ 767643.311000000103377, 8978761.290999999269843 ], [ 767651.280999999959022, 8978761.479000000283122 ] ] ] ] } },
{ "type": "Feature", "properties": { "LAYER": "BANGUNAN", "GM_TYPE": "Unknown Area Type", "ELEVATION": 12.344 }, "geometry": { "type": "MultiPolygon", "coordinates": [ [ [ [ 767651.839000000036322, 8978752.882999999448657 ], [ 767652.014113783137873, 8978747.469677217304707 ], [ 767650.599550272687338, 8978747.423917973414063 ], [ 767650.725773695623502, 8978743.521951356902719 ], [ 767645.780541500425898, 8978743.361979681998491 ], [ 767645.637422658735886, 8978747.786237290129066 ], [ 767641.672218365129083, 8978747.657968211919069 ], [ 767641.514000000082888, 8978752.5489999987185 ], [ 767651.839000000036322, 8978752.882999999448657 ] ] ] ] } },
{ "type": "Feature", "properties": { "LAYER": "BANGUNAN", "GM_TYPE": "Unknown Area Type", "ELEVATION": 12.344 }, "geometry": { "type": "MultiPolygon", "coordinates": [ [ [ [ 767654.37300000002142, 8978794.5489999987185 ], [ 767654.470831463113427, 8978790.088028073310852 ], [ 767651.167231009574607, 8978790.015578377991915 ], [ 767651.228977719787508, 8978787.20001851581037 ], [ 767642.038578173262067, 8978786.998468216508627 ], [ 767641.878999999840744, 8978794.275000002235174 ], [ 767654.37300000002142, 8978794.5489999987185 ] ] ] ] } },
{ "type": "Feature", "properties": { "LAYER": "BANGUNAN", "GM_TYPE": "Unknown Area Type", "ELEVATION": 12.344 }, "geometry": { "type": "MultiPolygon", "coordinates": [ [ [ [ 767668.750999999814667, 8978821.271000001579523 ], [ 767668.709000000031665, 8978819.046000001952052 ], [ 767669.610640354338102, 8978819.028980271890759 ], [ 767669.397519077640027, 8978807.738627023994923 ], [ 767662.237782599870116, 8978807.873777104541659 ], [ 767662.422158865258098, 8978817.641329219564795 ], [ 767663.862744337762706, 8978817.614136144518852 ], [ 767663.933489350602031, 8978821.361937277019024 ], [ 767668.750999999814667, 8978821.271000001579523 ] ] ] ] } },
{ "type": "Feature", "properties": { "LAYER": "BANGUNAN", "GM_TYPE": "Unknown Area Type", "ELEVATION": 12.344 }, "geometry": { "type": "MultiPolygon", "coordinates": [ [ [ [ 767653.310000000055879, 8978819.287999998778105 ], [ 767653.326429847977124, 8978806.505577024072409 ], [ 767644.84014567907434, 8978806.494669204577804 ], [ 767644.832823811564595, 8978812.191082157194614 ], [ 767647.873107981053181, 8978812.194989977404475 ], [ 767647.863999999826774, 8978819.280999999493361 ], [ 767653.310000000055879, 8978819.287999998778105 ] ] ] ] } },
{ "type": "Feature", "properties": { "LAYER": "BANGUNAN", "GM_TYPE": "Unknown Area Type", "ELEVATION": 12.344 }, "geometry": { "type": "MultiPolygon", "coordinates": [ [ [ [ 767621.490999999921769, 8978819.530999999493361 ], [ 767621.91251947497949, 8978810.431202627718449 ], [ 767612.262300493079238, 8978809.984186608344316 ], [ 767612.104308062349446, 8978813.394940342754126 ], [ 767613.421527042170055, 8978813.455956364050508 ], [ 767613.157999999821186, 8978819.14500000141561 ], [ 767621.490999999921769, 8978819.530999999493361 ] ] ] ] } },
{ "type": "Feature", "properties": { "LAYER": "BANGUNAN", "GM_TYPE": "Unknown Area Type", "ELEVATION": 12.344 }, "geometry": { "type": "MultiPolygon", "coordinates": [ [ [ [ 767610.98700000019744, 8978819.946000000461936 ], [ 767611.250436861300841, 8978810.119006872177124 ], [ 767603.072524907649495, 8978809.89977771230042 ], [ 767602.932691615191288, 8978815.115983255207539 ], [ 767606.186603567446582, 8978815.203212413936853 ], [ 767606.063000000198372, 8978819.813999999314547 ], [ 767610.98700000019744, 8978819.946000000461936 ] ] ] ] } },
{ "type": "Feature", "properties": { "LAYER": "BANGUNAN", "GM_TYPE": "Unknown Area Type", "ELEVATION": 13.042 }, "geometry": { "type": "MultiPolygon", "coordinates": [ [ [ [ 767440.682000000029802, 8978614.114 ], [ 767451.786617938079871, 8978614.406028892844915 ], [ 767452.441558554535732, 8978589.50142021663487 ], [ 767448.491039366577752, 8978589.397529589012265 ], [ 767448.535098754800856, 8978587.72213826328516 ], [ 767441.380999999935739, 8978587.534 ], [ 767440.682000000029802, 8978614.114 ] ] ] ] } },
{ "type": "Feature", "properties": { "LAYER": "BANGUNAN", "GM_TYPE": "Unknown Area Type", "ELEVATION": 12.722 }, "geometry": { "type": "MultiPolygon", "coordinates": [ [ [ [ 767479.617000000085682, 8978571.228000001981854 ], [ 767479.677964463247918, 8978568.023354837670922 ], [ 767475.65153763955459, 8978567.946756979450583 ], [ 767475.601450560148805, 8978570.579623881727457 ], [ 767449.122709733783267, 8978570.075898153707385 ], [ 767448.901626926613972, 8978581.697290562093258 ], [ 767479.555549517623149, 8978582.280444027855992 ], [ 767479.605979169718921, 8978579.629569534212351 ], [ 767487.44722422817722, 8978579.778739649802446 ], [ 767487.607000000076368, 8978571.379999998956919 ], [ 767479.617000000085682, 8978571.228000001981854 ] ] ] ] } },
{ "type": "Feature", "properties": { "LAYER": "BANGUNAN", "GM_TYPE": "Unknown Area Type", "ELEVATION": 12.829 }, "geometry": { "type": "MultiPolygon", "coordinates": [ [ [ [ 767398.664999999804422, 8978548.636000001803041 ], [ 767387.914000000106171, 8978548.824999997392297 ], [ 767388.094609253923409, 8978559.098704215139151 ], [ 767398.845609253854491, 8978558.909704215824604 ], [ 767398.664999999804422, 8978548.636000001803041 ] ] ] ] } },
{ "type": "Feature", "properties": { "LAYER": "BANGUNAN", "GM_TYPE": "Unknown Area Type", "ELEVATION": null }, "geometry": { "type": "MultiPolygon", "coordinates": [ [ [ [ 767538.671000000205822, 8978538.195000000298023 ], [ 767535.163929231232032, 8978538.169154647737741 ], [ 767535.189073335612193, 8978534.757239297032356 ], [ 767530.814909959794022, 8978534.725003905594349 ], [ 767530.717765856301412, 8978547.906919257715344 ], [ 767538.598999999812804, 8978547.964999999850988 ], [ 767538.671000000205822, 8978538.195000000298023 ] ] ] ] } },
{ "type": "Feature", "properties": { "LAYER": "BANGUNAN", "GM_TYPE": "Unknown Area Type", "ELEVATION": 11.282 }, "geometry": { "type": "MultiPolygon", "coordinates": [ [ [ [ 767529.229999999864958, 8978548.05799999833107 ], [ 767529.349000000045635, 8978535.35700000077486 ], [ 767524.284475009888411, 8978535.309548737481236 ], [ 767524.257914856192656, 8978538.144342945888638 ], [ 767521.486883299890906, 8978538.118380201980472 ], [ 767521.394443451194093, 8978547.98458599857986 ], [ 767529.229999999864958, 8978548.05799999833107 ] ] ] ] } },
{ "type": "Feature", "properties": { "LAYER": "BANGUNAN", "GM_TYPE": "Unknown Area Type", "ELEVATION": 11.167 }, "geometry": { "type": "MultiPolygon", "coordinates": [ [ [ [ 767581.232000000076368, 8978546.346999999135733 ], [ 767581.335609468864277, 8978538.30750585719943 ], [ 767565.273609469062649, 8978538.100505856797099 ], [ 767565.17000000004191, 8978546.140000000596046 ], [ 767581.232000000076368, 8978546.346999999135733 ] ] ] ] } },
{ "type": "Feature", "properties": { "LAYER": "BANGUNAN", "GM_TYPE": "Unknown Area Type", "ELEVATION": 11.167 }, "geometry": { "type": "MultiPolygon", "coordinates": [ [ [ [ 767606.442000000039116, 8978546.565999999642372 ], [ 767606.635127459536307, 8978537.612307699397206 ], [ 767584.196127459523268, 8978537.128307702019811 ], [ 767584.003000000026077, 8978546.082000000402331 ], [ 767606.442000000039116, 8978546.565999999642372 ] ] ] ] } },
{ "type": "Feature", "properties": { "LAYER": "BANGUNAN", "GM_TYPE": "Unknown Area Type", "ELEVATION": 11.052 }, "geometry": { "type": "MultiPolygon", "coordinates": [ [ [ [ 767672.341000000131316, 8978536.730000000447035 ], [ 767667.264375350205228, 8978536.615329718217254 ], [ 767667.174693576991558, 8978540.585675617679954 ], [ 767665.969907005433924, 8978540.558462018147111 ], [ 767665.838588775950484, 8978546.372116120532155 ], [ 767672.12, 8978546.514000000432134 ], [ 767672.341000000131316, 8978536.730000000447035 ] ] ] ] } },
{ "type": "Feature", "properties": { "LAYER": "BANGUNAN", "GM_TYPE": "Unknown Area Type", "ELEVATION": 11.052 }, "geometry": { "type": "MultiPolygon", "coordinates": [ [ [ [ 767708.740999999921769, 8978524.304999999701977 ], [ 767708.767654648283496, 8978517.314998669549823 ], [ 767699.064654648071155, 8978517.277998674660921 ], [ 767699.037999999825843, 8978524.26799999922514 ], [ 767708.740999999921769, 8978524.304999999701977 ] ] ] ] } },
{ "type": "Feature", "properties": { "LAYER": "BANGUNAN", "GM_TYPE": "Unknown Area Type", "ELEVATION": 11.052 }, "geometry": { "type": "MultiPolygon", "coordinates": [ [ [ [ 767716.057999999960884, 8978532.014000000432134 ], [ 767700.403999999864027, 8978531.752999998629093 ], [ 767700.236435395199805, 8978541.803024234250188 ], [ 767715.890435394831002, 8978542.064024232327938 ], [ 767716.057999999960884, 8978532.014000000432134 ] ] ] ] } },
{ "type": "Feature", "properties": { "LAYER": "BANGUNAN", "GM_TYPE": "Unknown Area Type", "ELEVATION": 11.052 }, "geometry": { "type": "MultiPolygon", "coordinates": [ [ [ [ 767720.892999999807216, 8978543.842000000178814 ], [ 767731.066277698264457, 8978543.963267769664526 ], [ 767731.222277698223479, 8978530.876267770305276 ], [ 767721.049000000115484, 8978530.754999998956919 ], [ 767720.892999999807216, 8978543.842000000178814 ] ] ] ] } },
{ "type": "Feature", "properties": { "LAYER": "BANGUNAN", "GM_TYPE": "Unknown Area Type", "ELEVATION": 11.052 }, "geometry": { "type": "MultiPolygon", "coordinates": [ [ [ [ 767700.35999999998603, 8978551.971999999135733 ], [ 767700.314999999944121, 8978564.91499999910593 ], [ 767710.134896860457957, 8978564.949141649529338 ], [ 767710.161838788306341, 8978557.200044430792332 ], [ 767704.958384603727609, 8978557.181953150779009 ], [ 767704.976442675571889, 8978551.988050367683172 ], [ 767700.35999999998603, 8978551.971999999135733 ] ] ] ] } },
{ "type": "Feature", "properties": { "LAYER": "BANGUNAN", "GM_TYPE": "Unknown Area Type", "ELEVATION": 10.829 }, "geometry": { "type": "MultiPolygon", "coordinates": [ [ [ [ 767831.155999999959022, 8978612.041999999433756 ], [ 767821.003000000142492, 8978611.823999999091029 ], [ 767820.846416263608262, 8978619.116636116057634 ], [ 767830.999416263541207, 8978619.334636116400361 ], [ 767831.155999999959022, 8978612.041999999433756 ] ] ] ] } },
{ "type": "Feature", "properties": { "LAYER": "BANGUNAN", "GM_TYPE": "Unknown Area Type", "ELEVATION": 11.717 }, "geometry": { "type": "MultiPolygon", "coordinates": [ [ [ [ 767709.527000000118278, 8978637.339999999850988 ], [ 767702.341000000131316, 8978637.462000001221895 ], [ 767702.456634426605888, 8978644.2730573117733 ], [ 767709.642634426592849, 8978644.151057308539748 ], [ 767709.527000000118278, 8978637.339999999850988 ] ] ] ] } },
{ "type": "Feature", "properties": { "LAYER": "BANGUNAN", "GM_TYPE": "Unknown Area Type", "ELEVATION": 11.717 }, "geometry": { "type": "MultiPolygon", "coordinates": [ [ [ [ 767710.63799999980256, 8978645.523 ], [ 767715.748246864415705, 8978645.434151895344257 ], [ 767715.628246864420362, 8978638.532151894643903 ], [ 767710.517999999807216, 8978638.620999999344349 ], [ 767710.63799999980256, 8978645.523 ] ] ] ] } },
{ "type": "Feature", "properties": { "LAYER": "BANGUNAN", "GM_TYPE": "Unknown Area Type", "ELEVATION": 11.717 }, "geometry": { "type": "MultiPolygon", "coordinates": [ [ [ [ 767712.258000000147149, 8978664.312999999150634 ], [ 767712.366047960938886, 8978654.507989460602403 ], [ 767698.028047960833646, 8978654.349989462643862 ], [ 767697.919999999809079, 8978664.154999999329448 ], [ 767712.258000000147149, 8978664.312999999150634 ] ] ] ] } },
{ "type": "Feature", "properties": { "LAYER": "BANGUNAN", "GM_TYPE": "Unknown Area Type", "ELEVATION": 11.717 }, "geometry": { "type": "MultiPolygon", "coordinates": [ [ [ [ 767709.827999999979511, 8978653.625000001862645 ], [ 767709.730999999912456, 8978647.28600000217557 ], [ 767702.902505306527019, 8978647.390490295365453 ], [ 767702.999505306594074, 8978653.729490293189883 ], [ 767709.827999999979511, 8978653.625000001862645 ] ] ] ] } },
{ "type": "Feature", "properties": { "LAYER": "BANGUNAN", "GM_TYPE": "Unknown Area Type", "ELEVATION": 11.717 }, "geometry": { "type": "MultiPolygon", "coordinates": [ [ [ [ 767710.15099999983795, 8978684.412000000476837 ], [ 767709.808530964422971, 8978672.803023219108582 ], [ 767706.011331792804413, 8978672.915041975677013 ], [ 767706.125618952210061, 8978676.789135238155723 ], [ 767700.295818124082871, 8978676.96111648157239 ], [ 767700.52399999985937, 8978684.696000000461936 ], [ 767710.15099999983795, 8978684.412000000476837 ] ] ] ] } },
{ "type": "Feature", "properties": { "LAYER": "BANGUNAN", "GM_TYPE": "Unknown Area Type", "ELEVATION": 11.717 }, "geometry": { "type": "MultiPolygon", "coordinates": [ [ [ [ 767711.749000000068918, 8978684.767000000923872 ], [ 767715.877505023381673, 8978684.734589466825128 ], [ 767715.841284884372726, 8978680.120810875669122 ], [ 767719.600643355632201, 8978680.091298300772905 ], [ 767719.560863495920785, 8978675.024076890200377 ], [ 767711.672999999951571, 8978675.085999999195337 ], [ 767711.749000000068918, 8978684.767000000923872 ] ] ] ] } },
{ "type": "Feature", "properties": { "LAYER": "BANGUNAN", "GM_TYPE": "Unknown Area Type", "ELEVATION": 11.717 }, "geometry": { "type": "MultiPolygon", "coordinates": [ [ [ [ 767752.87300000002142, 8978672.848999999463558 ], [ 767740.639000000082888, 8978673.082999996840954 ], [ 767740.701686116401106, 8978676.360358761623502 ], [ 767737.805409817607142, 8978676.415755907073617 ], [ 767737.961897735949606, 8978684.597265256568789 ], [ 767753.092174033867195, 8978684.307868111878633 ], [ 767752.87300000002142, 8978672.848999999463558 ] ] ] ] } },
{ "type": "Feature", "properties": { "LAYER": "BANGUNAN", "GM_TYPE": "Unknown Area Type", "ELEVATION": 12.126 }, "geometry": { "type": "MultiPolygon", "coordinates": [ [ [ [ 767702.365999999805354, 8978697.553999999538064 ], [ 767702.331999999820255, 8978706.117999998852611 ], [ 767709.528778699110262, 8978706.146571982651949 ], [ 767709.56277869886253, 8978697.582571985200047 ], [ 767702.365999999805354, 8978697.553999999538064 ] ] ] ] } },
{ "type": "Feature", "properties": { "LAYER": "BANGUNAN", "GM_TYPE": "Unknown Area Type", "ELEVATION": 12.126 }, "geometry": { "type": "MultiPolygon", "coordinates": [ [ [ [ 767710.045999999972992, 8978705.488000001758337 ], [ 767716.560588001506403, 8978705.566084379330277 ], [ 767716.653588001616299, 8978697.807084377855062 ], [ 767710.139000000082888, 8978697.729000000283122 ], [ 767710.045999999972992, 8978705.488000001758337 ] ] ] ] } },
{ "type": "Feature", "properties": { "LAYER": "BANGUNAN", "GM_TYPE": "Unknown Area Type", "ELEVATION": 12.187 }, "geometry": { "type": "MultiPolygon", "coordinates": [ [ [ [ 767702.425999999977648, 8978717.230000000447035 ], [ 767702.612407053587958, 8978724.145517077296972 ], [ 767710.106407053419389, 8978723.94351707585156 ], [ 767709.919999999809079, 8978717.027999999001622 ], [ 767702.425999999977648, 8978717.230000000447035 ] ] ] ] } },
{ "type": "Feature", "properties": { "LAYER": "BANGUNAN", "GM_TYPE": "Unknown Area Type", "ELEVATION": 12.187 }, "geometry": { "type": "MultiPolygon", "coordinates": [ [ [ [ 767711.531000000191852, 8978724.502999998629093 ], [ 767717.769286487950012, 8978724.66290838830173 ], [ 767717.941286487970501, 8978717.952908385545015 ], [ 767711.703000000212342, 8978717.792999999597669 ], [ 767711.531000000191852, 8978724.502999998629093 ] ] ] ] } },
{ "type": "Feature", "properties": { "LAYER": "BANGUNAN", "GM_TYPE": "Unknown Area Type", "ELEVATION": 12.277 }, "geometry": { "type": "MultiPolygon", "coordinates": [ [ [ [ 767718.435999999986961, 8978760.302999999374151 ], [ 767718.409016465418972, 8978753.570829408243299 ], [ 767703.190016465610825, 8978753.631829407066107 ], [ 767703.217000000062399, 8978760.36400000192225 ], [ 767718.435999999986961, 8978760.302999999374151 ] ] ] ] } },
{ "type": "Feature", "properties": { "LAYER": "BANGUNAN", "GM_TYPE": "Unknown Area Type", "ELEVATION": 12.277 }, "geometry": { "type": "MultiPolygon", "coordinates": [ [ [ [ 767702.830999999889173, 8978780.422000002115965 ], [ 767710.775544041534886, 8978780.601468581706285 ], [ 767710.951544041279703, 8978772.810468582436442 ], [ 767703.006999999983236, 8978772.631000000983477 ], [ 767702.830999999889173, 8978780.422000002115965 ] ] ] ] } },
{ "type": "Feature", "properties": { "LAYER": "BANGUNAN", "GM_TYPE": "Unknown Area Type", "ELEVATION": 12.319 }, "geometry": { "type": "MultiPolygon", "coordinates": [ [ [ [ 767655.117000000085682, 8978841.450999999418855 ], [ 767647.052000000141561, 8978841.481999998912215 ], [ 767647.079465737449937, 8978848.62752179056406 ], [ 767655.144465737394057, 8978848.596521789208055 ], [ 767655.117000000085682, 8978841.450999999418855 ] ] ] ] } },
{ "type": "Feature", "properties": { "LAYER": "BANGUNAN", "GM_TYPE": "Unknown Area Type", "ELEVATION": 12.319 }, "geometry": { "type": "MultiPolygon", "coordinates": [ [ [ [ 767654.528999999864027, 8978861.448999999091029 ], [ 767643.746999999973923, 8978861.673000000417233 ], [ 767643.893915133550763, 8978868.74460250325501 ], [ 767654.675915133790113, 8978868.520602501928806 ], [ 767654.528999999864027, 8978861.448999999091029 ] ] ] ] } },
{ "type": "Feature", "properties": { "LAYER": "BANGUNAN", "GM_TYPE": "Unknown Area Type", "ELEVATION": 12.319 }, "geometry": { "type": "MultiPolygon", "coordinates": [ [ [ [ 767654.659000000101514, 8978881.581000002101064 ], [ 767647.228, 8978881.535000002011657 ], [ 767647.180859604733996, 8978889.150223422795534 ], [ 767654.61185960448347, 8978889.196223422884941 ], [ 767654.659000000101514, 8978881.581000002101064 ] ] ] ] } },
{ "type": "Feature", "properties": { "LAYER": "BANGUNAN", "GM_TYPE": "Unknown Area Type", "ELEVATION": 12.319 }, "geometry": { "type": "MultiPolygon", "coordinates": [ [ [ [ 767645.691999999806285, 8978889.021999999880791 ], [ 767645.680000000051223, 8978881.476999998092651 ], [ 767637.43283048842568, 8978881.490116773173213 ], [ 767637.444830488762818, 8978889.035116773098707 ], [ 767645.691999999806285, 8978889.021999999880791 ] ] ] ] } },
{ "type": "Feature", "properties": { "LAYER": "BANGUNAN", "GM_TYPE": "Unknown Area Type", "ELEVATION": 12.319 }, "geometry": { "type": "MultiPolygon", "coordinates": [ [ [ [ 767656.012000000104308, 8978929.156999999657273 ], [ 767655.973321081721224, 8978922.101885477080941 ], [ 767638.280321081751026, 8978922.198885474354029 ], [ 767638.319000000017695, 8978929.254000000655651 ], [ 767656.012000000104308, 8978929.156999999657273 ] ] ] ] } },
{ "type": "Feature", "properties": { "LAYER": "BANGUNAN", "GM_TYPE": "Unknown Area Type", "ELEVATION": 12.319 }, "geometry": { "type": "MultiPolygon", "coordinates": [ [ [ [ 767654.770000000018626, 8979049.053999997675419 ], [ 767654.665412012953311, 8979041.543737331405282 ], [ 767647.556412013014778, 8979041.642737332731485 ], [ 767647.660999999963678, 8979049.152999999001622 ], [ 767654.770000000018626, 8979049.053999997675419 ] ] ] ] } },
{ "type": "Feature", "properties": { "LAYER": "BANGUNAN", "GM_TYPE": "Unknown Area Type", "ELEVATION": 12.319 }, "geometry": { "type": "MultiPolygon", "coordinates": [ [ [ [ 767654.468000000109896, 8979061.612999999895692 ], [ 767647.015999999945052, 8979061.493999999016523 ], [ 767646.88832119142171, 8979069.489482982084155 ], [ 767654.340321191586554, 8979069.608482982963324 ], [ 767654.468000000109896, 8979061.612999999895692 ] ] ] ] } },
{ "type": "Feature", "properties": { "LAYER": "BANGUNAN", "GM_TYPE": "Unknown Area Type", "ELEVATION": 12.34 }, "geometry": { "type": "MultiPolygon", "coordinates": [ [ [ [ 767654.542999999946915, 8979081.698999999091029 ], [ 767643.819999999832362, 8979081.728000000119209 ], [ 767643.841384887462482, 8979089.635246213525534 ], [ 767654.564384887344204, 8979089.606246212497354 ], [ 767654.542999999946915, 8979081.698999999091029 ] ] ] ] } },
{ "type": "Feature", "properties": { "LAYER": "BANGUNAN", "GM_TYPE": "Unknown Area Type", "ELEVATION": 12.34 }, "geometry": { "type": "MultiPolygon", "coordinates": [ [ [ [ 767709.959000000031665, 8979126.299999998882413 ], [ 767710.044051948469132, 8979119.178913619369268 ], [ 767702.090051948442124, 8979119.083913624286652 ], [ 767702.005, 8979126.205 ], [ 767709.959000000031665, 8979126.299999998882413 ] ] ] ] } },
{ "type": "Feature", "properties": { "LAYER": "BANGUNAN", "GM_TYPE": "Unknown Area Type", "ELEVATION": 12.34 }, "geometry": { "type": "MultiPolygon", "coordinates": [ [ [ [ 767713.040000000037253, 8979047.659 ], [ 767713.128044686978683, 8979039.091804303228855 ], [ 767701.64604468701873, 8979038.973804300650954 ], [ 767701.557999999844469, 8979047.540999999269843 ], [ 767713.040000000037253, 8979047.659 ] ] ] ] } },
{ "type": "Feature", "properties": { "LAYER": "BANGUNAN", "GM_TYPE": "Unknown Area Type", "ELEVATION": 12.34 }, "geometry": { "type": "MultiPolygon", "coordinates": [ [ [ [ 767710.00200000021141, 8979006.282999999821186 ], [ 767710.031462347600609, 8979003.932929443195462 ], [ 767718.315728290588595, 8979004.036787567660213 ], [ 767718.378462127642706, 8978999.032809453085065 ], [ 767700.921196184353903, 8978998.813951328396797 ], [ 767700.829000000027008, 8979006.167999999597669 ], [ 767710.00200000021141, 8979006.282999999821186 ] ] ] ] } },
{ "type": "Feature", "properties": { "LAYER": "BANGUNAN", "GM_TYPE": "Unknown Area Type", "ELEVATION": 12.34 }, "geometry": { "type": "MultiPolygon", "coordinates": [ [ [ [ 767717.684999999823049, 8978945.312000000849366 ], [ 767717.806171044707298, 8978941.198916202411056 ], [ 767710.279000000213273, 8978940.739 ], [ 767710.143880029558204, 8978940.042347338050604 ], [ 767700.933598915929906, 8978939.771013362333179 ], [ 767700.728961910470389, 8978946.717302830889821 ], [ 767710.296932671684772, 8978946.999174309894443 ], [ 767710.353000000119209, 8978945.096000000834465 ], [ 767717.684999999823049, 8978945.312000000849366 ] ] ] ] } },
{ "type": "Feature", "properties": { "LAYER": "BANGUNAN", "GM_TYPE": "Unknown Area Type", "ELEVATION": 12.34 }, "geometry": { "type": "MultiPolygon", "coordinates": [ [ [ [ 767710.819000000017695, 8978927.690999999642372 ], [ 767710.983323255204596, 8978915.981279810890555 ], [ 767700.579323254874907, 8978915.835279813036323 ], [ 767700.414999999804422, 8978927.545000001788139 ], [ 767710.819000000017695, 8978927.690999999642372 ] ] ] ] } },
{ "type": "Feature", "properties": { "LAYER": "BANGUNAN", "GM_TYPE": "Unknown Area Type", "ELEVATION": 12.34 }, "geometry": { "type": "MultiPolygon", "coordinates": [ [ [ [ 767714.740999999805354, 8978907.934000002220273 ], [ 767714.746844508568756, 8978897.423905288800597 ], [ 767702.158844508579932, 8978897.416905287653208 ], [ 767702.153000000165775, 8978907.926999999210238 ], [ 767714.740999999805354, 8978907.934000002220273 ] ] ] ] } },
{ "type": "Feature", "properties": { "LAYER": "BANGUNAN", "GM_TYPE": "Unknown Area Type", "ELEVATION": 12.34 }, "geometry": { "type": "MultiPolygon", "coordinates": [ [ [ [ 767712.518999999854714, 8978867.809000000357628 ], [ 767712.676073164329864, 8978865.422886703163385 ], [ 767716.568455744418316, 8978865.679114621132612 ], [ 767716.931777265970595, 8978860.159863013774157 ], [ 767702.509233287186362, 8978859.210455195978284 ], [ 767702.242123337346129, 8978863.268147710710764 ], [ 767696.396284736460075, 8978862.883327607065439 ], [ 767696.142999999923632, 8978866.731000000610948 ], [ 767712.518999999854714, 8978867.809000000357628 ] ] ] ] } },
{ "type": "Feature", "properties": { "LAYER": "BANGUNAN", "GM_TYPE": "Unknown Area Type", "ELEVATION": 12.34 }, "geometry": { "type": "MultiPolygon", "coordinates": [ [ [ [ 767703.142999999807216, 8978851.764999998733401 ], [ 767710.90320625458844, 8978852.089795148000121 ], [ 767711.499206254491583, 8978837.849795149639249 ], [ 767703.738999999826774, 8978837.525000000372529 ], [ 767703.142999999807216, 8978851.764999998733401 ] ] ] ] } },
{ "type": "Feature", "properties": { "LAYER": "BANGUNAN", "GM_TYPE": "Unknown Area Type", "ELEVATION": 11.055 }, "geometry": { "type": "MultiPolygon", "coordinates": [ [ [ [ 767913.199999999953434, 8979207.158000001683831 ], [ 767913.392996282083914, 8979198.875736271962523 ], [ 767906.39799628185574, 8979198.712736273184419 ], [ 767906.20499999995809, 8979206.994999999180436 ], [ 767913.199999999953434, 8979207.158000001683831 ] ] ] ] } },
{ "type": "Feature", "properties": { "LAYER": "BANGUNAN", "GM_TYPE": "Unknown Area Type", "ELEVATION": 11.055 }, "geometry": { "type": "MultiPolygon", "coordinates": [ [ [ [ 767967.957999999984168, 8979206.386000001803041 ], [ 767968.322828614502214, 8979199.138005442917347 ], [ 767961.011828614515252, 8979198.770005444064736 ], [ 767960.647, 8979206.01799999922514 ], [ 767967.957999999984168, 8979206.386000001803041 ] ] ] ] } },
{ "type": "Feature", "properties": { "LAYER": "BANGUNAN", "GM_TYPE": "Unknown Area Type", "ELEVATION": 11.055 }, "geometry": { "type": "MultiPolygon", "coordinates": [ [ [ [ 767969.304, 8979166.207999996840954 ], [ 767969.350044982857071, 8979159.737194493412971 ], [ 767960.637044982868247, 8979159.675194496288896 ], [ 767960.591000000131316, 8979166.145999999716878 ], [ 767969.304, 8979166.207999996840954 ] ] ] ] } },
{ "type": "Feature", "properties": { "LAYER": "BANGUNAN", "GM_TYPE": "Unknown Area Type", "ELEVATION": 11.055 }, "geometry": { "type": "MultiPolygon", "coordinates": [ [ [ [ 767965.047999999835156, 8979141.276000000536442 ], [ 767965.508073910023086, 8979133.246794437989593 ], [ 767950.604073910042644, 8979132.392794435843825 ], [ 767950.144000000087544, 8979140.42200000025332 ], [ 767965.047999999835156, 8979141.276000000536442 ] ] ] ] } },
{ "type": "Feature", "properties": { "LAYER": "BANGUNAN", "GM_TYPE": "Unknown Area Type", "ELEVATION": 11.055 }, "geometry": { "type": "MultiPolygon", "coordinates": [ [ [ [ 767915.929999999818392, 8979068.950999999418855 ], [ 767916.038627631263807, 8979061.50535180605948 ], [ 767906.442627631593496, 8979061.365351807326078 ], [ 767906.334000000031665, 8979068.810999998822808 ], [ 767915.929999999818392, 8979068.950999999418855 ] ] ] ] } },
{ "type": "Feature", "properties": { "LAYER": "BANGUNAN", "GM_TYPE": "Unknown Area Type", "ELEVATION": 10.817 }, "geometry": { "type": "MultiPolygon", "coordinates": [ [ [ [ 767968.264000000082888, 8979046.981999998912215 ], [ 767968.266840831725858, 8979040.024091050028801 ], [ 767958.469840831705369, 8979040.020091051235795 ], [ 767958.467000000062399, 8979046.977999998256564 ], [ 767968.264000000082888, 8979046.981999998912215 ] ] ] ] } },
{ "type": "Feature", "properties": { "LAYER": "BANGUNAN", "GM_TYPE": "Unknown Area Type", "ELEVATION": 10.817 }, "geometry": { "type": "MultiPolygon", "coordinates": [ [ [ [ 767972.69400000013411, 8979027.462000001221895 ], [ 767972.659332209965214, 8979020.615111421793699 ], [ 767959.624332209816203, 8979020.681111425161362 ], [ 767959.659000000101514, 8979027.527999999001622 ], [ 767972.69400000013411, 8979027.462000001221895 ] ] ] ] } },
{ "type": "Feature", "properties": { "LAYER": "BANGUNAN", "GM_TYPE": "Unknown Area Type", "ELEVATION": 10.817 }, "geometry": { "type": "MultiPolygon", "coordinates": [ [ [ [ 767967.807999999844469, 8979008.007000001147389 ], [ 767967.988033121451735, 8978999.896798210218549 ], [ 767959.609033121261746, 8978999.710798209533095 ], [ 767959.429, 8979007.821000000461936 ], [ 767967.807999999844469, 8979008.007000001147389 ] ] ] ] } },
{ "type": "Feature", "properties": { "LAYER": "BANGUNAN", "GM_TYPE": "Unknown Area Type", "ELEVATION": 10.817 }, "geometry": { "type": "MultiPolygon", "coordinates": [ [ [ [ 767917.005, 8979007.312000000849366 ], [ 767917.018757036072202, 8978998.189556207507849 ], [ 767905.082757035968825, 8978998.171556208282709 ], [ 767905.06900000013411, 8979007.293999999761581 ], [ 767917.005, 8979007.312000000849366 ] ] ] ] } },
{ "type": "Feature", "properties": { "LAYER": "BANGUNAN", "GM_TYPE": "Unknown Area Type", "ELEVATION": 10.497 }, "geometry": { "type": "MultiPolygon", "coordinates": [ [ [ [ 767913.076000000117347, 8978990.117000000551343 ], [ 767913.255, 8978983.629000000655651 ], [ 767906.549536919803359, 8978983.444000322371721 ], [ 767906.370536919799633, 8978989.932000327855349 ], [ 767913.076000000117347, 8978990.117000000551343 ] ] ] ] } },
{ "type": "Feature", "properties": { "LAYER": "BANGUNAN", "GM_TYPE": "Unknown Area Type", "ELEVATION": 10.497 }, "geometry": { "type": "MultiPolygon", "coordinates": [ [ [ [ 767914.196999999810942, 8978960.605999998748302 ], [ 767902.630000000121072, 8978960.368999999016523 ], [ 767902.401600080425851, 8978971.516265291720629 ], [ 767911.538009217358194, 8978971.70346412807703 ], [ 767911.618386075482704, 8978967.780598647892475 ], [ 767914.048976938473061, 8978967.830399811267853 ], [ 767914.196999999810942, 8978960.605999998748302 ] ] ] ] } },
{ "type": "Feature", "properties": { "LAYER": "BANGUNAN", "GM_TYPE": "Unknown Area Type", "ELEVATION": 10.497 }, "geometry": { "type": "MultiPolygon", "coordinates": [ [ [ [ 767914.739000000059605, 8978947.432 ], [ 767914.935694597195834, 8978940.012150859460235 ], [ 767905.957694597309455, 8978939.774150861427188 ], [ 767905.760999999940395, 8978947.194000001996756 ], [ 767914.739000000059605, 8978947.432 ] ] ] ] } },
{ "type": "Feature", "properties": { "LAYER": "BANGUNAN", "GM_TYPE": "Unknown Area Type", "ELEVATION": 10.348 }, "geometry": { "type": "MultiPolygon", "coordinates": [ [ [ [ 767916.145000000135042, 8978927.514000000432134 ], [ 767916.389742753468454, 8978921.666069937869906 ], [ 767904.87274275359232, 8978921.184069938957691 ], [ 767904.628000000026077, 8978927.031999999657273 ], [ 767916.145000000135042, 8978927.514000000432134 ] ] ] ] } },
{ "type": "Feature", "properties": { "LAYER": "BANGUNAN", "GM_TYPE": "Unknown Area Type", "ELEVATION": 10.515 }, "geometry": { "type": "MultiPolygon", "coordinates": [ [ [ [ 767915.95900000014808, 8978888.076999999582767 ], [ 767915.942356329993345, 8978880.49488334544003 ], [ 767907.74235632980708, 8978880.512883342802525 ], [ 767907.759000000078231, 8978888.095000000670552 ], [ 767915.95900000014808, 8978888.076999999582767 ] ] ] ] } },
{ "type": "Feature", "properties": { "LAYER": "BANGUNAN", "GM_TYPE": "Unknown Area Type", "ELEVATION": 10.515 }, "geometry": { "type": "MultiPolygon", "coordinates": [ [ [ [ 767906.677000000025146, 8978889.304999999701977 ], [ 767906.519000000087544, 8978882.208999998867512 ], [ 767898.509847261826508, 8978882.387332318350673 ], [ 767898.667847261880524, 8978889.483332322910428 ], [ 767906.677000000025146, 8978889.304999999701977 ] ] ] ] } },
{ "type": "Feature", "properties": { "LAYER": "BANGUNAN", "GM_TYPE": "Unknown Area Type", "ELEVATION": 10.515 }, "geometry": { "type": "MultiPolygon", "coordinates": [ [ [ [ 767914.564999999827705, 8978868.108999999240041 ], [ 767914.704000000143424, 8978860.212999999523163 ], [ 767907.427719987928867, 8978860.084909457713366 ], [ 767907.288719987962395, 8978867.980909459292889 ], [ 767914.564999999827705, 8978868.108999999240041 ] ] ] ] } },
{ "type": "Feature", "properties": { "LAYER": "BANGUNAN", "GM_TYPE": "Unknown Area Type", "ELEVATION": 10.263 }, "geometry": { "type": "MultiPolygon", "coordinates": [ [ [ [ 767925.225000000209548, 8978846.71399999782443 ], [ 767925.381999999866821, 8978840.393999999389052 ], [ 767920.376836438430473, 8978840.26966286636889 ], [ 767920.219836438307539, 8978846.589662866666913 ], [ 767925.225000000209548, 8978846.71399999782443 ] ] ] ] } },
{ "type": "Feature", "properties": { "LAYER": "BANGUNAN", "GM_TYPE": "Unknown Area Type", "ELEVATION": 10.263 }, "geometry": { "type": "MultiPolygon", "coordinates": [ [ [ [ 767914.814000000129454, 8978847.184000000357628 ], [ 767914.722000000067055, 8978840.375 ], [ 767906.767384593724273, 8978840.482479013502598 ], [ 767906.859384593786672, 8978847.291479015722871 ], [ 767914.814000000129454, 8978847.184000000357628 ] ] ] ] } },
{ "type": "Feature", "properties": { "LAYER": "BANGUNAN", "GM_TYPE": "Unknown Area Type", "ELEVATION": 10.263 }, "geometry": { "type": "MultiPolygon", "coordinates": [ [ [ [ 767914.402999999816529, 8978819.333999998867512 ], [ 767914.624000000068918, 8978811.665999997407198 ], [ 767907.74057945702225, 8978811.46761242300272 ], [ 767907.519579457002692, 8978819.135612424463034 ], [ 767914.402999999816529, 8978819.333999998867512 ] ] ] ] } },
{ "type": "Feature", "properties": { "LAYER": "BANGUNAN", "GM_TYPE": "Unknown Area Type", "ELEVATION": 9.928 }, "geometry": { "type": "MultiPolygon", "coordinates": [ [ [ [ 767922.075999999884516, 8978761.907999999821186 ], [ 767921.973657041555271, 8978755.658849984407425 ], [ 767920.202872102381662, 8978755.687850307673216 ], [ 767920.097756832372397, 8978749.269420519471169 ], [ 767914.8465417715488, 8978749.355420196428895 ], [ 767915.054000000120141, 8978762.022999998182058 ], [ 767922.075999999884516, 8978761.907999999821186 ] ] ] ] } },
{ "type": "Feature", "properties": { "LAYER": "BANGUNAN", "GM_TYPE": "Unknown Area Type", "ELEVATION": 9.928 }, "geometry": { "type": "MultiPolygon", "coordinates": [ [ [ [ 767915.140999999945052, 8978778.996999999508262 ], [ 767915.154000000213273, 8978771.848999999463558 ], [ 767907.179940702393651, 8978771.834497652947903 ], [ 767907.166940702241845, 8978778.982497652992606 ], [ 767915.140999999945052, 8978778.996999999508262 ] ] ] ] } },
{ "type": "Feature", "properties": { "LAYER": "BANGUNAN", "GM_TYPE": "Unknown Area Type", "ELEVATION": 10.564 }, "geometry": { "type": "MultiPolygon", "coordinates": [ [ [ [ 767969.927999999956228, 8978966.997999999672174 ], [ 767969.83538970653899, 8978960.127593584358692 ], [ 767959.078389706555754, 8978960.272593582049012 ], [ 767959.170999999972992, 8978967.14299999922514 ], [ 767969.927999999956228, 8978966.997999999672174 ] ] ] ] } },
{ "type": "Feature", "properties": { "LAYER": "BANGUNAN", "GM_TYPE": "Unknown Area Type", "ELEVATION": 10.564 }, "geometry": { "type": "MultiPolygon", "coordinates": [ [ [ [ 767971.79500000004191, 8978949.029999999329448 ], [ 767971.963910569669679, 8978940.847773274406791 ], [ 767962.081910569802858, 8978940.643773272633553 ], [ 767961.912999999942258, 8978948.825999999418855 ], [ 767971.79500000004191, 8978949.029999999329448 ] ] ] ] } },
{ "type": "Feature", "properties": { "LAYER": "BANGUNAN", "GM_TYPE": "Unknown Area Type", "ELEVATION": 10.564 }, "geometry": { "type": "MultiPolygon", "coordinates": [ [ [ [ 767967.101999999838881, 8978920.449999999254942 ], [ 767967.038966885302216, 8978913.92127663269639 ], [ 767957.509966885205358, 8978914.013276632875204 ], [ 767957.572999999974854, 8978920.541999999433756 ], [ 767967.101999999838881, 8978920.449999999254942 ] ] ] ] } },
{ "type": "Feature", "properties": { "LAYER": "BANGUNAN", "GM_TYPE": "Unknown Area Type", "ELEVATION": 10.564 }, "geometry": { "type": "MultiPolygon", "coordinates": [ [ [ [ 767966.424000000115484, 8978906.969999996945262 ], [ 767966.418772725737654, 8978903.356647307053208 ], [ 767960.888772725826129, 8978903.364647308364511 ], [ 767960.894000000087544, 8978906.978000001981854 ], [ 767966.424000000115484, 8978906.969999996945262 ] ] ] ] } },
{ "type": "Feature", "properties": { "LAYER": "BANGUNAN", "GM_TYPE": "Unknown Area Type", "ELEVATION": 10.35 }, "geometry": { "type": "MultiPolygon", "coordinates": [ [ [ [ 767969.642, 8978888.252999998629093 ], [ 767969.74547642795369, 8978881.304920436814427 ], [ 767959.203476427937858, 8978881.147920437157154 ], [ 767959.100000000209548, 8978888.096000000834465 ], [ 767969.642, 8978888.252999998629093 ] ] ] ] } },
{ "type": "Feature", "properties": { "LAYER": "BANGUNAN", "GM_TYPE": "Unknown Area Type", "ELEVATION": 10.35 }, "geometry": { "type": "MultiPolygon", "coordinates": [ [ [ [ 767943.799000000115484, 8978871.079000001773238 ], [ 767949.120803734636866, 8978871.033294314518571 ], [ 767949.065803734818473, 8978864.629294313490391 ], [ 767943.744000000064261, 8978864.675000000745058 ], [ 767943.799000000115484, 8978871.079000001773238 ] ] ] ] } },
{ "type": "Feature", "properties": { "LAYER": "BANGUNAN", "GM_TYPE": "Unknown Area Type", "ELEVATION": 10.35 }, "geometry": { "type": "MultiPolygon", "coordinates": [ [ [ [ 767968.343, 8978868.869999999180436 ], [ 767968.357803678023629, 8978860.631259206682444 ], [ 767960.009803677676246, 8978860.616259206086397 ], [ 767959.995, 8978868.85499999858439 ], [ 767968.343, 8978868.869999999180436 ] ] ] ] } },
{ "type": "Feature", "properties": { "LAYER": "BANGUNAN", "GM_TYPE": "Unknown Area Type", "ELEVATION": 10.35 }, "geometry": { "type": "MultiPolygon", "coordinates": [ [ [ [ 767969.468999999808148, 8978865.903999999165535 ], [ 767977.136729349265806, 8978865.760700913146138 ], [ 767976.96172934921924, 8978856.396700913086534 ], [ 767969.293999999877997, 8978856.539999997243285 ], [ 767969.468999999808148, 8978865.903999999165535 ] ] ] ] } },
{ "type": "Feature", "properties": { "LAYER": "BANGUNAN", "GM_TYPE": "Unknown Area Type", "ELEVATION": 10.265 }, "geometry": { "type": "MultiPolygon", "coordinates": [ [ [ [ 767976.395000000018626, 8978850.094000000506639 ], [ 767976.447832112782635, 8978840.611526338383555 ], [ 767967.513763967319392, 8978840.561749696731567 ], [ 767967.547232702025212, 8978834.554676009342074 ], [ 767960.507300847326405, 8978834.515452649444342 ], [ 767960.420999999856576, 8978850.004999998956919 ], [ 767976.395000000018626, 8978850.094000000506639 ] ] ] ] } },
{ "type": "Feature", "properties": { "LAYER": "BANGUNAN", "GM_TYPE": "Unknown Area Type", "ELEVATION": 10.265 }, "geometry": { "type": "MultiPolygon", "coordinates": [ [ [ [ 767950.160999999847263, 8978849.216 ], [ 767950.927589897299185, 8978840.247652944177389 ], [ 767942.609589897328988, 8978839.536652943119407 ], [ 767941.843, 8978848.505000000819564 ], [ 767950.160999999847263, 8978849.216 ] ] ] ] } },
{ "type": "Feature", "properties": { "LAYER": "BANGUNAN", "GM_TYPE": "Unknown Area Type", "ELEVATION": 9.528 }, "geometry": { "type": "MultiPolygon", "coordinates": [ [ [ [ 768172.384000000078231, 8979019.986999999731779 ], [ 768165.505999999935739, 8979019.986999999731779 ], [ 768165.505999999935739, 8979026.453269170597196 ], [ 768172.384000000078231, 8979026.453269172459841 ], [ 768172.384000000078231, 8979019.986999999731779 ] ] ] ] } },
{ "type": "Feature", "properties": { "LAYER": "BANGUNAN", "GM_TYPE": "Unknown Area Type", "ELEVATION": 9.932 }, "geometry": { "type": "MultiPolygon", "coordinates": [ [ [ [ 768173.784000000101514, 8979087.144999999552965 ], [ 768174.01783841534052, 8979080.037845533341169 ], [ 768164.747838415321894, 8979079.732845535501838 ], [ 768164.514000000082888, 8979086.839999999850988 ], [ 768173.784000000101514, 8979087.144999999552965 ] ] ] ] } },
{ "type": "Feature", "properties": { "LAYER": "BANGUNAN", "GM_TYPE": "Unknown Area Type", "ELEVATION": 9.954 }, "geometry": { "type": "MultiPolygon", "coordinates": [ [ [ [ 768164.702999999979511, 8979127.773 ], [ 768165.035486913751811, 8979119.115714138373733 ], [ 768158.86448691401165, 8979118.878714140504599 ], [ 768158.532, 8979127.53600000217557 ], [ 768164.702999999979511, 8979127.773 ] ] ] ] } },
{ "type": "Feature", "properties": { "LAYER": "BANGUNAN", "GM_TYPE": "Unknown Area Type", "ELEVATION": 9.954 }, "geometry": { "type": "MultiPolygon", "coordinates": [ [ [ [ 768166.54099999985192, 8979125.679999997839332 ], [ 768172.966358504840173, 8979126.028151156380773 ], [ 768173.554380868445151, 8979115.175811652094126 ], [ 768167.78745777066797, 8979114.863337116315961 ], [ 768167.526435402338393, 8979119.680676616728306 ], [ 768166.868000000016764, 8979119.644999999552965 ], [ 768166.54099999985192, 8979125.679999997839332 ] ] ] ] } },
{ "type": "Feature", "properties": { "LAYER": "BANGUNAN", "GM_TYPE": "Unknown Area Type", "ELEVATION": 9.954 }, "geometry": { "type": "MultiPolygon", "coordinates": [ [ [ [ 768156.74, 8979127.226000001654029 ], [ 768156.865999999805354, 8979122.849999999627471 ], [ 768151.037075440166518, 8979122.682165334001184 ], [ 768150.911075440119021, 8979127.058165334165096 ], [ 768156.74, 8979127.226000001654029 ] ] ] ] } },
{ "type": "Feature", "properties": { "LAYER": "BANGUNAN", "GM_TYPE": "Unknown Area Type", "ELEVATION": 10.092 }, "geometry": { "type": "MultiPolygon", "coordinates": [ [ [ [ 768162.666999999899417, 8979147.376000000163913 ], [ 768162.749000000068918, 8979139.826999999582767 ], [ 768156.946463286527433, 8979139.763970723375678 ], [ 768156.864463286707178, 8979147.312970723956823 ], [ 768162.666999999899417, 8979147.376000000163913 ] ] ] ] } },
{ "type": "Feature", "properties": { "LAYER": "BANGUNAN", "GM_TYPE": "Unknown Area Type", "ELEVATION": 10.092 }, "geometry": { "type": "MultiPolygon", "coordinates": [ [ [ [ 768154.832000000053085, 8979144.438999997451901 ], [ 768154.911864096298814, 8979140.081730011850595 ], [ 768148.855864096200094, 8979139.970730014145374 ], [ 768148.775999999954365, 8979144.32799999974668 ], [ 768154.832000000053085, 8979144.438999997451901 ] ] ] ] } },
{ "type": "Feature", "properties": { "LAYER": "BANGUNAN", "GM_TYPE": "Unknown Area Type", "ELEVATION": 10.092 }, "geometry": { "type": "MultiPolygon", "coordinates": [ [ [ [ 768164.307999999960884, 8979160.028999999165535 ], [ 768155.20499999995809, 8979159.875 ], [ 768155.111400721245445, 8979165.407689867541194 ], [ 768158.447585451533087, 8979165.464129772037268 ], [ 768158.373383374651894, 8979169.850243430584669 ], [ 768163.004525552387349, 8979169.928590776398778 ], [ 768163.114372501266189, 8979163.435494910925627 ], [ 768164.250045591848902, 8979163.454707657918334 ], [ 768164.307999999960884, 8979160.028999999165535 ] ] ] ] } },
{ "type": "Feature", "properties": { "LAYER": "BANGUNAN", "GM_TYPE": "Unknown Area Type", "ELEVATION": 9.27 }, "geometry": { "type": "MultiPolygon", "coordinates": [ [ [ [ 768175.652999999932945, 8978967.242000000551343 ], [ 768175.774962671101093, 8978959.652070462703705 ], [ 768164.962017483077943, 8978959.478317111730576 ], [ 768164.894667187705636, 8978963.669632302597165 ], [ 768163.883612375939265, 8978963.6533856485039 ], [ 768163.829000000143424, 8978967.051999999210238 ], [ 768175.652999999932945, 8978967.242000000551343 ] ] ] ] } },
{ "type": "Feature", "properties": { "LAYER": "BANGUNAN", "GM_TYPE": "Unknown Area Type", "ELEVATION": 9.27 }, "geometry": { "type": "MultiPolygon", "coordinates": [ [ [ [ 768162.932999999844469, 8978967.164999997243285 ], [ 768162.824000000138767, 8978961.74800000153482 ], [ 768157.982633365667425, 8978961.845417197793722 ], [ 768158.091633365489542, 8978967.262417197227478 ], [ 768162.932999999844469, 8978967.164999997243285 ] ] ] ] } },
{ "type": "Feature", "properties": { "LAYER": "BANGUNAN", "GM_TYPE": "Unknown Area Type", "ELEVATION": 9.27 }, "geometry": { "type": "MultiPolygon", "coordinates": [ [ [ [ 768173.657999999821186, 8978948.436999998986721 ], [ 768173.927297525457107, 8978939.959759658202529 ], [ 768165.648297525360249, 8978939.696759656071663 ], [ 768165.379000000073574, 8978948.1739999987185 ], [ 768173.657999999821186, 8978948.436999998986721 ] ] ] ] } },
{ "type": "Feature", "properties": { "LAYER": "BANGUNAN", "GM_TYPE": "Unknown Area Type", "ELEVATION": 9.27 }, "geometry": { "type": "MultiPolygon", "coordinates": [ [ [ [ 768172.020999999949709, 8978920.347999999299645 ], [ 768154.354999999981374, 8978920.400000000372529 ], [ 768154.375236902968027, 8978927.275098508223891 ], [ 768172.041236902936362, 8978927.223098505288363 ], [ 768172.020999999949709, 8978920.347999999299645 ] ] ] ] } },
{ "type": "Feature", "properties": { "LAYER": "BANGUNAN", "GM_TYPE": "Unknown Area Type", "ELEVATION": 9.27 }, "geometry": { "type": "MultiPolygon", "coordinates": [ [ [ [ 768175.07999999995809, 8978880.63399999961257 ], [ 768165.819999999948777, 8978880.381999999284744 ], [ 768165.64817021402996, 8978886.696062756702304 ], [ 768174.908170214039274, 8978886.948062758892775 ], [ 768175.07999999995809, 8978880.63399999961257 ] ] ] ] } },
{ "type": "Feature", "properties": { "LAYER": "BANGUNAN", "GM_TYPE": "Unknown Area Type", "ELEVATION": 9.27 }, "geometry": { "type": "MultiPolygon", "coordinates": [ [ [ [ 768164.469999999855645, 8978887.30599999986589 ], [ 768164.589000000036322, 8978878.818 ], [ 768157.851338893175125, 8978878.72353938780725 ], [ 768157.777091782656498, 8978884.01941729336977 ], [ 768161.400930542033166, 8978884.070222761482 ], [ 768161.35617765202187, 8978887.262344859540462 ], [ 768164.469999999855645, 8978887.30599999986589 ] ] ] ] } },
{ "type": "Feature", "properties": { "LAYER": "BANGUNAN", "GM_TYPE": "Unknown Area Type", "ELEVATION": 9.27 }, "geometry": { "type": "MultiPolygon", "coordinates": [ [ [ [ 768162.700999999884516, 8978869.973999999463558 ], [ 768168.933860517805442, 8978870.153010172769427 ], [ 768169.021870758733712, 8978867.088628087192774 ], [ 768173.582214918453246, 8978867.219602938741446 ], [ 768173.744207912823185, 8978861.579254491254687 ], [ 768165.494388605467975, 8978861.34231648221612 ], [ 768165.558385368785821, 8978859.114047013223171 ], [ 768163.015000000130385, 8978859.040999999269843 ], [ 768162.700999999884516, 8978869.973999999463558 ] ] ] ] } },
{ "type": "Feature", "properties": { "LAYER": "BANGUNAN", "GM_TYPE": "Unknown Area Type", "ELEVATION": 9.27 }, "geometry": { "type": "MultiPolygon", "coordinates": [ [ [ [ 768161.761999999987893, 8978840.940999999642372 ], [ 768161.685612595989369, 8978846.929684158414602 ], [ 768175.248612595838495, 8978847.102684158831835 ], [ 768175.324999999837019, 8978841.11400000192225 ], [ 768161.761999999987893, 8978840.940999999642372 ] ] ] ] } },
{ "type": "Feature", "properties": { "LAYER": "BANGUNAN", "GM_TYPE": "Unknown Area Type", "ELEVATION": 9.27 }, "geometry": { "type": "MultiPolygon", "coordinates": [ [ [ [ 768141.292999999946915, 8978851.987999999895692 ], [ 768148.117590370471589, 8978851.927947759628296 ], [ 768148.013590370654128, 8978840.108947763219476 ], [ 768141.189000000129454, 8978840.168999997898936 ], [ 768141.292999999946915, 8978851.987999999895692 ] ] ] ] } },
{ "type": "Feature", "properties": { "LAYER": "BANGUNAN", "GM_TYPE": "Unknown Area Type", "ELEVATION": 9.27 }, "geometry": { "type": "MultiPolygon", "coordinates": [ [ [ [ 768122.187999999849126, 8978852.236999997869134 ], [ 768128.405765802017413, 8978852.177624637261033 ], [ 768128.298765801824629, 8978840.972624637186527 ], [ 768122.081000000122003, 8978841.031999999657273 ], [ 768122.187999999849126, 8978852.236999997869134 ] ] ] ] } },
{ "type": "Feature", "properties": { "LAYER": "BANGUNAN", "GM_TYPE": "Unknown Area Type", "ELEVATION": null }, "geometry": { "type": "MultiPolygon", "coordinates": [ [ [ [ 768219.87, 8979067.531999999657273 ], [ 768219.850386960897595, 8979060.180248549208045 ], [ 768210.479386960738339, 8979060.205248553305864 ], [ 768210.499000000068918, 8979067.557 ], [ 768219.87, 8979067.531999999657273 ] ] ] ] } },
{ "type": "Feature", "properties": { "LAYER": "BANGUNAN", "GM_TYPE": "Unknown Area Type", "ELEVATION": 9.869 }, "geometry": { "type": "MultiPolygon", "coordinates": [ [ [ [ 768221.23700000019744, 8979066.917000001296401 ], [ 768229.636876585427672, 8979066.775938497856259 ], [ 768229.510876585613005, 8979059.272938497364521 ], [ 768221.110999999917112, 8979059.413999998942018 ], [ 768221.23700000019744, 8979066.917000001296401 ] ] ] ] } },
{ "type": "Feature", "properties": { "LAYER": "BANGUNAN", "GM_TYPE": "Unknown Area Type", "ELEVATION": 9.869 }, "geometry": { "type": "MultiPolygon", "coordinates": [ [ [ [ 768227.030999999842606, 8979058.551999999210238 ], [ 768226.981352979317307, 8979052.455060178413987 ], [ 768209.911352979484946, 8979052.594060176983476 ], [ 768209.960999999893829, 8979058.690999999642372 ], [ 768227.030999999842606, 8979058.551999999210238 ] ] ] ] } },
{ "type": "Feature", "properties": { "LAYER": "BANGUNAN", "GM_TYPE": "Unknown Area Type", "ELEVATION": 9.308 }, "geometry": { "type": "MultiPolygon", "coordinates": [ [ [ [ 768234.689000000129454, 8978979.964999999850988 ], [ 768219.285999999963678, 8978979.858999999240041 ], [ 768219.230828508618288, 8978987.876042230054736 ], [ 768230.450961701222695, 8978987.95325667783618 ], [ 768230.466122828307562, 8978985.750173335894942 ], [ 768234.648989635519683, 8978985.778958890587091 ], [ 768234.689000000129454, 8978979.964999999850988 ] ] ] ] } },
{ "type": "Feature", "properties": { "LAYER": "BANGUNAN", "GM_TYPE": "Unknown Area Type", "ELEVATION": 9.257 }, "geometry": { "type": "MultiPolygon", "coordinates": [ [ [ [ 768233.720999999903142, 8978894.417000001296401 ], [ 768233.770925304386765, 8978888.706377314403653 ], [ 768226.907925304374658, 8978888.646377312019467 ], [ 768226.858, 8978894.356999998912215 ], [ 768233.720999999903142, 8978894.417000001296401 ] ] ] ] } },
{ "type": "Feature", "properties": { "LAYER": "BANGUNAN", "GM_TYPE": "Unknown Area Type", "ELEVATION": 9.257 }, "geometry": { "type": "MultiPolygon", "coordinates": [ [ [ [ 768233.925999999977648, 8978887.891999999061227 ], [ 768233.980346486205235, 8978885.233862752094865 ], [ 768229.031995984027162, 8978885.132692104205489 ], [ 768229.116744037135504, 8978880.987585881724954 ], [ 768221.984094539657235, 8978880.841756531968713 ], [ 768221.84499999997206, 8978887.644999999552965 ], [ 768233.925999999977648, 8978887.891999999061227 ] ] ] ] } },
{ "type": "Feature", "properties": { "LAYER": "BANGUNAN", "GM_TYPE": "Unknown Area Type", "ELEVATION": 9.257 }, "geometry": { "type": "MultiPolygon", "coordinates": [ [ [ [ 768228.951999999815598, 8978849.151999996975064 ], [ 768228.946993034565821, 8978840.937001524493098 ], [ 768217.461993034579791, 8978840.944001527503133 ], [ 768217.466999999829568, 8978849.159000001847744 ], [ 768228.951999999815598, 8978849.151999996975064 ] ] ] ] } },
{ "type": "Feature", "properties": { "LAYER": "BANGUNAN", "GM_TYPE": "Unknown Area Type", "ELEVATION": 9.257 }, "geometry": { "type": "MultiPolygon", "coordinates": [ [ [ [ 768229.853, 8978848.082999998703599 ], [ 768235.568469486082904, 8978848.046154990792274 ], [ 768235.527469485881738, 8978841.686154991388321 ], [ 768229.812000000034459, 8978841.722999999299645 ], [ 768229.853, 8978848.082999998703599 ] ] ] ] } },
{ "type": "Feature", "properties": { "LAYER": "BANGUNAN", "GM_TYPE": "Unknown Area Type", "ELEVATION": 9.257 }, "geometry": { "type": "MultiPolygon", "coordinates": [ [ [ [ 768230.402000000118278, 8978819.651000002399087 ], [ 768230.277723797480576, 8978805.738438285887241 ], [ 768217.179723797366023, 8978805.855438286438584 ], [ 768217.304000000120141, 8978819.76799999922514 ], [ 768230.402000000118278, 8978819.651000002399087 ] ] ] ] } },
{ "type": "Feature", "properties": { "LAYER": "BANGUNAN", "GM_TYPE": "Unknown Area Type", "ELEVATION": 9.257 }, "geometry": { "type": "MultiPolygon", "coordinates": [ [ [ [ 768232.12, 8978819.742999996989965 ], [ 768239.266877462854609, 8978819.785609073936939 ], [ 768239.333877462777309, 8978808.547609075903893 ], [ 768232.187000000150874, 8978808.504999998956919 ], [ 768232.12, 8978819.742999996989965 ] ] ] ] } },
{ "type": "Feature", "properties": { "LAYER": "BANGUNAN", "GM_TYPE": "Unknown Area Type", "ELEVATION": 9.257 }, "geometry": { "type": "MultiPolygon", "coordinates": [ [ [ [ 768239.986000000149943, 8978813.732999999076128 ], [ 768246.14236676285509, 8978813.559137286618352 ], [ 768245.880558111588471, 8978804.28866133466363 ], [ 768237.926981869968586, 8978804.513279259204865 ], [ 768238.017790522077121, 8978807.728755213320255 ], [ 768239.814999999944121, 8978807.677999999374151 ], [ 768239.986000000149943, 8978813.732999999076128 ] ] ] ] } },
{ "type": "Feature", "properties": { "LAYER": "BANGUNAN", "GM_TYPE": "Unknown Area Type", "ELEVATION": 9.257 }, "geometry": { "type": "MultiPolygon", "coordinates": [ [ [ [ 768240.689999999944121, 8978798.41499999910593 ], [ 768240.536917021614499, 8978791.3171770516783 ], [ 768232.932917021447793, 8978791.481177052482963 ], [ 768233.085999999893829, 8978798.579000001773238 ], [ 768240.689999999944121, 8978798.41499999910593 ] ] ] ] } },
{ "type": "Feature", "properties": { "LAYER": "BANGUNAN", "GM_TYPE": "Unknown Area Type", "ELEVATION": 9.257 }, "geometry": { "type": "MultiPolygon", "coordinates": [ [ [ [ 768243.13599999982398, 8978785.971999997273088 ], [ 768243.267147656297311, 8978780.638347452506423 ], [ 768238.739670328097418, 8978780.527022607624531 ], [ 768238.791432011057623, 8978778.421923361718655 ], [ 768232.012909339391626, 8978778.25524820946157 ], [ 768231.82999999995809, 8978785.69400000013411 ], [ 768243.13599999982398, 8978785.971999997273088 ] ] ] ] } },
{ "type": "Feature", "properties": { "LAYER": "BANGUNAN", "GM_TYPE": "Unknown Area Type", "ELEVATION": 9.257 }, "geometry": { "type": "MultiPolygon", "coordinates": [ [ [ [ 768229.159000000101514, 8978789.330000001937151 ], [ 768229.404504555161111, 8978782.806102739647031 ], [ 768221.804504555300809, 8978782.520102735608816 ], [ 768221.559, 8978789.043999999761581 ], [ 768229.159000000101514, 8978789.330000001937151 ] ] ] ] } },
{ "type": "Feature", "properties": { "LAYER": "BANGUNAN", "GM_TYPE": "Unknown Area Type", "ELEVATION": 9.048 }, "geometry": { "type": "MultiPolygon", "coordinates": [ [ [ [ 768230.280999999959022, 8978777.336000001057982 ], [ 768230.464269231306389, 8978770.457384051755071 ], [ 768220.180269230972044, 8978770.183384049683809 ], [ 768219.996999999973923, 8978777.061999997124076 ], [ 768230.280999999959022, 8978777.336000001057982 ] ] ] ] } },
{ "type": "Feature", "properties": { "LAYER": "BANGUNAN", "GM_TYPE": "Unknown Area Type", "ELEVATION": 9.048 }, "geometry": { "type": "MultiPolygon", "coordinates": [ [ [ [ 768242.330999999889173, 8978775.962000001221895 ], [ 768242.454566104337573, 8978769.957731587812304 ], [ 768232.875908208428882, 8978769.760605582967401 ], [ 768232.723389217630029, 8978777.171739565208554 ], [ 768238.852047114050947, 8978777.297865569591522 ], [ 768238.880999999819323, 8978775.890999998897314 ], [ 768242.330999999889173, 8978775.962000001221895 ] ] ] ] } },
{ "type": "Feature", "properties": { "LAYER": "BANGUNAN", "GM_TYPE": "Unknown Area Type", "ELEVATION": 8.81 }, "geometry": { "type": "MultiPolygon", "coordinates": [ [ [ [ 768230.525000000023283, 8978737.83500000089407 ], [ 768230.584172231378034, 8978730.388842621818185 ], [ 768222.782172231585719, 8978730.326842622831464 ], [ 768222.723000000114553, 8978737.773 ], [ 768230.525000000023283, 8978737.83500000089407 ] ] ] ] } },
{ "type": "Feature", "properties": { "LAYER": "BANGUNAN", "GM_TYPE": "Unknown Area Type", "ELEVATION": 8.81 }, "geometry": { "type": "MultiPolygon", "coordinates": [ [ [ [ 768230.385000000125729, 8978727.791999999433756 ], [ 768230.678151301923208, 8978722.406871654093266 ], [ 768223.624151302035898, 8978722.022871654480696 ], [ 768223.330999999889173, 8978727.407999997958541 ], [ 768230.385000000125729, 8978727.791999999433756 ] ] ] ] } },
{ "type": "Feature", "properties": { "LAYER": "BANGUNAN", "GM_TYPE": "Unknown Area Type", "ELEVATION": 8.81 }, "geometry": { "type": "MultiPolygon", "coordinates": [ [ [ [ 768231.488999999826774, 8978716.191999999806285 ], [ 768231.541852832306176, 8978710.36775690689683 ], [ 768223.166852832306176, 8978710.29175690934062 ], [ 768223.114000000059605, 8978716.11600000038743 ], [ 768231.488999999826774, 8978716.191999999806285 ] ] ] ] } },
{ "type": "Feature", "properties": { "LAYER": "BANGUNAN", "GM_TYPE": "Unknown Area Type", "ELEVATION": 8.614 }, "geometry": { "type": "MultiPolygon", "coordinates": [ [ [ [ 768230.389000000082888, 8978698.160000000149012 ], [ 768230.248983333469369, 8978690.244501572102308 ], [ 768220.694983333232813, 8978690.41350157186389 ], [ 768220.834999999962747, 8978698.329 ], [ 768230.389000000082888, 8978698.160000000149012 ] ] ] ] } },
{ "type": "Feature", "properties": { "LAYER": "BANGUNAN", "GM_TYPE": "Unknown Area Type", "ELEVATION": 8.614 }, "geometry": { "type": "MultiPolygon", "coordinates": [ [ [ [ 768232.075999999884516, 8978696.117999998852611 ], [ 768235.665203925105743, 8978695.997263984754682 ], [ 768235.452203925116919, 8978689.665263988077641 ], [ 768231.863000000128523, 8978689.78600000217557 ], [ 768232.075999999884516, 8978696.117999998852611 ] ] ] ] } },
{ "type": "Feature", "properties": { "LAYER": "BANGUNAN", "GM_TYPE": "Unknown Area Type", "ELEVATION": 8.348 }, "geometry": { "type": "MultiPolygon", "coordinates": [ [ [ [ 768172.021999999880791, 8978603.577999997884035 ], [ 768172.084059335640632, 8978597.281247926875949 ], [ 768163.764059335575439, 8978597.199247928336263 ], [ 768163.702000000048429, 8978603.495999999344349 ], [ 768172.021999999880791, 8978603.577999997884035 ] ] ] ] } },
{ "type": "Feature", "properties": { "LAYER": "BANGUNAN", "GM_TYPE": "Unknown Area Type", "ELEVATION": 8.348 }, "geometry": { "type": "MultiPolygon", "coordinates": [ [ [ [ 768171.853000000119209, 8978595.902999997138977 ], [ 768171.734941501053981, 8978589.361551368609071 ], [ 768162.647941500763409, 8978589.525551369413733 ], [ 768162.765999999945052, 8978596.06699999794364 ], [ 768171.853000000119209, 8978595.902999997138977 ] ] ] ] } },
{ "type": "Feature", "properties": { "LAYER": "BANGUNAN", "GM_TYPE": "Unknown Area Type", "ELEVATION": 8.33 }, "geometry": { "type": "MultiPolygon", "coordinates": [ [ [ [ 768172.588000000105239, 8978576.447000000625849 ], [ 768172.725892881862819, 8978569.022076666355133 ], [ 768165.402892881887965, 8978568.886076662689447 ], [ 768165.265000000130385, 8978576.310999998822808 ], [ 768172.588000000105239, 8978576.447000000625849 ] ] ] ] } },
{ "type": "Feature", "properties": { "LAYER": "BANGUNAN", "GM_TYPE": "Unknown Area Type", "ELEVATION": 8.33 }, "geometry": { "type": "MultiPolygon", "coordinates": [ [ [ [ 768176.067999999970198, 8978580.951999999582767 ], [ 768176.119145824806765, 8978577.836366822943091 ], [ 768168.07814582483843, 8978577.704366821795702 ], [ 768168.027000000118278, 8978580.820000002160668 ], [ 768176.067999999970198, 8978580.951999999582767 ] ] ] ] } },
{ "type": "Feature", "properties": { "LAYER": "BANGUNAN", "GM_TYPE": "Unknown Area Type", "ELEVATION": 8.33 }, "geometry": { "type": "MultiPolygon", "coordinates": [ [ [ [ 768165.895000000018626, 8978564.597999999299645 ], [ 768172.355139357037842, 8978564.651136517524719 ], [ 768172.414139356929809, 8978557.478136513382196 ], [ 768165.954000000143424, 8978557.424999998882413 ], [ 768165.895000000018626, 8978564.597999999299645 ] ] ] ] } },
{ "type": "Feature", "properties": { "LAYER": "BANGUNAN", "GM_TYPE": "Unknown Area Type", "ELEVATION": 8.33 }, "geometry": { "type": "MultiPolygon", "coordinates": [ [ [ [ 768172.80600000009872, 8978556.529999999329448 ], [ 768172.982064482639544, 8978549.772951364517212 ], [ 768164.155064482823946, 8978549.542951360344887 ], [ 768163.979000000050291, 8978556.299999998882413 ], [ 768172.80600000009872, 8978556.529999999329448 ] ] ] ] } },
{ "type": "Feature", "properties": { "LAYER": "BANGUNAN", "GM_TYPE": "Unknown Area Type", "ELEVATION": 8.33 }, "geometry": { "type": "MultiPolygon", "coordinates": [ [ [ [ 768174.978999999817461, 8978548.172000002115965 ], [ 768175.035999999847263, 8978537.697000000625849 ], [ 768167.952517573488876, 8978537.658455034717917 ], [ 768167.924078021664172, 8978542.884846352040768 ], [ 768171.741373490658589, 8978542.905618272721767 ], [ 768171.712813041522168, 8978548.154226953163743 ], [ 768174.978999999817461, 8978548.172000002115965 ] ] ] ] } },
{ "type": "Feature", "properties": { "LAYER": "BANGUNAN", "GM_TYPE": "Unknown Area Type", "ELEVATION": 8.33 }, "geometry": { "type": "MultiPolygon", "coordinates": [ [ [ [ 768174.608, 8978536.386 ], [ 768174.391785831307061, 8978528.693464564159513 ], [ 768165.532785830902867, 8978528.9424645639956 ], [ 768165.748999999836087, 8978536.635000001639128 ], [ 768174.608, 8978536.386 ] ] ] ] } },
{ "type": "Feature", "properties": { "LAYER": "BANGUNAN", "GM_TYPE": "Unknown Area Type", "ELEVATION": 8.168 }, "geometry": { "type": "MultiPolygon", "coordinates": [ [ [ [ 768172.816999999806285, 8978515.66100000217557 ], [ 768172.892999999923632, 8978509.844000000506639 ], [ 768165.259288922767155, 8978509.744264390319586 ], [ 768165.183288922999054, 8978515.561264391988516 ], [ 768172.816999999806285, 8978515.66100000217557 ] ] ] ] } },
{ "type": "Feature", "properties": { "LAYER": "BANGUNAN", "GM_TYPE": "Unknown Area Type", "ELEVATION": 8.168 }, "geometry": { "type": "MultiPolygon", "coordinates": [ [ [ [ 768165.397999999928288, 8978502.569000001996756 ], [ 768179.871570914401673, 8978502.44444808922708 ], [ 768179.81694812735077, 8978496.097000176087022 ], [ 768173.578428879496641, 8978496.150685580447316 ], [ 768173.516051665763371, 8978488.902133490890265 ], [ 768165.280999999959022, 8978488.972999999299645 ], [ 768165.397999999928288, 8978502.569000001996756 ] ] ] ] } },
{ "type": "Feature", "properties": { "LAYER": "BANGUNAN", "GM_TYPE": "Unknown Area Type", "ELEVATION": 8.07 }, "geometry": { "type": "MultiPolygon", "coordinates": [ [ [ [ 768175.955999999889173, 8978468.136 ], [ 768175.696999999810942, 8978478.532999999821186 ], [ 768183.77615777484607, 8978478.734260158613324 ], [ 768183.862392907380126, 8978475.272535566240549 ], [ 768179.945309227914549, 8978475.174956968054175 ], [ 768180.118074098019861, 8978468.23968156054616 ], [ 768175.955999999889173, 8978468.136 ] ] ] ] } },
{ "type": "Feature", "properties": { "LAYER": "BANGUNAN", "GM_TYPE": "Unknown Area Type", "ELEVATION": 8.07 }, "geometry": { "type": "MultiPolygon", "coordinates": [ [ [ [ 768172.824999999953434, 8978476.351000001654029 ], [ 768172.786809166776948, 8978468.354665372520685 ], [ 768165.03980916691944, 8978468.391665372997522 ], [ 768165.077999999979511, 8978476.388000000268221 ], [ 768172.824999999953434, 8978476.351000001654029 ] ] ] ] } },
{ "type": "Feature", "properties": { "LAYER": "BANGUNAN", "GM_TYPE": "Unknown Area Type", "ELEVATION": null }, "geometry": { "type": "MultiPolygon", "coordinates": [ [ [ [ 768174.754000000073574, 8978483.338999999687076 ], [ 768174.779940166976303, 8978477.455445842817426 ], [ 768163.603403447079472, 8978477.406169297173619 ], [ 768163.641836820286699, 8978468.688999596983194 ], [ 768156.673373541445471, 8978468.65827614814043 ], [ 768156.609000000054948, 8978483.258999997749925 ], [ 768174.754000000073574, 8978483.338999999687076 ] ] ] ] } },
{ "type": "Feature", "properties": { "LAYER": "BANGUNAN", "GM_TYPE": "Unknown Area Type", "ELEVATION": 8.772 }, "geometry": { "type": "MultiPolygon", "coordinates": [ [ [ [ 768172.679999999818392, 8978737.46399999782443 ], [ 768172.923000000184402, 8978729.262999998405576 ], [ 768160.901622221921571, 8978728.906800173223019 ], [ 768160.532088918494992, 8978741.378169002011418 ], [ 768169.50923568487633, 8978741.644166644662619 ], [ 768169.635768988751806, 8978737.373797813430429 ], [ 768172.679999999818392, 8978737.46399999782443 ] ] ] ] } },
{ "type": "Feature", "properties": { "LAYER": "BANGUNAN", "GM_TYPE": "Unknown Area Type", "ELEVATION": 8.3 }, "geometry": { "type": "MultiPolygon", "coordinates": [ [ [ [ 768234.657999999821186, 8978581.346000000834465 ], [ 768248.832304060924798, 8978581.691815547645092 ], [ 768249.083304060972296, 8978571.403815547004342 ], [ 768234.908999999868684, 8978571.05800000205636 ], [ 768234.657999999821186, 8978581.346000000834465 ] ] ] ] } },
{ "type": "Feature", "properties": { "LAYER": "BANGUNAN", "GM_TYPE": "Unknown Area Type", "ELEVATION": 8.3 }, "geometry": { "type": "MultiPolygon", "coordinates": [ [ [ [ 768232.549000000115484, 8978578.493999999016523 ], [ 768232.394000000087544, 8978571.089999999850988 ], [ 768222.330467792693526, 8978571.300676321610808 ], [ 768222.485467792954296, 8978578.704676318913698 ], [ 768232.549000000115484, 8978578.493999999016523 ] ] ] ] } },
{ "type": "Feature", "properties": { "LAYER": "BANGUNAN", "GM_TYPE": "Unknown Area Type", "ELEVATION": 8.3 }, "geometry": { "type": "MultiPolygon", "coordinates": [ [ [ [ 768234.725999999907799, 8978558.969999998807907 ], [ 768234.671681912615895, 8978551.511070482432842 ], [ 768224.784681912511587, 8978551.583070483058691 ], [ 768224.838999999803491, 8978559.041999997571111 ], [ 768234.725999999907799, 8978558.969999998807907 ] ] ] ] } },
{ "type": "Feature", "properties": { "LAYER": "BANGUNAN", "GM_TYPE": "Unknown Area Type", "ELEVATION": 8.3 }, "geometry": { "type": "MultiPolygon", "coordinates": [ [ [ [ 768229.836999999824911, 8978545.332999998703599 ], [ 768229.936210027080961, 8978539.791858835145831 ], [ 768224.63021002698224, 8978539.696858838200569 ], [ 768224.530999999959022, 8978545.237999999895692 ], [ 768229.836999999824911, 8978545.332999998703599 ] ] ] ] } },
{ "type": "Feature", "properties": { "LAYER": "BANGUNAN", "GM_TYPE": "Unknown Area Type", "ELEVATION": 8.3 }, "geometry": { "type": "MultiPolygon", "coordinates": [ [ [ [ 768234.897000000113621, 8978538.628999998793006 ], [ 768235.043744714697823, 8978531.398272512480617 ], [ 768222.823744714725763, 8978531.150272512808442 ], [ 768222.677000000141561, 8978538.380999999120831 ], [ 768234.897000000113621, 8978538.628999998793006 ] ] ] ] } },
{ "type": "Feature", "properties": { "LAYER": "BANGUNAN", "GM_TYPE": "Unknown Area Type", "ELEVATION": 8.3 }, "geometry": { "type": "MultiPolygon", "coordinates": [ [ [ [ 768240.200999999884516, 8978530.677999999374151 ], [ 768240.265686446917243, 8978528.052607845515013 ], [ 768243.285537399817258, 8978528.127013271674514 ], [ 768243.39728053775616, 8978523.591757858172059 ], [ 768221.829429584788159, 8978523.060352427884936 ], [ 768221.652999999816529, 8978530.22099999897182 ], [ 768240.200999999884516, 8978530.677999999374151 ] ] ] ] } },
{ "type": "Feature", "properties": { "LAYER": "BANGUNAN", "GM_TYPE": "Unknown Area Type", "ELEVATION": 8.327 }, "geometry": { "type": "MultiPolygon", "coordinates": [ [ [ [ 768243.285000000149012, 8978499.100999999791384 ], [ 768243.3895077687921, 8978492.732296591624618 ], [ 768234.248507768730633, 8978492.582296589389443 ], [ 768234.144000000087544, 8978498.950999999418855 ], [ 768243.285000000149012, 8978499.100999999791384 ] ] ] ] } },
{ "type": "Feature", "properties": { "LAYER": "BANGUNAN", "GM_TYPE": "Unknown Area Type", "ELEVATION": 8.327 }, "geometry": { "type": "MultiPolygon", "coordinates": [ [ [ [ 768233.025000000139698, 8978498.796 ], [ 768232.837999999988824, 8978490.781000001356006 ], [ 768224.881203280645423, 8978490.966642044484615 ], [ 768225.068203280679882, 8978498.981642045080662 ], [ 768233.025000000139698, 8978498.796 ] ] ] ] } },
{ "type": "Feature", "properties": { "LAYER": "BANGUNAN", "GM_TYPE": "Unknown Area Type", "ELEVATION": 8.327 }, "geometry": { "type": "MultiPolygon", "coordinates": [ [ [ [ 768231.316999999806285, 8978489.13399999961257 ], [ 768231.204313609632663, 8978484.877814056351781 ], [ 768225.123313609859906, 8978485.038814056664705 ], [ 768225.236000000149943, 8978489.295000001788139 ], [ 768231.316999999806285, 8978489.13399999961257 ] ] ] ] } },
{ "type": "Feature", "properties": { "LAYER": "BANGUNAN", "GM_TYPE": "Unknown Area Type", "ELEVATION": 7.85 }, "geometry": { "type": "MultiPolygon", "coordinates": [ [ [ [ 768225.966999999829568, 8978462.216 ], [ 768225.934592367149889, 8978453.091041712090373 ], [ 768213.545592367183417, 8978453.135041711851954 ], [ 768213.577999999979511, 8978462.259999999776483 ], [ 768225.966999999829568, 8978462.216 ] ] ] ] } },
{ "type": "Feature", "properties": { "LAYER": "BANGUNAN", "GM_TYPE": "Unknown Area Type", "ELEVATION": 66.734 }, "geometry": { "type": "MultiPolygon", "coordinates": [ [ [ [ 764633.85100000014063, 8982686.29700000025332 ], [ 764635.973235474550165, 8982679.87129439227283 ], [ 764628.567235474358313, 8982677.425294389948249 ], [ 764626.444999999948777, 8982683.850999999791384 ], [ 764633.85100000014063, 8982686.29700000025332 ] ] ] ] } },
{ "type": "Feature", "properties": { "LAYER": "BANGUNAN", "GM_TYPE": "Unknown Area Type", "ELEVATION": 66.734 }, "geometry": { "type": "MultiPolygon", "coordinates": [ [ [ [ 764639.609000000054948, 8982675.127000002190471 ], [ 764641.340009376523085, 8982669.14149278961122 ], [ 764634.414009376545437, 8982667.138492790982127 ], [ 764632.682999999844469, 8982673.123999997973442 ], [ 764639.609000000054948, 8982675.127000002190471 ] ] ] ] } },
{ "type": "Feature", "properties": { "LAYER": "BANGUNAN", "GM_TYPE": "Unknown Area Type", "ELEVATION": 68.386 }, "geometry": { "type": "MultiPolygon", "coordinates": [ [ [ [ 764583.473, 8982740.557000001892447 ], [ 764582.439772362005897, 8982733.266957363113761 ], [ 764573.937772362027317, 8982734.471957363188267 ], [ 764574.971000000135973, 8982741.762000001966953 ], [ 764583.473, 8982740.557000001892447 ] ] ] ] } },
{ "type": "Feature", "properties": { "LAYER": "BANGUNAN", "GM_TYPE": "Unknown Area Type", "ELEVATION": 68.296 }, "geometry": { "type": "MultiPolygon", "coordinates": [ [ [ [ 764597.017, 8982723.04700000025332 ], [ 764602.979000000050291, 8982719.887000000104308 ], [ 764600.400227113743313, 8982715.021606346592307 ], [ 764594.438227113801986, 8982718.181606346741319 ], [ 764597.017, 8982723.04700000025332 ] ] ] ] } },
{ "type": "Feature", "properties": { "LAYER": "BANGUNAN", "GM_TYPE": "Unknown Area Type", "ELEVATION": 68.296 }, "geometry": { "type": "MultiPolygon", "coordinates": [ [ [ [ 764589.314000000129454, 8982725.043999999761581 ], [ 764593.435999999986961, 8982725.093000000342727 ], [ 764593.494250171701424, 8982720.192852972075343 ], [ 764589.372250171727501, 8982720.143852969631553 ], [ 764589.314000000129454, 8982725.043999999761581 ] ] ] ] } },
{ "type": "Feature", "properties": { "LAYER": "BANGUNAN", "GM_TYPE": "Unknown Area Type", "ELEVATION": 68.422 }, "geometry": { "type": "MultiPolygon", "coordinates": [ [ [ [ 764609.177000000141561, 8982738.182 ], [ 764614.042999999830499, 8982738.167999999597669 ], [ 764614.031358839478344, 8982734.121865363791585 ], [ 764612.490655805915594, 8982734.126298131421208 ], [ 764612.486113667604513, 8982732.547580927610397 ], [ 764609.160816702060401, 8982732.557148164138198 ], [ 764609.177000000141561, 8982738.182 ] ] ] ] } },
{ "type": "Feature", "properties": { "LAYER": "BANGUNAN", "GM_TYPE": "Unknown Area Type", "ELEVATION": 68.422 }, "geometry": { "type": "MultiPolygon", "coordinates": [ [ [ [ 764617.835999999893829, 8982737.05799999833107 ], [ 764622.701999999815598, 8982737.457000000402331 ], [ 764623.134262497653253, 8982732.185347590595484 ], [ 764618.2682624978479, 8982731.786347588524222 ], [ 764617.835999999893829, 8982737.05799999833107 ] ] ] ] } },
{ "type": "Feature", "properties": { "LAYER": "BANGUNAN", "GM_TYPE": "Unknown Area Type", "ELEVATION": null }, "geometry": { "type": "MultiPolygon", "coordinates": [ [ [ [ 764624.557000000146218, 8982721.662000000476837 ], [ 764625.851999999838881, 8982715.96000000089407 ], [ 764622.543486594804563, 8982715.208592623472214 ], [ 764621.248486594879068, 8982720.910592624917626 ], [ 764624.557000000146218, 8982721.662000000476837 ] ] ] ] } },
{ "type": "Feature", "properties": { "LAYER": "BANGUNAN", "GM_TYPE": "Unknown Area Type", "ELEVATION": 67.634 }, "geometry": { "type": "MultiPolygon", "coordinates": [ [ [ [ 764615.308000000193715, 8982706.679999997839332 ], [ 764616.158649346558377, 8982704.808441963046789 ], [ 764616.740497997030616, 8982705.072900323197246 ], [ 764617.68782337824814, 8982702.988640291616321 ], [ 764616.066777329542674, 8982702.251852152869105 ], [ 764616.511269332142547, 8982701.273902092128992 ], [ 764614.659466731245629, 8982700.432231871411204 ], [ 764612.417000000015832, 8982705.36600000038743 ], [ 764615.308000000193715, 8982706.679999997839332 ] ] ] ] } },
{ "type": "Feature", "properties": { "LAYER": "BANGUNAN", "GM_TYPE": "Unknown Area Type", "ELEVATION": 67.634 }, "geometry": { "type": "MultiPolygon", "coordinates": [ [ [ [ 764611.510999999940395, 8982704.815999999642372 ], [ 764613.439529676456004, 8982700.69183592684567 ], [ 764610.984529676265083, 8982699.543835926800966 ], [ 764609.05600000009872, 8982703.667999999597669 ], [ 764611.510999999940395, 8982704.815999999642372 ] ] ] ] } },
{ "type": "Feature", "properties": { "LAYER": "BANGUNAN", "GM_TYPE": "Unknown Area Type", "ELEVATION": 67.493 }, "geometry": { "type": "MultiPolygon", "coordinates": [ [ [ [ 764619.047000000020489, 8982697.009999999776483 ], [ 764620.109892346197739, 8982694.351499252021313 ], [ 764619.03487208019942, 8982693.921696547418833 ], [ 764619.895484536886215, 8982691.769137198105454 ], [ 764616.783504802151583, 8982690.524939902126789 ], [ 764614.85999999998603, 8982695.335999999195337 ], [ 764619.047000000020489, 8982697.009999999776483 ] ] ] ] } },
{ "type": "Feature", "properties": { "LAYER": "BANGUNAN", "GM_TYPE": "Unknown Area Type", "ELEVATION": 67.292 }, "geometry": { "type": "MultiPolygon", "coordinates": [ [ [ [ 764618.274000000092201, 8982689.495999997481704 ], [ 764622.334717624704354, 8982691.55798433534801 ], [ 764624.206116664572619, 8982687.872591130435467 ], [ 764622.926928754430264, 8982687.223034653812647 ], [ 764623.826529712299816, 8982685.451427858322859 ], [ 764621.044999999809079, 8982684.038999998942018 ], [ 764618.274000000092201, 8982689.495999997481704 ] ] ] ] } },
{ "type": "Feature", "properties": { "LAYER": "BANGUNAN", "GM_TYPE": "Unknown Area Type", "ELEVATION": 65.15 }, "geometry": { "type": "MultiPolygon", "coordinates": [ [ [ [ 764646.316, 8982649.858999999240041 ], [ 764647.30325513810385, 8982647.419657094404101 ], [ 764648.798099888721481, 8982648.024653283879161 ], [ 764650.057901886873879, 8982644.911892514675856 ], [ 764645.598057135939598, 8982643.106896324083209 ], [ 764643.350999999907799, 8982648.659 ], [ 764646.316, 8982649.858999999240041 ] ] ] ] } },
{ "type": "Feature", "properties": { "LAYER": "BANGUNAN", "GM_TYPE": "Unknown Area Type", "ELEVATION": 65.15 }, "geometry": { "type": "MultiPolygon", "coordinates": [ [ [ [ 764639.505000000121072, 8982647.4239999987185 ], [ 764641.639947867020965, 8982642.339929226785898 ], [ 764636.862947867019102, 8982640.333929229527712 ], [ 764634.728, 8982645.417999999597669 ], [ 764639.505000000121072, 8982647.4239999987185 ] ] ] ] } },
{ "type": "Feature", "properties": { "LAYER": "BANGUNAN", "GM_TYPE": "Unknown Area Type", "ELEVATION": 65.15 }, "geometry": { "type": "MultiPolygon", "coordinates": [ [ [ [ 764655.97600000014063, 8982639.026000000536442 ], [ 764658.605081712012179, 8982633.110289871692657 ], [ 764653.252081712009385, 8982630.731289869174361 ], [ 764650.62299999978859, 8982636.647000001743436 ], [ 764655.97600000014063, 8982639.026000000536442 ] ] ] ] } },
{ "type": "Feature", "properties": { "LAYER": "BANGUNAN", "GM_TYPE": "Unknown Area Type", "ELEVATION": 65.15 }, "geometry": { "type": "MultiPolygon", "coordinates": [ [ [ [ 764646.294000000110827, 8982635.591000001877546 ], [ 764649.199704620637931, 8982628.985598225146532 ], [ 764644.482704620459117, 8982626.9105982221663 ], [ 764641.577000000048429, 8982633.515999998897314 ], [ 764646.294000000110827, 8982635.591000001877546 ] ] ] ] } },
{ "type": "Feature", "properties": { "LAYER": "BANGUNAN", "GM_TYPE": "Unknown Area Type", "ELEVATION": 65.15 }, "geometry": { "type": "MultiPolygon", "coordinates": [ [ [ [ 764659.628000000026077, 8982628.072999997064471 ], [ 764662.691566315130331, 8982621.174440624192357 ], [ 764656.771566315204836, 8982618.545440625399351 ], [ 764653.707999999984168, 8982625.443999998271465 ], [ 764659.628000000026077, 8982628.072999997064471 ] ] ] ] } },
{ "type": "Feature", "properties": { "LAYER": "BANGUNAN", "GM_TYPE": "Unknown Area Type", "ELEVATION": 65.15 }, "geometry": { "type": "MultiPolygon", "coordinates": [ [ [ [ 764651.197999999858439, 8982623.252000000327826 ], [ 764653.471043609897606, 8982617.307527802884579 ], [ 764651.80458474252373, 8982616.670308290049434 ], [ 764652.409991651074961, 8982615.08704586327076 ], [ 764649.343673733877949, 8982613.914549112319946 ], [ 764648.822328592301346, 8982615.27797288633883 ], [ 764646.881105377804488, 8982614.53568915091455 ], [ 764644.524000000092201, 8982620.699999999254942 ], [ 764651.197999999858439, 8982623.252000000327826 ] ] ] ] } },
{ "type": "Feature", "properties": { "LAYER": "BANGUNAN", "GM_TYPE": "Unknown Area Type", "ELEVATION": 64.604 }, "geometry": { "type": "MultiPolygon", "coordinates": [ [ [ [ 764664.113000000012107, 8982617.771999998018146 ], [ 764667.536502048606053, 8982610.03171126358211 ], [ 764659.001502048457041, 8982606.256711263209581 ], [ 764655.577999999863096, 8982613.996999999508262 ], [ 764664.113000000012107, 8982617.771999998018146 ] ] ] ] } },
{ "type": "Feature", "properties": { "LAYER": "BANGUNAN", "GM_TYPE": "Unknown Area Type", "ELEVATION": 64.604 }, "geometry": { "type": "MultiPolygon", "coordinates": [ [ [ [ 764662.442999999970198, 8982601.512000000104308 ], [ 764665.193486672011204, 8982595.321649357676506 ], [ 764659.904486672137864, 8982592.971649358049035 ], [ 764657.154000000096858, 8982599.162000000476837 ], [ 764662.442999999970198, 8982601.512000000104308 ] ] ] ] } },
{ "type": "Feature", "properties": { "LAYER": "BANGUNAN", "GM_TYPE": "Unknown Area Type", "ELEVATION": 64.604 }, "geometry": { "type": "MultiPolygon", "coordinates": [ [ [ [ 764674.964999999967404, 8982594.668999999761581 ], [ 764678.482109011267312, 8982587.03230925835669 ], [ 764672.631673866068013, 8982584.337867533788085 ], [ 764670.759046381921507, 8982588.403899300843477 ], [ 764669.498481527203694, 8982587.823341026902199 ], [ 764667.853999999817461, 8982591.393999999389052 ], [ 764674.964999999967404, 8982594.668999999761581 ] ] ] ] } },
{ "type": "Feature", "properties": { "LAYER": "BANGUNAN", "GM_TYPE": "Unknown Area Type", "ELEVATION": 64.604 }, "geometry": { "type": "MultiPolygon", "coordinates": [ [ [ [ 764665.37300000002142, 8982589.448999999091029 ], [ 764667.620188230648637, 8982584.601631738245487 ], [ 764662.594188230927102, 8982582.271631738170981 ], [ 764660.346999999834225, 8982587.118999999016523 ], [ 764665.37300000002142, 8982589.448999999091029 ] ] ] ] } },
{ "type": "Feature", "properties": { "LAYER": "BANGUNAN", "GM_TYPE": "Unknown Area Type", "ELEVATION": 63.616 }, "geometry": { "type": "MultiPolygon", "coordinates": [ [ [ [ 764679.882999999914318, 8982582.037000000476837 ], [ 764682.263667488237843, 8982576.9924401268363 ], [ 764676.510667488328181, 8982574.277440126985312 ], [ 764674.130000000121072, 8982579.321999998763204 ], [ 764679.882999999914318, 8982582.037000000476837 ] ] ] ] } },
{ "type": "Feature", "properties": { "LAYER": "BANGUNAN", "GM_TYPE": "Unknown Area Type", "ELEVATION": 63.152 }, "geometry": { "type": "MultiPolygon", "coordinates": [ [ [ [ 764685.275999999954365, 8982573.094999998807907 ], [ 764688.778445572010241, 8982565.279753360897303 ], [ 764680.185445572016761, 8982561.428753362968564 ], [ 764676.682999999960884, 8982569.243999997153878 ], [ 764685.275999999954365, 8982573.094999998807907 ] ] ] ] } },
{ "type": "Feature", "properties": { "LAYER": "BANGUNAN", "GM_TYPE": "Unknown Area Type", "ELEVATION": 62.117 }, "geometry": { "type": "MultiPolygon", "coordinates": [ [ [ [ 764706.005999999935739, 8982524.267000000923872 ], [ 764709.650697843404487, 8982515.044704208150506 ], [ 764701.725697843474336, 8982511.912704208865762 ], [ 764698.081000000122003, 8982521.134999999776483 ], [ 764706.005999999935739, 8982524.267000000923872 ] ] ] ] } },
{ "type": "Feature", "properties": { "LAYER": "BANGUNAN", "GM_TYPE": "Unknown Area Type", "ELEVATION": 62.117 }, "geometry": { "type": "MultiPolygon", "coordinates": [ [ [ [ 764696.985000000102445, 8982517.285000000149012 ], [ 764699.081065970123746, 8982511.826898455619812 ], [ 764693.446065969998017, 8982509.662898456677794 ], [ 764691.349999999976717, 8982515.120999999344349 ], [ 764696.985000000102445, 8982517.285000000149012 ] ] ] ] } },
{ "type": "Feature", "properties": { "LAYER": "BANGUNAN", "GM_TYPE": "Unknown Area Type", "ELEVATION": 61.572 }, "geometry": { "type": "MultiPolygon", "coordinates": [ [ [ [ 764712.61400000017602, 8982499.820000002160668 ], [ 764702.973999999812804, 8982495.541000001132488 ], [ 764700.595407493878156, 8982500.899642614647746 ], [ 764702.853719059028663, 8982501.902061201632023 ], [ 764701.371365873026662, 8982505.241599578410387 ], [ 764704.414865088649094, 8982506.592546997591853 ], [ 764705.927090962068178, 8982503.185709558427334 ], [ 764710.265280180959962, 8982505.111343553289771 ], [ 764712.61400000017602, 8982499.820000002160668 ] ] ] ] } },
{ "type": "Feature", "properties": { "LAYER": "BANGUNAN", "GM_TYPE": "Unknown Area Type", "ELEVATION": 60.704 }, "geometry": { "type": "MultiPolygon", "coordinates": [ [ [ [ 764723.515999999945052, 8982480.731999998912215 ], [ 764727.008879518602043, 8982471.205384092405438 ], [ 764718.062879518722184, 8982467.925384093075991 ], [ 764714.569999999948777, 8982477.452000001445413 ], [ 764723.515999999945052, 8982480.731999998912215 ] ] ] ] } },
{ "type": "Feature", "properties": { "LAYER": "BANGUNAN", "GM_TYPE": "Unknown Area Type", "ELEVATION": 60.393 }, "geometry": { "type": "MultiPolygon", "coordinates": [ [ [ [ 764736.5, 8982446.96000000089407 ], [ 764739.342000000062399, 8982439.847999999299645 ], [ 764732.568283663014881, 8982437.141180282458663 ], [ 764729.726283662952483, 8982444.253180282190442 ], [ 764736.5, 8982446.96000000089407 ] ] ] ] } },
{ "type": "Feature", "properties": { "LAYER": "BANGUNAN", "GM_TYPE": "Unknown Area Type", "ELEVATION": 60.393 }, "geometry": { "type": "MultiPolygon", "coordinates": [ [ [ [ 764728.709000000031665, 8982441.992999996989965 ], [ 764731.009847961366177, 8982437.366176504641771 ], [ 764725.485847961273976, 8982434.61917650513351 ], [ 764723.185000000055879, 8982439.245999999344349 ], [ 764728.709000000031665, 8982441.992999996989965 ] ] ] ] } },
{ "type": "Feature", "properties": { "LAYER": "BANGUNAN", "GM_TYPE": "Unknown Area Type", "ELEVATION": 60.249 }, "geometry": { "type": "MultiPolygon", "coordinates": [ [ [ [ 764743.615999999805354, 8982431.304999999701977 ], [ 764747.687352649518289, 8982421.381230928003788 ], [ 764739.580352649325505, 8982418.055230930447578 ], [ 764735.509000000194646, 8982427.979000000283122 ], [ 764743.615999999805354, 8982431.304999999701977 ] ] ] ] } },
{ "type": "Feature", "properties": { "LAYER": "BANGUNAN", "GM_TYPE": "Unknown Area Type", "ELEVATION": 60.249 }, "geometry": { "type": "MultiPolygon", "coordinates": [ [ [ [ 764732.341999999829568, 8982431.148999998345971 ], [ 764735.439810065203346, 8982423.75685073249042 ], [ 764729.712810065364465, 8982421.356850732117891 ], [ 764726.615, 8982428.748999999836087 ], [ 764732.341999999829568, 8982431.148999998345971 ] ] ] ] } },
{ "type": "Feature", "properties": { "LAYER": "BANGUNAN", "GM_TYPE": "Unknown Area Type", "ELEVATION": 60.159 }, "geometry": { "type": "MultiPolygon", "coordinates": [ [ [ [ 764766.520999999833293, 8982458.578000001609325 ], [ 764769.159012281917967, 8982448.307452583685517 ], [ 764759.527012281818315, 8982445.833452587947249 ], [ 764756.888999999850057, 8982456.104000000283122 ], [ 764766.520999999833293, 8982458.578000001609325 ] ] ] ] } },
{ "type": "Feature", "properties": { "LAYER": "BANGUNAN", "GM_TYPE": "Unknown Area Type", "ELEVATION": 60.159 }, "geometry": { "type": "MultiPolygon", "coordinates": [ [ [ [ 764769.60999999998603, 8982452.907999999821186 ], [ 764775.152999999816529, 8982453.276000000536442 ], [ 764775.499094481114298, 8982448.062951887026429 ], [ 764769.956094481050968, 8982447.694951888173819 ], [ 764769.60999999998603, 8982452.907999999821186 ] ] ] ] } },
{ "type": "Feature", "properties": { "LAYER": "BANGUNAN", "GM_TYPE": "Unknown Area Type", "ELEVATION": 60.443 }, "geometry": { "type": "MultiPolygon", "coordinates": [ [ [ [ 764750.719999999855645, 8982491.292000001296401 ], [ 764750.43471754307393, 8982492.070786204189062 ], [ 764754.478279619012028, 8982493.552010856568813 ], [ 764755.643042512936518, 8982490.37235065549612 ], [ 764758.540780684794299, 8982491.433840779587626 ], [ 764760.956695526372641, 8982484.838688837364316 ], [ 764757.870282624498941, 8982483.708083992823958 ], [ 764757.101315531297587, 8982485.807270077988505 ], [ 764754.699434587964788, 8982484.92742077820003 ], [ 764756.548366279806942, 8982479.880063464865088 ], [ 764746.616359877632931, 8982476.241802832111716 ], [ 764742.240999999921769, 8982488.185999998822808 ], [ 764750.719999999855645, 8982491.292000001296401 ] ] ] ] } },
{ "type": "Feature", "properties": { "LAYER": "BANGUNAN", "GM_TYPE": "Unknown Area Type", "ELEVATION": 60.947 }, "geometry": { "type": "MultiPolygon", "coordinates": [ [ [ [ 764742.212999999872409, 8982506.173000000417233 ], [ 764747.327999999863096, 8982507.41499999910593 ], [ 764748.759946599020623, 8982501.517731994390488 ], [ 764743.644946599262767, 8982500.275731997564435 ], [ 764742.212999999872409, 8982506.173000000417233 ] ] ] ] } },
{ "type": "Feature", "properties": { "LAYER": "BANGUNAN", "GM_TYPE": "Unknown Area Type", "ELEVATION": 60.947 }, "geometry": { "type": "MultiPolygon", "coordinates": [ [ [ [ 764748.941, 8982504.824999999254942 ], [ 764752.914020428434014, 8982506.000996036455035 ], [ 764754.48102042847313, 8982500.706996032968163 ], [ 764750.508000000147149, 8982499.530999999493361 ], [ 764748.941, 8982504.824999999254942 ] ] ] ] } },
{ "type": "Feature", "properties": { "LAYER": "BANGUNAN", "GM_TYPE": "Unknown Area Type", "ELEVATION": 61.487 }, "geometry": { "type": "MultiPolygon", "coordinates": [ [ [ [ 764727.254000000073574, 8982530.360999999567866 ], [ 764735.362000000081025, 8982533.75899999961257 ], [ 764738.020135040511377, 8982527.416398791596293 ], [ 764729.912135040503927, 8982524.01839879155159 ], [ 764727.254000000073574, 8982530.360999999567866 ] ] ] ] } },
{ "type": "Feature", "properties": { "LAYER": "BANGUNAN", "GM_TYPE": "Unknown Area Type", "ELEVATION": 62.142 }, "geometry": { "type": "MultiPolygon", "coordinates": [ [ [ [ 764723.867000000085682, 8982560.743999999016523 ], [ 764727.743629783159122, 8982552.915466068312526 ], [ 764719.215629783109762, 8982548.692466067150235 ], [ 764715.338999999803491, 8982556.521000001579523 ], [ 764723.867000000085682, 8982560.743999999016523 ] ] ] ] } },
{ "type": "Feature", "properties": { "LAYER": "BANGUNAN", "GM_TYPE": "Unknown Area Type", "ELEVATION": 62.453 }, "geometry": { "type": "MultiPolygon", "coordinates": [ [ [ [ 764710.412999999825843, 8982568.486999997869134 ], [ 764715.209999999846332, 8982571.037999998778105 ], [ 764718.391252397210337, 8982565.055848779156804 ], [ 764715.509552244096994, 8982563.523387432098389 ], [ 764714.604534261510707, 8982565.225218582898378 ], [ 764712.68923441611696, 8982564.206679930910468 ], [ 764710.412999999825843, 8982568.486999997869134 ] ] ] ] } },
{ "type": "Feature", "properties": { "LAYER": "BANGUNAN", "GM_TYPE": "Unknown Area Type", "ELEVATION": 63.191 }, "geometry": { "type": "MultiPolygon", "coordinates": [ [ [ [ 764715.875, 8982592.927999999374151 ], [ 764717.687999999965541, 8982588.464999999850988 ], [ 764712.839811718440615, 8982586.495525350794196 ], [ 764711.026811718475074, 8982590.958525346592069 ], [ 764715.875, 8982592.927999999374151 ] ] ] ] } },
{ "type": "Feature", "properties": { "LAYER": "BANGUNAN", "GM_TYPE": "Unknown Area Type", "ELEVATION": 63.191 }, "geometry": { "type": "MultiPolygon", "coordinates": [ [ [ [ 764712.805999999982305, 8982597.495999999344349 ], [ 764714.3913987679407, 8982593.649606395512819 ], [ 764709.267398767755367, 8982591.537606397643685 ], [ 764707.682000000146218, 8982595.38399999961257 ], [ 764712.805999999982305, 8982597.495999999344349 ] ] ] ] } },
{ "type": "Feature", "properties": { "LAYER": "BANGUNAN", "GM_TYPE": "Unknown Area Type", "ELEVATION": 63.466 }, "geometry": { "type": "MultiPolygon", "coordinates": [ [ [ [ 764703.098999999812804, 8982606.26799999922514 ], [ 764707.222162816673517, 8982597.763823933899403 ], [ 764702.571156746591441, 8982595.508831191807985 ], [ 764700.856959631899372, 8982599.044426249340177 ], [ 764698.548965702531859, 8982597.925418991595507 ], [ 764696.140000000130385, 8982602.894000001251698 ], [ 764703.098999999812804, 8982606.26799999922514 ] ] ] ] } },
{ "type": "Feature", "properties": { "LAYER": "BANGUNAN", "GM_TYPE": "Unknown Area Type", "ELEVATION": 63.407 }, "geometry": { "type": "MultiPolygon", "coordinates": [ [ [ [ 764699.124000000068918, 8982593.582000000402331 ], [ 764700.805130228283815, 8982589.294360658153892 ], [ 764695.143130228156224, 8982587.074360651895404 ], [ 764693.462000000057742, 8982591.361999999731779 ], [ 764699.124000000068918, 8982593.582000000402331 ] ] ] ] } },
{ "type": "Feature", "properties": { "LAYER": "BANGUNAN", "GM_TYPE": "Unknown Area Type", "ELEVATION": 63.799 }, "geometry": { "type": "MultiPolygon", "coordinates": [ [ [ [ 764696.467000000062399, 8982617.655999999493361 ], [ 764699.902993755880743, 8982610.811907954514027 ], [ 764694.259993756073527, 8982607.978907952085137 ], [ 764690.824000000138767, 8982614.822999997064471 ], [ 764696.467000000062399, 8982617.655999999493361 ] ] ] ] } },
{ "type": "Feature", "properties": { "LAYER": "BANGUNAN", "GM_TYPE": "Unknown Area Type", "ELEVATION": 64.262 }, "geometry": { "type": "MultiPolygon", "coordinates": [ [ [ [ 764696.547000000136904, 8982630.666000001132488 ], [ 764699.426040071062744, 8982624.221909349784255 ], [ 764694.748040070990101, 8982622.131909351795912 ], [ 764691.868999999831431, 8982628.575999999418855 ], [ 764696.547000000136904, 8982630.666000001132488 ] ] ] ] } },
{ "type": "Feature", "properties": { "LAYER": "BANGUNAN", "GM_TYPE": "Unknown Area Type", "ELEVATION": 63.97 }, "geometry": { "type": "MultiPolygon", "coordinates": [ [ [ [ 764702.077000000164844, 8982619.587999999523163 ], [ 764704.625859767664224, 8982614.55791780538857 ], [ 764700.386859767604619, 8982612.409917805343866 ], [ 764697.837999999988824, 8982617.439999999478459 ], [ 764702.077000000164844, 8982619.587999999523163 ] ] ] ] } },
{ "type": "Feature", "properties": { "LAYER": "BANGUNAN", "GM_TYPE": "Unknown Area Type", "ELEVATION": 64.285 }, "geometry": { "type": "MultiPolygon", "coordinates": [ [ [ [ 764699.544000000110827, 8982633.696999996900558 ], [ 764705.586999999824911, 8982636.409999998286366 ], [ 764708.313155103125609, 8982630.337698018178344 ], [ 764702.270155102945864, 8982627.624698016792536 ], [ 764699.544000000110827, 8982633.696999996900558 ] ] ] ] } },
{ "type": "Feature", "properties": { "LAYER": "BANGUNAN", "GM_TYPE": "Unknown Area Type", "ELEVATION": 64.546 }, "geometry": { "type": "MultiPolygon", "coordinates": [ [ [ [ 764677.136999999987893, 8982651.412999998778105 ], [ 764683.525000000139698, 8982653.344999998807907 ], [ 764685.939756084349938, 8982645.360806483775377 ], [ 764679.551756084430963, 8982643.428806483745575 ], [ 764677.136999999987893, 8982651.412999998778105 ] ] ] ] } },
{ "type": "Feature", "properties": { "LAYER": "BANGUNAN", "GM_TYPE": "Unknown Area Type", "ELEVATION": 65.563 }, "geometry": { "type": "MultiPolygon", "coordinates": [ [ [ [ 764665.304999999818392, 8982675.374999998137355 ], [ 764671.66604034951888, 8982678.169271046295762 ], [ 764674.907040349557064, 8982670.791271045804024 ], [ 764668.545999999972992, 8982667.997000001370907 ], [ 764665.304999999818392, 8982675.374999998137355 ] ] ] ] } },
{ "type": "Feature", "properties": { "LAYER": "BANGUNAN", "GM_TYPE": "Unknown Area Type", "ELEVATION": 65.675 }, "geometry": { "type": "MultiPolygon", "coordinates": [ [ [ [ 764675.769000000087544, 8982678.222999997437 ], [ 764680.261999999871477, 8982679.76099999807775 ], [ 764682.404974474688061, 8982673.500672101974487 ], [ 764677.911974474554881, 8982671.962672099471092 ], [ 764675.769000000087544, 8982678.222999997437 ] ] ] ] } },
{ "type": "Feature", "properties": { "LAYER": "BANGUNAN", "GM_TYPE": "Unknown Area Type", "ELEVATION": 66.636 }, "geometry": { "type": "MultiPolygon", "coordinates": [ [ [ [ 764657.67000000004191, 8982701.913999998942018 ], [ 764664.236000000149943, 8982701.625 ], [ 764663.790366668719798, 8982691.500334033742547 ], [ 764657.224366668611765, 8982691.789334032684565 ], [ 764657.67000000004191, 8982701.913999998942018 ] ] ] ] } },
{ "type": "Feature", "properties": { "LAYER": "BANGUNAN", "GM_TYPE": "Unknown Area Type", "ELEVATION": 66.364 }, "geometry": { "type": "MultiPolygon", "coordinates": [ [ [ [ 764669.314000000013039, 8982691.912000000476837 ], [ 764678.380964913754724, 8982693.482355456799269 ], [ 764680.153964913566597, 8982683.245355453342199 ], [ 764671.086999999824911, 8982681.674999997019768 ], [ 764669.314000000013039, 8982691.912000000476837 ] ] ] ] } },
{ "type": "Feature", "properties": { "LAYER": "BANGUNAN", "GM_TYPE": "Unknown Area Type", "ELEVATION": 67.19 }, "geometry": { "type": "MultiPolygon", "coordinates": [ [ [ [ 764682.425999999861233, 8982705.723999999463558 ], [ 764688.210999999893829, 8982705.639999996870756 ], [ 764688.122434654273093, 8982699.540589028969407 ], [ 764682.337434654356912, 8982699.624589027836919 ], [ 764682.425999999861233, 8982705.723999999463558 ] ] ] ] } },
{ "type": "Feature", "properties": { "LAYER": "BANGUNAN", "GM_TYPE": "Unknown Area Type", "ELEVATION": 67.19 }, "geometry": { "type": "MultiPolygon", "coordinates": [ [ [ [ 764686.947999999858439, 8982697.081000002101064 ], [ 764687.062037102528848, 8982692.312620028853416 ], [ 764681.208037102711387, 8982692.17262002825737 ], [ 764681.094000000040978, 8982696.940999999642372 ], [ 764686.947999999858439, 8982697.081000002101064 ] ] ] ] } },
{ "type": "Feature", "properties": { "LAYER": "BANGUNAN", "GM_TYPE": "Unknown Area Type", "ELEVATION": 59.478 }, "geometry": { "type": "MultiPolygon", "coordinates": [ [ [ [ 764775.302000000025146, 8982414.234999999403954 ], [ 764779.248000000137836, 8982414.235999999567866 ], [ 764779.249044371303171, 8982410.114911684766412 ], [ 764775.303044371539727, 8982410.113911682739854 ], [ 764775.302000000025146, 8982414.234999999403954 ] ] ] ] } },
{ "type": "Feature", "properties": { "LAYER": "BANGUNAN", "GM_TYPE": "Unknown Area Type", "ELEVATION": 59.139 }, "geometry": { "type": "MultiPolygon", "coordinates": [ [ [ [ 764777.255999999819323, 8982407.583999997004867 ], [ 764785.750999999931082, 8982410.829 ], [ 764789.569644368486479, 8982400.832271525636315 ], [ 764781.074644368491136, 8982397.587271522730589 ], [ 764777.255999999819323, 8982407.583999997004867 ] ] ] ] } },
{ "type": "Feature", "properties": { "LAYER": "BANGUNAN", "GM_TYPE": "Unknown Area Type", "ELEVATION": 58.833 }, "geometry": { "type": "MultiPolygon", "coordinates": [ [ [ [ 764781.890999999828637, 8982394.184000000357628 ], [ 764793.510000000125729, 8982398.677000001072884 ], [ 764797.144091922673397, 8982389.279155783355236 ], [ 764785.525091922609136, 8982384.786155784502625 ], [ 764781.890999999828637, 8982394.184000000357628 ] ] ] ] } },
{ "type": "Feature", "properties": { "LAYER": "BANGUNAN", "GM_TYPE": "Unknown Area Type", "ELEVATION": 58.833 }, "geometry": { "type": "MultiPolygon", "coordinates": [ [ [ [ 764796.566, 8982396.580000001937151 ], [ 764803.451000000117347, 8982399.020999999716878 ], [ 764805.71021977160126, 8982392.64872301183641 ], [ 764798.825219771359116, 8982390.207723012194037 ], [ 764796.566, 8982396.580000001937151 ] ] ] ] } },
{ "type": "Feature", "properties": { "LAYER": "BANGUNAN", "GM_TYPE": "Unknown Area Type", "ELEVATION": 58.574 }, "geometry": { "type": "MultiPolygon", "coordinates": [ [ [ [ 764789.165000000037253, 8982374.645999999716878 ], [ 764797.333000000100583, 8982378.313999999314547 ], [ 764800.624389964505099, 8982370.984645245596766 ], [ 764795.555599717074074, 8982368.708405943587422 ], [ 764794.939999999944121, 8982369.607999999076128 ], [ 764792.253101660986431, 8982367.769333049654961 ], [ 764789.165000000037253, 8982374.645999999716878 ] ] ] ] } },
{ "type": "Feature", "properties": { "LAYER": "BANGUNAN", "GM_TYPE": "Unknown Area Type", "ELEVATION": 57.703 }, "geometry": { "type": "MultiPolygon", "coordinates": [ [ [ [ 764798.562999999849126, 8982359.137000001966953 ], [ 764807.414999999804422, 8982361.958999998867512 ], [ 764808.476292131352238, 8982358.629957493394613 ], [ 764811.131264975410886, 8982359.47635755687952 ], [ 764812.538955930736847, 8982355.060737308114767 ], [ 764801.031983086606488, 8982351.392337245866656 ], [ 764798.562999999849126, 8982359.137000001966953 ] ] ] ] } },
{ "type": "Feature", "properties": { "LAYER": "BANGUNAN", "GM_TYPE": "Unknown Area Type", "ELEVATION": null }, "geometry": { "type": "MultiPolygon", "coordinates": [ [ [ [ 764802.848, 8982347.550000000745058 ], [ 764811.697000000043772, 8982351.560999998822808 ], [ 764816.260070608579554, 8982341.494031209498644 ], [ 764807.41107060876675, 8982337.483031213283539 ], [ 764802.848, 8982347.550000000745058 ] ] ] ] } },
{ "type": "Feature", "properties": { "LAYER": "BANGUNAN", "GM_TYPE": "Unknown Area Type", "ELEVATION": 56.39 }, "geometry": { "type": "MultiPolygon", "coordinates": [ [ [ [ 764809.147999999811873, 8982331.67200000025332 ], [ 764812.816, 8982333.456000000238419 ], [ 764815.795952060143463, 8982327.329058207571507 ], [ 764812.127952060196549, 8982325.545058205723763 ], [ 764809.147999999811873, 8982331.67200000025332 ] ] ] ] } },
{ "type": "Feature", "properties": { "LAYER": "BANGUNAN", "GM_TYPE": "Unknown Area Type", "ELEVATION": 56.39 }, "geometry": { "type": "MultiPolygon", "coordinates": [ [ [ [ 764814.69400000013411, 8982335.715000001713634 ], [ 764822.450999999884516, 8982338.839999999850988 ], [ 764825.55614797049202, 8982331.132277501747012 ], [ 764817.799147970508784, 8982328.007277499884367 ], [ 764814.69400000013411, 8982335.715000001713634 ] ] ] ] } },
{ "type": "Feature", "properties": { "LAYER": "BANGUNAN", "GM_TYPE": "Unknown Area Type", "ELEVATION": 58.135 }, "geometry": { "type": "MultiPolygon", "coordinates": [ [ [ [ 764766.45900000014808, 8982370.50899999961257 ], [ 764769.804257301846519, 8982364.880962543189526 ], [ 764762.886257301899604, 8982360.768962545320392 ], [ 764759.540999999968335, 8982366.397000001743436 ], [ 764766.45900000014808, 8982370.50899999961257 ] ] ] ] } },
{ "type": "Feature", "properties": { "LAYER": "BANGUNAN", "GM_TYPE": "Unknown Area Type", "ELEVATION": 58.135 }, "geometry": { "type": "MultiPolygon", "coordinates": [ [ [ [ 764770.231000000145286, 8982362.006999997422099 ], [ 764772.839786473079585, 8982356.647626610472798 ], [ 764766.565786473103799, 8982353.593626609072089 ], [ 764763.956999999820255, 8982358.95299999974668 ], [ 764770.231000000145286, 8982362.006999997422099 ] ] ] ] } },
{ "type": "Feature", "properties": { "LAYER": "BANGUNAN", "GM_TYPE": "Unknown Area Type", "ELEVATION": 57.455 }, "geometry": { "type": "MultiPolygon", "coordinates": [ [ [ [ 764771.524000000092201, 8982351.060000000521541 ], [ 764772.273693174705841, 8982346.542263714596629 ], [ 764764.427693174686283, 8982345.240263715386391 ], [ 764763.677999999956228, 8982349.757999999448657 ], [ 764771.524000000092201, 8982351.060000000521541 ] ] ] ] } },
{ "type": "Feature", "properties": { "LAYER": "BANGUNAN", "GM_TYPE": "Unknown Area Type", "ELEVATION": 57.096 }, "geometry": { "type": "MultiPolygon", "coordinates": [ [ [ [ 764770.160000000149012, 8982344.617999998852611 ], [ 764772.671191209577955, 8982340.17433949187398 ], [ 764766.129191209794953, 8982336.477339493110776 ], [ 764763.618000000133179, 8982340.921 ], [ 764770.160000000149012, 8982344.617999998852611 ] ] ] ] } },
{ "type": "Feature", "properties": { "LAYER": "BANGUNAN", "GM_TYPE": "Unknown Area Type", "ELEVATION": 52.971 }, "geometry": { "type": "MultiPolygon", "coordinates": [ [ [ [ 764822.733, 8982295.40399999730289 ], [ 764816.11747189250309, 8982301.704900715500116 ], [ 764820.643471892690286, 8982306.456900717690587 ], [ 764827.259000000194646, 8982300.155999999493361 ], [ 764822.733, 8982295.40399999730289 ] ] ] ] } },
{ "type": "Feature", "properties": { "LAYER": "BANGUNAN", "GM_TYPE": "Unknown Area Type", "ELEVATION": 54.599 }, "geometry": { "type": "MultiPolygon", "coordinates": [ [ [ [ 764795.416000000201166, 8982311.102 ], [ 764799.601694727083668, 8982303.806263940408826 ], [ 764793.673694727243856, 8982300.405263939872384 ], [ 764789.488000000128523, 8982307.700999999418855 ], [ 764795.416000000201166, 8982311.102 ] ] ] ] } },
{ "type": "Feature", "properties": { "LAYER": "BANGUNAN", "GM_TYPE": "Unknown Area Type", "ELEVATION": 52.316 }, "geometry": { "type": "MultiPolygon", "coordinates": [ [ [ [ 764794.493000000016764, 8982287.399000000208616 ], [ 764791.575999999884516, 8982283.670000001788139 ], [ 764786.526569076231681, 8982287.619903458282351 ], [ 764789.443569076247513, 8982291.348903460428119 ], [ 764794.493000000016764, 8982287.399000000208616 ] ] ] ] } },
{ "type": "Feature", "properties": { "LAYER": "BANGUNAN", "GM_TYPE": "Unknown Area Type", "ELEVATION": 52.316 }, "geometry": { "type": "MultiPolygon", "coordinates": [ [ [ [ 764808.246999999973923, 8982284.980000000447035 ], [ 764810.911368521279655, 8982279.349481608718634 ], [ 764804.045368521125056, 8982276.100481607019901 ], [ 764801.380999999819323, 8982281.730999996885657 ], [ 764808.246999999973923, 8982284.980000000447035 ] ] ] ] } },
{ "type": "Feature", "properties": { "LAYER": "BANGUNAN", "GM_TYPE": "Unknown Area Type", "ELEVATION": 49.242 }, "geometry": { "type": "MultiPolygon", "coordinates": [ [ [ [ 764826.579000000027008, 8982257.270999997854233 ], [ 764818.275999999954365, 8982251.598000001162291 ], [ 764814.333960925112478, 8982257.367566442117095 ], [ 764822.636960925185122, 8982263.040566442534328 ], [ 764826.579000000027008, 8982257.270999997854233 ] ] ] ] } },
{ "type": "Feature", "properties": { "LAYER": "BANGUNAN", "GM_TYPE": "Unknown Area Type", "ELEVATION": 48.86 }, "geometry": { "type": "MultiPolygon", "coordinates": [ [ [ [ 764833.180000000051223, 8982255.970999997109175 ], [ 764832.510999999940395, 8982250.945000000298023 ], [ 764827.129015012993477, 8982251.661384392529726 ], [ 764827.798015012987889, 8982256.687384389340878 ], [ 764833.180000000051223, 8982255.970999997109175 ] ] ] ] } },
{ "type": "Feature", "properties": { "LAYER": "BANGUNAN", "GM_TYPE": "Unknown Area Type", "ELEVATION": 48.86 }, "geometry": { "type": "MultiPolygon", "coordinates": [ [ [ [ 764825.549999999813735, 8982248.384999999776483 ], [ 764824.796999999787658, 8982244.183000000193715 ], [ 764816.972118209348992, 8982245.585221797227859 ], [ 764817.725118209375069, 8982249.787221796810627 ], [ 764825.549999999813735, 8982248.384999999776483 ] ] ] ] } },
{ "type": "Feature", "properties": { "LAYER": "BANGUNAN", "GM_TYPE": "Unknown Area Type", "ELEVATION": 48.673 }, "geometry": { "type": "MultiPolygon", "coordinates": [ [ [ [ 764825.949000000022352, 8982239.087999999523163 ], [ 764824.312000000034459, 8982231.204000001773238 ], [ 764815.07130071579013, 8982233.122699229046702 ], [ 764816.708300715661608, 8982241.006699230521917 ], [ 764825.949000000022352, 8982239.087999999523163 ] ] ] ] } },
{ "type": "Feature", "properties": { "LAYER": "BANGUNAN", "GM_TYPE": "Unknown Area Type", "ELEVATION": 48.673 }, "geometry": { "type": "MultiPolygon", "coordinates": [ [ [ [ 764807.256999999983236, 8982242.34599999897182 ], [ 764811.852000000071712, 8982234.26799999922514 ], [ 764804.62181367026642, 8982230.155260931700468 ], [ 764800.026813670410775, 8982238.233260929584503 ], [ 764807.256999999983236, 8982242.34599999897182 ] ] ] ] } },
{ "type": "Feature", "properties": { "LAYER": "BANGUNAN", "GM_TYPE": "Unknown Area Type", "ELEVATION": 48.059 }, "geometry": { "type": "MultiPolygon", "coordinates": [ [ [ [ 764830.699000000022352, 8982236.426000000908971 ], [ 764838.479999999864958, 8982233.079 ], [ 764835.384461221517995, 8982225.882589112967253 ], [ 764827.603461221558973, 8982229.229589112102985 ], [ 764830.699000000022352, 8982236.426000000908971 ] ] ] ] } },
{ "type": "Feature", "properties": { "LAYER": "BANGUNAN", "GM_TYPE": "Unknown Area Type", "ELEVATION": 48.059 }, "geometry": { "type": "MultiPolygon", "coordinates": [ [ [ [ 764833.566, 8982244.247999999672174 ], [ 764840.637999999918975, 8982241.622000001370907 ], [ 764838.574608018388972, 8982236.065142385661602 ], [ 764831.502608018228784, 8982238.691142385825515 ], [ 764833.566, 8982244.247999999672174 ] ] ] ] } },
{ "type": "Feature", "properties": { "LAYER": "BANGUNAN", "GM_TYPE": "Unknown Area Type", "ELEVATION": 48.059 }, "geometry": { "type": "MultiPolygon", "coordinates": [ [ [ [ 764843.929999999818392, 8982242.301999999210238 ], [ 764848.93100000009872, 8982240.731999998912215 ], [ 764847.346280235913582, 8982235.684112394228578 ], [ 764842.345280236098915, 8982237.254112394526601 ], [ 764843.929999999818392, 8982242.301999999210238 ] ] ] ] } },
{ "type": "Feature", "properties": { "LAYER": "BANGUNAN", "GM_TYPE": "Unknown Area Type", "ELEVATION": 47.851 }, "geometry": { "type": "MultiPolygon", "coordinates": [ [ [ [ 764851.684, 8982241.779999997466803 ], [ 764856.987000000081025, 8982239.586000001057982 ], [ 764855.079932100488804, 8982234.976528227329254 ], [ 764849.776932100416161, 8982237.170528225600719 ], [ 764851.684, 8982241.779999997466803 ] ] ] ] } },
{ "type": "Feature", "properties": { "LAYER": "BANGUNAN", "GM_TYPE": "Unknown Area Type", "ELEVATION": 47.221 }, "geometry": { "type": "MultiPolygon", "coordinates": [ [ [ [ 764847.37300000002142, 8982228.462000001221895 ], [ 764852.754000000073574, 8982226.225000001490116 ], [ 764849.431689736433327, 8982218.233336372300982 ], [ 764844.050689736730419, 8982220.470336372032762 ], [ 764847.37300000002142, 8982228.462000001221895 ] ] ] ] } },
{ "type": "Feature", "properties": { "LAYER": "BANGUNAN", "GM_TYPE": "Unknown Area Type", "ELEVATION": 46.421 }, "geometry": { "type": "MultiPolygon", "coordinates": [ [ [ [ 764869.536000000196509, 8982224.22099999897182 ], [ 764866.267999999923632, 8982214.195000000298023 ], [ 764853.903275173623115, 8982218.225313259288669 ], [ 764857.171275173546746, 8982228.251313257962465 ], [ 764869.536000000196509, 8982224.22099999897182 ] ] ] ] } },
{ "type": "Feature", "properties": { "LAYER": "BANGUNAN", "GM_TYPE": "Unknown Area Type", "ELEVATION": 44.216 }, "geometry": { "type": "MultiPolygon", "coordinates": [ [ [ [ 764910.027999999932945, 8982191.622999999672174 ], [ 764914.320000000181608, 8982197.386000001803041 ], [ 764920.250145069556311, 8982192.969518542289734 ], [ 764915.958145069889724, 8982187.206518542021513 ], [ 764910.027999999932945, 8982191.622999999672174 ] ] ] ] } },
{ "type": "Feature", "properties": { "LAYER": "BANGUNAN", "GM_TYPE": "Unknown Area Type", "ELEVATION": 44.518 }, "geometry": { "type": "MultiPolygon", "coordinates": [ [ [ [ 764892.878999999840744, 8982192.490000000223517 ], [ 764901.432999999844469, 8982185.907999997958541 ], [ 764897.547248215647414, 8982180.858057618141174 ], [ 764888.993248215643689, 8982187.440057622268796 ], [ 764892.878999999840744, 8982192.490000000223517 ] ] ] ] } },
{ "type": "Feature", "properties": { "LAYER": "BANGUNAN", "GM_TYPE": "Unknown Area Type", "ELEVATION": 44.671 }, "geometry": { "type": "MultiPolygon", "coordinates": [ [ [ [ 764862.37699999997858, 8982174.302000001072884 ], [ 764868.531696983147413, 8982170.592027667909861 ], [ 764860.697247857227921, 8982157.594987239688635 ], [ 764856.854719275608659, 8982159.911214141175151 ], [ 764857.552168395137414, 8982161.068254573270679 ], [ 764855.239999999874271, 8982162.46199999935925 ], [ 764862.37699999997858, 8982174.302000001072884 ] ] ] ] } },
{ "type": "Feature", "properties": { "LAYER": "BANGUNAN", "GM_TYPE": "Unknown Area Type", "ELEVATION": 44.671 }, "geometry": { "type": "MultiPolygon", "coordinates": [ [ [ [ 764870.044999999809079, 8982164.08 ], [ 764877.041243593790568, 8982160.211807196959853 ], [ 764871.752243593917228, 8982150.645807195454836 ], [ 764864.755999999819323, 8982154.514000000432134 ], [ 764870.044999999809079, 8982164.08 ] ] ] ] } },
{ "type": "Feature", "properties": { "LAYER": "BANGUNAN", "GM_TYPE": "Unknown Area Type", "ELEVATION": 44.495 }, "geometry": { "type": "MultiPolygon", "coordinates": [ [ [ [ 764896.422000000020489, 8982161.925999999046326 ], [ 764904.775099689839408, 8982157.906308524310589 ], [ 764895.793099689646624, 8982139.241308525204659 ], [ 764887.439999999944121, 8982143.261 ], [ 764896.422000000020489, 8982161.925999999046326 ] ] ] ] } },
{ "type": "Feature", "properties": { "LAYER": "BANGUNAN", "GM_TYPE": "Unknown Area Type", "ELEVATION": 44.432 }, "geometry": { "type": "MultiPolygon", "coordinates": [ [ [ [ 764916.710999999893829, 8982152.993999999016523 ], [ 764922.423248103121296, 8982149.745529338717461 ], [ 764918.751248103100806, 8982143.28852934204042 ], [ 764913.039000000106171, 8982146.537000000476837 ], [ 764916.710999999893829, 8982152.993999999016523 ] ] ] ] } },
{ "type": "Feature", "properties": { "LAYER": "BANGUNAN", "GM_TYPE": "Unknown Area Type", "ELEVATION": 44.432 }, "geometry": { "type": "MultiPolygon", "coordinates": [ [ [ [ 764911.569999999948777, 8982134.280999999493361 ], [ 764920.030000000144355, 8982129.785999998450279 ], [ 764915.494823927991092, 8982121.250384967774153 ], [ 764907.03482392791193, 8982125.745384966954589 ], [ 764911.569999999948777, 8982134.280999999493361 ] ] ] ] } },
{ "type": "Feature", "properties": { "LAYER": "BANGUNAN", "GM_TYPE": "Unknown Area Type", "ELEVATION": 44.306 }, "geometry": { "type": "MultiPolygon", "coordinates": [ [ [ [ 764908.623999999836087, 8982116.094000000506639 ], [ 764902.889000000082888, 8982110.295 ], [ 764897.977243704372086, 8982115.152548257261515 ], [ 764903.7122437042417, 8982120.95154825784266 ], [ 764908.623999999836087, 8982116.094000000506639 ] ] ] ] } },
{ "type": "Feature", "properties": { "LAYER": "BANGUNAN", "GM_TYPE": "Unknown Area Type", "ELEVATION": 44.306 }, "geometry": { "type": "MultiPolygon", "coordinates": [ [ [ [ 764898.755000000121072, 8982127.815999999642372 ], [ 764902.530120573122986, 8982124.258936932310462 ], [ 764895.483120573102497, 8982116.77993693202734 ], [ 764891.707999999984168, 8982120.33699999935925 ], [ 764898.755000000121072, 8982127.815999999642372 ] ] ] ] } },
{ "type": "Feature", "properties": { "LAYER": "BANGUNAN", "GM_TYPE": "Unknown Area Type", "ELEVATION": 43.123 }, "geometry": { "type": "MultiPolygon", "coordinates": [ [ [ [ 764947.486000000149943, 8982132.623999999836087 ], [ 764942.35100000014063, 8982125.018999999389052 ], [ 764934.780954177025706, 8982130.130398461595178 ], [ 764939.915954177035019, 8982137.735398462042212 ], [ 764947.486000000149943, 8982132.623999999836087 ] ] ] ] } },
{ "type": "Feature", "properties": { "LAYER": "BANGUNAN", "GM_TYPE": "Unknown Area Type", "ELEVATION": 43.186 }, "geometry": { "type": "MultiPolygon", "coordinates": [ [ [ [ 764955.52599999983795, 8982125.018999999389052 ], [ 764960.689908553264104, 8982119.708070376887918 ], [ 764954.259908553445712, 8982113.456070378422737 ], [ 764949.095999999903142, 8982118.766999999061227 ], [ 764955.52599999983795, 8982125.018999999389052 ] ] ] ] } },
{ "type": "Feature", "properties": { "LAYER": "BANGUNAN", "GM_TYPE": "Unknown Area Type", "ELEVATION": 43.186 }, "geometry": { "type": "MultiPolygon", "coordinates": [ [ [ [ 764970.172999999951571, 8982108.83500000089407 ], [ 764975.009798055980355, 8982102.063884170725942 ], [ 764964.889798055985011, 8982094.83488417044282 ], [ 764960.052999999839813, 8982101.605999996885657 ], [ 764970.172999999951571, 8982108.83500000089407 ] ] ] ] } },
{ "type": "Feature", "properties": { "LAYER": "BANGUNAN", "GM_TYPE": "Unknown Area Type", "ELEVATION": 43.186 }, "geometry": { "type": "MultiPolygon", "coordinates": [ [ [ [ 764928.542999999946915, 8982105.13599999807775 ], [ 764933.039000000106171, 8982100.176999999210238 ], [ 764926.745431159506552, 8982094.471033977344632 ], [ 764922.249431159580126, 8982099.430033978074789 ], [ 764928.542999999946915, 8982105.13599999807775 ] ] ] ] } },
{ "type": "Feature", "properties": { "LAYER": "BANGUNAN", "GM_TYPE": "Unknown Area Type", "ELEVATION": 43.282 }, "geometry": { "type": "MultiPolygon", "coordinates": [ [ [ [ 764967.134000000194646, 8982175.132000001147389 ], [ 764975.432999999960884, 8982173.624000001698732 ], [ 764974.048043031129055, 8982166.002144636586308 ], [ 764965.749043031129986, 8982167.51014463417232 ], [ 764967.134000000194646, 8982175.132000001147389 ] ] ] ] } },
{ "type": "Feature", "properties": { "LAYER": "BANGUNAN", "GM_TYPE": "Unknown Area Type", "ELEVATION": 43.282 }, "geometry": { "type": "MultiPolygon", "coordinates": [ [ [ [ 764972.978999999817461, 8982185.292000001296401 ], [ 764978.303819977911189, 8982184.747362319380045 ], [ 764977.613819977967069, 8982178.001362321898341 ], [ 764972.28899999987334, 8982178.546 ], [ 764972.978999999817461, 8982185.292000001296401 ] ] ] ] } },
{ "type": "Feature", "properties": { "LAYER": "BANGUNAN", "GM_TYPE": "Unknown Area Type", "ELEVATION": 43.282 }, "geometry": { "type": "MultiPolygon", "coordinates": [ [ [ [ 764960.457000000053085, 8982182.093000002205372 ], [ 764960.443416784051806, 8982176.669335141777992 ], [ 764950.860416784067638, 8982176.693335141986609 ], [ 764950.874000000068918, 8982182.117000000551343 ], [ 764960.457000000053085, 8982182.093000002205372 ] ] ] ] } },
{ "type": "Feature", "properties": { "LAYER": "BANGUNAN", "GM_TYPE": "Unknown Area Type", "ELEVATION": 43.2 }, "geometry": { "type": "MultiPolygon", "coordinates": [ [ [ [ 764989.172000000136904, 8982162.69200000166893 ], [ 764996.684000463224947, 8982161.189599907025695 ], [ 764994.685000463272445, 8982151.194599904119968 ], [ 764987.172999999951571, 8982152.697000000625849 ], [ 764989.172000000136904, 8982162.69200000166893 ] ] ] ] } },
{ "type": "Feature", "properties": { "LAYER": "BANGUNAN", "GM_TYPE": "Unknown Area Type", "ELEVATION": 43.2 }, "geometry": { "type": "MultiPolygon", "coordinates": [ [ [ [ 764999.316999999806285, 8982165.627000000327826 ], [ 765006.119601052603684, 8982165.549644207581878 ], [ 765006.004601052612998, 8982155.436644211411476 ], [ 764999.201999999815598, 8982155.514000000432134 ], [ 764999.316999999806285, 8982165.627000000327826 ] ] ] ] } },
{ "type": "Feature", "properties": { "LAYER": "BANGUNAN", "GM_TYPE": "Unknown Area Type", "ELEVATION": 43.2 }, "geometry": { "type": "MultiPolygon", "coordinates": [ [ [ [ 765007.334000000031665, 8982158.219999996945262 ], [ 765016.525000000023283, 8982158.272000001743436 ], [ 765016.575740581261925, 8982149.303602462634444 ], [ 765007.384740581270307, 8982149.251602463424206 ], [ 765007.334000000031665, 8982158.219999996945262 ] ] ] ] } },
{ "type": "Feature", "properties": { "LAYER": "BANGUNAN", "GM_TYPE": "Unknown Area Type", "ELEVATION": 43.2 }, "geometry": { "type": "MultiPolygon", "coordinates": [ [ [ [ 765045.902000000118278, 8982167.827999997884035 ], [ 765049.299000000115484, 8982155.462999999523163 ], [ 765041.453078375663608, 8982153.307513080537319 ], [ 765039.438633360201493, 8982160.640045497566462 ], [ 765035.429326869081706, 8982159.538580544292927 ], [ 765034.046771885477938, 8982164.571048127487302 ], [ 765045.902000000118278, 8982167.827999997884035 ] ] ] ] } },
{ "type": "Feature", "properties": { "LAYER": "BANGUNAN", "GM_TYPE": "Unknown Area Type", "ELEVATION": 43.2 }, "geometry": { "type": "MultiPolygon", "coordinates": [ [ [ [ 765047.899000000092201, 8982170.649000000208616 ], [ 765058.991731039015576, 8982173.597722962498665 ], [ 765062.338731039082631, 8982161.006722960621119 ], [ 765051.245999999926426, 8982158.05800000205636 ], [ 765047.899000000092201, 8982170.649000000208616 ] ] ] ] } },
{ "type": "Feature", "properties": { "LAYER": "BANGUNAN", "GM_TYPE": "Unknown Area Type", "ELEVATION": 43.2 }, "geometry": { "type": "MultiPolygon", "coordinates": [ [ [ [ 765068.206999999820255, 8982175.475999999791384 ], [ 765077.15191292623058, 8982178.038244472816586 ], [ 765079.943912925897166, 8982168.29124447517097 ], [ 765070.999000000068918, 8982165.729000000283122 ], [ 765068.206999999820255, 8982175.475999999791384 ] ] ] ] } },
{ "type": "Feature", "properties": { "LAYER": "BANGUNAN", "GM_TYPE": "Unknown Area Type", "ELEVATION": 43.2 }, "geometry": { "type": "MultiPolygon", "coordinates": [ [ [ [ 765097.258000000147149, 8982184.523 ], [ 765108.123984507401474, 8982187.158945120871067 ], [ 765110.790984507184476, 8982176.164945121854544 ], [ 765099.924999999813735, 8982173.52899999730289 ], [ 765097.258000000147149, 8982184.523 ] ] ] ] } },
{ "type": "Feature", "properties": { "LAYER": "BANGUNAN", "GM_TYPE": "Unknown Area Type", "ELEVATION": 43.2 }, "geometry": { "type": "MultiPolygon", "coordinates": [ [ [ [ 765114.907000000122935, 8982186.763000002130866 ], [ 765120.560077901463956, 8982188.212425831705332 ], [ 765122.845077901380137, 8982179.30042583309114 ], [ 765117.192000000039116, 8982177.851000001654029 ], [ 765114.907000000122935, 8982186.763000002130866 ] ] ] ] } },
{ "type": "Feature", "properties": { "LAYER": "BANGUNAN", "GM_TYPE": "Unknown Area Type", "ELEVATION": 43.108 }, "geometry": { "type": "MultiPolygon", "coordinates": [ [ [ [ 765108.267, 8982206.772999998182058 ], [ 765117.417201455449685, 8982209.50288980267942 ], [ 765120.728201455669478, 8982198.404889801517129 ], [ 765111.578000000212342, 8982195.674999998882413 ], [ 765108.267, 8982206.772999998182058 ] ] ] ] } },
{ "type": "Feature", "properties": { "LAYER": "BANGUNAN", "GM_TYPE": "Unknown Area Type", "ELEVATION": 43.108 }, "geometry": { "type": "MultiPolygon", "coordinates": [ [ [ [ 765116.079000000027008, 8982193.983999999240041 ], [ 765117.169999999809079, 8982189.433000000193715 ], [ 765113.760078017017804, 8982188.615547817200422 ], [ 765112.669078017002903, 8982193.166547818109393 ], [ 765116.079000000027008, 8982193.983999999240041 ] ] ] ] } },
{ "type": "Feature", "properties": { "LAYER": "BANGUNAN", "GM_TYPE": "Unknown Area Type", "ELEVATION": 43.108 }, "geometry": { "type": "MultiPolygon", "coordinates": [ [ [ [ 765124.784000000101514, 8982191.002000000327826 ], [ 765132.175305614364333, 8982193.026046024635434 ], [ 765135.23630561423488, 8982181.848046025261283 ], [ 765127.844999999855645, 8982179.823999999091029 ], [ 765124.784000000101514, 8982191.002000000327826 ] ] ] ] } },
{ "type": "Feature", "properties": { "LAYER": "BANGUNAN", "GM_TYPE": "Unknown Area Type", "ELEVATION": 43.108 }, "geometry": { "type": "MultiPolygon", "coordinates": [ [ [ [ 765139.822999999858439, 8982192.82799999974668 ], [ 765147.958424163400196, 8982194.473616551607847 ], [ 765150.359172665281221, 8982182.60505130700767 ], [ 765137.506298773107119, 8982180.005198914557695 ], [ 765135.993550270446576, 8982187.483764154836535 ], [ 765140.710999999893829, 8982188.437999999150634 ], [ 765139.822999999858439, 8982192.82799999974668 ] ] ] ] } },
{ "type": "Feature", "properties": { "LAYER": "BANGUNAN", "GM_TYPE": "Unknown Area Type", "ELEVATION": 43.108 }, "geometry": { "type": "MultiPolygon", "coordinates": [ [ [ [ 765154.123000000137836, 8982194.132000001147389 ], [ 765161.437206687056459, 8982196.418098319321871 ], [ 765163.884206686983816, 8982188.589098323136568 ], [ 765156.569999999948777, 8982186.302999999374151 ], [ 765154.123000000137836, 8982194.132000001147389 ] ] ] ] } },
{ "type": "Feature", "properties": { "LAYER": "BANGUNAN", "GM_TYPE": "Unknown Area Type", "ELEVATION": 43.108 }, "geometry": { "type": "MultiPolygon", "coordinates": [ [ [ [ 765165.755999999935739, 8982198.312999999150634 ], [ 765173.435581311583519, 8982200.577874360606074 ], [ 765175.48558131151367, 8982193.626874359324574 ], [ 765167.805999999982305, 8982191.361999999731779 ], [ 765165.755999999935739, 8982198.312999999150634 ] ] ] ] } },
{ "type": "Feature", "properties": { "LAYER": "BANGUNAN", "GM_TYPE": "Unknown Area Type", "ELEVATION": 43.108 }, "geometry": { "type": "MultiPolygon", "coordinates": [ [ [ [ 765190.755, 8982206.994999997317791 ], [ 765200.734709286596626, 8982209.709846504032612 ], [ 765203.348709286539815, 8982200.100846506655216 ], [ 765193.368999999831431, 8982197.386000001803041 ], [ 765190.755, 8982206.994999997317791 ] ] ] ] } },
{ "type": "Feature", "properties": { "LAYER": "BANGUNAN", "GM_TYPE": "Unknown Area Type", "ELEVATION": 43.108 }, "geometry": { "type": "MultiPolygon", "coordinates": [ [ [ [ 765205.25, 8982208.490000002086163 ], [ 765212.416900201584212, 8982210.662642974406481 ], [ 765214.803900201572105, 8982202.788642974570394 ], [ 765207.636999999987893, 8982200.61600000038743 ], [ 765205.25, 8982208.490000002086163 ] ] ] ] } },
{ "type": "Feature", "properties": { "LAYER": "BANGUNAN", "GM_TYPE": "Unknown Area Type", "ELEVATION": 43.012 }, "geometry": { "type": "MultiPolygon", "coordinates": [ [ [ [ 765218.69399999990128, 8982214.29700000025332 ], [ 765225.892100233118981, 8982216.279825517907739 ], [ 765228.261100233299658, 8982207.679825518280268 ], [ 765221.062999999965541, 8982205.696999998763204 ], [ 765218.69399999990128, 8982214.29700000025332 ] ] ] ] } },
{ "type": "Feature", "properties": { "LAYER": "BANGUNAN", "GM_TYPE": "Unknown Area Type", "ELEVATION": 43.012 }, "geometry": { "type": "MultiPolygon", "coordinates": [ [ [ [ 765239.084999999962747, 8982226.870999999344349 ], [ 765246.526729534380138, 8982229.143678272143006 ], [ 765249.033729534363374, 8982220.934678273275495 ], [ 765241.592000000062399, 8982218.662000000476837 ], [ 765239.084999999962747, 8982226.870999999344349 ] ] ] ] } },
{ "type": "Feature", "properties": { "LAYER": "BANGUNAN", "GM_TYPE": "Unknown Area Type", "ELEVATION": 43.088 }, "geometry": { "type": "MultiPolygon", "coordinates": [ [ [ [ 765210.37699999997858, 8982218.979000000283122 ], [ 765210.603370300144888, 8982212.302835492417216 ], [ 765204.911370300105773, 8982212.109835494309664 ], [ 765204.684999999823049, 8982218.786000000312924 ], [ 765210.37699999997858, 8982218.979000000283122 ] ] ] ] } },
{ "type": "Feature", "properties": { "LAYER": "BANGUNAN", "GM_TYPE": "Unknown Area Type", "ELEVATION": 43.088 }, "geometry": { "type": "MultiPolygon", "coordinates": [ [ [ [ 765198.374000000068918, 8982218.185999996960163 ], [ 765198.101935610524379, 8982209.828709302470088 ], [ 765192.326773917302489, 8982210.01671471260488 ], [ 765192.501609986065887, 8982215.387339765205979 ], [ 765191.303771676379256, 8982215.426334358751774 ], [ 765191.400999999954365, 8982218.412999998778105 ], [ 765198.374000000068918, 8982218.185999996960163 ] ] ] ] } },
{ "type": "Feature", "properties": { "LAYER": "BANGUNAN", "GM_TYPE": "Unknown Area Type", "ELEVATION": 44.285 }, "geometry": { "type": "MultiPolygon", "coordinates": [ [ [ [ 765186.69400000013411, 8982271.833999998867512 ], [ 765186.881999999983236, 8982263.750000001862645 ], [ 765180.327101739821956, 8982263.597560508176684 ], [ 765180.139101739739999, 8982271.681560503318906 ], [ 765186.69400000013411, 8982271.833999998867512 ] ] ] ] } },
{ "type": "Feature", "properties": { "LAYER": "BANGUNAN", "GM_TYPE": "Unknown Area Type", "ELEVATION": 44.429 }, "geometry": { "type": "MultiPolygon", "coordinates": [ [ [ [ 765176.640999999945052, 8982302.405999999493361 ], [ 765177.153710426297039, 8982294.007174601778388 ], [ 765168.602710426202975, 8982293.485174603760242 ], [ 765168.089999999850988, 8982301.88399999961257 ], [ 765176.640999999945052, 8982302.405999999493361 ] ] ] ] } },
{ "type": "Feature", "properties": { "LAYER": "BANGUNAN", "GM_TYPE": "Unknown Area Type", "ELEVATION": 44.555 }, "geometry": { "type": "MultiPolygon", "coordinates": [ [ [ [ 765184.22600000014063, 8982313.878000000491738 ], [ 765171.447999999858439, 8982312.014999998733401 ], [ 765170.258930686977692, 8982320.170624082908034 ], [ 765174.703064248082228, 8982320.818567488342524 ], [ 765174.445944185485132, 8982322.582110246643424 ], [ 765182.779810623731464, 8982323.797166844829917 ], [ 765184.22600000014063, 8982313.878000000491738 ] ] ] ] } },
{ "type": "Feature", "properties": { "LAYER": "BANGUNAN", "GM_TYPE": "Unknown Area Type", "ELEVATION": 44.373 }, "geometry": { "type": "MultiPolygon", "coordinates": [ [ [ [ 765141.647, 8982292.798000000417233 ], [ 765133.785000000032596, 8982291.756999997422099 ], [ 765132.619537714868784, 8982300.558983167633414 ], [ 765140.481537714716978, 8982301.599983166903257 ], [ 765141.647, 8982292.798000000417233 ] ] ] ] } },
{ "type": "Feature", "properties": { "LAYER": "BANGUNAN", "GM_TYPE": "Unknown Area Type", "ELEVATION": 44.373 }, "geometry": { "type": "MultiPolygon", "coordinates": [ [ [ [ 765136.334000000031665, 8982275.336000001057982 ], [ 765146.552461815299466, 8982275.613205939531326 ], [ 765146.799461815156974, 8982266.508205937221646 ], [ 765136.580999999889173, 8982266.230999996885657 ], [ 765136.334000000031665, 8982275.336000001057982 ] ] ] ] } },
{ "type": "Feature", "properties": { "LAYER": "BANGUNAN", "GM_TYPE": "Unknown Area Type", "ELEVATION": 44.373 }, "geometry": { "type": "MultiPolygon", "coordinates": [ [ [ [ 765151.314000000013039, 8982275.655999999493361 ], [ 765160.517444443423301, 8982276.039346285164356 ], [ 765160.884444443392567, 8982267.228346282616258 ], [ 765151.680999999982305, 8982266.844999998807907 ], [ 765151.314000000013039, 8982275.655999999493361 ] ] ] ] } },
{ "type": "Feature", "properties": { "LAYER": "BANGUNAN", "GM_TYPE": "Unknown Area Type", "ELEVATION": 44.234 }, "geometry": { "type": "MultiPolygon", "coordinates": [ [ [ [ 765102.307000000029802, 8982261.609999999403954 ], [ 765104.035999999963678, 8982251.562000000849366 ], [ 765095.535158129408956, 8982250.09922575764358 ], [ 765093.806158129475079, 8982260.147225758060813 ], [ 765102.307000000029802, 8982261.609999999403954 ] ] ] ] } },
{ "type": "Feature", "properties": { "LAYER": "BANGUNAN", "GM_TYPE": "Unknown Area Type", "ELEVATION": 42.913 }, "geometry": { "type": "MultiPolygon", "coordinates": [ [ [ [ 765153.927000000025146, 8982239.359000001102686 ], [ 765146.557999999844469, 8982239.011 ], [ 765146.120934928301722, 8982248.265978505834937 ], [ 765153.489934928482398, 8982248.613978505134583 ], [ 765153.927000000025146, 8982239.359000001102686 ] ] ] ] } },
{ "type": "Feature", "properties": { "LAYER": "BANGUNAN", "GM_TYPE": "Unknown Area Type", "ELEVATION": 42.913 }, "geometry": { "type": "MultiPolygon", "coordinates": [ [ [ [ 765155.575999999884516, 8982248.33699999935925 ], [ 765164.269000000087544, 8982248.358999999240041 ], [ 765164.283200121135451, 8982242.748015740886331 ], [ 765155.590200121281669, 8982242.72601574100554 ], [ 765155.575999999884516, 8982248.33699999935925 ] ] ] ] } },
{ "type": "Feature", "properties": { "LAYER": "BANGUNAN", "GM_TYPE": "Unknown Area Type", "ELEVATION": 43.326 }, "geometry": { "type": "MultiPolygon", "coordinates": [ [ [ [ 765023.867000000085682, 8982127.737999999895692 ], [ 765025.377951754955575, 8982120.475943967700005 ], [ 765018.182951755123213, 8982118.978943968191743 ], [ 765016.672000000020489, 8982126.24100000038743 ], [ 765023.867000000085682, 8982127.737999999895692 ] ] ] ] } },
{ "type": "Feature", "properties": { "LAYER": "BANGUNAN", "GM_TYPE": "Unknown Area Type", "ELEVATION": 43.326 }, "geometry": { "type": "MultiPolygon", "coordinates": [ [ [ [ 765024.468, 8982116.138000002130866 ], [ 765025.111000000149943, 8982111.007000001147389 ], [ 765021.601125979563221, 8982110.567154161632061 ], [ 765020.95812597963959, 8982115.698154162615538 ], [ 765024.468, 8982116.138000002130866 ] ] ] ] } },
{ "type": "Feature", "properties": { "LAYER": "BANGUNAN", "GM_TYPE": "Unknown Area Type", "ELEVATION": 43.326 }, "geometry": { "type": "MultiPolygon", "coordinates": [ [ [ [ 765037.422999999951571, 8982132.820000000298023 ], [ 765039.428270070115104, 8982124.342097844928503 ], [ 765032.283270070212893, 8982122.652097845450044 ], [ 765030.277999999932945, 8982131.129999998956919 ], [ 765037.422999999951571, 8982132.820000000298023 ] ] ] ] } },
{ "type": "Feature", "properties": { "LAYER": "BANGUNAN", "GM_TYPE": "Unknown Area Type", "ELEVATION": 43.345 }, "geometry": { "type": "MultiPolygon", "coordinates": [ [ [ [ 765053.182999999960884, 8982137.862999999895692 ], [ 765054.52399999985937, 8982130.329 ], [ 765047.529388744733296, 8982129.084007475525141 ], [ 765046.188388744485565, 8982136.61800747551024 ], [ 765053.182999999960884, 8982137.862999999895692 ] ] ] ] } },
{ "type": "Feature", "properties": { "LAYER": "BANGUNAN", "GM_TYPE": "Unknown Area Type", "ELEVATION": 43.345 }, "geometry": { "type": "MultiPolygon", "coordinates": [ [ [ [ 765055.74800000002142, 8982128.233999999240041 ], [ 765057.682798218098469, 8982119.008939355611801 ], [ 765048.66179821814876, 8982117.116939358413219 ], [ 765046.727000000071712, 8982126.342000000178814 ], [ 765055.74800000002142, 8982128.233999999240041 ] ] ] ] } },
{ "type": "Feature", "properties": { "LAYER": "BANGUNAN", "GM_TYPE": "Unknown Area Type", "ELEVATION": 43.345 }, "geometry": { "type": "MultiPolygon", "coordinates": [ [ [ [ 765063.64000000001397, 8982120.339000001549721 ], [ 765066.011308997869492, 8982114.147664310410619 ], [ 765058.56230899784714, 8982111.294664310291409 ], [ 765056.191, 8982117.485999999567866 ], [ 765063.64000000001397, 8982120.339000001549721 ] ] ] ] } },
{ "type": "Feature", "properties": { "LAYER": "BANGUNAN", "GM_TYPE": "Unknown Area Type", "ELEVATION": 43.311 }, "geometry": { "type": "MultiPolygon", "coordinates": [ [ [ [ 765061.177000000141561, 8982139.146999998018146 ], [ 765066.092075097025372, 8982139.712513815611601 ], [ 765066.395161183434539, 8982137.078288385644555 ], [ 765067.456869657151401, 8982137.200445380061865 ], [ 765068.031783570884727, 8982132.203670812770724 ], [ 765062.054999999818392, 8982131.515999998897314 ], [ 765061.177000000141561, 8982139.146999998018146 ] ] ] ] } },
{ "type": "Feature", "properties": { "LAYER": "BANGUNAN", "GM_TYPE": "Unknown Area Type", "ELEVATION": 43.311 }, "geometry": { "type": "MultiPolygon", "coordinates": [ [ [ [ 765073.08400000014808, 8982142.628999996930361 ], [ 765080.544540384085849, 8982143.535724421963096 ], [ 765081.465540384058841, 8982135.957724422216415 ], [ 765074.005, 8982135.050999997183681 ], [ 765073.08400000014808, 8982142.628999996930361 ] ] ] ] } },
{ "type": "Feature", "properties": { "LAYER": "BANGUNAN", "GM_TYPE": "Unknown Area Type", "ELEVATION": 43.311 }, "geometry": { "type": "MultiPolygon", "coordinates": [ [ [ [ 765091.975999999907799, 8982149.598999999463558 ], [ 765094.332132717012428, 8982140.453992146998644 ], [ 765085.793132717139088, 8982138.253992147743702 ], [ 765083.437000000150874, 8982147.399000000208616 ], [ 765091.975999999907799, 8982149.598999999463558 ] ] ] ] } },
{ "type": "Feature", "properties": { "LAYER": "BANGUNAN", "GM_TYPE": "Unknown Area Type", "ELEVATION": 43.311 }, "geometry": { "type": "MultiPolygon", "coordinates": [ [ [ [ 765073.979000000050291, 8982122.685999996960163 ], [ 765076.623857742990367, 8982118.382237400859594 ], [ 765072.22385774331633, 8982115.678237400949001 ], [ 765069.579000000027008, 8982119.98199999704957 ], [ 765073.979000000050291, 8982122.685999996960163 ] ] ] ] } },
{ "type": "Feature", "properties": { "LAYER": "BANGUNAN", "GM_TYPE": "Unknown Area Type", "ELEVATION": 43.248 }, "geometry": { "type": "MultiPolygon", "coordinates": [ [ [ [ 765104.946, 8982152.699999997392297 ], [ 765107.040249709854834, 8982145.456602303311229 ], [ 765098.957249709987082, 8982143.119602305814624 ], [ 765096.863000000012107, 8982150.362999999895692 ], [ 765104.946, 8982152.699999997392297 ] ] ] ] } },
{ "type": "Feature", "properties": { "LAYER": "BANGUNAN", "GM_TYPE": "Unknown Area Type", "ELEVATION": 43.248 }, "geometry": { "type": "MultiPolygon", "coordinates": [ [ [ [ 765117.537000000011176, 8982156.947000000625849 ], [ 765119.324156250571832, 8982148.151676382869482 ], [ 765112.749156250501983, 8982146.8156763818115 ], [ 765110.961999999824911, 8982155.610999999567866 ], [ 765117.537000000011176, 8982156.947000000625849 ] ] ] ] } },
{ "type": "Feature", "properties": { "LAYER": "BANGUNAN", "GM_TYPE": "Unknown Area Type", "ELEVATION": 43.248 }, "geometry": { "type": "MultiPolygon", "coordinates": [ [ [ [ 765119.858999999822117, 8982159.692999998107553 ], [ 765129.559678431833163, 8982162.35626115091145 ], [ 765132.884678432019427, 8982150.245261149480939 ], [ 765123.184, 8982147.582000000402331 ], [ 765119.858999999822117, 8982159.692999998107553 ] ] ] ] } },
{ "type": "Feature", "properties": { "LAYER": "BANGUNAN", "GM_TYPE": "Unknown Area Type", "ELEVATION": 43.215 }, "geometry": { "type": "MultiPolygon", "coordinates": [ [ [ [ 765136.135999999940395, 8982163.020999997854233 ], [ 765143.129038322018459, 8982164.908010341227055 ], [ 765145.169038322055712, 8982157.348010340705514 ], [ 765138.175999999861233, 8982155.460999999195337 ], [ 765136.135999999940395, 8982163.020999997854233 ] ] ] ] } },
{ "type": "Feature", "properties": { "LAYER": "BANGUNAN", "GM_TYPE": "Unknown Area Type", "ELEVATION": 43.215 }, "geometry": { "type": "MultiPolygon", "coordinates": [ [ [ [ 765142.509000000078231, 8982155.639000000432134 ], [ 765144.00618179270532, 8982150.406145747750998 ], [ 765140.413181792711839, 8982149.37814574316144 ], [ 765138.91599999985192, 8982154.610999999567866 ], [ 765142.509000000078231, 8982155.639000000432134 ] ] ] ] } },
{ "type": "Feature", "properties": { "LAYER": "BANGUNAN", "GM_TYPE": "Unknown Area Type", "ELEVATION": 43.215 }, "geometry": { "type": "MultiPolygon", "coordinates": [ [ [ [ 765132.375999999931082, 8982160.326999999582767 ], [ 765135.21880775981117, 8982161.228233547881246 ], [ 765139.531395240104757, 8982147.624814992770553 ], [ 765135.474840557086281, 8982146.338796563446522 ], [ 765134.356253076111898, 8982149.867215119302273 ], [ 765135.569999999832362, 8982150.252000002190471 ], [ 765132.375999999931082, 8982160.326999999582767 ] ] ] ] } },
{ "type": "Feature", "properties": { "LAYER": "BANGUNAN", "GM_TYPE": "Unknown Area Type", "ELEVATION": 43.215 }, "geometry": { "type": "MultiPolygon", "coordinates": [ [ [ [ 765132.962000000057742, 8982149.207999998703599 ], [ 765135.151681831921451, 8982142.824070060625672 ], [ 765128.909681831835769, 8982140.683070059865713 ], [ 765126.719999999855645, 8982147.06700000166893 ], [ 765132.962000000057742, 8982149.207999998703599 ] ] ] ] } },
{ "type": "Feature", "properties": { "LAYER": "BANGUNAN", "GM_TYPE": "Unknown Area Type", "ELEVATION": 43.209 }, "geometry": { "type": "MultiPolygon", "coordinates": [ [ [ [ 765158.603999999817461, 8982167.445000002160668 ], [ 765161.885073984391056, 8982155.539453651756048 ], [ 765157.870276913163252, 8982154.433007476851344 ], [ 765158.857095415587537, 8982150.852285595610738 ], [ 765152.39989248639904, 8982149.072731766849756 ], [ 765148.132000000099652, 8982164.559000000357628 ], [ 765158.603999999817461, 8982167.445000002160668 ] ] ] ] } },
{ "type": "Feature", "properties": { "LAYER": "BANGUNAN", "GM_TYPE": "Unknown Area Type", "ELEVATION": 43.209 }, "geometry": { "type": "MultiPolygon", "coordinates": [ [ [ [ 765183.980000000214204, 8982174.704 ], [ 765187.133729484863579, 8982164.656206242740154 ], [ 765178.483729484840296, 8982161.941206244751811 ], [ 765175.32999999995809, 8982171.98900000192225 ], [ 765183.980000000214204, 8982174.704 ] ] ] ] } },
{ "type": "Feature", "properties": { "LAYER": "BANGUNAN", "GM_TYPE": "Unknown Area Type", "ELEVATION": 43.011 }, "geometry": { "type": "MultiPolygon", "coordinates": [ [ [ [ 765190.270000000018626, 8982164.052999999374151 ], [ 765193.662070345599204, 8982155.422887612134218 ], [ 765187.014070345438085, 8982152.809887614101171 ], [ 765183.621999999857508, 8982161.439999999478459 ], [ 765190.270000000018626, 8982164.052999999374151 ] ] ] ] } },
{ "type": "Feature", "properties": { "LAYER": "BANGUNAN", "GM_TYPE": "Unknown Area Type", "ELEVATION": 43.011 }, "geometry": { "type": "MultiPolygon", "coordinates": [ [ [ [ 765182.322000000043772, 8982161.052999999374151 ], [ 765184.360052273492329, 8982155.156583804637194 ], [ 765176.913052273448557, 8982152.582583805546165 ], [ 765174.875, 8982158.479000000283122 ], [ 765182.322000000043772, 8982161.052999999374151 ] ] ] ] } },
{ "type": "Feature", "properties": { "LAYER": "BANGUNAN", "GM_TYPE": "Unknown Area Type", "ELEVATION": 43.007 }, "geometry": { "type": "MultiPolygon", "coordinates": [ [ [ [ 765218.753000000026077, 8982184.8260000012815 ], [ 765221.40894157323055, 8982177.920364735648036 ], [ 765214.029941573156975, 8982175.082364737987518 ], [ 765211.374000000068918, 8982181.987999999895692 ], [ 765218.753000000026077, 8982184.8260000012815 ] ] ] ] } },
{ "type": "Feature", "properties": { "LAYER": "BANGUNAN", "GM_TYPE": "Unknown Area Type", "ELEVATION": 43.007 }, "geometry": { "type": "MultiPolygon", "coordinates": [ [ [ [ 765220.151000000187196, 8982186.331000002101064 ], [ 765226.827934901579283, 8982189.162622382864356 ], [ 765232.735934901749715, 8982175.231622381135821 ], [ 765226.059, 8982172.400000000372529 ], [ 765220.151000000187196, 8982186.331000002101064 ] ] ] ] } },
{ "type": "Feature", "properties": { "LAYER": "BANGUNAN", "GM_TYPE": "Unknown Area Type", "ELEVATION": 42.896 }, "geometry": { "type": "MultiPolygon", "coordinates": [ [ [ [ 765232.584999999962747, 8982187.571000000461936 ], [ 765239.638922156533226, 8982190.32305091060698 ], [ 765242.710922156693414, 8982182.449050910770893 ], [ 765235.657000000122935, 8982179.696999998763204 ], [ 765232.584999999962747, 8982187.571000000461936 ] ] ] ] } },
{ "type": "Feature", "properties": { "LAYER": "BANGUNAN", "GM_TYPE": "Unknown Area Type", "ELEVATION": 42.604 }, "geometry": { "type": "MultiPolygon", "coordinates": [ [ [ [ 765119.277999999816529, 8982043.640999997034669 ], [ 765123.85199722845573, 8982034.265669692307711 ], [ 765117.665997228701599, 8982031.247669693082571 ], [ 765113.091999999829568, 8982040.62300000153482 ], [ 765119.277999999816529, 8982043.640999997034669 ] ] ] ] } },
{ "type": "Feature", "properties": { "LAYER": "BANGUNAN", "GM_TYPE": "Unknown Area Type", "ELEVATION": 43.204 }, "geometry": { "type": "MultiPolygon", "coordinates": [ [ [ [ 765450.434000000124797, 8982246.630999997258186 ], [ 765442.28000000002794, 8982245.869999999180436 ], [ 765441.082173049566336, 8982258.704534763470292 ], [ 765449.236173049430363, 8982259.465534765273333 ], [ 765450.434000000124797, 8982246.630999997258186 ] ] ] ] } },
{ "type": "Feature", "properties": { "LAYER": "BANGUNAN", "GM_TYPE": "Unknown Area Type", "ELEVATION": 43.204 }, "geometry": { "type": "MultiPolygon", "coordinates": [ [ [ [ 765477.828000000212342, 8982251.518999999389052 ], [ 765486.197040969505906, 8982251.999427149072289 ], [ 765487.247040969552472, 8982233.708427151665092 ], [ 765478.878000000142492, 8982233.228000000119209 ], [ 765477.828000000212342, 8982251.518999999389052 ] ] ] ] } },
{ "type": "Feature", "properties": { "LAYER": "BANGUNAN", "GM_TYPE": "Unknown Area Type", "ELEVATION": 43.479 }, "geometry": { "type": "MultiPolygon", "coordinates": [ [ [ [ 765466.702999999979511, 8982286.724999999627471 ], [ 765472.477000000071712, 8982294.535000002011657 ], [ 765478.403694895328954, 8982290.153343621641397 ], [ 765472.629694895469584, 8982282.343343619257212 ], [ 765466.702999999979511, 8982286.724999999627471 ] ] ] ] } },
{ "type": "Feature", "properties": { "LAYER": "BANGUNAN", "GM_TYPE": "Unknown Area Type", "ELEVATION": 43.382 }, "geometry": { "type": "MultiPolygon", "coordinates": [ [ [ [ 765478.442999999853782, 8982280.745999999344349 ], [ 765482.116999999852851, 8982286.458999998867512 ], [ 765487.63584983733017, 8982282.90985693782568 ], [ 765483.961849837331101, 8982277.196856938302517 ], [ 765478.442999999853782, 8982280.745999999344349 ] ] ] ] } },
{ "type": "Feature", "properties": { "LAYER": "BANGUNAN", "GM_TYPE": "Unknown Area Type", "ELEVATION": 43.101 }, "geometry": { "type": "MultiPolygon", "coordinates": [ [ [ [ 765490.336999999824911, 8982281.685000002384186 ], [ 765498.03364110563416, 8982278.657529655843973 ], [ 765495.123641105601564, 8982271.25952965579927 ], [ 765487.427000000025146, 8982274.287000000476837 ], [ 765490.336999999824911, 8982281.685000002384186 ] ] ] ] } },
{ "type": "Feature", "properties": { "LAYER": "BANGUNAN", "GM_TYPE": "Unknown Area Type", "ELEVATION": 42.901 }, "geometry": { "type": "MultiPolygon", "coordinates": [ [ [ [ 765532.772999999811873, 8982260.779999999329448 ], [ 765538.860555345192552, 8982259.754047309979796 ], [ 765537.701555345207453, 8982252.877047309651971 ], [ 765531.614000000059605, 8982253.902999999001622 ], [ 765532.772999999811873, 8982260.779999999329448 ] ] ] ] } },
{ "type": "Feature", "properties": { "LAYER": "BANGUNAN", "GM_TYPE": "Unknown Area Type", "ELEVATION": 42.901 }, "geometry": { "type": "MultiPolygon", "coordinates": [ [ [ [ 765540.795999999856576, 8982260.701999999582767 ], [ 765549.037917410256341, 8982259.183340260758996 ], [ 765547.096917410148308, 8982248.649340260773897 ], [ 765538.855000000214204, 8982250.167999999597669 ], [ 765540.795999999856576, 8982260.701999999582767 ] ] ] ] } },
{ "type": "Feature", "properties": { "LAYER": "BANGUNAN", "GM_TYPE": "Unknown Area Type", "ELEVATION": 42.901 }, "geometry": { "type": "MultiPolygon", "coordinates": [ [ [ [ 765552.264000000082888, 8982257.486999999731779 ], [ 765563.057999999960884, 8982255.72099999897182 ], [ 765561.850678012822755, 8982248.34170581959188 ], [ 765551.056678012711927, 8982250.107705818489194 ], [ 765552.264000000082888, 8982257.486999999731779 ] ] ] ] } },
{ "type": "Feature", "properties": { "LAYER": "BANGUNAN", "GM_TYPE": "Unknown Area Type", "ELEVATION": 40.516 }, "geometry": { "type": "MultiPolygon", "coordinates": [ [ [ [ 765617.113999999826774, 8982276.1739999987185 ], [ 765620.798117123078555, 8982265.739076998084784 ], [ 765612.635117123136297, 8982262.857077000662684 ], [ 765608.951000000117347, 8982273.292000001296401 ], [ 765617.113999999826774, 8982276.1739999987185 ] ] ] ] } },
{ "type": "Feature", "properties": { "LAYER": "BANGUNAN", "GM_TYPE": "Unknown Area Type", "ELEVATION": 40.516 }, "geometry": { "type": "MultiPolygon", "coordinates": [ [ [ [ 765607.59499999997206, 8982272.444000001996756 ], [ 765611.191999999806285, 8982261.357999999076128 ], [ 765604.167246144963428, 8982259.078725272789598 ], [ 765602.311966182314791, 8982264.796721844002604 ], [ 765605.881092218449339, 8982265.954772211611271 ], [ 765604.139372180681676, 8982271.322775639593601 ], [ 765607.59499999997206, 8982272.444000001996756 ] ] ] ] } },
{ "type": "Feature", "properties": { "LAYER": "BANGUNAN", "GM_TYPE": "Unknown Area Type", "ELEVATION": 40.548 }, "geometry": { "type": "MultiPolygon", "coordinates": [ [ [ [ 765619.854000000050291, 8982278.445000000298023 ], [ 765629.05138800968416, 8982281.906432477757335 ], [ 765632.781388009549119, 8982271.99543247744441 ], [ 765623.584000000031665, 8982268.534000001847744 ], [ 765619.854000000050291, 8982278.445000000298023 ] ] ] ] } },
{ "type": "Feature", "properties": { "LAYER": "BANGUNAN", "GM_TYPE": "Unknown Area Type", "ELEVATION": 40.548 }, "geometry": { "type": "MultiPolygon", "coordinates": [ [ [ [ 765643.302000000025146, 8982298.78600000217557 ], [ 765646.014000000082888, 8982290.881999999284744 ], [ 765639.505524717387743, 8982288.648828824982047 ], [ 765636.793524717446417, 8982296.552828826010227 ], [ 765643.302000000025146, 8982298.78600000217557 ] ] ] ] } },
{ "type": "Feature", "properties": { "LAYER": "BANGUNAN", "GM_TYPE": "Unknown Area Type", "ELEVATION": 39.876 }, "geometry": { "type": "MultiPolygon", "coordinates": [ [ [ [ 765672.182999999844469, 8982289.506999999284744 ], [ 765663.760999999940395, 8982286.196000002324581 ], [ 765660.92506425792817, 8982293.409606412053108 ], [ 765669.34706425818149, 8982296.720606410875916 ], [ 765672.182999999844469, 8982289.506999999284744 ] ] ] ] } },
{ "type": "Feature", "properties": { "LAYER": "BANGUNAN", "GM_TYPE": "Unknown Area Type", "ELEVATION": 39.876 }, "geometry": { "type": "MultiPolygon", "coordinates": [ [ [ [ 765691.951999999815598, 8982309.105999996885657 ], [ 765696.336999999824911, 8982296.310999996960163 ], [ 765685.829810385592282, 8982292.710060065612197 ], [ 765683.020165983238257, 8982300.908326910808682 ], [ 765686.830587554024532, 8982302.214204097166657 ], [ 765685.25523195520509, 8982306.810937251895666 ], [ 765691.951999999815598, 8982309.105999996885657 ] ] ] ] } },
{ "type": "Feature", "properties": { "LAYER": "BANGUNAN", "GM_TYPE": "Unknown Area Type", "ELEVATION": 39.516 }, "geometry": { "type": "MultiPolygon", "coordinates": [ [ [ [ 765702.66599999985192, 8982298.352 ], [ 765698.147999999928288, 8982309.232999999076128 ], [ 765706.992796592065133, 8982312.905529271811247 ], [ 765711.510796592338011, 8982302.024529274553061 ], [ 765702.66599999985192, 8982298.352 ] ] ] ] } },
{ "type": "Feature", "properties": { "LAYER": "BANGUNAN", "GM_TYPE": "Unknown Area Type", "ELEVATION": 39.516 }, "geometry": { "type": "MultiPolygon", "coordinates": [ [ [ [ 765712.875, 8982301.962999999523163 ], [ 765715.486517482087947, 8982295.382140906527638 ], [ 765709.103517482173629, 8982292.849140902981162 ], [ 765706.492000000085682, 8982299.430000001564622 ], [ 765712.875, 8982301.962999999523163 ] ] ] ] } },
{ "type": "Feature", "properties": { "LAYER": "BANGUNAN", "GM_TYPE": "Unknown Area Type", "ELEVATION": 39.131 }, "geometry": { "type": "MultiPolygon", "coordinates": [ [ [ [ 765733.290999999968335, 8982310.435000000521541 ], [ 765724.537000000127591, 8982307.18300000205636 ], [ 765720.782911711838096, 8982317.288562383502722 ], [ 765729.536911711562425, 8982320.540562381967902 ], [ 765733.290999999968335, 8982310.435000000521541 ] ] ] ] } },
{ "type": "Feature", "properties": { "LAYER": "BANGUNAN", "GM_TYPE": "Unknown Area Type", "ELEVATION": 39.131 }, "geometry": { "type": "MultiPolygon", "coordinates": [ [ [ [ 765736.199000000138767, 8982318.904999999329448 ], [ 765738.264000000082888, 8982313.032999999821186 ], [ 765734.422788772615604, 8982311.682165328413248 ], [ 765732.357788772671483, 8982317.55416532792151 ], [ 765736.199000000138767, 8982318.904999999329448 ] ] ] ] } },
{ "type": "Feature", "properties": { "LAYER": "BANGUNAN", "GM_TYPE": "Unknown Area Type", "ELEVATION": 38.822 }, "geometry": { "type": "MultiPolygon", "coordinates": [ [ [ [ 765746.869000000064261, 8982327.118999997153878 ], [ 765749.135999999940395, 8982320.903999999165535 ], [ 765743.237217205576599, 8982318.752344232052565 ], [ 765740.970217205584049, 8982324.967344231903553 ], [ 765746.869000000064261, 8982327.118999997153878 ] ] ] ] } },
{ "type": "Feature", "properties": { "LAYER": "BANGUNAN", "GM_TYPE": "Unknown Area Type", "ELEVATION": 38.746 }, "geometry": { "type": "MultiPolygon", "coordinates": [ [ [ [ 765758.544000000110827, 8982338.906999999657273 ], [ 765753.739999999874271, 8982350.217000000178814 ], [ 765763.660904733231291, 8982354.430972266942263 ], [ 765768.464904733118601, 8982343.120972268283367 ], [ 765758.544000000110827, 8982338.906999999657273 ] ] ] ] } },
{ "type": "Feature", "properties": { "LAYER": "BANGUNAN", "GM_TYPE": "Unknown Area Type", "ELEVATION": 38.746 }, "geometry": { "type": "MultiPolygon", "coordinates": [ [ [ [ 765779.338999999803491, 8982344.155999999493361 ], [ 765782.080926468246616, 8982334.86740431189537 ], [ 765778.896902822656557, 8982333.927503487095237 ], [ 765779.773473205161281, 8982330.958019088953733 ], [ 765775.083299361285754, 8982329.573513589799404 ], [ 765772.17330805840902, 8982339.431448498740792 ], [ 765776.053505550255068, 8982340.576854819431901 ], [ 765775.34499999997206, 8982342.977 ], [ 765779.338999999803491, 8982344.155999999493361 ] ] ] ] } },
{ "type": "Feature", "properties": { "LAYER": "BANGUNAN", "GM_TYPE": "Unknown Area Type", "ELEVATION": 38.746 }, "geometry": { "type": "MultiPolygon", "coordinates": [ [ [ [ 765765.62699999997858, 8982330.707000000402331 ], [ 765766.534874227363616, 8982324.982071496546268 ], [ 765759.648874227306806, 8982323.890071496367455 ], [ 765758.740999999805354, 8982329.615000002086163 ], [ 765765.62699999997858, 8982330.707000000402331 ] ] ] ] } },
{ "type": "Feature", "properties": { "LAYER": "BANGUNAN", "GM_TYPE": "Unknown Area Type", "ELEVATION": 38.634 }, "geometry": { "type": "MultiPolygon", "coordinates": [ [ [ [ 765820.030999999842606, 8982340.689999999478459 ], [ 765816.921733194496483, 8982338.582232959568501 ], [ 765815.167209354811348, 8982341.17041402310133 ], [ 765812.913859973428771, 8982339.642872046679258 ], [ 765809.236383812618442, 8982345.067690985277295 ], [ 765814.599000000045635, 8982348.702999997884035 ], [ 765820.030999999842606, 8982340.689999999478459 ] ] ] ] } },
{ "type": "Feature", "properties": { "LAYER": "BANGUNAN", "GM_TYPE": "Unknown Area Type", "ELEVATION": 38.469 }, "geometry": { "type": "MultiPolygon", "coordinates": [ [ [ [ 765833.510000000125729, 8982351.036000000312924 ], [ 765824.774720107670873, 8982357.692077990621328 ], [ 765829.832720107864588, 8982364.330077990889549 ], [ 765838.568000000203028, 8982357.6739999987185 ], [ 765833.510000000125729, 8982351.036000000312924 ] ] ] ] } },
{ "type": "Feature", "properties": { "LAYER": "BANGUNAN", "GM_TYPE": "Unknown Area Type", "ELEVATION": 38.469 }, "geometry": { "type": "MultiPolygon", "coordinates": [ [ [ [ 765829.07999999995809, 8982364.73900000192225 ], [ 765823.922999999835156, 8982358.461000001057982 ], [ 765820.3295566564193, 8982361.412797916680574 ], [ 765825.486556656076573, 8982367.690797917544842 ], [ 765829.07999999995809, 8982364.73900000192225 ] ] ] ] } },
{ "type": "Feature", "properties": { "LAYER": "BANGUNAN", "GM_TYPE": "Unknown Area Type", "ELEVATION": 37.625 }, "geometry": { "type": "MultiPolygon", "coordinates": [ [ [ [ 765878.698000000207685, 8982409.066999999806285 ], [ 765871.325999999884516, 8982400.864 ], [ 765861.646259218920022, 8982409.563140440732241 ], [ 765869.01825921877753, 8982417.766140438616276 ], [ 765878.698000000207685, 8982409.066999999806285 ] ] ] ] } },
{ "type": "Feature", "properties": { "LAYER": "BANGUNAN", "GM_TYPE": "Unknown Area Type", "ELEVATION": 37.625 }, "geometry": { "type": "MultiPolygon", "coordinates": [ [ [ [ 765893.182999999960884, 8982427.393999999389052 ], [ 765887.270999999949709, 8982420.836000001057982 ], [ 765879.448351676925085, 8982427.888073327019811 ], [ 765885.360351676819846, 8982434.446073327213526 ], [ 765893.182999999960884, 8982427.393999999389052 ] ] ] ] } },
{ "type": "Feature", "properties": { "LAYER": "BANGUNAN", "GM_TYPE": "Unknown Area Type", "ELEVATION": 37.121 }, "geometry": { "type": "MultiPolygon", "coordinates": [ [ [ [ 765915.772, 8982447.926000000908971 ], [ 765909.519450394087471, 8982442.81761821731925 ], [ 765902.813450394081883, 8982451.025618217885494 ], [ 765909.066, 8982456.134000001475215 ], [ 765915.772, 8982447.926000000908971 ] ] ] ] } },
{ "type": "Feature", "properties": { "LAYER": "BANGUNAN", "GM_TYPE": "Unknown Area Type", "ELEVATION": 37.679 }, "geometry": { "type": "MultiPolygon", "coordinates": [ [ [ [ 765891.865999999805354, 8982388.439999999478459 ], [ 765899.417999999946915, 8982395.179999997839332 ], [ 765908.153866393957287, 8982385.391682047396898 ], [ 765906.739158855634741, 8982384.12908554263413 ], [ 765912.561625746544451, 8982377.605158247053623 ], [ 765907.078271464095451, 8982372.71138072386384 ], [ 765901.72816947218962, 8982378.706035064533353 ], [ 765901.074231290724128, 8982378.122409094125032 ], [ 765891.865999999805354, 8982388.439999999478459 ] ] ] ] } },
{ "type": "Feature", "properties": { "LAYER": "BANGUNAN", "GM_TYPE": "Unknown Area Type", "ELEVATION": 37.679 }, "geometry": { "type": "MultiPolygon", "coordinates": [ [ [ [ 765886.957999999984168, 8982376.212000001221895 ], [ 765891.495249249273911, 8982370.783567603677511 ], [ 765886.823249249020591, 8982366.878567606210709 ], [ 765882.285999999847263, 8982372.307 ], [ 765886.957999999984168, 8982376.212000001221895 ] ] ] ] } },
{ "type": "Feature", "properties": { "LAYER": "BANGUNAN", "GM_TYPE": "Unknown Area Type", "ELEVATION": 37.991 }, "geometry": { "type": "MultiPolygon", "coordinates": [ [ [ [ 765875.941, 8982367.753000000491738 ], [ 765880.377229289500974, 8982361.631778579205275 ], [ 765875.480229289387353, 8982358.082778580486774 ], [ 765871.044000000110827, 8982364.204000001773238 ], [ 765875.941, 8982367.753000000491738 ] ] ] ] } },
{ "type": "Feature", "properties": { "LAYER": "BANGUNAN", "GM_TYPE": "Unknown Area Type", "ELEVATION": 37.991 }, "geometry": { "type": "MultiPolygon", "coordinates": [ [ [ [ 765880.621999999857508, 8982360.174999997019768 ], [ 765886.508815042674541, 8982352.609967172145844 ], [ 765882.451815042644739, 8982349.452967174351215 ], [ 765876.564999999827705, 8982357.01799999922514 ], [ 765880.621999999857508, 8982360.174999997019768 ] ] ] ] } },
{ "type": "Feature", "properties": { "LAYER": "BANGUNAN", "GM_TYPE": "Unknown Area Type", "ELEVATION": 37.991 }, "geometry": { "type": "MultiPolygon", "coordinates": [ [ [ [ 765870.13599999982398, 8982352.946000000461936 ], [ 765874.834584692143835, 8982347.814379598945379 ], [ 765869.608584692003205, 8982343.029379602521658 ], [ 765864.910000000149012, 8982348.161000000312924 ], [ 765870.13599999982398, 8982352.946000000461936 ] ] ] ] } },
{ "type": "Feature", "properties": { "LAYER": "BANGUNAN", "GM_TYPE": "Unknown Area Type", "ELEVATION": 37.991 }, "geometry": { "type": "MultiPolygon", "coordinates": [ [ [ [ 765876.027000000118278, 8982346.845000000670552 ], [ 765882.450574067537673, 8982339.894989198073745 ], [ 765878.463574067689478, 8982336.209989195689559 ], [ 765872.039999999804422, 8982343.160000000149012 ], [ 765876.027000000118278, 8982346.845000000670552 ] ] ] ] } },
{ "type": "Feature", "properties": { "LAYER": "BANGUNAN", "GM_TYPE": "Unknown Area Type", "ELEVATION": 38.592 }, "geometry": { "type": "MultiPolygon", "coordinates": [ [ [ [ 765817.481000000145286, 8982310.732999999076128 ], [ 765826.874000000068918, 8982314.419000001624227 ], [ 765829.441474796272814, 8982307.876327522099018 ], [ 765820.048474796232767, 8982304.190327517688274 ], [ 765817.481000000145286, 8982310.732999999076128 ] ] ] ] } },
{ "type": "Feature", "properties": { "LAYER": "BANGUNAN", "GM_TYPE": "Unknown Area Type", "ELEVATION": 38.592 }, "geometry": { "type": "MultiPolygon", "coordinates": [ [ [ [ 765828.300000000046566, 8982316.560999998822808 ], [ 765837.817999999853782, 8982320.93099999986589 ], [ 765842.727684011915699, 8982310.237550934776664 ], [ 765833.209684011875652, 8982305.867550933733582 ], [ 765828.300000000046566, 8982316.560999998822808 ] ] ] ] } },
{ "type": "Feature", "properties": { "LAYER": "BANGUNAN", "GM_TYPE": "Unknown Area Type", "ELEVATION": 38.592 }, "geometry": { "type": "MultiPolygon", "coordinates": [ [ [ [ 765828.599000000045635, 8982303.061999998986721 ], [ 765831.215267629246227, 8982297.524203171953559 ], [ 765822.090267629013397, 8982293.213203173130751 ], [ 765819.473999999812804, 8982298.751000000163913 ], [ 765828.599000000045635, 8982303.061999998986721 ] ] ] ] } },
{ "type": "Feature", "properties": { "LAYER": "BANGUNAN", "GM_TYPE": "Unknown Area Type", "ELEVATION": 38.592 }, "geometry": { "type": "MultiPolygon", "coordinates": [ [ [ [ 765796.66599999985192, 8982312.681999998167157 ], [ 765801.031240685493685, 8982303.566407833248377 ], [ 765797.761905864579603, 8982302.000800998881459 ], [ 765796.066841167164966, 8982305.540472600609064 ], [ 765794.673175988951698, 8982304.873079432174563 ], [ 765792.003000000142492, 8982310.448999999091029 ], [ 765796.66599999985192, 8982312.681999998167157 ] ] ] ] } },
{ "type": "Feature", "properties": { "LAYER": "BANGUNAN", "GM_TYPE": "Unknown Area Type", "ELEVATION": 39.533 }, "geometry": { "type": "MultiPolygon", "coordinates": [ [ [ [ 765751.640999999828637, 8982290.979000000283122 ], [ 765755.218816729029641, 8982281.975547915324569 ], [ 765746.048816729104146, 8982278.331547914072871 ], [ 765742.470999999903142, 8982287.33500000089407 ], [ 765751.640999999828637, 8982290.979000000283122 ] ] ] ] } },
{ "type": "Feature", "properties": { "LAYER": "BANGUNAN", "GM_TYPE": "Unknown Area Type", "ELEVATION": 39.533 }, "geometry": { "type": "MultiPolygon", "coordinates": [ [ [ [ 765740.866999999852851, 8982286.76799999922514 ], [ 765744.324276299099438, 8982277.324636274948716 ], [ 765735.594729407341219, 8982274.128692919388413 ], [ 765734.30061333545018, 8982277.663501165807247 ], [ 765735.890160226379521, 8982278.24544452317059 ], [ 765733.726999999838881, 8982284.15399999730289 ], [ 765740.866999999852851, 8982286.76799999922514 ] ] ] ] } },
{ "type": "Feature", "properties": { "LAYER": "BANGUNAN", "GM_TYPE": "Unknown Area Type", "ELEVATION": 39.533 }, "geometry": { "type": "MultiPolygon", "coordinates": [ [ [ [ 765729.592000000062399, 8982274.230999998748302 ], [ 765735.288333401200362, 8982261.975252376869321 ], [ 765726.181394506595097, 8982257.742449792101979 ], [ 765724.556757359416224, 8982261.237881232053041 ], [ 765727.486696253181435, 8982262.599683815613389 ], [ 765723.414999999804422, 8982271.359999999403954 ], [ 765729.592000000062399, 8982274.230999998748302 ] ] ] ] } },
{ "type": "Feature", "properties": { "LAYER": "BANGUNAN", "GM_TYPE": "Unknown Area Type", "ELEVATION": 39.695 }, "geometry": { "type": "MultiPolygon", "coordinates": [ [ [ [ 765715.684999999823049, 8982268.394999999552965 ], [ 765719.68691783270333, 8982260.166487451642752 ], [ 765712.288917832775041, 8982256.568487454205751 ], [ 765708.287000000011176, 8982264.79700000025332 ], [ 765715.684999999823049, 8982268.394999999552965 ] ] ] ] } },
{ "type": "Feature", "properties": { "LAYER": "BANGUNAN", "GM_TYPE": "Unknown Area Type", "ELEVATION": 39.695 }, "geometry": { "type": "MultiPolygon", "coordinates": [ [ [ [ 765719.697000000043772, 8982258.83699999935925 ], [ 765721.403858095523901, 8982255.440825032070279 ], [ 765714.43385809531901, 8982251.937825027853251 ], [ 765712.727000000071712, 8982255.333999998867512 ], [ 765719.697000000043772, 8982258.83699999935925 ] ] ] ] } },
{ "type": "Feature", "properties": { "LAYER": "BANGUNAN", "GM_TYPE": "Unknown Area Type", "ELEVATION": 39.695 }, "geometry": { "type": "MultiPolygon", "coordinates": [ [ [ [ 765690.488999999826774, 8982269.514000000432134 ], [ 765694.168236606870778, 8982258.973484316840768 ], [ 765689.614912915043533, 8982257.384116616100073 ], [ 765688.343246478470974, 8982261.027269111946225 ], [ 765685.264570168568753, 8982259.952636815607548 ], [ 765682.857000000076368, 8982266.849999999627471 ], [ 765690.488999999826774, 8982269.514000000432134 ] ] ] ] } },
{ "type": "Feature", "properties": { "LAYER": "BANGUNAN", "GM_TYPE": "Unknown Area Type", "ELEVATION": 40.304 }, "geometry": { "type": "MultiPolygon", "coordinates": [ [ [ [ 765665.37099999981001, 8982265.001000000163913 ], [ 765668.27176895737648, 8982259.006515013054013 ], [ 765661.685656205518171, 8982255.819453662261367 ], [ 765660.437223324552178, 8982258.399359980598092 ], [ 765662.456336076837033, 8982259.376421330496669 ], [ 765660.804, 8982262.791000001132488 ], [ 765665.37099999981001, 8982265.001000000163913 ] ] ] ] } },
{ "type": "Feature", "properties": { "LAYER": "BANGUNAN", "GM_TYPE": "Unknown Area Type", "ELEVATION": 40.304 }, "geometry": { "type": "MultiPolygon", "coordinates": [ [ [ [ 765659.753000000026077, 8982257.651000000536442 ], [ 765661.35999999998603, 8982254.524000002071261 ], [ 765663.273273307015188, 8982255.507252383977175 ], [ 765667.013923448743299, 8982248.228463960811496 ], [ 765661.963591175153852, 8982245.633042162284255 ], [ 765656.615941031719558, 8982256.03883058577776 ], [ 765659.753000000026077, 8982257.651000000536442 ] ] ] ] } },
{ "type": "Feature", "properties": { "LAYER": "BANGUNAN", "GM_TYPE": "Unknown Area Type", "ELEVATION": 40.671 }, "geometry": { "type": "MultiPolygon", "coordinates": [ [ [ [ 765631.231999999843538, 8982242.954 ], [ 765637.13414695172105, 8982244.566597705706954 ], [ 765639.59314695186913, 8982235.566597705706954 ], [ 765633.691, 8982233.954000001773238 ], [ 765631.231999999843538, 8982242.954 ] ] ] ] } },
{ "type": "Feature", "properties": { "LAYER": "BANGUNAN", "GM_TYPE": "Unknown Area Type", "ELEVATION": 40.671 }, "geometry": { "type": "MultiPolygon", "coordinates": [ [ [ [ 765624.010000000125729, 8982244.840999998152256 ], [ 765625.66093486151658, 8982239.352558773010969 ], [ 765620.424934861599468, 8982237.777558773756027 ], [ 765618.774000000092201, 8982243.265999998897314 ], [ 765624.010000000125729, 8982244.840999998152256 ] ] ] ] } },
{ "type": "Feature", "properties": { "LAYER": "BANGUNAN", "GM_TYPE": "Unknown Area Type", "ELEVATION": 41.51 }, "geometry": { "type": "MultiPolygon", "coordinates": [ [ [ [ 765600.670999999856576, 8982232.343000000342727 ], [ 765608.96864364715293, 8982234.875862987712026 ], [ 765611.584643647074699, 8982226.305862985551357 ], [ 765603.287000000011176, 8982223.773000001907349 ], [ 765600.670999999856576, 8982232.343000000342727 ] ] ] ] } },
{ "type": "Feature", "properties": { "LAYER": "BANGUNAN", "GM_TYPE": "Unknown Area Type", "ELEVATION": 41.51 }, "geometry": { "type": "MultiPolygon", "coordinates": [ [ [ [ 765619.878000000142492, 8982224.104000000283122 ], [ 765626.881999999983236, 8982226.17 ], [ 765629.639499142649584, 8982216.821730881929398 ], [ 765622.635499142692424, 8982214.755730884149671 ], [ 765619.878000000142492, 8982224.104000000283122 ] ] ] ] } },
{ "type": "Feature", "properties": { "LAYER": "BANGUNAN", "GM_TYPE": "Unknown Area Type", "ELEVATION": 42.194 }, "geometry": { "type": "MultiPolygon", "coordinates": [ [ [ [ 765581.674999999813735, 8982221.99100000038743 ], [ 765592.617158955894411, 8982223.737706309184432 ], [ 765594.750267199822702, 8982210.374950733035803 ], [ 765587.095702109974809, 8982209.153045879676938 ], [ 765586.588593866559677, 8982212.329801457002759 ], [ 765583.301000000210479, 8982211.804999999701977 ], [ 765581.674999999813735, 8982221.99100000038743 ] ] ] ] } },
{ "type": "Feature", "properties": { "LAYER": "BANGUNAN", "GM_TYPE": "Unknown Area Type", "ELEVATION": 42.194 }, "geometry": { "type": "MultiPolygon", "coordinates": [ [ [ [ 765544.527, 8982216.998999999836087 ], [ 765546.918573880568147, 8982208.239621002227068 ], [ 765515.394573880592361, 8982199.632621005177498 ], [ 765513.003000000142492, 8982208.392000000923872 ], [ 765544.527, 8982216.998999999836087 ] ] ] ] } },
{ "type": "Feature", "properties": { "LAYER": "BANGUNAN", "GM_TYPE": "Unknown Area Type", "ELEVATION": 41.45 }, "geometry": { "type": "MultiPolygon", "coordinates": [ [ [ [ 765498.362000000081025, 8982203.209999999031425 ], [ 765504.938918237457983, 8982180.623219519853592 ], [ 765493.44791823765263, 8982177.277219520881772 ], [ 765486.87099999981001, 8982199.864 ], [ 765498.362000000081025, 8982203.209999999031425 ] ] ] ] } },
{ "type": "Feature", "properties": { "LAYER": "BANGUNAN", "GM_TYPE": "Unknown Area Type", "ELEVATION": 41.45 }, "geometry": { "type": "MultiPolygon", "coordinates": [ [ [ [ 765490.787000000127591, 8982174.419999998062849 ], [ 765497.893999999854714, 8982175.714999999850988 ], [ 765498.952328216983005, 8982169.906862055882812 ], [ 765491.845328216906637, 8982168.611862054094672 ], [ 765490.787000000127591, 8982174.419999998062849 ] ] ] ] } },
{ "type": "Feature", "properties": { "LAYER": "BANGUNAN", "GM_TYPE": "Unknown Area Type", "ELEVATION": 35.142 }, "geometry": { "type": "MultiPolygon", "coordinates": [ [ [ [ 765860.248999999836087, 8982280.375 ], [ 765841.441, 8982270.264000002294779 ], [ 765836.182818539324217, 8982280.045018387958407 ], [ 765854.990818539401516, 8982290.156018389388919 ], [ 765860.248999999836087, 8982280.375 ] ] ] ] } },
{ "type": "Feature", "properties": { "LAYER": "BANGUNAN", "GM_TYPE": "Unknown Area Type", "ELEVATION": 36.617 }, "geometry": { "type": "MultiPolygon", "coordinates": [ [ [ [ 765844.983000000123866, 8982297.647999998182058 ], [ 765847.332057935418561, 8982293.177799018099904 ], [ 765839.467057935427874, 8982289.044799016788602 ], [ 765837.118000000016764, 8982293.514999996870756 ], [ 765844.983000000123866, 8982297.647999998182058 ] ] ] ] } },
{ "type": "Feature", "properties": { "LAYER": "BANGUNAN", "GM_TYPE": "Unknown Area Type", "ELEVATION": 35.461 }, "geometry": { "type": "MultiPolygon", "coordinates": [ [ [ [ 765875.292999999946915, 8982259.600999999791384 ], [ 765868.840999999898486, 8982272.03600000217557 ], [ 765877.39380494877696, 8982276.473691800609231 ], [ 765883.845804948592559, 8982264.038691801950336 ], [ 765875.292999999946915, 8982259.600999999791384 ] ] ] ] } },
{ "type": "Feature", "properties": { "LAYER": "BANGUNAN", "GM_TYPE": "Unknown Area Type", "ELEVATION": 33.906 }, "geometry": { "type": "MultiPolygon", "coordinates": [ [ [ [ 765858.843999999808148, 8982165.098999999463558 ], [ 765849.738999999826774, 8982160.562999999150634 ], [ 765846.21343118941877, 8982167.639786599203944 ], [ 765855.318431189516559, 8982172.175786601379514 ], [ 765858.843999999808148, 8982165.098999999463558 ] ] ] ] } },
{ "type": "Feature", "properties": { "LAYER": "BANGUNAN", "GM_TYPE": "Unknown Area Type", "ELEVATION": null }, "geometry": { "type": "MultiPolygon", "coordinates": [ [ [ [ 765844.647, 8982166.829 ], [ 765847.966202211566269, 8982160.214682672172785 ], [ 765843.847202211618423, 8982158.147682674229145 ], [ 765840.527999999932945, 8982164.762000001966953 ], [ 765844.647, 8982166.829 ] ] ] ] } },
{ "type": "Feature", "properties": { "LAYER": "BANGUNAN", "GM_TYPE": "Unknown Area Type", "ELEVATION": 33.61 }, "geometry": { "type": "MultiPolygon", "coordinates": [ [ [ [ 765855.096000000135973, 8982123.911000000312924 ], [ 765857.682529444340616, 8982119.126040495932102 ], [ 765849.705529444036074, 8982114.814040496945381 ], [ 765847.119000000064261, 8982119.598999999463558 ], [ 765855.096000000135973, 8982123.911000000312924 ] ] ] ] } },
{ "type": "Feature", "properties": { "LAYER": "BANGUNAN", "GM_TYPE": "Unknown Area Type", "ELEVATION": 33.61 }, "geometry": { "type": "MultiPolygon", "coordinates": [ [ [ [ 765860.033999999868684, 8982118.824999999254942 ], [ 765862.245460401521996, 8982114.75908424705267 ], [ 765853.168460401589982, 8982109.822084248065948 ], [ 765850.956999999820255, 8982113.888000000268221 ], [ 765860.033999999868684, 8982118.824999999254942 ] ] ] ] } },
{ "type": "Feature", "properties": { "LAYER": "BANGUNAN", "GM_TYPE": "Unknown Area Type", "ELEVATION": 18.619 }, "geometry": { "type": "MultiPolygon", "coordinates": [ [ [ [ 767030.462000000057742, 8979904.306000001728535 ], [ 767033.48394466121681, 8979898.187580639496446 ], [ 767027.326944661443122, 8979895.146580638363957 ], [ 767024.304999999818392, 8979901.264999996870756 ], [ 767030.462000000057742, 8979904.306000001728535 ] ] ] ] } },
{ "type": "Feature", "properties": { "LAYER": "BANGUNAN", "GM_TYPE": "Unknown Area Type", "ELEVATION": 18.619 }, "geometry": { "type": "MultiPolygon", "coordinates": [ [ [ [ 767036.846999999834225, 8979890.238999998196959 ], [ 767040.509972072206438, 8979883.019602548331022 ], [ 767032.10797207208816, 8979878.756602548062801 ], [ 767028.444999999948777, 8979885.975999999791384 ], [ 767036.846999999834225, 8979890.238999998196959 ] ] ] ] } },
{ "type": "Feature", "properties": { "LAYER": "BANGUNAN", "GM_TYPE": "Unknown Area Type", "ELEVATION": 18.619 }, "geometry": { "type": "MultiPolygon", "coordinates": [ [ [ [ 767050.829000000027008, 8979837.230999998748302 ], [ 767045.375999999931082, 8979834.748999999836087 ], [ 767043.246722620213404, 8979839.42706186696887 ], [ 767048.699722620192915, 8979841.909061869606376 ], [ 767050.829000000027008, 8979837.230999998748302 ] ] ] ] } },
{ "type": "Feature", "properties": { "LAYER": "BANGUNAN", "GM_TYPE": "Unknown Area Type", "ELEVATION": 18.178 }, "geometry": { "type": "MultiPolygon", "coordinates": [ [ [ [ 767068.794000000110827, 8979782.639000000432134 ], [ 767058.739000000059605, 8979777.231999998912215 ], [ 767055.261827718117274, 8979783.698241405189037 ], [ 767065.316827718284912, 8979789.105241404846311 ], [ 767068.794000000110827, 8979782.639000000432134 ] ] ] ] } },
{ "type": "Feature", "properties": { "LAYER": "BANGUNAN", "GM_TYPE": "Unknown Area Type", "ELEVATION": 18.178 }, "geometry": { "type": "MultiPolygon", "coordinates": [ [ [ [ 767075.499000000068918, 8979774.910000002011657 ], [ 767082.067781334160827, 8979761.459354633465409 ], [ 767071.940615051891655, 8979756.513633513823152 ], [ 767068.927831095526926, 8979762.682797396555543 ], [ 767063.244997379020788, 8979759.907518515363336 ], [ 767059.689000000013039, 8979767.188999997451901 ], [ 767075.499000000068918, 8979774.910000002011657 ] ] ] ] } },
{ "type": "Feature", "properties": { "LAYER": "BANGUNAN", "GM_TYPE": "Unknown Area Type", "ELEVATION": 18.273 }, "geometry": { "type": "MultiPolygon", "coordinates": [ [ [ [ 767087.53000000002794, 8979746.643999999389052 ], [ 767092.173709669033997, 8979737.294085478410125 ], [ 767083.346709669101983, 8979732.9100854806602 ], [ 767078.702999999863096, 8979742.259999999776483 ], [ 767087.53000000002794, 8979746.643999999389052 ] ] ] ] } },
{ "type": "Feature", "properties": { "LAYER": "BANGUNAN", "GM_TYPE": "Unknown Area Type", "ELEVATION": 17.904 }, "geometry": { "type": "MultiPolygon", "coordinates": [ [ [ [ 767101.657, 8979714.822000000625849 ], [ 767095.412000000127591, 8979711.548000000417233 ], [ 767091.363187544629909, 8979719.270918080583215 ], [ 767097.608187544508837, 8979722.544918078929186 ], [ 767101.657, 8979714.822000000625849 ] ] ] ] } },
{ "type": "Feature", "properties": { "LAYER": "BANGUNAN", "GM_TYPE": "Unknown Area Type", "ELEVATION": 17.656 }, "geometry": { "type": "MultiPolygon", "coordinates": [ [ [ [ 767111.80600000009872, 8979692.678000001236796 ], [ 767102.437000000150874, 8979688.434000000357628 ], [ 767099.666407195152715, 8979694.550325164571404 ], [ 767109.035407195333391, 8979698.794325165450573 ], [ 767111.80600000009872, 8979692.678000001236796 ] ] ] ] } },
{ "type": "Feature", "properties": { "LAYER": "BANGUNAN", "GM_TYPE": "Unknown Area Type", "ELEVATION": 17.652 }, "geometry": { "type": "MultiPolygon", "coordinates": [ [ [ [ 767097.944999999948777, 8979693.500000001862645 ], [ 767100.337003800203092, 8979688.365375395864248 ], [ 767093.498003800166771, 8979685.17937539704144 ], [ 767091.105999999912456, 8979690.313999999314547 ], [ 767097.944999999948777, 8979693.500000001862645 ] ] ] ] } },
{ "type": "Feature", "properties": { "LAYER": "BANGUNAN", "GM_TYPE": "Unknown Area Type", "ELEVATION": 17.206 }, "geometry": { "type": "MultiPolygon", "coordinates": [ [ [ [ 767122.724000000045635, 8979670.261 ], [ 767113.59499999997206, 8979666.650000000372529 ], [ 767110.977421749732457, 8979673.267521975561976 ], [ 767120.106421749573201, 8979676.878521976992488 ], [ 767122.724000000045635, 8979670.261 ] ] ] ] } },
{ "type": "Feature", "properties": { "LAYER": "BANGUNAN", "GM_TYPE": "Unknown Area Type", "ELEVATION": 16.545 }, "geometry": { "type": "MultiPolygon", "coordinates": [ [ [ [ 767143.087999999872409, 8979624.787000002339482 ], [ 767136.186000000103377, 8979621.494999999180436 ], [ 767133.049020133446902, 8979628.071985125541687 ], [ 767139.951020133448765, 8979631.363985126838088 ], [ 767143.087999999872409, 8979624.787000002339482 ] ] ] ] } },
{ "type": "Feature", "properties": { "LAYER": "BANGUNAN", "GM_TYPE": "Unknown Area Type", "ELEVATION": 16.476 }, "geometry": { "type": "MultiPolygon", "coordinates": [ [ [ [ 767150.540000000037253, 8979608.589000001549721 ], [ 767154.260336145176552, 8979603.387440238147974 ], [ 767147.486336145200767, 8979598.542440237477422 ], [ 767143.765999999828637, 8979603.743999999016523 ], [ 767150.540000000037253, 8979608.589000001549721 ] ] ] ] } },
{ "type": "Feature", "properties": { "LAYER": "BANGUNAN", "GM_TYPE": "Unknown Area Type", "ELEVATION": 16.476 }, "geometry": { "type": "MultiPolygon", "coordinates": [ [ [ [ 767154.327999999979511, 8979602.064999999478459 ], [ 767157.293357018148527, 8979597.946448586881161 ], [ 767150.718357018078677, 8979593.212448585778475 ], [ 767147.753000000026077, 8979597.331000000238419 ], [ 767154.327999999979511, 8979602.064999999478459 ] ] ] ] } },
{ "type": "Feature", "properties": { "LAYER": "BANGUNAN", "GM_TYPE": "Unknown Area Type", "ELEVATION": 16.412 }, "geometry": { "type": "MultiPolygon", "coordinates": [ [ [ [ 767186.035999999963678, 8979617.265999998897314 ], [ 767188.032902665901929, 8979612.586474921554327 ], [ 767178.176909287460148, 8979608.38060805760324 ], [ 767175.879553837468848, 8979613.764211684465408 ], [ 767179.837472420767881, 8979615.453181834891438 ], [ 767179.142427727230825, 8979617.081943780183792 ], [ 767181.157502523739822, 8979617.941840494051576 ], [ 767182.152999999816529, 8979615.608999999240041 ], [ 767186.035999999963678, 8979617.265999998897314 ] ] ] ] } },
{ "type": "Feature", "properties": { "LAYER": "BANGUNAN", "GM_TYPE": "Unknown Area Type", "ELEVATION": 16.367 }, "geometry": { "type": "MultiPolygon", "coordinates": [ [ [ [ 767165.167999999946915, 8979579.099999999627471 ], [ 767156.853, 8979575.032999997958541 ], [ 767154.029714373173192, 8979580.805220307782292 ], [ 767162.344714373000897, 8979584.872220309451222 ], [ 767165.167999999946915, 8979579.099999999627471 ] ] ] ] } },
{ "type": "Feature", "properties": { "LAYER": "BANGUNAN", "GM_TYPE": "Unknown Area Type", "ELEVATION": 16.037 }, "geometry": { "type": "MultiPolygon", "coordinates": [ [ [ [ 767175.90099999983795, 8979556.938999999314547 ], [ 767169.119000000064261, 8979553.832999996840954 ], [ 767166.772137820255011, 8979558.957410590723157 ], [ 767173.554137820494361, 8979562.06341059319675 ], [ 767175.90099999983795, 8979556.938999999314547 ] ] ] ] } },
{ "type": "Feature", "properties": { "LAYER": "BANGUNAN", "GM_TYPE": "Unknown Area Type", "ELEVATION": 15.728 }, "geometry": { "type": "MultiPolygon", "coordinates": [ [ [ [ 767186.91599999985192, 8979534.073999999091029 ], [ 767180.342000000062399, 8979530.551999999210238 ], [ 767177.32661649317015, 8979536.180373415350914 ], [ 767183.900616493308917, 8979539.70237341709435 ], [ 767186.91599999985192, 8979534.073999999091029 ] ] ] ] } },
{ "type": "Feature", "properties": { "LAYER": "BANGUNAN", "GM_TYPE": "Unknown Area Type", "ELEVATION": 15.728 }, "geometry": { "type": "MultiPolygon", "coordinates": [ [ [ [ 767199.424000000115484, 8979511.38399999961257 ], [ 767191.854000000050291, 8979508.417999999597669 ], [ 767191.037567759398371, 8979510.501746479421854 ], [ 767186.53853694954887, 8979508.738982228562236 ], [ 767184.825046210782602, 8979513.112254276871681 ], [ 767196.89407702034805, 8979517.841018529608846 ], [ 767199.424000000115484, 8979511.38399999961257 ] ] ] ] } },
{ "type": "Feature", "properties": { "LAYER": "BANGUNAN", "GM_TYPE": "Unknown Area Type", "ELEVATION": 18.198 }, "geometry": { "type": "MultiPolygon", "coordinates": [ [ [ [ 767154.617000000085682, 8979781.005999999120831 ], [ 767159.211098120315, 8979771.120898863300681 ], [ 767149.821098120184615, 8979766.756898865103722 ], [ 767145.227000000071712, 8979776.641999999061227 ], [ 767154.617000000085682, 8979781.005999999120831 ] ] ] ] } },
{ "type": "Feature", "properties": { "LAYER": "BANGUNAN", "GM_TYPE": "Unknown Area Type", "ELEVATION": 18.198 }, "geometry": { "type": "MultiPolygon", "coordinates": [ [ [ [ 767164.456999999820255, 8979780.962999999523163 ], [ 767167.336765226558782, 8979774.686870442703366 ], [ 767161.05576522636693, 8979771.804870439693332 ], [ 767158.176000000210479, 8979778.081000000238419 ], [ 767164.456999999820255, 8979780.962999999523163 ] ] ] ] } },
{ "type": "Feature", "properties": { "LAYER": "BANGUNAN", "GM_TYPE": "Unknown Area Type", "ELEVATION": 17.915 }, "geometry": { "type": "MultiPolygon", "coordinates": [ [ [ [ 767178.310000000055879, 8979752.435000000521541 ], [ 767171.765000000130385, 8979749.33699999935925 ], [ 767168.591461381525733, 8979756.041586911305785 ], [ 767175.136461381567642, 8979759.139586914330721 ], [ 767178.310000000055879, 8979752.435000000521541 ] ] ] ] } },
{ "type": "Feature", "properties": { "LAYER": "BANGUNAN", "GM_TYPE": "Unknown Area Type", "ELEVATION": 17.915 }, "geometry": { "type": "MultiPolygon", "coordinates": [ [ [ [ 767189.882999999914318, 8979739.362999999895692 ], [ 767193.219615955138579, 8979732.297473832964897 ], [ 767179.85561595519539, 8979725.986473836004734 ], [ 767176.51900000020396, 8979733.051999997347593 ], [ 767189.882999999914318, 8979739.362999999895692 ] ] ] ] } },
{ "type": "Feature", "properties": { "LAYER": "BANGUNAN", "GM_TYPE": "Unknown Area Type", "ELEVATION": 17.247 }, "geometry": { "type": "MultiPolygon", "coordinates": [ [ [ [ 767201.368999999831431, 8979716.399000000208616 ], [ 767204.885138018871658, 8979710.085743857547641 ], [ 767198.398800829891115, 8979706.473209172487259 ], [ 767199.809394071111456, 8979703.940476840361953 ], [ 767194.222731260349974, 8979700.829011527821422 ], [ 767189.295999999972992, 8979709.674999997019768 ], [ 767201.368999999831431, 8979716.399000000208616 ] ] ] ] } },
{ "type": "Feature", "properties": { "LAYER": "BANGUNAN", "GM_TYPE": "Unknown Area Type", "ELEVATION": 16.405 }, "geometry": { "type": "MultiPolygon", "coordinates": [ [ [ [ 767229.501999999862164, 8979623.516000000759959 ], [ 767237.64000000001397, 8979628.168000001460314 ], [ 767239.987319575971924, 8979624.061704490333796 ], [ 767231.849319575936534, 8979619.409704489633441 ], [ 767229.501999999862164, 8979623.516000000759959 ] ] ] ] } },
{ "type": "Feature", "properties": { "LAYER": "BANGUNAN", "GM_TYPE": "Unknown Area Type", "ELEVATION": 16.401 }, "geometry": { "type": "MultiPolygon", "coordinates": [ [ [ [ 767240.269000000087544, 8979623.209999999031425 ], [ 767242.592954304534942, 8979619.405070383101702 ], [ 767234.833954304573126, 8979614.666070383042097 ], [ 767232.510000000125729, 8979618.470999997109175 ], [ 767240.269000000087544, 8979623.209999999031425 ] ] ] ] } },
{ "type": "Feature", "properties": { "LAYER": "BANGUNAN", "GM_TYPE": "Unknown Area Type", "ELEVATION": 16.153 }, "geometry": { "type": "MultiPolygon", "coordinates": [ [ [ [ 767259.787000000011176, 8979599.056000001728535 ], [ 767251.332999999984168, 8979593.988000001758337 ], [ 767247.316782184061594, 8979600.687507778406143 ], [ 767250.456407103920355, 8979602.569648668169975 ], [ 767251.717477893806063, 8979600.466039264574647 ], [ 767257.031852973857895, 8979603.651898372918367 ], [ 767259.787000000011176, 8979599.056000001728535 ] ] ] ] } },
{ "type": "Feature", "properties": { "LAYER": "BANGUNAN", "GM_TYPE": "Unknown Area Type", "ELEVATION": 16.153 }, "geometry": { "type": "MultiPolygon", "coordinates": [ [ [ [ 767245.795999999972992, 8979599.983999999240041 ], [ 767250.728791583096609, 8979592.14328465051949 ], [ 767246.910791583126411, 8979589.741284649819136 ], [ 767241.978, 8979597.582000002264977 ], [ 767245.795999999972992, 8979599.983999999240041 ] ] ] ] } },
{ "type": "Feature", "properties": { "LAYER": "BANGUNAN", "GM_TYPE": "Unknown Area Type", "ELEVATION": 15.892 }, "geometry": { "type": "MultiPolygon", "coordinates": [ [ [ [ 767230.479999999981374, 8979563.751000000163913 ], [ 767238.464999999850988, 8979567.673999996855855 ], [ 767241.926853796932846, 8979560.627631766721606 ], [ 767233.941853796713986, 8979556.704631768167019 ], [ 767230.479999999981374, 8979563.751000000163913 ] ] ] ] } },
{ "type": "Feature", "properties": { "LAYER": "BANGUNAN", "GM_TYPE": "Unknown Area Type", "ELEVATION": 15.685 }, "geometry": { "type": "MultiPolygon", "coordinates": [ [ [ [ 767262.867000000085682, 8979564.458999998867512 ], [ 767252.591999999829568, 8979559.269999999552965 ], [ 767248.026113479398191, 8979568.311141645535827 ], [ 767258.301113479537889, 8979573.500141646713018 ], [ 767262.867000000085682, 8979564.458999998867512 ] ] ] ] } },
{ "type": "Feature", "properties": { "LAYER": "BANGUNAN", "GM_TYPE": "Unknown Area Type", "ELEVATION": 15.586 }, "geometry": { "type": "MultiPolygon", "coordinates": [ [ [ [ 767268.760999999940395, 8979555.901000000536442 ], [ 767272.527972039533779, 8979548.891734227538109 ], [ 767265.460972039378248, 8979545.093734228983521 ], [ 767261.69400000013411, 8979552.103000001981854 ], [ 767268.760999999940395, 8979555.901000000536442 ] ] ] ] } },
{ "type": "Feature", "properties": { "LAYER": "BANGUNAN", "GM_TYPE": "Unknown Area Type", "ELEVATION": 15.442 }, "geometry": { "type": "MultiPolygon", "coordinates": [ [ [ [ 767274.968999999808148, 8979521.154999999329448 ], [ 767272.243000000016764, 8979519.824999999254942 ], [ 767273.318059290177189, 8979517.621532613411546 ], [ 767269.133885412942618, 8979515.580097816884518 ], [ 767268.136433975887485, 8979517.624498277902603 ], [ 767265.292160778073594, 8979516.236793452873826 ], [ 767259.915055969846435, 8979527.257836842909455 ], [ 767269.669503045501187, 8979532.016976462677121 ], [ 767274.968999999808148, 8979521.154999999329448 ] ] ] ] } },
{ "type": "Feature", "properties": { "LAYER": "BANGUNAN", "GM_TYPE": "Unknown Area Type", "ELEVATION": 15.442 }, "geometry": { "type": "MultiPolygon", "coordinates": [ [ [ [ 767273.337000000057742, 8979532.58 ], [ 767280.162000000011176, 8979536.348999999463558 ], [ 767285.109830667614006, 8979527.389343773946166 ], [ 767275.792345947353169, 8979522.243907893076539 ], [ 767272.000606214045547, 8979529.110085574910045 ], [ 767274.493090933538042, 8979530.486521458253264 ], [ 767273.337000000057742, 8979532.58 ] ] ] ] } },
{ "type": "Feature", "properties": { "LAYER": "BANGUNAN", "GM_TYPE": "Unknown Area Type", "ELEVATION": 15.302 }, "geometry": { "type": "MultiPolygon", "coordinates": [ [ [ [ 767293.593999999808148, 8979510.732999999076128 ], [ 767296.468212587758899, 8979503.746002363041043 ], [ 767286.43821258796379, 8979499.620002361014485 ], [ 767283.564000000129454, 8979506.606999998912215 ], [ 767293.593999999808148, 8979510.732999999076128 ] ] ] ] } },
{ "type": "Feature", "properties": { "LAYER": "BANGUNAN", "GM_TYPE": "Unknown Area Type", "ELEVATION": 15.302 }, "geometry": { "type": "MultiPolygon", "coordinates": [ [ [ [ 767301.287999999942258, 8979485.58 ], [ 767303.67891855200287, 8979480.812212098389864 ], [ 767296.212918551871553, 8979477.068212097510695 ], [ 767293.822000000043772, 8979481.835999999195337 ], [ 767301.287999999942258, 8979485.58 ] ] ] ] } },
{ "type": "Feature", "properties": { "LAYER": "BANGUNAN", "GM_TYPE": "Unknown Area Type", "ELEVATION": 14.974 }, "geometry": { "type": "MultiPolygon", "coordinates": [ [ [ [ 767272.807999999960884, 8979401.079 ], [ 767276.593151179375127, 8979392.103170482441783 ], [ 767267.959151179180481, 8979388.462170481681824 ], [ 767264.174000000115484, 8979397.437999999150634 ], [ 767272.807999999960884, 8979401.079 ] ] ] ] } },
{ "type": "Feature", "properties": { "LAYER": "BANGUNAN", "GM_TYPE": "Unknown Area Type", "ELEVATION": 14.521 }, "geometry": { "type": "MultiPolygon", "coordinates": [ [ [ [ 767292.615999999921769, 8979346.014000000432134 ], [ 767296.849973819102161, 8979337.482542756944895 ], [ 767288.386973819113337, 8979333.282542755827308 ], [ 767284.152999999816529, 8979341.813999999314547 ], [ 767292.615999999921769, 8979346.014000000432134 ] ] ] ] } },
{ "type": "Feature", "properties": { "LAYER": "BANGUNAN", "GM_TYPE": "Unknown Area Type", "ELEVATION": 14.861 }, "geometry": { "type": "MultiPolygon", "coordinates": [ [ [ [ 767352.049999999813735, 8979386.458999998867512 ], [ 767346.640000000130385, 8979383.502000000327826 ], [ 767344.215903027332388, 8979387.937023548409343 ], [ 767349.625903027132154, 8979390.894023545086384 ], [ 767352.049999999813735, 8979386.458999998867512 ] ] ] ] } },
{ "type": "Feature", "properties": { "LAYER": "BANGUNAN", "GM_TYPE": "Unknown Area Type", "ELEVATION": 14.861 }, "geometry": { "type": "MultiPolygon", "coordinates": [ [ [ [ 767341.638999999850057, 8979389.493999999016523 ], [ 767345.816, 8979381.943000001832843 ], [ 767340.450274678762071, 8979378.974832251667976 ], [ 767336.273274678736925, 8979386.525832252576947 ], [ 767341.638999999850057, 8979389.493999999016523 ] ] ] ] } },
{ "type": "Feature", "properties": { "LAYER": "BANGUNAN", "GM_TYPE": "Unknown Area Type", "ELEVATION": 14.861 }, "geometry": { "type": "MultiPolygon", "coordinates": [ [ [ [ 767349.205999999889173, 8979369.25899999961257 ], [ 767353.990999999805354, 8979371.684000000357628 ], [ 767355.605515038711019, 8979368.498245583847165 ], [ 767350.820515039027669, 8979366.073245583102107 ], [ 767349.205999999889173, 8979369.25899999961257 ] ] ] ] } },
{ "type": "Feature", "properties": { "LAYER": "BANGUNAN", "GM_TYPE": "Unknown Area Type", "ELEVATION": 14.773 }, "geometry": { "type": "MultiPolygon", "coordinates": [ [ [ [ 767367.630000000121072, 8979351.688999999314547 ], [ 767372.268198730656877, 8979341.628835372626781 ], [ 767367.124569595907815, 8979339.257385697215796 ], [ 767365.192629096913151, 8979343.447727810591459 ], [ 767361.120258232695051, 8979341.570177480578423 ], [ 767358.41399999987334, 8979347.439999999478459 ], [ 767367.630000000121072, 8979351.688999999314547 ] ] ] ] } },
{ "type": "Feature", "properties": { "LAYER": "BANGUNAN", "GM_TYPE": "Unknown Area Type", "ELEVATION": 14.242 }, "geometry": { "type": "MultiPolygon", "coordinates": [ [ [ [ 767389.615999999805354, 8979295.76799999922514 ], [ 767382.831000000122003, 8979292.707000000402331 ], [ 767377.576680543716066, 8979304.353702882304788 ], [ 767391.593973020324484, 8979310.677495403215289 ], [ 767394.080289136851206, 8979305.166337331756949 ], [ 767388.70211846625898, 8979302.74001744762063 ], [ 767390.041503583430313, 8979299.771141907200217 ], [ 767388.187381777795963, 8979298.934669271111488 ], [ 767389.615999999805354, 8979295.76799999922514 ] ] ] ] } },
{ "type": "Feature", "properties": { "LAYER": "BANGUNAN", "GM_TYPE": "Unknown Area Type", "ELEVATION": 13.637 }, "geometry": { "type": "MultiPolygon", "coordinates": [ [ [ [ 767398.359000000054948, 8979286.075999999418855 ], [ 767402.035870242398232, 8979276.772153418511152 ], [ 767393.037870242376812, 8979273.216153418645263 ], [ 767389.360999999917112, 8979282.519999999552965 ], [ 767398.359000000054948, 8979286.075999999418855 ] ] ] ] } },
{ "type": "Feature", "properties": { "LAYER": "BANGUNAN", "GM_TYPE": "Unknown Area Type", "ELEVATION": 13.837 }, "geometry": { "type": "MultiPolygon", "coordinates": [ [ [ [ 767319.863999999826774, 8979248.080000001937151 ], [ 767323.674331292975694, 8979237.686373807489872 ], [ 767316.90133129293099, 8979235.203373808413744 ], [ 767313.091000000131316, 8979245.597000000998378 ], [ 767319.863999999826774, 8979248.080000001937151 ] ] ] ] } },
{ "type": "Feature", "properties": { "LAYER": "BANGUNAN", "GM_TYPE": "Unknown Area Type", "ELEVATION": 13.837 }, "geometry": { "type": "MultiPolygon", "coordinates": [ [ [ [ 767312.062000000034459, 8979244.501000000163913 ], [ 767315.202264522202313, 8979235.886153932660818 ], [ 767309.323264522012323, 8979233.743153931573033 ], [ 767306.182999999960884, 8979242.357999997213483 ], [ 767312.062000000034459, 8979244.501000000163913 ] ] ] ] } },
{ "type": "Feature", "properties": { "LAYER": "BANGUNAN", "GM_TYPE": "Unknown Area Type", "ELEVATION": 13.837 }, "geometry": { "type": "MultiPolygon", "coordinates": [ [ [ [ 767330.541000000201166, 8979225.534000001847744 ], [ 767336.35229756811168, 8979212.492393743246794 ], [ 767330.840990433120169, 8979210.036573110148311 ], [ 767329.543114587082528, 8979212.949242021888494 ], [ 767321.7267907949863, 8979209.466313421726227 ], [ 767318.68548034701962, 8979216.291565941646695 ], [ 767326.324111271766014, 8979219.695315176621079 ], [ 767324.852000000071712, 8979222.998999997973442 ], [ 767330.541000000201166, 8979225.534000001847744 ] ] ] ] } },
{ "type": "Feature", "properties": { "LAYER": "BANGUNAN", "GM_TYPE": "Unknown Area Type", "ELEVATION": 13.534 }, "geometry": { "type": "MultiPolygon", "coordinates": [ [ [ [ 767411.210000000195578, 8979236.763000002130866 ], [ 767414.669418065110222, 8979227.342407412827015 ], [ 767405.91441806498915, 8979224.127407412976027 ], [ 767402.45499999995809, 8979233.548000000417233 ], [ 767411.210000000195578, 8979236.763000002130866 ] ] ] ] } },
{ "type": "Feature", "properties": { "LAYER": "BANGUNAN", "GM_TYPE": "Unknown Area Type", "ELEVATION": 13.534 }, "geometry": { "type": "MultiPolygon", "coordinates": [ [ [ [ 767412.510000000125729, 8979262.823999999091029 ], [ 767416.436780796851963, 8979253.562556831166148 ], [ 767411.22678079653997, 8979251.353556830435991 ], [ 767407.299999999813735, 8979260.615000002086163 ], [ 767412.510000000125729, 8979262.823999999091029 ] ] ] ] } },
{ "type": "Feature", "properties": { "LAYER": "BANGUNAN", "GM_TYPE": "Unknown Area Type", "ELEVATION": 13.534 }, "geometry": { "type": "MultiPolygon", "coordinates": [ [ [ [ 767406.692000000039116, 8979259.838999999687076 ], [ 767409.260429293732159, 8979253.766552722081542 ], [ 767402.763429293874651, 8979251.018552720546722 ], [ 767400.194999999948777, 8979257.091 ], [ 767406.692000000039116, 8979259.838999999687076 ] ] ] ] } },
{ "type": "Feature", "properties": { "LAYER": "BANGUNAN", "GM_TYPE": "Unknown Area Type", "ELEVATION": 13.534 }, "geometry": { "type": "MultiPolygon", "coordinates": [ [ [ [ 767419.8839999998454, 8979250.67200000025332 ], [ 767419.954017001553439, 8979247.408304298296571 ], [ 767411.284017001395114, 8979247.222304301336408 ], [ 767411.214000000036322, 8979250.485999999567866 ], [ 767419.8839999998454, 8979250.67200000025332 ] ] ] ] } },
{ "type": "Feature", "properties": { "LAYER": "BANGUNAN", "GM_TYPE": "Unknown Area Type", "ELEVATION": 13.441 }, "geometry": { "type": "MultiPolygon", "coordinates": [ [ [ [ 767364.185999999986961, 8979162.78600000217557 ], [ 767368.257279744953848, 8979153.259224774315953 ], [ 767358.422279745107517, 8979149.056224772706628 ], [ 767354.350999999907799, 8979158.582999998703599 ], [ 767364.185999999986961, 8979162.78600000217557 ] ] ] ] } },
{ "type": "Feature", "properties": { "LAYER": "BANGUNAN", "GM_TYPE": "Unknown Area Type", "ELEVATION": 13.441 }, "geometry": { "type": "MultiPolygon", "coordinates": [ [ [ [ 767356.463999999803491, 8979149.861999997869134 ], [ 767358.324642058112659, 8979145.443721586838365 ], [ 767353.145642057992518, 8979143.262721586972475 ], [ 767351.285000000032596, 8979147.68099999986589 ], [ 767356.463999999803491, 8979149.861999997869134 ] ] ] ] } },
{ "type": "Feature", "properties": { "LAYER": "BANGUNAN", "GM_TYPE": "Unknown Area Type", "ELEVATION": 13.441 }, "geometry": { "type": "MultiPolygon", "coordinates": [ [ [ [ 767376.309, 8979132.146999998018146 ], [ 767379.609065357362852, 8979126.173892809078097 ], [ 767372.442399595747702, 8979122.214401599019766 ], [ 767375.21156865672674, 8979117.202214924618602 ], [ 767370.174637080635875, 8979114.419374622404575 ], [ 767367.155530634336174, 8979119.883947128430009 ], [ 767368.604127971455455, 8979120.684278639033437 ], [ 767365.554, 8979126.205 ], [ 767376.309, 8979132.146999998018146 ] ] ] ] } },
{ "type": "Feature", "properties": { "LAYER": "BANGUNAN", "GM_TYPE": "Unknown Area Type", "ELEVATION": 13.384 }, "geometry": { "type": "MultiPolygon", "coordinates": [ [ [ [ 767423.358, 8979190.206000000238419 ], [ 767426.64453548239544, 8979180.676057212054729 ], [ 767416.266535482136533, 8979177.097057212144136 ], [ 767412.979999999981374, 8979186.627000000327826 ], [ 767423.358, 8979190.206000000238419 ] ] ] ] } },
{ "type": "Feature", "properties": { "LAYER": "BANGUNAN", "GM_TYPE": "Unknown Area Type", "ELEVATION": 13.384 }, "geometry": { "type": "MultiPolygon", "coordinates": [ [ [ [ 767438.598000000114553, 8979191.659999998286366 ], [ 767441.655061605502851, 8979185.476005794480443 ], [ 767434.132061605458148, 8979181.757005792111158 ], [ 767431.074999999953434, 8979187.941000001505017 ], [ 767438.598000000114553, 8979191.659999998286366 ] ] ] ] } },
{ "type": "Feature", "properties": { "LAYER": "BANGUNAN", "GM_TYPE": "Unknown Area Type", "ELEVATION": 13.384 }, "geometry": { "type": "MultiPolygon", "coordinates": [ [ [ [ 767449.409000000101514, 8979170.049999997019768 ], [ 767452.613689942518249, 8979163.429538659751415 ], [ 767445.901689942460507, 8979160.180538658052683 ], [ 767442.696999999810942, 8979166.800999999046326 ], [ 767449.409000000101514, 8979170.049999997019768 ] ] ] ] } },
{ "type": "Feature", "properties": { "LAYER": "BANGUNAN", "GM_TYPE": "Unknown Area Type", "ELEVATION": 13.384 }, "geometry": { "type": "MultiPolygon", "coordinates": [ [ [ [ 767462.490999999921769, 8979148.080000001937151 ], [ 767465.666507245157845, 8979141.846114875748754 ], [ 767454.649507245048881, 8979136.234114874154329 ], [ 767451.473999999812804, 8979142.468000000342727 ], [ 767462.490999999921769, 8979148.080000001937151 ] ] ] ] } },
{ "type": "Feature", "properties": { "LAYER": "BANGUNAN", "GM_TYPE": "Unknown Area Type", "ELEVATION": 13.384 }, "geometry": { "type": "MultiPolygon", "coordinates": [ [ [ [ 767472.177000000141561, 8979125.271999999880791 ], [ 767474.965334725682624, 8979119.504498858004808 ], [ 767466.019334725569934, 8979115.179498856887221 ], [ 767463.231000000145286, 8979120.946999996900558 ], [ 767472.177000000141561, 8979125.271999999880791 ] ] ] ] } },
{ "type": "Feature", "properties": { "LAYER": "BANGUNAN", "GM_TYPE": "Unknown Area Type", "ELEVATION": 13.231 }, "geometry": { "type": "MultiPolygon", "coordinates": [ [ [ [ 767431.672999999951571, 8979013.093000000342727 ], [ 767425.373000000137836, 8979009.274000000208616 ], [ 767422.118820772040635, 8979014.642245387658477 ], [ 767428.418820772087201, 8979018.461245387792587 ], [ 767431.672999999951571, 8979013.093000000342727 ] ] ] ] } },
{ "type": "Feature", "properties": { "LAYER": "BANGUNAN", "GM_TYPE": "Unknown Area Type", "ELEVATION": 13.156 }, "geometry": { "type": "MultiPolygon", "coordinates": [ [ [ [ 767476.022999999928288, 8978966.2989999987185 ], [ 767468.682999999960884, 8978963.875999998301268 ], [ 767466.69117334485054, 8978969.909845503047109 ], [ 767474.031173345050775, 8978972.332845501601696 ], [ 767476.022999999928288, 8978966.2989999987185 ] ] ] ] } },
{ "type": "Feature", "properties": { "LAYER": "BANGUNAN", "GM_TYPE": "Unknown Area Type", "ELEVATION": 13.156 }, "geometry": { "type": "MultiPolygon", "coordinates": [ [ [ [ 767487.652999999932945, 8978962.415999999269843 ], [ 767489.739800439681858, 8978957.440916288644075 ], [ 767485.009800439700484, 8978955.456916287541389 ], [ 767482.922999999951571, 8978960.432 ], [ 767487.652999999932945, 8978962.415999999269843 ] ] ] ] } },
{ "type": "Feature", "properties": { "LAYER": "BANGUNAN", "GM_TYPE": "Unknown Area Type", "ELEVATION": 13.019 }, "geometry": { "type": "MultiPolygon", "coordinates": [ [ [ [ 767474.603999999817461, 8978945.501000000163913 ], [ 767465.019000000087544, 8978941.697999998927116 ], [ 767462.825284657068551, 8978947.22699330933392 ], [ 767472.410284656914882, 8978951.029993310570717 ], [ 767474.603999999817461, 8978945.501000000163913 ] ] ] ] } },
{ "type": "Feature", "properties": { "LAYER": "BANGUNAN", "GM_TYPE": "Unknown Area Type", "ELEVATION": 12.761 }, "geometry": { "type": "MultiPolygon", "coordinates": [ [ [ [ 767499.832000000053085, 8978906.951999999582767 ], [ 767489.598000000114553, 8978904.117000000551343 ], [ 767488.380350629682653, 8978908.512563902884722 ], [ 767483.476204286213033, 8978907.154028149321675 ], [ 767482.695043119252659, 8978909.973923522979021 ], [ 767492.22209631302394, 8978912.613086685538292 ], [ 767491.925023410120048, 8978913.685483189299703 ], [ 767497.53611655998975, 8978915.239855777472258 ], [ 767499.832000000053085, 8978906.951999999582767 ] ] ] ] } },
{ "type": "Feature", "properties": { "LAYER": "BANGUNAN", "GM_TYPE": "Unknown Area Type", "ELEVATION": 12.508 }, "geometry": { "type": "MultiPolygon", "coordinates": [ [ [ [ 767528.157, 8978872.821999998763204 ], [ 767531.036077231052332, 8978866.746536523103714 ], [ 767528.463605810655281, 8978865.527478268370032 ], [ 767529.364032714511268, 8978863.627386560663581 ], [ 767524.373504134709947, 8978861.262444814667106 ], [ 767520.593999999808148, 8978869.237999998033047 ], [ 767528.157, 8978872.821999998763204 ] ] ] ] } },
{ "type": "Feature", "properties": { "LAYER": "BANGUNAN", "GM_TYPE": "Unknown Area Type", "ELEVATION": 12.508 }, "geometry": { "type": "MultiPolygon", "coordinates": [ [ [ [ 767562.70499999995809, 8978892.605000000447035 ], [ 767563.44409259641543, 8978881.930124780163169 ], [ 767555.396910174866207, 8978881.372964834794402 ], [ 767555.092894803383388, 8978885.763925043866038 ], [ 767553.983077222132124, 8978885.687084995210171 ], [ 767553.547999999835156, 8978891.97099999897182 ], [ 767562.70499999995809, 8978892.605000000447035 ] ] ] ] } },
{ "type": "Feature", "properties": { "LAYER": "BANGUNAN", "GM_TYPE": "Unknown Area Type", "ELEVATION": 12.368 }, "geometry": { "type": "MultiPolygon", "coordinates": [ [ [ [ 767539.390999999945052, 8978818.698999999091029 ], [ 767539.091189178754576, 8978811.592406390234828 ], [ 767526.816910622292198, 8978812.110229942947626 ], [ 767527.329030063934624, 8978824.249300580471754 ], [ 767531.686308618402109, 8978824.065477030351758 ], [ 767531.47400000016205, 8978819.032999999821186 ], [ 767539.390999999945052, 8978818.698999999091029 ] ] ] ] } },
{ "type": "Feature", "properties": { "LAYER": "BANGUNAN", "GM_TYPE": "Unknown Area Type", "ELEVATION": 12.368 }, "geometry": { "type": "MultiPolygon", "coordinates": [ [ [ [ 767577.969000000040978, 8978814.029999999329448 ], [ 767578.028494467958808, 8978804.936789870262146 ], [ 767568.399494467768818, 8978804.873789872974157 ], [ 767568.339999999967404, 8978813.967000000178814 ], [ 767577.969000000040978, 8978814.029999999329448 ] ] ] ] } },
{ "type": "Feature", "properties": { "LAYER": "BANGUNAN", "GM_TYPE": "Unknown Area Type", "ELEVATION": 12.368 }, "geometry": { "type": "MultiPolygon", "coordinates": [ [ [ [ 767580.894000000087544, 8978776.261 ], [ 767580.949543867493048, 8978769.883910628035665 ], [ 767571.190543867298402, 8978769.798910627141595 ], [ 767571.135, 8978776.175999997183681 ], [ 767580.894000000087544, 8978776.261 ] ] ] ] } },
{ "type": "Feature", "properties": { "LAYER": "BANGUNAN", "GM_TYPE": "Unknown Area Type", "ELEVATION": 12.344 }, "geometry": { "type": "MultiPolygon", "coordinates": [ [ [ [ 767581.237000000081025, 8978743.890000000596046 ], [ 767581.445272724376991, 8978736.78749562241137 ], [ 767574.420272724586539, 8978736.581495622172952 ], [ 767574.211999999824911, 8978743.684000000357628 ], [ 767581.237000000081025, 8978743.890000000596046 ] ] ] ] } },
{ "type": "Feature", "properties": { "LAYER": "BANGUNAN", "GM_TYPE": "Unknown Area Type", "ELEVATION": 12.344 }, "geometry": { "type": "MultiPolygon", "coordinates": [ [ [ [ 767572.417999999946915, 8978718.927999999374151 ], [ 767560.392999999923632, 8978718.651000000536442 ], [ 767560.136149207130075, 8978729.801291685551405 ], [ 767565.859840007964522, 8978729.933138867840171 ], [ 767565.939201764878817, 8978726.487921789288521 ], [ 767572.240510963718407, 8978726.633074607700109 ], [ 767572.417999999946915, 8978718.927999999374151 ] ] ] ] } },
{ "type": "Feature", "properties": { "LAYER": "BANGUNAN", "GM_TYPE": "Unknown Area Type", "ELEVATION": 12.344 }, "geometry": { "type": "MultiPolygon", "coordinates": [ [ [ [ 767616.088000000105239, 8978719.784 ], [ 767606.969000000040978, 8978719.568 ], [ 767606.785561800468713, 8978727.312319170683622 ], [ 767615.90456180064939, 8978727.528319166973233 ], [ 767616.088000000105239, 8978719.784 ] ] ] ] } },
{ "type": "Feature", "properties": { "LAYER": "BANGUNAN", "GM_TYPE": "Unknown Area Type", "ELEVATION": 12.344 }, "geometry": { "type": "MultiPolygon", "coordinates": [ [ [ [ 767604.385000000125729, 8978726.853000001981854 ], [ 767604.357000000076368, 8978717.458999998867512 ], [ 767592.337444329517893, 8978717.494825799018145 ], [ 767592.355818914715201, 8978723.659498959779739 ], [ 767597.736593367299065, 8978723.64346088282764 ], [ 767597.746218783431686, 8978726.872787723317742 ], [ 767604.385000000125729, 8978726.853000001981854 ] ] ] ] } },
{ "type": "Feature", "properties": { "LAYER": "BANGUNAN", "GM_TYPE": "Unknown Area Type", "ELEVATION": 12.344 }, "geometry": { "type": "MultiPolygon", "coordinates": [ [ [ [ 767655.893999999854714, 8978717.377999998629093 ], [ 767655.940656428807415, 8978711.27797113545239 ], [ 767650.84165642876178, 8978711.238971132785082 ], [ 767650.79500000004191, 8978717.33899999782443 ], [ 767655.893999999854714, 8978717.377999998629093 ] ] ] ] } },
{ "type": "Feature", "properties": { "LAYER": "BANGUNAN", "GM_TYPE": "Unknown Area Type", "ELEVATION": 12.344 }, "geometry": { "type": "MultiPolygon", "coordinates": [ [ [ [ 767649.760000000125729, 8978716.962000001221895 ], [ 767649.789511590031907, 8978710.021310929208994 ], [ 767652.542056068312377, 8978710.033014660701156 ], [ 767652.55895113653969, 8978706.059544697403908 ], [ 767643.456406658398919, 8978706.020840967074037 ], [ 767643.410000000032596, 8978716.935000000521541 ], [ 767649.760000000125729, 8978716.962000001221895 ] ] ] ] } },
{ "type": "Feature", "properties": { "LAYER": "BANGUNAN", "GM_TYPE": "Unknown Area Type", "ELEVATION": 12.344 }, "geometry": { "type": "MultiPolygon", "coordinates": [ [ [ [ 767640.868000000016764, 8978718.256000000983477 ], [ 767641.006547484081239, 8978714.557713586837053 ], [ 767638.977616810589097, 8978714.481704534962773 ], [ 767639.073928330210038, 8978711.910834448412061 ], [ 767634.749859003117308, 8978711.748843498528004 ], [ 767634.51500000001397, 8978718.01799999922514 ], [ 767640.868000000016764, 8978718.256000000983477 ] ] ] ] } },
{ "type": "Feature", "properties": { "LAYER": "BANGUNAN", "GM_TYPE": "Unknown Area Type", "ELEVATION": 12.344 }, "geometry": { "type": "MultiPolygon", "coordinates": [ [ [ [ 767651.804000000120141, 8978741.363999998196959 ], [ 767651.986999999848194, 8978727.617000000551343 ], [ 767642.785543253296055, 8978727.494510252028704 ], [ 767642.60254325310234, 8978741.241510251536965 ], [ 767651.804000000120141, 8978741.363999998196959 ] ] ] ] } },
{ "type": "Feature", "properties": { "LAYER": "BANGUNAN", "GM_TYPE": "Unknown Area Type", "ELEVATION": 12.344 }, "geometry": { "type": "MultiPolygon", "coordinates": [ [ [ [ 767651.280999999959022, 8978761.479000000283122 ], [ 767651.467838950338773, 8978753.558221137151122 ], [ 767643.511262143147178, 8978753.370537765324116 ], [ 767643.426534014637582, 8978756.962469503283501 ], [ 767641.352680095122196, 8978756.913550488650799 ], [ 767641.297563637373969, 8978759.250136457383633 ], [ 767643.357994366553612, 8978759.298738839104772 ], [ 767643.311000000103377, 8978761.290999999269843 ], [ 767651.280999999959022, 8978761.479000000283122 ] ] ] ] } },
{ "type": "Feature", "properties": { "LAYER": "BANGUNAN", "GM_TYPE": "Unknown Area Type", "ELEVATION": 12.344 }, "geometry": { "type": "MultiPolygon", "coordinates": [ [ [ [ 767651.839000000036322, 8978752.882999999448657 ], [ 767652.014113783137873, 8978747.469677217304707 ], [ 767650.599550272687338, 8978747.423917973414063 ], [ 767650.725773695623502, 8978743.521951356902719 ], [ 767645.780541500425898, 8978743.361979681998491 ], [ 767645.637422658735886, 8978747.786237290129066 ], [ 767641.672218365129083, 8978747.657968211919069 ], [ 767641.514000000082888, 8978752.5489999987185 ], [ 767651.839000000036322, 8978752.882999999448657 ] ] ] ] } },
{ "type": "Feature", "properties": { "LAYER": "BANGUNAN", "GM_TYPE": "Unknown Area Type", "ELEVATION": 12.344 }, "geometry": { "type": "MultiPolygon", "coordinates": [ [ [ [ 767654.37300000002142, 8978794.5489999987185 ], [ 767654.470831463113427, 8978790.088028073310852 ], [ 767651.167231009574607, 8978790.015578377991915 ], [ 767651.228977719787508, 8978787.20001851581037 ], [ 767642.038578173262067, 8978786.998468216508627 ], [ 767641.878999999840744, 8978794.275000002235174 ], [ 767654.37300000002142, 8978794.5489999987185 ] ] ] ] } },
{ "type": "Feature", "properties": { "LAYER": "BANGUNAN", "GM_TYPE": "Unknown Area Type", "ELEVATION": 12.344 }, "geometry": { "type": "MultiPolygon", "coordinates": [ [ [ [ 767668.750999999814667, 8978821.271000001579523 ], [ 767668.709000000031665, 8978819.046000001952052 ], [ 767669.610640354338102, 8978819.028980271890759 ], [ 767669.397519077640027, 8978807.738627023994923 ], [ 767662.237782599870116, 8978807.873777104541659 ], [ 767662.422158865258098, 8978817.641329219564795 ], [ 767663.862744337762706, 8978817.614136144518852 ], [ 767663.933489350602031, 8978821.361937277019024 ], [ 767668.750999999814667, 8978821.271000001579523 ] ] ] ] } },
{ "type": "Feature", "properties": { "LAYER": "BANGUNAN", "GM_TYPE": "Unknown Area Type", "ELEVATION": 12.344 }, "geometry": { "type": "MultiPolygon", "coordinates": [ [ [ [ 767653.310000000055879, 8978819.287999998778105 ], [ 767653.326429847977124, 8978806.505577024072409 ], [ 767644.84014567907434, 8978806.494669204577804 ], [ 767644.832823811564595, 8978812.191082157194614 ], [ 767647.873107981053181, 8978812.194989977404475 ], [ 767647.863999999826774, 8978819.280999999493361 ], [ 767653.310000000055879, 8978819.287999998778105 ] ] ] ] } },
{ "type": "Feature", "properties": { "LAYER": "BANGUNAN", "GM_TYPE": "Unknown Area Type", "ELEVATION": 12.344 }, "geometry": { "type": "MultiPolygon", "coordinates": [ [ [ [ 767621.490999999921769, 8978819.530999999493361 ], [ 767621.91251947497949, 8978810.431202627718449 ], [ 767612.262300493079238, 8978809.984186608344316 ], [ 767612.104308062349446, 8978813.394940342754126 ], [ 767613.421527042170055, 8978813.455956364050508 ], [ 767613.157999999821186, 8978819.14500000141561 ], [ 767621.490999999921769, 8978819.530999999493361 ] ] ] ] } },
{ "type": "Feature", "properties": { "LAYER": "BANGUNAN", "GM_TYPE": "Unknown Area Type", "ELEVATION": 12.344 }, "geometry": { "type": "MultiPolygon", "coordinates": [ [ [ [ 767610.98700000019744, 8978819.946000000461936 ], [ 767611.250436861300841, 8978810.119006872177124 ], [ 767603.072524907649495, 8978809.89977771230042 ], [ 767602.932691615191288, 8978815.115983255207539 ], [ 767606.186603567446582, 8978815.203212413936853 ], [ 767606.063000000198372, 8978819.813999999314547 ], [ 767610.98700000019744, 8978819.946000000461936 ] ] ] ] } },
{ "type": "Feature", "properties": { "LAYER": "BANGUNAN", "GM_TYPE": "Unknown Area Type", "ELEVATION": 13.042 }, "geometry": { "type": "MultiPolygon", "coordinates": [ [ [ [ 767440.682000000029802, 8978614.114 ], [ 767451.786617938079871, 8978614.406028892844915 ], [ 767452.441558554535732, 8978589.50142021663487 ], [ 767448.491039366577752, 8978589.397529589012265 ], [ 767448.535098754800856, 8978587.72213826328516 ], [ 767441.380999999935739, 8978587.534 ], [ 767440.682000000029802, 8978614.114 ] ] ] ] } },
{ "type": "Feature", "properties": { "LAYER": "BANGUNAN", "GM_TYPE": "Unknown Area Type", "ELEVATION": 12.722 }, "geometry": { "type": "MultiPolygon", "coordinates": [ [ [ [ 767479.617000000085682, 8978571.228000001981854 ], [ 767479.677964463247918, 8978568.023354837670922 ], [ 767475.65153763955459, 8978567.946756979450583 ], [ 767475.601450560148805, 8978570.579623881727457 ], [ 767449.122709733783267, 8978570.075898153707385 ], [ 767448.901626926613972, 8978581.697290562093258 ], [ 767479.555549517623149, 8978582.280444027855992 ], [ 767479.605979169718921, 8978579.629569534212351 ], [ 767487.44722422817722, 8978579.778739649802446 ], [ 767487.607000000076368, 8978571.379999998956919 ], [ 767479.617000000085682, 8978571.228000001981854 ] ] ] ] } },
{ "type": "Feature", "properties": { "LAYER": "BANGUNAN", "GM_TYPE": "Unknown Area Type", "ELEVATION": 12.829 }, "geometry": { "type": "MultiPolygon", "coordinates": [ [ [ [ 767398.664999999804422, 8978548.636000001803041 ], [ 767387.914000000106171, 8978548.824999997392297 ], [ 767388.094609253923409, 8978559.098704215139151 ], [ 767398.845609253854491, 8978558.909704215824604 ], [ 767398.664999999804422, 8978548.636000001803041 ] ] ] ] } },
{ "type": "Feature", "properties": { "LAYER": "BANGUNAN", "GM_TYPE": "Unknown Area Type", "ELEVATION": null }, "geometry": { "type": "MultiPolygon", "coordinates": [ [ [ [ 767538.671000000205822, 8978538.195000000298023 ], [ 767535.163929231232032, 8978538.169154647737741 ], [ 767535.189073335612193, 8978534.757239297032356 ], [ 767530.814909959794022, 8978534.725003905594349 ], [ 767530.717765856301412, 8978547.906919257715344 ], [ 767538.598999999812804, 8978547.964999999850988 ], [ 767538.671000000205822, 8978538.195000000298023 ] ] ] ] } },
{ "type": "Feature", "properties": { "LAYER": "BANGUNAN", "GM_TYPE": "Unknown Area Type", "ELEVATION": 11.282 }, "geometry": { "type": "MultiPolygon", "coordinates": [ [ [ [ 767529.229999999864958, 8978548.05799999833107 ], [ 767529.349000000045635, 8978535.35700000077486 ], [ 767524.284475009888411, 8978535.309548737481236 ], [ 767524.257914856192656, 8978538.144342945888638 ], [ 767521.486883299890906, 8978538.118380201980472 ], [ 767521.394443451194093, 8978547.98458599857986 ], [ 767529.229999999864958, 8978548.05799999833107 ] ] ] ] } },
{ "type": "Feature", "properties": { "LAYER": "BANGUNAN", "GM_TYPE": "Unknown Area Type", "ELEVATION": 11.167 }, "geometry": { "type": "MultiPolygon", "coordinates": [ [ [ [ 767581.232000000076368, 8978546.346999999135733 ], [ 767581.335609468864277, 8978538.30750585719943 ], [ 767565.273609469062649, 8978538.100505856797099 ], [ 767565.17000000004191, 8978546.140000000596046 ], [ 767581.232000000076368, 8978546.346999999135733 ] ] ] ] } },
{ "type": "Feature", "properties": { "LAYER": "BANGUNAN", "GM_TYPE": "Unknown Area Type", "ELEVATION": 11.167 }, "geometry": { "type": "MultiPolygon", "coordinates": [ [ [ [ 767606.442000000039116, 8978546.565999999642372 ], [ 767606.635127459536307, 8978537.612307699397206 ], [ 767584.196127459523268, 8978537.128307702019811 ], [ 767584.003000000026077, 8978546.082000000402331 ], [ 767606.442000000039116, 8978546.565999999642372 ] ] ] ] } },
{ "type": "Feature", "properties": { "LAYER": "BANGUNAN", "GM_TYPE": "Unknown Area Type", "ELEVATION": 11.052 }, "geometry": { "type": "MultiPolygon", "coordinates": [ [ [ [ 767672.341000000131316, 8978536.730000000447035 ], [ 767667.264375350205228, 8978536.615329718217254 ], [ 767667.174693576991558, 8978540.585675617679954 ], [ 767665.969907005433924, 8978540.558462018147111 ], [ 767665.838588775950484, 8978546.372116120532155 ], [ 767672.12, 8978546.514000000432134 ], [ 767672.341000000131316, 8978536.730000000447035 ] ] ] ] } },
{ "type": "Feature", "properties": { "LAYER": "BANGUNAN", "GM_TYPE": "Unknown Area Type", "ELEVATION": 11.052 }, "geometry": { "type": "MultiPolygon", "coordinates": [ [ [ [ 767708.740999999921769, 8978524.304999999701977 ], [ 767708.767654648283496, 8978517.314998669549823 ], [ 767699.064654648071155, 8978517.277998674660921 ], [ 767699.037999999825843, 8978524.26799999922514 ], [ 767708.740999999921769, 8978524.304999999701977 ] ] ] ] } },
{ "type": "Feature", "properties": { "LAYER": "BANGUNAN", "GM_TYPE": "Unknown Area Type", "ELEVATION": 11.052 }, "geometry": { "type": "MultiPolygon", "coordinates": [ [ [ [ 767716.057999999960884, 8978532.014000000432134 ], [ 767700.403999999864027, 8978531.752999998629093 ], [ 767700.236435395199805, 8978541.803024234250188 ], [ 767715.890435394831002, 8978542.064024232327938 ], [ 767716.057999999960884, 8978532.014000000432134 ] ] ] ] } },
{ "type": "Feature", "properties": { "LAYER": "BANGUNAN", "GM_TYPE": "Unknown Area Type", "ELEVATION": 11.052 }, "geometry": { "type": "MultiPolygon", "coordinates": [ [ [ [ 767720.892999999807216, 8978543.842000000178814 ], [ 767731.066277698264457, 8978543.963267769664526 ], [ 767731.222277698223479, 8978530.876267770305276 ], [ 767721.049000000115484, 8978530.754999998956919 ], [ 767720.892999999807216, 8978543.842000000178814 ] ] ] ] } },
{ "type": "Feature", "properties": { "LAYER": "BANGUNAN", "GM_TYPE": "Unknown Area Type", "ELEVATION": 11.052 }, "geometry": { "type": "MultiPolygon", "coordinates": [ [ [ [ 767700.35999999998603, 8978551.971999999135733 ], [ 767700.314999999944121, 8978564.91499999910593 ], [ 767710.134896860457957, 8978564.949141649529338 ], [ 767710.161838788306341, 8978557.200044430792332 ], [ 767704.958384603727609, 8978557.181953150779009 ], [ 767704.976442675571889, 8978551.988050367683172 ], [ 767700.35999999998603, 8978551.971999999135733 ] ] ] ] } },
{ "type": "Feature", "properties": { "LAYER": "BANGUNAN", "GM_TYPE": "Unknown Area Type", "ELEVATION": 10.829 }, "geometry": { "type": "MultiPolygon", "coordinates": [ [ [ [ 767831.155999999959022, 8978612.041999999433756 ], [ 767821.003000000142492, 8978611.823999999091029 ], [ 767820.846416263608262, 8978619.116636116057634 ], [ 767830.999416263541207, 8978619.334636116400361 ], [ 767831.155999999959022, 8978612.041999999433756 ] ] ] ] } },
{ "type": "Feature", "properties": { "LAYER": "BANGUNAN", "GM_TYPE": "Unknown Area Type", "ELEVATION": 11.717 }, "geometry": { "type": "MultiPolygon", "coordinates": [ [ [ [ 767709.527000000118278, 8978637.339999999850988 ], [ 767702.341000000131316, 8978637.462000001221895 ], [ 767702.456634426605888, 8978644.2730573117733 ], [ 767709.642634426592849, 8978644.151057308539748 ], [ 767709.527000000118278, 8978637.339999999850988 ] ] ] ] } },
{ "type": "Feature", "properties": { "LAYER": "BANGUNAN", "GM_TYPE": "Unknown Area Type", "ELEVATION": 11.717 }, "geometry": { "type": "MultiPolygon", "coordinates": [ [ [ [ 767710.63799999980256, 8978645.523 ], [ 767715.748246864415705, 8978645.434151895344257 ], [ 767715.628246864420362, 8978638.532151894643903 ], [ 767710.517999999807216, 8978638.620999999344349 ], [ 767710.63799999980256, 8978645.523 ] ] ] ] } },
{ "type": "Feature", "properties": { "LAYER": "BANGUNAN", "GM_TYPE": "Unknown Area Type", "ELEVATION": 11.717 }, "geometry": { "type": "MultiPolygon", "coordinates": [ [ [ [ 767712.258000000147149, 8978664.312999999150634 ], [ 767712.366047960938886, 8978654.507989460602403 ], [ 767698.028047960833646, 8978654.349989462643862 ], [ 767697.919999999809079, 8978664.154999999329448 ], [ 767712.258000000147149, 8978664.312999999150634 ] ] ] ] } },
{ "type": "Feature", "properties": { "LAYER": "BANGUNAN", "GM_TYPE": "Unknown Area Type", "ELEVATION": 11.717 }, "geometry": { "type": "MultiPolygon", "coordinates": [ [ [ [ 767709.827999999979511, 8978653.625000001862645 ], [ 767709.730999999912456, 8978647.28600000217557 ], [ 767702.902505306527019, 8978647.390490295365453 ], [ 767702.999505306594074, 8978653.729490293189883 ], [ 767709.827999999979511, 8978653.625000001862645 ] ] ] ] } },
{ "type": "Feature", "properties": { "LAYER": "BANGUNAN", "GM_TYPE": "Unknown Area Type", "ELEVATION": 11.717 }, "geometry": { "type": "MultiPolygon", "coordinates": [ [ [ [ 767710.15099999983795, 8978684.412000000476837 ], [ 767709.808530964422971, 8978672.803023219108582 ], [ 767706.011331792804413, 8978672.915041975677013 ], [ 767706.125618952210061, 8978676.789135238155723 ], [ 767700.295818124082871, 8978676.96111648157239 ], [ 767700.52399999985937, 8978684.696000000461936 ], [ 767710.15099999983795, 8978684.412000000476837 ] ] ] ] } },
{ "type": "Feature", "properties": { "LAYER": "BANGUNAN", "GM_TYPE": "Unknown Area Type", "ELEVATION": 11.717 }, "geometry": { "type": "MultiPolygon", "coordinates": [ [ [ [ 767711.749000000068918, 8978684.767000000923872 ], [ 767715.877505023381673, 8978684.734589466825128 ], [ 767715.841284884372726, 8978680.120810875669122 ], [ 767719.600643355632201, 8978680.091298300772905 ], [ 767719.560863495920785, 8978675.024076890200377 ], [ 767711.672999999951571, 8978675.085999999195337 ], [ 767711.749000000068918, 8978684.767000000923872 ] ] ] ] } },
{ "type": "Feature", "properties": { "LAYER": "BANGUNAN", "GM_TYPE": "Unknown Area Type", "ELEVATION": 11.717 }, "geometry": { "type": "MultiPolygon", "coordinates": [ [ [ [ 767752.87300000002142, 8978672.848999999463558 ], [ 767740.639000000082888, 8978673.082999996840954 ], [ 767740.701686116401106, 8978676.360358761623502 ], [ 767737.805409817607142, 8978676.415755907073617 ], [ 767737.961897735949606, 8978684.597265256568789 ], [ 767753.092174033867195, 8978684.307868111878633 ], [ 767752.87300000002142, 8978672.848999999463558 ] ] ] ] } },
{ "type": "Feature", "properties": { "LAYER": "BANGUNAN", "GM_TYPE": "Unknown Area Type", "ELEVATION": 12.126 }, "geometry": { "type": "MultiPolygon", "coordinates": [ [ [ [ 767702.365999999805354, 8978697.553999999538064 ], [ 767702.331999999820255, 8978706.117999998852611 ], [ 767709.528778699110262, 8978706.146571982651949 ], [ 767709.56277869886253, 8978697.582571985200047 ], [ 767702.365999999805354, 8978697.553999999538064 ] ] ] ] } },
{ "type": "Feature", "properties": { "LAYER": "BANGUNAN", "GM_TYPE": "Unknown Area Type", "ELEVATION": 12.126 }, "geometry": { "type": "MultiPolygon", "coordinates": [ [ [ [ 767710.045999999972992, 8978705.488000001758337 ], [ 767716.560588001506403, 8978705.566084379330277 ], [ 767716.653588001616299, 8978697.807084377855062 ], [ 767710.139000000082888, 8978697.729000000283122 ], [ 767710.045999999972992, 8978705.488000001758337 ] ] ] ] } },
{ "type": "Feature", "properties": { "LAYER": "BANGUNAN", "GM_TYPE": "Unknown Area Type", "ELEVATION": 12.187 }, "geometry": { "type": "MultiPolygon", "coordinates": [ [ [ [ 767702.425999999977648, 8978717.230000000447035 ], [ 767702.612407053587958, 8978724.145517077296972 ], [ 767710.106407053419389, 8978723.94351707585156 ], [ 767709.919999999809079, 8978717.027999999001622 ], [ 767702.425999999977648, 8978717.230000000447035 ] ] ] ] } },
{ "type": "Feature", "properties": { "LAYER": "BANGUNAN", "GM_TYPE": "Unknown Area Type", "ELEVATION": 12.187 }, "geometry": { "type": "MultiPolygon", "coordinates": [ [ [ [ 767711.531000000191852, 8978724.502999998629093 ], [ 767717.769286487950012, 8978724.66290838830173 ], [ 767717.941286487970501, 8978717.952908385545015 ], [ 767711.703000000212342, 8978717.792999999597669 ], [ 767711.531000000191852, 8978724.502999998629093 ] ] ] ] } },
{ "type": "Feature", "properties": { "LAYER": "BANGUNAN", "GM_TYPE": "Unknown Area Type", "ELEVATION": 12.277 }, "geometry": { "type": "MultiPolygon", "coordinates": [ [ [ [ 767718.435999999986961, 8978760.302999999374151 ], [ 767718.409016465418972, 8978753.570829408243299 ], [ 767703.190016465610825, 8978753.631829407066107 ], [ 767703.217000000062399, 8978760.36400000192225 ], [ 767718.435999999986961, 8978760.302999999374151 ] ] ] ] } },
{ "type": "Feature", "properties": { "LAYER": "BANGUNAN", "GM_TYPE": "Unknown Area Type", "ELEVATION": 12.277 }, "geometry": { "type": "MultiPolygon", "coordinates": [ [ [ [ 767702.830999999889173, 8978780.422000002115965 ], [ 767710.775544041534886, 8978780.601468581706285 ], [ 767710.951544041279703, 8978772.810468582436442 ], [ 767703.006999999983236, 8978772.631000000983477 ], [ 767702.830999999889173, 8978780.422000002115965 ] ] ] ] } },
{ "type": "Feature", "properties": { "LAYER": "BANGUNAN", "GM_TYPE": "Unknown Area Type", "ELEVATION": 12.319 }, "geometry": { "type": "MultiPolygon", "coordinates": [ [ [ [ 767655.117000000085682, 8978841.450999999418855 ], [ 767647.052000000141561, 8978841.481999998912215 ], [ 767647.079465737449937, 8978848.62752179056406 ], [ 767655.144465737394057, 8978848.596521789208055 ], [ 767655.117000000085682, 8978841.450999999418855 ] ] ] ] } },
{ "type": "Feature", "properties": { "LAYER": "BANGUNAN", "GM_TYPE": "Unknown Area Type", "ELEVATION": 12.319 }, "geometry": { "type": "MultiPolygon", "coordinates": [ [ [ [ 767654.528999999864027, 8978861.448999999091029 ], [ 767643.746999999973923, 8978861.673000000417233 ], [ 767643.893915133550763, 8978868.74460250325501 ], [ 767654.675915133790113, 8978868.520602501928806 ], [ 767654.528999999864027, 8978861.448999999091029 ] ] ] ] } },
{ "type": "Feature", "properties": { "LAYER": "BANGUNAN", "GM_TYPE": "Unknown Area Type", "ELEVATION": 12.319 }, "geometry": { "type": "MultiPolygon", "coordinates": [ [ [ [ 767654.659000000101514, 8978881.581000002101064 ], [ 767647.228, 8978881.535000002011657 ], [ 767647.180859604733996, 8978889.150223422795534 ], [ 767654.61185960448347, 8978889.196223422884941 ], [ 767654.659000000101514, 8978881.581000002101064 ] ] ] ] } },
{ "type": "Feature", "properties": { "LAYER": "BANGUNAN", "GM_TYPE": "Unknown Area Type", "ELEVATION": 12.319 }, "geometry": { "type": "MultiPolygon", "coordinates": [ [ [ [ 767645.691999999806285, 8978889.021999999880791 ], [ 767645.680000000051223, 8978881.476999998092651 ], [ 767637.43283048842568, 8978881.490116773173213 ], [ 767637.444830488762818, 8978889.035116773098707 ], [ 767645.691999999806285, 8978889.021999999880791 ] ] ] ] } },
{ "type": "Feature", "properties": { "LAYER": "BANGUNAN", "GM_TYPE": "Unknown Area Type", "ELEVATION": 12.319 }, "geometry": { "type": "MultiPolygon", "coordinates": [ [ [ [ 767656.012000000104308, 8978929.156999999657273 ], [ 767655.973321081721224, 8978922.101885477080941 ], [ 767638.280321081751026, 8978922.198885474354029 ], [ 767638.319000000017695, 8978929.254000000655651 ], [ 767656.012000000104308, 8978929.156999999657273 ] ] ] ] } },
{ "type": "Feature", "properties": { "LAYER": "BANGUNAN", "GM_TYPE": "Unknown Area Type", "ELEVATION": 12.319 }, "geometry": { "type": "MultiPolygon", "coordinates": [ [ [ [ 767654.770000000018626, 8979049.053999997675419 ], [ 767654.665412012953311, 8979041.543737331405282 ], [ 767647.556412013014778, 8979041.642737332731485 ], [ 767647.660999999963678, 8979049.152999999001622 ], [ 767654.770000000018626, 8979049.053999997675419 ] ] ] ] } },
{ "type": "Feature", "properties": { "LAYER": "BANGUNAN", "GM_TYPE": "Unknown Area Type", "ELEVATION": 12.319 }, "geometry": { "type": "MultiPolygon", "coordinates": [ [ [ [ 767654.468000000109896, 8979061.612999999895692 ], [ 767647.015999999945052, 8979061.493999999016523 ], [ 767646.88832119142171, 8979069.489482982084155 ], [ 767654.340321191586554, 8979069.608482982963324 ], [ 767654.468000000109896, 8979061.612999999895692 ] ] ] ] } },
{ "type": "Feature", "properties": { "LAYER": "BANGUNAN", "GM_TYPE": "Unknown Area Type", "ELEVATION": 12.34 }, "geometry": { "type": "MultiPolygon", "coordinates": [ [ [ [ 767654.542999999946915, 8979081.698999999091029 ], [ 767643.819999999832362, 8979081.728000000119209 ], [ 767643.841384887462482, 8979089.635246213525534 ], [ 767654.564384887344204, 8979089.606246212497354 ], [ 767654.542999999946915, 8979081.698999999091029 ] ] ] ] } },
{ "type": "Feature", "properties": { "LAYER": "BANGUNAN", "GM_TYPE": "Unknown Area Type", "ELEVATION": 12.34 }, "geometry": { "type": "MultiPolygon", "coordinates": [ [ [ [ 767709.959000000031665, 8979126.299999998882413 ], [ 767710.044051948469132, 8979119.178913619369268 ], [ 767702.090051948442124, 8979119.083913624286652 ], [ 767702.005, 8979126.205 ], [ 767709.959000000031665, 8979126.299999998882413 ] ] ] ] } },
{ "type": "Feature", "properties": { "LAYER": "BANGUNAN", "GM_TYPE": "Unknown Area Type", "ELEVATION": 12.34 }, "geometry": { "type": "MultiPolygon", "coordinates": [ [ [ [ 767713.040000000037253, 8979047.659 ], [ 767713.128044686978683, 8979039.091804303228855 ], [ 767701.64604468701873, 8979038.973804300650954 ], [ 767701.557999999844469, 8979047.540999999269843 ], [ 767713.040000000037253, 8979047.659 ] ] ] ] } },
{ "type": "Feature", "properties": { "LAYER": "BANGUNAN", "GM_TYPE": "Unknown Area Type", "ELEVATION": 12.34 }, "geometry": { "type": "MultiPolygon", "coordinates": [ [ [ [ 767710.00200000021141, 8979006.282999999821186 ], [ 767710.031462347600609, 8979003.932929443195462 ], [ 767718.315728290588595, 8979004.036787567660213 ], [ 767718.378462127642706, 8978999.032809453085065 ], [ 767700.921196184353903, 8978998.813951328396797 ], [ 767700.829000000027008, 8979006.167999999597669 ], [ 767710.00200000021141, 8979006.282999999821186 ] ] ] ] } },
{ "type": "Feature", "properties": { "LAYER": "BANGUNAN", "GM_TYPE": "Unknown Area Type", "ELEVATION": 12.34 }, "geometry": { "type": "MultiPolygon", "coordinates": [ [ [ [ 767717.684999999823049, 8978945.312000000849366 ], [ 767717.806171044707298, 8978941.198916202411056 ], [ 767710.279000000213273, 8978940.739 ], [ 767710.143880029558204, 8978940.042347338050604 ], [ 767700.933598915929906, 8978939.771013362333179 ], [ 767700.728961910470389, 8978946.717302830889821 ], [ 767710.296932671684772, 8978946.999174309894443 ], [ 767710.353000000119209, 8978945.096000000834465 ], [ 767717.684999999823049, 8978945.312000000849366 ] ] ] ] } },
{ "type": "Feature", "properties": { "LAYER": "BANGUNAN", "GM_TYPE": "Unknown Area Type", "ELEVATION": 12.34 }, "geometry": { "type": "MultiPolygon", "coordinates": [ [ [ [ 767710.819000000017695, 8978927.690999999642372 ], [ 767710.983323255204596, 8978915.981279810890555 ], [ 767700.579323254874907, 8978915.835279813036323 ], [ 767700.414999999804422, 8978927.545000001788139 ], [ 767710.819000000017695, 8978927.690999999642372 ] ] ] ] } },
{ "type": "Feature", "properties": { "LAYER": "BANGUNAN", "GM_TYPE": "Unknown Area Type", "ELEVATION": 12.34 }, "geometry": { "type": "MultiPolygon", "coordinates": [ [ [ [ 767714.740999999805354, 8978907.934000002220273 ], [ 767714.746844508568756, 8978897.423905288800597 ], [ 767702.158844508579932, 8978897.416905287653208 ], [ 767702.153000000165775, 8978907.926999999210238 ], [ 767714.740999999805354, 8978907.934000002220273 ] ] ] ] } },
{ "type": "Feature", "properties": { "LAYER": "BANGUNAN", "GM_TYPE": "Unknown Area Type", "ELEVATION": 12.34 }, "geometry": { "type": "MultiPolygon", "coordinates": [ [ [ [ 767712.518999999854714, 8978867.809000000357628 ], [ 767712.676073164329864, 8978865.422886703163385 ], [ 767716.568455744418316, 8978865.679114621132612 ], [ 767716.931777265970595, 8978860.159863013774157 ], [ 767702.509233287186362, 8978859.210455195978284 ], [ 767702.242123337346129, 8978863.268147710710764 ], [ 767696.396284736460075, 8978862.883327607065439 ], [ 767696.142999999923632, 8978866.731000000610948 ], [ 767712.518999999854714, 8978867.809000000357628 ] ] ] ] } },
{ "type": "Feature", "properties": { "LAYER": "BANGUNAN", "GM_TYPE": "Unknown Area Type", "ELEVATION": 12.34 }, "geometry": { "type": "MultiPolygon", "coordinates": [ [ [ [ 767703.142999999807216, 8978851.764999998733401 ], [ 767710.90320625458844, 8978852.089795148000121 ], [ 767711.499206254491583, 8978837.849795149639249 ], [ 767703.738999999826774, 8978837.525000000372529 ], [ 767703.142999999807216, 8978851.764999998733401 ] ] ] ] } },
{ "type": "Feature", "properties": { "LAYER": "BANGUNAN", "GM_TYPE": "Unknown Area Type", "ELEVATION": 11.055 }, "geometry": { "type": "MultiPolygon", "coordinates": [ [ [ [ 767913.199999999953434, 8979207.158000001683831 ], [ 767913.392996282083914, 8979198.875736271962523 ], [ 767906.39799628185574, 8979198.712736273184419 ], [ 767906.20499999995809, 8979206.994999999180436 ], [ 767913.199999999953434, 8979207.158000001683831 ] ] ] ] } },
{ "type": "Feature", "properties": { "LAYER": "BANGUNAN", "GM_TYPE": "Unknown Area Type", "ELEVATION": 11.055 }, "geometry": { "type": "MultiPolygon", "coordinates": [ [ [ [ 767967.957999999984168, 8979206.386000001803041 ], [ 767968.322828614502214, 8979199.138005442917347 ], [ 767961.011828614515252, 8979198.770005444064736 ], [ 767960.647, 8979206.01799999922514 ], [ 767967.957999999984168, 8979206.386000001803041 ] ] ] ] } },
{ "type": "Feature", "properties": { "LAYER": "BANGUNAN", "GM_TYPE": "Unknown Area Type", "ELEVATION": 11.055 }, "geometry": { "type": "MultiPolygon", "coordinates": [ [ [ [ 767969.304, 8979166.207999996840954 ], [ 767969.350044982857071, 8979159.737194493412971 ], [ 767960.637044982868247, 8979159.675194496288896 ], [ 767960.591000000131316, 8979166.145999999716878 ], [ 767969.304, 8979166.207999996840954 ] ] ] ] } },
{ "type": "Feature", "properties": { "LAYER": "BANGUNAN", "GM_TYPE": "Unknown Area Type", "ELEVATION": 11.055 }, "geometry": { "type": "MultiPolygon", "coordinates": [ [ [ [ 767965.047999999835156, 8979141.276000000536442 ], [ 767965.508073910023086, 8979133.246794437989593 ], [ 767950.604073910042644, 8979132.392794435843825 ], [ 767950.144000000087544, 8979140.42200000025332 ], [ 767965.047999999835156, 8979141.276000000536442 ] ] ] ] } },
{ "type": "Feature", "properties": { "LAYER": "BANGUNAN", "GM_TYPE": "Unknown Area Type", "ELEVATION": 11.055 }, "geometry": { "type": "MultiPolygon", "coordinates": [ [ [ [ 767915.929999999818392, 8979068.950999999418855 ], [ 767916.038627631263807, 8979061.50535180605948 ], [ 767906.442627631593496, 8979061.365351807326078 ], [ 767906.334000000031665, 8979068.810999998822808 ], [ 767915.929999999818392, 8979068.950999999418855 ] ] ] ] } },
{ "type": "Feature", "properties": { "LAYER": "BANGUNAN", "GM_TYPE": "Unknown Area Type", "ELEVATION": 10.817 }, "geometry": { "type": "MultiPolygon", "coordinates": [ [ [ [ 767968.264000000082888, 8979046.981999998912215 ], [ 767968.266840831725858, 8979040.024091050028801 ], [ 767958.469840831705369, 8979040.020091051235795 ], [ 767958.467000000062399, 8979046.977999998256564 ], [ 767968.264000000082888, 8979046.981999998912215 ] ] ] ] } },
{ "type": "Feature", "properties": { "LAYER": "BANGUNAN", "GM_TYPE": "Unknown Area Type", "ELEVATION": 10.817 }, "geometry": { "type": "MultiPolygon", "coordinates": [ [ [ [ 767972.69400000013411, 8979027.462000001221895 ], [ 767972.659332209965214, 8979020.615111421793699 ], [ 767959.624332209816203, 8979020.681111425161362 ], [ 767959.659000000101514, 8979027.527999999001622 ], [ 767972.69400000013411, 8979027.462000001221895 ] ] ] ] } },
{ "type": "Feature", "properties": { "LAYER": "BANGUNAN", "GM_TYPE": "Unknown Area Type", "ELEVATION": 10.817 }, "geometry": { "type": "MultiPolygon", "coordinates": [ [ [ [ 767967.807999999844469, 8979008.007000001147389 ], [ 767967.988033121451735, 8978999.896798210218549 ], [ 767959.609033121261746, 8978999.710798209533095 ], [ 767959.429, 8979007.821000000461936 ], [ 767967.807999999844469, 8979008.007000001147389 ] ] ] ] } },
{ "type": "Feature", "properties": { "LAYER": "BANGUNAN", "GM_TYPE": "Unknown Area Type", "ELEVATION": 10.817 }, "geometry": { "type": "MultiPolygon", "coordinates": [ [ [ [ 767917.005, 8979007.312000000849366 ], [ 767917.018757036072202, 8978998.189556207507849 ], [ 767905.082757035968825, 8978998.171556208282709 ], [ 767905.06900000013411, 8979007.293999999761581 ], [ 767917.005, 8979007.312000000849366 ] ] ] ] } },
{ "type": "Feature", "properties": { "LAYER": "BANGUNAN", "GM_TYPE": "Unknown Area Type", "ELEVATION": 10.497 }, "geometry": { "type": "MultiPolygon", "coordinates": [ [ [ [ 767913.076000000117347, 8978990.117000000551343 ], [ 767913.255, 8978983.629000000655651 ], [ 767906.549536919803359, 8978983.444000322371721 ], [ 767906.370536919799633, 8978989.932000327855349 ], [ 767913.076000000117347, 8978990.117000000551343 ] ] ] ] } },
{ "type": "Feature", "properties": { "LAYER": "BANGUNAN", "GM_TYPE": "Unknown Area Type", "ELEVATION": 10.497 }, "geometry": { "type": "MultiPolygon", "coordinates": [ [ [ [ 767914.196999999810942, 8978960.605999998748302 ], [ 767902.630000000121072, 8978960.368999999016523 ], [ 767902.401600080425851, 8978971.516265291720629 ], [ 767911.538009217358194, 8978971.70346412807703 ], [ 767911.618386075482704, 8978967.780598647892475 ], [ 767914.048976938473061, 8978967.830399811267853 ], [ 767914.196999999810942, 8978960.605999998748302 ] ] ] ] } },
{ "type": "Feature", "properties": { "LAYER": "BANGUNAN", "GM_TYPE": "Unknown Area Type", "ELEVATION": 10.497 }, "geometry": { "type": "MultiPolygon", "coordinates": [ [ [ [ 767914.739000000059605, 8978947.432 ], [ 767914.935694597195834, 8978940.012150859460235 ], [ 767905.957694597309455, 8978939.774150861427188 ], [ 767905.760999999940395, 8978947.194000001996756 ], [ 767914.739000000059605, 8978947.432 ] ] ] ] } },
{ "type": "Feature", "properties": { "LAYER": "BANGUNAN", "GM_TYPE": "Unknown Area Type", "ELEVATION": 10.348 }, "geometry": { "type": "MultiPolygon", "coordinates": [ [ [ [ 767916.145000000135042, 8978927.514000000432134 ], [ 767916.389742753468454, 8978921.666069937869906 ], [ 767904.87274275359232, 8978921.184069938957691 ], [ 767904.628000000026077, 8978927.031999999657273 ], [ 767916.145000000135042, 8978927.514000000432134 ] ] ] ] } },
{ "type": "Feature", "properties": { "LAYER": "BANGUNAN", "GM_TYPE": "Unknown Area Type", "ELEVATION": 10.515 }, "geometry": { "type": "MultiPolygon", "coordinates": [ [ [ [ 767915.95900000014808, 8978888.076999999582767 ], [ 767915.942356329993345, 8978880.49488334544003 ], [ 767907.74235632980708, 8978880.512883342802525 ], [ 767907.759000000078231, 8978888.095000000670552 ], [ 767915.95900000014808, 8978888.076999999582767 ] ] ] ] } },
{ "type": "Feature", "properties": { "LAYER": "BANGUNAN", "GM_TYPE": "Unknown Area Type", "ELEVATION": 10.515 }, "geometry": { "type": "MultiPolygon", "coordinates": [ [ [ [ 767906.677000000025146, 8978889.304999999701977 ], [ 767906.519000000087544, 8978882.208999998867512 ], [ 767898.509847261826508, 8978882.387332318350673 ], [ 767898.667847261880524, 8978889.483332322910428 ], [ 767906.677000000025146, 8978889.304999999701977 ] ] ] ] } },
{ "type": "Feature", "properties": { "LAYER": "BANGUNAN", "GM_TYPE": "Unknown Area Type", "ELEVATION": 10.515 }, "geometry": { "type": "MultiPolygon", "coordinates": [ [ [ [ 767914.564999999827705, 8978868.108999999240041 ], [ 767914.704000000143424, 8978860.212999999523163 ], [ 767907.427719987928867, 8978860.084909457713366 ], [ 767907.288719987962395, 8978867.980909459292889 ], [ 767914.564999999827705, 8978868.108999999240041 ] ] ] ] } },
{ "type": "Feature", "properties": { "LAYER": "BANGUNAN", "GM_TYPE": "Unknown Area Type", "ELEVATION": 10.263 }, "geometry": { "type": "MultiPolygon", "coordinates": [ [ [ [ 767925.225000000209548, 8978846.71399999782443 ], [ 767925.381999999866821, 8978840.393999999389052 ], [ 767920.376836438430473, 8978840.26966286636889 ], [ 767920.219836438307539, 8978846.589662866666913 ], [ 767925.225000000209548, 8978846.71399999782443 ] ] ] ] } },
{ "type": "Feature", "properties": { "LAYER": "BANGUNAN", "GM_TYPE": "Unknown Area Type", "ELEVATION": 10.263 }, "geometry": { "type": "MultiPolygon", "coordinates": [ [ [ [ 767914.814000000129454, 8978847.184000000357628 ], [ 767914.722000000067055, 8978840.375 ], [ 767906.767384593724273, 8978840.482479013502598 ], [ 767906.859384593786672, 8978847.291479015722871 ], [ 767914.814000000129454, 8978847.184000000357628 ] ] ] ] } },
{ "type": "Feature", "properties": { "LAYER": "BANGUNAN", "GM_TYPE": "Unknown Area Type", "ELEVATION": 10.263 }, "geometry": { "type": "MultiPolygon", "coordinates": [ [ [ [ 767914.402999999816529, 8978819.333999998867512 ], [ 767914.624000000068918, 8978811.665999997407198 ], [ 767907.74057945702225, 8978811.46761242300272 ], [ 767907.519579457002692, 8978819.135612424463034 ], [ 767914.402999999816529, 8978819.333999998867512 ] ] ] ] } },
{ "type": "Feature", "properties": { "LAYER": "BANGUNAN", "GM_TYPE": "Unknown Area Type", "ELEVATION": 9.928 }, "geometry": { "type": "MultiPolygon", "coordinates": [ [ [ [ 767922.075999999884516, 8978761.907999999821186 ], [ 767921.973657041555271, 8978755.658849984407425 ], [ 767920.202872102381662, 8978755.687850307673216 ], [ 767920.097756832372397, 8978749.269420519471169 ], [ 767914.8465417715488, 8978749.355420196428895 ], [ 767915.054000000120141, 8978762.022999998182058 ], [ 767922.075999999884516, 8978761.907999999821186 ] ] ] ] } },
{ "type": "Feature", "properties": { "LAYER": "BANGUNAN", "GM_TYPE": "Unknown Area Type", "ELEVATION": 9.928 }, "geometry": { "type": "MultiPolygon", "coordinates": [ [ [ [ 767915.140999999945052, 8978778.996999999508262 ], [ 767915.154000000213273, 8978771.848999999463558 ], [ 767907.179940702393651, 8978771.834497652947903 ], [ 767907.166940702241845, 8978778.982497652992606 ], [ 767915.140999999945052, 8978778.996999999508262 ] ] ] ] } },
{ "type": "Feature", "properties": { "LAYER": "BANGUNAN", "GM_TYPE": "Unknown Area Type", "ELEVATION": 10.564 }, "geometry": { "type": "MultiPolygon", "coordinates": [ [ [ [ 767969.927999999956228, 8978966.997999999672174 ], [ 767969.83538970653899, 8978960.127593584358692 ], [ 767959.078389706555754, 8978960.272593582049012 ], [ 767959.170999999972992, 8978967.14299999922514 ], [ 767969.927999999956228, 8978966.997999999672174 ] ] ] ] } },
{ "type": "Feature", "properties": { "LAYER": "BANGUNAN", "GM_TYPE": "Unknown Area Type", "ELEVATION": 10.564 }, "geometry": { "type": "MultiPolygon", "coordinates": [ [ [ [ 767971.79500000004191, 8978949.029999999329448 ], [ 767971.963910569669679, 8978940.847773274406791 ], [ 767962.081910569802858, 8978940.643773272633553 ], [ 767961.912999999942258, 8978948.825999999418855 ], [ 767971.79500000004191, 8978949.029999999329448 ] ] ] ] } },
{ "type": "Feature", "properties": { "LAYER": "BANGUNAN", "GM_TYPE": "Unknown Area Type", "ELEVATION": 10.564 }, "geometry": { "type": "MultiPolygon", "coordinates": [ [ [ [ 767967.101999999838881, 8978920.449999999254942 ], [ 767967.038966885302216, 8978913.92127663269639 ], [ 767957.509966885205358, 8978914.013276632875204 ], [ 767957.572999999974854, 8978920.541999999433756 ], [ 767967.101999999838881, 8978920.449999999254942 ] ] ] ] } },
{ "type": "Feature", "properties": { "LAYER": "BANGUNAN", "GM_TYPE": "Unknown Area Type", "ELEVATION": 10.564 }, "geometry": { "type": "MultiPolygon", "coordinates": [ [ [ [ 767966.424000000115484, 8978906.969999996945262 ], [ 767966.418772725737654, 8978903.356647307053208 ], [ 767960.888772725826129, 8978903.364647308364511 ], [ 767960.894000000087544, 8978906.978000001981854 ], [ 767966.424000000115484, 8978906.969999996945262 ] ] ] ] } },
{ "type": "Feature", "properties": { "LAYER": "BANGUNAN", "GM_TYPE": "Unknown Area Type", "ELEVATION": 10.35 }, "geometry": { "type": "MultiPolygon", "coordinates": [ [ [ [ 767969.642, 8978888.252999998629093 ], [ 767969.74547642795369, 8978881.304920436814427 ], [ 767959.203476427937858, 8978881.147920437157154 ], [ 767959.100000000209548, 8978888.096000000834465 ], [ 767969.642, 8978888.252999998629093 ] ] ] ] } },
{ "type": "Feature", "properties": { "LAYER": "BANGUNAN", "GM_TYPE": "Unknown Area Type", "ELEVATION": 10.35 }, "geometry": { "type": "MultiPolygon", "coordinates": [ [ [ [ 767943.799000000115484, 8978871.079000001773238 ], [ 767949.120803734636866, 8978871.033294314518571 ], [ 767949.065803734818473, 8978864.629294313490391 ], [ 767943.744000000064261, 8978864.675000000745058 ], [ 767943.799000000115484, 8978871.079000001773238 ] ] ] ] } },
{ "type": "Feature", "properties": { "LAYER": "BANGUNAN", "GM_TYPE": "Unknown Area Type", "ELEVATION": 10.35 }, "geometry": { "type": "MultiPolygon", "coordinates": [ [ [ [ 767968.343, 8978868.869999999180436 ], [ 767968.357803678023629, 8978860.631259206682444 ], [ 767960.009803677676246, 8978860.616259206086397 ], [ 767959.995, 8978868.85499999858439 ], [ 767968.343, 8978868.869999999180436 ] ] ] ] } },
{ "type": "Feature", "properties": { "LAYER": "BANGUNAN", "GM_TYPE": "Unknown Area Type", "ELEVATION": 10.35 }, "geometry": { "type": "MultiPolygon", "coordinates": [ [ [ [ 767969.468999999808148, 8978865.903999999165535 ], [ 767977.136729349265806, 8978865.760700913146138 ], [ 767976.96172934921924, 8978856.396700913086534 ], [ 767969.293999999877997, 8978856.539999997243285 ], [ 767969.468999999808148, 8978865.903999999165535 ] ] ] ] } },
{ "type": "Feature", "properties": { "LAYER": "BANGUNAN", "GM_TYPE": "Unknown Area Type", "ELEVATION": 10.265 }, "geometry": { "type": "MultiPolygon", "coordinates": [ [ [ [ 767976.395000000018626, 8978850.094000000506639 ], [ 767976.447832112782635, 8978840.611526338383555 ], [ 767967.513763967319392, 8978840.561749696731567 ], [ 767967.547232702025212, 8978834.554676009342074 ], [ 767960.507300847326405, 8978834.515452649444342 ], [ 767960.420999999856576, 8978850.004999998956919 ], [ 767976.395000000018626, 8978850.094000000506639 ] ] ] ] } },
{ "type": "Feature", "properties": { "LAYER": "BANGUNAN", "GM_TYPE": "Unknown Area Type", "ELEVATION": 10.265 }, "geometry": { "type": "MultiPolygon", "coordinates": [ [ [ [ 767950.160999999847263, 8978849.216 ], [ 767950.927589897299185, 8978840.247652944177389 ], [ 767942.609589897328988, 8978839.536652943119407 ], [ 767941.843, 8978848.505000000819564 ], [ 767950.160999999847263, 8978849.216 ] ] ] ] } },
{ "type": "Feature", "properties": { "LAYER": "BANGUNAN", "GM_TYPE": "Unknown Area Type", "ELEVATION": 9.528 }, "geometry": { "type": "MultiPolygon", "coordinates": [ [ [ [ 768172.384000000078231, 8979019.986999999731779 ], [ 768165.505999999935739, 8979019.986999999731779 ], [ 768165.505999999935739, 8979026.453269170597196 ], [ 768172.384000000078231, 8979026.453269172459841 ], [ 768172.384000000078231, 8979019.986999999731779 ] ] ] ] } },
{ "type": "Feature", "properties": { "LAYER": "BANGUNAN", "GM_TYPE": "Unknown Area Type", "ELEVATION": 9.932 }, "geometry": { "type": "MultiPolygon", "coordinates": [ [ [ [ 768173.784000000101514, 8979087.144999999552965 ], [ 768174.01783841534052, 8979080.037845533341169 ], [ 768164.747838415321894, 8979079.732845535501838 ], [ 768164.514000000082888, 8979086.839999999850988 ], [ 768173.784000000101514, 8979087.144999999552965 ] ] ] ] } },
{ "type": "Feature", "properties": { "LAYER": "BANGUNAN", "GM_TYPE": "Unknown Area Type", "ELEVATION": 9.954 }, "geometry": { "type": "MultiPolygon", "coordinates": [ [ [ [ 768164.702999999979511, 8979127.773 ], [ 768165.035486913751811, 8979119.115714138373733 ], [ 768158.86448691401165, 8979118.878714140504599 ], [ 768158.532, 8979127.53600000217557 ], [ 768164.702999999979511, 8979127.773 ] ] ] ] } },
{ "type": "Feature", "properties": { "LAYER": "BANGUNAN", "GM_TYPE": "Unknown Area Type", "ELEVATION": 9.954 }, "geometry": { "type": "MultiPolygon", "coordinates": [ [ [ [ 768166.54099999985192, 8979125.679999997839332 ], [ 768172.966358504840173, 8979126.028151156380773 ], [ 768173.554380868445151, 8979115.175811652094126 ], [ 768167.78745777066797, 8979114.863337116315961 ], [ 768167.526435402338393, 8979119.680676616728306 ], [ 768166.868000000016764, 8979119.644999999552965 ], [ 768166.54099999985192, 8979125.679999997839332 ] ] ] ] } },
{ "type": "Feature", "properties": { "LAYER": "BANGUNAN", "GM_TYPE": "Unknown Area Type", "ELEVATION": 9.954 }, "geometry": { "type": "MultiPolygon", "coordinates": [ [ [ [ 768156.74, 8979127.226000001654029 ], [ 768156.865999999805354, 8979122.849999999627471 ], [ 768151.037075440166518, 8979122.682165334001184 ], [ 768150.911075440119021, 8979127.058165334165096 ], [ 768156.74, 8979127.226000001654029 ] ] ] ] } },
{ "type": "Feature", "properties": { "LAYER": "BANGUNAN", "GM_TYPE": "Unknown Area Type", "ELEVATION": 10.092 }, "geometry": { "type": "MultiPolygon", "coordinates": [ [ [ [ 768162.666999999899417, 8979147.376000000163913 ], [ 768162.749000000068918, 8979139.826999999582767 ], [ 768156.946463286527433, 8979139.763970723375678 ], [ 768156.864463286707178, 8979147.312970723956823 ], [ 768162.666999999899417, 8979147.376000000163913 ] ] ] ] } },
{ "type": "Feature", "properties": { "LAYER": "BANGUNAN", "GM_TYPE": "Unknown Area Type", "ELEVATION": 10.092 }, "geometry": { "type": "MultiPolygon", "coordinates": [ [ [ [ 768154.832000000053085, 8979144.438999997451901 ], [ 768154.911864096298814, 8979140.081730011850595 ], [ 768148.855864096200094, 8979139.970730014145374 ], [ 768148.775999999954365, 8979144.32799999974668 ], [ 768154.832000000053085, 8979144.438999997451901 ] ] ] ] } },
{ "type": "Feature", "properties": { "LAYER": "BANGUNAN", "GM_TYPE": "Unknown Area Type", "ELEVATION": 10.092 }, "geometry": { "type": "MultiPolygon", "coordinates": [ [ [ [ 768164.307999999960884, 8979160.028999999165535 ], [ 768155.20499999995809, 8979159.875 ], [ 768155.111400721245445, 8979165.407689867541194 ], [ 768158.447585451533087, 8979165.464129772037268 ], [ 768158.373383374651894, 8979169.850243430584669 ], [ 768163.004525552387349, 8979169.928590776398778 ], [ 768163.114372501266189, 8979163.435494910925627 ], [ 768164.250045591848902, 8979163.454707657918334 ], [ 768164.307999999960884, 8979160.028999999165535 ] ] ] ] } },
{ "type": "Feature", "properties": { "LAYER": "BANGUNAN", "GM_TYPE": "Unknown Area Type", "ELEVATION": 9.27 }, "geometry": { "type": "MultiPolygon", "coordinates": [ [ [ [ 768175.652999999932945, 8978967.242000000551343 ], [ 768175.774962671101093, 8978959.652070462703705 ], [ 768164.962017483077943, 8978959.478317111730576 ], [ 768164.894667187705636, 8978963.669632302597165 ], [ 768163.883612375939265, 8978963.6533856485039 ], [ 768163.829000000143424, 8978967.051999999210238 ], [ 768175.652999999932945, 8978967.242000000551343 ] ] ] ] } },
{ "type": "Feature", "properties": { "LAYER": "BANGUNAN", "GM_TYPE": "Unknown Area Type", "ELEVATION": 9.27 }, "geometry": { "type": "MultiPolygon", "coordinates": [ [ [ [ 768162.932999999844469, 8978967.164999997243285 ], [ 768162.824000000138767, 8978961.74800000153482 ], [ 768157.982633365667425, 8978961.845417197793722 ], [ 768158.091633365489542, 8978967.262417197227478 ], [ 768162.932999999844469, 8978967.164999997243285 ] ] ] ] } },
{ "type": "Feature", "properties": { "LAYER": "BANGUNAN", "GM_TYPE": "Unknown Area Type", "ELEVATION": 9.27 }, "geometry": { "type": "MultiPolygon", "coordinates": [ [ [ [ 768173.657999999821186, 8978948.436999998986721 ], [ 768173.927297525457107, 8978939.959759658202529 ], [ 768165.648297525360249, 8978939.696759656071663 ], [ 768165.379000000073574, 8978948.1739999987185 ], [ 768173.657999999821186, 8978948.436999998986721 ] ] ] ] } },
{ "type": "Feature", "properties": { "LAYER": "BANGUNAN", "GM_TYPE": "Unknown Area Type", "ELEVATION": 9.27 }, "geometry": { "type": "MultiPolygon", "coordinates": [ [ [ [ 768172.020999999949709, 8978920.347999999299645 ], [ 768154.354999999981374, 8978920.400000000372529 ], [ 768154.375236902968027, 8978927.275098508223891 ], [ 768172.041236902936362, 8978927.223098505288363 ], [ 768172.020999999949709, 8978920.347999999299645 ] ] ] ] } },
{ "type": "Feature", "properties": { "LAYER": "BANGUNAN", "GM_TYPE": "Unknown Area Type", "ELEVATION": 9.27 }, "geometry": { "type": "MultiPolygon", "coordinates": [ [ [ [ 768175.07999999995809, 8978880.63399999961257 ], [ 768165.819999999948777, 8978880.381999999284744 ], [ 768165.64817021402996, 8978886.696062756702304 ], [ 768174.908170214039274, 8978886.948062758892775 ], [ 768175.07999999995809, 8978880.63399999961257 ] ] ] ] } },
{ "type": "Feature", "properties": { "LAYER": "BANGUNAN", "GM_TYPE": "Unknown Area Type", "ELEVATION": 9.27 }, "geometry": { "type": "MultiPolygon", "coordinates": [ [ [ [ 768164.469999999855645, 8978887.30599999986589 ], [ 768164.589000000036322, 8978878.818 ], [ 768157.851338893175125, 8978878.72353938780725 ], [ 768157.777091782656498, 8978884.01941729336977 ], [ 768161.400930542033166, 8978884.070222761482 ], [ 768161.35617765202187, 8978887.262344859540462 ], [ 768164.469999999855645, 8978887.30599999986589 ] ] ] ] } },
{ "type": "Feature", "properties": { "LAYER": "BANGUNAN", "GM_TYPE": "Unknown Area Type", "ELEVATION": 9.27 }, "geometry": { "type": "MultiPolygon", "coordinates": [ [ [ [ 768162.700999999884516, 8978869.973999999463558 ], [ 768168.933860517805442, 8978870.153010172769427 ], [ 768169.021870758733712, 8978867.088628087192774 ], [ 768173.582214918453246, 8978867.219602938741446 ], [ 768173.744207912823185, 8978861.579254491254687 ], [ 768165.494388605467975, 8978861.34231648221612 ], [ 768165.558385368785821, 8978859.114047013223171 ], [ 768163.015000000130385, 8978859.040999999269843 ], [ 768162.700999999884516, 8978869.973999999463558 ] ] ] ] } },
{ "type": "Feature", "properties": { "LAYER": "BANGUNAN", "GM_TYPE": "Unknown Area Type", "ELEVATION": 9.27 }, "geometry": { "type": "MultiPolygon", "coordinates": [ [ [ [ 768161.761999999987893, 8978840.940999999642372 ], [ 768161.685612595989369, 8978846.929684158414602 ], [ 768175.248612595838495, 8978847.102684158831835 ], [ 768175.324999999837019, 8978841.11400000192225 ], [ 768161.761999999987893, 8978840.940999999642372 ] ] ] ] } },
{ "type": "Feature", "properties": { "LAYER": "BANGUNAN", "GM_TYPE": "Unknown Area Type", "ELEVATION": 9.27 }, "geometry": { "type": "MultiPolygon", "coordinates": [ [ [ [ 768141.292999999946915, 8978851.987999999895692 ], [ 768148.117590370471589, 8978851.927947759628296 ], [ 768148.013590370654128, 8978840.108947763219476 ], [ 768141.189000000129454, 8978840.168999997898936 ], [ 768141.292999999946915, 8978851.987999999895692 ] ] ] ] } },
{ "type": "Feature", "properties": { "LAYER": "BANGUNAN", "GM_TYPE": "Unknown Area Type", "ELEVATION": 9.27 }, "geometry": { "type": "MultiPolygon", "coordinates": [ [ [ [ 768122.187999999849126, 8978852.236999997869134 ], [ 768128.405765802017413, 8978852.177624637261033 ], [ 768128.298765801824629, 8978840.972624637186527 ], [ 768122.081000000122003, 8978841.031999999657273 ], [ 768122.187999999849126, 8978852.236999997869134 ] ] ] ] } },
{ "type": "Feature", "properties": { "LAYER": "BANGUNAN", "GM_TYPE": "Unknown Area Type", "ELEVATION": null }, "geometry": { "type": "MultiPolygon", "coordinates": [ [ [ [ 768219.87, 8979067.531999999657273 ], [ 768219.850386960897595, 8979060.180248549208045 ], [ 768210.479386960738339, 8979060.205248553305864 ], [ 768210.499000000068918, 8979067.557 ], [ 768219.87, 8979067.531999999657273 ] ] ] ] } },
{ "type": "Feature", "properties": { "LAYER": "BANGUNAN", "GM_TYPE": "Unknown Area Type", "ELEVATION": 9.869 }, "geometry": { "type": "MultiPolygon", "coordinates": [ [ [ [ 768221.23700000019744, 8979066.917000001296401 ], [ 768229.636876585427672, 8979066.775938497856259 ], [ 768229.510876585613005, 8979059.272938497364521 ], [ 768221.110999999917112, 8979059.413999998942018 ], [ 768221.23700000019744, 8979066.917000001296401 ] ] ] ] } },
{ "type": "Feature", "properties": { "LAYER": "BANGUNAN", "GM_TYPE": "Unknown Area Type", "ELEVATION": 9.869 }, "geometry": { "type": "MultiPolygon", "coordinates": [ [ [ [ 768227.030999999842606, 8979058.551999999210238 ], [ 768226.981352979317307, 8979052.455060178413987 ], [ 768209.911352979484946, 8979052.594060176983476 ], [ 768209.960999999893829, 8979058.690999999642372 ], [ 768227.030999999842606, 8979058.551999999210238 ] ] ] ] } },
{ "type": "Feature", "properties": { "LAYER": "BANGUNAN", "GM_TYPE": "Unknown Area Type", "ELEVATION": 9.308 }, "geometry": { "type": "MultiPolygon", "coordinates": [ [ [ [ 768234.689000000129454, 8978979.964999999850988 ], [ 768219.285999999963678, 8978979.858999999240041 ], [ 768219.230828508618288, 8978987.876042230054736 ], [ 768230.450961701222695, 8978987.95325667783618 ], [ 768230.466122828307562, 8978985.750173335894942 ], [ 768234.648989635519683, 8978985.778958890587091 ], [ 768234.689000000129454, 8978979.964999999850988 ] ] ] ] } },
{ "type": "Feature", "properties": { "LAYER": "BANGUNAN", "GM_TYPE": "Unknown Area Type", "ELEVATION": 9.257 }, "geometry": { "type": "MultiPolygon", "coordinates": [ [ [ [ 768233.720999999903142, 8978894.417000001296401 ], [ 768233.770925304386765, 8978888.706377314403653 ], [ 768226.907925304374658, 8978888.646377312019467 ], [ 768226.858, 8978894.356999998912215 ], [ 768233.720999999903142, 8978894.417000001296401 ] ] ] ] } },
{ "type": "Feature", "properties": { "LAYER": "BANGUNAN", "GM_TYPE": "Unknown Area Type", "ELEVATION": 9.257 }, "geometry": { "type": "MultiPolygon", "coordinates": [ [ [ [ 768233.925999999977648, 8978887.891999999061227 ], [ 768233.980346486205235, 8978885.233862752094865 ], [ 768229.031995984027162, 8978885.132692104205489 ], [ 768229.116744037135504, 8978880.987585881724954 ], [ 768221.984094539657235, 8978880.841756531968713 ], [ 768221.84499999997206, 8978887.644999999552965 ], [ 768233.925999999977648, 8978887.891999999061227 ] ] ] ] } },
{ "type": "Feature", "properties": { "LAYER": "BANGUNAN", "GM_TYPE": "Unknown Area Type", "ELEVATION": 9.257 }, "geometry": { "type": "MultiPolygon", "coordinates": [ [ [ [ 768228.951999999815598, 8978849.151999996975064 ], [ 768228.946993034565821, 8978840.937001524493098 ], [ 768217.461993034579791, 8978840.944001527503133 ], [ 768217.466999999829568, 8978849.159000001847744 ], [ 768228.951999999815598, 8978849.151999996975064 ] ] ] ] } },
{ "type": "Feature", "properties": { "LAYER": "BANGUNAN", "GM_TYPE": "Unknown Area Type", "ELEVATION": 9.257 }, "geometry": { "type": "MultiPolygon", "coordinates": [ [ [ [ 768229.853, 8978848.082999998703599 ], [ 768235.568469486082904, 8978848.046154990792274 ], [ 768235.527469485881738, 8978841.686154991388321 ], [ 768229.812000000034459, 8978841.722999999299645 ], [ 768229.853, 8978848.082999998703599 ] ] ] ] } },
{ "type": "Feature", "properties": { "LAYER": "BANGUNAN", "GM_TYPE": "Unknown Area Type", "ELEVATION": 9.257 }, "geometry": { "type": "MultiPolygon", "coordinates": [ [ [ [ 768230.402000000118278, 8978819.651000002399087 ], [ 768230.277723797480576, 8978805.738438285887241 ], [ 768217.179723797366023, 8978805.855438286438584 ], [ 768217.304000000120141, 8978819.76799999922514 ], [ 768230.402000000118278, 8978819.651000002399087 ] ] ] ] } },
{ "type": "Feature", "properties": { "LAYER": "BANGUNAN", "GM_TYPE": "Unknown Area Type", "ELEVATION": 9.257 }, "geometry": { "type": "MultiPolygon", "coordinates": [ [ [ [ 768232.12, 8978819.742999996989965 ], [ 768239.266877462854609, 8978819.785609073936939 ], [ 768239.333877462777309, 8978808.547609075903893 ], [ 768232.187000000150874, 8978808.504999998956919 ], [ 768232.12, 8978819.742999996989965 ] ] ] ] } },
{ "type": "Feature", "properties": { "LAYER": "BANGUNAN", "GM_TYPE": "Unknown Area Type", "ELEVATION": 9.257 }, "geometry": { "type": "MultiPolygon", "coordinates": [ [ [ [ 768239.986000000149943, 8978813.732999999076128 ], [ 768246.14236676285509, 8978813.559137286618352 ], [ 768245.880558111588471, 8978804.28866133466363 ], [ 768237.926981869968586, 8978804.513279259204865 ], [ 768238.017790522077121, 8978807.728755213320255 ], [ 768239.814999999944121, 8978807.677999999374151 ], [ 768239.986000000149943, 8978813.732999999076128 ] ] ] ] } },
{ "type": "Feature", "properties": { "LAYER": "BANGUNAN", "GM_TYPE": "Unknown Area Type", "ELEVATION": 9.257 }, "geometry": { "type": "MultiPolygon", "coordinates": [ [ [ [ 768240.689999999944121, 8978798.41499999910593 ], [ 768240.536917021614499, 8978791.3171770516783 ], [ 768232.932917021447793, 8978791.481177052482963 ], [ 768233.085999999893829, 8978798.579000001773238 ], [ 768240.689999999944121, 8978798.41499999910593 ] ] ] ] } },
{ "type": "Feature", "properties": { "LAYER": "BANGUNAN", "GM_TYPE": "Unknown Area Type", "ELEVATION": 9.257 }, "geometry": { "type": "MultiPolygon", "coordinates": [ [ [ [ 768243.13599999982398, 8978785.971999997273088 ], [ 768243.267147656297311, 8978780.638347452506423 ], [ 768238.739670328097418, 8978780.527022607624531 ], [ 768238.791432011057623, 8978778.421923361718655 ], [ 768232.012909339391626, 8978778.25524820946157 ], [ 768231.82999999995809, 8978785.69400000013411 ], [ 768243.13599999982398, 8978785.971999997273088 ] ] ] ] } },
{ "type": "Feature", "properties": { "LAYER": "BANGUNAN", "GM_TYPE": "Unknown Area Type", "ELEVATION": 9.257 }, "geometry": { "type": "MultiPolygon", "coordinates": [ [ [ [ 768229.159000000101514, 8978789.330000001937151 ], [ 768229.404504555161111, 8978782.806102739647031 ], [ 768221.804504555300809, 8978782.520102735608816 ], [ 768221.559, 8978789.043999999761581 ], [ 768229.159000000101514, 8978789.330000001937151 ] ] ] ] } },
{ "type": "Feature", "properties": { "LAYER": "BANGUNAN", "GM_TYPE": "Unknown Area Type", "ELEVATION": 9.048 }, "geometry": { "type": "MultiPolygon", "coordinates": [ [ [ [ 768230.280999999959022, 8978777.336000001057982 ], [ 768230.464269231306389, 8978770.457384051755071 ], [ 768220.180269230972044, 8978770.183384049683809 ], [ 768219.996999999973923, 8978777.061999997124076 ], [ 768230.280999999959022, 8978777.336000001057982 ] ] ] ] } },
{ "type": "Feature", "properties": { "LAYER": "BANGUNAN", "GM_TYPE": "Unknown Area Type", "ELEVATION": 9.048 }, "geometry": { "type": "MultiPolygon", "coordinates": [ [ [ [ 768242.330999999889173, 8978775.962000001221895 ], [ 768242.454566104337573, 8978769.957731587812304 ], [ 768232.875908208428882, 8978769.760605582967401 ], [ 768232.723389217630029, 8978777.171739565208554 ], [ 768238.852047114050947, 8978777.297865569591522 ], [ 768238.880999999819323, 8978775.890999998897314 ], [ 768242.330999999889173, 8978775.962000001221895 ] ] ] ] } },
{ "type": "Feature", "properties": { "LAYER": "BANGUNAN", "GM_TYPE": "Unknown Area Type", "ELEVATION": 8.81 }, "geometry": { "type": "MultiPolygon", "coordinates": [ [ [ [ 768230.525000000023283, 8978737.83500000089407 ], [ 768230.584172231378034, 8978730.388842621818185 ], [ 768222.782172231585719, 8978730.326842622831464 ], [ 768222.723000000114553, 8978737.773 ], [ 768230.525000000023283, 8978737.83500000089407 ] ] ] ] } },
{ "type": "Feature", "properties": { "LAYER": "BANGUNAN", "GM_TYPE": "Unknown Area Type", "ELEVATION": 8.81 }, "geometry": { "type": "MultiPolygon", "coordinates": [ [ [ [ 768230.385000000125729, 8978727.791999999433756 ], [ 768230.678151301923208, 8978722.406871654093266 ], [ 768223.624151302035898, 8978722.022871654480696 ], [ 768223.330999999889173, 8978727.407999997958541 ], [ 768230.385000000125729, 8978727.791999999433756 ] ] ] ] } },
{ "type": "Feature", "properties": { "LAYER": "BANGUNAN", "GM_TYPE": "Unknown Area Type", "ELEVATION": 8.81 }, "geometry": { "type": "MultiPolygon", "coordinates": [ [ [ [ 768231.488999999826774, 8978716.191999999806285 ], [ 768231.541852832306176, 8978710.36775690689683 ], [ 768223.166852832306176, 8978710.29175690934062 ], [ 768223.114000000059605, 8978716.11600000038743 ], [ 768231.488999999826774, 8978716.191999999806285 ] ] ] ] } },
{ "type": "Feature", "properties": { "LAYER": "BANGUNAN", "GM_TYPE": "Unknown Area Type", "ELEVATION": 8.614 }, "geometry": { "type": "MultiPolygon", "coordinates": [ [ [ [ 768230.389000000082888, 8978698.160000000149012 ], [ 768230.248983333469369, 8978690.244501572102308 ], [ 768220.694983333232813, 8978690.41350157186389 ], [ 768220.834999999962747, 8978698.329 ], [ 768230.389000000082888, 8978698.160000000149012 ] ] ] ] } },
{ "type": "Feature", "properties": { "LAYER": "BANGUNAN", "GM_TYPE": "Unknown Area Type", "ELEVATION": 8.614 }, "geometry": { "type": "MultiPolygon", "coordinates": [ [ [ [ 768232.075999999884516, 8978696.117999998852611 ], [ 768235.665203925105743, 8978695.997263984754682 ], [ 768235.452203925116919, 8978689.665263988077641 ], [ 768231.863000000128523, 8978689.78600000217557 ], [ 768232.075999999884516, 8978696.117999998852611 ] ] ] ] } },
{ "type": "Feature", "properties": { "LAYER": "BANGUNAN", "GM_TYPE": "Unknown Area Type", "ELEVATION": 8.348 }, "geometry": { "type": "MultiPolygon", "coordinates": [ [ [ [ 768172.021999999880791, 8978603.577999997884035 ], [ 768172.084059335640632, 8978597.281247926875949 ], [ 768163.764059335575439, 8978597.199247928336263 ], [ 768163.702000000048429, 8978603.495999999344349 ], [ 768172.021999999880791, 8978603.577999997884035 ] ] ] ] } },
{ "type": "Feature", "properties": { "LAYER": "BANGUNAN", "GM_TYPE": "Unknown Area Type", "ELEVATION": 8.348 }, "geometry": { "type": "MultiPolygon", "coordinates": [ [ [ [ 768171.853000000119209, 8978595.902999997138977 ], [ 768171.734941501053981, 8978589.361551368609071 ], [ 768162.647941500763409, 8978589.525551369413733 ], [ 768162.765999999945052, 8978596.06699999794364 ], [ 768171.853000000119209, 8978595.902999997138977 ] ] ] ] } },
{ "type": "Feature", "properties": { "LAYER": "BANGUNAN", "GM_TYPE": "Unknown Area Type", "ELEVATION": 8.33 }, "geometry": { "type": "MultiPolygon", "coordinates": [ [ [ [ 768172.588000000105239, 8978576.447000000625849 ], [ 768172.725892881862819, 8978569.022076666355133 ], [ 768165.402892881887965, 8978568.886076662689447 ], [ 768165.265000000130385, 8978576.310999998822808 ], [ 768172.588000000105239, 8978576.447000000625849 ] ] ] ] } },
{ "type": "Feature", "properties": { "LAYER": "BANGUNAN", "GM_TYPE": "Unknown Area Type", "ELEVATION": 8.33 }, "geometry": { "type": "MultiPolygon", "coordinates": [ [ [ [ 768176.067999999970198, 8978580.951999999582767 ], [ 768176.119145824806765, 8978577.836366822943091 ], [ 768168.07814582483843, 8978577.704366821795702 ], [ 768168.027000000118278, 8978580.820000002160668 ], [ 768176.067999999970198, 8978580.951999999582767 ] ] ] ] } },
{ "type": "Feature", "properties": { "LAYER": "BANGUNAN", "GM_TYPE": "Unknown Area Type", "ELEVATION": 8.33 }, "geometry": { "type": "MultiPolygon", "coordinates": [ [ [ [ 768165.895000000018626, 8978564.597999999299645 ], [ 768172.355139357037842, 8978564.651136517524719 ], [ 768172.414139356929809, 8978557.478136513382196 ], [ 768165.954000000143424, 8978557.424999998882413 ], [ 768165.895000000018626, 8978564.597999999299645 ] ] ] ] } },
{ "type": "Feature", "properties": { "LAYER": "BANGUNAN", "GM_TYPE": "Unknown Area Type", "ELEVATION": 8.33 }, "geometry": { "type": "MultiPolygon", "coordinates": [ [ [ [ 768172.80600000009872, 8978556.529999999329448 ], [ 768172.982064482639544, 8978549.772951364517212 ], [ 768164.155064482823946, 8978549.542951360344887 ], [ 768163.979000000050291, 8978556.299999998882413 ], [ 768172.80600000009872, 8978556.529999999329448 ] ] ] ] } },
{ "type": "Feature", "properties": { "LAYER": "BANGUNAN", "GM_TYPE": "Unknown Area Type", "ELEVATION": 8.33 }, "geometry": { "type": "MultiPolygon", "coordinates": [ [ [ [ 768174.978999999817461, 8978548.172000002115965 ], [ 768175.035999999847263, 8978537.697000000625849 ], [ 768167.952517573488876, 8978537.658455034717917 ], [ 768167.924078021664172, 8978542.884846352040768 ], [ 768171.741373490658589, 8978542.905618272721767 ], [ 768171.712813041522168, 8978548.154226953163743 ], [ 768174.978999999817461, 8978548.172000002115965 ] ] ] ] } },
{ "type": "Feature", "properties": { "LAYER": "BANGUNAN", "GM_TYPE": "Unknown Area Type", "ELEVATION": 8.33 }, "geometry": { "type": "MultiPolygon", "coordinates": [ [ [ [ 768174.608, 8978536.386 ], [ 768174.391785831307061, 8978528.693464564159513 ], [ 768165.532785830902867, 8978528.9424645639956 ], [ 768165.748999999836087, 8978536.635000001639128 ], [ 768174.608, 8978536.386 ] ] ] ] } },
{ "type": "Feature", "properties": { "LAYER": "BANGUNAN", "GM_TYPE": "Unknown Area Type", "ELEVATION": 8.168 }, "geometry": { "type": "MultiPolygon", "coordinates": [ [ [ [ 768172.816999999806285, 8978515.66100000217557 ], [ 768172.892999999923632, 8978509.844000000506639 ], [ 768165.259288922767155, 8978509.744264390319586 ], [ 768165.183288922999054, 8978515.561264391988516 ], [ 768172.816999999806285, 8978515.66100000217557 ] ] ] ] } },
{ "type": "Feature", "properties": { "LAYER": "BANGUNAN", "GM_TYPE": "Unknown Area Type", "ELEVATION": 8.168 }, "geometry": { "type": "MultiPolygon", "coordinates": [ [ [ [ 768165.397999999928288, 8978502.569000001996756 ], [ 768179.871570914401673, 8978502.44444808922708 ], [ 768179.81694812735077, 8978496.097000176087022 ], [ 768173.578428879496641, 8978496.150685580447316 ], [ 768173.516051665763371, 8978488.902133490890265 ], [ 768165.280999999959022, 8978488.972999999299645 ], [ 768165.397999999928288, 8978502.569000001996756 ] ] ] ] } },
{ "type": "Feature", "properties": { "LAYER": "BANGUNAN", "GM_TYPE": "Unknown Area Type", "ELEVATION": 8.07 }, "geometry": { "type": "MultiPolygon", "coordinates": [ [ [ [ 768175.955999999889173, 8978468.136 ], [ 768175.696999999810942, 8978478.532999999821186 ], [ 768183.77615777484607, 8978478.734260158613324 ], [ 768183.862392907380126, 8978475.272535566240549 ], [ 768179.945309227914549, 8978475.174956968054175 ], [ 768180.118074098019861, 8978468.23968156054616 ], [ 768175.955999999889173, 8978468.136 ] ] ] ] } },
{ "type": "Feature", "properties": { "LAYER": "BANGUNAN", "GM_TYPE": "Unknown Area Type", "ELEVATION": 8.07 }, "geometry": { "type": "MultiPolygon", "coordinates": [ [ [ [ 768172.824999999953434, 8978476.351000001654029 ], [ 768172.786809166776948, 8978468.354665372520685 ], [ 768165.03980916691944, 8978468.391665372997522 ], [ 768165.077999999979511, 8978476.388000000268221 ], [ 768172.824999999953434, 8978476.351000001654029 ] ] ] ] } },
{ "type": "Feature", "properties": { "LAYER": "BANGUNAN", "GM_TYPE": "Unknown Area Type", "ELEVATION": null }, "geometry": { "type": "MultiPolygon", "coordinates": [ [ [ [ 768174.754000000073574, 8978483.338999999687076 ], [ 768174.779940166976303, 8978477.455445842817426 ], [ 768163.603403447079472, 8978477.406169297173619 ], [ 768163.641836820286699, 8978468.688999596983194 ], [ 768156.673373541445471, 8978468.65827614814043 ], [ 768156.609000000054948, 8978483.258999997749925 ], [ 768174.754000000073574, 8978483.338999999687076 ] ] ] ] } },
{ "type": "Feature", "properties": { "LAYER": "BANGUNAN", "GM_TYPE": "Unknown Area Type", "ELEVATION": 8.772 }, "geometry": { "type": "MultiPolygon", "coordinates": [ [ [ [ 768172.679999999818392, 8978737.46399999782443 ], [ 768172.923000000184402, 8978729.262999998405576 ], [ 768160.901622221921571, 8978728.906800173223019 ], [ 768160.532088918494992, 8978741.378169002011418 ], [ 768169.50923568487633, 8978741.644166644662619 ], [ 768169.635768988751806, 8978737.373797813430429 ], [ 768172.679999999818392, 8978737.46399999782443 ] ] ] ] } },
{ "type": "Feature", "properties": { "LAYER": "BANGUNAN", "GM_TYPE": "Unknown Area Type", "ELEVATION": 8.3 }, "geometry": { "type": "MultiPolygon", "coordinates": [ [ [ [ 768234.657999999821186, 8978581.346000000834465 ], [ 768248.832304060924798, 8978581.691815547645092 ], [ 768249.083304060972296, 8978571.403815547004342 ], [ 768234.908999999868684, 8978571.05800000205636 ], [ 768234.657999999821186, 8978581.346000000834465 ] ] ] ] } },
{ "type": "Feature", "properties": { "LAYER": "BANGUNAN", "GM_TYPE": "Unknown Area Type", "ELEVATION": 8.3 }, "geometry": { "type": "MultiPolygon", "coordinates": [ [ [ [ 768232.549000000115484, 8978578.493999999016523 ], [ 768232.394000000087544, 8978571.089999999850988 ], [ 768222.330467792693526, 8978571.300676321610808 ], [ 768222.485467792954296, 8978578.704676318913698 ], [ 768232.549000000115484, 8978578.493999999016523 ] ] ] ] } },
{ "type": "Feature", "properties": { "LAYER": "BANGUNAN", "GM_TYPE": "Unknown Area Type", "ELEVATION": 8.3 }, "geometry": { "type": "MultiPolygon", "coordinates": [ [ [ [ 768234.725999999907799, 8978558.969999998807907 ], [ 768234.671681912615895, 8978551.511070482432842 ], [ 768224.784681912511587, 8978551.583070483058691 ], [ 768224.838999999803491, 8978559.041999997571111 ], [ 768234.725999999907799, 8978558.969999998807907 ] ] ] ] } },
{ "type": "Feature", "properties": { "LAYER": "BANGUNAN", "GM_TYPE": "Unknown Area Type", "ELEVATION": 8.3 }, "geometry": { "type": "MultiPolygon", "coordinates": [ [ [ [ 768229.836999999824911, 8978545.332999998703599 ], [ 768229.936210027080961, 8978539.791858835145831 ], [ 768224.63021002698224, 8978539.696858838200569 ], [ 768224.530999999959022, 8978545.237999999895692 ], [ 768229.836999999824911, 8978545.332999998703599 ] ] ] ] } },
{ "type": "Feature", "properties": { "LAYER": "BANGUNAN", "GM_TYPE": "Unknown Area Type", "ELEVATION": 8.3 }, "geometry": { "type": "MultiPolygon", "coordinates": [ [ [ [ 768234.897000000113621, 8978538.628999998793006 ], [ 768235.043744714697823, 8978531.398272512480617 ], [ 768222.823744714725763, 8978531.150272512808442 ], [ 768222.677000000141561, 8978538.380999999120831 ], [ 768234.897000000113621, 8978538.628999998793006 ] ] ] ] } },
{ "type": "Feature", "properties": { "LAYER": "BANGUNAN", "GM_TYPE": "Unknown Area Type", "ELEVATION": 8.3 }, "geometry": { "type": "MultiPolygon", "coordinates": [ [ [ [ 768240.200999999884516, 8978530.677999999374151 ], [ 768240.265686446917243, 8978528.052607845515013 ], [ 768243.285537399817258, 8978528.127013271674514 ], [ 768243.39728053775616, 8978523.591757858172059 ], [ 768221.829429584788159, 8978523.060352427884936 ], [ 768221.652999999816529, 8978530.22099999897182 ], [ 768240.200999999884516, 8978530.677999999374151 ] ] ] ] } },
{ "type": "Feature", "properties": { "LAYER": "BANGUNAN", "GM_TYPE": "Unknown Area Type", "ELEVATION": 8.327 }, "geometry": { "type": "MultiPolygon", "coordinates": [ [ [ [ 768243.285000000149012, 8978499.100999999791384 ], [ 768243.3895077687921, 8978492.732296591624618 ], [ 768234.248507768730633, 8978492.582296589389443 ], [ 768234.144000000087544, 8978498.950999999418855 ], [ 768243.285000000149012, 8978499.100999999791384 ] ] ] ] } },
{ "type": "Feature", "properties": { "LAYER": "BANGUNAN", "GM_TYPE": "Unknown Area Type", "ELEVATION": 8.327 }, "geometry": { "type": "MultiPolygon", "coordinates": [ [ [ [ 768233.025000000139698, 8978498.796 ], [ 768232.837999999988824, 8978490.781000001356006 ], [ 768224.881203280645423, 8978490.966642044484615 ], [ 768225.068203280679882, 8978498.981642045080662 ], [ 768233.025000000139698, 8978498.796 ] ] ] ] } },
{ "type": "Feature", "properties": { "LAYER": "BANGUNAN", "GM_TYPE": "Unknown Area Type", "ELEVATION": 8.327 }, "geometry": { "type": "MultiPolygon", "coordinates": [ [ [ [ 768231.316999999806285, 8978489.13399999961257 ], [ 768231.204313609632663, 8978484.877814056351781 ], [ 768225.123313609859906, 8978485.038814056664705 ], [ 768225.236000000149943, 8978489.295000001788139 ], [ 768231.316999999806285, 8978489.13399999961257 ] ] ] ] } },
{ "type": "Feature", "properties": { "LAYER": "BANGUNAN", "GM_TYPE": "Unknown Area Type", "ELEVATION": 7.85 }, "geometry": { "type": "MultiPolygon", "coordinates": [ [ [ [ 768225.966999999829568, 8978462.216 ], [ 768225.934592367149889, 8978453.091041712090373 ], [ 768213.545592367183417, 8978453.135041711851954 ], [ 768213.577999999979511, 8978462.259999999776483 ], [ 768225.966999999829568, 8978462.216 ] ] ] ] } }
]
}
