{
"type": "FeatureCollection",
"name": "09_oe_li_msalkwarter",
"crs": { "type": "name", "properties": { "name": "urn:ogc:def:crs:EPSG::32751" } },
"features": [
{ "type": "Feature", "properties": { "LAYER": "MSal Kwarter", "GM_TYPE": "Unknown Line Type", "ELEVATION": 0 }, "geometry": { "type": "MultiLineString", "coordinates": [ [ [ 775151.049584797816351, 8981564.105881258845329 ], [ 775100.684624936548062, 8981544.902442209422588 ], [ 775082.321815693750978, 8981538.201577074825764 ], [ 775060.786636319477111, 8981528.904699664562941 ], [ 775057.273621295578778, 8981527.396796345710754 ] ] ] } },
{ "type": "Feature", "properties": { "LAYER": "MSal Kwarter", "GM_TYPE": "Unknown Line Type", "ELEVATION": 0 }, "geometry": { "type": "MultiLineString", "coordinates": [ [ [ 775056.617712104460225, 8981527.115258224308491 ], [ 775007.688040674198419, 8981506.113009877502918 ], [ 774972.357121910317801, 8981485.642572902143002 ], [ 774964.556439373176545, 8981472.50975582934916 ] ] ] } },
{ "type": "Feature", "properties": { "LAYER": "MSal Kwarter", "GM_TYPE": "Unknown Line Type", "ELEVATION": 0 }, "geometry": { "type": "MultiLineString", "coordinates": [ [ [ 775295.730060242814943, 8982199.780657481402159 ], [ 775290.950819653924555, 8982165.211225043982267 ], [ 775287.380141393048689, 8982115.367785070091486 ], [ 775285.556387302582152, 8982065.11283591017127 ], [ 775282.550847543170676, 8982015.147465955466032 ], [ 775279.741457984084263, 8981966.227910775691271 ], [ 775277.100645108846948, 8981916.016498893499374 ], [ 775274.859955577645451, 8981866.13706355728209 ], [ 775272.103948037372902, 8981816.150624740868807 ], [ 775269.254823856987059, 8981765.765745639801025 ], [ 775268.414590287953615, 8981751.343622948974371 ] ] ] } },
{ "type": "Feature", "properties": { "LAYER": "MSal Kwarter", "GM_TYPE": "Unknown Line Type", "ELEVATION": 0 }, "geometry": { "type": "MultiLineString", "coordinates": [ [ [ 775246.206557224271819, 8981567.917142648249865 ], [ 775244.651244833134115, 8981544.064489308744669 ], [ 775242.238312555244192, 8981494.422398049384356 ], [ 775239.533717623329721, 8981445.118087219074368 ], [ 775237.586941036628559, 8981409.562192987650633 ] ] ] } },
{ "type": "Feature", "properties": { "LAYER": "MSal Kwarter", "GM_TYPE": "Unknown Line Type", "ELEVATION": 0 }, "geometry": { "type": "MultiLineString", "coordinates": [ [ [ 775217.451756169786677, 8981134.173704847693443 ], [ 775215.329841907834634, 8981096.796693246811628 ], [ 775212.069571636733599, 8981045.686743695288897 ], [ 775208.968281373847276, 8980996.005365189164877 ], [ 775206.167109222849831, 8980946.487573720514774 ], [ 775205.541216148296371, 8980937.817117765545845 ] ] ] } },
{ "type": "Feature", "properties": { "LAYER": "MSal Kwarter", "GM_TYPE": "Unknown Line Type", "ELEVATION": 0 }, "geometry": { "type": "MultiLineString", "coordinates": [ [ [ 775206.66850663931109, 8980893.476776912808418 ], [ 775204.011759234010242, 8980846.281382627785206 ], [ 775200.356573950615712, 8980797.557499319314957 ], [ 775198.054346491349861, 8980745.960086770355701 ], [ 775195.241724953986704, 8980695.721554256975651 ], [ 775193.311688975896686, 8980660.896141685545444 ] ] ] } },
{ "type": "Feature", "properties": { "LAYER": "MSal Kwarter", "GM_TYPE": "Unknown Line Type", "ELEVATION": 0 }, "geometry": { "type": "MultiLineString", "coordinates": [ [ [ 775139.896769605576992, 8980140.207842648029327 ], [ 775135.267647580010816, 8980096.359484225511551 ], [ 775130.757871041772887, 8980047.573346685618162 ], [ 775125.422343463869765, 8980005.417920019477606 ], [ 775121.317107488634065, 8979966.985174922272563 ] ] ] } },
{ "type": "Feature", "properties": { "LAYER": "MSal Kwarter", "GM_TYPE": "Unknown Line Type", "ELEVATION": 0 }, "geometry": { "type": "MultiLineString", "coordinates": [ [ [ 775154.762084576766938, 8980165.768128711730242 ], [ 775152.549333745148033, 8980145.757443699985743 ], [ 775147.209521350217983, 8980095.177224282175303 ], [ 775142.688301484682597, 8980046.267294412478805 ], [ 775137.342047456069849, 8980004.027119211852551 ], [ 775133.268760781968012, 8979965.893479783087969 ] ] ] } },
{ "type": "Feature", "properties": { "LAYER": "MSal Kwarter", "GM_TYPE": "Unknown Line Type", "ELEVATION": 0 }, "geometry": { "type": "MultiLineString", "coordinates": [ [ [ 775205.269553212448955, 8980597.991859335452318 ], [ 775205.054272605921142, 8980593.407957043498755 ], [ 775200.854874979122542, 8980543.970107451081276 ], [ 775195.802320301299915, 8980494.294082462787628 ], [ 775189.693278639344499, 8980444.663579348474741 ], [ 775184.312901155790314, 8980395.827606447041035 ], [ 775181.746072479290888, 8980371.803900981321931 ], [ 775183.051723095122725, 8980343.358173636719584 ], [ 775172.813207073020749, 8980294.319371026009321 ], [ 775167.580667168600485, 8980244.224464753642678 ], [ 775164.301061763311736, 8980215.19985412992537 ] ] ] } },
{ "type": "Feature", "properties": { "LAYER": "MSal Kwarter", "GM_TYPE": "Unknown Line Type", "ELEVATION": 0 }, "geometry": { "type": "MultiLineString", "coordinates": [ [ [ 775249.42787356977351, 8981343.908428080379963 ], [ 775246.588020635535941, 8981294.013360403478146 ], [ 775243.164841140853241, 8981243.896488901227713 ], [ 775242.184568313648924, 8981219.35426764190197 ], [ 775240.798292090650648, 8981194.918530793860555 ], [ 775238.113428669748828, 8981145.261658465489745 ], [ 775235.293726835167035, 8981095.593285873532295 ], [ 775232.029870578902774, 8981044.427120249718428 ], [ 775230.529783584643155, 8981020.396351303905249 ] ] ] } },
{ "type": "Feature", "properties": { "LAYER": "MSal Kwarter", "GM_TYPE": "Unknown Line Type", "ELEVATION": 0 }, "geometry": { "type": "MultiLineString", "coordinates": [ [ [ 775225.005130099132657, 8980996.096763201057911 ], [ 775224.940106287249364, 8980995.05510881729424 ], [ 775222.134542592451908, 8980945.45968572050333 ], [ 775220.424545474816114, 8980921.771207148209214 ], [ 775218.774786680703983, 8980895.027284968644381 ], [ 775215.986503572086804, 8980845.495244238525629 ], [ 775212.336545343510807, 8980796.841037955135107 ], [ 775210.039386917604133, 8980745.357232335954905 ], [ 775207.222962895175442, 8980695.050780527293682 ], [ 775205.964006597641855, 8980672.33425972238183 ] ] ] } },
{ "type": "Feature", "properties": { "LAYER": "MSal Kwarter", "GM_TYPE": "Unknown Line Type", "ELEVATION": 0 }, "geometry": { "type": "MultiLineString", "coordinates": [ [ [ 776681.240241166204214, 8981586.006012443453074 ], [ 776681.775295431725681, 8981595.368574552237988 ], [ 776686.659842434572056, 8981686.791086055338383 ], [ 776690.057213314226829, 8981755.581014897674322 ], [ 776695.434524686192162, 8981840.516942547634244 ], [ 776700.176841498701833, 8981927.8022835329175 ], [ 776703.38807999365963, 8981974.600462254136801 ], [ 776708.635123420506716, 8982025.367132123559713 ] ] ] } },
{ "type": "Feature", "properties": { "LAYER": "MSal Kwarter", "GM_TYPE": "Unknown Line Type", "ELEVATION": 0 }, "geometry": { "type": "MultiLineString", "coordinates": [ [ [ 775920.754240438109264, 8980921.518219005316496 ], [ 775905.515014848322608, 8980922.574729338288307 ], [ 775877.004783297190443, 8980924.385492004454136 ], [ 775470.96227860043291, 8980958.207757342606783 ] ] ] } },
{ "type": "Feature", "properties": { "LAYER": "MSal Kwarter", "GM_TYPE": "Unknown Line Type", "ELEVATION": 0 }, "geometry": { "type": "MultiLineString", "coordinates": [ [ [ 775327.584502300131135, 8981584.438694827258587 ], [ 775459.31979578488972, 8981575.992600211873651 ], [ 775654.634183818125166, 8981566.103154830634594 ] ] ] } },
{ "type": "Feature", "properties": { "LAYER": "MSal Kwarter", "GM_TYPE": "Unknown Line Type", "ELEVATION": 0 }, "geometry": { "type": "MultiLineString", "coordinates": [ [ [ 775952.263689284096472, 8981506.4700842872262 ], [ 775951.912597266491503, 8981500.159984793514013 ], [ 775950.520095286890864, 8981479.815825834870338 ], [ 775947.030853125965223, 8981430.321753768250346 ], [ 775943.998665380873717, 8981382.756686113774776 ], [ 775941.352714149048552, 8981338.624476622790098 ] ] ] } },
{ "type": "Feature", "properties": { "LAYER": "MSal Kwarter", "GM_TYPE": "Unknown Line Type", "ELEVATION": 0 }, "geometry": { "type": "MultiLineString", "coordinates": [ [ [ 775895.084566661389545, 8980469.998384546488523 ], [ 775893.91127457539551, 8980441.036521267145872 ], [ 775890.239316812250763, 8980384.019046390429139 ], [ 775887.572299394989386, 8980338.64855887927115 ] ] ] } },
{ "type": "Feature", "properties": { "LAYER": "MSal Kwarter", "GM_TYPE": "Unknown Line Type", "ELEVATION": 0 }, "geometry": { "type": "MultiLineString", "coordinates": [ [ [ 776705.554494002368301, 8981509.975718878209591 ], [ 776733.69365816982463, 8981508.192778192460537 ], [ 776802.280321049503982, 8981504.365478210151196 ], [ 776889.969413865357637, 8981499.505222020670772 ], [ 776926.913351441035047, 8981497.469594065099955 ], [ 776965.004976775846444, 8981495.682834211736917 ], [ 777001.061100079561584, 8981493.557027587667108 ], [ 777049.495764639461413, 8981490.515538897365332 ] ] ] } },
{ "type": "Feature", "properties": { "LAYER": "MSal Kwarter", "GM_TYPE": "Unknown Line Type", "ELEVATION": 0 }, "geometry": { "type": "MultiLineString", "coordinates": [ [ [ 776651.499252101406455, 8980739.192869197577238 ], [ 776651.637537460774183, 8980741.548455953598022 ], [ 776656.223639646545053, 8980805.630340002477169 ], [ 776657.303585607791319, 8980837.496816260740161 ], [ 776658.388224743073806, 8980874.762212865054607 ] ] ] } },
{ "type": "Feature", "properties": { "LAYER": "MSal Kwarter", "GM_TYPE": "Unknown Line Type", "ELEVATION": 0 }, "geometry": { "type": "MultiLineString", "coordinates": [ [ [ 776698.229878394980915, 8981585.33931678161025 ], [ 776698.749401467037387, 8981594.430108763277531 ], [ 776703.63745790545363, 8981685.91830525174737 ], [ 776707.030699460301548, 8981754.624623570591211 ], [ 776712.405362867750227, 8981839.518725987523794 ], [ 776717.145242195692845, 8981926.759203521534801 ], [ 776720.328133114497177, 8981973.144265960901976 ], [ 776726.078082861378789, 8982028.776700604707003 ] ] ] } },
{ "type": "Feature", "properties": { "LAYER": "MSal Kwarter", "GM_TYPE": "Unknown Line Type", "ELEVATION": 0 }, "geometry": { "type": "MultiLineString", "coordinates": [ [ [ 773540.694722586078569, 8982586.773787993937731 ], [ 773483.996866835048422, 8982590.409887865185738 ], [ 773433.697145653655753, 8982593.533685844391584 ], [ 773387.373362133279443, 8982594.208107300102711 ], [ 773369.61397423222661, 8982596.678628504276276 ], [ 773326.762499384931289, 8982600.910690613090992 ] ] ] } },
{ "type": "Feature", "properties": { "LAYER": "MSal Kwarter", "GM_TYPE": "Unknown Line Type", "ELEVATION": 0 }, "geometry": { "type": "MultiLineString", "coordinates": [ [ [ 773048.835408342070878, 8982608.757246974855661 ], [ 773048.43520909640938, 8982608.766500197350979 ], [ 772975.38621153915301, 8982612.716240864247084 ], [ 772904.380112405633554, 8982616.709145402535796 ] ] ] } },
{ "type": "Feature", "properties": { "LAYER": "MSal Kwarter", "GM_TYPE": "Unknown Line Type", "ELEVATION": 0 }, "geometry": { "type": "MultiLineString", "coordinates": [ [ [ 772861.290524814277887, 8982561.609440751373768 ], [ 772857.990832868264988, 8982484.255723223090172 ], [ 772856.187373626744375, 8982448.400748874992132 ] ] ] } },
{ "type": "Feature", "properties": { "LAYER": "MSal Kwarter", "GM_TYPE": "Unknown Line Type", "ELEVATION": 0 }, "geometry": { "type": "MultiLineString", "coordinates": [ [ [ 773835.252651807852089, 8982577.553280238062143 ], [ 773619.582115369034, 8982584.013968523591757 ] ] ] } },
{ "type": "Feature", "properties": { "LAYER": "MSal Kwarter", "GM_TYPE": "Unknown Line Type", "ELEVATION": 0 }, "geometry": { "type": "MultiLineString", "coordinates": [ [ [ 775246.752035014797002, 8981668.928152177482843 ], [ 775250.138223056565039, 8981716.875756412744522 ], [ 775250.346610859851353, 8981748.165151670575142 ] ] ] } },
{ "type": "Feature", "properties": { "LAYER": "MSal Kwarter", "GM_TYPE": "Unknown Line Type", "ELEVATION": 0 }, "geometry": { "type": "MultiLineString", "coordinates": [ [ [ 775250.346610860317014, 8981748.165151674300432 ], [ 775251.878692168509588, 8981785.894334256649017 ] ] ] } },
{ "type": "Feature", "properties": { "LAYER": "MSal Kwarter", "GM_TYPE": "Unknown Line Type", "ELEVATION": 0 }, "geometry": { "type": "MultiLineString", "coordinates": [ [ [ 775283.757478348677978, 8982245.177738394588232 ], [ 775289.542233100044541, 8982270.761734632775187 ], [ 775297.195019939215854, 8982319.413917317986488 ], [ 775301.849494591355324, 8982368.465654840692878 ], [ 775310.108087603701279, 8982416.963511291891336 ], [ 775321.060877255396917, 8982475.494835160672665 ], [ 775328.465591730549932, 8982524.738144222646952 ], [ 775335.641047219978645, 8982571.203668031841516 ] ] ] } },
{ "type": "Feature", "properties": { "LAYER": "MSal Kwarter", "GM_TYPE": "Unknown Line Type", "ELEVATION": 0 }, "geometry": { "type": "MultiLineString", "coordinates": [ [ [ 777737.238782086642459, 8982982.870505560189486 ], [ 777729.980639799148776, 8982946.416447814553976 ], [ 777714.997239185962826, 8982897.721777256578207 ], [ 777711.513280272250995, 8982891.942713208496571 ], [ 777690.359703769907355, 8982857.941626526415348 ], [ 777661.778081907541491, 8982824.30666783079505 ], [ 777616.335915915900841, 8982778.850073784589767 ], [ 777586.478558839298785, 8982733.741247158497572 ], [ 777564.947281505679712, 8982689.787722710520029 ], [ 777460.351268941652961, 8982624.099111739546061 ], [ 777379.32929638074711, 8982509.489792160689831 ], [ 777348.803121702047065, 8982453.741667114198208 ], [ 777307.370081284781918, 8982346.260241920128465 ], [ 777304.637799179297872, 8982286.570488415658474 ], [ 777344.318375459988602, 8982260.530182469636202 ], [ 777359.431715049315244, 8982209.400744237005711 ], [ 777354.326053332886659, 8982105.429727308452129 ] ] ] } },
{ "type": "Feature", "properties": { "LAYER": "MSal Kwarter", "GM_TYPE": "Unknown Line Type", "ELEVATION": 0 }, "geometry": { "type": "MultiLineString", "coordinates": [ [ [ 777733.180625926237553, 8982982.972753453999758 ], [ 777726.097501809825189, 8982947.397725392132998 ], [ 777711.318373561254703, 8982899.366921186447144 ], [ 777708.102117966744117, 8982894.03191364556551 ], [ 777687.119807225652039, 8982860.306110054254532 ], [ 777658.834772860165685, 8982827.020176630467176 ], [ 777613.222514647990465, 8982781.39343635737896 ], [ 777583.000226286356337, 8982735.733267493546009 ], [ 777561.855912755825557, 8982692.569683313369751 ], [ 777478.098318074364215, 8982639.968060001730919 ] ] ] } },
{ "type": "Feature", "properties": { "LAYER": "MSal Kwarter", "GM_TYPE": "Unknown Line Type", "ELEVATION": 0 }, "geometry": { "type": "MultiLineString", "coordinates": [ [ [ 777342.214160047005862, 8982008.616929724812508 ], [ 777475.042481787269935, 8981874.663294473662972 ] ] ] } },
{ "type": "Feature", "properties": { "LAYER": "MSal Kwarter", "GM_TYPE": "Unknown Line Type", "ELEVATION": 0 }, "geometry": { "type": "MultiLineString", "coordinates": [ [ [ 777476.917003651265986, 8981872.772891771048307 ], [ 777557.563013310311362, 8981791.443653991445899 ], [ 777572.582600426627323, 8981713.754573203623295 ] ] ] } },
{ "type": "Feature", "properties": { "LAYER": "MSal Kwarter", "GM_TYPE": "Unknown Line Type", "ELEVATION": 0 }, "geometry": { "type": "MultiLineString", "coordinates": [ [ [ 773559.690285631921142, 8983373.547802353277802 ], [ 773562.052086007432081, 8983372.417234264314175 ], [ 773576.360533594735898, 8983368.264532156288624 ], [ 773611.337457531248219, 8983349.293616957962513 ], [ 773665.956475302577019, 8983337.353303700685501 ], [ 773695.667719305143692, 8983324.961331879720092 ], [ 773712.48823898890987, 8983319.385611779987812 ], [ 773797.056075579836033, 8983306.354700030758977 ], [ 773850.696232997812331, 8983300.870357934385538 ], [ 773919.251143245492131, 8983301.140249568969011 ], [ 773946.025744502898306, 8983297.06471586227417 ], [ 774003.638415017863736, 8983280.030070882290602 ], [ 774054.443166751181707, 8983272.092021357268095 ], [ 774089.439781148685142, 8983259.668765526264906 ], [ 774124.661037639016286, 8983244.512367069721222 ], [ 774154.223626802791841, 8983209.500327836722136 ], [ 774180.426277963444591, 8983166.863013200461864 ], [ 774183.565836383146234, 8983155.021051399409771 ] ] ] } },
{ "type": "Feature", "properties": { "LAYER": "MSal Kwarter", "GM_TYPE": "Unknown Line Type", "ELEVATION": 0 }, "geometry": { "type": "MultiLineString", "coordinates": [ [ [ 776842.471323407720774, 8983104.76447669416666 ], [ 776807.458513007732108, 8983115.866935595870018 ], [ 776758.274243133142591, 8983125.877493755891919 ], [ 776709.348493684316054, 8983134.360000185668468 ], [ 776660.319601125316694, 8983144.331517994403839 ], [ 776611.039845100254752, 8983152.518145091831684 ], [ 776605.668889692286029, 8983153.419905241578817 ] ] ] } },
{ "type": "Feature", "properties": { "LAYER": "MSal Kwarter", "GM_TYPE": "Unknown Line Type", "ELEVATION": 0 }, "geometry": { "type": "MultiLineString", "coordinates": [ [ [ 776577.702185322064906, 8983158.085430869832635 ], [ 776561.784333382965997, 8983160.703922353684902 ], [ 776512.600652378285304, 8983170.065842984244227 ], [ 776465.01062407263089, 8983186.067842707037926 ], [ 776439.454172138823196, 8983227.522816367447376 ], [ 776417.70058642164804, 8983272.104136049747467 ], [ 776390.126664976356551, 8983312.051528580486774 ], [ 776379.582535712048411, 8983318.612831702455878 ] ] ] } },
{ "type": "Feature", "properties": { "LAYER": "MSal Kwarter", "GM_TYPE": "Unknown Line Type", "ELEVATION": 0 }, "geometry": { "type": "MultiLineString", "coordinates": [ [ [ 776350.260320741101168, 8983334.250153567641973 ], [ 776312.757490443647839, 8983346.814523033797741 ], [ 776264.119371801847592, 8983355.08025156147778 ], [ 776245.211863372242078, 8983359.188259800896049 ], [ 776220.444630663143471, 8983359.699926298111677 ], [ 776187.426673178561032, 8983322.131260838359594 ], [ 776155.513282487750985, 8983284.055923197418451 ], [ 776123.008823105250485, 8983246.613525390625 ], [ 776108.234189527342096, 8983229.203684639185667 ] ] ] } },
{ "type": "Feature", "properties": { "LAYER": "MSal Kwarter", "GM_TYPE": "Unknown Line Type", "ELEVATION": 0 }, "geometry": { "type": "MultiLineString", "coordinates": [ [ [ 776064.632009127642959, 8983177.153099324554205 ], [ 776059.002041708678007, 8983170.472630083560944 ], [ 776025.318933683563955, 8983132.630398500710726 ], [ 775993.94701430038549, 8983093.066693283617496 ], [ 775959.220837531262077, 8983059.9929558057338 ], [ 775915.049377894494683, 8983038.01530896127224 ], [ 775892.923275395529345, 8983026.726691480726004 ] ] ] } },
{ "type": "Feature", "properties": { "LAYER": "MSal Kwarter", "GM_TYPE": "Unknown Line Type", "ELEVATION": 0 }, "geometry": { "type": "MultiLineString", "coordinates": [ [ [ 774143.798453905736096, 8983789.728933101519942 ], [ 774133.6508166519925, 8983802.632598862051964 ], [ 774111.477772323647514, 8983827.408391535282135 ], [ 774072.644178510992788, 8983851.899412643164396 ], [ 774023.460602613864467, 8983848.449187975376844 ], [ 774004.818971643224359, 8983835.958737656474113 ], [ 773987.255144456052221, 8983817.823360241949558 ], [ 773952.961672385339625, 8983782.790917761623859 ], [ 773942.888322579441592, 8983772.482638653367758 ] ] ] } },
{ "type": "Feature", "properties": { "LAYER": "MSal Kwarter", "GM_TYPE": "Unknown Line Type", "ELEVATION": 0 }, "geometry": { "type": "MultiLineString", "coordinates": [ [ [ 773895.638105137972161, 8983726.853694854304194 ], [ 773882.771051122341305, 8983716.022915657609701 ], [ 773841.107489171205088, 8983708.364546209573746 ], [ 773791.370797430397943, 8983710.844503916800022 ], [ 773741.176007644506171, 8983712.65376185066998 ], [ 773713.671862260671332, 8983708.406989358365536 ], [ 773696.480812664609402, 8983698.030435303226113 ], [ 773672.577141576912254, 8983671.396160261705518 ], [ 773642.836723447428085, 8983631.689555697143078 ], [ 773615.354724794859067, 8983590.854442693293095 ], [ 773614.300217169802636, 8983587.807611947879195 ] ] ] } },
{ "type": "Feature", "properties": { "LAYER": "MSal Kwarter", "GM_TYPE": "Unknown Line Type", "ELEVATION": 0 }, "geometry": { "type": "MultiLineString", "coordinates": [ [ [ 773558.346981310052797, 8983372.890262752771378 ], [ 773557.313526190118864, 8983368.19303036108613 ], [ 773548.007353110704571, 8983349.048106826841831 ], [ 773515.660870074992999, 8983310.109590616077185 ], [ 773486.555643198778853, 8983271.144901510328054 ], [ 773457.055863050976768, 8983230.970447111874819 ], [ 773429.057129078777507, 8983192.486136335879564 ], [ 773399.509674873203039, 8983152.485448777675629 ], [ 773391.415915000252426, 8983140.147891342639923 ] ] ] } },
{ "type": "Feature", "properties": { "LAYER": "MSal Kwarter", "GM_TYPE": "Unknown Line Type", "ELEVATION": 0 }, "geometry": { "type": "MultiLineString", "coordinates": [ [ [ 773549.783387459581718, 8983344.926219951361418 ], [ 773518.803724087076262, 8983307.633073642849922 ], [ 773489.770101594505832, 8983268.764245070517063 ], [ 773460.285220762831159, 8983228.610081393271685 ], [ 773432.283144214656204, 8983190.121176242828369 ], [ 773402.793184014270082, 8983150.198322787880898 ], [ 773396.663680422469042, 8983140.854939270764589 ] ] ] } },
{ "type": "Feature", "properties": { "LAYER": "MSal Kwarter", "GM_TYPE": "Unknown Line Type", "ELEVATION": 0 }, "geometry": { "type": "MultiLineString", "coordinates": [ [ [ 774672.199228167417459, 8983003.368036614730954 ], [ 774630.23763859574683, 8983016.867209248244762 ], [ 774582.879134687012993, 8983032.800675760954618 ], [ 774538.091264574206434, 8983050.644541326910257 ], [ 774516.568541025510058, 8983074.331133153289557 ] ] ] } },
{ "type": "Feature", "properties": { "LAYER": "MSal Kwarter", "GM_TYPE": "Unknown Line Type", "ELEVATION": 0 }, "geometry": { "type": "MultiLineString", "coordinates": [ [ [ 775322.762495407019742, 8982878.124128786846995 ], [ 775292.400533809326589, 8982875.168647460639477 ], [ 775241.831425706506707, 8982869.613783419132233 ], [ 775192.507978418609127, 8982864.965835891664028 ], [ 775143.509521657018922, 8982859.906542373821139 ], [ 775093.681846876163036, 8982854.197452176362276 ], [ 775043.638295621261932, 8982849.325491938740015 ], [ 774993.54105553869158, 8982848.88466714695096 ], [ 774946.954111496801488, 8982868.858435576781631 ], [ 774903.076454942463897, 8982893.145068790763617 ], [ 774858.930434088804759, 8982917.196537055075169 ], [ 774814.637423777603544, 8982941.113976392894983 ], [ 774770.564519140869379, 8982965.119604047387838 ], [ 774746.474271442741156, 8982973.91208378225565 ] ] ] } },
{ "type": "Feature", "properties": { "LAYER": "MSal Kwarter", "GM_TYPE": "Unknown Line Type", "ELEVATION": 0 }, "geometry": { "type": "MultiLineString", "coordinates": [ [ [ 777580.302199606085196, 8983016.795213084667921 ], [ 777555.379976881551556, 8983018.444815672934055 ], [ 777540.446654221625067, 8983010.639073075726628 ], [ 777502.446508598513901, 8982978.784333817660809 ], [ 777484.061667166650295, 8982963.793391369283199 ], [ 777464.082438070327044, 8982947.288550734519958 ], [ 777423.585137581918389, 8982915.202161308377981 ], [ 777375.255791912088171, 8982928.381239272654057 ], [ 777327.479929623077624, 8982943.842671826481819 ], [ 777280.615686251432635, 8982959.119388610124588 ], [ 777266.845379766542464, 8982963.778684910386801 ] ] ] } },
{ "type": "Feature", "properties": { "LAYER": "MSal Kwarter", "GM_TYPE": "Unknown Line Type", "ELEVATION": 0 }, "geometry": { "type": "MultiLineString", "coordinates": [ [ [ 773877.572669612709433, 8982578.22567686252296 ], [ 773915.443538076477125, 8982574.667115891352296 ], [ 774107.003728647250682, 8982566.399123702198267 ], [ 774122.900712015805766, 8982564.130270438268781 ] ] ] } },
{ "type": "Feature", "properties": { "LAYER": "MSal Kwarter", "GM_TYPE": "Unknown Line Type", "ELEVATION": 0 }, "geometry": { "type": "MultiLineString", "coordinates": [ [ [ 773407.662351173348725, 8982159.877321466803551 ], [ 773407.499480605591089, 8982153.86892581358552 ], [ 773405.866785025689751, 8982115.253148786723614 ], [ 773404.900385614600964, 8982084.120556462556124 ], [ 773403.034973344998434, 8982031.579378128051758 ], [ 773401.644179071765393, 8981993.402520824223757 ], [ 773378.895911067025736, 8981825.242959873750806 ] ] ] } },
{ "type": "Feature", "properties": { "LAYER": "MSal Kwarter", "GM_TYPE": "Unknown Line Type", "ELEVATION": 0 }, "geometry": { "type": "MultiLineString", "coordinates": [ [ [ 773281.097149099688977, 8982590.850859273225069 ], [ 773176.294821926858276, 8982596.360154515132308 ], [ 773159.200462267966941, 8982597.95345713943243 ], [ 773127.843845361843705, 8982597.338405914604664 ], [ 773092.722283471375704, 8982604.162318464368582 ], [ 773048.835408338345587, 8982608.757246974855661 ] ] ] } },
{ "type": "Feature", "properties": { "LAYER": "MSal Kwarter", "GM_TYPE": "Unknown Line Type", "ELEVATION": 0 }, "geometry": { "type": "MultiLineString", "coordinates": [ [ [ 773265.979181003756821, 8982174.042284324765205 ], [ 773268.405930033652112, 8982232.864170402288437 ], [ 773271.546966296504252, 8982332.963239304721355 ], [ 773271.863748973468319, 8982402.10859889537096 ], [ 773277.214362259721383, 8982470.711678005754948 ], [ 773279.599428783054464, 8982529.459697110578418 ], [ 773281.055960258468986, 8982589.16253949701786 ] ] ] } },
{ "type": "Feature", "properties": { "LAYER": "MSal Kwarter", "GM_TYPE": "Unknown Line Type", "ELEVATION": 0 }, "geometry": { "type": "MultiLineString", "coordinates": [ [ [ 773270.270332961925305, 8981262.376427700743079 ], [ 773340.066676824353635, 8981259.928829992190003 ], [ 773401.306521302787587, 8981255.937589947134256 ], [ 773447.272529770969413, 8981254.142366521060467 ], [ 773496.366429505753331, 8981251.699875084683299 ], [ 773514.01532532973215, 8981250.966065693646669 ] ] ] } },
{ "type": "Feature", "properties": { "LAYER": "MSal Kwarter", "GM_TYPE": "Unknown Line Type", "ELEVATION": 0 }, "geometry": { "type": "MultiLineString", "coordinates": [ [ [ 773636.310961694456637, 8981245.368025589734316 ], [ 773790.048575352877378, 8981237.364764161407948 ] ] ] } },
{ "type": "Feature", "properties": { "LAYER": "MSal Kwarter", "GM_TYPE": "Unknown Line Type", "ELEVATION": 0 }, "geometry": { "type": "MultiLineString", "coordinates": [ [ [ 772742.991230065585114, 8980076.967463448643684 ], [ 772745.842685206094757, 8980139.839388139545918 ], [ 772749.766649824916385, 8980230.011255204677582 ], [ 772754.046617451822385, 8980322.335162961855531 ], [ 772758.146285605034791, 8980410.706618376076221 ], [ 772761.636804101523012, 8980496.192739501595497 ], [ 772764.430935606360435, 8980552.787437856197357 ] ] ] } },
{ "type": "Feature", "properties": { "LAYER": "MSal Kwarter", "GM_TYPE": "Unknown Line Type", "ELEVATION": 0 }, "geometry": { "type": "MultiLineString", "coordinates": [ [ [ 772779.287763610482216, 8980789.080507261678576 ], [ 772780.50903939944692, 8980813.96382350474596 ], [ 772783.386817771708593, 8980879.762793604284525 ], [ 772786.854994380148128, 8980946.73822483047843 ], [ 772789.525330477161333, 8981007.992894351482391 ], [ 772789.616892743622884, 8981010.681329116225243 ] ] ] } },
{ "type": "Feature", "properties": { "LAYER": "MSal Kwarter", "GM_TYPE": "Unknown Line Type", "ELEVATION": 0 }, "geometry": { "type": "MultiLineString", "coordinates": [ [ [ 772790.665053055156022, 8981041.457223247736692 ], [ 772791.544086122652516, 8981067.267233729362488 ], [ 772792.218394293333404, 8981082.307482354342937 ], [ 772795.408320817863569, 8981160.881324948742986 ], [ 772799.102580222534016, 8981237.15900394320488 ], [ 772800.69352055026684, 8981266.314420618116856 ] ] ] } },
{ "type": "Feature", "properties": { "LAYER": "MSal Kwarter", "GM_TYPE": "Unknown Line Type", "ELEVATION": 0 }, "geometry": { "type": "MultiLineString", "coordinates": [ [ [ 772837.709756168304011, 8982119.900109212845564 ], [ 772951.863285741652362, 8982115.177629550918937 ], [ 773213.776360694901086, 8982102.83486532792449 ] ] ] } },
{ "type": "Feature", "properties": { "LAYER": "MSal Kwarter", "GM_TYPE": "Unknown Line Type", "ELEVATION": 0 }, "geometry": { "type": "MultiLineString", "coordinates": [ [ [ 773859.168460557935759, 8982577.933263752609491 ], [ 773853.047455474035814, 8982513.205225210636854 ], [ 773852.798087354982272, 8982489.609514370560646 ], [ 773848.75865731597878, 8982417.792351841926575 ], [ 773848.124172921525314, 8982401.081976924091578 ] ] ] } },
{ "type": "Feature", "properties": { "LAYER": "MSal Kwarter", "GM_TYPE": "Unknown Line Type", "ELEVATION": 0 }, "geometry": { "type": "MultiLineString", "coordinates": [ [ [ 773842.724143732106313, 8982200.558363933116198 ], [ 773832.411305516841821, 8981990.068002138286829 ], [ 773833.53385514265392, 8981929.472993161529303 ] ] ] } },
{ "type": "Feature", "properties": { "LAYER": "MSal Kwarter", "GM_TYPE": "Unknown Line Type", "ELEVATION": 0 }, "geometry": { "type": "MultiLineString", "coordinates": [ [ [ 773810.577720197848976, 8981292.067049074918032 ], [ 773813.199094015988521, 8981077.096323478966951 ] ] ] } },
{ "type": "Feature", "properties": { "LAYER": "MSal Kwarter", "GM_TYPE": "Unknown Line Type", "ELEVATION": 0 }, "geometry": { "type": "MultiLineString", "coordinates": [ [ [ 773789.679052224149927, 8981070.355842476710677 ], [ 773786.53078622254543, 8981123.460595905780792 ], [ 773789.139584640855901, 8981192.960305333137512 ], [ 773790.130481777479872, 8981241.365916665643454 ] ] ] } },
{ "type": "Feature", "properties": { "LAYER": "MSal Kwarter", "GM_TYPE": "Unknown Line Type", "ELEVATION": 0 }, "geometry": { "type": "MultiLineString", "coordinates": [ [ [ 773224.154220438562334, 8981644.103674661368132 ], [ 773224.993674063356593, 8981616.987071115523577 ], [ 773223.964657625881955, 8981568.059316962957382 ], [ 773237.95586761937011, 8981499.042532229796052 ], [ 773243.238593158777803, 8981416.357298977673054 ], [ 773250.226879224646837, 8981372.721487425267696 ], [ 773256.338931235834025, 8981325.61565101519227 ], [ 773269.486106276861392, 8981270.50392622500658 ], [ 773275.230871874606237, 8981210.966837231069803 ], [ 773298.644408135907724, 8981157.543825760483742 ], [ 773317.282948570209555, 8981110.165619231760502 ], [ 773335.42094607767649, 8981064.23046488687396 ], [ 773365.561194789013825, 8980994.32315057516098 ], [ 773373.039663387811743, 8980939.533272746950388 ] ] ] } },
{ "type": "Feature", "properties": { "LAYER": "MSal Kwarter", "GM_TYPE": "Unknown Line Type", "ELEVATION": 0 }, "geometry": { "type": "MultiLineString", "coordinates": [ [ [ 773228.287300528143533, 8981639.866730380803347 ], [ 773228.994975961744785, 8981617.006915844976902 ], [ 773227.973106780904345, 8981568.419000009074807 ], [ 773241.930332671385258, 8981499.569854345172644 ], [ 773247.218331008334644, 8981416.80209125392139 ], [ 773254.18596555723343, 8981373.295230595394969 ], [ 773260.278595372335985, 8981326.339081846177578 ], [ 773260.8173922119895, 8981324.080496024340391 ] ] ] } },
{ "type": "Feature", "properties": { "LAYER": "MSal Kwarter", "GM_TYPE": "Unknown Line Type", "ELEVATION": 0 }, "geometry": { "type": "MultiLineString", "coordinates": [ [ [ 773154.854673482943326, 8980433.348666343837976 ], [ 773091.777276048902422, 8980318.954705066978931 ], [ 772973.960467658238485, 8980095.942580707371235 ] ] ] } },
{ "type": "Feature", "properties": { "LAYER": "MSal Kwarter", "GM_TYPE": "Unknown Line Type", "ELEVATION": 0 }, "geometry": { "type": "MultiLineString", "coordinates": [ [ [ 773382.844078411231749, 8980890.946432733908296 ], [ 773383.834695337107405, 8980824.733038164675236 ], [ 773357.268799247918651, 8980788.0781713090837 ], [ 773353.987965825828724, 8980718.797828160226345 ] ] ] } },
{ "type": "Feature", "properties": { "LAYER": "MSal Kwarter", "GM_TYPE": "Unknown Line Type", "ELEVATION": 0 }, "geometry": { "type": "MultiLineString", "coordinates": [ [ [ 772811.474945371504873, 8981510.129741378128529 ], [ 772813.592145784641616, 8981558.359254356473684 ], [ 772817.863396106637083, 8981654.751772958785295 ], [ 772820.236197736579925, 8981697.103218391537666 ], [ 772842.213236330309883, 8981695.709982182830572 ] ] ] } },
{ "type": "Feature", "properties": { "LAYER": "MSal Kwarter", "GM_TYPE": "Unknown Line Type", "ELEVATION": 0 }, "geometry": { "type": "MultiLineString", "coordinates": [ [ [ 772858.819286277983338, 8981698.665270067751408 ], [ 772953.949356461176649, 8981692.63449127972126 ], [ 773121.252318830695003, 8981686.698673713952303 ] ] ] } },
{ "type": "Feature", "properties": { "LAYER": "MSal Kwarter", "GM_TYPE": "Unknown Line Type", "ELEVATION": 0 }, "geometry": { "type": "MultiLineString", "coordinates": [ [ [ 773022.053758043213747, 8981952.709184819832444 ], [ 772934.385572597850114, 8981955.896535873413086 ], [ 772829.073469716357067, 8981960.690440073609352 ] ] ] } },
{ "type": "Feature", "properties": { "LAYER": "MSal Kwarter", "GM_TYPE": "Unknown Line Type", "ELEVATION": 0 }, "geometry": { "type": "MultiLineString", "coordinates": [ [ [ 772829.590409924392588, 8981967.077722780406475 ], [ 772827.658696361584589, 8981943.20958398655057 ], [ 772824.492307593347505, 8981871.343139197677374 ], [ 772824.783994626719505, 8981861.67025588452816 ], [ 772820.851078264182433, 8981800.267043955624104 ], [ 772818.126274312380701, 8981737.603363495320082 ] ] ] } },
{ "type": "Feature", "properties": { "LAYER": "MSal Kwarter", "GM_TYPE": "Unknown Line Type", "ELEVATION": 0 }, "geometry": { "type": "MultiLineString", "coordinates": [ [ [ 777053.204123183037154, 8980659.415933515876532 ], [ 777014.777438768884167, 8980665.847691595554352 ], [ 776913.493112974101678, 8980671.809144854545593 ] ] ] } },
{ "type": "Feature", "properties": { "LAYER": "MSal Kwarter", "GM_TYPE": "Unknown Line Type", "ELEVATION": 0 }, "geometry": { "type": "MultiLineString", "coordinates": [ [ [ 776568.126504857442342, 8980101.68111970461905 ], [ 776540.908951230230741, 8979862.587618701159954 ] ] ] } },
{ "type": "Feature", "properties": { "LAYER": "MSal Kwarter", "GM_TYPE": "Unknown Line Type", "ELEVATION": 0 }, "geometry": { "type": "MultiLineString", "coordinates": [ [ [ 776626.000854382058606, 8980671.47042366489768 ], [ 776621.105904080555774, 8980626.727090023458004 ], [ 776621.15293600410223, 8980604.490996923297644 ], [ 776618.570202816976234, 8980580.170527078211308 ], [ 776602.93224221735727, 8980442.798344422131777 ] ] ] } },
{ "type": "Feature", "properties": { "LAYER": "MSal Kwarter", "GM_TYPE": "Unknown Line Type", "ELEVATION": 0 }, "geometry": { "type": "MultiLineString", "coordinates": [ [ [ 776596.751353843254037, 8980388.502125851809978 ], [ 776570.838872820138931, 8980160.873078353703022 ] ] ] } },
{ "type": "Feature", "properties": { "LAYER": "MSal Kwarter", "GM_TYPE": "Unknown Line Type", "ELEVATION": 0 }, "geometry": { "type": "MultiLineString", "coordinates": [ [ [ 776580.080589557182975, 8980100.596955116838217 ], [ 776552.937201415421441, 8979862.154963277280331 ] ] ] } },
{ "type": "Feature", "properties": { "LAYER": "MSal Kwarter", "GM_TYPE": "Unknown Line Type", "ELEVATION": 0 }, "geometry": { "type": "MultiLineString", "coordinates": [ [ [ 776646.873511772602797, 8980678.356381373479962 ], [ 776641.108211279613897, 8980625.657426819205284 ], [ 776641.155175995780155, 8980603.453108668327332 ], [ 776638.450400086352602, 8980577.983415840193629 ], [ 776622.842792467679828, 8980440.877869952470064 ] ] ] } },
{ "type": "Feature", "properties": { "LAYER": "MSal Kwarter", "GM_TYPE": "Unknown Line Type", "ELEVATION": 0 }, "geometry": { "type": "MultiLineString", "coordinates": [ [ [ 776616.857242641970515, 8980388.297609327360988 ], [ 776589.922461734386161, 8980151.688134644180536 ] ] ] } },
{ "type": "Feature", "properties": { "LAYER": "MSal Kwarter", "GM_TYPE": "Unknown Line Type", "ELEVATION": 0 }, "geometry": { "type": "MultiLineString", "coordinates": [ [ [ 776148.096653198124841, 8981538.928781226277351 ], [ 776145.446509517729282, 8981539.084149431437254 ], [ 776105.29164737125393, 8981541.532933335751295 ], [ 776054.590718226856552, 8981544.977233108133078 ], [ 776022.55445024499204, 8981546.15861651673913 ] ] ] } },
{ "type": "Feature", "properties": { "LAYER": "MSal Kwarter", "GM_TYPE": "Unknown Line Type", "ELEVATION": 0 }, "geometry": { "type": "MultiLineString", "coordinates": [ [ [ 777054.096106182201765, 8980659.329275399446487 ], [ 777198.05908464663662, 8980655.317944269627333 ] ] ] } },
{ "type": "Feature", "properties": { "LAYER": "MSal Kwarter", "GM_TYPE": "Unknown Line Type", "ELEVATION": 0 }, "geometry": { "type": "MultiLineString", "coordinates": [ [ [ 777200.156896275002509, 8980655.259491622447968 ], [ 777434.358278996194713, 8980648.733791004866362 ] ] ] } },
{ "type": "Feature", "properties": { "LAYER": "MSal Kwarter", "GM_TYPE": "Unknown Line Type", "ELEVATION": 0 }, "geometry": { "type": "MultiLineString", "coordinates": [ [ [ 777067.85066527267918, 8980813.940015219151974 ], [ 777065.34470629831776, 8980764.782015761360526 ], [ 777063.297861775150523, 8980723.017166797071695 ], [ 777062.229532038210891, 8980698.718162391334772 ] ] ] } },
{ "type": "Feature", "properties": { "LAYER": "MSal Kwarter", "GM_TYPE": "Unknown Line Type", "ELEVATION": 0 }, "geometry": { "type": "MultiLineString", "coordinates": [ [ [ 777609.499965365743265, 8981458.557628469541669 ], [ 777359.225611102185212, 8981471.477331070229411 ], [ 777294.32636190042831, 8981476.345644975081086 ], [ 777201.582392533076927, 8981482.601863209158182 ], [ 777168.522961707785726, 8981484.33787713944912 ] ] ] } },
{ "type": "Feature", "properties": { "LAYER": "MSal Kwarter", "GM_TYPE": "Unknown Line Type", "ELEVATION": 0 }, "geometry": { "type": "MultiLineString", "coordinates": [ [ [ 777247.477518646628596, 8980384.30101964622736 ], [ 777243.227745964424685, 8980380.209882486611605 ] ] ] } },
{ "type": "Feature", "properties": { "LAYER": "MSal Kwarter", "GM_TYPE": "Unknown Line Type", "ELEVATION": 0 }, "geometry": { "type": "MultiLineString", "coordinates": [ [ [ 776914.801962660741992, 8982304.54852276481688 ], [ 776794.665389261790551, 8982197.582361590117216 ] ] ] } },
{ "type": "Feature", "properties": { "LAYER": "MSal Kwarter", "GM_TYPE": "Unknown Line Type", "ELEVATION": 0 }, "geometry": { "type": "MultiLineString", "coordinates": [ [ [ 777584.429222869686782, 8983018.167808817699552 ], [ 777584.394801199669018, 8983016.219536408782005 ], [ 777583.480282610049471, 8983015.725771017372608 ], [ 777581.478336576605216, 8983015.849198134616017 ], [ 777580.302199607947841, 8983016.795213084667921 ] ] ] } },
{ "type": "Feature", "properties": { "LAYER": "MSal Kwarter", "GM_TYPE": "Unknown Line Type", "ELEVATION": 0 }, "geometry": { "type": "MultiLineString", "coordinates": [ [ [ 777266.845379766542464, 8982963.778684910386801 ], [ 777268.126095180865377, 8982961.339331824332476 ] ] ] } },
{ "type": "Feature", "properties": { "LAYER": "MSal Kwarter", "GM_TYPE": "Unknown Line Type", "ELEVATION": 27 }, "geometry": { "type": "MultiLineString", "coordinates": [ [ [ 777232.772385901771486, 8982979.597045063972473 ], [ 777087.066166192293167, 8982854.073514543473721 ] ] ] } },
{ "type": "Feature", "properties": { "LAYER": "MSal Kwarter", "GM_TYPE": "Unknown Line Type", "ELEVATION": 24 }, "geometry": { "type": "MultiLineString", "coordinates": [ [ [ 777087.066166192293167, 8982854.073514543473721 ], [ 776892.80122783605475, 8982669.562603291124105 ] ] ] } },
{ "type": "Feature", "properties": { "LAYER": "MSal Kwarter", "GM_TYPE": "Unknown Line Type", "ELEVATION": 24 }, "geometry": { "type": "MultiLineString", "coordinates": [ [ [ 777058.256372323958203, 8982848.351031258702278 ], [ 776629.950731915538199, 8982822.848763769492507 ] ] ] } },
{ "type": "Feature", "properties": { "LAYER": "MSal Kwarter", "GM_TYPE": "Unknown Line Type", "ELEVATION": 0 }, "geometry": { "type": "MultiLineString", "coordinates": [ [ [ 773721.473433958715759, 8982374.391930758953094 ], [ 773790.224877510336228, 8982232.948892271146178 ] ] ] } },
{ "type": "Feature", "properties": { "LAYER": "MSal Kwarter", "GM_TYPE": "Unknown Line Type", "ELEVATION": 0 }, "geometry": { "type": "MultiLineString", "coordinates": [ [ [ 773620.92838177352678, 8982581.244281066581607 ], [ 773702.801133337197825, 8982412.806643221527338 ] ] ] } },
{ "type": "Feature", "properties": { "LAYER": "MSal Kwarter", "GM_TYPE": "Unknown Line Type", "ELEVATION": 0 }, "geometry": { "type": "MultiLineString", "coordinates": [ [ [ 776894.735739767435007, 8980394.487934660166502 ], [ 777247.477518646628596, 8980384.30101964622736 ] ] ] } },
{ "type": "Feature", "properties": { "LAYER": "MSal Kwarter", "GM_TYPE": "Unknown Line Type", "ELEVATION": 0 }, "geometry": { "type": "MultiLineString", "coordinates": [ [ [ 777199.172589838271961, 8980429.880935713648796 ], [ 777198.05908464663662, 8980655.317944269627333 ] ] ] } },
{ "type": "Feature", "properties": { "LAYER": "MSal Kwarter", "GM_TYPE": "Unknown Line Type", "ELEVATION": 0 }, "geometry": { "type": "MultiLineString", "coordinates": [ [ [ 776911.496568333473988, 8980671.926658671349287 ], [ 776894.273993643349968, 8980426.575454352423549 ] ] ] } },
{ "type": "Feature", "properties": { "LAYER": "MSal Kwarter", "GM_TYPE": "Unknown Line Type", "ELEVATION": 0 }, "geometry": { "type": "MultiLineString", "coordinates": [ [ [ 776892.027081965352409, 8980394.566158641129732 ], [ 776874.226921355118975, 8980140.986718790605664 ] ] ] } },
{ "type": "Feature", "properties": { "LAYER": "MSal Kwarter", "GM_TYPE": "Unknown Line Type", "ELEVATION": 0 }, "geometry": { "type": "MultiLineString", "coordinates": [ [ [ 776871.547605266794562, 8980102.817429881542921 ], [ 776854.518402016488835, 8979860.220977190881968 ] ] ] } },
{ "type": "Feature", "properties": { "LAYER": "MSal Kwarter", "GM_TYPE": "Unknown Line Type", "ELEVATION": 0 }, "geometry": { "type": "MultiLineString", "coordinates": [ [ [ 776871.547605267143808, 8980102.817429885268211 ], [ 777104.239112484152429, 8980099.789768630638719 ] ] ] } },
{ "type": "Feature", "properties": { "LAYER": "MSal Kwarter", "GM_TYPE": "Unknown Line Type", "ELEVATION": 0 }, "geometry": { "type": "MultiLineString", "coordinates": [ [ [ 776645.573971181176603, 8980684.817614234983921 ], [ 776647.972518105292693, 8980682.883427664637566 ], [ 776648.332393295131624, 8980681.553416211158037 ], [ 776648.440351329278201, 8980680.582892876118422 ], [ 776647.900561158545315, 8980679.540453899651766 ], [ 776646.873511772253551, 8980678.356381373479962 ] ] ] } },
{ "type": "Feature", "properties": { "LAYER": "MSal Kwarter", "GM_TYPE": "Unknown Line Type", "ELEVATION": 0 }, "geometry": { "type": "MultiLineString", "coordinates": [ [ [ 776894.273993643349968, 8980426.575454352423549 ], [ 776900.723306913278066, 8980431.100506693124771 ] ] ] } },
{ "type": "Feature", "properties": { "LAYER": "MSal Kwarter", "GM_TYPE": "Unknown Line Type", "ELEVATION": 0 }, "geometry": { "type": "MultiLineString", "coordinates": [ [ [ 776854.518402016488835, 8979860.220977190881968 ], [ 776878.15822344168555, 8979878.248159993439913 ] ] ] } },
{ "type": "Feature", "properties": { "LAYER": "MSal Kwarter", "GM_TYPE": "Unknown Line Type", "ELEVATION": 0 }, "geometry": { "type": "MultiLineString", "coordinates": [ [ [ 777104.239112484152429, 8980099.789768630638719 ], [ 777099.310550444410183, 8980094.792217046022415 ] ] ] } },
{ "type": "Feature", "properties": { "LAYER": "MSal Kwarter", "GM_TYPE": "Unknown Line Type", "ELEVATION": 0 }, "geometry": { "type": "MultiLineString", "coordinates": [ [ [ 776552.937201415421441, 8979862.154963277280331 ], [ 776566.319926583440974, 8979869.324564456939697 ] ] ] } },
{ "type": "Feature", "properties": { "LAYER": "MSal Kwarter", "GM_TYPE": "Unknown Line Type", "ELEVATION": 0 }, "geometry": { "type": "MultiLineString", "coordinates": [ [ [ 777199.172589838271961, 8980429.880935713648796 ], [ 777204.749865346355364, 8980433.080460764467716 ] ] ] } },
{ "type": "Feature", "properties": { "LAYER": "MSal Kwarter", "GM_TYPE": "Unknown Line Type", "ELEVATION": 0 }, "geometry": { "type": "MultiLineString", "coordinates": [ [ [ 776589.922461734386161, 8980151.688134644180536 ], [ 776596.960379557916895, 8980154.56854260712862 ] ] ] } },
{ "type": "Feature", "properties": { "LAYER": "MSal Kwarter", "GM_TYPE": "Unknown Line Type", "ELEVATION": 0 }, "geometry": { "type": "MultiLineString", "coordinates": [ [ [ 776616.232738287188113, 8980400.367961309850216 ], [ 776619.219001512974501, 8980396.985341457650065 ], [ 776620.211699834209867, 8980394.086740579456091 ], [ 776619.219001512974501, 8980390.883027367293835 ], [ 776616.857242641970515, 8980388.297609327360988 ] ] ] } },
{ "type": "Feature", "properties": { "LAYER": "MSal Kwarter", "GM_TYPE": "Unknown Line Type", "ELEVATION": 0 }, "geometry": { "type": "MultiLineString", "coordinates": [ [ [ 777434.358278996194713, 8980648.733791004866362 ], [ 777429.900890998076648, 8980642.678467150777578 ] ] ] } },
{ "type": "Feature", "properties": { "LAYER": "MSal Kwarter", "GM_TYPE": "Unknown Line Type", "ELEVATION": 14 }, "geometry": { "type": "MultiLineString", "coordinates": [ [ [ 776675.630189315183088, 8981184.235662896186113 ], [ 777040.751238661119714, 8981176.12899086996913 ] ] ] } },
{ "type": "Feature", "properties": { "LAYER": "MSal Kwarter", "GM_TYPE": "Unknown Line Type", "ELEVATION": 0 }, "geometry": { "type": "MultiLineString", "coordinates": [ [ [ 776658.388224743073806, 8980874.762212865054607 ], [ 777019.485972378053702, 8980824.760410871356726 ] ] ] } },
{ "type": "Feature", "properties": { "LAYER": "MSal Kwarter", "GM_TYPE": "Unknown Line Type", "ELEVATION": 0 }, "geometry": { "type": "MultiLineString", "coordinates": [ [ [ 776685.376552358386107, 8981357.98029987514019 ], [ 777097.359879598254338, 8981333.566906370222569 ] ] ] } },
{ "type": "Feature", "properties": { "LAYER": "MSal Kwarter", "GM_TYPE": "Unknown Line Type", "ELEVATION": 0 }, "geometry": { "type": "MultiLineString", "coordinates": [ [ [ 776695.586998510058038, 8981353.368230223655701 ], [ 777039.541371859493665, 8981332.986110586673021 ] ] ] } },
{ "type": "Feature", "properties": { "LAYER": "MSal Kwarter", "GM_TYPE": "Unknown Line Type", "ELEVATION": 0 }, "geometry": { "type": "MultiLineString", "coordinates": [ [ [ 776666.550947904121131, 8981011.216020258143544 ], [ 777030.194336822605692, 8981001.696018394082785 ] ] ] } },
{ "type": "Feature", "properties": { "LAYER": "MSal Kwarter", "GM_TYPE": "Unknown Line Type", "ELEVATION": 14 }, "geometry": { "type": "MultiLineString", "coordinates": [ [ [ 777040.751238661119714, 8981176.12899086996913 ], [ 777034.934862591326237, 8981169.931414507329464 ] ] ] } },
{ "type": "Feature", "properties": { "LAYER": "MSal Kwarter", "GM_TYPE": "Unknown Line Type", "ELEVATION": 0 }, "geometry": { "type": "MultiLineString", "coordinates": [ [ [ 776208.647593740839511, 8981035.218285854905844 ], [ 776208.833465926232748, 8981031.281610192731023 ], [ 776209.208587578497827, 8981028.337976943701506 ], [ 776211.448601565789431, 8981027.677568826824427 ], [ 776211.448601566255093, 8981027.677568826824427 ] ] ] } },
{ "type": "Feature", "properties": { "LAYER": "MSal Kwarter", "GM_TYPE": "Unknown Line Type", "ELEVATION": 0 }, "geometry": { "type": "MultiLineString", "coordinates": [ [ [ 777030.194336822605692, 8981001.696018394082785 ], [ 777025.759650828083977, 8980996.160048387944698 ] ] ] } },
{ "type": "Feature", "properties": { "LAYER": "MSal Kwarter", "GM_TYPE": "Unknown Line Type", "ELEVATION": 0 }, "geometry": { "type": "MultiLineString", "coordinates": [ [ [ 777019.485972378053702, 8980824.760410871356726 ], [ 777015.974546274635941, 8980820.169992607086897 ] ] ] } },
{ "type": "Feature", "properties": { "LAYER": "MSal Kwarter", "GM_TYPE": "Unknown Line Type", "ELEVATION": 0 }, "geometry": { "type": "MultiLineString", "coordinates": [ [ [ 776693.379658237448893, 8981503.749203111976385 ], [ 776698.997546489350498, 8981503.799435980618 ], [ 776700.805560890235938, 8981505.725914899259806 ], [ 776703.336808187654242, 8981507.652393817901611 ], [ 776705.554494002135471, 8981509.975718878209591 ] ] ] } },
{ "type": "Feature", "properties": { "LAYER": "MSal Kwarter", "GM_TYPE": "Unknown Line Type", "ELEVATION": 0 }, "geometry": { "type": "MultiLineString", "coordinates": [ [ [ 776694.274062423035502, 8981510.644537936896086 ], [ 776696.454087767982855, 8981509.893531788140535 ], [ 776696.357979337801225, 8981507.68546960875392 ], [ 776693.958941348828375, 8981503.754382826387882 ] ] ] } },
{ "type": "Feature", "properties": { "LAYER": "MSal Kwarter", "GM_TYPE": "Unknown Line Type", "ELEVATION": 0 }, "geometry": { "type": "MultiLineString", "coordinates": [ [ [ 777049.495764639461413, 8981490.515538897365332 ], [ 777047.379072575247847, 8981487.987047597765923 ] ] ] } },
{ "type": "Feature", "properties": { "LAYER": "MSal Kwarter", "GM_TYPE": "Unknown Line Type", "ELEVATION": 0 }, "geometry": { "type": "MultiLineString", "coordinates": [ [ [ 776308.429468377260491, 8980241.839288420975208 ], [ 776332.06711234152317, 8980067.340859517455101 ] ] ] } },
{ "type": "Feature", "properties": { "LAYER": "MSal Kwarter", "GM_TYPE": "Unknown Line Type", "ELEVATION": 0 }, "geometry": { "type": "MultiLineString", "coordinates": [ [ [ 777088.664360199356452, 8981169.604139946401119 ], [ 777503.595354327233508, 8981039.477847078815103 ] ] ] } },
{ "type": "Feature", "properties": { "LAYER": "MSal Kwarter", "GM_TYPE": "Unknown Line Type", "ELEVATION": 0 }, "geometry": { "type": "MultiLineString", "coordinates": [ [ [ 777078.852297815843485, 8980995.288055025041103 ], [ 777479.016409335192293, 8980883.007332868874073 ] ] ] } },
{ "type": "Feature", "properties": { "LAYER": "MSal Kwarter", "GM_TYPE": "Unknown Line Type", "ELEVATION": 0 }, "geometry": { "type": "MultiLineString", "coordinates": [ [ [ 777067.917007297975942, 8980815.241409715265036 ], [ 777464.153713912819512, 8980752.688255304470658 ] ] ] } },
{ "type": "Feature", "properties": { "LAYER": "MSal Kwarter", "GM_TYPE": "Unknown Line Type", "ELEVATION": 0 }, "geometry": { "type": "MultiLineString", "coordinates": [ [ [ 777479.016409335192293, 8980883.007332868874073 ], [ 777473.413722665980458, 8980880.012447228655219 ] ] ] } },
{ "type": "Feature", "properties": { "LAYER": "MSal Kwarter", "GM_TYPE": "Unknown Line Type", "ELEVATION": 0 }, "geometry": { "type": "MultiLineString", "coordinates": [ [ [ 777464.153713912819512, 8980752.688255304470658 ], [ 777455.73537973780185, 8980747.90036310441792 ] ] ] } },
{ "type": "Feature", "properties": { "LAYER": "MSal Kwarter", "GM_TYPE": "Unknown Line Type", "ELEVATION": 0 }, "geometry": { "type": "MultiLineString", "coordinates": [ [ [ 777503.595354327233508, 8981039.477847078815103 ], [ 777491.055386094376445, 8981029.42501500248909 ] ] ] } },
{ "type": "Feature", "properties": { "LAYER": "MSal Kwarter", "GM_TYPE": "Unknown Line Type", "ELEVATION": 0 }, "geometry": { "type": "MultiLineString", "coordinates": [ [ [ 777533.737896726233885, 8981235.767511006444693 ], [ 777526.9570030819159, 8981233.919059963896871 ] ] ] } },
{ "type": "Feature", "properties": { "LAYER": "MSal Kwarter", "GM_TYPE": "Unknown Line Type", "ELEVATION": 0 }, "geometry": { "type": "MultiLineString", "coordinates": [ [ [ 777062.229532038210891, 8980698.718162391334772 ], [ 777071.048656739061698, 8980704.736887019127607 ] ] ] } },
{ "type": "Feature", "properties": { "LAYER": "MSal Kwarter", "GM_TYPE": "Unknown Line Type", "ELEVATION": 0 }, "geometry": { "type": "MultiLineString", "coordinates": [ [ [ 777563.898565845214762, 8981250.467221666127443 ], [ 777552.444747579982504, 8981259.270267322659492 ] ] ] } },
{ "type": "Feature", "properties": { "LAYER": "MSal Kwarter", "GM_TYPE": "Unknown Line Type", "ELEVATION": 0 }, "geometry": { "type": "MultiLineString", "coordinates": [ [ [ 777168.522961707785726, 8981484.33787713944912 ], [ 777175.401923767291009, 8981475.264915037900209 ] ] ] } },
{ "type": "Feature", "properties": { "LAYER": "MSal Kwarter", "GM_TYPE": "Unknown Line Type", "ELEVATION": 0 }, "geometry": { "type": "MultiLineString", "coordinates": [ [ [ 776340.502086860244162, 8980499.375217355787754 ], [ 775958.708175409818068, 8980256.303026486188173 ] ] ] } },
{ "type": "Feature", "properties": { "LAYER": "MSal Kwarter", "GM_TYPE": "Unknown Line Type", "ELEVATION": 0 }, "geometry": { "type": "MultiLineString", "coordinates": [ [ [ 776207.255958327325061, 8981034.264864174649119 ], [ 775956.457569789141417, 8980862.440678706392646 ] ] ] } },
{ "type": "Feature", "properties": { "LAYER": "MSal Kwarter", "GM_TYPE": "Unknown Line Type", "ELEVATION": 0 }, "geometry": { "type": "MultiLineString", "coordinates": [ [ [ 776656.13570606848225, 8981336.947624232620001 ], [ 776279.624851566040888, 8981078.99672083184123 ] ] ] } },
{ "type": "Feature", "properties": { "LAYER": "MSal Kwarter", "GM_TYPE": "Unknown Line Type", "ELEVATION": 0 }, "geometry": { "type": "MultiLineString", "coordinates": [ [ [ 776211.448601566138677, 8981027.677568826824427 ], [ 776324.55903462076094, 8980871.79476373270154 ] ] ] } },
{ "type": "Feature", "properties": { "LAYER": "MSal Kwarter", "GM_TYPE": "Unknown Line Type", "ELEVATION": 0 }, "geometry": { "type": "MultiLineString", "coordinates": [ [ [ 776357.297341685043648, 8980833.48748342692852 ], [ 776506.423587946686894, 8980627.969593055546284 ] ] ] } },
{ "type": "Feature", "properties": { "LAYER": "MSal Kwarter", "GM_TYPE": "Unknown Line Type", "ELEVATION": 0 }, "geometry": { "type": "MultiLineString", "coordinates": [ [ [ 776219.316959249903448, 8981030.455654576420784 ], [ 776509.661087901564315, 8980630.318761855363846 ] ] ] } },
{ "type": "Feature", "properties": { "LAYER": "MSal Kwarter", "GM_TYPE": "Unknown Line Type", "ELEVATION": 0 }, "geometry": { "type": "MultiLineString", "coordinates": [ [ [ 776355.347870567813516, 8980836.174141217023134 ], [ 775958.675280923722312, 8980604.320340398699045 ] ] ] } },
{ "type": "Feature", "properties": { "LAYER": "MSal Kwarter", "GM_TYPE": "Unknown Line Type", "ELEVATION": 0 }, "geometry": { "type": "MultiLineString", "coordinates": [ [ [ 776129.79213091917336, 8980704.337566420435905 ], [ 776219.093396040378138, 8980456.591174237430096 ] ] ] } },
{ "type": "Feature", "properties": { "LAYER": "MSal Kwarter", "GM_TYPE": "Unknown Line Type", "ELEVATION": 0 }, "geometry": { "type": "MultiLineString", "coordinates": [ [ [ 775956.457569789141417, 8980862.440678706392646 ], [ 775969.189301361795515, 8980858.88341786339879 ] ] ] } },
{ "type": "Feature", "properties": { "LAYER": "MSal Kwarter", "GM_TYPE": "Unknown Line Type", "ELEVATION": 0 }, "geometry": { "type": "MultiLineString", "coordinates": [ [ [ 775958.675280923722312, 8980604.320340398699045 ], [ 775968.46228889178019, 8980600.441287830471992 ] ] ] } },
{ "type": "Feature", "properties": { "LAYER": "MSal Kwarter", "GM_TYPE": "Unknown Line Type", "ELEVATION": 0 }, "geometry": { "type": "MultiLineString", "coordinates": [ [ [ 776219.093396040378138, 8980456.591174237430096 ], [ 776214.331756208091974, 8980458.130485687404871 ] ] ] } },
{ "type": "Feature", "properties": { "LAYER": "MSal Kwarter", "GM_TYPE": "Unknown Line Type", "ELEVATION": 0 }, "geometry": { "type": "MultiLineString", "coordinates": [ [ [ 776686.297090797219425, 8981511.216900154948235 ], [ 776680.364097376586869, 8981511.695017101243138 ] ] ] } },
{ "type": "Feature", "properties": { "LAYER": "MSal Kwarter", "GM_TYPE": "Unknown Line Type", "ELEVATION": 0 }, "geometry": { "type": "MultiLineString", "coordinates": [ [ [ 776667.757004213286564, 8981349.758187625557184 ], [ 776667.862583943642676, 8981341.745760876685381 ], [ 776665.490987107157707, 8981338.71344256401062 ], [ 776660.842703063623048, 8981337.292041782289743 ], [ 776656.135706065921113, 8981336.947624232620001 ] ] ] } },
{ "type": "Feature", "properties": { "LAYER": "MSal Kwarter", "GM_TYPE": "Unknown Line Type", "ELEVATION": 0 }, "geometry": { "type": "MultiLineString", "coordinates": [ [ [ 776279.624851566040888, 8981078.99672083184123 ], [ 776291.440867491299286, 8981076.780871171504259 ] ] ] } },
{ "type": "Feature", "properties": { "LAYER": "MSal Kwarter", "GM_TYPE": "Unknown Line Type", "ELEVATION": 0 }, "geometry": { "type": "MultiLineString", "coordinates": [ [ [ 775958.708175409818068, 8980256.303026486188173 ], [ 775971.72609007335268, 8980252.131636187434196 ] ] ] } },
{ "type": "Feature", "properties": { "LAYER": "MSal Kwarter", "GM_TYPE": "Unknown Line Type", "ELEVATION": 0 }, "geometry": { "type": "MultiLineString", "coordinates": [ [ [ 776509.661087901564315, 8980630.318761855363846 ], [ 776510.346345044323243, 8980631.86342815682292 ] ] ] } },
{ "type": "Feature", "properties": { "LAYER": "MSal Kwarter", "GM_TYPE": "Unknown Line Type", "ELEVATION": 0 }, "geometry": { "type": "MultiLineString", "coordinates": [ [ [ 776506.423587946686894, 8980627.969593055546284 ], [ 776503.842797353863716, 8980628.457491803914309 ] ] ] } },
{ "type": "Feature", "properties": { "LAYER": "MSal Kwarter", "GM_TYPE": "Unknown Line Type", "ELEVATION": 0 }, "geometry": { "type": "MultiLineString", "coordinates": [ [ [ 776213.038161426084116, 8981035.774088531732559 ], [ 776217.249461907544173, 8981035.048896688967943 ], [ 776219.213428446790203, 8981032.740845587104559 ], [ 776219.316959248739295, 8981030.455654580146074 ] ] ] } },
{ "type": "Feature", "properties": { "LAYER": "MSal Kwarter", "GM_TYPE": "Unknown Line Type", "ELEVATION": 0 }, "geometry": { "type": "MultiLineString", "coordinates": [ [ [ 776324.55903462076094, 8980871.79476373270154 ], [ 776316.289527273154818, 8980871.347540337592363 ] ] ] } },
{ "type": "Feature", "properties": { "LAYER": "MSal Kwarter", "GM_TYPE": "Unknown Line Type", "ELEVATION": 0 }, "geometry": { "type": "MultiLineString", "coordinates": [ [ [ 776568.92562056274619, 8980108.700978074222803 ], [ 776114.334253154462203, 8979955.05879221111536 ] ] ] } },
{ "type": "Feature", "properties": { "LAYER": "MSal Kwarter", "GM_TYPE": "Unknown Line Type", "ELEVATION": 0 }, "geometry": { "type": "MultiLineString", "coordinates": [ [ [ 776306.293492724187672, 8980240.670812854543328 ], [ 776140.048010647529736, 8980149.72699342854321 ] ] ] } },
{ "type": "Feature", "properties": { "LAYER": "MSal Kwarter", "GM_TYPE": "Unknown Line Type", "ELEVATION": 0 }, "geometry": { "type": "MultiLineString", "coordinates": [ [ [ 776348.682392235612497, 8980504.583275131881237 ], [ 776311.804644015152007, 8980267.462146926671267 ] ] ] } },
{ "type": "Feature", "properties": { "LAYER": "MSal Kwarter", "GM_TYPE": "Unknown Line Type", "ELEVATION": 0 }, "geometry": { "type": "MultiLineString", "coordinates": [ [ [ 776336.85425702331122, 8980030.265807224437594 ], [ 776324.039208592614159, 8979803.976803705096245 ] ] ] } },
{ "type": "Feature", "properties": { "LAYER": "MSal Kwarter", "GM_TYPE": "Unknown Line Type", "ELEVATION": 0 }, "geometry": { "type": "MultiLineString", "coordinates": [ [ [ 776570.838872820138931, 8980160.873078353703022 ], [ 776564.050626601441763, 8980166.109118919819593 ] ] ] } },
{ "type": "Feature", "properties": { "LAYER": "MSal Kwarter", "GM_TYPE": "Unknown Line Type", "ELEVATION": 0 }, "geometry": { "type": "MultiLineString", "coordinates": [ [ [ 776629.806922420859337, 8980680.901551257818937 ], [ 776626.644151518354192, 8980677.350617870688438 ], [ 776625.495813645655289, 8980674.912377890199423 ], [ 776626.000854382058606, 8980671.47042366489768 ] ] ] } },
{ "type": "Feature", "properties": { "LAYER": "MSal Kwarter", "GM_TYPE": "Unknown Line Type", "ELEVATION": 0 }, "geometry": { "type": "MultiLineString", "coordinates": [ [ [ 776602.93224221735727, 8980442.798344422131777 ], [ 776599.00801981985569, 8980447.959239576011896 ] ] ] } },
{ "type": "Feature", "properties": { "LAYER": "MSal Kwarter", "GM_TYPE": "Unknown Line Type", "ELEVATION": 0 }, "geometry": { "type": "MultiLineString", "coordinates": [ [ [ 776332.06711234152317, 8980067.340859517455101 ], [ 776322.388404572848231, 8980072.726852919906378 ] ] ] } },
{ "type": "Feature", "properties": { "LAYER": "MSal Kwarter", "GM_TYPE": "Unknown Line Type", "ELEVATION": 0 }, "geometry": { "type": "MultiLineString", "coordinates": [ [ [ 776600.144022528780624, 8980400.269454900175333 ], [ 776596.284675314556807, 8980395.11980789154768 ], [ 776595.435602534445934, 8980391.821429159492254 ], [ 776596.751353843254037, 8980388.502125851809978 ] ] ] } },
{ "type": "Feature", "properties": { "LAYER": "MSal Kwarter", "GM_TYPE": "Unknown Line Type", "ELEVATION": 0 }, "geometry": { "type": "MultiLineString", "coordinates": [ [ [ 776324.039208592614159, 8979803.976803705096245 ], [ 776319.974920998443849, 8979807.189225662499666 ] ] ] } },
{ "type": "Feature", "properties": { "LAYER": "MSal Kwarter", "GM_TYPE": "Unknown Line Type", "ELEVATION": 0 }, "geometry": { "type": "MultiLineString", "coordinates": [ [ [ 776114.334253154462203, 8979955.05879221111536 ], [ 776127.912484674947336, 8979950.989547424018383 ] ] ] } },
{ "type": "Feature", "properties": { "LAYER": "MSal Kwarter", "GM_TYPE": "Unknown Line Type", "ELEVATION": 0 }, "geometry": { "type": "MultiLineString", "coordinates": [ [ [ 776311.804644015152007, 8980267.462146926671267 ], [ 776307.552559279254638, 8980274.138877745717764 ] ] ] } },
{ "type": "Feature", "properties": { "LAYER": "MSal Kwarter", "GM_TYPE": "Unknown Line Type", "ELEVATION": 0 }, "geometry": { "type": "MultiLineString", "coordinates": [ [ [ 776540.908951230230741, 8979862.587618701159954 ], [ 776529.628138804808259, 8979870.063364300876856 ] ] ] } },
{ "type": "Feature", "properties": { "LAYER": "MSal Kwarter", "GM_TYPE": "Unknown Line Type", "ELEVATION": 0 }, "geometry": { "type": "MultiLineString", "coordinates": [ [ [ 776140.048010647529736, 8980149.72699342854321 ], [ 776152.181559847667813, 8980146.27709086984396 ] ] ] } },
{ "type": "Feature", "properties": { "LAYER": "MSal Kwarter", "GM_TYPE": "Unknown Line Type", "ELEVATION": 0 }, "geometry": { "type": "MultiLineString", "coordinates": [ [ [ 775313.224485810147598, 8981355.409762963652611 ], [ 775944.576065265224315, 8981325.001871075481176 ] ] ] } },
{ "type": "Feature", "properties": { "LAYER": "MSal Kwarter", "GM_TYPE": "Unknown Line Type", "ELEVATION": 0 }, "geometry": { "type": "MultiLineString", "coordinates": [ [ [ 775994.281351846992038, 8981318.603270338848233 ], [ 776154.703560208203271, 8981310.876828640699387 ] ] ] } },
{ "type": "Feature", "properties": { "LAYER": "MSal Kwarter", "GM_TYPE": "Unknown Line Type", "ELEVATION": 0 }, "geometry": { "type": "MultiLineString", "coordinates": [ [ [ 775693.684246653574519, 8980386.708548709750175 ], [ 775842.290664859348908, 8980317.335601091384888 ] ] ] } },
{ "type": "Feature", "properties": { "LAYER": "MSal Kwarter", "GM_TYPE": "Unknown Line Type", "ELEVATION": 0 }, "geometry": { "type": "MultiLineString", "coordinates": [ [ [ 775313.224485810147598, 8981355.409762963652611 ], [ 775319.254451657412574, 8981350.430753458291292 ] ] ] } },
{ "type": "Feature", "properties": { "LAYER": "MSal Kwarter", "GM_TYPE": "Unknown Line Type", "ELEVATION": 0 }, "geometry": { "type": "MultiLineString", "coordinates": [ [ [ 775932.565633701742627, 8981139.497667394578457 ], [ 775453.413386195199564, 8981158.87258374877274 ] ] ] } },
{ "type": "Feature", "properties": { "LAYER": "MSal Kwarter", "GM_TYPE": "Unknown Line Type", "ELEVATION": 0 }, "geometry": { "type": "MultiLineString", "coordinates": [ [ [ 775910.44599562510848, 8980749.80435336753726 ], [ 775443.637381601845846, 8980790.538513969630003 ] ] ] } },
{ "type": "Feature", "properties": { "LAYER": "MSal Kwarter", "GM_TYPE": "Unknown Line Type", "ELEVATION": 0 }, "geometry": { "type": "MultiLineString", "coordinates": [ [ [ 775904.199710986460559, 8980622.786039685830474 ], [ 775444.565234338631853, 8980647.805049549788237 ] ] ] } },
{ "type": "Feature", "properties": { "LAYER": "MSal Kwarter", "GM_TYPE": "Unknown Line Type", "ELEVATION": 0 }, "geometry": { "type": "MultiLineString", "coordinates": [ [ [ 775895.169774241861887, 8980472.101671811193228 ], [ 775532.361395883257501, 8980489.888934623450041 ] ] ] } },
{ "type": "Feature", "properties": { "LAYER": "MSal Kwarter", "GM_TYPE": "Unknown Line Type", "ELEVATION": 0 }, "geometry": { "type": "MultiLineString", "coordinates": [ [ [ 775444.565234338631853, 8980647.805049549788237 ], [ 775448.565776736009866, 8980643.16556634567678 ] ] ] } },
{ "type": "Feature", "properties": { "LAYER": "MSal Kwarter", "GM_TYPE": "Unknown Line Type", "ELEVATION": 0 }, "geometry": { "type": "MultiLineString", "coordinates": [ [ [ 775532.361395883257501, 8980489.888934623450041 ], [ 775537.481834304635413, 8980485.40237370505929 ] ] ] } },
{ "type": "Feature", "properties": { "LAYER": "MSal Kwarter", "GM_TYPE": "Unknown Line Type", "ELEVATION": 0 }, "geometry": { "type": "MultiLineString", "coordinates": [ [ [ 775470.96227860043291, 8980958.207757342606783 ], [ 775486.71591507922858, 8980941.338631872087717 ] ] ] } },
{ "type": "Feature", "properties": { "LAYER": "MSal Kwarter", "GM_TYPE": "Unknown Line Type", "ELEVATION": 0 }, "geometry": { "type": "MultiLineString", "coordinates": [ [ [ 775443.637381601845846, 8980790.538513969630003 ], [ 775445.147717968095094, 8980788.496526908129454 ] ] ] } },
{ "type": "Feature", "properties": { "LAYER": "MSal Kwarter", "GM_TYPE": "Unknown Line Type", "ELEVATION": 0 }, "geometry": { "type": "MultiLineString", "coordinates": [ [ [ 775453.413386195199564, 8981158.87258374877274 ], [ 775461.933533911127597, 8981148.404469911009073 ] ] ] } },
{ "type": "Feature", "properties": { "LAYER": "MSal Kwarter", "GM_TYPE": "Unknown Line Type", "ELEVATION": 0 }, "geometry": { "type": "MultiLineString", "coordinates": [ [ [ 776160.728106654714793, 8981440.761715855449438 ], [ 776167.099361843545921, 8981427.349951101467013 ], [ 776180.746590659138747, 8981418.964240394532681 ], [ 776199.090736626996659, 8981411.285579774528742 ], [ 776219.784534776699729, 8981407.611249379813671 ], [ 776239.811274004401639, 8981399.008093198761344 ], [ 776253.945979037787765, 8981405.28661660477519 ], [ 776266.996439191396348, 8981415.5547228846699 ], [ 776291.891766916844063, 8981446.592707365751266 ], [ 776312.650204723933712, 8981464.491429319605231 ] ] ] } },
{ "type": "Feature", "properties": { "LAYER": "MSal Kwarter", "GM_TYPE": "Unknown Line Type", "ELEVATION": 0 }, "geometry": { "type": "MultiLineString", "coordinates": [ [ [ 775887.572299394989386, 8980338.64855887927115 ], [ 775885.132509150193073, 8980340.801157327368855 ] ] ] } },
{ "type": "Feature", "properties": { "LAYER": "MSal Kwarter", "GM_TYPE": "Unknown Line Type", "ELEVATION": 0 }, "geometry": { "type": "MultiLineString", "coordinates": [ [ [ 775655.536018739338033, 8981566.057491797953844 ], [ 775579.605373651371337, 8981373.94795985147357 ] ] ] } },
{ "type": "Feature", "properties": { "LAYER": "MSal Kwarter", "GM_TYPE": "Unknown Line Type", "ELEVATION": 0 }, "geometry": { "type": "MultiLineString", "coordinates": [ [ [ 775327.584502300131135, 8981584.438694827258587 ], [ 775329.233924975036643, 8981582.693794466555119 ] ] ] } },
{ "type": "Feature", "properties": { "LAYER": "MSal Kwarter", "GM_TYPE": "Unknown Line Type", "ELEVATION": 0 }, "geometry": { "type": "MultiLineString", "coordinates": [ [ [ 775579.605373651371337, 8981373.94795985147357 ], [ 775587.422063305974007, 8981377.181910067796707 ] ] ] } },
{ "type": "Feature", "properties": { "LAYER": "MSal Kwarter", "GM_TYPE": "Unknown Line Type", "ELEVATION": 0 }, "geometry": { "type": "MultiLineString", "coordinates": [ [ [ 775246.664177976315841, 8981362.728279232978821 ], [ 775249.339723707409576, 8981362.723430126905441 ], [ 775250.071662846487015, 8981361.338137935847044 ], [ 775250.071662846487015, 8981360.068289559334517 ], [ 775249.416773483739235, 8981358.567536760121584 ], [ 775246.219410179415718, 8981354.950369998812675 ] ] ] } },
{ "type": "Feature", "properties": { "LAYER": "MSal Kwarter", "GM_TYPE": "Unknown Line Type", "ELEVATION": 0 }, "geometry": { "type": "MultiLineString", "coordinates": [ [ [ 775952.263689284096472, 8981506.4700842872262 ], [ 775938.202669991413131, 8981491.876880176365376 ] ] ] } },
{ "type": "Feature", "properties": { "LAYER": "MSal Kwarter", "GM_TYPE": "Unknown Line Type", "ELEVATION": 0 }, "geometry": { "type": "MultiLineString", "coordinates": [ [ [ 775942.859779855934903, 8981326.892235524952412 ], [ 775940.021092732087709, 8981329.680017193779349 ], [ 775938.737138041877188, 8981333.912496618926525 ], [ 775939.919622529298067, 8981336.520022716373205 ], [ 775941.352714149048552, 8981338.624476622790098 ] ] ] } },
{ "type": "Feature", "properties": { "LAYER": "MSal Kwarter", "GM_TYPE": "Unknown Line Type", "ELEVATION": 0 }, "geometry": { "type": "MultiLineString", "coordinates": [ [ [ 776164.275193657609634, 8981517.234359797090292 ], [ 776154.703560208203271, 8981310.876828640699387 ] ] ] } },
{ "type": "Feature", "properties": { "LAYER": "MSal Kwarter", "GM_TYPE": "Unknown Line Type", "ELEVATION": 0 }, "geometry": { "type": "MultiLineString", "coordinates": [ [ [ 776159.589109404827468, 8981537.663226034492254 ], [ 776157.367037103045732, 8981535.088827254250646 ], [ 776154.37289231212344, 8981534.600522220134735 ], [ 776151.806496910052374, 8981536.004403378814459 ], [ 776148.096653200685978, 8981538.928781222552061 ] ] ] } },
{ "type": "Feature", "properties": { "LAYER": "MSal Kwarter", "GM_TYPE": "Unknown Line Type", "ELEVATION": 0 }, "geometry": { "type": "MultiLineString", "coordinates": [ [ [ 776163.589109404827468, 8981537.663226034492254 ], [ 776169.760767806554213, 8981531.118622932583094 ], [ 776169.464297174359672, 8981524.307358967140317 ], [ 776164.275193657726049, 8981517.234359797090292 ] ] ] } },
{ "type": "Feature", "properties": { "LAYER": "MSal Kwarter", "GM_TYPE": "Unknown Line Type", "ELEVATION": 0 }, "geometry": { "type": "MultiLineString", "coordinates": [ [ [ 775994.281351846992038, 8981318.603270338848233 ], [ 775998.174890542053618, 8981312.859387751668692 ] ] ] } },
{ "type": "Feature", "properties": { "LAYER": "MSal Kwarter", "GM_TYPE": "Unknown Line Type", "ELEVATION": 0 }, "geometry": { "type": "MultiLineString", "coordinates": [ [ [ 775230.529783584643155, 8981020.396351303905249 ], [ 775237.937166462186724, 8981026.158088505268097 ] ] ] } },
{ "type": "Feature", "properties": { "LAYER": "MSal Kwarter", "GM_TYPE": "Unknown Line Type", "ELEVATION": 0 }, "geometry": { "type": "MultiLineString", "coordinates": [ [ [ 775246.219410179415718, 8981354.950369998812675 ], [ 775246.111746191862039, 8981354.505247689783573 ] ] ] } },
{ "type": "Feature", "properties": { "LAYER": "MSal Kwarter", "GM_TYPE": "Unknown Line Type", "ELEVATION": 0 }, "geometry": { "type": "MultiLineString", "coordinates": [ [ [ 775382.842841440346092, 8980531.816578244790435 ], [ 775392.200450076488778, 8980177.822689980268478 ] ] ] } },
{ "type": "Feature", "properties": { "LAYER": "MSal Kwarter", "GM_TYPE": "Unknown Line Type", "ELEVATION": 0 }, "geometry": { "type": "MultiLineString", "coordinates": [ [ [ 775245.923602315597236, 8981351.625813737511635 ], [ 775251.872414620942436, 8981351.23191699013114 ], [ 775252.418982253875583, 8981349.230056747794151 ], [ 775251.872414620942436, 8981346.937017444521189 ], [ 775249.42787356977351, 8981343.908428080379963 ] ] ] } },
{ "type": "Feature", "properties": { "LAYER": "MSal Kwarter", "GM_TYPE": "Unknown Line Type", "ELEVATION": 0 }, "geometry": { "type": "MultiLineString", "coordinates": [ [ [ 775680.901060492149554, 8980392.676038641482592 ], [ 775668.284393406705931, 8980136.255259640514851 ] ] ] } },
{ "type": "Feature", "properties": { "LAYER": "MSal Kwarter", "GM_TYPE": "Unknown Line Type", "ELEVATION": 0 }, "geometry": { "type": "MultiLineString", "coordinates": [ [ [ 775393.219727269839495, 8980139.263918083161116 ], [ 775401.29680878832005, 8979833.711762212216854 ] ] ] } },
{ "type": "Feature", "properties": { "LAYER": "MSal Kwarter", "GM_TYPE": "Unknown Line Type", "ELEVATION": 0 }, "geometry": { "type": "MultiLineString", "coordinates": [ [ [ 775666.890320199658163, 8980107.922155870124698 ], [ 775655.386653984547593, 8979874.121974542737007 ] ] ] } },
{ "type": "Feature", "properties": { "LAYER": "MSal Kwarter", "GM_TYPE": "Unknown Line Type", "ELEVATION": 9 }, "geometry": { "type": "MultiLineString", "coordinates": [ [ [ 775673.952476527425461, 8980105.022435648366809 ], [ 776023.957369284704328, 8979961.580647796392441 ] ] ] } },
{ "type": "Feature", "properties": { "LAYER": "MSal Kwarter", "GM_TYPE": "Unknown Line Type", "ELEVATION": 0 }, "geometry": { "type": "MultiLineString", "coordinates": [ [ [ 775202.219773446791805, 8980618.053932826966047 ], [ 775205.02785357250832, 8980616.79966109059751 ], [ 775206.198663430055603, 8980615.657146867364645 ], [ 775205.990689756465144, 8980613.822188088670373 ], [ 775203.942043579183519, 8980612.576629657298326 ], [ 775202.147106876131147, 8980610.00486721098423 ] ] ] } },
{ "type": "Feature", "properties": { "LAYER": "MSal Kwarter", "GM_TYPE": "Unknown Line Type", "ELEVATION": 0 }, "geometry": { "type": "MultiLineString", "coordinates": [ [ [ 775202.147106876131147, 8980610.00486721098423 ], [ 775201.440772281493992, 8980609.066672086715698 ], [ 775201.541908546350896, 8980608.307794820517302 ] ] ] } },
{ "type": "Feature", "properties": { "LAYER": "MSal Kwarter", "GM_TYPE": "Unknown Line Type", "ELEVATION": 0 }, "geometry": { "type": "MultiLineString", "coordinates": [ [ [ 775202.857051070197485, 8980606.215424820780754 ], [ 775206.544105508946814, 8980606.215424820780754 ], [ 775208.254043799242936, 8980607.603236155584455 ], [ 775210.498337805271149, 8980608.724169734865427 ], [ 775213.11671454703901, 8980609.578208770602942 ], [ 775215.684012677171268, 8980609.850224513560534 ] ] ] } },
{ "type": "Feature", "properties": { "LAYER": "MSal Kwarter", "GM_TYPE": "Unknown Line Type", "ELEVATION": 0 }, "geometry": { "type": "MultiLineString", "coordinates": [ [ [ 775203.463889670441858, 8980604.307794820517302 ], [ 775205.999831827240996, 8980602.478699650615454 ], [ 775206.972467180457897, 8980601.229541815817356 ], [ 775206.694561726879328, 8980599.749076493084431 ], [ 775205.269553212448955, 8980597.991859335452318 ] ] ] } },
{ "type": "Feature", "properties": { "LAYER": "MSal Kwarter", "GM_TYPE": "Unknown Line Type", "ELEVATION": 0 }, "geometry": { "type": "MultiLineString", "coordinates": [ [ [ 775164.301061763311736, 8980215.19985412992537 ], [ 775170.225054004811682, 8980218.307378560304642 ] ] ] } },
{ "type": "Feature", "properties": { "LAYER": "MSal Kwarter", "GM_TYPE": "Unknown Line Type", "ELEVATION": 0 }, "geometry": { "type": "MultiLineString", "coordinates": [ [ [ 775133.268760781968012, 8979965.893479783087969 ], [ 775140.12122741935309, 8979970.102202236652374 ] ] ] } },
{ "type": "Feature", "properties": { "LAYER": "MSal Kwarter", "GM_TYPE": "Unknown Line Type", "ELEVATION": 0 }, "geometry": { "type": "MultiLineString", "coordinates": [ [ [ 775655.386653984547593, 8979874.121974542737007 ], [ 775662.491452397429384, 8979880.473616072908044 ] ] ] } },
{ "type": "Feature", "properties": { "LAYER": "MSal Kwarter", "GM_TYPE": "Unknown Line Type", "ELEVATION": 0 }, "geometry": { "type": "MultiLineString", "coordinates": [ [ [ 775401.29680878832005, 8979833.711762212216854 ], [ 775407.62054207874462, 8979839.489247962832451 ] ] ] } },
{ "type": "Feature", "properties": { "LAYER": "MSal Kwarter", "GM_TYPE": "Unknown Line Type", "ELEVATION": 0 }, "geometry": { "type": "MultiLineString", "coordinates": [ [ [ 775392.200450076488778, 8980177.822689980268478 ], [ 775400.671252742642537, 8980182.73810463026166 ] ] ] } },
{ "type": "Feature", "properties": { "LAYER": "MSal Kwarter", "GM_TYPE": "Unknown Line Type", "ELEVATION": 0 }, "geometry": { "type": "MultiLineString", "coordinates": [ [ [ 775668.284393406705931, 8980136.255259640514851 ], [ 775671.70915596280247, 8980138.55652728676796 ] ] ] } },
{ "type": "Feature", "properties": { "LAYER": "MSal Kwarter", "GM_TYPE": "Unknown Line Type", "ELEVATION": 9 }, "geometry": { "type": "MultiLineString", "coordinates": [ [ [ 776023.957369284704328, 8979961.580647796392441 ], [ 776018.014030386460945, 8979957.988209467381239 ] ] ] } },
{ "type": "Feature", "properties": { "LAYER": "MSal Kwarter", "GM_TYPE": "Unknown Line Type", "ELEVATION": 0 }, "geometry": { "type": "MultiLineString", "coordinates": [ [ [ 775842.290664859348908, 8980317.335601091384888 ], [ 775835.812967314152047, 8980314.364525947719812 ] ] ] } },
{ "type": "Feature", "properties": { "LAYER": "MSal Kwarter", "GM_TYPE": "Unknown Line Type", "ELEVATION": 0 }, "geometry": { "type": "MultiLineString", "coordinates": [ [ [ 775233.241362712811679, 8981358.483639553189278 ], [ 774841.581941194483079, 8981176.316758455708623 ] ] ] } },
{ "type": "Feature", "properties": { "LAYER": "MSal Kwarter", "GM_TYPE": "Unknown Line Type", "ELEVATION": 0 }, "geometry": { "type": "MultiLineString", "coordinates": [ [ [ 775243.616511197993532, 8981587.010818405076861 ], [ 775246.206557224271819, 8981567.917142648249865 ] ] ] } },
{ "type": "Feature", "properties": { "LAYER": "MSal Kwarter", "GM_TYPE": "Unknown Line Type", "ELEVATION": 0 }, "geometry": { "type": "MultiLineString", "coordinates": [ [ [ 775212.966696878429502, 8981587.298379376530647 ], [ 775151.049584805965424, 8981564.10588126257062 ] ] ] } },
{ "type": "Feature", "properties": { "LAYER": "MSal Kwarter", "GM_TYPE": "Unknown Line Type", "ELEVATION": 13 }, "geometry": { "type": "MultiLineString", "coordinates": [ [ [ 775056.617712104693055, 8981527.115258224308491 ], [ 775036.838056631153449, 8981311.315251253545284 ] ] ] } },
{ "type": "Feature", "properties": { "LAYER": "MSal Kwarter", "GM_TYPE": "Unknown Line Type", "ELEVATION": 13 }, "geometry": { "type": "MultiLineString", "coordinates": [ [ [ 775036.838056631153449, 8981311.315251253545284 ], [ 775028.556592433946207, 8981319.497379597276449 ] ] ] } },
{ "type": "Feature", "properties": { "LAYER": "MSal Kwarter", "GM_TYPE": "Unknown Line Type", "ELEVATION": 0 }, "geometry": { "type": "MultiLineString", "coordinates": [ [ [ 774964.556439373176545, 8981472.50975582934916 ], [ 774969.167711206013337, 8981473.65973012149334 ] ] ] } },
{ "type": "Feature", "properties": { "LAYER": "MSal Kwarter", "GM_TYPE": "Unknown Line Type", "ELEVATION": 0 }, "geometry": { "type": "MultiLineString", "coordinates": [ [ [ 775237.586941036628559, 8981409.562192987650633 ], [ 775233.213650848949328, 8981413.254081409424543 ] ] ] } },
{ "type": "Feature", "properties": { "LAYER": "MSal Kwarter", "GM_TYPE": "Unknown Line Type", "ELEVATION": 0 }, "geometry": { "type": "MultiLineString", "coordinates": [ [ [ 775241.591775766341016, 8981587.693892825394869 ], [ 775239.288803839241154, 8981585.837740756571293 ], [ 775235.150993929477409, 8981585.946222279220819 ], [ 775228.548293647821993, 8981587.387254655361176 ], [ 775224.608870831434615, 8981587.996920257806778 ], [ 775212.966696878429502, 8981587.298379376530647 ] ] ] } },
{ "type": "Feature", "properties": { "LAYER": "MSal Kwarter", "GM_TYPE": "Unknown Line Type", "ELEVATION": 0 }, "geometry": { "type": "MultiLineString", "coordinates": [ [ [ 775222.137928151758388, 8981146.147010192275047 ], [ 774745.864128154586069, 8980944.219326611608267 ] ] ] } },
{ "type": "Feature", "properties": { "LAYER": "MSal Kwarter", "GM_TYPE": "Unknown Line Type", "ELEVATION": 0 }, "geometry": { "type": "MultiLineString", "coordinates": [ [ [ 775207.05720735504292, 8980895.956269688904285 ], [ 774613.851656668703072, 8980711.278125431388617 ] ] ] } },
{ "type": "Feature", "properties": { "LAYER": "MSal Kwarter", "GM_TYPE": "Unknown Line Type", "ELEVATION": 0 }, "geometry": { "type": "MultiLineString", "coordinates": [ [ [ 774950.753237090306357, 8981031.086971143260598 ], [ 774894.864941099658608, 8980832.403816839680076 ] ] ] } },
{ "type": "Feature", "properties": { "LAYER": "MSal Kwarter", "GM_TYPE": "Unknown Line Type", "ELEVATION": 0 }, "geometry": { "type": "MultiLineString", "coordinates": [ [ [ 774884.494019218254834, 8980795.535140922293067 ], [ 774824.210453275591135, 8980581.226781323552132 ] ] ] } },
{ "type": "Feature", "properties": { "LAYER": "MSal Kwarter", "GM_TYPE": "Unknown Line Type", "ELEVATION": 0 }, "geometry": { "type": "MultiLineString", "coordinates": [ [ [ 775177.457842694595456, 8980612.99497939273715 ], [ 774564.422917632735334, 8980464.734612656757236 ] ] ] } },
{ "type": "Feature", "properties": { "LAYER": "MSal Kwarter", "GM_TYPE": "Unknown Line Type", "ELEVATION": 0 }, "geometry": { "type": "MultiLineString", "coordinates": [ [ [ 775178.398121219244786, 8980609.107065260410309 ], [ 774887.482372589525767, 8980538.750102192163467 ] ] ] } },
{ "type": "Feature", "properties": { "LAYER": "MSal Kwarter", "GM_TYPE": "Unknown Line Type", "ELEVATION": 0 }, "geometry": { "type": "MultiLineString", "coordinates": [ [ [ 774894.864941099658608, 8980832.403816839680076 ], [ 774891.238744451431558, 8980838.898060038685799 ] ] ] } },
{ "type": "Feature", "properties": { "LAYER": "MSal Kwarter", "GM_TYPE": "Unknown Line Type", "ELEVATION": 0 }, "geometry": { "type": "MultiLineString", "coordinates": [ [ [ 774824.210453275591135, 8980581.226781323552132 ], [ 774817.227003161096945, 8980589.711560908704996 ] ] ] } },
{ "type": "Feature", "properties": { "LAYER": "MSal Kwarter", "GM_TYPE": "Unknown Line Type", "ELEVATION": 0 }, "geometry": { "type": "MultiLineString", "coordinates": [ [ [ 774613.851656668703072, 8980711.278125431388617 ], [ 774626.795107868150808, 8980702.513082960620522 ] ] ] } },
{ "type": "Feature", "properties": { "LAYER": "MSal Kwarter", "GM_TYPE": "Unknown Line Type", "ELEVATION": 0 }, "geometry": { "type": "MultiLineString", "coordinates": [ [ [ 774745.864128154586069, 8980944.219326611608267 ], [ 774753.172292448114604, 8980941.189374968409538 ] ] ] } },
{ "type": "Feature", "properties": { "LAYER": "MSal Kwarter", "GM_TYPE": "Unknown Line Type", "ELEVATION": 0 }, "geometry": { "type": "MultiLineString", "coordinates": [ [ [ 774841.581941194483079, 8981176.316758455708623 ], [ 774852.278882711310871, 8981173.724187016487122 ] ] ] } },
{ "type": "Feature", "properties": { "LAYER": "MSal Kwarter", "GM_TYPE": "Unknown Line Type", "ELEVATION": 0 }, "geometry": { "type": "MultiLineString", "coordinates": [ [ [ 775238.668515873723663, 8981362.835445523262024 ], [ 775236.809284580871463, 8981362.978887775912881 ], [ 775235.288293661898933, 8981362.566857144236565 ], [ 775234.618021331494674, 8981360.904468011111021 ] ] ] } },
{ "type": "Feature", "properties": { "LAYER": "MSal Kwarter", "GM_TYPE": "Unknown Line Type", "ELEVATION": 0 }, "geometry": { "type": "MultiLineString", "coordinates": [ [ [ 775220.410748886875808, 8981144.037899322807789 ], [ 775218.784089918481186, 8981141.903830900788307 ], [ 775217.235740256961435, 8981140.266171207651496 ], [ 775216.643732147407718, 8981138.082630544900894 ], [ 775216.825865134247579, 8981136.081055803224444 ], [ 775217.451756169786677, 8981134.173704847693443 ] ] ] } },
{ "type": "Feature", "properties": { "LAYER": "MSal Kwarter", "GM_TYPE": "Unknown Line Type", "ELEVATION": 0 }, "geometry": { "type": "MultiLineString", "coordinates": [ [ [ 775205.541216148296371, 8980937.817117765545845 ], [ 775200.787839524331503, 8980941.513655537739396 ] ] ] } },
{ "type": "Feature", "properties": { "LAYER": "MSal Kwarter", "GM_TYPE": "Unknown Line Type", "ELEVATION": 0 }, "geometry": { "type": "MultiLineString", "coordinates": [ [ [ 775166.734438034472987, 8980341.418178053572774 ], [ 774967.538159313146025, 8980310.900939676910639 ] ] ] } },
{ "type": "Feature", "properties": { "LAYER": "MSal Kwarter", "GM_TYPE": "Unknown Line Type", "ELEVATION": 0 }, "geometry": { "type": "MultiLineString", "coordinates": [ [ [ 774911.025416181189939, 8980306.289752248674631 ], [ 774403.535440787672997, 8980228.54134925827384 ] ] ] } },
{ "type": "Feature", "properties": { "LAYER": "MSal Kwarter", "GM_TYPE": "Unknown Line Type", "ELEVATION": 0 }, "geometry": { "type": "MultiLineString", "coordinates": [ [ [ 775205.964006597641855, 8980672.33425972238183 ], [ 775212.414799182326533, 8980678.17590107023716 ] ] ] } },
{ "type": "Feature", "properties": { "LAYER": "MSal Kwarter", "GM_TYPE": "Unknown Line Type", "ELEVATION": 0 }, "geometry": { "type": "MultiLineString", "coordinates": [ [ [ 775193.311688975896686, 8980660.896141685545444 ], [ 775185.850539460079744, 8980665.55228616297245 ] ] ] } },
{ "type": "Feature", "properties": { "LAYER": "MSal Kwarter", "GM_TYPE": "Unknown Line Type", "ELEVATION": 0 }, "geometry": { "type": "MultiLineString", "coordinates": [ [ [ 774855.868388469913043, 8980080.647385258227587 ], [ 774231.865027017192915, 8979944.112318802624941 ] ] ] } },
{ "type": "Feature", "properties": { "LAYER": "MSal Kwarter", "GM_TYPE": "Unknown Line Type", "ELEVATION": 0 }, "geometry": { "type": "MultiLineString", "coordinates": [ [ [ 774809.073334539891221, 8980523.902465986087918 ], [ 774788.875338625512086, 8980319.828339187428355 ] ] ] } },
{ "type": "Feature", "properties": { "LAYER": "MSal Kwarter", "GM_TYPE": "Unknown Line Type", "ELEVATION": 0 }, "geometry": { "type": "MultiLineString", "coordinates": [ [ [ 774913.458119504270144, 8980306.662446897476912 ], [ 774865.381833589752205, 8980110.319726064801216 ] ] ] } },
{ "type": "Feature", "properties": { "LAYER": "MSal Kwarter", "GM_TYPE": "Unknown Line Type", "ELEVATION": 0 }, "geometry": { "type": "MultiLineString", "coordinates": [ [ [ 774858.243545672157779, 8980081.167081570252776 ], [ 774803.124186206841841, 8979856.060570076107979 ] ] ] } },
{ "type": "Feature", "properties": { "LAYER": "MSal Kwarter", "GM_TYPE": "Unknown Line Type", "ELEVATION": 0 }, "geometry": { "type": "MultiLineString", "coordinates": [ [ [ 774557.574975688126869, 8980252.1404909491539 ], [ 774491.053191042039543, 8980028.62918608635664 ] ] ] } },
{ "type": "Feature", "properties": { "LAYER": "MSal Kwarter", "GM_TYPE": "Unknown Line Type", "ELEVATION": 0 }, "geometry": { "type": "MultiLineString", "coordinates": [ [ [ 774482.201321494881995, 8979998.88715611025691 ], [ 774417.868123055668548, 8979782.729438671842217 ] ] ] } },
{ "type": "Feature", "properties": { "LAYER": "MSal Kwarter", "GM_TYPE": "Unknown Line Type", "ELEVATION": 0 }, "geometry": { "type": "MultiLineString", "coordinates": [ [ [ 775194.223073188215494, 8980617.969310792163014 ], [ 775189.969857330666855, 8980617.845221981406212 ], [ 775189.025787623948418, 8980616.387880973517895 ], [ 775189.955409877002239, 8980612.971098642796278 ] ] ] } },
{ "type": "Feature", "properties": { "LAYER": "MSal Kwarter", "GM_TYPE": "Unknown Line Type", "ELEVATION": 0 }, "geometry": { "type": "MultiLineString", "coordinates": [ [ [ 775187.753098463523202, 8980611.026110000908375 ], [ 775185.516533403191715, 8980612.006391566246748 ], [ 775182.817800896824338, 8980613.150064587593079 ], [ 775177.457842699019238, 8980612.99497939273715 ] ] ] } },
{ "type": "Feature", "properties": { "LAYER": "MSal Kwarter", "GM_TYPE": "Unknown Line Type", "ELEVATION": 0 }, "geometry": { "type": "MultiLineString", "coordinates": [ [ [ 774403.535440787672997, 8980228.54134925827384 ], [ 774416.579130750149488, 8980222.440952342003584 ] ] ] } },
{ "type": "Feature", "properties": { "LAYER": "MSal Kwarter", "GM_TYPE": "Unknown Line Type", "ELEVATION": 0 }, "geometry": { "type": "MultiLineString", "coordinates": [ [ [ 774231.865027017192915, 8979944.112318802624941 ], [ 774241.038521557115018, 8979933.515598585829139 ] ] ] } },
{ "type": "Feature", "properties": { "LAYER": "MSal Kwarter", "GM_TYPE": "Unknown Line Type", "ELEVATION": 0 }, "geometry": { "type": "MultiLineString", "coordinates": [ [ [ 774417.868123055668548, 8979782.729438671842217 ], [ 774415.206740647554398, 8979785.603739630430937 ] ] ] } },
{ "type": "Feature", "properties": { "LAYER": "MSal Kwarter", "GM_TYPE": "Unknown Line Type", "ELEVATION": 0 }, "geometry": { "type": "MultiLineString", "coordinates": [ [ [ 774803.124186206841841, 8979856.060570076107979 ], [ 774801.281950048170984, 8979858.173276888206601 ] ] ] } },
{ "type": "Feature", "properties": { "LAYER": "MSal Kwarter", "GM_TYPE": "Unknown Line Type", "ELEVATION": 0 }, "geometry": { "type": "MultiLineString", "coordinates": [ [ [ 775121.317107488634065, 8979966.985174922272563 ], [ 775118.0664374132175, 8979970.485497871413827 ] ] ] } },
{ "type": "Feature", "properties": { "LAYER": "MSal Kwarter", "GM_TYPE": "Unknown Line Type", "ELEVATION": 0 }, "geometry": { "type": "MultiLineString", "coordinates": [ [ [ 774564.422917632735334, 8980464.734612656757236 ], [ 774578.654583129333332, 8980455.902959264814854 ] ] ] } },
{ "type": "Feature", "properties": { "LAYER": "MSal Kwarter", "GM_TYPE": "Unknown Line Type", "ELEVATION": 0 }, "geometry": { "type": "MultiLineString", "coordinates": [ [ [ 774967.538159313146025, 8980310.900939676910639 ], [ 774983.92982760630548, 8980301.778614178299904 ] ] ] } },
{ "type": "Feature", "properties": { "LAYER": "MSal Kwarter", "GM_TYPE": "Unknown Line Type", "ELEVATION": 0 }, "geometry": { "type": "MultiLineString", "coordinates": [ [ [ 774887.482372589525767, 8980538.750102192163467 ], [ 774895.310103202820756, 8980534.431154061108828 ] ] ] } },
{ "type": "Feature", "properties": { "LAYER": "MSal Kwarter", "GM_TYPE": "Unknown Line Type", "ELEVATION": 0 }, "geometry": { "type": "MultiLineString", "coordinates": [ [ [ 774788.875338625512086, 8980319.828339187428355 ], [ 774781.474106483161449, 8980326.518823280930519 ] ] ] } },
{ "type": "Feature", "properties": { "LAYER": "MSal Kwarter", "GM_TYPE": "Unknown Line Type", "ELEVATION": 0 }, "geometry": { "type": "MultiLineString", "coordinates": [ [ [ 773791.204611845780164, 8981030.186408333480358 ], [ 773769.842161752283573, 8980829.095523217692971 ], [ 773784.944410171592608, 8980678.628376740962267 ] ] ] } },
{ "type": "Feature", "properties": { "LAYER": "MSal Kwarter", "GM_TYPE": "Unknown Line Type", "ELEVATION": 0 }, "geometry": { "type": "MultiLineString", "coordinates": [ [ [ 773755.666069863829762, 8980543.093133503571153 ], [ 773720.340768371825106, 8980429.383566979318857 ] ] ] } },
{ "type": "Feature", "properties": { "LAYER": "MSal Kwarter", "GM_TYPE": "Unknown Line Type", "ELEVATION": 0 }, "geometry": { "type": "MultiLineString", "coordinates": [ [ [ 773689.335113642038777, 8980329.578628022223711 ], [ 773643.380615402944386, 8980181.654453173279762 ] ] ] } },
{ "type": "Feature", "properties": { "LAYER": "MSal Kwarter", "GM_TYPE": "Unknown Line Type", "ELEVATION": 0 }, "geometry": { "type": "MultiLineString", "coordinates": [ [ [ 773780.472523354343139, 8980803.289100725203753 ], [ 773794.153579494683072, 8980666.981617160141468 ], [ 773772.128872103756294, 8980596.085692018270493 ] ] ] } },
{ "type": "Feature", "properties": { "LAYER": "MSal Kwarter", "GM_TYPE": "Unknown Line Type", "ELEVATION": 0 }, "geometry": { "type": "MultiLineString", "coordinates": [ [ [ 773627.739189427229576, 8980144.788569232448936 ], [ 773544.964706322643906, 8979878.343551201745868 ] ] ] } },
{ "type": "Feature", "properties": { "LAYER": "MSal Kwarter", "GM_TYPE": "Unknown Line Type", "ELEVATION": 0 }, "geometry": { "type": "MultiLineString", "coordinates": [ [ [ 773774.838461519801058, 8980819.369396459311247 ], [ 774467.630630041705444, 8980690.94500994309783 ] ] ] } },
{ "type": "Feature", "properties": { "LAYER": "MSal Kwarter", "GM_TYPE": "Unknown Line Type", "ELEVATION": 0 }, "geometry": { "type": "MultiLineString", "coordinates": [ [ [ 774406.807338339509442, 8980452.351963680237532 ], [ 773756.422587045002729, 8980559.011031426489353 ] ] ] } },
{ "type": "Feature", "properties": { "LAYER": "MSal Kwarter", "GM_TYPE": "Unknown Line Type", "ELEVATION": 0 }, "geometry": { "type": "MultiLineString", "coordinates": [ [ [ 774043.290057815145701, 8980507.913113318383694 ], [ 773774.916669877828099, 8980551.924685403704643 ] ] ] } },
{ "type": "Feature", "properties": { "LAYER": "MSal Kwarter", "GM_TYPE": "Unknown Line Type", "ELEVATION": 0 }, "geometry": { "type": "MultiLineString", "coordinates": [ [ [ 773691.0332814961439, 8980348.527630712836981 ], [ 774243.326298456522636, 8980233.851848710328341 ] ] ] } },
{ "type": "Feature", "properties": { "LAYER": "MSal Kwarter", "GM_TYPE": "Unknown Line Type", "ELEVATION": 0 }, "geometry": { "type": "MultiLineString", "coordinates": [ [ [ 773628.790003553847782, 8980147.010056268423796 ], [ 774152.821286972728558, 8980032.578721776604652 ] ] ] } },
{ "type": "Feature", "properties": { "LAYER": "MSal Kwarter", "GM_TYPE": "Unknown Line Type", "ELEVATION": 0 }, "geometry": { "type": "MultiLineString", "coordinates": [ [ [ 773584.20187181129586, 8980004.645122334361076 ], [ 774032.481222104746848, 8979898.797480378299952 ] ] ] } },
{ "type": "Feature", "properties": { "LAYER": "MSal Kwarter", "GM_TYPE": "Unknown Line Type", "ELEVATION": 0 }, "geometry": { "type": "MultiLineString", "coordinates": [ [ [ 773804.485008803429082, 8981035.458400007337332 ], [ 774535.759000408346765, 8980865.735414274036884 ] ] ] } },
{ "type": "Feature", "properties": { "LAYER": "MSal Kwarter", "GM_TYPE": "Unknown Line Type", "ELEVATION": 0 }, "geometry": { "type": "MultiLineString", "coordinates": [ [ [ 773810.670245776884258, 8981029.916534215211868 ], [ 774127.050025034346618, 8980956.487256847321987 ] ] ] } },
{ "type": "Feature", "properties": { "LAYER": "MSal Kwarter", "GM_TYPE": "Unknown Line Type", "ELEVATION": 0 }, "geometry": { "type": "MultiLineString", "coordinates": [ [ [ 774185.888770121033303, 8980946.937563925981522 ], [ 774181.987336014746688, 8980776.447156764566898 ] ] ] } },
{ "type": "Feature", "properties": { "LAYER": "MSal Kwarter", "GM_TYPE": "Unknown Line Type", "ELEVATION": 0 }, "geometry": { "type": "MultiLineString", "coordinates": [ [ [ 774180.10113134374842, 8980744.244976591318846 ], [ 774111.649376099929214, 8980531.842514041811228 ] ] ] } },
{ "type": "Feature", "properties": { "LAYER": "MSal Kwarter", "GM_TYPE": "Unknown Line Type", "ELEVATION": 0 }, "geometry": { "type": "MultiLineString", "coordinates": [ [ [ 774102.133919548708946, 8980502.316515818238258 ], [ 774039.814946491969749, 8980308.943777695298195 ] ] ] } },
{ "type": "Feature", "properties": { "LAYER": "MSal Kwarter", "GM_TYPE": "Unknown Line Type", "ELEVATION": 10 }, "geometry": { "type": "MultiLineString", "coordinates": [ [ [ 773955.718089349102229, 8980293.569598667323589 ], [ 773971.886127072270028, 8980104.940610103309155 ] ] ] } },
{ "type": "Feature", "properties": { "LAYER": "MSal Kwarter", "GM_TYPE": "Unknown Line Type", "ELEVATION": 0 }, "geometry": { "type": "MultiLineString", "coordinates": [ [ [ 774535.759000408346765, 8980865.735414274036884 ], [ 774531.486457601655275, 8980860.773957621306181 ] ] ] } },
{ "type": "Feature", "properties": { "LAYER": "MSal Kwarter", "GM_TYPE": "Unknown Line Type", "ELEVATION": 0 }, "geometry": { "type": "MultiLineString", "coordinates": [ [ [ 774467.630630041705444, 8980690.94500994309783 ], [ 774456.151005204766989, 8980682.233279246836901 ] ] ] } },
{ "type": "Feature", "properties": { "LAYER": "MSal Kwarter", "GM_TYPE": "Unknown Line Type", "ELEVATION": 0 }, "geometry": { "type": "MultiLineString", "coordinates": [ [ [ 774406.807338339509442, 8980452.351963680237532 ], [ 774392.881365591194481, 8980444.649740032851696 ] ] ] } },
{ "type": "Feature", "properties": { "LAYER": "MSal Kwarter", "GM_TYPE": "Unknown Line Type", "ELEVATION": 0 }, "geometry": { "type": "MultiLineString", "coordinates": [ [ [ 774243.326298456522636, 8980233.851848710328341 ], [ 774234.217018802417442, 8980224.743278875946999 ] ] ] } },
{ "type": "Feature", "properties": { "LAYER": "MSal Kwarter", "GM_TYPE": "Unknown Line Type", "ELEVATION": 0 }, "geometry": { "type": "MultiLineString", "coordinates": [ [ [ 774152.821286972728558, 8980032.578721776604652 ], [ 774146.88278422865551, 8980027.317544158548117 ] ] ] } },
{ "type": "Feature", "properties": { "LAYER": "MSal Kwarter", "GM_TYPE": "Unknown Line Type", "ELEVATION": 0 }, "geometry": { "type": "MultiLineString", "coordinates": [ [ [ 774032.481222104746848, 8979898.797480378299952 ], [ 774025.086181855294853, 8979893.26915392652154 ] ] ] } },
{ "type": "Feature", "properties": { "LAYER": "MSal Kwarter", "GM_TYPE": "Unknown Line Type", "ELEVATION": 0 }, "geometry": { "type": "MultiLineString", "coordinates": [ [ [ 774181.987336014746688, 8980776.447156764566898 ], [ 774192.149629467865452, 8980784.976149059832096 ] ] ] } },
{ "type": "Feature", "properties": { "LAYER": "MSal Kwarter", "GM_TYPE": "Unknown Line Type", "ELEVATION": 0 }, "geometry": { "type": "MultiLineString", "coordinates": [ [ [ 774039.814946491969749, 8980308.943777695298195 ], [ 774049.664014685433358, 8980312.047454044222832 ] ] ] } },
{ "type": "Feature", "properties": { "LAYER": "MSal Kwarter", "GM_TYPE": "Unknown Line Type", "ELEVATION": 10 }, "geometry": { "type": "MultiLineString", "coordinates": [ [ [ 773971.886127072270028, 8980104.940610103309155 ], [ 773981.239562878618017, 8980112.093812149018049 ] ] ] } },
{ "type": "Feature", "properties": { "LAYER": "MSal Kwarter", "GM_TYPE": "Unknown Line Type", "ELEVATION": 0 }, "geometry": { "type": "MultiLineString", "coordinates": [ [ [ 773544.964706322643906, 8979878.343551201745868 ], [ 773565.248732103267685, 8979884.204782342538238 ] ] ] } },
{ "type": "Feature", "properties": { "LAYER": "MSal Kwarter", "GM_TYPE": "Unknown Line Type", "ELEVATION": 0 }, "geometry": { "type": "MultiLineString", "coordinates": [ [ [ 774111.649376099929214, 8980531.842514041811228 ], [ 774119.185008950647898, 8980534.899243965744972 ] ] ] } },
{ "type": "Feature", "properties": { "LAYER": "MSal Kwarter", "GM_TYPE": "Unknown Line Type", "ELEVATION": 0 }, "geometry": { "type": "MultiLineString", "coordinates": [ [ [ 773797.54699290858116, 8981034.689645063132048 ], [ 773801.098265670472756, 8981034.726978726685047 ], [ 773802.630895018810406, 8981035.287101235240698 ], [ 773804.485008805291727, 8981035.458400007337332 ] ] ] } },
{ "type": "Feature", "properties": { "LAYER": "MSal Kwarter", "GM_TYPE": "Unknown Line Type", "ELEVATION": 0 }, "geometry": { "type": "MultiLineString", "coordinates": [ [ [ 773798.176393238944001, 8981032.66894856095314 ], [ 773802.194898742018268, 8981029.409560307860374 ], [ 773805.022220257669687, 8981028.576307069510221 ], [ 773808.745793302543461, 8981029.313899863511324 ], [ 773810.670245777931996, 8981029.916534215211868 ] ] ] } },
{ "type": "Feature", "properties": { "LAYER": "MSal Kwarter", "GM_TYPE": "Unknown Line Type", "ELEVATION": 0 }, "geometry": { "type": "MultiLineString", "coordinates": [ [ [ 773777.111282254918478, 8980817.260285589843988 ], [ 773780.659598093247041, 8980812.896246857941151 ], [ 773782.370278544491157, 8980809.383674811571836 ], [ 773782.180217931978405, 8980806.725511275231838 ], [ 773780.472523354343139, 8980803.289100725203753 ] ] ] } },
{ "type": "Feature", "properties": { "LAYER": "MSal Kwarter", "GM_TYPE": "Unknown Line Type", "ELEVATION": 0 }, "geometry": { "type": "MultiLineString", "coordinates": [ [ [ 773772.128872103756294, 8980596.085692018270493 ], [ 773781.546142803388648, 8980600.22878803126514 ] ] ] } },
{ "type": "Feature", "properties": { "LAYER": "MSal Kwarter", "GM_TYPE": "Unknown Line Type", "ELEVATION": 0 }, "geometry": { "type": "MultiLineString", "coordinates": [ [ [ 773758.695407780120149, 8980556.901920557022095 ], [ 773761.939538593054749, 8980550.84736867621541 ], [ 773767.9544813222019, 8980549.450051788240671 ], [ 773774.916669877246022, 8980551.924685403704643 ], [ 773777.455555596156046, 8980551.508323881775141 ] ] ] } },
{ "type": "Feature", "properties": { "LAYER": "MSal Kwarter", "GM_TYPE": "Unknown Line Type", "ELEVATION": 0 }, "geometry": { "type": "MultiLineString", "coordinates": [ [ [ 774043.290057815145701, 8980507.913113318383694 ], [ 774034.403739771572873, 8980498.560171063989401 ] ] ] } },
{ "type": "Feature", "properties": { "LAYER": "MSal Kwarter", "GM_TYPE": "Unknown Line Type", "ELEVATION": 0 }, "geometry": { "type": "MultiLineString", "coordinates": [ [ [ 773760.413902071653865, 8980553.694678481668234 ], [ 773755.666069863829762, 8980543.093133503571153 ] ] ] } },
{ "type": "Feature", "properties": { "LAYER": "MSal Kwarter", "GM_TYPE": "Unknown Line Type", "ELEVATION": 0 }, "geometry": { "type": "MultiLineString", "coordinates": [ [ [ 773692.023956497549079, 8980346.704704705625772 ], [ 773695.453678046353161, 8980342.335551306605339 ], [ 773696.478332118829712, 8980337.590027898550034 ], [ 773694.801622387953103, 8980334.612437337636948 ], [ 773691.168745681643486, 8980331.16959510371089 ], [ 773689.335113642504439, 8980329.578628022223711 ] ] ] } },
{ "type": "Feature", "properties": { "LAYER": "MSal Kwarter", "GM_TYPE": "Unknown Line Type", "ELEVATION": 0 }, "geometry": { "type": "MultiLineString", "coordinates": [ [ [ 773643.380615402944386, 8980181.654453173279762 ], [ 773661.64957306755241, 8980186.316795717924833 ] ] ] } },
{ "type": "Feature", "properties": { "LAYER": "MSal Kwarter", "GM_TYPE": "Unknown Line Type", "ELEVATION": 0 }, "geometry": { "type": "MultiLineString", "coordinates": [ [ [ 773720.340768371825106, 8980429.383566979318857 ], [ 773730.473172401543707, 8980433.303161449730396 ] ] ] } },
{ "type": "Feature", "properties": { "LAYER": "MSal Kwarter", "GM_TYPE": "Unknown Line Type", "ELEVATION": 0 }, "geometry": { "type": "MultiLineString", "coordinates": [ [ [ 772786.051702055381611, 8981023.516217675060034 ], [ 773311.918389912345447, 8980906.141039565205574 ] ] ] } },
{ "type": "Feature", "properties": { "LAYER": "MSal Kwarter", "GM_TYPE": "Unknown Line Type", "ELEVATION": 0 }, "geometry": { "type": "MultiLineString", "coordinates": [ [ [ 772764.53664483805187, 8980554.928561873733997 ], [ 773107.360002709552646, 8980447.276732223108411 ] ] ] } },
{ "type": "Feature", "properties": { "LAYER": "MSal Kwarter", "GM_TYPE": "Unknown Line Type", "ELEVATION": 0 }, "geometry": { "type": "MultiLineString", "coordinates": [ [ [ 772755.553831437369809, 8980354.824303196743131 ], [ 773019.367299820762128, 8980273.869196083396673 ] ] ] } },
{ "type": "Feature", "properties": { "LAYER": "MSal Kwarter", "GM_TYPE": "Unknown Line Type", "ELEVATION": 0 }, "geometry": { "type": "MultiLineString", "coordinates": [ [ [ 773225.083446622709744, 8980612.780815545469522 ], [ 772774.31587006803602, 8980769.376419145613909 ] ] ] } },
{ "type": "Feature", "properties": { "LAYER": "MSal Kwarter", "GM_TYPE": "Unknown Line Type", "ELEVATION": 0 }, "geometry": { "type": "MultiLineString", "coordinates": [ [ [ 773015.119568736059591, 8981274.233450692147017 ], [ 773096.641102077672258, 8980988.893121907487512 ] ] ] } },
{ "type": "Feature", "properties": { "LAYER": "MSal Kwarter", "GM_TYPE": "Unknown Line Type", "ELEVATION": 0 }, "geometry": { "type": "MultiLineString", "coordinates": [ [ [ 773047.602051173336804, 8980965.1373176202178 ], [ 773101.275725011713803, 8980683.895257921889424 ] ] ] } },
{ "type": "Feature", "properties": { "LAYER": "MSal Kwarter", "GM_TYPE": "Unknown Line Type", "ELEVATION": 0 }, "geometry": { "type": "MultiLineString", "coordinates": [ [ [ 773519.184296803548932, 8980939.092812422662973 ], [ 773382.844078411231749, 8980890.946432733908296 ] ] ] } },
{ "type": "Feature", "properties": { "LAYER": "MSal Kwarter", "GM_TYPE": "Unknown Line Type", "ELEVATION": 0 }, "geometry": { "type": "MultiLineString", "coordinates": [ [ [ 773784.948146278271452, 8981032.943089000880718 ], [ 773555.640433639870025, 8980951.966717325150967 ] ] ] } },
{ "type": "Feature", "properties": { "LAYER": "MSal Kwarter", "GM_TYPE": "Unknown Line Type", "ELEVATION": 0 }, "geometry": { "type": "MultiLineString", "coordinates": [ [ [ 773346.611382962670177, 8980702.596472628414631 ], [ 773693.447206117794849, 8980507.106865838170052 ] ] ] } },
{ "type": "Feature", "properties": { "LAYER": "MSal Kwarter", "GM_TYPE": "Unknown Line Type", "ELEVATION": 0 }, "geometry": { "type": "MultiLineString", "coordinates": [ [ [ 773157.569903025752865, 8980434.13446276448667 ], [ 773588.66887526831124, 8980172.571230415254831 ] ] ] } },
{ "type": "Feature", "properties": { "LAYER": "MSal Kwarter", "GM_TYPE": "Unknown Line Type", "ELEVATION": 0 }, "geometry": { "type": "MultiLineString", "coordinates": [ [ [ 773058.628218898316845, 8980256.207786720246077 ], [ 773294.601219820789993, 8980034.579138476401567 ] ] ] } },
{ "type": "Feature", "properties": { "LAYER": "MSal Kwarter", "GM_TYPE": "Unknown Line Type", "ELEVATION": 0 }, "geometry": { "type": "MultiLineString", "coordinates": [ [ [ 773384.274576359894127, 8980296.584593791514635 ], [ 773340.210600318852812, 8980036.476136546581984 ] ] ] } },
{ "type": "Feature", "properties": { "LAYER": "MSal Kwarter", "GM_TYPE": "Unknown Line Type", "ELEVATION": 0 }, "geometry": { "type": "MultiLineString", "coordinates": [ [ [ 773250.455746591440402, 8980566.133293341845274 ], [ 773637.123845222755335, 8980341.23686907812953 ] ] ] } },
{ "type": "Feature", "properties": { "LAYER": "MSal Kwarter", "GM_TYPE": "Unknown Line Type", "ELEVATION": 0 }, "geometry": { "type": "MultiLineString", "coordinates": [ [ [ 773527.654895494924858, 8980944.686132883653045 ], [ 773528.751167661044747, 8980940.890196520835161 ], [ 773527.08775086584501, 8980939.490942779928446 ], [ 773525.599410214344971, 8980938.441502474248409 ], [ 773523.673314726678655, 8980938.528961185365915 ], [ 773519.184296803781763, 8980939.092812422662973 ] ] ] } },
{ "type": "Feature", "properties": { "LAYER": "MSal Kwarter", "GM_TYPE": "Unknown Line Type", "ELEVATION": 0 }, "geometry": { "type": "MultiLineString", "coordinates": [ [ [ 773790.030939870048314, 8981037.341867826879025 ], [ 773790.352599680656567, 8981034.851585764437914 ], [ 773790.240348041057587, 8981033.315155917778611 ], [ 773788.716330198454671, 8981032.671081483364105 ], [ 773787.192312355851755, 8981032.553984820842743 ], [ 773784.948146281647496, 8981032.943089000880718 ] ] ] } },
{ "type": "Feature", "properties": { "LAYER": "MSal Kwarter", "GM_TYPE": "Unknown Line Type", "ELEVATION": 0 }, "geometry": { "type": "MultiLineString", "coordinates": [ [ [ 773555.640433639870025, 8980951.966717325150967 ], [ 773566.637765502324328, 8980946.41308450140059 ] ] ] } },
{ "type": "Feature", "properties": { "LAYER": "MSal Kwarter", "GM_TYPE": "Unknown Line Type", "ELEVATION": 0 }, "geometry": { "type": "MultiLineString", "coordinates": [ [ [ 773353.987965825828724, 8980718.797828160226345 ], [ 773359.883199139148928, 8980721.578251082450151 ] ] ] } },
{ "type": "Feature", "properties": { "LAYER": "MSal Kwarter", "GM_TYPE": "Unknown Line Type", "ELEVATION": 0 }, "geometry": { "type": "MultiLineString", "coordinates": [ [ [ 773790.240348041057587, 8981033.315155917778611 ], [ 773791.204611845547333, 8981030.186408333480358 ] ] ] } },
{ "type": "Feature", "properties": { "LAYER": "MSal Kwarter", "GM_TYPE": "Unknown Line Type", "ELEVATION": 0 }, "geometry": { "type": "MultiLineString", "coordinates": [ [ [ 773784.944410171592608, 8980678.628376740962267 ], [ 773775.900438397889957, 8980684.531367002055049 ] ] ] } },
{ "type": "Feature", "properties": { "LAYER": "MSal Kwarter", "GM_TYPE": "Unknown Line Type", "ELEVATION": 0 }, "geometry": { "type": "MultiLineString", "coordinates": [ [ [ 773693.447206117794849, 8980507.106865838170052 ], [ 773682.047847633133642, 8980501.367109425365925 ] ] ] } },
{ "type": "Feature", "properties": { "LAYER": "MSal Kwarter", "GM_TYPE": "Unknown Line Type", "ELEVATION": 0 }, "geometry": { "type": "MultiLineString", "coordinates": [ [ [ 773637.123845222755335, 8980341.23686907812953 ], [ 773633.080559013877064, 8980337.421319924294949 ] ] ] } },
{ "type": "Feature", "properties": { "LAYER": "MSal Kwarter", "GM_TYPE": "Unknown Line Type", "ELEVATION": 0 }, "geometry": { "type": "MultiLineString", "coordinates": [ [ [ 773588.66887526831124, 8980172.571230415254831 ], [ 773582.354384875157848, 8980169.413419008255005 ] ] ] } },
{ "type": "Feature", "properties": { "LAYER": "MSal Kwarter", "GM_TYPE": "Unknown Line Type", "ELEVATION": 0 }, "geometry": { "type": "MultiLineString", "coordinates": [ [ [ 773340.210600318852812, 8980036.476136546581984 ], [ 773347.307161225471646, 8980040.553294308483601 ] ] ] } },
{ "type": "Feature", "properties": { "LAYER": "MSal Kwarter", "GM_TYPE": "Unknown Line Type", "ELEVATION": 0 }, "geometry": { "type": "MultiLineString", "coordinates": [ [ [ 773294.601219820789993, 8980034.579138476401567 ], [ 773291.522649146150798, 8980033.727384990081191 ] ] ] } },
{ "type": "Feature", "properties": { "LAYER": "MSal Kwarter", "GM_TYPE": "Unknown Line Type", "ELEVATION": 0 }, "geometry": { "type": "MultiLineString", "coordinates": [ [ [ 772973.960467658238485, 8980095.942580707371235 ], [ 772997.242519469698891, 8980100.807294271886349 ] ] ] } },
{ "type": "Feature", "properties": { "LAYER": "MSal Kwarter", "GM_TYPE": "Unknown Line Type", "ELEVATION": 0 }, "geometry": { "type": "MultiLineString", "coordinates": [ [ [ 773225.083446622709744, 8980612.780815545469522 ], [ 773215.751903583644889, 8980608.39279411919415 ] ] ] } },
{ "type": "Feature", "properties": { "LAYER": "MSal Kwarter", "GM_TYPE": "Unknown Line Type", "ELEVATION": 0 }, "geometry": { "type": "MultiLineString", "coordinates": [ [ [ 773107.360002709552646, 8980447.276732223108411 ], [ 773101.716081062331796, 8980444.964802116155624 ] ] ] } },
{ "type": "Feature", "properties": { "LAYER": "MSal Kwarter", "GM_TYPE": "Unknown Line Type", "ELEVATION": 0 }, "geometry": { "type": "MultiLineString", "coordinates": [ [ [ 773019.367299820762128, 8980273.869196083396673 ], [ 773015.856556602986529, 8980270.889552265405655 ] ] ] } },
{ "type": "Feature", "properties": { "LAYER": "MSal Kwarter", "GM_TYPE": "Unknown Line Type", "ELEVATION": 0 }, "geometry": { "type": "MultiLineString", "coordinates": [ [ [ 773096.641102077672258, 8980988.893121907487512 ], [ 773100.499703769688495, 8980996.114539669826627 ] ] ] } },
{ "type": "Feature", "properties": { "LAYER": "MSal Kwarter", "GM_TYPE": "Unknown Line Type", "ELEVATION": 0 }, "geometry": { "type": "MultiLineString", "coordinates": [ [ [ 773101.275725011713803, 8980683.895257921889424 ], [ 773107.708516640355811, 8980693.164185650646687 ] ] ] } },
{ "type": "Feature", "properties": { "LAYER": "MSal Kwarter", "GM_TYPE": "Unknown Line Type", "ELEVATION": 0 }, "geometry": { "type": "MultiLineString", "coordinates": [ [ [ 773311.918389912345447, 8980906.141039565205574 ], [ 773300.882151869940571, 8980895.261167198419571 ] ] ] } },
{ "type": "Feature", "properties": { "LAYER": "MSal Kwarter", "GM_TYPE": "Unknown Line Type", "ELEVATION": 0 }, "geometry": { "type": "MultiLineString", "coordinates": [ [ [ 772742.991230065585114, 8980076.967463448643684 ], [ 772753.447033646865748, 8980083.078620139509439 ] ] ] } },
{ "type": "Feature", "properties": { "LAYER": "MSal Kwarter", "GM_TYPE": "Unknown Line Type", "ELEVATION": 0 }, "geometry": { "type": "MultiLineString", "coordinates": [ [ [ 772779.287763610482216, 8980789.080507261678576 ], [ 772786.898741715587676, 8980794.706485368311405 ] ] ] } },
{ "type": "Feature", "properties": { "LAYER": "MSal Kwarter", "GM_TYPE": "Unknown Line Type", "ELEVATION": 0 }, "geometry": { "type": "MultiLineString", "coordinates": [ [ [ 772790.665053055156022, 8981041.457223247736692 ], [ 772802.858395833289251, 8981050.462391201406717 ] ] ] } },
{ "type": "Feature", "properties": { "LAYER": "MSal Kwarter", "GM_TYPE": "Unknown Line Type", "ELEVATION": 0 }, "geometry": { "type": "MultiLineString", "coordinates": [ [ [ 773846.952979034511372, 8982370.236318422481418 ], [ 774255.147794949356467, 8982293.439087018370628 ] ] ] } },
{ "type": "Feature", "properties": { "LAYER": "MSal Kwarter", "GM_TYPE": "Unknown Line Type", "ELEVATION": 0 }, "geometry": { "type": "MultiLineString", "coordinates": [ [ [ 773827.254857411491685, 8981859.143692664802074 ], [ 774610.862144549842924, 8981663.409710083156824 ] ] ] } },
{ "type": "Feature", "properties": { "LAYER": "MSal Kwarter", "GM_TYPE": "Unknown Line Type", "ELEVATION": 0 }, "geometry": { "type": "MultiLineString", "coordinates": [ [ [ 773839.345760138588957, 8981852.000658791512251 ], [ 774049.646529249381274, 8981799.470510393381119 ] ] ] } },
{ "type": "Feature", "properties": { "LAYER": "MSal Kwarter", "GM_TYPE": "Unknown Line Type", "ELEVATION": 0 }, "geometry": { "type": "MultiLineString", "coordinates": [ [ [ 773817.438152770977467, 8981577.940540896728635 ], [ 774775.258229380357079, 8981326.623151984065771 ] ] ] } },
{ "type": "Feature", "properties": { "LAYER": "MSal Kwarter", "GM_TYPE": "Unknown Line Type", "ELEVATION": 0 }, "geometry": { "type": "MultiLineString", "coordinates": [ [ [ 773827.417333671357483, 8981571.186756048351526 ], [ 774086.945700174896047, 8981503.090468438342214 ] ] ] } },
{ "type": "Feature", "properties": { "LAYER": "MSal Kwarter", "GM_TYPE": "Unknown Line Type", "ELEVATION": 0 }, "geometry": { "type": "MultiLineString", "coordinates": [ [ [ 773810.563783882651478, 8981293.209922922775149 ], [ 774736.737926782807335, 8981061.336033619940281 ] ] ] } },
{ "type": "Feature", "properties": { "LAYER": "MSal Kwarter", "GM_TYPE": "Unknown Line Type", "ELEVATION": 0 }, "geometry": { "type": "MultiLineString", "coordinates": [ [ [ 774067.539748299168423, 8981228.874272026121616 ], [ 774075.116814451641403, 8981006.598121099174023 ] ] ] } },
{ "type": "Feature", "properties": { "LAYER": "MSal Kwarter", "GM_TYPE": "Unknown Line Type", "ELEVATION": 0 }, "geometry": { "type": "MultiLineString", "coordinates": [ [ [ 774339.648727805353701, 8981160.749969620257616 ], [ 774391.76654568198137, 8980947.97047658637166 ] ] ] } },
{ "type": "Feature", "properties": { "LAYER": "MSal Kwarter", "GM_TYPE": "Unknown Line Type", "ELEVATION": 0 }, "geometry": { "type": "MultiLineString", "coordinates": [ [ [ 774169.104946316801943, 8981485.668534411117435 ], [ 774175.694116796716116, 8981247.035564672201872 ] ] ] } },
{ "type": "Feature", "properties": { "LAYER": "MSal Kwarter", "GM_TYPE": "Unknown Line Type", "ELEVATION": 0 }, "geometry": { "type": "MultiLineString", "coordinates": [ [ [ 774478.736781039042398, 8981404.425860419869423 ], [ 774511.074731670436449, 8981163.483807593584061 ] ] ] } },
{ "type": "Feature", "properties": { "LAYER": "MSal Kwarter", "GM_TYPE": "Unknown Line Type", "ELEVATION": 0 }, "geometry": { "type": "MultiLineString", "coordinates": [ [ [ 774024.848974476568401, 8982144.943452030420303 ], [ 774096.971004713326693, 8981817.154471233487129 ] ] ] } },
{ "type": "Feature", "properties": { "LAYER": "MSal Kwarter", "GM_TYPE": "Unknown Line Type", "ELEVATION": 0 }, "geometry": { "type": "MultiLineString", "coordinates": [ [ [ 774102.880490717827342, 8981790.296320013701916 ], [ 774162.516763704596087, 8981519.254128374159336 ] ] ] } },
{ "type": "Feature", "properties": { "LAYER": "MSal Kwarter", "GM_TYPE": "Unknown Line Type", "ELEVATION": 0 }, "geometry": { "type": "MultiLineString", "coordinates": [ [ [ 774208.762486438499764, 8982084.573823302984238 ], [ 774334.371188608231023, 8981769.449791289865971 ] ] ] } },
{ "type": "Feature", "properties": { "LAYER": "MSal Kwarter", "GM_TYPE": "Unknown Line Type", "ELEVATION": 0 }, "geometry": { "type": "MultiLineString", "coordinates": [ [ [ 774350.739817370078526, 8981728.384576819837093 ], [ 774457.326895505655557, 8981460.981528764590621 ] ] ] } },
{ "type": "Feature", "properties": { "LAYER": "MSal Kwarter", "GM_TYPE": "Unknown Line Type", "ELEVATION": 0 }, "geometry": { "type": "MultiLineString", "coordinates": [ [ [ 773838.983689171727747, 8982205.953750554472208 ], [ 774323.356599936145358, 8982046.958294063806534 ] ] ] } },
{ "type": "Feature", "properties": { "LAYER": "MSal Kwarter", "GM_TYPE": "Unknown Line Type", "ELEVATION": 0 }, "geometry": { "type": "MultiLineString", "coordinates": [ [ [ 774075.116814451641403, 8981006.598121099174023 ], [ 774080.720083146588877, 8981013.451650444418192 ] ] ] } },
{ "type": "Feature", "properties": { "LAYER": "MSal Kwarter", "GM_TYPE": "Unknown Line Type", "ELEVATION": 0 }, "geometry": { "type": "MultiLineString", "coordinates": [ [ [ 774391.76654568198137, 8980947.97047658637166 ], [ 774399.205639519030228, 8980956.1416300162673 ] ] ] } },
{ "type": "Feature", "properties": { "LAYER": "MSal Kwarter", "GM_TYPE": "Unknown Line Type", "ELEVATION": 0 }, "geometry": { "type": "MultiLineString", "coordinates": [ [ [ 774511.074731670436449, 8981163.483807593584061 ], [ 774517.926865873043425, 8981170.182941760867834 ] ] ] } },
{ "type": "Feature", "properties": { "LAYER": "MSal Kwarter", "GM_TYPE": "Unknown Line Type", "ELEVATION": 0 }, "geometry": { "type": "MultiLineString", "coordinates": [ [ [ 774175.694116796716116, 8981247.035564672201872 ], [ 774180.248700087890029, 8981250.439264088869095 ] ] ] } },
{ "type": "Feature", "properties": { "LAYER": "MSal Kwarter", "GM_TYPE": "Unknown Line Type", "ELEVATION": 0 }, "geometry": { "type": "MultiLineString", "coordinates": [ [ [ 774162.516763704596087, 8981519.254128374159336 ], [ 774165.733499378198758, 8981523.37874112278223 ] ] ] } },
{ "type": "Feature", "properties": { "LAYER": "MSal Kwarter", "GM_TYPE": "Unknown Line Type", "ELEVATION": 0 }, "geometry": { "type": "MultiLineString", "coordinates": [ [ [ 774457.326895506121218, 8981460.981528764590621 ], [ 774462.906619404675439, 8981471.052304938435555 ] ] ] } },
{ "type": "Feature", "properties": { "LAYER": "MSal Kwarter", "GM_TYPE": "Unknown Line Type", "ELEVATION": 0 }, "geometry": { "type": "MultiLineString", "coordinates": [ [ [ 774096.971004713326693, 8981817.154471233487129 ], [ 774110.597496543545276, 8981829.414093820378184 ] ] ] } },
{ "type": "Feature", "properties": { "LAYER": "MSal Kwarter", "GM_TYPE": "Unknown Line Type", "ELEVATION": 0 }, "geometry": { "type": "MultiLineString", "coordinates": [ [ [ 774334.371188608231023, 8981769.449791289865971 ], [ 774342.964631332317367, 8981783.651513691991568 ] ] ] } },
{ "type": "Feature", "properties": { "LAYER": "MSal Kwarter", "GM_TYPE": "Unknown Line Type", "ELEVATION": 0 }, "geometry": { "type": "MultiLineString", "coordinates": [ [ [ 774255.147794949356467, 8982293.439087018370628 ], [ 774236.527190817287192, 8982284.433787418529391 ] ] ] } },
{ "type": "Feature", "properties": { "LAYER": "MSal Kwarter", "GM_TYPE": "Unknown Line Type", "ELEVATION": 0 }, "geometry": { "type": "MultiLineString", "coordinates": [ [ [ 774323.356599936145358, 8982046.958294063806534 ], [ 774315.013185543357395, 8982037.327520042657852 ] ] ] } },
{ "type": "Feature", "properties": { "LAYER": "MSal Kwarter", "GM_TYPE": "Unknown Line Type", "ELEVATION": 0 }, "geometry": { "type": "MultiLineString", "coordinates": [ [ [ 774610.862144549842924, 8981663.409710083156824 ], [ 774604.543821397004649, 8981658.929981302469969 ] ] ] } },
{ "type": "Feature", "properties": { "LAYER": "MSal Kwarter", "GM_TYPE": "Unknown Line Type", "ELEVATION": 0 }, "geometry": { "type": "MultiLineString", "coordinates": [ [ [ 773813.199094015988521, 8981077.096323478966951 ], [ 773823.153932308778167, 8981085.568449486047029 ] ] ] } },
{ "type": "Feature", "properties": { "LAYER": "MSal Kwarter", "GM_TYPE": "Unknown Line Type", "ELEVATION": 0 }, "geometry": { "type": "MultiLineString", "coordinates": [ [ [ 774775.258229380357079, 8981326.623151984065771 ], [ 774759.219188388553448, 8981310.740855969488621 ] ] ] } },
{ "type": "Feature", "properties": { "LAYER": "MSal Kwarter", "GM_TYPE": "Unknown Line Type", "ELEVATION": 0 }, "geometry": { "type": "MultiLineString", "coordinates": [ [ [ 775251.99441226455383, 8981788.744068540632725 ], [ 774826.575927952304482, 8981577.149541433900595 ] ] ] } },
{ "type": "Feature", "properties": { "LAYER": "MSal Kwarter", "GM_TYPE": "Unknown Line Type", "ELEVATION": 24 }, "geometry": { "type": "MultiLineString", "coordinates": [ [ [ 774774.045476187253371, 8982417.277723006904125 ], [ 774831.363248938228935, 8982083.775442134588957 ] ] ] } },
{ "type": "Feature", "properties": { "LAYER": "MSal Kwarter", "GM_TYPE": "Unknown Line Type", "ELEVATION": 0 }, "geometry": { "type": "MultiLineString", "coordinates": [ [ [ 775336.039995218859985, 8982573.787103714421391 ], [ 774841.762790986220352, 8982438.473995497450233 ] ] ] } },
{ "type": "Feature", "properties": { "LAYER": "MSal Kwarter", "GM_TYPE": "Unknown Line Type", "ELEVATION": 17 }, "geometry": { "type": "MultiLineString", "coordinates": [ [ [ 775303.623697114642709, 8982378.884502112865448 ], [ 774873.78016452351585, 8982264.820437453687191 ] ] ] } },
{ "type": "Feature", "properties": { "LAYER": "MSal Kwarter", "GM_TYPE": "Unknown Line Type", "ELEVATION": 0 }, "geometry": { "type": "MultiLineString", "coordinates": [ [ [ 775293.667471617809497, 8982213.782676208764315 ], [ 774505.669323709909804, 8981931.423447411507368 ] ] ] } },
{ "type": "Feature", "properties": { "LAYER": "MSal Kwarter", "GM_TYPE": "Unknown Line Type", "ELEVATION": 0 }, "geometry": { "type": "MultiLineString", "coordinates": [ [ [ 775264.785800885525532, 8982199.184618566185236 ], [ 774892.25859259639401, 8982065.698904778808355 ] ] ] } },
{ "type": "Feature", "properties": { "LAYER": "MSal Kwarter", "GM_TYPE": "Unknown Line Type", "ELEVATION": 0 }, "geometry": { "type": "MultiLineString", "coordinates": [ [ [ 775263.728019405738451, 8982016.293216457590461 ], [ 774985.28263505990617, 8981896.388086277991533 ] ] ] } },
{ "type": "Feature", "properties": { "LAYER": "MSal Kwarter", "GM_TYPE": "Unknown Line Type", "ELEVATION": 0 }, "geometry": { "type": "MultiLineString", "coordinates": [ [ [ 774926.773072174051777, 8981871.192492637783289 ], [ 774685.118973296252079, 8981767.130555134266615 ] ] ] } },
{ "type": "Feature", "properties": { "LAYER": "MSal Kwarter", "GM_TYPE": "Unknown Line Type", "ELEVATION": 17 }, "geometry": { "type": "MultiLineString", "coordinates": [ [ [ 774803.568515622057021, 8982245.498525783419609 ], [ 774448.248641012236476, 8982099.650294598191977 ] ] ] } },
{ "type": "Feature", "properties": { "LAYER": "MSal Kwarter", "GM_TYPE": "Unknown Line Type", "ELEVATION": 24 }, "geometry": { "type": "MultiLineString", "coordinates": [ [ [ 774837.38078583276365, 8982049.77508882060647 ], [ 775002.099605760769919, 8981720.709621243178844 ] ] ] } },
{ "type": "Feature", "properties": { "LAYER": "MSal Kwarter", "GM_TYPE": "Unknown Line Type", "ELEVATION": 24 }, "geometry": { "type": "MultiLineString", "coordinates": [ [ [ 774704.177869436098263, 8982823.800954671576619 ], [ 774282.833878509700298, 8982602.873528767377138 ] ] ] } },
{ "type": "Feature", "properties": { "LAYER": "MSal Kwarter", "GM_TYPE": "Unknown Line Type", "ELEVATION": 0 }, "geometry": { "type": "MultiLineString", "coordinates": [ [ [ 775358.665354646043852, 8982713.861237440258265 ], [ 774807.287725874572061, 8982625.457406651228666 ] ] ] } },
{ "type": "Feature", "properties": { "LAYER": "MSal Kwarter", "GM_TYPE": "Unknown Line Type", "ELEVATION": 0 }, "geometry": { "type": "MultiLineString", "coordinates": [ [ [ 774740.292419356876053, 8982613.669189363718033 ], [ 774327.377068925416097, 8982432.969717731699347 ] ] ] } },
{ "type": "Feature", "properties": { "LAYER": "MSal Kwarter", "GM_TYPE": "Unknown Line Type", "ELEVATION": 24 }, "geometry": { "type": "MultiLineString", "coordinates": [ [ [ 774773.720784000353888, 8982419.166937811300159 ], [ 774381.264055019244552, 8982280.754880707710981 ] ] ] } },
{ "type": "Feature", "properties": { "LAYER": "MSal Kwarter", "GM_TYPE": "Unknown Line Type", "ELEVATION": 24 }, "geometry": { "type": "MultiLineString", "coordinates": [ [ [ 774639.158295176457614, 8982986.589660037308931 ], [ 774251.428528098389506, 8982836.903125338256359 ] ] ] } },
{ "type": "Feature", "properties": { "LAYER": "MSal Kwarter", "GM_TYPE": "Unknown Line Type", "ELEVATION": 0 }, "geometry": { "type": "MultiLineString", "coordinates": [ [ [ 774447.898175890441053, 8983417.249596793204546 ], [ 774437.902069331379607, 8983413.199959598481655 ], [ 774236.64552764070686, 8983217.843793503940105 ] ] ] } },
{ "type": "Feature", "properties": { "LAYER": "MSal Kwarter", "GM_TYPE": "Unknown Line Type", "ELEVATION": 0 }, "geometry": { "type": "MultiLineString", "coordinates": [ [ [ 773383.63429172988981, 8983132.531633358448744 ], [ 774142.529715305892751, 8983018.171206958591938 ] ] ] } },
{ "type": "Feature", "properties": { "LAYER": "MSal Kwarter", "GM_TYPE": "Unknown Line Type", "ELEVATION": 0 }, "geometry": { "type": "MultiLineString", "coordinates": [ [ [ 773394.577563459053636, 8983126.837394084781408 ], [ 773606.339673544513062, 8983094.926271084696054 ] ] ] } },
{ "type": "Feature", "properties": { "LAYER": "MSal Kwarter", "GM_TYPE": "Unknown Line Type", "ELEVATION": 0 }, "geometry": { "type": "MultiLineString", "coordinates": [ [ [ 773490.353150100447237, 8982849.878022626042366 ], [ 774157.33218476024922, 8982816.018343608826399 ] ] ] } },
{ "type": "Feature", "properties": { "LAYER": "MSal Kwarter", "GM_TYPE": "Unknown Line Type", "ELEVATION": 0 }, "geometry": { "type": "MultiLineString", "coordinates": [ [ [ 773503.829140674555674, 8982845.188753094524145 ], [ 773782.201654100557789, 8982831.056968642398715 ] ] ] } },
{ "type": "Feature", "properties": { "LAYER": "MSal Kwarter", "GM_TYPE": "Unknown Line Type", "ELEVATION": 20 }, "geometry": { "type": "MultiLineString", "coordinates": [ [ [ 773818.084612776758149, 8983304.204674800857902 ], [ 773829.262977435952052, 8983085.795222919434309 ] ] ] } },
{ "type": "Feature", "properties": { "LAYER": "MSal Kwarter", "GM_TYPE": "Unknown Line Type", "ELEVATION": 20 }, "geometry": { "type": "MultiLineString", "coordinates": [ [ [ 773830.316048476030119, 8983065.219702649861574 ], [ 773840.485158179886639, 8982866.529666647315025 ] ] ] } },
{ "type": "Feature", "properties": { "LAYER": "MSal Kwarter", "GM_TYPE": "Unknown Line Type", "ELEVATION": 20 }, "geometry": { "type": "MultiLineString", "coordinates": [ [ [ 773842.251715408172458, 8982832.013634320348501 ], [ 773852.803959186188877, 8982625.837699830532074 ] ] ] } },
{ "type": "Feature", "properties": { "LAYER": "MSal Kwarter", "GM_TYPE": "Unknown Line Type", "ELEVATION": 0 }, "geometry": { "type": "MultiLineString", "coordinates": [ [ [ 774142.529715305892751, 8983018.171206958591938 ], [ 774134.663222321076319, 8983009.802770331501961 ] ] ] } },
{ "type": "Feature", "properties": { "LAYER": "MSal Kwarter", "GM_TYPE": "Unknown Line Type", "ELEVATION": 0 }, "geometry": { "type": "MultiLineString", "coordinates": [ [ [ 774157.33218476024922, 8982816.018343608826399 ], [ 774154.841209960286506, 8982811.676525428891182 ] ] ] } },
{ "type": "Feature", "properties": { "LAYER": "MSal Kwarter", "GM_TYPE": "Unknown Line Type", "ELEVATION": 20 }, "geometry": { "type": "MultiLineString", "coordinates": [ [ [ 773840.485158179886639, 8982866.529666647315025 ], [ 773855.045773405348882, 8982878.029609404504299 ] ] ] } },
{ "type": "Feature", "properties": { "LAYER": "MSal Kwarter", "GM_TYPE": "Unknown Line Type", "ELEVATION": 20 }, "geometry": { "type": "MultiLineString", "coordinates": [ [ [ 773852.803959186188877, 8982625.837699830532074 ], [ 773861.954897871357389, 8982633.795591302216053 ] ] ] } },
{ "type": "Feature", "properties": { "LAYER": "MSal Kwarter", "GM_TYPE": "Unknown Line Type", "ELEVATION": 20 }, "geometry": { "type": "MultiLineString", "coordinates": [ [ [ 773829.262977435952052, 8983085.795222919434309 ], [ 773835.488439937238581, 8983092.692205384373665 ] ] ] } },
{ "type": "Feature", "properties": { "LAYER": "MSal Kwarter", "GM_TYPE": "Unknown Line Type", "ELEVATION": 24 }, "geometry": { "type": "MultiLineString", "coordinates": [ [ [ 774251.428528098389506, 8982836.903125338256359 ], [ 774270.632399089401588, 8982832.45649728178978 ] ] ] } },
{ "type": "Feature", "properties": { "LAYER": "MSal Kwarter", "GM_TYPE": "Unknown Line Type", "ELEVATION": 24 }, "geometry": { "type": "MultiLineString", "coordinates": [ [ [ 774282.833878509700298, 8982602.873528767377138 ], [ 774298.159583237953484, 8982598.739270512014627 ] ] ] } },
{ "type": "Feature", "properties": { "LAYER": "MSal Kwarter", "GM_TYPE": "Unknown Line Type", "ELEVATION": 0 }, "geometry": { "type": "MultiLineString", "coordinates": [ [ [ 774327.377068925416097, 8982432.969717731699347 ], [ 774343.579022507881746, 8982429.957621496170759 ] ] ] } },
{ "type": "Feature", "properties": { "LAYER": "MSal Kwarter", "GM_TYPE": "Unknown Line Type", "ELEVATION": 24 }, "geometry": { "type": "MultiLineString", "coordinates": [ [ [ 774381.264055019244552, 8982280.754880707710981 ], [ 774386.460638874210417, 8982278.256800377741456 ] ] ] } },
{ "type": "Feature", "properties": { "LAYER": "MSal Kwarter", "GM_TYPE": "Unknown Line Type", "ELEVATION": 17 }, "geometry": { "type": "MultiLineString", "coordinates": [ [ [ 774448.248641012236476, 8982099.650294598191977 ], [ 774451.625673915026709, 8982097.462038217112422 ] ] ] } },
{ "type": "Feature", "properties": { "LAYER": "MSal Kwarter", "GM_TYPE": "Unknown Line Type", "ELEVATION": 0 }, "geometry": { "type": "MultiLineString", "coordinates": [ [ [ 774505.669323709909804, 8981931.423447411507368 ], [ 774516.172142377123237, 8981927.938662882894278 ] ] ] } },
{ "type": "Feature", "properties": { "LAYER": "MSal Kwarter", "GM_TYPE": "Unknown Line Type", "ELEVATION": 0 }, "geometry": { "type": "MultiLineString", "coordinates": [ [ [ 774685.118973296252079, 8981767.130555134266615 ], [ 774701.163098863675259, 8981760.646338686347008 ] ] ] } },
{ "type": "Feature", "properties": { "LAYER": "MSal Kwarter", "GM_TYPE": "Unknown Line Type", "ELEVATION": 0 }, "geometry": { "type": "MultiLineString", "coordinates": [ [ [ 774826.575927952304482, 8981577.149541433900595 ], [ 774836.107960102148354, 8981574.833792638033628 ] ] ] } },
{ "type": "Feature", "properties": { "LAYER": "MSal Kwarter", "GM_TYPE": "Unknown Line Type", "ELEVATION": 24 }, "geometry": { "type": "MultiLineString", "coordinates": [ [ [ 774831.363248938228935, 8982083.775442134588957 ], [ 774818.517668160842732, 8982089.383894927799702 ] ] ] } },
{ "type": "Feature", "properties": { "LAYER": "MSal Kwarter", "GM_TYPE": "Unknown Line Type", "ELEVATION": 0 }, "geometry": { "type": "MultiLineString", "coordinates": [ [ [ 773600.44227114727255, 8983558.382865993306041 ], [ 773952.420080073759891, 8983479.017281036823988 ] ] ] } },
{ "type": "Feature", "properties": { "LAYER": "MSal Kwarter", "GM_TYPE": "Unknown Line Type", "ELEVATION": 0 }, "geometry": { "type": "MultiLineString", "coordinates": [ [ [ 774319.62540665070992, 8983573.120116615667939 ], [ 774092.099030992249027, 8983335.750779684633017 ] ] ] } },
{ "type": "Feature", "properties": { "LAYER": "MSal Kwarter", "GM_TYPE": "Unknown Line Type", "ELEVATION": 0 }, "geometry": { "type": "MultiLineString", "coordinates": [ [ [ 774092.099030992249027, 8983335.750779684633017 ], [ 774092.713963904883713, 8983344.843886833637953 ] ] ] } },
{ "type": "Feature", "properties": { "LAYER": "MSal Kwarter", "GM_TYPE": "Unknown Line Type", "ELEVATION": 0 }, "geometry": { "type": "MultiLineString", "coordinates": [ [ [ 773952.420080073759891, 8983479.017281036823988 ], [ 773945.703254619380459, 8983476.384827859699726 ] ] ] } },
{ "type": "Feature", "properties": { "LAYER": "MSal Kwarter", "GM_TYPE": "Unknown Line Type", "ELEVATION": 0 }, "geometry": { "type": "MultiLineString", "coordinates": [ [ [ 773614.300217169802636, 8983587.807611947879195 ], [ 773617.74271111714188, 8983589.826927244663239 ] ] ] } },
{ "type": "Feature", "properties": { "LAYER": "MSal Kwarter", "GM_TYPE": "Unknown Line Type", "ELEVATION": 0 }, "geometry": { "type": "MultiLineString", "coordinates": [ [ [ 774476.992805736372247, 8983443.774462983012199 ], [ 774473.119159624795429, 8983436.959698542952538 ], [ 774465.383873442769982, 8983426.093764238059521 ], [ 774447.898175890441053, 8983417.249596793204546 ] ] ] } },
{ "type": "Feature", "properties": { "LAYER": "MSal Kwarter", "GM_TYPE": "Unknown Line Type", "ELEVATION": 0 }, "geometry": { "type": "MultiLineString", "coordinates": [ [ [ 774236.64552764070686, 8983217.843793503940105 ], [ 774236.104649692308158, 8983230.592953726649284 ] ] ] } },
{ "type": "Feature", "properties": { "LAYER": "MSal Kwarter", "GM_TYPE": "Unknown Line Type", "ELEVATION": 0 }, "geometry": { "type": "MultiLineString", "coordinates": [ [ [ 773899.980364575749263, 8983735.96083895675838 ], [ 773901.031251667649485, 8983731.717445626854897 ], [ 773900.776010257657617, 8983729.017846465110779 ], [ 773898.345334615791216, 8983726.853694854304194 ], [ 773895.638105139951222, 8983726.853694854304194 ] ] ] } },
{ "type": "Feature", "properties": { "LAYER": "MSal Kwarter", "GM_TYPE": "Unknown Line Type", "ELEVATION": 0 }, "geometry": { "type": "MultiLineString", "coordinates": [ [ [ 773942.888322579441592, 8983772.482638653367758 ], [ 773945.717368349665776, 8983771.809409242123365 ] ] ] } },
{ "type": "Feature", "properties": { "LAYER": "MSal Kwarter", "GM_TYPE": "Unknown Line Type", "ELEVATION": 0 }, "geometry": { "type": "MultiLineString", "coordinates": [ [ [ 773391.261310721398331, 8983133.121925339102745 ], [ 773391.783542641205713, 8983136.936479777097702 ], [ 773391.415915001183748, 8983140.147891342639923 ] ] ] } },
{ "type": "Feature", "properties": { "LAYER": "MSal Kwarter", "GM_TYPE": "Unknown Line Type", "ELEVATION": 0 }, "geometry": { "type": "MultiLineString", "coordinates": [ [ [ 773558.346981310052797, 8983372.890262752771378 ], [ 773558.813487169449218, 8983373.412947107106447 ], [ 773559.690285631921142, 8983373.547802353277802 ] ] ] } },
{ "type": "Feature", "properties": { "LAYER": "MSal Kwarter", "GM_TYPE": "Unknown Line Type", "ELEVATION": 0 }, "geometry": { "type": "MultiLineString", "coordinates": [ [ [ 773392.485163822537288, 8983132.25886719673872 ], [ 773396.448411779711023, 8983133.803590189665556 ], [ 773396.218488913262263, 8983135.564580205827951 ], [ 773396.663680422236212, 8983140.854939270764589 ] ] ] } },
{ "type": "Feature", "properties": { "LAYER": "MSal Kwarter", "GM_TYPE": "Unknown Line Type", "ELEVATION": 0 }, "geometry": { "type": "MultiLineString", "coordinates": [ [ [ 773549.783387459581718, 8983344.926219951361418 ], [ 773550.093408446293324, 8983342.124476343393326 ] ] ] } },
{ "type": "Feature", "properties": { "LAYER": "MSal Kwarter", "GM_TYPE": "Unknown Line Type", "ELEVATION": 0 }, "geometry": { "type": "MultiLineString", "coordinates": [ [ [ 774183.565836383146234, 8983155.021051399409771 ], [ 774182.05454104184173, 8983155.618501137942076 ] ] ] } },
{ "type": "Feature", "properties": { "LAYER": "MSal Kwarter", "GM_TYPE": "Unknown Line Type", "ELEVATION": 0 }, "geometry": { "type": "MultiLineString", "coordinates": [ [ [ 773606.339673545327969, 8983094.926271084696054 ], [ 773664.250150884967297, 8983027.555218640714884 ], [ 773804.070802516769618, 8982885.004203252494335 ] ] ] } },
{ "type": "Feature", "properties": { "LAYER": "MSal Kwarter", "GM_TYPE": "Unknown Line Type", "ELEVATION": 0 }, "geometry": { "type": "MultiLineString", "coordinates": [ [ [ 773804.070802516769618, 8982885.004203252494335 ], [ 773786.996523205889389, 8982881.686412241309881 ] ] ] } },
{ "type": "Feature", "properties": { "LAYER": "MSal Kwarter", "GM_TYPE": "Unknown Line Type", "ELEVATION": 0 }, "geometry": { "type": "MultiLineString", "coordinates": [ [ [ 773804.070802516769618, 8982885.004203252494335 ], [ 773805.088465212844312, 8982902.539000153541565 ] ] ] } },
{ "type": "Feature", "properties": { "LAYER": "MSal Kwarter", "GM_TYPE": "Unknown Line Type", "ELEVATION": 0 }, "geometry": { "type": "MultiLineString", "coordinates": [ [ [ 773835.252651807852089, 8982577.553280238062143 ], [ 773877.572669612709433, 8982578.22567686252296 ] ] ] } },
{ "type": "Feature", "properties": { "LAYER": "MSal Kwarter", "GM_TYPE": "Unknown Line Type", "ELEVATION": 0 }, "geometry": { "type": "MultiLineString", "coordinates": [ [ [ 773848.124172921525314, 8982401.081976924091578 ], [ 773857.275539223337546, 8982409.370329048484564 ] ] ] } },
{ "type": "Feature", "properties": { "LAYER": "MSal Kwarter", "GM_TYPE": "Unknown Line Type", "ELEVATION": 0 }, "geometry": { "type": "MultiLineString", "coordinates": [ [ [ 774122.900712015805766, 8982564.130270438268781 ], [ 774118.308611354441382, 8982557.801475528627634 ] ] ] } },
{ "type": "Feature", "properties": { "LAYER": "MSal Kwarter", "GM_TYPE": "Unknown Line Type", "ELEVATION": 0 }, "geometry": { "type": "MultiLineString", "coordinates": [ [ [ 773702.801133337197825, 8982412.806643221527338 ], [ 773709.360749272396788, 8982430.45519432425499 ] ] ] } },
{ "type": "Feature", "properties": { "LAYER": "MSal Kwarter", "GM_TYPE": "Unknown Line Type", "ELEVATION": 0 }, "geometry": { "type": "MultiLineString", "coordinates": [ [ [ 773493.464830543613061, 8982848.815787680447102 ], [ 773497.621100888587534, 8982844.473110094666481 ], [ 773500.480434306198731, 8982843.97877536714077 ], [ 773503.829140675486997, 8982845.188753094524145 ] ] ] } },
{ "type": "Feature", "properties": { "LAYER": "MSal Kwarter", "GM_TYPE": "Unknown Line Type", "ELEVATION": 0 }, "geometry": { "type": "MultiLineString", "coordinates": [ [ [ 773782.201654100557789, 8982831.056968642398715 ], [ 773777.518782359431498, 8982825.4419766664505 ] ] ] } },
{ "type": "Feature", "properties": { "LAYER": "MSal Kwarter", "GM_TYPE": "Unknown Line Type", "ELEVATION": 0 }, "geometry": { "type": "MultiLineString", "coordinates": [ [ [ 773720.25652808137238, 8982379.34372959472239 ], [ 773721.473433958832175, 8982374.391930758953094 ] ] ] } },
{ "type": "Feature", "properties": { "LAYER": "MSal Kwarter", "GM_TYPE": "Unknown Line Type", "ELEVATION": 0 }, "geometry": { "type": "MultiLineString", "coordinates": [ [ [ 773790.224877510336228, 8982232.948892271146178 ], [ 773793.673033764818683, 8982240.05855656042695 ] ] ] } },
{ "type": "Feature", "properties": { "LAYER": "MSal Kwarter", "GM_TYPE": "Unknown Line Type", "ELEVATION": 0 }, "geometry": { "type": "MultiLineString", "coordinates": [ [ [ 773840.943377981428057, 8982203.886791102588177 ], [ 773842.724143732106313, 8982200.558363933116198 ] ] ] } },
{ "type": "Feature", "properties": { "LAYER": "MSal Kwarter", "GM_TYPE": "Unknown Line Type", "ELEVATION": 0 }, "geometry": { "type": "MultiLineString", "coordinates": [ [ [ 773833.53385514265392, 8981929.472993161529303 ], [ 773836.306869868072681, 8981931.641051087528467 ] ] ] } },
{ "type": "Feature", "properties": { "LAYER": "MSal Kwarter", "GM_TYPE": "Unknown Line Type", "ELEVATION": 0 }, "geometry": { "type": "MultiLineString", "coordinates": [ [ [ 773829.214546220959164, 8981857.076733212918043 ], [ 773832.259467472555116, 8981853.770714160054922 ], [ 773835.326451042899862, 8981851.320015143603086 ], [ 773839.345760138938203, 8981852.000658791512251 ] ] ] } },
{ "type": "Feature", "properties": { "LAYER": "MSal Kwarter", "GM_TYPE": "Unknown Line Type", "ELEVATION": 0 }, "geometry": { "type": "MultiLineString", "coordinates": [ [ [ 774049.646529249381274, 8981799.470510393381119 ], [ 774037.010960828163661, 8981795.424548335373402 ] ] ] } },
{ "type": "Feature", "properties": { "LAYER": "MSal Kwarter", "GM_TYPE": "Unknown Line Type", "ELEVATION": 0 }, "geometry": { "type": "MultiLineString", "coordinates": [ [ [ 773819.397841580677778, 8981575.873581444844604 ], [ 773821.137781087192707, 8981570.510670591145754 ], [ 773823.337053527589887, 8981569.804525971412659 ], [ 773827.417333670658991, 8981571.186756048351526 ] ] ] } },
{ "type": "Feature", "properties": { "LAYER": "MSal Kwarter", "GM_TYPE": "Unknown Line Type", "ELEVATION": 0 }, "geometry": { "type": "MultiLineString", "coordinates": [ [ [ 774086.945700174896047, 8981503.090468438342214 ], [ 774077.35502222168725, 8981498.556393172591925 ] ] ] } },
{ "type": "Feature", "properties": { "LAYER": "MSal Kwarter", "GM_TYPE": "Unknown Line Type", "ELEVATION": 24 }, "geometry": { "type": "MultiLineString", "coordinates": [ [ [ 774672.554549861000851, 8983000.628091413527727 ], [ 774639.158295229775831, 8982986.589660059660673 ] ] ] } },
{ "type": "Feature", "properties": { "LAYER": "MSal Kwarter", "GM_TYPE": "Unknown Line Type", "ELEVATION": 0 }, "geometry": { "type": "MultiLineString", "coordinates": [ [ [ 774807.287725874572061, 8982625.457406651228666 ], [ 774820.421114758588374, 8982619.588258646428585 ] ] ] } },
{ "type": "Feature", "properties": { "LAYER": "MSal Kwarter", "GM_TYPE": "Unknown Line Type", "ELEVATION": 0 }, "geometry": { "type": "MultiLineString", "coordinates": [ [ [ 774841.762790986220352, 8982438.473995497450233 ], [ 774852.263177619432099, 8982433.487294897437096 ] ] ] } },
{ "type": "Feature", "properties": { "LAYER": "MSal Kwarter", "GM_TYPE": "Unknown Line Type", "ELEVATION": 17 }, "geometry": { "type": "MultiLineString", "coordinates": [ [ [ 774873.78016452351585, 8982264.820437453687191 ], [ 774884.179963729227893, 8982259.90008138678968 ] ] ] } },
{ "type": "Feature", "properties": { "LAYER": "MSal Kwarter", "GM_TYPE": "Unknown Line Type", "ELEVATION": 0 }, "geometry": { "type": "MultiLineString", "coordinates": [ [ [ 774743.433917177724652, 8982619.270643811672926 ], [ 774745.079421963077039, 8982618.044136766344309 ] ] ] } },
{ "type": "Feature", "properties": { "LAYER": "MSal Kwarter", "GM_TYPE": "Unknown Line Type", "ELEVATION": 0 }, "geometry": { "type": "MultiLineString", "coordinates": [ [ [ 774743.433917177724652, 8982619.270643811672926 ], [ 774744.869685476529412, 8982621.116921052336693 ] ] ] } },
{ "type": "Feature", "properties": { "LAYER": "MSal Kwarter", "GM_TYPE": "Unknown Line Type", "ELEVATION": 0 }, "geometry": { "type": "MultiLineString", "coordinates": [ [ [ 774776.804717483348213, 8982424.83828291669488 ], [ 774777.606644199695438, 8982424.394627742469311 ] ] ] } },
{ "type": "Feature", "properties": { "LAYER": "MSal Kwarter", "GM_TYPE": "Unknown Line Type", "ELEVATION": 0 }, "geometry": { "type": "MultiLineString", "coordinates": [ [ [ 774776.804717483348213, 8982424.83828291669488 ], [ 774777.305833496036939, 8982425.686674755066633 ] ] ] } },
{ "type": "Feature", "properties": { "LAYER": "MSal Kwarter", "GM_TYPE": "Unknown Line Type", "ELEVATION": 0 }, "geometry": { "type": "MultiLineString", "coordinates": [ [ [ 775283.757478348677978, 8982245.177738394588232 ], [ 775278.912577121984214, 8982256.091271977871656 ] ] ] } },
{ "type": "Feature", "properties": { "LAYER": "MSal Kwarter", "GM_TYPE": "Unknown Line Type", "ELEVATION": 0 }, "geometry": { "type": "MultiLineString", "coordinates": [ [ [ 774985.28263505990617, 8981896.388086277991533 ], [ 774993.316246976144612, 8981892.717257648706436 ] ] ] } },
{ "type": "Feature", "properties": { "LAYER": "MSal Kwarter", "GM_TYPE": "Unknown Line Type", "ELEVATION": 24 }, "geometry": { "type": "MultiLineString", "coordinates": [ [ [ 775002.099605760769919, 8981720.709621243178844 ], [ 774991.482078859349713, 8981722.267731422558427 ] ] ] } },
{ "type": "Feature", "properties": { "LAYER": "MSal Kwarter", "GM_TYPE": "Unknown Line Type", "ELEVATION": 0 }, "geometry": { "type": "MultiLineString", "coordinates": [ [ [ 775246.752035014797002, 8981668.928152177482843 ], [ 775244.872082920046523, 8981671.459922689944506 ] ] ] } },
{ "type": "Feature", "properties": { "LAYER": "MSal Kwarter", "GM_TYPE": "Unknown Line Type", "ELEVATION": 0 }, "geometry": { "type": "MultiLineString", "coordinates": [ [ [ 774892.25859259639401, 8982065.698904778808355 ], [ 774898.669141592923552, 8982063.216461889445782 ] ] ] } },
{ "type": "Feature", "properties": { "LAYER": "MSal Kwarter", "GM_TYPE": "Unknown Line Type", "ELEVATION": 0 }, "geometry": { "type": "MultiLineString", "coordinates": [ [ [ 775274.88385422131978, 8982204.829913038760424 ], [ 775270.921227450715378, 8982200.397392958402634 ], [ 775264.785800880054012, 8982199.184618566185236 ] ] ] } },
{ "type": "Feature", "properties": { "LAYER": "MSal Kwarter", "GM_TYPE": "Unknown Line Type", "ELEVATION": 0 }, "geometry": { "type": "MultiLineString", "coordinates": [ [ [ 774746.474271442741156, 8982973.91208378225565 ], [ 774747.404724701889791, 8982971.467893414199352 ] ] ] } },
{ "type": "Feature", "properties": { "LAYER": "MSal Kwarter", "GM_TYPE": "Unknown Line Type", "ELEVATION": 0 }, "geometry": { "type": "MultiLineString", "coordinates": [ [ [ 775379.002755791065283, 8982853.868017874658108 ], [ 775375.589624862885103, 8982857.302632261067629 ], [ 775370.07655630656518, 8982864.215798120945692 ], [ 775362.217460328130983, 8982868.082475878298283 ], [ 775355.062162483111024, 8982870.777432594448328 ], [ 775346.147386126453057, 8982873.941081076860428 ], [ 775340.165085170650855, 8982875.815831393003464 ], [ 775333.713585458928719, 8982877.221889939159155 ], [ 775322.762495411443524, 8982878.124128786846995 ] ] ] } },
{ "type": "Feature", "properties": { "LAYER": "MSal Kwarter", "GM_TYPE": "Unknown Line Type", "ELEVATION": 0 }, "geometry": { "type": "MultiLineString", "coordinates": [ [ [ 774516.568541025510058, 8983074.331133153289557 ], [ 774505.97666269983165, 8983081.660623798146844 ], [ 774468.003123515867628, 8983123.451285652816296 ], [ 774428.157564772991464, 8983140.103217542171478 ], [ 774411.335716142086312, 8983158.827405851334333 ], [ 774405.696045340038836, 8983182.971103357151151 ], [ 774399.2771802758798, 8983245.792281150817871 ], [ 774398.089716481394134, 8983271.014222633093596 ] ] ] } },
{ "type": "Feature", "properties": { "LAYER": "MSal Kwarter", "GM_TYPE": "Unknown Line Type", "ELEVATION": 0 }, "geometry": { "type": "MultiLineString", "coordinates": [ [ [ 774398.089716481394134, 8983271.014222633093596 ], [ 774391.97808811836876, 8983263.002077337354422 ] ] ] } },
{ "type": "Feature", "properties": { "LAYER": "MSal Kwarter", "GM_TYPE": "Unknown Line Type", "ELEVATION": 0 }, "geometry": { "type": "MultiLineString", "coordinates": [ [ [ 773105.677502372534946, 8982025.649322524666786 ], [ 772872.746251826407388, 8981723.334715772420168 ] ] ] } },
{ "type": "Feature", "properties": { "LAYER": "MSal Kwarter", "GM_TYPE": "Unknown Line Type", "ELEVATION": 0 }, "geometry": { "type": "MultiLineString", "coordinates": [ [ [ 773407.662351173348725, 8982159.877321466803551 ], [ 773161.196003855671734, 8982054.884145636111498 ] ] ] } },
{ "type": "Feature", "properties": { "LAYER": "MSal Kwarter", "GM_TYPE": "Unknown Line Type", "ELEVATION": 0 }, "geometry": { "type": "MultiLineString", "coordinates": [ [ [ 773701.393537930911407, 8982366.323722012341022 ], [ 773450.808875493705273, 8982180.674902306869626 ] ] ] } },
{ "type": "Feature", "properties": { "LAYER": "MSal Kwarter", "GM_TYPE": "Unknown Line Type", "ELEVATION": 0 }, "geometry": { "type": "MultiLineString", "coordinates": [ [ [ 772872.746251826407388, 8981723.334715772420168 ], [ 772880.37072531983722, 8981724.315349824726582 ] ] ] } },
{ "type": "Feature", "properties": { "LAYER": "MSal Kwarter", "GM_TYPE": "Unknown Line Type", "ELEVATION": 0 }, "geometry": { "type": "MultiLineString", "coordinates": [ [ [ 773111.694330739788711, 8982035.690246004611254 ], [ 773113.363132711267099, 8982031.125907313078642 ], [ 773110.748390929424204, 8982027.991636861115694 ], [ 773105.677502373233438, 8982025.649322524666786 ] ] ] } },
{ "type": "Feature", "properties": { "LAYER": "MSal Kwarter", "GM_TYPE": "Unknown Line Type", "ELEVATION": 0 }, "geometry": { "type": "MultiLineString", "coordinates": [ [ [ 772811.474945371504873, 8981510.129741378128529 ], [ 772819.351403602515347, 8981513.938755426555872 ] ] ] } },
{ "type": "Feature", "properties": { "LAYER": "MSal Kwarter", "GM_TYPE": "Unknown Line Type", "ELEVATION": 0 }, "geometry": { "type": "MultiLineString", "coordinates": [ [ [ 772849.585457592154853, 8981697.234110932797194 ], [ 772848.519948671804741, 8981694.305643986910582 ], [ 772845.444688277784735, 8981694.056567214429379 ], [ 772842.213236326351762, 8981695.709982186555862 ] ] ] } },
{ "type": "Feature", "properties": { "LAYER": "MSal Kwarter", "GM_TYPE": "Unknown Line Type", "ELEVATION": 0 }, "geometry": { "type": "MultiLineString", "coordinates": [ [ [ 772848.919959362363443, 8981695.405041713267565 ], [ 772853.71356776705943, 8981694.748056320473552 ], [ 772855.360540854861028, 8981696.547468908131123 ], [ 772858.819286275655031, 8981698.665270067751408 ] ] ] } },
{ "type": "Feature", "properties": { "LAYER": "MSal Kwarter", "GM_TYPE": "Unknown Line Type", "ELEVATION": 0 }, "geometry": { "type": "MultiLineString", "coordinates": [ [ [ 773121.252318830695003, 8981686.698673713952303 ], [ 773116.380996498628519, 8981682.026248004287481 ] ] ] } },
{ "type": "Feature", "properties": { "LAYER": "MSal Kwarter", "GM_TYPE": "Unknown Line Type", "ELEVATION": 0 }, "geometry": { "type": "MultiLineString", "coordinates": [ [ [ 772799.660898107569665, 8981281.899945352226496 ], [ 772803.295253572636284, 8981277.912019185721874 ], [ 772804.216766243102029, 8981273.253851152956486 ], [ 772800.69352055026684, 8981266.314420618116856 ] ] ] } },
{ "type": "Feature", "properties": { "LAYER": "MSal Kwarter", "GM_TYPE": "Unknown Line Type", "ELEVATION": 0 }, "geometry": { "type": "MultiLineString", "coordinates": [ [ [ 772788.061497859540395, 8981021.444138936698437 ], [ 772791.734868040075526, 8981018.326679557561874 ], [ 772792.737411258742213, 8981013.875627271831036 ], [ 772789.616892744787037, 8981010.681329116225243 ] ] ] } },
{ "type": "Feature", "properties": { "LAYER": "MSal Kwarter", "GM_TYPE": "Unknown Line Type", "ELEVATION": 0 }, "geometry": { "type": "MultiLineString", "coordinates": [ [ [ 773368.793649300234392, 8983129.764515526592731 ], [ 773345.852515032165684, 8983126.073051042854786 ], [ 773332.960452799452469, 8983114.156210005283356 ], [ 773311.077652069274336, 8983064.324244555085897 ], [ 773310.590306525700726, 8983030.043575594201684 ], [ 773310.024521830957383, 8983006.355520628392696 ], [ 773304.93337148334831, 8982988.67710623331368 ], [ 773297.843568961601704, 8982984.506465584039688 ], [ 773277.830825773067772, 8982976.042407434433699 ], [ 773228.859786703251302, 8982966.056390851736069 ], [ 773204.661966744344682, 8982966.056390851736069 ], [ 773164.273292205762118, 8982957.626164972782135 ], [ 773117.683317269547842, 8982953.877425057813525 ], [ 773079.915496334899217, 8982947.501094084233046 ] ] ] } },
{ "type": "Feature", "properties": { "LAYER": "MSal Kwarter", "GM_TYPE": "Unknown Line Type", "ELEVATION": 0 }, "geometry": { "type": "MultiLineString", "coordinates": [ [ [ 772907.649233305593953, 8982611.875477626919746 ], [ 772902.9605648717843, 8982582.931929357349873 ], [ 772861.290524814743549, 8982561.609440751373768 ] ] ] } },
{ "type": "Feature", "properties": { "LAYER": "MSal Kwarter", "GM_TYPE": "Unknown Line Type", "ELEVATION": 0 }, "geometry": { "type": "MultiLineString", "coordinates": [ [ [ 772947.550372327794321, 8982850.98806132376194 ], [ 773431.643203987856396, 8982848.443782646209002 ] ] ] } },
{ "type": "Feature", "properties": { "LAYER": "MSal Kwarter", "GM_TYPE": "Unknown Line Type", "ELEVATION": 0 }, "geometry": { "type": "MultiLineString", "coordinates": [ [ [ 772960.854294762015343, 8982846.918083775788546 ], [ 773162.446341457543895, 8982845.858563136309385 ] ] ] } },
{ "type": "Feature", "properties": { "LAYER": "MSal Kwarter", "GM_TYPE": "Unknown Line Type", "ELEVATION": 0 }, "geometry": { "type": "MultiLineString", "coordinates": [ [ [ 773210.268273525871336, 8982849.607277493923903 ], [ 773269.835517247207463, 8982650.191132446750998 ] ] ] } },
{ "type": "Feature", "properties": { "LAYER": "MSal Kwarter", "GM_TYPE": "Unknown Line Type", "ELEVATION": 0 }, "geometry": { "type": "MultiLineString", "coordinates": [ [ [ 772843.799470657715574, 8982276.959643166512251 ], [ 773214.300110244890675, 8982269.38102563470602 ] ] ] } },
{ "type": "Feature", "properties": { "LAYER": "MSal Kwarter", "GM_TYPE": "Unknown Line Type", "ELEVATION": 0 }, "geometry": { "type": "MultiLineString", "coordinates": [ [ [ 772850.685873821727, 8982418.649631142616272 ], [ 773221.282423036172986, 8982414.946684766560793 ] ] ] } },
{ "type": "Feature", "properties": { "LAYER": "MSal Kwarter", "GM_TYPE": "Unknown Line Type", "ELEVATION": 0 }, "geometry": { "type": "MultiLineString", "coordinates": [ [ [ 773221.282423036172986, 8982414.946684766560793 ], [ 773216.53230395889841, 8982409.26564722135663 ] ] ] } },
{ "type": "Feature", "properties": { "LAYER": "MSal Kwarter", "GM_TYPE": "Unknown Line Type", "ELEVATION": 0 }, "geometry": { "type": "MultiLineString", "coordinates": [ [ [ 773214.300110244890675, 8982269.38102563470602 ], [ 773212.699529459583573, 8982266.962453939020634 ] ] ] } },
{ "type": "Feature", "properties": { "LAYER": "MSal Kwarter", "GM_TYPE": "Unknown Line Type", "ELEVATION": 0 }, "geometry": { "type": "MultiLineString", "coordinates": [ [ [ 773213.776360694901086, 8982102.83486532792449 ], [ 773209.957908355630934, 8982098.435924893245101 ] ] ] } },
{ "type": "Feature", "properties": { "LAYER": "MSal Kwarter", "GM_TYPE": "Unknown Line Type", "ELEVATION": 0 }, "geometry": { "type": "MultiLineString", "coordinates": [ [ [ 773022.053758043213747, 8981952.709184819832444 ], [ 773016.57192145998124, 8981947.676496628671885 ] ] ] } },
{ "type": "Feature", "properties": { "LAYER": "MSal Kwarter", "GM_TYPE": "Unknown Line Type", "ELEVATION": 0 }, "geometry": { "type": "MultiLineString", "coordinates": [ [ [ 772818.126274312380701, 8981737.603363495320082 ], [ 772830.216296904836781, 8981746.588219605386257 ] ] ] } },
{ "type": "Feature", "properties": { "LAYER": "MSal Kwarter", "GM_TYPE": "Unknown Line Type", "ELEVATION": 0 }, "geometry": { "type": "MultiLineString", "coordinates": [ [ [ 773079.915496334899217, 8982947.501094084233046 ], [ 773084.873760527232662, 8982942.12541457824409 ] ] ] } },
{ "type": "Feature", "properties": { "LAYER": "MSal Kwarter", "GM_TYPE": "Unknown Line Type", "ELEVATION": 0 }, "geometry": { "type": "MultiLineString", "coordinates": [ [ [ 773377.213958826381713, 8983133.000769320875406 ], [ 773377.960359371965751, 8983130.326688699424267 ], [ 773376.564251727308147, 8983128.590495124459267 ], [ 773372.940062026842497, 8983128.974530160427094 ], [ 773368.793649304425344, 8983129.764515526592731 ] ] ] } },
{ "type": "Feature", "properties": { "LAYER": "MSal Kwarter", "GM_TYPE": "Unknown Line Type", "ELEVATION": 0 }, "geometry": { "type": "MultiLineString", "coordinates": [ [ [ 773431.643203987856396, 8982848.443782646209002 ], [ 773427.599396316916682, 8982842.389603823423386 ] ] ] } },
{ "type": "Feature", "properties": { "LAYER": "MSal Kwarter", "GM_TYPE": "Unknown Line Type", "ELEVATION": 0 }, "geometry": { "type": "MultiLineString", "coordinates": [ [ [ 773272.702391304192133, 8982413.017855167388916 ], [ 773638.250698948046193, 8982383.38770317658782 ] ] ] } },
{ "type": "Feature", "properties": { "LAYER": "MSal Kwarter", "GM_TYPE": "Unknown Line Type", "ELEVATION": 0 }, "geometry": { "type": "MultiLineString", "coordinates": [ [ [ 773638.250698948046193, 8982383.38770317658782 ], [ 773627.424885603133589, 8982375.477628141641617 ] ] ] } },
{ "type": "Feature", "properties": { "LAYER": "MSal Kwarter", "GM_TYPE": "Unknown Line Type", "ELEVATION": 0 }, "geometry": { "type": "MultiLineString", "coordinates": [ [ [ 773265.979181003756821, 8982174.042284324765205 ], [ 773273.286119886790402, 8982180.343741793185472 ] ] ] } },
{ "type": "Feature", "properties": { "LAYER": "MSal Kwarter", "GM_TYPE": "Unknown Line Type", "ELEVATION": 0 }, "geometry": { "type": "MultiLineString", "coordinates": [ [ [ 773269.835517247207463, 8982650.191132446750998 ], [ 773276.850451194215566, 8982663.572934802621603 ] ] ] } },
{ "type": "Feature", "properties": { "LAYER": "MSal Kwarter", "GM_TYPE": "Unknown Line Type", "ELEVATION": 0 }, "geometry": { "type": "MultiLineString", "coordinates": [ [ [ 772949.566915801842697, 8982849.171206589788198 ], [ 772953.843077024677768, 8982845.347670020535588 ], [ 772957.806470811599866, 8982845.49995337985456 ], [ 772960.854294763877988, 8982846.918083775788546 ] ] ] } },
{ "type": "Feature", "properties": { "LAYER": "MSal Kwarter", "GM_TYPE": "Unknown Line Type", "ELEVATION": 0 }, "geometry": { "type": "MultiLineString", "coordinates": [ [ [ 773162.446341457543895, 8982845.858563136309385 ], [ 773152.994021022925153, 8982835.992357581853867 ] ] ] } },
{ "type": "Feature", "properties": { "LAYER": "MSal Kwarter", "GM_TYPE": "Unknown Line Type", "ELEVATION": 0 }, "geometry": { "type": "MultiLineString", "coordinates": [ [ [ 772906.187413460691459, 8982614.387454813346267 ], [ 772907.649233305593953, 8982611.875477626919746 ] ] ] } },
{ "type": "Feature", "properties": { "LAYER": "MSal Kwarter", "GM_TYPE": "Unknown Line Type", "ELEVATION": 0 }, "geometry": { "type": "MultiLineString", "coordinates": [ [ [ 772856.187373626744375, 8982448.400748874992132 ], [ 772865.269889742950909, 8982452.98393932543695 ] ] ] } },
{ "type": "Feature", "properties": { "LAYER": "MSal Kwarter", "GM_TYPE": "Unknown Line Type", "ELEVATION": 0 }, "geometry": { "type": "MultiLineString", "coordinates": [ [ [ 773283.052473608404398, 8982590.430495068430901 ], [ 773297.179884084034711, 8982592.412351116538048 ], [ 773312.047037350246683, 8982595.415909813717008 ], [ 773326.762499386677518, 8982600.910690613090992 ] ] ] } },
{ "type": "Feature", "properties": { "LAYER": "MSal Kwarter", "GM_TYPE": "Unknown Line Type", "ELEVATION": 0 }, "geometry": { "type": "MultiLineString", "coordinates": [ [ [ 773814.562893784954213, 8982164.578275680541992 ], [ 773224.154220439959317, 8981644.103674661368132 ] ] ] } },
{ "type": "Feature", "properties": { "LAYER": "MSal Kwarter", "GM_TYPE": "Unknown Line Type", "ELEVATION": 0 }, "geometry": { "type": "MultiLineString", "coordinates": [ [ [ 773806.606841532979161, 8982152.232258599251509 ], [ 773587.392722858116031, 8981958.984113534912467 ] ] ] } },
{ "type": "Feature", "properties": { "LAYER": "MSal Kwarter", "GM_TYPE": "Unknown Line Type", "ELEVATION": 0 }, "geometry": { "type": "MultiLineString", "coordinates": [ [ [ 773559.63897028984502, 8981939.850162152200937 ], [ 773569.72497390024364, 8981714.47663002833724 ] ] ] } },
{ "type": "Feature", "properties": { "LAYER": "MSal Kwarter", "GM_TYPE": "Unknown Line Type", "ELEVATION": 0 }, "geometry": { "type": "MultiLineString", "coordinates": [ [ [ 773806.088623713701963, 8981841.084023408591747 ], [ 773364.233098440105096, 8981485.724333919584751 ] ] ] } },
{ "type": "Feature", "properties": { "LAYER": "MSal Kwarter", "GM_TYPE": "Unknown Line Type", "ELEVATION": 0 }, "geometry": { "type": "MultiLineString", "coordinates": [ [ [ 773796.432074752752669, 8981574.988990843296051 ], [ 773494.965258275857195, 8981380.565940538421273 ] ] ] } },
{ "type": "Feature", "properties": { "LAYER": "MSal Kwarter", "GM_TYPE": "Unknown Line Type", "ELEVATION": 0 }, "geometry": { "type": "MultiLineString", "coordinates": [ [ [ 773378.895911067025736, 8981825.242959873750806 ], [ 773375.927521394798532, 8981830.774633213877678 ] ] ] } },
{ "type": "Feature", "properties": { "LAYER": "MSal Kwarter", "GM_TYPE": "Unknown Line Type", "ELEVATION": 0 }, "geometry": { "type": "MultiLineString", "coordinates": [ [ [ 773161.196003855671734, 8982054.884145636111498 ], [ 773170.900124131701887, 8982051.143833458423615 ] ] ] } },
{ "type": "Feature", "properties": { "LAYER": "MSal Kwarter", "GM_TYPE": "Unknown Line Type", "ELEVATION": 0 }, "geometry": { "type": "MultiLineString", "coordinates": [ [ [ 773494.965258275857195, 8981380.565940538421273 ], [ 773504.684680336853489, 8981378.587292892858386 ] ] ] } },
{ "type": "Feature", "properties": { "LAYER": "MSal Kwarter", "GM_TYPE": "Unknown Line Type", "ELEVATION": 0 }, "geometry": { "type": "MultiLineString", "coordinates": [ [ [ 773364.233098440105096, 8981485.724333919584751 ], [ 773377.609656852553599, 8981482.669653616845608 ] ] ] } },
{ "type": "Feature", "properties": { "LAYER": "MSal Kwarter", "GM_TYPE": "Unknown Line Type", "ELEVATION": 0 }, "geometry": { "type": "MultiLineString", "coordinates": [ [ [ 773569.72497390024364, 8981714.47663002833724 ], [ 773560.586519851349294, 8981720.810305058956146 ] ] ] } },
{ "type": "Feature", "properties": { "LAYER": "MSal Kwarter", "GM_TYPE": "Unknown Line Type", "ELEVATION": 0 }, "geometry": { "type": "MultiLineString", "coordinates": [ [ [ 773224.154220439959317, 8981644.103674661368132 ], [ 773228.627185973455198, 8981643.520655710250139 ], [ 773228.880731483921409, 8981641.819985989481211 ], [ 773228.287300528143533, 8981639.866730380803347 ] ] ] } },
{ "type": "Feature", "properties": { "LAYER": "MSal Kwarter", "GM_TYPE": "Unknown Line Type", "ELEVATION": 0 }, "geometry": { "type": "MultiLineString", "coordinates": [ [ [ 773260.8173922119895, 8981324.080496024340391 ], [ 773267.920471671270207, 8981329.793679211288691 ] ] ] } },
{ "type": "Feature", "properties": { "LAYER": "MSal Kwarter", "GM_TYPE": "Unknown Line Type", "ELEVATION": 0 }, "geometry": { "type": "MultiLineString", "coordinates": [ [ [ 773373.039663387811743, 8980939.533272746950388 ], [ 773385.260633802157827, 8980958.948204774409533 ] ] ] } },
{ "type": "Feature", "properties": { "LAYER": "MSal Kwarter", "GM_TYPE": "Unknown Line Type", "ELEVATION": 0 }, "geometry": { "type": "MultiLineString", "coordinates": [ [ [ 773789.679052224149927, 8981070.355842476710677 ], [ 773778.39859847468324, 8981083.033344008028507 ] ] ] } },
{ "type": "Feature", "properties": { "LAYER": "MSal Kwarter", "GM_TYPE": "Unknown Line Type", "ELEVATION": 0 }, "geometry": { "type": "MultiLineString", "coordinates": [ [ [ 773514.01532532973215, 8981250.966065693646669 ], [ 773506.535615478642285, 8981246.101583659648895 ] ] ] } },
{ "type": "Feature", "properties": { "LAYER": "MSal Kwarter", "GM_TYPE": "Unknown Line Type", "ELEVATION": 0 }, "geometry": { "type": "MultiLineString", "coordinates": [ [ [ 773636.310961694456637, 8981245.368025589734316 ], [ 773643.42173899745103, 8981238.337037306278944 ] ] ] } },
{ "type": "Feature", "properties": { "LAYER": "MSal Kwarter", "GM_TYPE": "Unknown Line Type", "ELEVATION": 0 }, "geometry": { "type": "MultiLineString", "coordinates": [ [ [ 773587.392722858116031, 8981958.984113534912467 ], [ 773597.213405524729751, 8981954.46355202421546 ] ] ] } },
{ "type": "Feature", "properties": { "LAYER": "MSal Kwarter", "GM_TYPE": "Unknown Line Type", "ELEVATION": 0 }, "geometry": { "type": "MultiLineString", "coordinates": [ [ [ 773814.246072648908012, 8982161.895800657570362 ], [ 773814.307749682455324, 8982155.853052213788033 ], [ 773810.954183931695297, 8982153.759363772347569 ], [ 773806.606841533910483, 8982152.232258599251509 ] ] ] } },
{ "type": "Feature", "properties": { "LAYER": "MSal Kwarter", "GM_TYPE": "Unknown Line Type", "ELEVATION": 26 }, "geometry": { "type": "MultiLineString", "coordinates": [ [ [ 775808.7763689563144, 8982801.781699117273092 ], [ 775760.925626920070499, 8982651.779974544420838 ] ] ] } },
{ "type": "Feature", "properties": { "LAYER": "MSal Kwarter", "GM_TYPE": "Unknown Line Type", "ELEVATION": 26 }, "geometry": { "type": "MultiLineString", "coordinates": [ [ [ 775751.525321049150079, 8982622.312049236148596 ], [ 775703.653077965253033, 8982472.242923526093364 ] ] ] } },
{ "type": "Feature", "properties": { "LAYER": "MSal Kwarter", "GM_TYPE": "Unknown Line Type", "ELEVATION": 26 }, "geometry": { "type": "MultiLineString", "coordinates": [ [ [ 775697.324164265301079, 8982452.403148233890533 ], [ 775647.569833701942116, 8982296.434085436165333 ] ] ] } },
{ "type": "Feature", "properties": { "LAYER": "MSal Kwarter", "GM_TYPE": "Unknown Line Type", "ELEVATION": 26 }, "geometry": { "type": "MultiLineString", "coordinates": [ [ [ 775640.019045617198572, 8982272.763998277485371 ], [ 775583.510697677149437, 8982095.622552122920752 ] ] ] } },
{ "type": "Feature", "properties": { "LAYER": "MSal Kwarter", "GM_TYPE": "Unknown Line Type", "ELEVATION": 0 }, "geometry": { "type": "MultiLineString", "coordinates": [ [ [ 775293.765739869792014, 8982213.817888155579567 ], [ 775806.919643212575465, 8981921.281895069405437 ] ] ] } },
{ "type": "Feature", "properties": { "LAYER": "MSal Kwarter", "GM_TYPE": "Unknown Line Type", "ELEVATION": 0 }, "geometry": { "type": "MultiLineString", "coordinates": [ [ [ 775439.701173653942533, 8982126.019488096237183 ], [ 775566.817426690715365, 8982053.553744237869978 ] ] ] } },
{ "type": "Feature", "properties": { "LAYER": "MSal Kwarter", "GM_TYPE": "Unknown Line Type", "ELEVATION": 26 }, "geometry": { "type": "MultiLineString", "coordinates": [ [ [ 775570.829808305250481, 8982055.870707239955664 ], [ 775569.409702229429968, 8981788.907031964510679 ] ] ] } },
{ "type": "Feature", "properties": { "LAYER": "MSal Kwarter", "GM_TYPE": "Unknown Line Type", "ELEVATION": 26 }, "geometry": { "type": "MultiLineString", "coordinates": [ [ [ 775566.817426689667627, 8982053.553744237869978 ], [ 775565.411478558788076, 8981789.251600436866283 ] ] ] } },
{ "type": "Feature", "properties": { "LAYER": "MSal Kwarter", "GM_TYPE": "Unknown Line Type", "ELEVATION": 24 }, "geometry": { "type": "MultiLineString", "coordinates": [ [ [ 776115.093446598853916, 8982610.098522247746587 ], [ 776069.722366391448304, 8982475.440931092947721 ] ] ] } },
{ "type": "Feature", "properties": { "LAYER": "MSal Kwarter", "GM_TYPE": "Unknown Line Type", "ELEVATION": 24 }, "geometry": { "type": "MultiLineString", "coordinates": [ [ [ 776062.699259722139686, 8982454.596934825181961 ], [ 776005.557458951952867, 8982285.004824373871088 ] ] ] } },
{ "type": "Feature", "properties": { "LAYER": "MSal Kwarter", "GM_TYPE": "Unknown Line Type", "ELEVATION": 24 }, "geometry": { "type": "MultiLineString", "coordinates": [ [ [ 775998.212428881553933, 8982263.205386236310005 ], [ 775940.645032220636494, 8982092.35014259070158 ] ] ] } },
{ "type": "Feature", "properties": { "LAYER": "MSal Kwarter", "GM_TYPE": "Unknown Line Type", "ELEVATION": 24 }, "geometry": { "type": "MultiLineString", "coordinates": [ [ [ 775927.113928441889584, 8982052.190952371805906 ], [ 775880.199550977675244, 8981912.952983364462852 ] ] ] } },
{ "type": "Feature", "properties": { "LAYER": "MSal Kwarter", "GM_TYPE": "Unknown Line Type", "ELEVATION": 23 }, "geometry": { "type": "MultiLineString", "coordinates": [ [ [ 775375.07073195069097, 8982711.842681212350726 ], [ 775751.525321049615741, 8982622.312049236148596 ] ] ] } },
{ "type": "Feature", "properties": { "LAYER": "MSal Kwarter", "GM_TYPE": "Unknown Line Type", "ELEVATION": 23 }, "geometry": { "type": "MultiLineString", "coordinates": [ [ [ 775385.560633223270997, 8982705.236345157027245 ], [ 775690.870826145401224, 8982632.625689551234245 ] ] ] } },
{ "type": "Feature", "properties": { "LAYER": "MSal Kwarter", "GM_TYPE": "Unknown Line Type", "ELEVATION": 23 }, "geometry": { "type": "MultiLineString", "coordinates": [ [ [ 775751.525321049615741, 8982622.312049236148596 ], [ 776062.699259722139686, 8982454.596934825181961 ] ] ] } },
{ "type": "Feature", "properties": { "LAYER": "MSal Kwarter", "GM_TYPE": "Unknown Line Type", "ELEVATION": 23 }, "geometry": { "type": "MultiLineString", "coordinates": [ [ [ 775750.288441526587121, 8982618.434699507430196 ], [ 776016.724028083961457, 8982474.832458676770329 ] ] ] } },
{ "type": "Feature", "properties": { "LAYER": "MSal Kwarter", "GM_TYPE": "Unknown Line Type", "ELEVATION": 23 }, "geometry": { "type": "MultiLineString", "coordinates": [ [ [ 776062.699259722139686, 8982454.596934825181961 ], [ 776281.295692622661591, 8982271.828197641298175 ] ] ] } },
{ "type": "Feature", "properties": { "LAYER": "MSal Kwarter", "GM_TYPE": "Unknown Line Type", "ELEVATION": 0 }, "geometry": { "type": "MultiLineString", "coordinates": [ [ [ 775352.774123367387801, 8982566.565489534288645 ], [ 775696.86388888489455, 8982452.691681712865829 ], [ 775997.070403535850346, 8982264.50079876370728 ], [ 776187.465470989467576, 8982048.533477339893579 ] ] ] } },
{ "type": "Feature", "properties": { "LAYER": "MSal Kwarter", "GM_TYPE": "Unknown Line Type", "ELEVATION": 0 }, "geometry": { "type": "MultiLineString", "coordinates": [ [ [ 775696.069141641957685, 8982448.468923814594746 ], [ 775947.029590564547107, 8982291.148991823196411 ] ] ] } },
{ "type": "Feature", "properties": { "LAYER": "MSal Kwarter", "GM_TYPE": "Unknown Line Type", "ELEVATION": 0 }, "geometry": { "type": "MultiLineString", "coordinates": [ [ [ 775364.564648258616216, 8982558.450152486562729 ], [ 775642.912924647331238, 8982466.332974620163441 ] ] ] } },
{ "type": "Feature", "properties": { "LAYER": "MSal Kwarter", "GM_TYPE": "Unknown Line Type", "ELEVATION": 17 }, "geometry": { "type": "MultiLineString", "coordinates": [ [ [ 775638.728369878022932, 8982268.718009049072862 ], [ 775871.249573145061731, 8982091.426649374887347 ] ] ] } },
{ "type": "Feature", "properties": { "LAYER": "MSal Kwarter", "GM_TYPE": "Unknown Line Type", "ELEVATION": 17 }, "geometry": { "type": "MultiLineString", "coordinates": [ [ [ 775327.550544738071039, 8982362.35247347317636 ], [ 775578.492124771815725, 8982287.257742013782263 ] ] ] } },
{ "type": "Feature", "properties": { "LAYER": "MSal Kwarter", "GM_TYPE": "Unknown Line Type", "ELEVATION": 26 }, "geometry": { "type": "MultiLineString", "coordinates": [ [ [ 775583.510697677149437, 8982095.622552122920752 ], [ 775590.445680211530998, 8982100.831911385059357 ] ] ] } },
{ "type": "Feature", "properties": { "LAYER": "MSal Kwarter", "GM_TYPE": "Unknown Line Type", "ELEVATION": 26 }, "geometry": { "type": "MultiLineString", "coordinates": [ [ [ 775569.409702229429968, 8981788.907031964510679 ], [ 775574.850995255517773, 8981792.303576715290546 ] ] ] } },
{ "type": "Feature", "properties": { "LAYER": "MSal Kwarter", "GM_TYPE": "Unknown Line Type", "ELEVATION": 26 }, "geometry": { "type": "MultiLineString", "coordinates": [ [ [ 775703.653077965253033, 8982472.242923526093364 ], [ 775707.383662829990499, 8982473.903455311432481 ] ] ] } },
{ "type": "Feature", "properties": { "LAYER": "MSal Kwarter", "GM_TYPE": "Unknown Line Type", "ELEVATION": 26 }, "geometry": { "type": "MultiLineString", "coordinates": [ [ [ 775760.925626920070499, 8982651.779974544420838 ], [ 775769.565047147450969, 8982656.720779590308666 ] ] ] } },
{ "type": "Feature", "properties": { "LAYER": "MSal Kwarter", "GM_TYPE": "Unknown Line Type", "ELEVATION": 24 }, "geometry": { "type": "MultiLineString", "coordinates": [ [ [ 776069.722366391448304, 8982475.440931092947721 ], [ 776076.341936349170282, 8982477.857429694384336 ] ] ] } },
{ "type": "Feature", "properties": { "LAYER": "MSal Kwarter", "GM_TYPE": "Unknown Line Type", "ELEVATION": 24 }, "geometry": { "type": "MultiLineString", "coordinates": [ [ [ 776005.557458951952867, 8982285.004824373871088 ], [ 776016.031055632629432, 8982286.912089426070452 ] ] ] } },
{ "type": "Feature", "properties": { "LAYER": "MSal Kwarter", "GM_TYPE": "Unknown Line Type", "ELEVATION": 24 }, "geometry": { "type": "MultiLineString", "coordinates": [ [ [ 775940.645032220636494, 8982092.35014259070158 ], [ 775945.959892039536498, 8982093.519897758960724 ] ] ] } },
{ "type": "Feature", "properties": { "LAYER": "MSal Kwarter", "GM_TYPE": "Unknown Line Type", "ELEVATION": 24 }, "geometry": { "type": "MultiLineString", "coordinates": [ [ [ 775880.199550977675244, 8981912.952983364462852 ], [ 775887.363406919292174, 8981915.130716601386666 ] ] ] } },
{ "type": "Feature", "properties": { "LAYER": "MSal Kwarter", "GM_TYPE": "Unknown Line Type", "ELEVATION": 0 }, "geometry": { "type": "MultiLineString", "coordinates": [ [ [ 775806.919643212575465, 8981921.281895069405437 ], [ 775792.527087869006209, 8981918.793657567352057 ] ] ] } },
{ "type": "Feature", "properties": { "LAYER": "MSal Kwarter", "GM_TYPE": "Unknown Line Type", "ELEVATION": 17 }, "geometry": { "type": "MultiLineString", "coordinates": [ [ [ 776039.028401036164723, 8981829.655961215496063 ], [ 776034.298652788274921, 8981830.760018324479461 ] ] ] } },
{ "type": "Feature", "properties": { "LAYER": "MSal Kwarter", "GM_TYPE": "Unknown Line Type", "ELEVATION": 0 }, "geometry": { "type": "MultiLineString", "coordinates": [ [ [ 776187.465470989467576, 8982048.533477339893579 ], [ 776174.505845541600138, 8982043.085779555141926 ] ] ] } },
{ "type": "Feature", "properties": { "LAYER": "MSal Kwarter", "GM_TYPE": "Unknown Line Type", "ELEVATION": 23 }, "geometry": { "type": "MultiLineString", "coordinates": [ [ [ 776281.295692622661591, 8982271.828197641298175 ], [ 776269.150831355014816, 8982265.747129663825035 ] ] ] } },
{ "type": "Feature", "properties": { "LAYER": "MSal Kwarter", "GM_TYPE": "Unknown Line Type", "ELEVATION": 26 }, "geometry": { "type": "MultiLineString", "coordinates": [ [ [ 775647.569833701942116, 8982296.434085436165333 ], [ 775654.849147578352131, 8982298.205127328634262 ] ] ] } },
{ "type": "Feature", "properties": { "LAYER": "MSal Kwarter", "GM_TYPE": "Unknown Line Type", "ELEVATION": 0 }, "geometry": { "type": "MultiLineString", "coordinates": [ [ [ 775437.594319076742977, 8982814.389588303864002 ], [ 775449.731513004051521, 8982820.964845910668373 ], [ 775461.706766630406491, 8982827.465522699058056 ], [ 775485.358568517956883, 8982838.795188717544079 ], [ 775583.945658456650563, 8982879.075658129528165 ], [ 775598.662629591999575, 8982886.590407874435186 ], [ 775637.682576758321375, 8982894.037353675812483 ], [ 775659.651039154035971, 8982898.429716054350138 ], [ 775667.801320287166163, 8982892.052278939634562 ], [ 775681.094989915844053, 8982873.627427611500025 ], [ 775695.146075306343846, 8982860.610452834516764 ], [ 775751.697667249245569, 8982836.609094873070717 ] ] ] } },
{ "type": "Feature", "properties": { "LAYER": "MSal Kwarter", "GM_TYPE": "Unknown Line Type", "ELEVATION": 0 }, "geometry": { "type": "MultiLineString", "coordinates": [ [ [ 775429.261527837254107, 8982817.215156875550747 ], [ 775423.351811424246989, 8982815.150696977972984 ], [ 775418.08118063211441, 8982814.560549389570951 ], [ 775414.743632053257897, 8982814.263675598427653 ] ] ] } },
{ "type": "Feature", "properties": { "LAYER": "MSal Kwarter", "GM_TYPE": "Unknown Line Type", "ELEVATION": 0 }, "geometry": { "type": "MultiLineString", "coordinates": [ [ [ 775431.02500268490985, 8982815.125065887346864 ], [ 775431.222312049707398, 8982811.620669696480036 ], [ 775432.704059618641622, 8982809.945770367980003 ], [ 775435.550574684748426, 8982810.101587809622288 ], [ 775436.993362540611997, 8982811.776470389217138 ], [ 775437.594319077441469, 8982814.389588303864002 ] ] ] } },
{ "type": "Feature", "properties": { "LAYER": "MSal Kwarter", "GM_TYPE": "Unknown Line Type", "ELEVATION": 0 }, "geometry": { "type": "MultiLineString", "coordinates": [ [ [ 775751.697667249245569, 8982836.609094873070717 ], [ 775748.467992416350171, 8982834.984727272763848 ] ] ] } },
{ "type": "Feature", "properties": { "LAYER": "MSal Kwarter", "GM_TYPE": "Unknown Line Type", "ELEVATION": 17 }, "geometry": { "type": "MultiLineString", "coordinates": [ [ [ 775322.758732990128919, 8982366.537727657705545 ], [ 775323.691590404720046, 8982364.423634316772223 ], [ 775324.98708073864691, 8982362.373624358326197 ], [ 775326.200584963196889, 8982362.112169958651066 ], [ 775327.550544739933684, 8982362.35247347317636 ] ] ] } },
{ "type": "Feature", "properties": { "LAYER": "MSal Kwarter", "GM_TYPE": "Unknown Line Type", "ELEVATION": -23 }, "geometry": { "type": "MultiLineString", "coordinates": [ [ [ 775354.281771342852153, 8982564.158792372792959 ], [ 775357.884655757341534, 8982558.495158769190311 ], [ 775360.562883703736588, 8982557.324693918228149 ], [ 775364.564648255705833, 8982558.450152486562729 ] ] ] } },
{ "type": "Feature", "properties": { "LAYER": "MSal Kwarter", "GM_TYPE": "Unknown Line Type", "ELEVATION": 0 }, "geometry": { "type": "MultiLineString", "coordinates": [ [ [ 775376.644054444273934, 8982709.414249582216144 ], [ 775379.573171418043785, 8982704.500775530934334 ], [ 775381.370364816044457, 8982703.32106514275074 ], [ 775385.560633220942691, 8982705.236345157027245 ] ] ] } },
{ "type": "Feature", "properties": { "LAYER": "MSal Kwarter", "GM_TYPE": "Unknown Line Type", "ELEVATION": 17 }, "geometry": { "type": "MultiLineString", "coordinates": [ [ [ 775578.492124771815725, 8982287.257742013782263 ], [ 775568.837809138232842, 8982280.079319536685944 ] ] ] } },
{ "type": "Feature", "properties": { "LAYER": "MSal Kwarter", "GM_TYPE": "Unknown Line Type", "ELEVATION": 0 }, "geometry": { "type": "MultiLineString", "coordinates": [ [ [ 775642.912924647331238, 8982466.332974620163441 ], [ 775633.584574821172282, 8982458.439966674894094 ] ] ] } },
{ "type": "Feature", "properties": { "LAYER": "MSal Kwarter", "GM_TYPE": "Unknown Line Type", "ELEVATION": 23 }, "geometry": { "type": "MultiLineString", "coordinates": [ [ [ 775690.870826145401224, 8982632.625689551234245 ], [ 775681.619281570543535, 8982627.653565779328346 ] ] ] } },
{ "type": "Feature", "properties": { "LAYER": "MSal Kwarter", "GM_TYPE": "Unknown Line Type", "ELEVATION": 17 }, "geometry": { "type": "MultiLineString", "coordinates": [ [ [ 775871.249573145061731, 8982091.426649374887347 ], [ 775867.310492685763165, 8982090.441971480846405 ] ] ] } },
{ "type": "Feature", "properties": { "LAYER": "MSal Kwarter", "GM_TYPE": "Unknown Line Type", "ELEVATION": 0 }, "geometry": { "type": "MultiLineString", "coordinates": [ [ [ 775947.029590564547107, 8982291.148991823196411 ], [ 775944.683877325151116, 8982289.574871003627777 ] ] ] } },
{ "type": "Feature", "properties": { "LAYER": "MSal Kwarter", "GM_TYPE": "Unknown Line Type", "ELEVATION": 23 }, "geometry": { "type": "MultiLineString", "coordinates": [ [ [ 776016.724028083961457, 8982474.832458676770329 ], [ 776011.79225230414886, 8982471.752075858414173 ] ] ] } },
{ "type": "Feature", "properties": { "LAYER": "MSal Kwarter", "GM_TYPE": "Unknown Line Type", "ELEVATION": 0 }, "geometry": { "type": "MultiLineString", "coordinates": [ [ [ 775268.414590287953615, 8981751.343622948974371 ], [ 775273.103172509465367, 8981755.219996817409992 ] ] ] } },
{ "type": "Feature", "properties": { "LAYER": "MSal Kwarter", "GM_TYPE": "Unknown Line Type", "ELEVATION": 0 }, "geometry": { "type": "MultiLineString", "coordinates": [ [ [ 775299.599897012696601, 8982208.133054696023464 ], [ 775298.797809827025048, 8982204.260759491473436 ], [ 775295.730060243047774, 8982199.780657481402159 ] ] ] } },
{ "type": "Feature", "properties": { "LAYER": "MSal Kwarter", "GM_TYPE": "Unknown Line Type", "ELEVATION": 0 }, "geometry": { "type": "MultiLineString", "coordinates": [ [ [ 775431.232718498213217, 8982133.439844416454434 ], [ 775432.832243130542338, 8982127.423749977722764 ], [ 775435.911641732323915, 8982125.455070367082953 ], [ 775439.701173653244041, 8982126.019488096237183 ] ] ] } },
{ "type": "Feature", "properties": { "LAYER": "MSal Kwarter", "GM_TYPE": "Unknown Line Type", "ELEVATION": 26 }, "geometry": { "type": "MultiLineString", "coordinates": [ [ [ 775565.411478558788076, 8981789.251600436866283 ], [ 775562.149859630852006, 8981793.545292496681213 ] ] ] } },
{ "type": "Feature", "properties": { "LAYER": "MSal Kwarter", "GM_TYPE": "Unknown Line Type", "ELEVATION": 0 }, "geometry": { "type": "MultiLineString", "coordinates": [ [ [ 777115.550469332956709, 8982500.433285908773541 ], [ 776901.320633643306792, 8982595.004150249063969 ] ] ] } },
{ "type": "Feature", "properties": { "LAYER": "MSal Kwarter", "GM_TYPE": "Unknown Line Type", "ELEVATION": 0 }, "geometry": { "type": "MultiLineString", "coordinates": [ [ [ 776849.021077086217701, 8982622.463983036577702 ], [ 776449.78113301913254, 8982615.223512690514326 ] ] ] } },
{ "type": "Feature", "properties": { "LAYER": "MSal Kwarter", "GM_TYPE": "Unknown Line Type", "ELEVATION": 0 }, "geometry": { "type": "MultiLineString", "coordinates": [ [ [ 776075.858497723937035, 8983182.343505494296551 ], [ 776096.766437398269773, 8983174.060395512729883 ], [ 776143.567521475022659, 8983149.897794738411903 ], [ 776428.770001285709441, 8983010.233405884355307 ], [ 776537.30995729402639, 8982944.514939529821277 ] ] ] } },
{ "type": "Feature", "properties": { "LAYER": "MSal Kwarter", "GM_TYPE": "Unknown Line Type", "ELEVATION": 0 }, "geometry": { "type": "MultiLineString", "coordinates": [ [ [ 775870.413855557795614, 8983020.698087986558676 ], [ 775920.695511580444872, 8982907.779844634234905 ], [ 776425.116775176953524, 8982743.430493243038654 ] ] ] } },
{ "type": "Feature", "properties": { "LAYER": "MSal Kwarter", "GM_TYPE": "Unknown Line Type", "ELEVATION": 0 }, "geometry": { "type": "MultiLineString", "coordinates": [ [ [ 776246.131798555608839, 8983099.671804115176201 ], [ 776281.16305382293649, 8982825.490033743903041 ] ] ] } },
{ "type": "Feature", "properties": { "LAYER": "MSal Kwarter", "GM_TYPE": "Unknown Line Type", "ELEVATION": 0 }, "geometry": { "type": "MultiLineString", "coordinates": [ [ [ 776127.920512965647504, 8982840.262281384319067 ], [ 776195.730619779322296, 8982599.322417642921209 ] ] ] } },
{ "type": "Feature", "properties": { "LAYER": "MSal Kwarter", "GM_TYPE": "Unknown Line Type", "ELEVATION": 0 }, "geometry": { "type": "MultiLineString", "coordinates": [ [ [ 776195.730619779322296, 8982599.322417642921209 ], [ 776198.864851036341861, 8982604.024636976420879 ] ] ] } },
{ "type": "Feature", "properties": { "LAYER": "MSal Kwarter", "GM_TYPE": "Unknown Line Type", "ELEVATION": 0 }, "geometry": { "type": "MultiLineString", "coordinates": [ [ [ 776281.16305382293649, 8982825.490033743903041 ], [ 776286.321837069583125, 8982830.196979664266109 ] ] ] } },
{ "type": "Feature", "properties": { "LAYER": "MSal Kwarter", "GM_TYPE": "Unknown Line Type", "ELEVATION": 0 }, "geometry": { "type": "MultiLineString", "coordinates": [ [ [ 776425.116775176953524, 8982743.430493243038654 ], [ 776420.97955849498976, 8982741.997322734445333 ] ] ] } },
{ "type": "Feature", "properties": { "LAYER": "MSal Kwarter", "GM_TYPE": "Unknown Line Type", "ELEVATION": 0 }, "geometry": { "type": "MultiLineString", "coordinates": [ [ [ 776537.30995729402639, 8982944.514939529821277 ], [ 776534.786566311260685, 8982943.406014474108815 ] ] ] } },
{ "type": "Feature", "properties": { "LAYER": "MSal Kwarter", "GM_TYPE": "Unknown Line Type", "ELEVATION": 0 }, "geometry": { "type": "MultiLineString", "coordinates": [ [ [ 776861.879814953077585, 8983102.961888359859586 ], [ 776860.98617822676897, 8983102.068251632153988 ], [ 776858.353678815299645, 8983102.394709710031748 ], [ 776857.138834046665579, 8983103.342488616704941 ], [ 776855.257607719046064, 8983104.145986139774323 ] ] ] } },
{ "type": "Feature", "properties": { "LAYER": "MSal Kwarter", "GM_TYPE": "Unknown Line Type", "ELEVATION": 0 }, "geometry": { "type": "MultiLineString", "coordinates": [ [ [ 776852.546552433399484, 8983103.231485590338707 ], [ 776849.192393116885796, 8983101.528175130486488 ], [ 776845.74566459772177, 8983101.591713678091764 ], [ 776842.471323407255113, 8983104.76447669416666 ] ] ] } },
{ "type": "Feature", "properties": { "LAYER": "MSal Kwarter", "GM_TYPE": "Unknown Line Type", "ELEVATION": 0 }, "geometry": { "type": "MultiLineString", "coordinates": [ [ [ 776582.163213770021684, 8983159.153369586914778 ], [ 776581.571322601521388, 8983157.302817197516561 ], [ 776580.311260228743777, 8983156.586920861154795 ], [ 776578.759869649424218, 8983157.104553677141666 ], [ 776577.702185320667922, 8983158.085430869832635 ] ] ] } },
{ "type": "Feature", "properties": { "LAYER": "MSal Kwarter", "GM_TYPE": "Unknown Line Type", "ELEVATION": 0 }, "geometry": { "type": "MultiLineString", "coordinates": [ [ [ 776605.668889692286029, 8983153.419905241578817 ], [ 776608.284569747163914, 8983150.259674146771431 ] ] ] } },
{ "type": "Feature", "properties": { "LAYER": "MSal Kwarter", "GM_TYPE": "Unknown Line Type", "ELEVATION": 54 }, "geometry": { "type": "MultiLineString", "coordinates": [ [ [ 776354.785520032513887, 8983334.835439119488001 ], [ 776354.18108743254561, 8983332.936600405722857 ], [ 776352.39190761174541, 8983332.702604908496141 ], [ 776351.114327140850946, 8983333.147460186854005 ], [ 776350.260320740751922, 8983334.250153567641973 ] ] ] } },
{ "type": "Feature", "properties": { "LAYER": "MSal Kwarter", "GM_TYPE": "Unknown Line Type", "ELEVATION": 0 }, "geometry": { "type": "MultiLineString", "coordinates": [ [ [ 776379.582535712048411, 8983318.612831702455878 ], [ 776380.149106279248372, 8983316.666606182232499 ] ] ] } },
{ "type": "Feature", "properties": { "LAYER": "MSal Kwarter", "GM_TYPE": "Unknown Line Type", "ELEVATION": 0 }, "geometry": { "type": "MultiLineString", "coordinates": [ [ [ 776068.569420255254954, 8983184.729740399867296 ], [ 776068.661927203880623, 8983180.149054013192654 ], [ 776067.942148186499253, 8983178.639117170125246 ], [ 776066.574520951951854, 8983177.70439675450325 ], [ 776064.632009128457867, 8983177.153099324554205 ] ] ] } },
{ "type": "Feature", "properties": { "LAYER": "MSal Kwarter", "GM_TYPE": "Unknown Line Type", "ELEVATION": 0 }, "geometry": { "type": "MultiLineString", "coordinates": [ [ [ 776069.865344176068902, 8983186.381096564233303 ], [ 776072.123945025494322, 8983185.205066416412592 ], [ 776073.325351032312028, 8983184.628231827169657 ], [ 776074.502228186349384, 8983183.080229211598635 ], [ 776075.945116483955644, 8983182.272899396717548 ] ] ] } },
{ "type": "Feature", "properties": { "LAYER": "MSal Kwarter", "GM_TYPE": "Unknown Line Type", "ELEVATION": 0 }, "geometry": { "type": "MultiLineString", "coordinates": [ [ [ 776108.234189527342096, 8983229.203684639185667 ], [ 776114.88692028215155, 8983228.975571017712355 ] ] ] } },
{ "type": "Feature", "properties": { "LAYER": "MSal Kwarter", "GM_TYPE": "Unknown Line Type", "ELEVATION": 0 }, "geometry": { "type": "MultiLineString", "coordinates": [ [ [ 775892.923275395529345, 8983026.726691480726004 ], [ 775896.813627001247369, 8983025.311085553839803 ] ] ] } },
{ "type": "Feature", "properties": { "LAYER": "MSal Kwarter", "GM_TYPE": "Unknown Line Type", "ELEVATION": 0 }, "geometry": { "type": "MultiLineString", "coordinates": [ [ [ 775722.606612586998381, 8982955.198560331016779 ], [ 775725.613275947864167, 8982954.528897654265165 ] ] ] } },
{ "type": "Feature", "properties": { "LAYER": "MSal Kwarter", "GM_TYPE": "Unknown Line Type", "ELEVATION": 24 }, "geometry": { "type": "MultiLineString", "coordinates": [ [ [ 776629.950731915538199, 8982822.848763769492507 ], [ 776632.538976150564849, 8982820.29030329734087 ] ] ] } },
{ "type": "Feature", "properties": { "LAYER": "MSal Kwarter", "GM_TYPE": "Unknown Line Type", "ELEVATION": 24 }, "geometry": { "type": "MultiLineString", "coordinates": [ [ [ 776892.80122783605475, 8982669.562603291124105 ], [ 776893.843656022334471, 8982676.350427530705929 ] ] ] } },
{ "type": "Feature", "properties": { "LAYER": "MSal Kwarter", "GM_TYPE": "Unknown Line Type", "ELEVATION": 24 }, "geometry": { "type": "MultiLineString", "coordinates": [ [ [ 776847.564881198341027, 8982620.394731312990189 ], [ 776677.671687845955603, 8982471.240690633654594 ], [ 776575.175623247865587, 8982341.49431112408638 ] ] ] } },
{ "type": "Feature", "properties": { "LAYER": "MSal Kwarter", "GM_TYPE": "Unknown Line Type", "ELEVATION": 24 }, "geometry": { "type": "MultiLineString", "coordinates": [ [ [ 776551.247363630100153, 8982309.449861578643322 ], [ 776495.830937114194967, 8982243.677440881729126 ], [ 776453.132255244650878, 8982213.142413290217519 ], [ 776351.826436332426965, 8982039.931518465280533 ], [ 776284.033708667848259, 8981899.477537218481302 ], [ 776262.940022310824133, 8981874.358834613114595 ] ] ] } },
{ "type": "Feature", "properties": { "LAYER": "MSal Kwarter", "GM_TYPE": "Unknown Line Type", "ELEVATION": 18 }, "geometry": { "type": "MultiLineString", "coordinates": [ [ [ 776209.485600187210366, 8981803.889449132606387 ], [ 776175.624304829165339, 8981602.476895190775394 ] ] ] } },
{ "type": "Feature", "properties": { "LAYER": "MSal Kwarter", "GM_TYPE": "Unknown Line Type", "ELEVATION": 0 }, "geometry": { "type": "MultiLineString", "coordinates": [ [ [ 776449.78113301913254, 8982615.223512690514326 ], [ 776454.806425097980537, 8982611.463907919824123 ] ] ] } },
{ "type": "Feature", "properties": { "LAYER": "MSal Kwarter", "GM_TYPE": "Unknown Line Type", "ELEVATION": 0 }, "geometry": { "type": "MultiLineString", "coordinates": [ [ [ 777120.744927541934885, 8982501.052752662450075 ], [ 777119.512276584981009, 8982499.590052012354136 ], [ 777118.341533841565251, 8982498.892131231725216 ], [ 777116.698698961758055, 8982499.250529773533344 ], [ 777115.55046933342237, 8982500.433285908773541 ] ] ] } },
{ "type": "Feature", "properties": { "LAYER": "MSal Kwarter", "GM_TYPE": "Unknown Line Type", "ELEVATION": 24 }, "geometry": { "type": "MultiLineString", "coordinates": [ [ [ 776575.175623247865587, 8982341.49431112408638 ], [ 776580.155800955253653, 8982342.396963585168123 ] ] ] } },
{ "type": "Feature", "properties": { "LAYER": "MSal Kwarter", "GM_TYPE": "Unknown Line Type", "ELEVATION": 0 }, "geometry": { "type": "MultiLineString", "coordinates": [ [ [ 776901.320633643306792, 8982595.004150249063969 ], [ 776903.059444946236908, 8982586.38857464492321 ] ] ] } },
{ "type": "Feature", "properties": { "LAYER": "MSal Kwarter", "GM_TYPE": "Unknown Line Type", "ELEVATION": 4 }, "geometry": { "type": "MultiLineString", "coordinates": [ [ [ 776555.021280944696628, 8982316.630150653421879 ], [ 776556.735131317749619, 8982313.920152317732573 ], [ 776555.83565987565089, 8982311.738021407276392 ], [ 776554.229395987233147, 8982310.518598757684231 ], [ 776551.247363631147891, 8982309.449861578643322 ] ] ] } },
{ "type": "Feature", "properties": { "LAYER": "MSal Kwarter", "GM_TYPE": "Unknown Line Type", "ELEVATION": 4 }, "geometry": { "type": "MultiLineString", "coordinates": [ [ [ 776552.160961381858215, 8982319.495654158294201 ], [ 776549.647097121342085, 8982319.966467510908842 ], [ 776545.736707218689844, 8982317.73860096372664 ], [ 776544.515659286407754, 8982313.876087648794055 ] ] ] } },
{ "type": "Feature", "properties": { "LAYER": "MSal Kwarter", "GM_TYPE": "Unknown Line Type", "ELEVATION": 24 }, "geometry": { "type": "MultiLineString", "coordinates": [ [ [ 776262.940022310824133, 8981874.358834613114595 ], [ 776276.856073474977165, 8981874.916936302557588 ] ] ] } },
{ "type": "Feature", "properties": { "LAYER": "MSal Kwarter", "GM_TYPE": "Unknown Line Type", "ELEVATION": 24 }, "geometry": { "type": "MultiLineString", "coordinates": [ [ [ 776256.240143753937446, 8981878.820557586848736 ], [ 776256.4653738187626, 8981890.982212085276842 ] ] ] } },
{ "type": "Feature", "properties": { "LAYER": "MSal Kwarter", "GM_TYPE": "Unknown Line Type", "ELEVATION": 0 }, "geometry": { "type": "MultiLineString", "coordinates": [ [ [ 776144.007327374536544, 8981823.385234784334898 ], [ 776061.393010813859291, 8981792.218168742954731 ], [ 775773.618685379158705, 8981683.652465138584375 ] ] ] } },
{ "type": "Feature", "properties": { "LAYER": "MSal Kwarter", "GM_TYPE": "Unknown Line Type", "ELEVATION": 0 }, "geometry": { "type": "MultiLineString", "coordinates": [ [ [ 776144.705309019424021, 8981819.37337102741003 ], [ 776062.804916723747738, 8981788.475639959797263 ], [ 775840.845075401244685, 8981704.739099845290184 ] ] ] } },
{ "type": "Feature", "properties": { "LAYER": "MSal Kwarter", "GM_TYPE": "Unknown Line Type", "ELEVATION": 0 }, "geometry": { "type": "MultiLineString", "coordinates": [ [ [ 775328.263700271490961, 8981709.552137047052383 ], [ 775357.931577730341814, 8981724.916794126853347 ], [ 775368.189499874250032, 8981730.608244014903903 ], [ 775384.177953813225031, 8981728.966273536905646 ], [ 775400.410158288897946, 8981721.577381260693073 ], [ 775411.936783046112396, 8981720.442927103489637 ], [ 775434.950637489324436, 8981724.964976638555527 ], [ 775455.644206078490242, 8981719.60041157156229 ], [ 775544.085909403627738, 8981703.664019826799631 ], [ 775773.618685379158705, 8981683.652465138584375 ] ] ] } },
{ "type": "Feature", "properties": { "LAYER": "MSal Kwarter", "GM_TYPE": "Unknown Line Type", "ELEVATION": 0 }, "geometry": { "type": "MultiLineString", "coordinates": [ [ [ 775328.263700271490961, 8981709.552137047052383 ], [ 775337.314284106949344, 8981707.686437813565135 ] ] ] } },
{ "type": "Feature", "properties": { "LAYER": "MSal Kwarter", "GM_TYPE": "Unknown Line Type", "ELEVATION": 0 }, "geometry": { "type": "MultiLineString", "coordinates": [ [ [ 775840.845075401244685, 8981704.739099845290184 ], [ 775845.970259365392849, 8981701.236346220597625 ] ] ] } },
{ "type": "Feature", "properties": { "LAYER": "MSal Kwarter", "GM_TYPE": "Unknown Line Type", "ELEVATION": 24 }, "geometry": { "type": "MultiLineString", "coordinates": [ [ [ 776205.791650053812191, 8981815.879848847165704 ], [ 776202.237389517715201, 8981817.234133046120405 ], [ 776190.464423638535663, 8981820.352826781570911 ], [ 776170.46813220041804, 8981823.681923475116491 ], [ 776150.234448935370892, 8981823.284097407013178 ], [ 776144.007327373605222, 8981823.385234784334898 ] ] ] } },
{ "type": "Feature", "properties": { "LAYER": "MSal Kwarter", "GM_TYPE": "Unknown Line Type", "ELEVATION": 24 }, "geometry": { "type": "MultiLineString", "coordinates": [ [ [ 776189.073169596493244, 8981816.52939460799098 ], [ 776170.176519002881832, 8981819.675416819751263 ], [ 776150.241288106422871, 8981819.283458795398474 ], [ 776144.705309021868743, 8981819.37337102741003 ] ] ] } },
{ "type": "Feature", "properties": { "LAYER": "MSal Kwarter", "GM_TYPE": "Unknown Line Type", "ELEVATION": 24 }, "geometry": { "type": "MultiLineString", "coordinates": [ [ [ 776204.830258353380486, 8981814.210758408531547 ], [ 776197.510445880470797, 8981813.064178235828876 ], [ 776192.782863008091226, 8981814.546797197312117 ], [ 776189.073169594164938, 8981816.52939460799098 ] ] ] } },
{ "type": "Feature", "properties": { "LAYER": "MSal Kwarter", "GM_TYPE": "Unknown Line Type", "ELEVATION": 18 }, "geometry": { "type": "MultiLineString", "coordinates": [ [ [ 776175.624304829165339, 8981602.476895190775394 ], [ 776185.457797708571889, 8981610.592551253736019 ] ] ] } },
{ "type": "Feature", "properties": { "LAYER": "MSal Kwarter", "GM_TYPE": "Unknown Line Type", "ELEVATION": 18 }, "geometry": { "type": "MultiLineString", "coordinates": [ [ [ 776209.588099826360121, 8981814.04412292689085 ], [ 776212.211345224874094, 8981810.667289584875107 ], [ 776212.211345224874094, 8981807.170416550710797 ], [ 776210.853945755865425, 8981805.172191422432661 ], [ 776209.485600186744705, 8981803.889449132606387 ] ] ] } },
{ "type": "Feature", "properties": { "LAYER": "MSal Kwarter", "GM_TYPE": "Unknown Line Type", "ELEVATION": 0 }, "geometry": { "type": "MultiLineString", "coordinates": [ [ [ 777129.940682095126249, 8982485.00888741761446 ], [ 777277.674736148677766, 8982164.738068349659443 ] ] ] } },
{ "type": "Feature", "properties": { "LAYER": "MSal Kwarter", "GM_TYPE": "Unknown Line Type", "ELEVATION": 0 }, "geometry": { "type": "MultiLineString", "coordinates": [ [ [ 776914.801962660858408, 8982304.54852276481688 ], [ 777120.822981756646186, 8982045.761661412194371 ], [ 777140.855653321836144, 8982009.977707698941231 ] ] ] } },
{ "type": "Feature", "properties": { "LAYER": "MSal Kwarter", "GM_TYPE": "Unknown Line Type", "ELEVATION": 0 }, "geometry": { "type": "MultiLineString", "coordinates": [ [ [ 776741.594846742227674, 8982026.554379453882575 ], [ 777040.622321904753335, 8981681.058439582586288 ] ] ] } },
{ "type": "Feature", "properties": { "LAYER": "MSal Kwarter", "GM_TYPE": "Unknown Line Type", "ELEVATION": 0 }, "geometry": { "type": "MultiLineString", "coordinates": [ [ [ 777097.359879598254338, 8981333.566906370222569 ], [ 777533.737896726233885, 8981235.767511006444693 ] ] ] } },
{ "type": "Feature", "properties": { "LAYER": "MSal Kwarter", "GM_TYPE": "Unknown Line Type", "ELEVATION": 0 }, "geometry": { "type": "MultiLineString", "coordinates": [ [ [ 776687.719380470342003, 8981355.61488401889801 ], [ 776689.913983426056802, 8981352.398359045386314 ], [ 776692.262264993740246, 8981351.993933811783791 ], [ 776695.586998508544639, 8981353.368230223655701 ] ] ] } },
{ "type": "Feature", "properties": { "LAYER": "MSal Kwarter", "GM_TYPE": "Unknown Line Type", "ELEVATION": 0 }, "geometry": { "type": "MultiLineString", "coordinates": [ [ [ 777039.541371859493665, 8981332.986110586673021 ], [ 777034.288476110552438, 8981329.600959081202745 ] ] ] } },
{ "type": "Feature", "properties": { "LAYER": "MSal Kwarter", "GM_TYPE": "Unknown Line Type", "ELEVATION": 18 }, "geometry": { "type": "MultiLineString", "coordinates": [ [ [ 776571.929617325542495, 8981516.756980542093515 ], [ 776513.014411750133149, 8981376.971253801137209 ], [ 776417.857936715357937, 8981305.426124883815646 ], [ 776280.032097548479214, 8981232.390504898503423 ], [ 776248.989146178239025, 8981225.503484476357698 ], [ 776194.723076907335781, 8981207.061938256025314 ], [ 776156.943896937416866, 8981177.860948894172907 ], [ 776088.924796910840087, 8981158.896682247519493 ], [ 776045.071148038143292, 8981145.737314727157354 ] ] ] } },
{ "type": "Feature", "properties": { "LAYER": "MSal Kwarter", "GM_TYPE": "Unknown Line Type", "ELEVATION": 18 }, "geometry": { "type": "MultiLineString", "coordinates": [ [ [ 776573.126253745751455, 8981509.297054767608643 ], [ 776516.281118048354983, 8981374.422899145632982 ], [ 776420.009613855276257, 8981302.039415242150426 ], [ 776281.426814498146996, 8981228.602672673761845 ], [ 776262.112649791873991, 8981224.317737098783255 ] ] ] } },
{ "type": "Feature", "properties": { "LAYER": "MSal Kwarter", "GM_TYPE": "Unknown Line Type", "ELEVATION": 18 }, "geometry": { "type": "MultiLineString", "coordinates": [ [ [ 776567.365676438203081, 8981516.227439124137163 ], [ 776509.747705451678485, 8981379.519608458504081 ], [ 776415.706259575323202, 8981308.812834519892931 ], [ 776278.637380598927848, 8981236.178337119519711 ], [ 776258.306705743307248, 8981231.667884124442935 ] ] ] } },
{ "type": "Feature", "properties": { "LAYER": "MSal Kwarter", "GM_TYPE": "Unknown Line Type", "ELEVATION": 18 }, "geometry": { "type": "MultiLineString", "coordinates": [ [ [ 776579.609032018808648, 8981744.250726252794266 ], [ 776571.786135355709121, 8981563.779937593266368 ] ] ] } },
{ "type": "Feature", "properties": { "LAYER": "MSal Kwarter", "GM_TYPE": "Unknown Line Type", "ELEVATION": 18 }, "geometry": { "type": "MultiLineString", "coordinates": [ [ [ 776586.463890513055958, 8981902.389299709349871 ], [ 776581.343553449609317, 8981784.265373524278402 ] ] ] } },
{ "type": "Feature", "properties": { "LAYER": "MSal Kwarter", "GM_TYPE": "Unknown Line Type", "ELEVATION": 18 }, "geometry": { "type": "MultiLineString", "coordinates": [ [ [ 776045.071148038143292, 8981145.737314727157354 ], [ 776050.006179607706144, 8981143.084230914711952 ] ] ] } },
{ "type": "Feature", "properties": { "LAYER": "MSal Kwarter", "GM_TYPE": "Unknown Line Type", "ELEVATION": 18 }, "geometry": { "type": "MultiLineString", "coordinates": [ [ [ 776045.071148038143292, 8981145.737314727157354 ], [ 776047.668294025585055, 8981150.939503569155931 ] ] ] } },
{ "type": "Feature", "properties": { "LAYER": "MSal Kwarter", "GM_TYPE": "Unknown Line Type", "ELEVATION": 18 }, "geometry": { "type": "MultiLineString", "coordinates": [ [ [ 776707.544480167096481, 8982042.760744281113148 ], [ 776694.093125714687631, 8982039.958721917122602 ], [ 776643.892641719779931, 8982024.85291581787169 ], [ 776608.069540937314741, 8981992.972562834620476 ], [ 776591.905400183051825, 8981949.69987578690052 ], [ 776586.486433844082057, 8981902.673978183418512 ] ] ] } },
{ "type": "Feature", "properties": { "LAYER": "MSal Kwarter", "GM_TYPE": "Unknown Line Type", "ELEVATION": 18 }, "geometry": { "type": "MultiLineString", "coordinates": [ [ [ 776581.343553449609317, 8981784.265373524278402 ], [ 776577.532201315043494, 8981789.19649014621973 ] ] ] } },
{ "type": "Feature", "properties": { "LAYER": "MSal Kwarter", "GM_TYPE": "Unknown Line Type", "ELEVATION": 58 }, "geometry": { "type": "MultiLineString", "coordinates": [ [ [ 776711.08095502096694, 8982036.774131029844284 ], [ 776708.635123420855962, 8982025.367132123559713 ] ] ] } },
{ "type": "Feature", "properties": { "LAYER": "MSal Kwarter", "GM_TYPE": "Unknown Line Type", "ELEVATION": 0 }, "geometry": { "type": "MultiLineString", "coordinates": [ [ [ 776681.240241166204214, 8981586.006012443453074 ], [ 776676.330063766567037, 8981590.745381962507963 ] ] ] } },
{ "type": "Feature", "properties": { "LAYER": "MSal Kwarter", "GM_TYPE": "Unknown Line Type", "ELEVATION": 22 }, "geometry": { "type": "MultiLineString", "coordinates": [ [ [ 776581.831073541077785, 8981750.760669283568859 ], [ 776578.548417320358567, 8981750.55322840064764 ], [ 776577.835770823876373, 8981748.468477109447122 ], [ 776578.09028742974624, 8981746.383742567151785 ], [ 776579.609032018808648, 8981744.250726252794266 ] ] ] } },
{ "type": "Feature", "properties": { "LAYER": "MSal Kwarter", "GM_TYPE": "Unknown Line Type", "ELEVATION": 18 }, "geometry": { "type": "MultiLineString", "coordinates": [ [ [ 776571.786135355709121, 8981563.779937593266368 ], [ 776568.038647804176435, 8981568.154348406940699 ] ] ] } },
{ "type": "Feature", "properties": { "LAYER": "MSal Kwarter", "GM_TYPE": "Unknown Line Type", "ELEVATION": 18 }, "geometry": { "type": "MultiLineString", "coordinates": [ [ [ 776574.905806519556791, 8981518.679507195949554 ], [ 776578.068889867048711, 8981515.667051076889038 ], [ 776578.068889867048711, 8981512.920423198491335 ], [ 776576.337638643453829, 8981511.089337948709726 ], [ 776573.126253745052963, 8981509.297054767608643 ] ] ] } },
{ "type": "Feature", "properties": { "LAYER": "MSal Kwarter", "GM_TYPE": "Unknown Line Type", "ELEVATION": 0 }, "geometry": { "type": "MultiLineString", "coordinates": [ [ [ 776571.706210226984695, 8981519.995771184563637 ], [ 776568.36930070607923, 8981520.451901078224182 ], [ 776567.56140814058017, 8981519.679982505738735 ], [ 776567.315538034075871, 8981518.101072620600462 ], [ 776567.365676438435912, 8981516.227439124137163 ] ] ] } },
{ "type": "Feature", "properties": { "LAYER": "MSal Kwarter", "GM_TYPE": "Unknown Line Type", "ELEVATION": 18 }, "geometry": { "type": "MultiLineString", "coordinates": [ [ [ 776258.306705743307248, 8981231.667884124442935 ], [ 776261.015619344310835, 8981240.802184671163559 ] ] ] } },
{ "type": "Feature", "properties": { "LAYER": "MSal Kwarter", "GM_TYPE": "Unknown Line Type", "ELEVATION": 18 }, "geometry": { "type": "MultiLineString", "coordinates": [ [ [ 776262.112649791873991, 8981224.317737098783255 ], [ 776270.026011853478849, 8981220.38629762455821 ] ] ] } },
{ "type": "Feature", "properties": { "LAYER": "MSal Kwarter", "GM_TYPE": "Unknown Line Type", "ELEVATION": 0 }, "geometry": { "type": "MultiLineString", "coordinates": [ [ [ 776022.55445024499204, 8981546.15861651673913 ], [ 776031.531066467170604, 8981534.321897860616446 ] ] ] } },
{ "type": "Feature", "properties": { "LAYER": "MSal Kwarter", "GM_TYPE": "Unknown Line Type", "ELEVATION": 0 }, "geometry": { "type": "MultiLineString", "coordinates": [ [ [ 776698.229878394980915, 8981585.33931678161025 ], [ 776704.310001146746799, 8981589.717569712549448 ] ] ] } },
{ "type": "Feature", "properties": { "LAYER": "MSal Kwarter", "GM_TYPE": "Unknown Line Type", "ELEVATION": 0 }, "geometry": { "type": "MultiLineString", "coordinates": [ [ [ 776728.164333449094556, 8982029.56297055259347 ], [ 776737.495131146395579, 8982028.421973045915365 ], [ 776741.59484674106352, 8982026.554379453882575 ] ] ] } },
{ "type": "Feature", "properties": { "LAYER": "MSal Kwarter", "GM_TYPE": "Unknown Line Type", "ELEVATION": 0 }, "geometry": { "type": "MultiLineString", "coordinates": [ [ [ 777040.622321904753335, 8981681.058439582586288 ], [ 777026.984539221972227, 8981678.607275314629078 ] ] ] } },
{ "type": "Feature", "properties": { "LAYER": "MSal Kwarter", "GM_TYPE": "Unknown Line Type", "ELEVATION": 0 }, "geometry": { "type": "MultiLineString", "coordinates": [ [ [ 777291.464070987538435, 8982144.393989164382219 ], [ 777142.417410041322, 8981988.559659600257874 ] ] ] } },
{ "type": "Feature", "properties": { "LAYER": "MSal Kwarter", "GM_TYPE": "Unknown Line Type", "ELEVATION": 0 }, "geometry": { "type": "MultiLineString", "coordinates": [ [ [ 777057.73984584887512, 8981987.447677813470364 ], [ 776953.059019867097959, 8981861.017878986895084 ] ] ] } },
{ "type": "Feature", "properties": { "LAYER": "MSal Kwarter", "GM_TYPE": "Unknown Line Type", "ELEVATION": 0 }, "geometry": { "type": "MultiLineString", "coordinates": [ [ [ 777288.751095306943171, 8981834.287295438349247 ], [ 777128.637094688252546, 8981631.172679144889116 ] ] ] } },
{ "type": "Feature", "properties": { "LAYER": "MSal Kwarter", "GM_TYPE": "Unknown Line Type", "ELEVATION": 0 }, "geometry": { "type": "MultiLineString", "coordinates": [ [ [ 777291.464070987538435, 8982144.393989164382219 ], [ 777342.214160047005862, 8982008.616929724812508 ] ] ] } },
{ "type": "Feature", "properties": { "LAYER": "MSal Kwarter", "GM_TYPE": "Unknown Line Type", "ELEVATION": 0 }, "geometry": { "type": "MultiLineString", "coordinates": [ [ [ 777128.637094688252546, 8981631.172679144889116 ], [ 777137.425703706336208, 8981631.226847354322672 ] ] ] } },
{ "type": "Feature", "properties": { "LAYER": "MSal Kwarter", "GM_TYPE": "Unknown Line Type", "ELEVATION": 0 }, "geometry": { "type": "MultiLineString", "coordinates": [ [ [ 776953.059019867097959, 8981861.017878986895084 ], [ 776965.521594425314106, 8981863.39284985139966 ] ] ] } },
{ "type": "Feature", "properties": { "LAYER": "MSal Kwarter", "GM_TYPE": "Unknown Line Type", "ELEVATION": 0 }, "geometry": { "type": "MultiLineString", "coordinates": [ [ [ 777142.417410041322, 8981988.559659600257874 ], [ 777154.13419996004086, 8981986.945093214511871 ] ] ] } },
{ "type": "Feature", "properties": { "LAYER": "MSal Kwarter", "GM_TYPE": "Unknown Line Type", "ELEVATION": 0 }, "geometry": { "type": "MultiLineString", "coordinates": [ [ [ 777626.152413359377533, 8981590.548353569582105 ], [ 777621.065174476942047, 8981592.709920024499297 ] ] ] } },
{ "type": "Feature", "properties": { "LAYER": "MSal Kwarter", "GM_TYPE": "Unknown Line Type", "ELEVATION": 0 }, "geometry": { "type": "MultiLineString", "coordinates": [ [ [ 777277.674736148677766, 8982164.738068349659443 ], [ 777271.130493426928297, 8982163.458564423024654 ] ] ] } },
{ "type": "Feature", "properties": { "LAYER": "MSal Kwarter", "GM_TYPE": "Unknown Line Type", "ELEVATION": 0 }, "geometry": { "type": "MultiLineString", "coordinates": [ [ [ 777129.216790388803929, 8982491.412972580641508 ], [ 777128.165504746721126, 8982487.591891188174486 ], [ 777128.429778102785349, 8982486.245526649057865 ], [ 777129.940682094427757, 8982485.00888741761446 ] ] ] } },
{ "type": "Feature", "properties": { "LAYER": "MSal Kwarter", "GM_TYPE": "Unknown Line Type", "ELEVATION": 0 }, "geometry": { "type": "MultiLineString", "coordinates": [ [ [ 776794.665389261790551, 8982197.582361590117216 ], [ 776807.027217465685681, 8982197.35134544596076 ] ] ] } },
{ "type": "Feature", "properties": { "LAYER": "MSal Kwarter", "GM_TYPE": "Unknown Line Type", "ELEVATION": 0 }, "geometry": { "type": "MultiLineString", "coordinates": [ [ [ 777140.85565332241822, 8982009.977707698941231 ], [ 777125.350079846102744, 8982012.164936479181051 ] ] ] } },
{ "type": "Feature", "properties": { "LAYER": "MSal Kwarter", "GM_TYPE": "Unknown Line Type", "ELEVATION": 0 }, "geometry": { "type": "MultiLineString", "coordinates": [ [ [ 777354.326053332886659, 8982105.429727308452129 ], [ 777348.114953814656474, 8982112.302339646965265 ] ] ] } },
{ "type": "Feature", "properties": { "LAYER": "MSal Kwarter", "GM_TYPE": "Unknown Line Type", "ELEVATION": 25 }, "geometry": { "type": "MultiLineString", "coordinates": [ [ [ 777237.948834181413986, 8982562.925275154411793 ], [ 777459.657633346854709, 8982623.117932178080082 ] ] ] } },
{ "type": "Feature", "properties": { "LAYER": "MSal Kwarter", "GM_TYPE": "Unknown Line Type", "ELEVATION": 25 }, "geometry": { "type": "MultiLineString", "coordinates": [ [ [ 777237.948834181413986, 8982562.925275154411793 ], [ 777242.812871556030586, 8982559.516371849924326 ] ] ] } },
{ "type": "Feature", "properties": { "LAYER": "MSal Kwarter", "GM_TYPE": "Unknown Line Type", "ELEVATION": 0 }, "geometry": { "type": "MultiLineString", "coordinates": [ [ [ 777478.098318074364215, 8982639.968060001730919 ], [ 777480.419986312510446, 8982646.173246834427118 ] ] ] } },
{ "type": "Feature", "properties": { "LAYER": "MSal Kwarter", "GM_TYPE": "Unknown Line Type", "ELEVATION": 0 }, "geometry": { "type": "MultiLineString", "coordinates": [ [ [ 773540.694722586078569, 8982586.773787993937731 ], [ 773538.287875691661611, 8982584.258864358067513 ] ] ] } },
{ "type": "Feature", "properties": { "LAYER": "MSal Kwarter", "GM_TYPE": "Unknown Line Type", "ELEVATION": 0 }, "geometry": { "type": "MultiLineString", "coordinates": [ [ [ 776312.650204723933712, 8981464.491429319605231 ], [ 776312.478475805954076, 8981458.683117819949985 ] ] ] } },
{ "type": "Feature", "properties": { "LAYER": "MSal Kwarter", "GM_TYPE": "Unknown Line Type", "ELEVATION": 0 }, "geometry": { "type": "MultiLineString", "coordinates": [ [ [ 774865.381833589752205, 8980110.319726064801216 ], [ 774861.639463398722, 8980114.522130219265819 ] ] ] } },
{ "type": "Feature", "properties": { "LAYER": "MSal Kwarter", "GM_TYPE": "Unknown Line Type", "ELEVATION": 0 }, "geometry": { "type": "MultiLineString", "coordinates": [ [ [ 774491.053191042039543, 8980028.62918608635664 ], [ 774487.616931468946859, 8980035.546842727810144 ] ] ] } },
{ "type": "Feature", "properties": { "LAYER": "MSal Kwarter", "GM_TYPE": "Unknown Line Type", "ELEVATION": 23 }, "geometry": { "type": "MultiLineString", "coordinates": [ [ [ 774148.428651688620448, 8983786.291453570127487 ], [ 774146.57047123182565, 8983785.283352373167872 ], [ 774144.709272708045319, 8983785.678289519622922 ], [ 774144.158125147456303, 8983786.95163381844759 ], [ 774143.963653360609896, 8983789.151277564466 ], [ 774143.798453904804774, 8983789.728933103382587 ] ] ] } },
{ "type": "Feature", "properties": { "LAYER": "MSal Kwarter", "GM_TYPE": "Unknown Line Type", "ELEVATION": 0 }, "geometry": { "type": "MultiLineString", "coordinates": [ [ [ 773713.24949734902475, 8982369.4371253605932 ], [ 773709.633291105856188, 8982367.732683051377535 ], [ 773703.012294618645683, 8982367.612498937174678 ], [ 773701.393537930911407, 8982366.323722012341022 ] ] ] } },
{ "type": "Feature", "properties": { "LAYER": "MSal Kwarter", "GM_TYPE": "Unknown Line Type", "ELEVATION": 0 }, "geometry": { "type": "MultiLineString", "coordinates": [ [ [ 773703.774701148620807, 8982363.10968067124486 ], [ 773453.190038711414672, 8982177.460860967636108 ] ] ] } },
{ "type": "Feature", "properties": { "LAYER": "MSal Kwarter", "GM_TYPE": "Unknown Line Type", "ELEVATION": 0 }, "geometry": { "type": "MultiLineString", "coordinates": [ [ [ 773453.190038711414672, 8982177.460860967636108 ], [ 773460.595061833853833, 8982176.932823723182082 ] ] ] } },
{ "type": "Feature", "properties": { "LAYER": "MSal Kwarter", "GM_TYPE": "Unknown Line Type", "ELEVATION": 0 }, "geometry": { "type": "MultiLineString", "coordinates": [ [ [ 773407.662351173348725, 8982159.877321466803551 ], [ 773442.807048312621191, 8982175.330202093347907 ], [ 773450.808875493705273, 8982180.674902306869626 ] ] ] } },
{ "type": "Feature", "properties": { "LAYER": "MSal Kwarter", "GM_TYPE": "Unknown Line Type", "ELEVATION": 0 }, "geometry": { "type": "MultiLineString", "coordinates": [ [ [ 774127.050025034346618, 8980956.487256847321987 ], [ 774116.311948728165589, 8980951.012193139642477 ] ] ] } },
{ "type": "Feature", "properties": { "LAYER": "MSal Kwarter", "GM_TYPE": "Unknown Line Type", "ELEVATION": 0 }, "geometry": { "type": "MultiLineString", "coordinates": [ [ [ 773156.026655409950763, 8980433.178864562883973 ], [ 773157.447342394618317, 8980428.287039557471871 ], [ 773158.820462123141624, 8980427.372538074851036 ], [ 773161.268162503023632, 8980427.211914915591478 ] ] ] } },
{ "type": "Feature", "properties": { "LAYER": "MSal Kwarter", "GM_TYPE": "Unknown Line Type", "ELEVATION": 0 }, "geometry": { "type": "MultiLineString", "coordinates": [ [ [ 773161.26816250407137, 8980427.211914915591478 ], [ 773343.36449512722902, 8980316.727528670802712 ] ] ] } },
{ "type": "Feature", "properties": { "LAYER": "MSal Kwarter", "GM_TYPE": "Unknown Line Type", "ELEVATION": 0 }, "geometry": { "type": "MultiLineString", "coordinates": [ [ [ 773343.36449512722902, 8980316.727528670802712 ], [ 773330.683955903747119, 8980314.005161989480257 ] ] ] } },
{ "type": "Feature", "properties": { "LAYER": "MSal Kwarter", "GM_TYPE": "Unknown Line Type", "ELEVATION": 0 }, "geometry": { "type": "MultiLineString", "coordinates": [ [ [ 777140.806916743167676, 8982516.483802922070026 ], [ 777141.09422243386507, 8982519.311215294525027 ] ] ] } },
{ "type": "Feature", "properties": { "LAYER": "MSal Kwarter", "GM_TYPE": "Unknown Line Type", "ELEVATION": 0 }, "geometry": { "type": "MultiLineString", "coordinates": [ [ [ 777337.457501251832582, 8982696.873832315206528 ], [ 777337.475964784040116, 8982700.543268295004964 ] ] ] } },
{ "type": "Feature", "properties": { "LAYER": "MSal Kwarter", "GM_TYPE": "Unknown Line Type", "ELEVATION": 0 }, "geometry": { "type": "MultiLineString", "coordinates": [ [ [ 776651.499252101406455, 8980739.192869197577238 ], [ 776655.777450959314592, 8980741.754901623353362 ] ] ] } },
{ "type": "Feature", "properties": { "LAYER": "MSal Kwarter", "GM_TYPE": "Unknown Line Type", "ELEVATION": 0 }, "geometry": { "type": "MultiLineString", "coordinates": [ [ [ 777663.329262796323746, 8983012.056705132126808 ], [ 777661.315933834877796, 8983009.34787086583674 ] ] ] } },
{ "type": "Feature", "properties": { "LAYER": "MSal Kwarter", "GM_TYPE": "Unknown Line Type", "ELEVATION": 0 }, "geometry": { "type": "MultiLineString", "coordinates": [ [ [ 777661.315933834877796, 8983009.34787086583674 ], [ 777660.525673438212834, 8983007.613931456580758 ] ] ] } },
{ "type": "Feature", "properties": { "LAYER": "MSal Kwarter", "GM_TYPE": "Unknown Line Type", "ELEVATION": 0 }, "geometry": { "type": "MultiLineString", "coordinates": [ [ [ 777660.525673438212834, 8983007.613931456580758 ], [ 777660.842298089177348, 8983006.120323812589049 ] ] ] } },
{ "type": "Feature", "properties": { "LAYER": "MSal Kwarter", "GM_TYPE": "Unknown Line Type", "ELEVATION": 0 }, "geometry": { "type": "MultiLineString", "coordinates": [ [ [ 777660.842298089177348, 8983006.120323812589049 ], [ 777661.564292754861526, 8983004.800790369510651 ] ] ] } },
{ "type": "Feature", "properties": { "LAYER": "MSal Kwarter", "GM_TYPE": "Unknown Line Type", "ELEVATION": 0 }, "geometry": { "type": "MultiLineString", "coordinates": [ [ [ 777661.564292754861526, 8982985.355278199538589 ], [ 777337.457501251832582, 8982696.873832315206528 ] ] ] } },
{ "type": "Feature", "properties": { "LAYER": "MSal Kwarter", "GM_TYPE": "Unknown Line Type", "ELEVATION": 0 }, "geometry": { "type": "MultiLineString", "coordinates": [ [ [ 777665.329262795858085, 8983012.056705132126808 ], [ 777665.32926279574167, 8982983.35141802020371 ] ] ] } },
{ "type": "Feature", "properties": { "LAYER": "MSal Kwarter", "GM_TYPE": "Unknown Line Type", "ELEVATION": 0 }, "geometry": { "type": "MultiLineString", "coordinates": [ [ [ 777665.32926279574167, 8982983.35141802020371 ], [ 777140.806916743167676, 8982516.483802922070026 ] ] ] } },
{ "type": "Feature", "properties": { "LAYER": "MSal Kwarter", "GM_TYPE": "Unknown Line Type", "ELEVATION": 33 }, "geometry": { "type": "MultiLineString", "coordinates": [ [ [ 777676.249389478936791, 8983013.194095211103559 ], [ 777675.98767842981033, 8983011.745760897174478 ] ] ] } },
{ "type": "Feature", "properties": { "LAYER": "MSal Kwarter", "GM_TYPE": "Unknown Line Type", "ELEVATION": 33 }, "geometry": { "type": "MultiLineString", "coordinates": [ [ [ 777675.98767842981033, 8983011.745760897174478 ], [ 777675.915162262273952, 8983008.964301388710737 ] ] ] } },
{ "type": "Feature", "properties": { "LAYER": "MSal Kwarter", "GM_TYPE": "Unknown Line Type", "ELEVATION": 33 }, "geometry": { "type": "MultiLineString", "coordinates": [ [ [ 777675.915162262273952, 8983008.964301388710737 ], [ 777677.809906303999014, 8983007.245740164071321 ] ] ] } },
{ "type": "Feature", "properties": { "LAYER": "MSal Kwarter", "GM_TYPE": "Unknown Line Type", "ELEVATION": 33 }, "geometry": { "type": "MultiLineString", "coordinates": [ [ [ 777677.809906303999014, 8983007.245740164071321 ], [ 777717.683532959199511, 8983005.021289344877005 ] ] ] } },
{ "type": "Feature", "properties": { "LAYER": "MSal Kwarter", "GM_TYPE": "Unknown Line Type", "ELEVATION": 33 }, "geometry": { "type": "MultiLineString", "coordinates": [ [ [ 777717.683532959199511, 8983005.021289344877005 ], [ 777726.254741999320686, 8982997.612974341958761 ] ] ] } },
{ "type": "Feature", "properties": { "LAYER": "MSal Kwarter", "GM_TYPE": "Unknown Line Type", "ELEVATION": 33 }, "geometry": { "type": "MultiLineString", "coordinates": [ [ [ 777726.254741999320686, 8982997.612974341958761 ], [ 777729.410494904150255, 8982992.489413995295763 ] ] ] } },
{ "type": "Feature", "properties": { "LAYER": "MSal Kwarter", "GM_TYPE": "Unknown Line Type", "ELEVATION": 33 }, "geometry": { "type": "MultiLineString", "coordinates": [ [ [ 777729.410494904150255, 8982992.489413995295763 ], [ 777732.731467011268251, 8982986.024049436673522 ] ] ] } },
{ "type": "Feature", "properties": { "LAYER": "MSal Kwarter", "GM_TYPE": "Unknown Line Type", "ELEVATION": 33 }, "geometry": { "type": "MultiLineString", "coordinates": [ [ [ 777732.731467011268251, 8982986.024049436673522 ], [ 777733.180625926353969, 8982982.972753453999758 ] ] ] } },
{ "type": "Feature", "properties": { "LAYER": "MSal Kwarter", "GM_TYPE": "Unknown Line Type", "ELEVATION": 33 }, "geometry": { "type": "MultiLineString", "coordinates": [ [ [ 777675.73378405184485, 8983014.889765199273825 ], [ 777714.707364990143105, 8983012.880721243098378 ] ] ] } },
{ "type": "Feature", "properties": { "LAYER": "MSal Kwarter", "GM_TYPE": "Unknown Line Type", "ELEVATION": 33 }, "geometry": { "type": "MultiLineString", "coordinates": [ [ [ 777714.707364990143105, 8983012.880721243098378 ], [ 777729.337071286980063, 8983000.235892238095403 ] ] ] } },
{ "type": "Feature", "properties": { "LAYER": "MSal Kwarter", "GM_TYPE": "Unknown Line Type", "ELEVATION": 33 }, "geometry": { "type": "MultiLineString", "coordinates": [ [ [ 777729.337071286980063, 8983000.235892238095403 ], [ 777732.897666936274618, 8982994.455044619739056 ] ] ] } },
{ "type": "Feature", "properties": { "LAYER": "MSal Kwarter", "GM_TYPE": "Unknown Line Type", "ELEVATION": 33 }, "geometry": { "type": "MultiLineString", "coordinates": [ [ [ 777732.897666936274618, 8982994.455044619739056 ], [ 777736.592312751803547, 8982987.262201275676489 ] ] ] } },
{ "type": "Feature", "properties": { "LAYER": "MSal Kwarter", "GM_TYPE": "Unknown Line Type", "ELEVATION": 33 }, "geometry": { "type": "MultiLineString", "coordinates": [ [ [ 777736.592312751803547, 8982987.262201275676489 ], [ 777737.238782086293213, 8982982.870505560189486 ] ] ] } },
{ "type": "Feature", "properties": { "LAYER": "MSal Kwarter", "GM_TYPE": "Unknown Line Type", "ELEVATION": 0 }, "geometry": { "type": "MultiLineString", "coordinates": [ [ [ 777661.564292754861526, 8983004.800790369510651 ], [ 777661.564292754861526, 8982985.355278199538589 ] ] ] } },
{ "type": "Feature", "properties": { "LAYER": "MSal Kwarter", "GM_TYPE": "Unknown Line Type", "ELEVATION": 24 }, "geometry": { "type": "MultiLineString", "coordinates": [ [ [ 776544.515659286757, 8982313.876087648794055 ], [ 776490.360267619136721, 8982249.600358814001083 ], [ 776447.089127702754922, 8982218.655950386077166 ], [ 776344.760129740345292, 8982043.69564213603735 ], [ 776277.263941525947303, 8981903.856035737320781 ], [ 776256.240143753937446, 8981878.820557586848736 ] ] ] } },
{ "type": "Feature", "properties": { "LAYER": "MSal Kwarter", "GM_TYPE": "Unknown Line Type", "ELEVATION": 0 }, "geometry": { "type": "MultiLineString", "coordinates": [ [ [ 776679.435862272744998, 8982227.824486777186394 ], [ 776684.780051873647608, 8982216.698300180956721 ] ] ] } },
{ "type": "Feature", "properties": { "LAYER": "MSal Kwarter", "GM_TYPE": "Unknown Line Type", "ELEVATION": 0 }, "geometry": { "type": "MultiLineString", "coordinates": [ [ [ 776679.435862272744998, 8982227.824486777186394 ], [ 776753.394581203698181, 8982177.502454413101077 ], [ 776749.914990754448809, 8982151.200744971632957 ], [ 776712.432100931880996, 8982069.261840583756566 ], [ 776707.544480167096481, 8982042.760744281113148 ] ] ] } },
{ "type": "Feature", "properties": { "LAYER": "MSal Kwarter", "GM_TYPE": "Unknown Line Type", "ELEVATION": 0 }, "geometry": { "type": "MultiLineString", "coordinates": [ [ [ 777572.582600426627323, 8981713.754573203623295 ], [ 777565.063777720672078, 8981720.321409478783607 ] ] ] } },
{ "type": "Feature", "properties": { "LAYER": "MSal Kwarter", "GM_TYPE": "Unknown Line Type", "ELEVATION": 0 }, "geometry": { "type": "MultiLineString", "coordinates": [ [ [ 777302.655114533379674, 8981820.501081766560674 ], [ 777612.141253996058367, 8981613.391759240999818 ], [ 777626.152413359377533, 8981590.548353569582105 ] ] ] } },
{ "type": "Feature", "properties": { "LAYER": "MSal Kwarter", "GM_TYPE": "Unknown Line Type", "ELEVATION": 0 }, "geometry": { "type": "MultiLineString", "coordinates": [ [ [ 777284.294789192150347, 8981828.634192628785968 ], [ 777433.416951925144531, 8981490.121705107390881 ] ] ] } },
{ "type": "Feature", "properties": { "LAYER": "MSal Kwarter", "GM_TYPE": "Unknown Line Type", "ELEVATION": 0 }, "geometry": { "type": "MultiLineString", "coordinates": [ [ [ 777609.499965365743265, 8981458.557628469541669 ], [ 777594.043445902643725, 8981394.883491039276123 ], [ 777575.929486965527758, 8981331.411894202232361 ], [ 777564.338077778462321, 8981297.368105009198189 ], [ 777562.735540772089735, 8981277.818849742412567 ], [ 777563.898565845214762, 8981250.467221666127443 ] ] ] } },
{ "type": "Feature", "properties": { "LAYER": "MSal Kwarter", "GM_TYPE": "Unknown Line Type", "ELEVATION": 0 }, "geometry": { "type": "MultiLineString", "coordinates": [ [ [ 777433.416951925144531, 8981490.121705107390881 ], [ 777422.02799140359275, 8981494.255728350952268 ] ] ] } },
{ "type": "Feature", "properties": { "LAYER": "MSal Kwarter", "GM_TYPE": "Unknown Line Type", "ELEVATION": 0 }, "geometry": { "type": "MultiLineString", "coordinates": [ [ [ 776772.600918367970735, 8982140.249270210042596 ], [ 776768.31771288998425, 8982133.413412736728787 ], [ 776735.157948280568235, 8982061.373168848454952 ] ] ] } },
{ "type": "Feature", "properties": { "LAYER": "MSal Kwarter", "GM_TYPE": "Unknown Line Type", "ELEVATION": 0 }, "geometry": { "type": "MultiLineString", "coordinates": [ [ [ 776770.473825163557194, 8982143.40334633551538 ], [ 776771.265550617012195, 8982141.013679912313819 ], [ 776783.201985352789052, 8982134.180860633030534 ], [ 776828.488261508289725, 8982134.574271811172366 ], [ 777032.736355267814361, 8981999.167164223268628 ] ] ] } },
{ "type": "Feature", "properties": { "LAYER": "MSal Kwarter", "GM_TYPE": "Unknown Line Type", "ELEVATION": 0 }, "geometry": { "type": "MultiLineString", "coordinates": [ [ [ 777032.736355267814361, 8981999.167164223268628 ], [ 777020.755331738502719, 8981999.280716594308615 ] ] ] } },
{ "type": "Feature", "properties": { "LAYER": "MSal Kwarter", "GM_TYPE": "Unknown Line Type", "ELEVATION": 0 }, "geometry": { "type": "MultiLineString", "coordinates": [ [ [ 776735.157948280568235, 8982061.373168848454952 ], [ 776744.405288294190541, 8982066.340553058311343 ] ] ] } },
{ "type": "Feature", "properties": { "LAYER": "MSal Kwarter", "GM_TYPE": "Unknown Line Type", "ELEVATION": 0 }, "geometry": { "type": "MultiLineString", "coordinates": [ [ [ 777289.312934468034655, 8981831.515231808647513 ], [ 777289.237799797090702, 8981827.42835939116776 ], [ 777290.112280481378548, 8981825.846300093457103 ], [ 777291.665240396047011, 8981824.595737747848034 ], [ 777302.655114532797597, 8981820.501081766560674 ] ] ] } },
{ "type": "Feature", "properties": { "LAYER": "MSal Kwarter", "GM_TYPE": "Unknown Line Type", "ELEVATION": 0 }, "geometry": { "type": "MultiLineString", "coordinates": [ [ [ 777055.378360672155395, 8981984.058758188039064 ], [ 777265.272878475021571, 8981843.469209482893348 ] ] ] } },
{ "type": "Feature", "properties": { "LAYER": "MSal Kwarter", "GM_TYPE": "Unknown Line Type", "ELEVATION": 0 }, "geometry": { "type": "MultiLineString", "coordinates": [ [ [ 777265.272878475021571, 8981843.469209482893348 ], [ 777253.291854945709929, 8981843.582761853933334 ] ] ] } },
{ "type": "Feature", "properties": { "LAYER": "MSal Kwarter", "GM_TYPE": "Unknown Line Type", "ELEVATION": 0 }, "geometry": { "type": "MultiLineString", "coordinates": [ [ [ 772716.585066874278709, 8982126.946552289649844 ], [ 772707.967870006803423, 8981971.87418376095593 ] ] ] } },
{ "type": "Feature", "properties": { "LAYER": "MSal Kwarter", "GM_TYPE": "Unknown Line Type", "ELEVATION": 0 }, "geometry": { "type": "MultiLineString", "coordinates": [ [ [ 772814.158681466127746, 8982121.194004870951176 ], [ 772712.696221701335162, 8982127.175822941586375 ] ] ] } },
{ "type": "Feature", "properties": { "LAYER": "MSal Kwarter", "GM_TYPE": "Unknown Line Type", "ELEVATION": 0 }, "geometry": { "type": "MultiLineString", "coordinates": [ [ [ 772173.786908034584485, 8982143.680508367717266 ], [ 772095.711329549434595, 8982151.036612464115024 ] ] ] } },
{ "type": "Feature", "properties": { "LAYER": "MSal Kwarter", "GM_TYPE": "Unknown Line Type", "ELEVATION": 0 }, "geometry": { "type": "MultiLineString", "coordinates": [ [ [ 772621.744937970885076, 8982180.440264038741589 ], [ 772622.266501006204635, 8982190.496029989793897 ], [ 772624.47872105857823, 8982240.143805392086506 ], [ 772626.929416163591668, 8982285.188780024647713 ], [ 772631.020683805923909, 8982348.401674082502723 ], [ 772635.974893884384073, 8982423.237790679559112 ], [ 772640.021444920334034, 8982496.776302574202418 ], [ 772647.325412202626467, 8982633.265651274472475 ] ] ] } },
{ "type": "Feature", "properties": { "LAYER": "MSal Kwarter", "GM_TYPE": "Unknown Line Type", "ELEVATION": 0 }, "geometry": { "type": "MultiLineString", "coordinates": [ [ [ 772640.2287410676945, 8982427.741020023822784 ], [ 772644.015568644739687, 8982496.559542847797275 ], [ 772650.534237243817188, 8982618.374003002420068 ] ] ] } },
{ "type": "Feature", "properties": { "LAYER": "MSal Kwarter", "GM_TYPE": "Unknown Line Type", "ELEVATION": 0 }, "geometry": { "type": "MultiLineString", "coordinates": [ [ [ 772417.493371325428598, 8982189.582505609840155 ], [ 772424.119359130854718, 8982270.512041630223393 ], [ 772428.872805187827908, 8982356.939570231363177 ], [ 772430.062866379041225, 8982379.30657603777945 ], [ 772431.373657953110524, 8982416.259214727208018 ], [ 772432.082127110101283, 8982425.507735615596175 ] ] ] } },
{ "type": "Feature", "properties": { "LAYER": "MSal Kwarter", "GM_TYPE": "Unknown Line Type", "ELEVATION": 0 }, "geometry": { "type": "MultiLineString", "coordinates": [ [ [ 772707.96787000016775, 8981971.87418376095593 ], [ 772705.182161884848028, 8981921.743455432355404 ], [ 772702.977753443992697, 8981863.764104064553976 ] ] ] } },
{ "type": "Feature", "properties": { "LAYER": "MSal Kwarter", "GM_TYPE": "Unknown Line Type", "ELEVATION": 0 }, "geometry": { "type": "MultiLineString", "coordinates": [ [ [ 772697.083683503442444, 8981761.262421136721969 ], [ 772702.929066725773737, 8981863.757269246503711 ] ] ] } },
{ "type": "Feature", "properties": { "LAYER": "MSal Kwarter", "GM_TYPE": "Unknown Line Type", "ELEVATION": 0 }, "geometry": { "type": "MultiLineString", "coordinates": [ [ [ 772194.311061591026373, 8981954.193615535274148 ], [ 772196.935616349452175, 8981997.085945775732398 ], [ 772199.890912226866931, 8982044.731102053076029 ], [ 772201.517354631680064, 8982079.714293384924531 ], [ 772202.756829359685071, 8982102.840786559507251 ], [ 772205.513012450537644, 8982148.750915260985494 ] ] ] } },
{ "type": "Feature", "properties": { "LAYER": "MSal Kwarter", "GM_TYPE": "Unknown Line Type", "ELEVATION": 0 }, "geometry": { "type": "MultiLineString", "coordinates": [ [ [ 772199.550233807647601, 8981974.322779972106218 ], [ 772200.928149033337831, 8981996.841645209118724 ], [ 772203.885157465352677, 8982044.514388710260391 ], [ 772205.512380457366817, 8982079.514369711279869 ], [ 772206.750409781583585, 8982102.613894110545516 ], [ 772209.273386549437419, 8982144.639472344890237 ] ] ] } },
{ "type": "Feature", "properties": { "LAYER": "MSal Kwarter", "GM_TYPE": "Unknown Line Type", "ELEVATION": 0 }, "geometry": { "type": "MultiLineString", "coordinates": [ [ [ 772196.501490284572355, 8982149.013900805264711 ], [ 772407.428339444217272, 8982142.858368914574385 ], [ 772612.769676978117786, 8982133.067089645192027 ], [ 772712.696221718448214, 8982127.175822937861085 ] ] ] } },
{ "type": "Feature", "properties": { "LAYER": "MSal Kwarter", "GM_TYPE": "Unknown Line Type", "ELEVATION": 0 }, "geometry": { "type": "MultiLineString", "coordinates": [ [ [ 772209.273386548971757, 8982144.639472344890237 ], [ 772375.878302465425804, 8982139.777398707345128 ] ] ] } },
{ "type": "Feature", "properties": { "LAYER": "MSal Kwarter", "GM_TYPE": "Unknown Line Type", "ELEVATION": 0 }, "geometry": { "type": "MultiLineString", "coordinates": [ [ [ 772721.802849438856356, 8981287.77137634344399 ], [ 772630.345863743103109, 8981291.033633284270763 ], [ 772594.055413084104657, 8981292.277240009978414 ], [ 772559.385391272720881, 8981296.281850064173341 ], [ 772521.330448920605704, 8981297.337212646380067 ], [ 772483.256256811437197, 8981298.890337845310569 ], [ 772326.233170032501221, 8981307.750329049304128 ], [ 772288.214844725909643, 8981309.001414153724909 ], [ 772252.520631140912883, 8981310.743057919666171 ], [ 772217.071956370258704, 8981312.761644179001451 ], [ 772189.027933716541156, 8981313.521371794864535 ], [ 772163.190933824051172, 8981314.229550711810589 ] ] ] } },
{ "type": "Feature", "properties": { "LAYER": "MSal Kwarter", "GM_TYPE": "Unknown Line Type", "ELEVATION": 0 }, "geometry": { "type": "MultiLineString", "coordinates": [ [ [ 772410.309733453090303, 8981298.999966036528349 ], [ 772326.054695897153579, 8981303.754036962985992 ], [ 772288.051584285101853, 8981305.004621423780918 ], [ 772252.309453089837916, 8981306.748603254556656 ], [ 772216.904054271290079, 8981308.764725210145116 ], [ 772188.919611312448978, 8981309.522838782519102 ], [ 772161.697954397066496, 8981310.268970284610987 ] ] ] } },
{ "type": "Feature", "properties": { "LAYER": "MSal Kwarter", "GM_TYPE": "Unknown Line Type", "ELEVATION": 0 }, "geometry": { "type": "MultiLineString", "coordinates": [ [ [ 772566.654082195251249, 8981346.03840852715075 ], [ 772570.50873331935145, 8981411.322712693363428 ], [ 772570.855302674346603, 8981445.350048391148448 ], [ 772574.109090588171966, 8981512.29261670447886 ], [ 772576.884082498960197, 8981551.676473572850227 ], [ 772578.31381872354541, 8981598.318305797874928 ], [ 772580.238745183451101, 8981631.597127350047231 ], [ 772583.819425492081791, 8981690.006650859490037 ], [ 772585.978559838491492, 8981711.95491636544466 ], [ 772585.978913737460971, 8981711.958449456840754 ], [ 772585.979280178085901, 8981711.961981270462275 ], [ 772585.979659156990238, 8981711.965511759743094 ], [ 772585.980050670332275, 8981711.969040881842375 ], [ 772585.980454712756909, 8981711.972568592056632 ], [ 772585.980871277279221, 8981711.976094843819737 ], [ 772585.981300360057503, 8981711.979619596153498 ], [ 772585.981741957366467, 8981711.983142800629139 ], [ 772585.982196060242131, 8981711.986664416268468 ], [ 772585.982662665075622, 8981711.990184396505356 ], [ 772585.983141766279005, 8981711.993702698498964 ], [ 772585.983633356634527, 8981711.997219275683165 ], [ 772585.984137430554256, 8981712.000734087079763 ], [ 772585.984653980936855, 8981712.004247086122632 ], [ 772585.985183003707789, 8981712.007758226245642 ], [ 772585.985724488273263, 8981712.011267468333244 ], [ 772585.986278430675156, 8981712.014774765819311 ], [ 772585.986844823695719, 8981712.018280074000359 ], [ 772585.987423659884371, 8981712.021783348172903 ], [ 772585.988014930277131, 8981712.025284545496106 ], [ 772585.988618630799465, 8981712.028783621266484 ], [ 772585.989234750624746, 8981712.032280530780554 ], [ 772585.98986328416504, 8981712.035775231197476 ], [ 772585.990504220593721, 8981712.039267677813768 ], [ 772585.991157555836253, 8981712.042757825925946 ], [ 772585.991823278949596, 8981712.046245632693172 ], [ 772585.992501382599585, 8981712.049731053411961 ], [ 772585.993191857472993, 8981712.053214045241475 ], [ 772585.993894696235657, 8981712.056694561615586 ], [ 772585.994609887828119, 8981712.060172561556101 ], [ 772585.9953374247998, 8981712.063648000359535 ], [ 772585.996077297837473, 8981712.067120833322406 ], [ 772585.996829497744329, 8981712.070591017603874 ], [ 772585.997594013577327, 8981712.074058510363102 ], [ 772585.998370837769471, 8981712.07752326503396 ], [ 772585.99915995914489, 8981712.080985240638256 ], [ 772585.99996136862319, 8981712.08444439060986 ], [ 772586.000775056774728, 8981712.08790067397058 ], [ 772586.001601010910235, 8981712.091354047879577 ], [ 772586.002439221600071, 8981712.094804465770721 ], [ 772586.003289679647423, 8981712.098251884803176 ], [ 772586.004152372130193, 8981712.101696263998747 ], [ 772586.005027291364968, 8981712.105137556791306 ], [ 772586.005914423032664, 8981712.108575722202659 ], [ 772586.006813755840994, 8981712.112010717391968 ], [ 772586.007725282222964, 8981712.115442495793104 ], [ 772586.008648987510242, 8981712.118871014565229 ], [ 772586.009584860759787, 8981712.122296234592795 ], [ 772586.010532888933085, 8981712.125718109309673 ], [ 772586.011493062833324, 8981712.129136595875025 ], [ 772586.012465369305573, 8981712.132551651448011 ], [ 772586.013449795544147, 8981712.13596323132515 ], [ 772586.014446328859776, 8981712.139371296390891 ], [ 772586.015454956213944, 8981712.142775801941752 ], [ 772586.016475666314363, 8981712.14617670327425 ], [ 772586.017508446588181, 8981712.149573959410191 ], [ 772586.018553283764049, 8981712.152967527508736 ], [ 772586.019610163406469, 8981712.156357362866402 ], [ 772586.020679072476923, 8981712.159743424504995 ], [ 772586.021759998169728, 8981712.163125671446323 ], [ 772586.022852925816551, 8981712.166504057124257 ], [ 772586.023957844125107, 8981712.169878540560603 ], [ 772586.025074736680835, 8981712.173249078914523 ], [ 772586.026203588815406, 8981712.176615631207824 ], [ 772586.027344389352947, 8981712.179978154599667 ], [ 772586.028497121995315, 8981712.183336604386568 ], [ 772586.029661771841347, 8981712.18669094145298 ], [ 772586.030838325968944, 8981712.190041121095419 ], [ 772586.032026768079959, 8981712.193387102335691 ], [ 772586.033227081759833, 8981712.196728842332959 ], [ 772586.034439255599864, 8981712.200066300109029 ], [ 772586.035663271439262, 8981712.203399430960417 ], [ 772586.036899114842527, 8981712.206728195771575 ], [ 772586.038146770908497, 8981712.210052551701665 ], [ 772586.039406221359968, 8981712.213372455909848 ], [ 772586.040677453507669, 8981712.216687867417932 ], [ 772586.041960450587794, 8981712.219998743385077 ], [ 772586.043255194788799, 8981712.223305044695735 ], [ 772586.044561669463292, 8981712.226606726646423 ], [ 772586.045879861572757, 8981712.229903748258948 ], [ 772586.047209751326591, 8981712.233196068555117 ], [ 772586.048551322193816, 8981712.236483646556735 ], [ 772586.049904559738934, 8981712.23976644128561 ], [ 772586.051269443705678, 8981712.243044408038259 ], [ 772586.052645959542133, 8981712.246317509561777 ], [ 772586.054034087341279, 8981712.249585703015327 ], [ 772586.055433812434785, 8981712.252848945558071 ], [ 772586.056845114915632, 8981712.25610719807446 ], [ 772586.058267976623029, 8981712.259360417723656 ], [ 772586.05970238277223, 8981712.26260856539011 ], [ 772586.0611483118264, 8981712.26585160009563 ], [ 772586.062605749000795, 8981712.269089478999376 ], [ 772586.064074672874995, 8981712.272322162985802 ], [ 772586.065555065055378, 8981712.275549611076713 ], [ 772586.067046909360215, 8981712.278771782293916 ], [ 772586.068550184019841, 8981712.281988635659218 ], [ 772586.070064872619696, 8981712.285200132057071 ], [ 772586.07159095373936, 8981712.288406228646636 ], [ 772586.073128410731442, 8981712.291606886312366 ], [ 772586.074677222059108, 8981712.294802065938711 ], [ 772586.076237368048169, 8981712.297991724684834 ], [ 772586.077808832167648, 8981712.301175823435187 ], [ 772586.079391591134481, 8981712.304354323074222 ], [ 772586.080985625158064, 8981712.307527182623744 ], [ 772586.082590915961191, 8981712.310694361105561 ], [ 772586.084207443986088, 8981712.313855819404125 ], [ 772586.08583518571686, 8981712.317011520266533 ], [ 772586.087474123109132, 8981712.320161418989301 ], [ 772586.089124234742485, 8981712.323305480182171 ], [ 772586.090785498963669, 8981712.326443661004305 ], [ 772586.092457897728309, 8981712.3295759242028 ], [ 772586.094141406123526, 8981712.332702228799462 ], [ 772586.095836004242301, 8981712.335822535678744 ], [ 772586.097541672410443, 8981712.338936805725098 ], [ 772586.099258387344889, 8981712.342045001685619 ], [ 772586.10098612762522, 8981712.345147080719471 ], [ 772586.102724873344414, 8981712.348243003711104 ], [ 772586.104474599706009, 8981712.351332735270262 ], [ 772586.106235285289586, 8981712.354416236281395 ], [ 772586.108006910188124, 8981712.357493463903666 ], [ 772586.109789449605159, 8981712.360564380884171 ], [ 772586.111582882003859, 8981712.363628949970007 ], [ 772586.113387184450403, 8981712.366687132045627 ], [ 772586.115202333545312, 8981712.369738887995481 ], [ 772586.117028307984583, 8981712.372784178704023 ], [ 772586.118865084601566, 8981712.375822968780994 ], [ 772586.120712640346028, 8981712.378855215385556 ], [ 772586.122570950421505, 8981712.381880883127451 ], [ 772586.124439991544932, 8981712.384899934753776 ], [ 772586.126319740666077, 8981712.387912329286337 ], [ 772586.12821017485112, 8981712.390918031334877 ], [ 772586.130111270933412, 8981712.393917 ], [ 772586.132023002370261, 8981712.396909201517701 ], [ 772586.133945346344262, 8981712.399894595146179 ], [ 772586.135878277709708, 8981712.402873145416379 ], [ 772586.137821775511838, 8981712.405844811350107 ], [ 772586.139775811345316, 8981712.408809559419751 ], [ 772586.141740360530093, 8981712.411767350509763 ], [ 772586.143715401994996, 8981712.414718145504594 ], [ 772586.145700907334685, 8981712.417661910876632 ], [ 772586.147696853848174, 8981712.420598605647683 ], [ 772586.149703214876354, 8981712.423528196290135 ], [ 772586.151719964225776, 8981712.42645064368844 ], [ 772586.153747078846209, 8981712.42936591245234 ], [ 772586.155784532427788, 8981712.432273965328932 ], [ 772586.157832298777066, 8981712.435174765065312 ], [ 772586.15989035309758, 8981712.438068274408579 ], [ 772586.161958667333238, 8981712.440954457968473 ], [ 772586.164037217153236, 8981712.443833280354738 ], [ 772586.166125976014882, 8981712.446704702451825 ], [ 772586.168224917841144, 8981712.449568690732121 ], [ 772586.170334014575928, 8981712.452425207942724 ], [ 772586.172453241655603, 8981712.455274218693376 ], [ 772586.174582571256906, 8981712.458115685731173 ], [ 772586.176721977069974, 8981712.460949575528502 ], [ 772586.178871431271546, 8981712.463775848969817 ], [ 772586.181030909297988, 8981712.466594474390149 ], [ 772586.183200379949994, 8981712.46940541267395 ], [ 772586.185379818896763, 8981712.472208630293608 ], [ 772586.187569196335971, 8981712.475004091858864 ], [ 772586.189768487936817, 8981712.477791761979461 ], [ 772586.191977662499994, 8981712.480571605265141 ], [ 772586.19419669394847, 8981712.483343586325645 ], [ 772586.196425554575399, 8981712.486107671633363 ], [ 772586.198664216557518, 8981712.48886382393539 ], [ 772586.200912648811936, 8981712.491612011566758 ], [ 772586.203170826891437, 8981712.494352197274566 ], [ 772586.205438719713129, 8981712.497084347531199 ], [ 772586.207716299686581, 8981712.499808426946402 ], [ 772586.210003537358716, 8981712.502524403855205 ], [ 772586.212300405139104, 8981712.505232241004705 ], [ 772586.214606873574667, 8981712.507931904867291 ], [ 772586.21692291169893, 8981712.510623363777995 ], [ 772586.219248493667692, 8981712.513306580483913 ], [ 772586.221583588514477, 8981712.515981523320079 ], [ 772586.223928165156394, 8981712.518648158758879 ], [ 772586.226282196119428, 8981712.521306451410055 ], [ 772586.228645652183332, 8981712.523956367745996 ], [ 772586.23101850238163, 8981712.526597876101732 ], [ 772586.233400715864263, 8981712.529230942949653 ] ] ] } },
{ "type": "Feature", "properties": { "LAYER": "MSal Kwarter", "GM_TYPE": "Unknown Line Type", "ELEVATION": 0 }, "geometry": { "type": "MultiLineString", "coordinates": [ [ [ 772603.756076709832996, 8981713.285096239298582 ], [ 772673.482870947220363, 8981707.66551080904901 ], [ 772688.413508234545588, 8981711.028059914708138 ], [ 772688.413508234662004, 8981711.028059914708138 ], [ 772688.415123958722688, 8981711.028422389179468 ], [ 772688.416740280692466, 8981711.028782185167074 ], [ 772688.418357196263969, 8981711.029139308258891 ], [ 772688.419974701013416, 8981711.029493751004338 ], [ 772688.421592790400609, 8981711.029845515266061 ], [ 772688.423211460118182, 8981711.030194599181414 ], [ 772688.424830705625936, 8981711.030541002750397 ], [ 772688.42645052250009, 8981711.03088472597301 ], [ 772688.428070906433277, 8981711.031225765123963 ], [ 772688.429691852768883, 8981711.031564120203257 ], [ 772688.431313356966712, 8981711.031899793073535 ], [ 772688.432935415068641, 8981711.032232776284218 ], [ 772688.434558022185229, 8981711.032563075423241 ], [ 772688.436181174125522, 8981711.032890688627958 ], [ 772688.437804866232909, 8981711.03321561217308 ], [ 772688.439429094083607, 8981711.033537846058607 ], [ 772688.441053853486665, 8981711.033857390284538 ], [ 772688.442679139669053, 8981711.034174244850874 ], [ 772688.444304948323406, 8981711.034488406032324 ], [ 772688.445931274909526, 8981711.034799877554178 ], [ 772688.447558115120046, 8981711.035108651965857 ], [ 772688.449185464298353, 8981711.035414732992649 ], [ 772688.450813318137079, 8981711.035718120634556 ], [ 772688.452441672096029, 8981711.036018813028932 ], [ 772688.454070521751419, 8981711.036316806450486 ], [ 772688.455699862679467, 8981711.036612102761865 ], [ 772688.45732969022356, 8981711.036904698237777 ], [ 772688.458960000076331, 8981711.037194598466158 ], [ 772688.460590787813999, 8981711.037481795996428 ], [ 772688.46222204877995, 8981711.037766296416521 ], [ 772688.463853778666817, 8981711.038048090413213 ], [ 772688.465485972934403, 8981711.038327185437083 ], [ 772688.46711862704251, 8981711.038603577762842 ], [ 772688.468751736683771, 8981711.038877263665199 ], [ 772688.470385297201574, 8981711.039148246869445 ], [ 772688.472019304288551, 8981711.039416523650289 ], [ 772688.47365375328809, 8981711.03968209400773 ], [ 772688.475288639776409, 8981711.039944957941771 ], [ 772688.47692395944614, 8981711.040205113589764 ], [ 772688.478559707524255, 8981711.040462564677 ], [ 772688.480195879586972, 8981711.040717303752899 ], [ 772688.481832471326925, 8981711.040969332680106 ], [ 772688.483469478203915, 8981711.041218651458621 ], [ 772688.485106895677745, 8981711.041465260088444 ], [ 772688.486744719208218, 8981711.041709156706929 ], [ 772688.488382944371551, 8981711.041950341314077 ], [ 772688.490021566743962, 8981711.042188812047243 ], [ 772688.491660581668839, 8981711.042424568906426 ], [ 772688.493299984722398, 8981711.042657611891627 ], [ 772688.494939771364443, 8981711.042887941002846 ], [ 772688.496579937287606, 8981711.043115554377437 ], [ 772688.49822047771886, 8981711.043340450152755 ], [ 772688.499861388350837, 8981711.043562630191445 ], [ 772688.501502664759755, 8981711.043782092630863 ], [ 772688.503144302289002, 8981711.043998835608363 ], [ 772688.504786296398379, 8981711.04421286098659 ], [ 772688.506428642664105, 8981711.044424168765545 ], [ 772688.508071336545981, 8981711.044632753357291 ], [ 772688.509714373620227, 8981711.04483861848712 ], [ 772688.511357749346644, 8981711.04504176415503 ], [ 772688.513001459185034, 8981711.045242186635733 ], [ 772688.514645498711616, 8981711.045439889654517 ], [ 772688.516289863153361, 8981711.045634867623448 ], [ 772688.517934548435733, 8981711.045827122405171 ], [ 772688.519579549669288, 8981711.046016653999686 ], [ 772688.52122486254666, 8981711.046203462406993 ], [ 772688.522870482411236, 8981711.046387545764446 ], [ 772688.524516404955648, 8981711.046568904072046 ], [ 772688.526162625523284, 8981711.046747535467148 ], [ 772688.527809139573947, 8981711.046923441812396 ], [ 772688.529455942683853, 8981711.047096621245146 ], [ 772688.531103030312806, 8981711.047267071902752 ], [ 772688.532750397920609, 8981711.047434797510505 ], [ 772688.534398041083477, 8981711.047599794343114 ], [ 772688.5360459551448, 8981711.047762062400579 ], [ 772688.537694135564379, 8981711.047921601682901 ], [ 772688.539342577918433, 8981711.048078410327435 ], [ 772688.540991277783178, 8981711.048232490196824 ], [ 772688.542640230502002, 8981711.048383839428425 ], [ 772688.544289431418292, 8981711.048532458022237 ], [ 772688.545938876341097, 8981711.04867834597826 ], [ 772688.547588560613804, 8981711.048821501433849 ], [ 772688.549238479463384, 8981711.048961924389005 ], [ 772688.550888628698885, 8981711.049099618569016 ], [ 772688.552539003663696, 8981711.049234576523304 ], [ 772688.554189599817619, 8981711.049366803839803 ], [ 772688.555840412853286, 8981711.049496294930577 ], [ 772688.557491437764838, 8981711.049623055383563 ], [ 772688.559142670361325, 8981711.04974708147347 ], [ 772688.560794106218964, 8981711.049868371337652 ], [ 772688.562445740564726, 8981711.049986928701401 ], [ 772688.564097568858415, 8981711.05010274797678 ], [ 772688.565749586909078, 8981711.05021583288908 ], [ 772688.567401789827272, 8981711.050326183438301 ], [ 772688.569054173189215, 8981711.050433797761798 ], [ 772688.57070673245471, 8981711.050538675859571 ], [ 772688.572359463316388, 8981711.050640814006329 ], [ 772688.574012360768393, 8981711.050740219652653 ], [ 772688.575665420736186, 8981711.050836887210608 ], [ 772688.577318638446741, 8981711.050930816680193 ], [ 772688.578972009359859, 8981711.051022008061409 ], [ 772688.580625529051758, 8981711.051110461354256 ], [ 772688.582279193098657, 8981711.051196176558733 ], [ 772688.583932996611111, 8981711.051279153674841 ], [ 772688.585586935281754, 8981711.051359392702579 ], [ 772688.587241004686803, 8981711.051436891779304 ], [ 772688.58889520005323, 8981711.051511654630303 ], [ 772688.590549517073669, 8981711.051583675667644 ], [ 772688.59220395097509, 8981711.051652956753969 ], [ 772688.593858497217298, 8981711.051719499751925 ], [ 772688.595513151492923, 8981711.051783302798867 ], [ 772688.597167909145355, 8981711.051844364032149 ], [ 772688.598822765750811, 8981711.051902687177062 ], [ 772688.600477716419846, 8981711.05195827037096 ], [ 772688.602132757077925, 8981711.052011111751199 ], [ 772688.60378788295202, 8981711.052061211317778 ], [ 772688.605443089385517, 8981711.052108572795987 ], [ 772688.607098371954635, 8981711.052153192460537 ], [ 772688.608753726468422, 8981711.052195070311427 ], [ 772688.610409147688188, 8981711.052234206348658 ], [ 772688.612064631539397, 8981711.052270602434874 ], [ 772688.613720173365436, 8981711.052304258570075 ], [ 772688.615375768626109, 8981711.052335172891617 ], [ 772688.617031413130462, 8981711.052363341674209 ], [ 772688.618687101756223, 8981711.052388772368431 ], [ 772688.620342830196023, 8981711.052411461248994 ], [ 772688.621998593909666, 8981711.052431408315897 ], [ 772688.623654388356954, 8981711.05244861356914 ], [ 772688.62531020923052, 8981711.052463075146079 ], [ 772688.626966051524505, 8981711.052474798634648 ], [ 772688.628621911280788, 8981711.052483776584268 ], [ 772688.630277783377096, 8981711.052490014582872 ], [ 772688.631933663506061, 8981711.052493510767817 ], [ 772688.633589547360316, 8981711.052494263276458 ], [ 772688.635245430166833, 8981711.052492275834084 ], [ 772688.636901307269, 8981711.052487544715405 ], [ 772688.638557174359448, 8981711.052480071783066 ], [ 772688.640213026665151, 8981711.052469858899713 ], [ 772688.641868859995157, 8981711.052456902340055 ], [ 772688.643524669343606, 8981711.052441203966737 ], [ 772688.645180450752378, 8981711.052422763779759 ], [ 772688.646836199215613, 8981711.052401581779122 ], [ 772688.648491910193115, 8981711.052377659827471 ], [ 772688.650147579377517, 8981711.052350994199514 ], [ 772688.651803202112205, 8981711.052321588620543 ], [ 772688.653458773973398, 8981711.052289441227913 ], [ 772688.655114290304482, 8981711.052254552021623 ], [ 772688.656769746681675, 8981711.052216921001673 ], [ 772688.658425138448365, 8981711.052176548168063 ], [ 772688.660080460947938, 8981711.052133437246084 ], [ 772688.661735709873028, 8981711.0520875826478 ], [ 772688.663390880567022, 8981711.052038988098502 ], [ 772688.665045968722552, 8981711.051987651735544 ], [ 772688.666700969217345, 8981711.051933577284217 ], [ 772688.66835587809328, 8981711.05187676101923 ], [ 772688.670010690693744, 8981711.051817204803228 ], [ 772688.671665402478538, 8981711.051754906773567 ], [ 772688.673320008674636, 8981711.051689870655537 ], [ 772688.674974504858255, 8981711.051622094586492 ], [ 772688.676628886722028, 8981711.051551578566432 ], [ 772688.678283149376512, 8981711.051478322595358 ], [ 772688.679937288747169, 8981711.051402328535914 ], [ 772688.681591299711727, 8981711.051323594525456 ], [ 772688.683245178079233, 8981711.051242124289274 ], [ 772688.684898919309489, 8981711.051157912239432 ], [ 772688.686552518745884, 8981711.051070963963866 ], [ 772688.688205972197466, 8981711.050981275737286 ], [ 772688.689859274658374, 8981711.050888851284981 ], [ 772688.691512421821244, 8981711.050793690606952 ], [ 772688.693165409262292, 8981711.050695789977908 ], [ 772688.69481823220849, 8981711.05059515312314 ], [ 772688.696470886352472, 8981711.050491780042648 ], [ 772688.698123366921209, 8981711.050385668873787 ], [ 772688.699775669607334, 8981711.050276823341846 ], [ 772688.70142778987065, 8981711.050165241584182 ], [ 772688.703079722938128, 8981711.050050923600793 ], [ 772688.704731464385986, 8981711.04993387311697 ], [ 772688.706383010023274, 8981711.049814084544778 ], [ 772688.708034354727715, 8981711.049691563472152 ], [ 772688.709685494424775, 8981711.049566306173801 ], [ 772778.381290924386121, 8981704.172348130494356 ] ] ] } },
{ "type": "Feature", "properties": { "LAYER": "MSal Kwarter", "GM_TYPE": "Unknown Line Type", "ELEVATION": 0 }, "geometry": { "type": "MultiLineString", "coordinates": [ [ [ 772194.328754505841061, 8981954.188896713778377 ], [ 772191.718759885639884, 8981916.819486318156123 ], [ 772190.363562539801933, 8981879.274785861372948 ], [ 772189.570630668546073, 8981868.629779549315572 ], [ 772188.64493350579869, 8981849.773944893851876 ], [ 772186.768183453474194, 8981801.167590167373419 ], [ 772184.388820825144649, 8981744.028763003647327 ] ] ] } },
{ "type": "Feature", "properties": { "LAYER": "MSal Kwarter", "GM_TYPE": "Unknown Line Type", "ELEVATION": 0 }, "geometry": { "type": "MultiLineString", "coordinates": [ [ [ 772197.390882290666923, 8981940.621103122830391 ], [ 772195.713728773407638, 8981916.607935585081577 ], [ 772194.358197907684371, 8981879.053995210677385 ], [ 772193.563338034669869, 8981868.383105726912618 ], [ 772192.641147879185155, 8981849.598706478253007 ], [ 772190.764971654047258, 8981801.007213432341814 ], [ 772189.785110351862386, 8981777.476489311084151 ] ] ] } },
{ "type": "Feature", "properties": { "LAYER": "MSal Kwarter", "GM_TYPE": "Unknown Line Type", "ELEVATION": 0 }, "geometry": { "type": "MultiLineString", "coordinates": [ [ [ 772652.136922311619855, 8981916.416419314220548 ], [ 772644.391799194971099, 8981916.561212165281177 ], [ 772606.430978301214054, 8981918.022510079666972 ], [ 772568.212204254465178, 8981919.170306453481317 ], [ 772243.258296917541884, 8981938.364945966750383 ], [ 772216.099497064948082, 8981942.08494533598423 ] ] ] } },
{ "type": "Feature", "properties": { "LAYER": "MSal Kwarter", "GM_TYPE": "Unknown Line Type", "ELEVATION": 0 }, "geometry": { "type": "MultiLineString", "coordinates": [ [ [ 772363.463675101753324, 8981927.257585555315018 ], [ 772242.868375185644254, 8981934.381006004288793 ], [ 772197.427639977773651, 8981940.605121478438377 ] ] ] } },
{ "type": "Feature", "properties": { "LAYER": "MSal Kwarter", "GM_TYPE": "Unknown Line Type", "ELEVATION": 0 }, "geometry": { "type": "MultiLineString", "coordinates": [ [ [ 771605.790629601222463, 8981774.994276605546474 ], [ 771602.135534749482758, 8981703.049242442473769 ] ] ] } },
{ "type": "Feature", "properties": { "LAYER": "MSal Kwarter", "GM_TYPE": "Unknown Line Type", "ELEVATION": 0 }, "geometry": { "type": "MultiLineString", "coordinates": [ [ [ 771746.803011873504147, 8981551.982731187716126 ], [ 771748.835779021494091, 8981585.989433277398348 ], [ 771746.876651423750445, 8981633.566185647621751 ], [ 771751.29858908103779, 8981696.526922211050987 ], [ 771754.277822969248518, 8981734.496065912768245 ], [ 771755.415131890913472, 8981748.040212519466877 ] ] ] } },
{ "type": "Feature", "properties": { "LAYER": "MSal Kwarter", "GM_TYPE": "Unknown Line Type", "ELEVATION": 0 }, "geometry": { "type": "MultiLineString", "coordinates": [ [ [ 771762.317080865381286, 8981781.401736645027995 ], [ 771768.711546489153989, 8981850.114493520930409 ], [ 771773.821036692243069, 8981923.645592799410224 ], [ 771805.445217050728388, 8981914.260438714176416 ], [ 771807.36090666486416, 8981913.691916717216372 ] ] ] } },
{ "type": "Feature", "properties": { "LAYER": "MSal Kwarter", "GM_TYPE": "Unknown Line Type", "ELEVATION": 0 }, "geometry": { "type": "MultiLineString", "coordinates": [ [ [ 772163.264822405064479, 8981344.31289416924119 ], [ 772167.320698137511499, 8981432.088233834132552 ], [ 772168.994593367679045, 8981463.978422230109572 ], [ 772172.566522701526992, 8981534.58597407490015 ] ] ] } },
{ "type": "Feature", "properties": { "LAYER": "MSal Kwarter", "GM_TYPE": "Unknown Line Type", "ELEVATION": 0 }, "geometry": { "type": "MultiLineString", "coordinates": [ [ [ 772172.103810854954645, 8981525.439390355721116 ], [ 772226.123660562909208, 8981523.013725023716688 ], [ 772245.919714997638948, 8981521.929817402735353 ], [ 772283.13440640468616, 8981520.139802873134613 ], [ 772511.589402810321189, 8981507.35775070078671 ] ] ] } },
{ "type": "Feature", "properties": { "LAYER": "MSal Kwarter", "GM_TYPE": "Unknown Line Type", "ELEVATION": 0 }, "geometry": { "type": "MultiLineString", "coordinates": [ [ [ 772184.410208295797929, 8981744.023511597886682 ], [ 772181.616614463040605, 8981689.578623587265611 ], [ 772178.670828231610358, 8981635.147872310131788 ], [ 772176.321496837772429, 8981596.879949970170856 ], [ 772174.12056884134654, 8981553.131335482001305 ], [ 772172.645076363929547, 8981534.562631217762828 ] ] ] } },
{ "type": "Feature", "properties": { "LAYER": "MSal Kwarter", "GM_TYPE": "Unknown Line Type", "ELEVATION": 0 }, "geometry": { "type": "MultiLineString", "coordinates": [ [ [ 772187.735858478001319, 8981730.778424656018615 ], [ 772185.611072177998722, 8981689.368055406957865 ], [ 772182.664199811639264, 8981634.917235074564815 ], [ 772180.315334250451997, 8981596.656900616362691 ], [ 772178.82545556651894, 8981567.042061652988195 ] ] ] } },
{ "type": "Feature", "properties": { "LAYER": "MSal Kwarter", "GM_TYPE": "Unknown Line Type", "ELEVATION": 0 }, "geometry": { "type": "MultiLineString", "coordinates": [ [ [ 772582.003793455194682, 8981712.407697742804885 ], [ 772524.302600655471906, 8981716.600181059911847 ], [ 772499.46836332953535, 8981717.865383002907038 ], [ 772485.351016352302395, 8981718.532043341547251 ], [ 772259.296814243658446, 8981728.18811271712184 ], [ 772252.098788354545832, 8981728.723048398271203 ], [ 772232.205941227497533, 8981730.184528084471822 ], [ 772207.507526151952334, 8981732.747883358970284 ] ] ] } },
{ "type": "Feature", "properties": { "LAYER": "MSal Kwarter", "GM_TYPE": "Unknown Line Type", "ELEVATION": 0 }, "geometry": { "type": "MultiLineString", "coordinates": [ [ [ 772515.200589628075249, 8981713.058703370392323 ], [ 772499.2722624510061, 8981713.870185930281878 ], [ 772485.171321399859153, 8981714.536071538925171 ], [ 772259.063177472096868, 8981724.194445077329874 ], [ 772251.80233788350597, 8981724.734048884361982 ], [ 772231.852857651887462, 8981726.199687838554382 ], [ 772187.735858478001319, 8981730.778424656018615 ] ] ] } },
{ "type": "Feature", "properties": { "LAYER": "MSal Kwarter", "GM_TYPE": "Unknown Line Type", "ELEVATION": 0 }, "geometry": { "type": "MultiLineString", "coordinates": [ [ [ 770868.045947185601108, 8980435.513683574274182 ], [ 771223.737595741753466, 8980432.082654140889645 ] ] ] } },
{ "type": "Feature", "properties": { "LAYER": "MSal Kwarter", "GM_TYPE": "Unknown Line Type", "ELEVATION": 0 }, "geometry": { "type": "MultiLineString", "coordinates": [ [ [ 770892.535669863340445, 8980639.118274228647351 ], [ 771148.254811811842956, 8980628.442166009917855 ] ] ] } },
{ "type": "Feature", "properties": { "LAYER": "MSal Kwarter", "GM_TYPE": "Unknown Line Type", "ELEVATION": 0 }, "geometry": { "type": "MultiLineString", "coordinates": [ [ [ 771051.199820853071287, 8980229.525983156636357 ], [ 771374.849472058704123, 8980252.606139354407787 ] ] ] } },
{ "type": "Feature", "properties": { "LAYER": "MSal Kwarter", "GM_TYPE": "Unknown Line Type", "ELEVATION": 0 }, "geometry": { "type": "MultiLineString", "coordinates": [ [ [ 771206.021961401333101, 8979976.399272127076983 ], [ 771734.8751686506439, 8980100.461710926145315 ] ] ] } },
{ "type": "Feature", "properties": { "LAYER": "MSal Kwarter", "GM_TYPE": "Unknown Line Type", "ELEVATION": 0 }, "geometry": { "type": "MultiLineString", "coordinates": [ [ [ 771281.304725367692299, 8980245.935261271893978 ], [ 771455.416865849168971, 8980066.614250907674432 ] ] ] } },
{ "type": "Feature", "properties": { "LAYER": "MSal Kwarter", "GM_TYPE": "Unknown Line Type", "ELEVATION": 0 }, "geometry": { "type": "MultiLineString", "coordinates": [ [ [ 771480.493892190861516, 8980040.787001365795732 ], [ 771590.722511625732295, 8979927.260699562728405 ] ] ] } },
{ "type": "Feature", "properties": { "LAYER": "MSal Kwarter", "GM_TYPE": "Unknown Line Type", "ELEVATION": 0 }, "geometry": { "type": "MultiLineString", "coordinates": [ [ [ 771624.989683105493896, 8979891.968365581706166 ], [ 771768.47152257245034, 8979744.194015378132463 ] ] ] } },
{ "type": "Feature", "properties": { "LAYER": "MSal Kwarter", "GM_TYPE": "Unknown Line Type", "ELEVATION": 0 }, "geometry": { "type": "MultiLineString", "coordinates": [ [ [ 771933.560617750161327, 8979965.356803238391876 ], [ 772066.064556721015833, 8979828.888776669278741 ] ] ] } },
{ "type": "Feature", "properties": { "LAYER": "MSal Kwarter", "GM_TYPE": "Unknown Line Type", "ELEVATION": 0 }, "geometry": { "type": "MultiLineString", "coordinates": [ [ [ 771591.424479497247376, 8979419.307986741885543 ], [ 771770.337659688433632, 8979668.21503416262567 ] ] ] } },
{ "type": "Feature", "properties": { "LAYER": "MSal Kwarter", "GM_TYPE": "Unknown Line Type", "ELEVATION": 0 }, "geometry": { "type": "MultiLineString", "coordinates": [ [ [ 772062.514873226056807, 8979734.09518632851541 ], [ 771902.204151549027301, 8979496.000729247927666 ] ] ] } },
{ "type": "Feature", "properties": { "LAYER": "MSal Kwarter", "GM_TYPE": "Unknown Line Type", "ELEVATION": 0 }, "geometry": { "type": "MultiLineString", "coordinates": [ [ [ 772318.022054097382352, 8979570.087064109742641 ], [ 772582.953971544397064, 8979861.425259562209249 ] ] ] } },
{ "type": "Feature", "properties": { "LAYER": "MSal Kwarter", "GM_TYPE": "Unknown Line Type", "ELEVATION": 0 }, "geometry": { "type": "MultiLineString", "coordinates": [ [ [ 771374.849472058704123, 8980252.606139354407787 ], [ 771370.280139089911245, 8980246.568999543786049 ] ] ] } },
{ "type": "Feature", "properties": { "LAYER": "MSal Kwarter", "GM_TYPE": "Unknown Line Type", "ELEVATION": 0 }, "geometry": { "type": "MultiLineString", "coordinates": [ [ [ 771734.8751686506439, 8980100.461710926145315 ], [ 771733.117420855909586, 8980093.896287774667144 ] ] ] } },
{ "type": "Feature", "properties": { "LAYER": "MSal Kwarter", "GM_TYPE": "Unknown Line Type", "ELEVATION": 0 }, "geometry": { "type": "MultiLineString", "coordinates": [ [ [ 772066.064556721015833, 8979828.888776669278741 ], [ 772066.079470320371911, 8979837.333907969295979 ] ] ] } },
{ "type": "Feature", "properties": { "LAYER": "MSal Kwarter", "GM_TYPE": "Unknown Line Type", "ELEVATION": 0 }, "geometry": { "type": "MultiLineString", "coordinates": [ [ [ 772062.514873226056807, 8979734.09518632851541 ], [ 772064.202469734009355, 8979726.06114917807281 ] ] ] } },
{ "type": "Feature", "properties": { "LAYER": "MSal Kwarter", "GM_TYPE": "Unknown Line Type", "ELEVATION": 0 }, "geometry": { "type": "MultiLineString", "coordinates": [ [ [ 772582.953971544397064, 8979861.425259562209249 ], [ 772583.922705991775729, 8979839.170280361548066 ] ] ] } },
{ "type": "Feature", "properties": { "LAYER": "MSal Kwarter", "GM_TYPE": "Unknown Line Type", "ELEVATION": 0 }, "geometry": { "type": "MultiLineString", "coordinates": [ [ [ 771770.337659688433632, 8979668.21503416262567 ], [ 771772.053730746731162, 8979659.603545797988772 ] ] ] } },
{ "type": "Feature", "properties": { "LAYER": "MSal Kwarter", "GM_TYPE": "Unknown Line Type", "ELEVATION": 0 }, "geometry": { "type": "MultiLineString", "coordinates": [ [ [ 771768.47152257245034, 8979744.194015378132463 ], [ 771769.336041467846371, 8979748.728520354256034 ] ] ] } },
{ "type": "Feature", "properties": { "LAYER": "MSal Kwarter", "GM_TYPE": "Unknown Line Type", "ELEVATION": 0 }, "geometry": { "type": "MultiLineString", "coordinates": [ [ [ 771590.722511625732295, 8979927.260699562728405 ], [ 771590.73685937107075, 8979930.657395260408521 ] ] ] } },
{ "type": "Feature", "properties": { "LAYER": "MSal Kwarter", "GM_TYPE": "Unknown Line Type", "ELEVATION": 0 }, "geometry": { "type": "MultiLineString", "coordinates": [ [ [ 771455.416865849168971, 8980066.614250907674432 ], [ 771460.216934786876664, 8980080.1514429487288 ] ] ] } },
{ "type": "Feature", "properties": { "LAYER": "MSal Kwarter", "GM_TYPE": "Unknown Line Type", "ELEVATION": 0 }, "geometry": { "type": "MultiLineString", "coordinates": [ [ [ 771223.737595741753466, 8980432.082654140889645 ], [ 771221.000873001758009, 8980424.935167023912072 ] ] ] } },
{ "type": "Feature", "properties": { "LAYER": "MSal Kwarter", "GM_TYPE": "Unknown Line Type", "ELEVATION": 0 }, "geometry": { "type": "MultiLineString", "coordinates": [ [ [ 771148.254811811842956, 8980628.442166009917855 ], [ 771139.88254987471737, 8980621.583655964583158 ] ] ] } },
{ "type": "Feature", "properties": { "LAYER": "MSal Kwarter", "GM_TYPE": "Unknown Line Type", "ELEVATION": 0 }, "geometry": { "type": "MultiLineString", "coordinates": [ [ [ 771445.204081848729402, 8980555.59744661860168 ], [ 771449.420255933771841, 8980547.85026491433382 ], [ 771683.732083850656636, 8980251.6336749214679 ] ] ] } },
{ "type": "Feature", "properties": { "LAYER": "MSal Kwarter", "GM_TYPE": "Unknown Line Type", "ELEVATION": 0 }, "geometry": { "type": "MultiLineString", "coordinates": [ [ [ 771278.096687049837783, 8980848.197205720469356 ], [ 771278.70129887398798, 8980847.414266370236874 ], [ 771360.56422558624763, 8980719.490329077467322 ], [ 771430.860134720685892, 8980590.322232561185956 ] ] ] } },
{ "type": "Feature", "properties": { "LAYER": "MSal Kwarter", "GM_TYPE": "Unknown Line Type", "ELEVATION": 0 }, "geometry": { "type": "MultiLineString", "coordinates": [ [ [ 771449.953909275936894, 8980555.237594706937671 ], [ 771452.769929231726564, 8980550.063183536753058 ], [ 771686.869261501356959, 8980254.115230156108737 ] ] ] } },
{ "type": "Feature", "properties": { "LAYER": "MSal Kwarter", "GM_TYPE": "Unknown Line Type", "ELEVATION": 0 }, "geometry": { "type": "MultiLineString", "coordinates": [ [ [ 771271.292243727832101, 8980843.919640727341175 ], [ 771272.153457839624025, 8980842.804415399208665 ], [ 771353.672986397636123, 8980715.417092734947801 ], [ 771423.986923635355197, 8980586.215869741514325 ] ] ] } },
{ "type": "Feature", "properties": { "LAYER": "MSal Kwarter", "GM_TYPE": "Unknown Line Type", "ELEVATION": 0 }, "geometry": { "type": "MultiLineString", "coordinates": [ [ [ 771264.652960315695964, 8980859.061624886468053 ], [ 771187.064555574092083, 8980663.325392819941044 ] ] ] } },
{ "type": "Feature", "properties": { "LAYER": "MSal Kwarter", "GM_TYPE": "Unknown Line Type", "ELEVATION": 0 }, "geometry": { "type": "MultiLineString", "coordinates": [ [ [ 771440.765142715070397, 8980552.299544561654329 ], [ 771329.845309119438753, 8980391.325985116884112 ] ] ] } },
{ "type": "Feature", "properties": { "LAYER": "MSal Kwarter", "GM_TYPE": "Unknown Line Type", "ELEVATION": 0 }, "geometry": { "type": "MultiLineString", "coordinates": [ [ [ 771264.652960315812379, 8980859.061624886468053 ], [ 771460.484419910353608, 8980834.049697181209922 ] ] ] } },
{ "type": "Feature", "properties": { "LAYER": "MSal Kwarter", "GM_TYPE": "Unknown Line Type", "ELEVATION": 0 }, "geometry": { "type": "MultiLineString", "coordinates": [ [ [ 771444.248048961744644, 8980557.354148391634226 ], [ 771640.572779680718668, 8980584.574769092723727 ] ] ] } },
{ "type": "Feature", "properties": { "LAYER": "MSal Kwarter", "GM_TYPE": "Unknown Line Type", "ELEVATION": 0 }, "geometry": { "type": "MultiLineString", "coordinates": [ [ [ 771460.484419910353608, 8980834.049697181209922 ], [ 771457.998044747160748, 8980830.132852913811803 ] ] ] } },
{ "type": "Feature", "properties": { "LAYER": "MSal Kwarter", "GM_TYPE": "Unknown Line Type", "ELEVATION": 0 }, "geometry": { "type": "MultiLineString", "coordinates": [ [ [ 771187.064555574092083, 8980663.325392819941044 ], [ 771191.903728889883496, 8980663.527004240080714 ] ] ] } },
{ "type": "Feature", "properties": { "LAYER": "MSal Kwarter", "GM_TYPE": "Unknown Line Type", "ELEVATION": 0 }, "geometry": { "type": "MultiLineString", "coordinates": [ [ [ 771329.845309119438753, 8980391.325985116884112 ], [ 771334.405776120838709, 8980390.598303649574518 ] ] ] } },
{ "type": "Feature", "properties": { "LAYER": "MSal Kwarter", "GM_TYPE": "Unknown Line Type", "ELEVATION": 0 }, "geometry": { "type": "MultiLineString", "coordinates": [ [ [ 771430.860134720685892, 8980590.322232561185956 ], [ 771436.796308360877447, 8980597.854618888348341 ] ] ] } },
{ "type": "Feature", "properties": { "LAYER": "MSal Kwarter", "GM_TYPE": "Unknown Line Type", "ELEVATION": 0 }, "geometry": { "type": "MultiLineString", "coordinates": [ [ [ 771423.986923635355197, 8980586.215869741514325 ], [ 771412.972568753990345, 8980586.079839553683996 ] ] ] } },
{ "type": "Feature", "properties": { "LAYER": "MSal Kwarter", "GM_TYPE": "Unknown Line Type", "ELEVATION": 0 }, "geometry": { "type": "MultiLineString", "coordinates": [ [ [ 771686.869261501356959, 8980254.115230156108737 ], [ 771688.833788888528943, 8980260.246120266616344 ] ] ] } },
{ "type": "Feature", "properties": { "LAYER": "MSal Kwarter", "GM_TYPE": "Unknown Line Type", "ELEVATION": 0 }, "geometry": { "type": "MultiLineString", "coordinates": [ [ [ 771683.732083850656636, 8980251.6336749214679 ], [ 771677.054545605438761, 8980251.352076198905706 ] ] ] } },
{ "type": "Feature", "properties": { "LAYER": "MSal Kwarter", "GM_TYPE": "Unknown Line Type", "ELEVATION": 0 }, "geometry": { "type": "MultiLineString", "coordinates": [ [ [ 771894.680363684776239, 8980564.29270594380796 ], [ 771924.817100694752298, 8980523.084722552448511 ], [ 771935.625891750562005, 8980476.653184017166495 ], [ 771922.359014008077793, 8980410.384870259091258 ], [ 771909.935226480243728, 8980340.429414708167315 ], [ 771918.548404655535705, 8980273.357388017699122 ], [ 771923.275424834922887, 8980242.804207045584917 ], [ 771973.098601839621551, 8980130.811933133751154 ], [ 772009.525486426311545, 8980082.174569968134165 ] ] ] } },
{ "type": "Feature", "properties": { "LAYER": "MSal Kwarter", "GM_TYPE": "Unknown Line Type", "ELEVATION": 0 }, "geometry": { "type": "MultiLineString", "coordinates": [ [ [ 771540.237332087592222, 8981050.532339278608561 ], [ 771652.194059965549968, 8980894.78077420219779 ] ] ] } },
{ "type": "Feature", "properties": { "LAYER": "MSal Kwarter", "GM_TYPE": "Unknown Line Type", "ELEVATION": 0 }, "geometry": { "type": "MultiLineString", "coordinates": [ [ [ 771677.394652968621813, 8980873.428644072264433 ], [ 771863.950772576150484, 8980613.896160816773772 ] ] ] } },
{ "type": "Feature", "properties": { "LAYER": "MSal Kwarter", "GM_TYPE": "Unknown Line Type", "ELEVATION": 0 }, "geometry": { "type": "MultiLineString", "coordinates": [ [ [ 771908.845212340471335, 8980558.476291822269559 ], [ 771932.238508405862376, 8980526.489067874848843 ], [ 771943.810140328132547, 8980476.78057867102325 ], [ 771930.220495837857015, 8980408.900038698688149 ], [ 771918.025884054950438, 8980340.235018417239189 ], [ 771926.470110872411169, 8980274.478639652952552 ], [ 771931.018282940029167, 8980245.081446707248688 ], [ 771980.041787950787693, 8980134.886671278625727 ], [ 772015.928716536262073, 8980086.970260130241513 ] ] ] } },
{ "type": "Feature", "properties": { "LAYER": "MSal Kwarter", "GM_TYPE": "Unknown Line Type", "ELEVATION": 0 }, "geometry": { "type": "MultiLineString", "coordinates": [ [ [ 771753.140762695693411, 8980415.241011414676905 ], [ 771758.853335499647073, 8980416.486766619607806 ] ] ] } },
{ "type": "Feature", "properties": { "LAYER": "MSal Kwarter", "GM_TYPE": "Unknown Line Type", "ELEVATION": 0 }, "geometry": { "type": "MultiLineString", "coordinates": [ [ [ 772015.928716536262073, 8980086.970260130241513 ], [ 772017.519210264785215, 8980092.010162014514208 ] ] ] } },
{ "type": "Feature", "properties": { "LAYER": "MSal Kwarter", "GM_TYPE": "Unknown Line Type", "ELEVATION": 0 }, "geometry": { "type": "MultiLineString", "coordinates": [ [ [ 772009.525486426311545, 8980082.174569968134165 ], [ 772002.686700131976977, 8980082.206600608304143 ] ] ] } },
{ "type": "Feature", "properties": { "LAYER": "MSal Kwarter", "GM_TYPE": "Unknown Line Type", "ELEVATION": 0 }, "geometry": { "type": "MultiLineString", "coordinates": [ [ [ 772453.204654989647679, 8980506.570597996935248 ], [ 772473.85514333890751, 8980375.945399070158601 ], [ 772514.661994732683524, 8980158.475859956815839 ], [ 772537.895617358037271, 8980039.973569406196475 ] ] ] } },
{ "type": "Feature", "properties": { "LAYER": "MSal Kwarter", "GM_TYPE": "Unknown Line Type", "ELEVATION": 0 }, "geometry": { "type": "MultiLineString", "coordinates": [ [ [ 772459.515333221643232, 8980492.268571028485894 ], [ 772477.797114416724071, 8980376.626690559089184 ], [ 772518.590386668918654, 8980159.229517962783575 ], [ 772541.822877473896369, 8980040.733000222593546 ] ] ] } },
{ "type": "Feature", "properties": { "LAYER": "MSal Kwarter", "GM_TYPE": "Unknown Line Type", "ELEVATION": 0 }, "geometry": { "type": "MultiLineString", "coordinates": [ [ [ 772288.600598455872387, 8980875.042650366201997 ], [ 772086.366080650943331, 8980723.783268928527832 ] ] ] } },
{ "type": "Feature", "properties": { "LAYER": "MSal Kwarter", "GM_TYPE": "Unknown Line Type", "ELEVATION": 0 }, "geometry": { "type": "MultiLineString", "coordinates": [ [ [ 772387.250396190560423, 8980720.069074243307114 ], [ 772152.552343611954711, 8980506.668186130002141 ] ] ] } },
{ "type": "Feature", "properties": { "LAYER": "MSal Kwarter", "GM_TYPE": "Unknown Line Type", "ELEVATION": 0 }, "geometry": { "type": "MultiLineString", "coordinates": [ [ [ 772453.204654988949187, 8980506.570597996935248 ], [ 772161.849085279856808, 8980288.504009209573269 ] ] ] } },
{ "type": "Feature", "properties": { "LAYER": "MSal Kwarter", "GM_TYPE": "Unknown Line Type", "ELEVATION": 0 }, "geometry": { "type": "MultiLineString", "coordinates": [ [ [ 772296.361337715527043, 8980389.180402895435691 ], [ 772333.067971877753735, 8980015.176563814282417 ] ] ] } },
{ "type": "Feature", "properties": { "LAYER": "MSal Kwarter", "GM_TYPE": "Unknown Line Type", "ELEVATION": 0 }, "geometry": { "type": "MultiLineString", "coordinates": [ [ [ 772453.196306201745756, 8980506.623408468440175 ], [ 772707.466703111655079, 8980426.361381482332945 ] ] ] } },
{ "type": "Feature", "properties": { "LAYER": "MSal Kwarter", "GM_TYPE": "Unknown Line Type", "ELEVATION": 0 }, "geometry": { "type": "MultiLineString", "coordinates": [ [ [ 772499.624231292516924, 8980260.304727824404836 ], [ 772708.930216123815626, 8980154.370494026690722 ] ] ] } },
{ "type": "Feature", "properties": { "LAYER": "MSal Kwarter", "GM_TYPE": "Unknown Line Type", "ELEVATION": 17 }, "geometry": { "type": "MultiLineString", "coordinates": [ [ [ 772603.520866246311925, 8981096.859640914946795 ], [ 772724.496643616934307, 8981096.960200080648065 ] ] ] } },
{ "type": "Feature", "properties": { "LAYER": "MSal Kwarter", "GM_TYPE": "Unknown Line Type", "ELEVATION": 0 }, "geometry": { "type": "MultiLineString", "coordinates": [ [ [ 772271.935657128226012, 8981053.699374578893185 ], [ 772320.663636958226562, 8981045.991426268592477 ], [ 772390.228537365444936, 8981034.316153671592474 ], [ 772445.880443032248877, 8981033.204219313338399 ], [ 772498.426238900050521, 8981034.45766438357532 ], [ 772526.921184076927602, 8981040.182806441560388 ], [ 772571.59854730265215, 8981063.131900304928422 ], [ 772592.193881082464941, 8981083.278103493154049 ], [ 772603.520866246311925, 8981096.859640914946795 ] ] ] } },
{ "type": "Feature", "properties": { "LAYER": "MSal Kwarter", "GM_TYPE": "Unknown Line Type", "ELEVATION": 0 }, "geometry": { "type": "MultiLineString", "coordinates": [ [ [ 772271.310694856918417, 8981049.748498450964689 ], [ 772320.020105896401219, 8981042.043487412855029 ], [ 772389.855556910275482, 8981030.322807548567653 ], [ 772445.888189495890401, 8981029.203266203403473 ], [ 772462.543369374121539, 8981029.600564461201429 ] ] ] } },
{ "type": "Feature", "properties": { "LAYER": "MSal Kwarter", "GM_TYPE": "Unknown Line Type", "ELEVATION": 0 }, "geometry": { "type": "MultiLineString", "coordinates": [ [ [ 772288.600598455872387, 8980875.042650366201997 ], [ 772718.661900834646076, 8980888.549626786261797 ] ] ] } },
{ "type": "Feature", "properties": { "LAYER": "MSal Kwarter", "GM_TYPE": "Unknown Line Type", "ELEVATION": 0 }, "geometry": { "type": "MultiLineString", "coordinates": [ [ [ 772387.585598024656065, 8980719.553064275532961 ], [ 772714.245569169288501, 8980730.803133312612772 ] ] ] } },
{ "type": "Feature", "properties": { "LAYER": "MSal Kwarter", "GM_TYPE": "Unknown Line Type", "ELEVATION": 0 }, "geometry": { "type": "MultiLineString", "coordinates": [ [ [ 772161.849085279856808, 8980288.504009209573269 ], [ 772170.145106318057515, 8980286.813960900530219 ] ] ] } },
{ "type": "Feature", "properties": { "LAYER": "MSal Kwarter", "GM_TYPE": "Unknown Line Type", "ELEVATION": 0 }, "geometry": { "type": "MultiLineString", "coordinates": [ [ [ 772333.067971877753735, 8980015.176563814282417 ], [ 772324.441238981671631, 8980019.713081382215023 ] ] ] } },
{ "type": "Feature", "properties": { "LAYER": "MSal Kwarter", "GM_TYPE": "Unknown Line Type", "ELEVATION": 0 }, "geometry": { "type": "MultiLineString", "coordinates": [ [ [ 772541.822877473896369, 8980040.733000222593546 ], [ 772547.04596651380416, 8980047.573593875393271 ] ] ] } },
{ "type": "Feature", "properties": { "LAYER": "MSal Kwarter", "GM_TYPE": "Unknown Line Type", "ELEVATION": 0 }, "geometry": { "type": "MultiLineString", "coordinates": [ [ [ 772537.895617358037271, 8980039.973569406196475 ], [ 772532.440777875250205, 8980040.771766681224108 ] ] ] } },
{ "type": "Feature", "properties": { "LAYER": "MSal Kwarter", "GM_TYPE": "Unknown Line Type", "ELEVATION": 0 }, "geometry": { "type": "MultiLineString", "coordinates": [ [ [ 772708.930216123815626, 8980154.370494026690722 ], [ 772701.924167987657711, 8980151.303051486611366 ] ] ] } },
{ "type": "Feature", "properties": { "LAYER": "MSal Kwarter", "GM_TYPE": "Unknown Line Type", "ELEVATION": 0 }, "geometry": { "type": "MultiLineString", "coordinates": [ [ [ 772707.466703111655079, 8980426.361381482332945 ], [ 772701.591850417316891, 8980423.825846245512366 ] ] ] } },
{ "type": "Feature", "properties": { "LAYER": "MSal Kwarter", "GM_TYPE": "Unknown Line Type", "ELEVATION": 0 }, "geometry": { "type": "MultiLineString", "coordinates": [ [ [ 772714.245569169288501, 8980730.803133312612772 ], [ 772706.751458163722418, 8980716.480021199211478 ] ] ] } },
{ "type": "Feature", "properties": { "LAYER": "MSal Kwarter", "GM_TYPE": "Unknown Line Type", "ELEVATION": 0 }, "geometry": { "type": "MultiLineString", "coordinates": [ [ [ 772718.661900834646076, 8980888.549626786261797 ], [ 772711.890698039554991, 8980872.970817487686872 ] ] ] } },
{ "type": "Feature", "properties": { "LAYER": "MSal Kwarter", "GM_TYPE": "Unknown Line Type", "ELEVATION": 17 }, "geometry": { "type": "MultiLineString", "coordinates": [ [ [ 772724.496643616934307, 8981096.960200080648065 ], [ 772719.087923398357816, 8981088.01720717549324 ] ] ] } },
{ "type": "Feature", "properties": { "LAYER": "MSal Kwarter", "GM_TYPE": "Unknown Line Type", "ELEVATION": 0 }, "geometry": { "type": "MultiLineString", "coordinates": [ [ [ 772086.366080650943331, 8980723.783268928527832 ], [ 772088.547693248721771, 8980723.697197444736958 ] ] ] } },
{ "type": "Feature", "properties": { "LAYER": "MSal Kwarter", "GM_TYPE": "Unknown Line Type", "ELEVATION": 0 }, "geometry": { "type": "MultiLineString", "coordinates": [ [ [ 772152.552343611954711, 8980506.668186130002141 ], [ 772164.140815324964933, 8980499.845138872042298 ] ] ] } },
{ "type": "Feature", "properties": { "LAYER": "MSal Kwarter", "GM_TYPE": "Unknown Line Type", "ELEVATION": 0 }, "geometry": { "type": "MultiLineString", "coordinates": [ [ [ 772144.980805868515745, 8981301.89553851261735 ], [ 772143.195314884767868, 8981193.411904582753778 ] ] ] } },
{ "type": "Feature", "properties": { "LAYER": "MSal Kwarter", "GM_TYPE": "Unknown Line Type", "ELEVATION": 17 }, "geometry": { "type": "MultiLineString", "coordinates": [ [ [ 772439.969074213760905, 8981301.196846647188067 ], [ 772499.586442439467646, 8981129.343685135245323 ] ] ] } },
{ "type": "Feature", "properties": { "LAYER": "MSal Kwarter", "GM_TYPE": "Unknown Line Type", "ELEVATION": 0 }, "geometry": { "type": "MultiLineString", "coordinates": [ [ [ 772721.802849438856356, 8981287.77137634344399 ], [ 772712.400490386527963, 8981279.372532974928617 ] ] ] } },
{ "type": "Feature", "properties": { "LAYER": "MSal Kwarter", "GM_TYPE": "Unknown Line Type", "ELEVATION": 0 }, "geometry": { "type": "MultiLineString", "coordinates": [ [ [ 772410.309733453090303, 8981298.999966036528349 ], [ 772405.769221219816245, 8981293.858279470354319 ] ] ] } },
{ "type": "Feature", "properties": { "LAYER": "MSal Kwarter", "GM_TYPE": "Unknown Line Type", "ELEVATION": 17 }, "geometry": { "type": "MultiLineString", "coordinates": [ [ [ 772499.586442439467646, 8981129.343685135245323 ], [ 772504.145886397338472, 8981136.979061612859368 ] ] ] } },
{ "type": "Feature", "properties": { "LAYER": "MSal Kwarter", "GM_TYPE": "Unknown Line Type", "ELEVATION": 0 }, "geometry": { "type": "MultiLineString", "coordinates": [ [ [ 772652.136922311619855, 8981916.416419314220548 ], [ 772647.587093572248705, 8981909.882523523643613 ] ] ] } },
{ "type": "Feature", "properties": { "LAYER": "MSal Kwarter", "GM_TYPE": "Unknown Line Type", "ELEVATION": 0 }, "geometry": { "type": "MultiLineString", "coordinates": [ [ [ 772511.589402810321189, 8981507.35775070078671 ], [ 772507.93972316745203, 8981502.674481071531773 ] ] ] } },
{ "type": "Feature", "properties": { "LAYER": "MSal Kwarter", "GM_TYPE": "Unknown Line Type", "ELEVATION": 0 }, "geometry": { "type": "MultiLineString", "coordinates": [ [ [ 772163.264822405064479, 8981344.31289416924119 ], [ 772166.978084691334516, 8981347.936890071257949 ] ] ] } },
{ "type": "Feature", "properties": { "LAYER": "MSal Kwarter", "GM_TYPE": "Unknown Line Type", "ELEVATION": 0 }, "geometry": { "type": "MultiLineString", "coordinates": [ [ [ 772581.997775293770246, 8981712.346521278843284 ], [ 772603.756076709832996, 8981713.285096239298582 ] ] ] } },
{ "type": "Feature", "properties": { "LAYER": "MSal Kwarter", "GM_TYPE": "Unknown Line Type", "ELEVATION": 0 }, "geometry": { "type": "MultiLineString", "coordinates": [ [ [ 772566.654082195251249, 8981346.03840852715075 ], [ 772573.877898419043049, 8981351.477563319727778 ] ] ] } },
{ "type": "Feature", "properties": { "LAYER": "MSal Kwarter", "GM_TYPE": "Unknown Line Type", "ELEVATION": 0 }, "geometry": { "type": "MultiLineString", "coordinates": [ [ [ 772579.241380764986388, 8982636.905148304998875 ], [ 772576.120785487699322, 8982632.660134930163622 ] ] ] } },
{ "type": "Feature", "properties": { "LAYER": "MSal Kwarter", "GM_TYPE": "Unknown Line Type", "ELEVATION": 0 }, "geometry": { "type": "MultiLineString", "coordinates": [ [ [ 772402.329095044056885, 8982647.274058230221272 ], [ 772400.38191801274661, 8982643.335065154358745 ] ] ] } },
{ "type": "Feature", "properties": { "LAYER": "MSal Kwarter", "GM_TYPE": "Unknown Line Type", "ELEVATION": 0 }, "geometry": { "type": "MultiLineString", "coordinates": [ [ [ 772417.493371325428598, 8982189.582505609840155 ], [ 772433.811502970056608, 8982198.603091903030872 ] ] ] } },
{ "type": "Feature", "properties": { "LAYER": "MSal Kwarter", "GM_TYPE": "Unknown Line Type", "ELEVATION": 0 }, "geometry": { "type": "MultiLineString", "coordinates": [ [ [ 772621.744937970885076, 8982180.440264038741589 ], [ 772633.091150487074628, 8982188.047861477360129 ] ] ] } },
{ "type": "Feature", "properties": { "LAYER": "MSal Kwarter", "GM_TYPE": "Unknown Line Type", "ELEVATION": 0 }, "geometry": { "type": "MultiLineString", "coordinates": [ [ [ 772515.200589628075249, 8981713.058703370392323 ], [ 772510.739722245954908, 8981709.332286950200796 ] ] ] } },
{ "type": "Feature", "properties": { "LAYER": "MSal Kwarter", "GM_TYPE": "Unknown Line Type", "ELEVATION": 0 }, "geometry": { "type": "MultiLineString", "coordinates": [ [ [ 771892.987105358508416, 8980557.651638876646757 ], [ 771769.819317210349254, 8980333.149416407570243 ] ] ] } },
{ "type": "Feature", "properties": { "LAYER": "MSal Kwarter", "GM_TYPE": "Unknown Line Type", "ELEVATION": 0 }, "geometry": { "type": "MultiLineString", "coordinates": [ [ [ 771678.992324481485412, 8980615.119578184559941 ], [ 771683.51132061262615, 8980617.310684872791171 ] ] ] } },
{ "type": "Feature", "properties": { "LAYER": "MSal Kwarter", "GM_TYPE": "Unknown Line Type", "ELEVATION": 0 }, "geometry": { "type": "MultiLineString", "coordinates": [ [ [ 771769.819317210349254, 8980333.149416407570243 ], [ 771772.226405806373805, 8980333.347038291394711 ] ] ] } },
{ "type": "Feature", "properties": { "LAYER": "MSal Kwarter", "GM_TYPE": "Unknown Line Type", "ELEVATION": 24 }, "geometry": { "type": "MultiLineString", "coordinates": [ [ [ 771119.576067278394476, 8981420.329879652708769 ], [ 771114.724731508875266, 8981230.51577489823103 ] ] ] } },
{ "type": "Feature", "properties": { "LAYER": "MSal Kwarter", "GM_TYPE": "Unknown Line Type", "ELEVATION": 24 }, "geometry": { "type": "MultiLineString", "coordinates": [ [ [ 771123.849633966688998, 8981587.538103047758341 ], [ 771120.526152543723583, 8981457.503060949966311 ] ] ] } },
{ "type": "Feature", "properties": { "LAYER": "MSal Kwarter", "GM_TYPE": "Unknown Line Type", "ELEVATION": 24 }, "geometry": { "type": "MultiLineString", "coordinates": [ [ [ 771107.910121410968713, 8981433.553457779809833 ], [ 771101.687867806875147, 8981190.100612293928862 ] ] ] } },
{ "type": "Feature", "properties": { "LAYER": "MSal Kwarter", "GM_TYPE": "Unknown Line Type", "ELEVATION": 24 }, "geometry": { "type": "MultiLineString", "coordinates": [ [ [ 771101.687867806875147, 8981190.100612293928862 ], [ 771101.415466002654284, 8981179.442577673122287 ], [ 771098.438467686879449, 8981140.843095144256949 ], [ 771089.978936346829869, 8981079.73332872428 ], [ 771088.36666700837668, 8981058.600888472050428 ], [ 771076.034599700127728, 8981012.920621139928699 ], [ 771047.951116526499391, 8980915.089028721675277 ], [ 770987.496826799120754, 8980798.728773135691881 ], [ 770966.96793456049636, 8980777.642661150544882 ] ] ] } },
{ "type": "Feature", "properties": { "LAYER": "MSal Kwarter", "GM_TYPE": "Unknown Line Type", "ELEVATION": 24 }, "geometry": { "type": "MultiLineString", "coordinates": [ [ [ 771109.683112323051319, 8981189.812331793829799 ], [ 771109.407598062884063, 8981179.032518737018108 ], [ 771106.396139264339581, 8981139.986224800348282 ], [ 771097.937061901087873, 8981078.879737807437778 ], [ 771096.286253071855754, 8981057.242150269448757 ], [ 771095.963042920455337, 8981056.044919850304723 ] ] ] } },
{ "type": "Feature", "properties": { "LAYER": "MSal Kwarter", "GM_TYPE": "Unknown Line Type", "ELEVATION": 24 }, "geometry": { "type": "MultiLineString", "coordinates": [ [ [ 771083.320499614812434, 8981009.307472487911582 ], [ 771055.419524488621391, 8980912.111664911732078 ], [ 770994.051939227269031, 8980793.993530731648207 ], [ 770970.9425827965606, 8980770.256912507116795 ] ] ] } },
{ "type": "Feature", "properties": { "LAYER": "MSal Kwarter", "GM_TYPE": "Unknown Line Type", "ELEVATION": 0 }, "geometry": { "type": "MultiLineString", "coordinates": [ [ [ 771414.983104577171616, 8979603.861728318035603 ], [ 771416.916236025979742, 8979591.373142609372735 ], [ 771451.063901885645464, 8979509.31197807751596 ], [ 771472.339605143642984, 8979446.991100624203682 ], [ 771483.907095518661663, 8979431.758230224251747 ], [ 771500.547302499297075, 8979419.290467394515872 ], [ 771511.271417849697173, 8979417.623934049159288 ], [ 771541.661347967456095, 8979426.284607734531164 ], [ 771553.491579172550701, 8979425.578664656728506 ] ] ] } },
{ "type": "Feature", "properties": { "LAYER": "MSal Kwarter", "GM_TYPE": "Unknown Line Type", "ELEVATION": 24 }, "geometry": { "type": "MultiLineString", "coordinates": [ [ [ 770970.9425827965606, 8980770.256912507116795 ], [ 770980.527472611400299, 8980768.924458777531981 ] ] ] } },
{ "type": "Feature", "properties": { "LAYER": "MSal Kwarter", "GM_TYPE": "Unknown Line Type", "ELEVATION": 24 }, "geometry": { "type": "MultiLineString", "coordinates": [ [ [ 770966.96793456049636, 8980777.642661150544882 ], [ 770967.633345657843165, 8980782.388849513605237 ] ] ] } },
{ "type": "Feature", "properties": { "LAYER": "MSal Kwarter", "GM_TYPE": "Unknown Line Type", "ELEVATION": 0 }, "geometry": { "type": "MultiLineString", "coordinates": [ [ [ 771721.015826630056836, 8981825.560616308823228 ], [ 771710.981890512048267, 8981820.187064224854112 ], [ 771698.815597710199654, 8981813.843179520219564 ], [ 771691.15225280134473, 8981808.113369250670075 ], [ 771685.361055902554654, 8981801.292937461286783 ], [ 771680.213689359254204, 8981797.693337794393301 ], [ 771677.809968044282869, 8981796.889966955408454 ], [ 771675.494173902901821, 8981796.642475141212344 ], [ 771671.294758092262782, 8981796.605345264077187 ], [ 771666.660757323727012, 8981796.688030092045665 ], [ 771662.126603611279279, 8981797.041832437738776 ], [ 771656.116361473337747, 8981797.85894825309515 ], [ 771650.822158390190452, 8981798.322234937921166 ], [ 771648.993374125449918, 8981798.227080807089806 ], [ 771646.608968537650071, 8981797.781046375632286 ], [ 771643.622630990110338, 8981796.743569644168019 ], [ 771638.887886025942862, 8981793.637363407760859 ], [ 771632.856358848279342, 8981787.858118925243616 ], [ 771623.461003166856244, 8981777.948976162821054 ], [ 771620.158797484124079, 8981775.081728123128414 ], [ 771615.156898487592116, 8981772.134812144562602 ], [ 771610.953410075511783, 8981771.098493719473481 ], [ 771609.741866348311305, 8981770.968349728733301 ] ] ] } },
{ "type": "Feature", "properties": { "LAYER": "MSal Kwarter", "GM_TYPE": "Unknown Line Type", "ELEVATION": 0 }, "geometry": { "type": "MultiLineString", "coordinates": [ [ [ 771601.798475912073627, 8981775.250261915847659 ], [ 771601.487699631485157, 8981775.215246563777328 ], [ 771599.331226858310401, 8981775.259162304922938 ], [ 771598.199448789935559, 8981774.882291989400983 ], [ 771597.368618216714822, 8981771.831540614366531 ], [ 771594.382121110451408, 8981760.990724330767989 ], [ 771590.070055098854937, 8981750.441445993259549 ], [ 771585.692720274324529, 8981742.649931216612458 ], [ 771578.04421224235557, 8981727.86556912958622 ], [ 771572.663181606680155, 8981707.870705459266901 ], [ 771562.806418189429678, 8981682.064350808039308 ], [ 771552.187061441480182, 8981665.743395630270243 ], [ 771540.691431488608941, 8981652.442229516804218 ], [ 771532.182775056455284, 8981644.890438981354237 ], [ 771520.507133644772694, 8981637.957265187054873 ], [ 771506.168004287523217, 8981631.43083662353456 ], [ 771498.286566119058989, 8981626.056843336671591 ], [ 771489.608342704363167, 8981619.275466917082667 ], [ 771484.43136414559558, 8981615.176079370081425 ], [ 771481.058018310461193, 8981613.142047990113497 ], [ 771475.696740560932085, 8981610.182046908885241 ], [ 771470.075399551074952, 8981607.285068105906248 ] ] ] } },
{ "type": "Feature", "properties": { "LAYER": "MSal Kwarter", "GM_TYPE": "Unknown Line Type", "ELEVATION": 0 }, "geometry": { "type": "MultiLineString", "coordinates": [ [ [ 772095.711329549667425, 8982151.036612464115024 ], [ 772086.855935914441943, 8982145.663206277415156 ], [ 772081.382247568690218, 8982143.568982049822807 ], [ 772072.157335336902179, 8982140.327144363895059 ], [ 772060.688848263584077, 8982136.868416301906109 ], [ 772054.192165114567615, 8982135.014060573652387 ], [ 772043.848725304822437, 8982130.353497751057148 ], [ 772038.275924060842954, 8982128.391418984159827 ], [ 772031.332723667030223, 8982125.118500359356403 ], [ 772029.484213084564544, 8982123.642159251496196 ], [ 772026.635995249263942, 8982115.877541713416576 ], [ 772024.490410216967575, 8982106.250180322676897 ], [ 772022.973433555336669, 8982090.969366723671556 ], [ 772020.674795051920228, 8982070.805483121424913 ], [ 772018.037893245345913, 8982063.63715354539454 ], [ 772014.089831149787642, 8982058.118429411202669 ], [ 772001.168234084965661, 8982046.99921234510839 ], [ 771993.011103617725894, 8982039.28312973678112 ], [ 771988.361980708199553, 8982031.10167058557272 ], [ 771985.623950915643945, 8982024.226453479379416 ], [ 771983.315055350074545, 8982020.811599772423506 ], [ 771978.486922428943217, 8982015.544753979891539 ], [ 771968.668000519508496, 8982008.206798959523439 ], [ 771961.800075286068022, 8982004.012956589460373 ], [ 771954.73123054439202, 8982000.816866451874375 ], [ 771951.8152399569517, 8981998.635227043181658 ], [ 771949.539417737629265, 8981994.450424565002322 ], [ 771947.701976658659987, 8981988.427345838397741 ], [ 771945.00028233230114, 8981981.685633791610599 ], [ 771941.535051596933044, 8981976.300618432462215 ], [ 771937.688245696364902, 8981971.1364666800946 ], [ 771936.233614257536829, 8981968.930912213400006 ], [ 771934.727075016358867, 8981964.186787972226739 ], [ 771933.192775146802887, 8981959.680652067065239 ], [ 771932.717429505893961, 8981955.597356321290135 ], [ 771933.859729227377102, 8981950.064585050567985 ], [ 771939.7342869018903, 8981937.072113217785954 ], [ 771944.824502515257336, 8981921.573188908398151 ], [ 771945.570350886671804, 8981919.641324298456311 ] ] ] } },
{ "type": "Feature", "properties": { "LAYER": "MSal Kwarter", "GM_TYPE": "Unknown Line Type", "ELEVATION": 0 }, "geometry": { "type": "MultiLineString", "coordinates": [ [ [ 772132.680100054945797, 8981762.993945758789778 ], [ 771976.054511689697392, 8981846.524551765993237 ], [ 771976.027573945815675, 8981846.538896925747395 ], [ 771976.000618710648268, 8981846.553209193050861 ], [ 771975.97364602284506, 8981846.567488541826606 ], [ 771975.946655923733488, 8981846.581734951585531 ], [ 771975.919648453011177, 8981846.595948403701186 ], [ 771975.89262365095783, 8981846.610128873959184 ], [ 771975.865581557969563, 8981846.624276343733072 ], [ 771975.838522214791737, 8981846.638390792533755 ], [ 771975.811445660656318, 8981846.652472194284201 ], [ 771975.784351936890744, 8981846.666520532220602 ], [ 771975.75724108342547, 8981846.680535783991218 ], [ 771975.730113140889443, 8981846.694517930969596 ], [ 771975.702968149445951, 8981846.70846694894135 ], [ 771975.675806149607524, 8981846.722382819280028 ], [ 771975.648627181886695, 8981846.736265521496534 ], [ 771975.621431287261657, 8981846.750115033239126 ], [ 771975.594218505546451, 8981846.763931334018707 ], [ 771975.566988877486438, 8981846.777714405208826 ], [ 771975.53974244359415, 8981846.791464224457741 ], [ 771975.512479244847782, 8981846.805180771276355 ], [ 771975.48519932187628, 8981846.818864027038217 ], [ 771975.4579027146101, 8981846.832513969391584 ], [ 771975.430589464376681, 8981846.846130577847362 ], [ 771975.4032596120378, 8981846.859713833779097 ], [ 771975.375913197523914, 8981846.873263714835048 ], [ 771975.348550263093784, 8981846.886780206114054 ], [ 771975.321170847979374, 8981846.900263279676437 ], [ 771975.293774993391708, 8981846.913712920621037 ], [ 771975.266362739610486, 8981846.927129104733467 ], [ 771975.238934129476547, 8981846.94051181897521 ], [ 771975.211489201523364, 8981846.953861037269235 ], [ 771975.184027998009697, 8981846.967176740989089 ], [ 771975.156550560262986, 8981846.980458913370967 ], [ 771975.129056927748024, 8981846.993707530200481 ], [ 771975.101547142374329, 8981847.006922574713826 ], [ 771975.074021244538017, 8981847.020104024559259 ], [ 771975.046479276032187, 8981847.033251862972975 ], [ 771975.018921278067864, 8981847.046366069465876 ], [ 771974.991347290226258, 8981847.05944662168622 ], [ 771974.963757355697453, 8981847.072493506595492 ], [ 771974.936151513713412, 8981847.08550669811666 ], [ 771974.908529806532897, 8981847.098486181348562 ], [ 771974.880892274202779, 8981847.111431932076812 ], [ 771974.853238959563896, 8981847.124343937262893 ], [ 771974.825569902779534, 8981847.137222174555063 ], [ 771974.797885145060718, 8981847.150066623464227 ], [ 771974.770184727618471, 8981847.162877265363932 ], [ 771974.742468692245893, 8981847.175654083490372 ], [ 771974.714737080037594, 8981847.188397055491805 ], [ 771974.686989932321012, 8981847.201106166467071 ], [ 771974.659227289957926, 8981847.213781392201781 ], [ 771974.631449195090681, 8981847.226422717794776 ], [ 771974.603655688581057, 8981847.239030122756958 ], [ 771974.575846811989322, 8981847.251603590324521 ], [ 771974.548022607224993, 8981847.264143100008368 ], [ 771974.520183114684187, 8981847.276648631319404 ], [ 771974.492328377324156, 8981847.28912017121911 ], [ 771974.464458434958942, 8981847.301557695493102 ], [ 771974.436573329963721, 8981847.313961185514927 ], [ 771974.408673104713671, 8981847.326330628246069 ], [ 771974.380757799721323, 8981847.338666001334786 ], [ 771974.352827456779778, 8981847.350967286154628 ], [ 771974.324882117914967, 8981847.363234467804432 ], [ 771974.296921823988669, 8981847.375467522069812 ], [ 771974.268946617259644, 8981847.387666435912251 ], [ 771974.240956539171748, 8981847.399831188842654 ], [ 771974.212951631983742, 8981847.411961764097214 ], [ 771974.18493193667382, 8981847.424058141186833 ], [ 771974.156897495267913, 8981847.436120303347707 ], [ 771974.128848350141197, 8981847.448148235678673 ], [ 771974.100784542039037, 8981847.460141913965344 ], [ 771974.072706113802269, 8981847.472101327031851 ], [ 771974.044613106409088, 8981847.48402645252645 ], [ 771974.016505562001839, 8981847.495917273685336 ], [ 771973.988383522955701, 8981847.507773773744702 ], [ 771973.960247030714527, 8981847.519595934078097 ], [ 771973.932096127304249, 8981847.531383737921715 ], [ 771973.903930854634382, 8981847.543137166649103 ], [ 771973.875751254730858, 8981847.554856203496456 ], [ 771973.847557369037531, 8981847.566540829837322 ], [ 771973.819349240744486, 8981847.57819103077054 ], [ 771973.791126911179163, 8981847.589806787669659 ], [ 771973.762890422018245, 8981847.601388080045581 ], [ 771973.734639816218987, 8981847.612934896722436 ], [ 771973.70637513580732, 8981847.624447217211127 ], [ 771973.678096421645023, 8981847.635925021022558 ], [ 771973.649803717620671, 8981847.647368298843503 ], [ 771973.621497064479627, 8981847.658777026459575 ], [ 771973.593176504946314, 8981847.670151188969612 ], [ 771973.564842082210816, 8981847.681490773335099 ], [ 771973.536493836320005, 8981847.692795755341649 ], [ 771973.508131811511703, 8981847.704066125676036 ], [ 771973.479756049462594, 8981847.715301861986518 ], [ 771973.451366591616534, 8981847.726502951234579 ], [ 771973.422963481629267, 8981847.737669374793768 ], [ 771973.394546760478988, 8981847.748801114037633 ], [ 771973.366116471705027, 8981847.759898155927658 ], [ 771973.33767265744973, 8981847.770960485562682 ], [ 771973.309215359156951, 8981847.781988080590963 ], [ 771973.280744620133191, 8981847.792980927973986 ], [ 771973.252260482870042, 8981847.803939010947943 ], [ 771973.22376298927702, 8981847.814862314611673 ], [ 771973.195252182078548, 8981847.825750820338726 ], [ 771973.166728103533387, 8981847.836604511365294 ], [ 771973.138190796482377, 8981847.847423374652863 ], [ 771973.109640303533524, 8981847.858207391574979 ], [ 771973.081076667062007, 8981847.868956547230482 ], [ 771973.052499929675832, 8981847.879670824855566 ], [ 771973.023910133400932, 8981847.890350207686424 ], [ 771972.995307322009467, 8981847.900994684547186 ], [ 771972.966691536945291, 8981847.911604233086109 ], [ 771972.93806282186415, 8981847.922178840264678 ], [ 771972.909421218791977, 8981847.932718493044376 ], [ 771972.880766770220362, 8981847.943223170936108 ], [ 771972.852099519572221, 8981847.953692860901356 ], [ 771972.823419509222731, 8981847.96412754803896 ], [ 771972.794726781896316, 8981847.974527215585113 ], [ 771972.766021379968151, 8981847.984891844913363 ], [ 771972.737303346977569, 8981847.995221426710486 ], [ 771972.7085727249505, 8981848.00551594235003 ], [ 771972.679829557193443, 8981848.015775376930833 ], [ 771972.651073886896484, 8981848.025999715551734 ], [ 771972.622305756318383, 8981848.036188941448927 ], [ 771972.593525207950734, 8981848.046343039721251 ], [ 771972.564732285914943, 8981848.056461999192834 ], [ 771972.535927031538449, 8981848.066545797511935 ], [ 771972.507109489408322, 8981848.076594425365329 ], [ 771972.478279701317661, 8981848.086607867851853 ], [ 771972.449437710572965, 8981848.096586106345057 ], [ 771972.420583560597152, 8981848.106529127806425 ], [ 771972.39171729341615, 8981848.11643691919744 ], [ 771972.362838952802122, 8981848.126309461891651 ], [ 771972.33394858147949, 8981848.136146744713187 ], [ 771972.305046223104, 8981848.145948752760887 ], [ 771972.276131919817999, 8981848.155715469270945 ], [ 771972.247205715160817, 8981848.165446879342198 ], [ 771972.218267652089708, 8981848.175142971798778 ], [ 771972.189317774842493, 8981848.184803729876876 ], [ 771972.160356124746613, 8981848.194429140537977 ], [ 771972.13138274603989, 8981848.204019187018275 ], [ 771972.1023976810975, 8981848.213573856279254 ], [ 771972.073400974506512, 8981848.223093135282397 ], [ 771972.044392668176442, 8981848.232577007263899 ], [ 771972.015372805879451, 8981848.242025461047888 ], [ 771971.9863414313877, 8981848.251438483595848 ], [ 771971.957298586843535, 8981848.260816054418683 ], [ 771971.928244316484779, 8981848.270158166065812 ], [ 771971.899178662220947, 8981848.279464799910784 ], [ 771971.870101669221185, 8981848.288735946640372 ], [ 771971.841013380209915, 8981848.297971589490771 ], [ 771971.811913837096654, 8981848.30717171356082 ], [ 771971.782803085865453, 8981848.316336311399937 ], [ 771971.753681167610921, 8981848.325465360656381 ], [ 771971.724548126803711, 8981848.334558853879571 ], [ 771971.695404005935416, 8981848.343616772443056 ], [ 771971.666248850058764, 8981848.352639108896255 ], [ 771971.637082701316103, 8981848.361625846475363 ], [ 771971.607905603596009, 8981848.370576972141862 ], [ 771971.578717600787058, 8981848.379492472857237 ], [ 771971.549518735380843, 8981848.388372335582972 ], [ 771971.520309051615186, 8981848.397216545417905 ], [ 771971.491088592913002, 8981848.406025091186166 ], [ 771971.461857402813621, 8981848.414797957986593 ], [ 771971.432615524739958, 8981848.423535134643316 ], [ 771971.403363002114929, 8981848.432236606255174 ], [ 771971.374099879059941, 8981848.440902359783649 ], [ 771971.344826199114323, 8981848.449532385915518 ], [ 771971.315542005700991, 8981848.458126667886972 ], [ 771971.286247342010029, 8981848.466685194522142 ], [ 771971.256942252395675, 8981848.475207950919867 ], [ 771971.227626780280843, 8981848.483694927766919 ], [ 771971.198300969670527, 8981848.492146112024784 ], [ 771971.168964863289148, 8981848.500561486929655 ], [ 771971.13961850607302, 8981848.508941045030951 ], [ 771971.110261941095814, 8981848.517284771427512 ], [ 771971.08089521212969, 8981848.525592654943466 ], [ 771971.051518362946808, 8981848.533864680677652 ], [ 771971.022131437901407, 8981848.542100839316845 ], [ 771970.99273447948508, 8981848.550301114097238 ], [ 771970.963327533216216, 8981848.558465499430895 ], [ 771919.208654657239094, 8981862.893330108374357 ], [ 771906.637835850124247, 8981870.842594541609287 ], [ 771899.418790671508759, 8981884.847464902326465 ], [ 771882.90869637997821, 8981898.862302847206593 ], [ 771857.707500438205898, 8981908.431143533438444 ], [ 771837.513894314179197, 8981911.04799646884203 ], [ 771813.457883053109981, 8981911.882508151233196 ], [ 771805.445217050728388, 8981914.260438714176416 ] ] ] } },
{ "type": "Feature", "properties": { "LAYER": "MSal Kwarter", "GM_TYPE": "Unknown Line Type", "ELEVATION": 0 }, "geometry": { "type": "MultiLineString", "coordinates": [ [ [ 771423.91075537703, 8981596.229613019153476 ], [ 771419.777163132443093, 8981596.412726020440459 ], [ 771402.186173686175607, 8981597.996897673234344 ], [ 771382.772971342899837, 8981602.838522292673588 ], [ 771371.912365525146015, 8981606.437056725844741 ], [ 771363.691500213462859, 8981607.166225908324122 ], [ 771352.80186974699609, 8981607.166225908324122 ], [ 771332.348617486772127, 8981607.122424630448222 ], [ 771326.866330405813642, 8981607.219088861718774 ], [ 771319.927900146343745, 8981608.572578873485327 ], [ 771309.61392521543894, 8981613.000037228688598 ], [ 771307.301591543713585, 8981613.817095123231411 ], [ 771301.788300860323943, 8981614.30434618704021 ], [ 771294.308297039940953, 8981614.169069677591324 ], [ 771285.227246680646203, 8981613.876043707132339 ], [ 771279.724840240669437, 8981613.19319399446249 ], [ 771268.3654282419011, 8981610.535433180630207 ], [ 771256.933198089944199, 8981608.241207707673311 ], [ 771248.403579411562532, 8981607.240493493154645 ], [ 771223.254490782623179, 8981604.358079433441162 ], [ 771207.421398250153288, 8981601.575153032317758 ], [ 771186.094034974579699, 8981595.912998462095857 ], [ 771176.189520146348514, 8981594.771532582119107 ], [ 771160.010513901012018, 8981594.161634124815464 ], [ 771133.93091408687178, 8981593.634778771549463 ], [ 771120.022028901381418, 8981594.334361964836717 ] ] ] } },
{ "type": "Feature", "properties": { "LAYER": "MSal Kwarter", "GM_TYPE": "Unknown Line Type", "ELEVATION": 0 }, "geometry": { "type": "MultiLineString", "coordinates": [ [ [ 771112.027913984144107, 8981594.666839329525828 ], [ 771087.768492758274078, 8981594.948721723631024 ], [ 771070.039929408347234, 8981592.937411300837994 ], [ 771054.141787946806289, 8981589.299692276865244 ], [ 771028.425179479643703, 8981583.380395973101258 ], [ 771012.673993626493029, 8981582.703154960647225 ], [ 770997.333845479995944, 8981583.571680992841721 ], [ 770987.471473257755861, 8981586.292398786172271 ], [ 770984.659087397390977, 8981588.649827063083649 ], [ 770981.553816444124095, 8981592.992830600589514 ], [ 770977.157278442871757, 8981602.220191709697247 ], [ 770967.789316498092376, 8981632.625527925789356 ], [ 770962.39183123188559, 8981644.656800370663404 ], [ 770958.322993243345991, 8981651.4072335511446 ], [ 770939.574682571692392, 8981665.589556995779276 ], [ 770913.736625005723909, 8981678.844041174277663 ], [ 770882.965586496866308, 8981694.422816509380937 ], [ 770871.137199206277728, 8981700.903745923191309 ], [ 770869.669887762283906, 8981701.227492505684495 ] ] ] } },
{ "type": "Feature", "properties": { "LAYER": "MSal Kwarter", "GM_TYPE": "Unknown Line Type", "ELEVATION": 0 }, "geometry": { "type": "MultiLineString", "coordinates": [ [ [ 772139.989803635748103, 8981310.505946151912212 ], [ 772062.246745476382785, 8981308.107917912304401 ], [ 772046.712933310074732, 8981305.933848155662417 ] ] ] } },
{ "type": "Feature", "properties": { "LAYER": "MSal Kwarter", "GM_TYPE": "Unknown Line Type", "ELEVATION": 0 }, "geometry": { "type": "MultiLineString", "coordinates": [ [ [ 772011.851094912388362, 8981301.054680850356817 ], [ 772001.334507273160852, 8981299.582808079198003 ], [ 771931.049850090639666, 8981283.835059015080333 ], [ 771797.770725154085085, 8981258.841721192002296 ], [ 771795.452957325149328, 8981258.615208931267262 ] ] ] } },
{ "type": "Feature", "properties": { "LAYER": "MSal Kwarter", "GM_TYPE": "Unknown Line Type", "ELEVATION": 0 }, "geometry": { "type": "MultiLineString", "coordinates": [ [ [ 771759.087574534467421, 8981255.061270121484995 ], [ 771720.348064666846767, 8981251.275311140343547 ], [ 771669.282007951871492, 8981242.382348442450166 ], [ 771606.769860180909745, 8981197.496447561308742 ], [ 771551.012541896663606, 8981140.767187992110848 ] ] ] } },
{ "type": "Feature", "properties": { "LAYER": "MSal Kwarter", "GM_TYPE": "Unknown Line Type", "ELEVATION": 0 }, "geometry": { "type": "MultiLineString", "coordinates": [ [ [ 771672.604205184499733, 8980873.239831395447254 ], [ 771902.914950266247615, 8980882.317393781617284 ] ] ] } },
{ "type": "Feature", "properties": { "LAYER": "MSal Kwarter", "GM_TYPE": "Unknown Line Type", "ELEVATION": 0 }, "geometry": { "type": "MultiLineString", "coordinates": [ [ [ 771672.604205184499733, 8980873.239831395447254 ], [ 771604.917039992637001, 8980740.212094929069281 ] ] ] } },
{ "type": "Feature", "properties": { "LAYER": "MSal Kwarter", "GM_TYPE": "Unknown Line Type", "ELEVATION": 0 }, "geometry": { "type": "MultiLineString", "coordinates": [ [ [ 771758.454114057356492, 8981259.018419276922941 ], [ 771812.351867577759549, 8980922.325827687978745 ] ] ] } },
{ "type": "Feature", "properties": { "LAYER": "MSal Kwarter", "GM_TYPE": "Unknown Line Type", "ELEVATION": 0 }, "geometry": { "type": "MultiLineString", "coordinates": [ [ [ 771551.012541896663606, 8981140.767187992110848 ], [ 771558.607958757551387, 8981138.633590023964643 ] ] ] } },
{ "type": "Feature", "properties": { "LAYER": "MSal Kwarter", "GM_TYPE": "Unknown Line Type", "ELEVATION": 0 }, "geometry": { "type": "MultiLineString", "coordinates": [ [ [ 771795.452957325149328, 8981258.615208931267262 ], [ 771803.174120870884508, 8981251.454884234815836 ] ] ] } },
{ "type": "Feature", "properties": { "LAYER": "MSal Kwarter", "GM_TYPE": "Unknown Line Type", "ELEVATION": 0 }, "geometry": { "type": "MultiLineString", "coordinates": [ [ [ 771812.351867577759549, 8980922.325827687978745 ], [ 771805.798212986672297, 8980925.108197804540396 ] ] ] } },
{ "type": "Feature", "properties": { "LAYER": "MSal Kwarter", "GM_TYPE": "Unknown Line Type", "ELEVATION": 0 }, "geometry": { "type": "MultiLineString", "coordinates": [ [ [ 771902.914950266247615, 8980882.317393781617284 ], [ 771898.712710441788658, 8980878.279175629839301 ] ] ] } },
{ "type": "Feature", "properties": { "LAYER": "MSal Kwarter", "GM_TYPE": "Unknown Line Type", "ELEVATION": 0 }, "geometry": { "type": "MultiLineString", "coordinates": [ [ [ 771604.917039992637001, 8980740.212094929069281 ], [ 771607.930218845140189, 8980740.933973241597414 ] ] ] } },
{ "type": "Feature", "properties": { "LAYER": "MSal Kwarter", "GM_TYPE": "Unknown Line Type", "ELEVATION": 0 }, "geometry": { "type": "MultiLineString", "coordinates": [ [ [ 771520.031589419813827, 8981083.321326918900013 ], [ 771430.98299265827518, 8980962.802346849814057 ] ] ] } },
{ "type": "Feature", "properties": { "LAYER": "MSal Kwarter", "GM_TYPE": "Unknown Line Type", "ELEVATION": 0 }, "geometry": { "type": "MultiLineString", "coordinates": [ [ [ 771430.98299265827518, 8980962.802346849814057 ], [ 771436.743572919396684, 8980963.584091171622276 ] ] ] } },
{ "type": "Feature", "properties": { "LAYER": "MSal Kwarter", "GM_TYPE": "Unknown Line Type", "ELEVATION": 24 }, "geometry": { "type": "MultiLineString", "coordinates": [ [ [ 771094.693330986425281, 8981021.858752079308033 ], [ 771216.458538226550445, 8980910.417971752583981 ] ] ] } },
{ "type": "Feature", "properties": { "LAYER": "MSal Kwarter", "GM_TYPE": "Unknown Line Type", "ELEVATION": 24 }, "geometry": { "type": "MultiLineString", "coordinates": [ [ [ 771107.874014749075286, 8981432.14074301533401 ], [ 770831.211577398120426, 8981389.175308024510741 ] ] ] } },
{ "type": "Feature", "properties": { "LAYER": "MSal Kwarter", "GM_TYPE": "Unknown Line Type", "ELEVATION": 24 }, "geometry": { "type": "MultiLineString", "coordinates": [ [ [ 770831.211577398120426, 8981389.175308024510741 ], [ 770842.376777280587703, 8981382.296092860400677 ] ] ] } },
{ "type": "Feature", "properties": { "LAYER": "MSal Kwarter", "GM_TYPE": "Unknown Line Type", "ELEVATION": 24 }, "geometry": { "type": "MultiLineString", "coordinates": [ [ [ 771109.686099320300855, 8981189.929201500490308 ], [ 771525.625430650892667, 8981189.260282704606652 ] ] ] } },
{ "type": "Feature", "properties": { "LAYER": "MSal Kwarter", "GM_TYPE": "Unknown Line Type", "ELEVATION": 24 }, "geometry": { "type": "MultiLineString", "coordinates": [ [ [ 771092.118758455850184, 8981041.804976323619485 ], [ 771093.832445529289544, 8981042.571569001302123 ] ] ] } },
{ "type": "Feature", "properties": { "LAYER": "MSal Kwarter", "GM_TYPE": "Unknown Line Type", "ELEVATION": 24 }, "geometry": { "type": "MultiLineString", "coordinates": [ [ [ 771525.625430650892667, 8981189.260282704606652 ], [ 771517.71717300999444, 8981180.322986906394362 ] ] ] } },
{ "type": "Feature", "properties": { "LAYER": "MSal Kwarter", "GM_TYPE": "Unknown Line Type", "ELEVATION": 0 }, "geometry": { "type": "MultiLineString", "coordinates": [ [ [ 770869.669887762283906, 8981701.227492505684495 ], [ 770873.014676207094453, 8981695.401820855215192 ] ] ] } },
{ "type": "Feature", "properties": { "LAYER": "MSal Kwarter", "GM_TYPE": "Unknown Line Type", "ELEVATION": 0 }, "geometry": { "type": "MultiLineString", "coordinates": [ [ [ 772143.212879519211128, 8981192.965917820110917 ], [ 772150.280973112676293, 8981118.933118067681789 ] ] ] } },
{ "type": "Feature", "properties": { "LAYER": "MSal Kwarter", "GM_TYPE": "Unknown Line Type", "ELEVATION": 0 }, "geometry": { "type": "MultiLineString", "coordinates": [ [ [ 772152.18555625458248, 8981071.958797242492437 ], [ 771970.408796842792071, 8980874.268542025238276 ] ] ] } },
{ "type": "Feature", "properties": { "LAYER": "MSal Kwarter", "GM_TYPE": "Unknown Line Type", "ELEVATION": 0 }, "geometry": { "type": "MultiLineString", "coordinates": [ [ [ 772158.163248837343417, 8981078.459801970049739 ], [ 772271.935657128226012, 8981053.699374578893185 ] ] ] } },
{ "type": "Feature", "properties": { "LAYER": "MSal Kwarter", "GM_TYPE": "Unknown Line Type", "ELEVATION": 0 }, "geometry": { "type": "MultiLineString", "coordinates": [ [ [ 772175.964822996174917, 8981070.491992918774486 ], [ 772271.085043196333572, 8981049.790863871574402 ] ] ] } },
{ "type": "Feature", "properties": { "LAYER": "MSal Kwarter", "GM_TYPE": "Unknown Line Type", "ELEVATION": 0 }, "geometry": { "type": "MultiLineString", "coordinates": [ [ [ 772462.543369374121539, 8981029.600564461201429 ], [ 772456.173675600788556, 8981024.382859420031309 ] ] ] } },
{ "type": "Feature", "properties": { "LAYER": "MSal Kwarter", "GM_TYPE": "Unknown Line Type", "ELEVATION": 0 }, "geometry": { "type": "MultiLineString", "coordinates": [ [ [ 771970.408796842792071, 8980874.268542025238276 ], [ 771978.709626681637019, 8980874.522128647193313 ] ] ] } },
{ "type": "Feature", "properties": { "LAYER": "MSal Kwarter", "GM_TYPE": "Unknown Line Type", "ELEVATION": 0 }, "geometry": { "type": "MultiLineString", "coordinates": [ [ [ 772150.280973112676293, 8981118.933118067681789 ], [ 772141.215850355685689, 8981123.994405515491962 ] ] ] } },
{ "type": "Feature", "properties": { "LAYER": "MSal Kwarter", "GM_TYPE": "Unknown Line Type", "ELEVATION": 0 }, "geometry": { "type": "MultiLineString", "coordinates": [ [ [ 772046.712933310074732, 8981305.933848155662417 ], [ 772059.326395081239752, 8981298.726001713424921 ] ] ] } },
{ "type": "Feature", "properties": { "LAYER": "MSal Kwarter", "GM_TYPE": "Unknown Line Type", "ELEVATION": 0 }, "geometry": { "type": "MultiLineString", "coordinates": [ [ [ 772132.680100054945797, 8981762.993945758789778 ], [ 772122.90159011434298, 8981760.638234689831734 ] ] ] } },
{ "type": "Feature", "properties": { "LAYER": "MSal Kwarter", "GM_TYPE": "Unknown Line Type", "ELEVATION": 0 }, "geometry": { "type": "MultiLineString", "coordinates": [ [ [ 771755.415131890913472, 8981748.040212519466877 ], [ 772116.659533532569185, 8981623.51427592150867 ] ] ] } },
{ "type": "Feature", "properties": { "LAYER": "MSal Kwarter", "GM_TYPE": "Unknown Line Type", "ELEVATION": 0 }, "geometry": { "type": "MultiLineString", "coordinates": [ [ [ 772116.659533532569185, 8981623.51427592150867 ], [ 772104.534997552051209, 8981616.957013387233019 ] ] ] } },
{ "type": "Feature", "properties": { "LAYER": "MSal Kwarter", "GM_TYPE": "Unknown Line Type", "ELEVATION": 0 }, "geometry": { "type": "MultiLineString", "coordinates": [ [ [ 771746.803011873504147, 8981551.982731187716126 ], [ 772093.230056918459013, 8981436.393686663359404 ] ] ] } },
{ "type": "Feature", "properties": { "LAYER": "MSal Kwarter", "GM_TYPE": "Unknown Line Type", "ELEVATION": 0 }, "geometry": { "type": "MultiLineString", "coordinates": [ [ [ 772093.230056918459013, 8981436.393686663359404 ], [ 772083.015968981664628, 8981431.359209137037396 ] ] ] } },
{ "type": "Feature", "properties": { "LAYER": "MSal Kwarter", "GM_TYPE": "Unknown Line Type", "ELEVATION": 0 }, "geometry": { "type": "MultiLineString", "coordinates": [ [ [ 771746.803011873504147, 8981551.982731187716126 ], [ 771752.994680813048035, 8981534.788753906264901 ], [ 771753.747709202580154, 8981509.812753967940807 ], [ 771754.631568395299837, 8981486.415965609252453 ], [ 771756.805815101251937, 8981326.991141863167286 ] ] ] } },
{ "type": "Feature", "properties": { "LAYER": "MSal Kwarter", "GM_TYPE": "Unknown Line Type", "ELEVATION": 0 }, "geometry": { "type": "MultiLineString", "coordinates": [ [ [ 771756.805815101251937, 8981326.991141863167286 ], [ 771764.92470408405643, 8981331.740647235885262 ] ] ] } },
{ "type": "Feature", "properties": { "LAYER": "MSal Kwarter", "GM_TYPE": "Unknown Line Type", "ELEVATION": 0 }, "geometry": { "type": "MultiLineString", "coordinates": [ [ [ 771602.135534749482758, 8981703.049242442473769 ], [ 771618.111347372294404, 8981664.222808323800564 ], [ 771634.516174180898815, 8981621.870520936325192 ], [ 771648.628603440243751, 8981589.335767285898328 ], [ 771664.681799559853971, 8981566.746631758287549 ], [ 771673.561179915792309, 8981529.217387786135077 ], [ 771672.195152408676222, 8981491.005771035328507 ], [ 771649.699730253778398, 8981463.756645020097494 ], [ 771627.385968685033731, 8981426.604023363441229 ], [ 771623.328931121854112, 8981381.345360942184925 ], [ 771619.323786112596281, 8981349.069122580811381 ], [ 771622.009372370666824, 8981299.346621561795473 ] ] ] } },
{ "type": "Feature", "properties": { "LAYER": "MSal Kwarter", "GM_TYPE": "Unknown Line Type", "ELEVATION": 0 }, "geometry": { "type": "MultiLineString", "coordinates": [ [ [ 771622.009372370666824, 8981299.346621561795473 ], [ 771625.604764098767191, 8981302.959196820855141 ] ] ] } },
{ "type": "Feature", "properties": { "LAYER": "MSal Kwarter", "GM_TYPE": "Unknown Line Type", "ELEVATION": 0 }, "geometry": { "type": "MultiLineString", "coordinates": [ [ [ 771622.009372370666824, 8981299.346621561795473 ], [ 771617.286270422744565, 8981301.499294122681022 ] ] ] } },
{ "type": "Feature", "properties": { "LAYER": "MSal Kwarter", "GM_TYPE": "Unknown Line Type", "ELEVATION": 0 }, "geometry": { "type": "MultiLineString", "coordinates": [ [ [ 771527.58794652344659, 8981642.161959778517485 ], [ 771524.874537055497058, 8981610.230865495279431 ], [ 771526.303854421828873, 8981532.191372463479638 ], [ 771530.604669717373326, 8981474.187892649322748 ] ] ] } },
{ "type": "Feature", "properties": { "LAYER": "MSal Kwarter", "GM_TYPE": "Unknown Line Type", "ELEVATION": 0 }, "geometry": { "type": "MultiLineString", "coordinates": [ [ [ 771530.604669717373326, 8981474.187892649322748 ], [ 771540.665118738543242, 8981481.507914140820503 ] ] ] } },
{ "type": "Feature", "properties": { "LAYER": "MSal Kwarter", "GM_TYPE": "Unknown Line Type", "ELEVATION": 0 }, "geometry": { "type": "MultiLineString", "coordinates": [ [ [ 771530.604669717373326, 8981474.187892649322748 ], [ 771522.234283487428911, 8981479.550096221268177 ] ] ] } },
{ "type": "Feature", "properties": { "LAYER": "MSal Kwarter", "GM_TYPE": "Unknown Line Type", "ELEVATION": 0 }, "geometry": { "type": "MultiLineString", "coordinates": [ [ [ 771117.639374719234183, 8981820.006470520049334 ], [ 771115.545008405810222, 8981817.655117427930236 ], [ 771115.39757638273295, 8981814.955043356865644 ], [ 771116.626103280694224, 8981812.009502803906798 ], [ 771117.52890209609177, 8981809.899340936914086 ] ] ] } },
{ "type": "Feature", "properties": { "LAYER": "MSal Kwarter", "GM_TYPE": "Unknown Line Type", "ELEVATION": 24 }, "geometry": { "type": "MultiLineString", "coordinates": [ [ [ 771125.232052933890373, 8981819.710431922227144 ], [ 771128.180002414970659, 8981816.898209977895021 ], [ 771129.15115543815773, 8981814.264829838648438 ], [ 771128.665578926447779, 8981812.39373692125082 ], [ 771127.070102775003761, 8981809.82966429181397 ], [ 771125.478593399049714, 8981807.828738449141383 ] ] ] } },
{ "type": "Feature", "properties": { "LAYER": "MSal Kwarter", "GM_TYPE": "Unknown Line Type", "ELEVATION": 0 }, "geometry": { "type": "MultiLineString", "coordinates": [ [ [ 771423.91075537703, 8981596.229613019153476 ], [ 771417.969335919595324, 8981590.426170887425542 ] ] ] } },
{ "type": "Feature", "properties": { "LAYER": "MSal Kwarter", "GM_TYPE": "Unknown Line Type", "ELEVATION": 24 }, "geometry": { "type": "MultiLineString", "coordinates": [ [ [ 771117.785010577412322, 8981432.100373413413763 ], [ 771348.462893355055712, 8981459.409803321585059 ] ] ] } },
{ "type": "Feature", "properties": { "LAYER": "MSal Kwarter", "GM_TYPE": "Unknown Line Type", "ELEVATION": 24 }, "geometry": { "type": "MultiLineString", "coordinates": [ [ [ 771122.426672543515451, 8981428.621955446898937 ], [ 771235.505420339643024, 8981442.009091222658753 ] ] ] } },
{ "type": "Feature", "properties": { "LAYER": "MSal Kwarter", "GM_TYPE": "Unknown Line Type", "ELEVATION": 0 }, "geometry": { "type": "MultiLineString", "coordinates": [ [ [ 771318.885450673173182, 8981480.758799081668258 ], [ 771319.548893936560489, 8981483.37490545772016 ] ] ] } },
{ "type": "Feature", "properties": { "LAYER": "MSal Kwarter", "GM_TYPE": "Unknown Line Type", "ELEVATION": 0 }, "geometry": { "type": "MultiLineString", "coordinates": [ [ [ 771318.885450673173182, 8981480.758799081668258 ], [ 771315.955041394452564, 8981481.317580800503492 ] ] ] } },
{ "type": "Feature", "properties": { "LAYER": "MSal Kwarter", "GM_TYPE": "Unknown Line Type", "ELEVATION": 24 }, "geometry": { "type": "MultiLineString", "coordinates": [ [ [ 771348.462893355288543, 8981459.409803321585059 ], [ 771372.504219160065986, 8981437.948630653321743 ], [ 771430.97015981504228, 8981434.054761910811067 ], [ 771494.633088446222246, 8981420.426288075745106 ], [ 771522.566820941516198, 8981400.957020660862327 ], [ 771549.904816342168488, 8981378.406965307891369 ] ] ] } },
{ "type": "Feature", "properties": { "LAYER": "MSal Kwarter", "GM_TYPE": "Unknown Line Type", "ELEVATION": 19 }, "geometry": { "type": "MultiLineString", "coordinates": [ [ [ 771549.904816342168488, 8981378.406965307891369 ], [ 771549.486779622500762, 8981386.579461036249995 ] ] ] } },
{ "type": "Feature", "properties": { "LAYER": "MSal Kwarter", "GM_TYPE": "Unknown Line Type", "ELEVATION": 19 }, "geometry": { "type": "MultiLineString", "coordinates": [ [ [ 771549.904816342168488, 8981378.406965307891369 ], [ 771538.678835951839574, 8981377.03774563036859 ] ] ] } },
{ "type": "Feature", "properties": { "LAYER": "MSal Kwarter", "GM_TYPE": "Unknown Line Type", "ELEVATION": 24 }, "geometry": { "type": "MultiLineString", "coordinates": [ [ [ 771235.505420339643024, 8981442.009091222658753 ], [ 771231.316636707866564, 8981435.95597774349153 ] ] ] } },
{ "type": "Feature", "properties": { "LAYER": "MSal Kwarter", "GM_TYPE": "Unknown Line Type", "ELEVATION": 24 }, "geometry": { "type": "MultiLineString", "coordinates": [ [ [ 771117.785010577412322, 8981429.846609326079488 ], [ 771118.970531042315997, 8981428.21279071457684 ], [ 771120.550990738091059, 8981427.730876101180911 ], [ 771122.426672545960173, 8981428.621955448761582 ] ] ] } },
{ "type": "Feature", "properties": { "LAYER": "MSal Kwarter", "GM_TYPE": "Unknown Line Type", "ELEVATION": 48 }, "geometry": { "type": "MultiLineString", "coordinates": [ [ [ 771084.003721245913766, 8981019.462589217349887 ], [ 771087.60951684077736, 8981017.644559344276786 ], [ 771087.332976436475292, 8981014.881721246987581 ], [ 771086.434128504479304, 8981012.533297415822744 ], [ 771083.320499614463188, 8981009.307472487911582 ] ] ] } },
{ "type": "Feature", "properties": { "LAYER": "MSal Kwarter", "GM_TYPE": "Unknown Line Type", "ELEVATION": 0 }, "geometry": { "type": "MultiLineString", "coordinates": [ [ [ 772345.828307533403859, 8979569.772301765158772 ], [ 772458.845006065559573, 8979585.602469546720386 ], [ 772677.191942213103175, 8979628.327849956229329 ] ] ] } },
{ "type": "Feature", "properties": { "LAYER": "MSal Kwarter", "GM_TYPE": "Unknown Line Type", "ELEVATION": 0 }, "geometry": { "type": "MultiLineString", "coordinates": [ [ [ 772319.963038540096022, 8979569.604799201712012 ], [ 772328.34674002614338, 8979568.378494556993246 ], [ 772336.509079625597224, 8979568.667647851631045 ], [ 772345.828307533403859, 8979569.772301765158772 ] ] ] } },
{ "type": "Feature", "properties": { "LAYER": "MSal Kwarter", "GM_TYPE": "Unknown Line Type", "ELEVATION": 0 }, "geometry": { "type": "MultiLineString", "coordinates": [ [ [ 772677.191942213103175, 8979628.327849956229329 ], [ 772673.543045450700447, 8979617.012964963912964 ] ] ] } },
{ "type": "Feature", "properties": { "LAYER": "MSal Kwarter", "GM_TYPE": "Unknown Line Type", "ELEVATION": 0 }, "geometry": { "type": "MultiLineString", "coordinates": [ [ [ 772146.985157433780842, 8981307.734509052708745 ], [ 772144.324676095508039, 8981307.734509052708745 ], [ 772143.87801899947226, 8981306.842077089473605 ], [ 772143.700096436077729, 8981304.796141529455781 ], [ 772144.309027705457993, 8981303.57954959012568 ], [ 772144.980805868515745, 8981301.89553851261735 ] ] ] } },
{ "type": "Feature", "properties": { "LAYER": "MSal Kwarter", "GM_TYPE": "Unknown Line Type", "ELEVATION": 0 }, "geometry": { "type": "MultiLineString", "coordinates": [ [ [ 772144.324676095508039, 8981307.734509052708745 ], [ 772142.822760459734127, 8981309.441080095246434 ], [ 772139.989803633769043, 8981310.505946151912212 ] ] ] } },
{ "type": "Feature", "properties": { "LAYER": "MSal Kwarter", "GM_TYPE": "Unknown Line Type", "ELEVATION": 0 }, "geometry": { "type": "MultiLineString", "coordinates": [ [ [ 772150.985157433780842, 8981307.325188398361206 ], [ 772154.291051539010368, 8981307.48976750485599 ], [ 772156.064704144373536, 8981307.549514457583427 ], [ 772158.489140405319631, 8981310.356922212988138 ], [ 772159.64485324267298, 8981313.002833662554622 ], [ 772163.190933822188526, 8981314.229550711810589 ] ] ] } },
{ "type": "Feature", "properties": { "LAYER": "MSal Kwarter", "GM_TYPE": "Unknown Line Type", "ELEVATION": 0 }, "geometry": { "type": "MultiLineString", "coordinates": [ [ [ 772150.985157433780842, 8981305.495687087997794 ], [ 772152.537002590135671, 8981303.71846984513104 ], [ 772154.477549566887319, 8981303.297035161405802 ], [ 772156.446241657249629, 8981304.224206725135446 ], [ 772159.217582559795119, 8981306.694114238023758 ], [ 772160.243889745208435, 8981308.108346091583371 ], [ 772161.697954397299327, 8981310.268970284610987 ] ] ] } },
{ "type": "Feature", "properties": { "LAYER": "MSal Kwarter", "GM_TYPE": "Unknown Line Type", "ELEVATION": 0 }, "geometry": { "type": "MultiLineString", "coordinates": [ [ [ 772156.067179655423388, 8981078.002243384718895 ], [ 772154.185800539795309, 8981077.955752218142152 ], [ 772152.928908644011244, 8981076.049003990367055 ], [ 772152.463378196698613, 8981073.770192908123136 ], [ 772152.185556254698895, 8981071.958797242492437 ] ] ] } },
{ "type": "Feature", "properties": { "LAYER": "MSal Kwarter", "GM_TYPE": "Unknown Line Type", "ELEVATION": 0 }, "geometry": { "type": "MultiLineString", "coordinates": [ [ [ 772160.067179655423388, 8981075.991458334028721 ], [ 772163.051621400751173, 8981070.623941013589501 ], [ 772166.787005753139965, 8981069.341170223429799 ], [ 772171.222792995511554, 8981069.224551228806376 ], [ 772175.964822994428687, 8981070.491992918774486 ] ] ] } },
{ "type": "Feature", "properties": { "LAYER": "MSal Kwarter", "GM_TYPE": "Unknown Line Type", "ELEVATION": 0 }, "geometry": { "type": "MultiLineString", "coordinates": [ [ [ 772454.557725338614546, 8980505.097777359187603 ], [ 772456.841902175336145, 8980502.671771166846156 ], [ 772459.350298815988936, 8980500.258713742718101 ], [ 772460.511577947763726, 8980496.592722291126847 ], [ 772459.515333221643232, 8980492.268571028485894 ] ] ] } },
{ "type": "Feature", "properties": { "LAYER": "MSal Kwarter", "GM_TYPE": "Unknown Line Type", "ELEVATION": 0 }, "geometry": { "type": "MultiLineString", "coordinates": [ [ [ 771521.570090639404953, 8981074.767916394397616 ], [ 771540.316170146805234, 8981050.426396459341049 ] ] ] } },
{ "type": "Feature", "properties": { "LAYER": "MSal Kwarter", "GM_TYPE": "Unknown Line Type", "ELEVATION": 0 }, "geometry": { "type": "MultiLineString", "coordinates": [ [ [ 771897.362508975435048, 8980564.010766578838229 ], [ 771901.439928014413454, 8980566.330938372761011 ], [ 771904.849847838748246, 8980564.947039287537336 ], [ 771908.845212340122089, 8980558.476291822269559 ] ] ] } },
{ "type": "Feature", "properties": { "LAYER": "MSal Kwarter", "GM_TYPE": "Unknown Line Type", "ELEVATION": 0 }, "geometry": { "type": "MultiLineString", "coordinates": [ [ [ 771898.00455732177943, 8980559.747312851250172 ], [ 771896.526993135921657, 8980558.785138081759214 ], [ 771894.158772356342524, 8980558.391155507415533 ], [ 771892.987105358857661, 8980557.651638876646757 ] ] ] } },
{ "type": "Feature", "properties": { "LAYER": "MSal Kwarter", "GM_TYPE": "Unknown Line Type", "ELEVATION": 0 }, "geometry": { "type": "MultiLineString", "coordinates": [ [ [ 771863.950772576150484, 8980613.896160816773772 ], [ 771865.531123540247791, 8980627.543033489957452 ] ] ] } },
{ "type": "Feature", "properties": { "LAYER": "MSal Kwarter", "GM_TYPE": "Unknown Line Type", "ELEVATION": 0 }, "geometry": { "type": "MultiLineString", "coordinates": [ [ [ 771263.608179560978897, 8980856.425903104245663 ], [ 771264.240923029137775, 8980852.987485993653536 ], [ 771266.661109657143243, 8980847.654127169400454 ], [ 771271.292243727832101, 8980843.919640727341175 ] ] ] } },
{ "type": "Feature", "properties": { "LAYER": "MSal Kwarter", "GM_TYPE": "Unknown Line Type", "ELEVATION": 0 }, "geometry": { "type": "MultiLineString", "coordinates": [ [ [ 771268.311281681875698, 8980858.594377847388387 ], [ 771270.825890235020779, 8980856.088658440858126 ], [ 771278.096687049837783, 8980848.197205720469356 ] ] ] } },
{ "type": "Feature", "properties": { "LAYER": "MSal Kwarter", "GM_TYPE": "Unknown Line Type", "ELEVATION": 0 }, "geometry": { "type": "MultiLineString", "coordinates": [ [ [ 771445.204081848729402, 8980555.59744661860168 ], [ 771443.745329685043544, 8980553.954749943688512 ], [ 771442.64807335822843, 8980553.629960414022207 ], [ 771440.765142714953981, 8980552.299544561654329 ] ] ] } },
{ "type": "Feature", "properties": { "LAYER": "MSal Kwarter", "GM_TYPE": "Unknown Line Type", "ELEVATION": 0 }, "geometry": { "type": "MultiLineString", "coordinates": [ [ [ 771446.229097669012845, 8980557.628822781145573 ], [ 771447.97259388200473, 8980556.785941688343883 ], [ 771449.953909275936894, 8980555.237594706937671 ] ] ] } },
{ "type": "Feature", "properties": { "LAYER": "MSal Kwarter", "GM_TYPE": "Unknown Line Type", "ELEVATION": 0 }, "geometry": { "type": "MultiLineString", "coordinates": [ [ [ 771518.653747232398018, 8981081.456545878201723 ], [ 771518.6358257351676, 8981078.578018002212048 ], [ 771519.599013949977234, 8981075.639607030898333 ], [ 771521.570090639754198, 8981074.767916394397616 ] ] ] } },
{ "type": "Feature", "properties": { "LAYER": "MSal Kwarter", "GM_TYPE": "Unknown Line Type", "ELEVATION": 0 }, "geometry": { "type": "MultiLineString", "coordinates": [ [ [ 771652.194059964851476, 8980894.78077420219779 ], [ 771643.100067486753687, 8980896.506287638098001 ] ] ] } },
{ "type": "Feature", "properties": { "LAYER": "MSal Kwarter", "GM_TYPE": "Unknown Line Type", "ELEVATION": 24 }, "geometry": { "type": "MultiLineString", "coordinates": [ [ [ 771095.963042920455337, 8981056.044919850304723 ], [ 771090.41681004606653, 8981035.500643365085125 ] ] ] } },
{ "type": "Feature", "properties": { "LAYER": "MSal Kwarter", "GM_TYPE": "Unknown Line Type", "ELEVATION": 24 }, "geometry": { "type": "MultiLineString", "coordinates": [ [ [ 771090.41681004606653, 8981035.500643365085125 ], [ 771090.7771248241188, 8981030.110754059627652 ], [ 771092.178663549129851, 8981026.678057830780745 ], [ 771094.693330986308865, 8981021.858752079308033 ] ] ] } },
{ "type": "Feature", "properties": { "LAYER": "MSal Kwarter", "GM_TYPE": "Unknown Line Type", "ELEVATION": 24 }, "geometry": { "type": "MultiLineString", "coordinates": [ [ [ 771216.458538226550445, 8980910.417971752583981 ], [ 771217.669847837649286, 8980920.770917432382703 ] ] ] } },
{ "type": "Feature", "properties": { "LAYER": "MSal Kwarter", "GM_TYPE": "Unknown Line Type", "ELEVATION": 0 }, "geometry": { "type": "MultiLineString", "coordinates": [ [ [ 771945.570350886671804, 8981919.641324298456311 ], [ 771952.673637135419995, 8981929.387865943834186 ] ] ] } },
{ "type": "Feature", "properties": { "LAYER": "MSal Kwarter", "GM_TYPE": "Unknown Line Type", "ELEVATION": 0 }, "geometry": { "type": "MultiLineString", "coordinates": [ [ [ 772179.863427031086758, 8982144.643924601376057 ], [ 772179.903482512338087, 8982142.254973132163286 ], [ 772178.862369824433699, 8982141.814938167110085 ], [ 772176.499866020865738, 8982142.134958393871784 ], [ 772174.938178665237501, 8982142.895013583824039 ], [ 772173.786908033303916, 8982143.680508367717266 ] ] ] } },
{ "type": "Feature", "properties": { "LAYER": "MSal Kwarter", "GM_TYPE": "Unknown Line Type", "ELEVATION": 0 }, "geometry": { "type": "MultiLineString", "coordinates": [ [ [ 771470.075399551074952, 8981607.285068105906248 ], [ 771476.668507771915756, 8981605.58019826374948 ] ] ] } },
{ "type": "Feature", "properties": { "LAYER": "MSal Kwarter", "GM_TYPE": "Unknown Line Type", "ELEVATION": 0 }, "geometry": { "type": "MultiLineString", "coordinates": [ [ [ 771603.790843946393579, 8981775.023556876927614 ], [ 771601.798475912073627, 8981775.250261915847659 ] ] ] } },
{ "type": "Feature", "properties": { "LAYER": "MSal Kwarter", "GM_TYPE": "Unknown Line Type", "ELEVATION": 0 }, "geometry": { "type": "MultiLineString", "coordinates": [ [ [ 771721.015826630056836, 8981825.560616308823228 ], [ 771719.943631537025794, 8981819.704811200499535 ] ] ] } },
{ "type": "Feature", "properties": { "LAYER": "MSal Kwarter", "GM_TYPE": "Unknown Line Type", "ELEVATION": 0 }, "geometry": { "type": "MultiLineString", "coordinates": [ [ [ 771605.66125891264528, 8981772.447809554636478 ], [ 771606.714115376584232, 8981771.579034639522433 ], [ 771607.733826050767675, 8981771.181503703817725 ], [ 771609.741866347962059, 8981770.968349728733301 ] ] ] } },
{ "type": "Feature", "properties": { "LAYER": "MSal Kwarter", "GM_TYPE": "Unknown Line Type", "ELEVATION": 24 }, "geometry": { "type": "MultiLineString", "coordinates": [ [ [ 771121.925959719344974, 8981594.098851021379232 ], [ 771123.458129239850678, 8981592.835844226181507 ], [ 771124.371232965262607, 8981591.537754438817501 ], [ 771124.652171043446288, 8981589.959000710397959 ], [ 771124.371232965262607, 8981588.976657852530479 ], [ 771123.849633966688998, 8981587.538103047758341 ] ] ] } },
{ "type": "Feature", "properties": { "LAYER": "MSal Kwarter", "GM_TYPE": "Unknown Line Type", "ELEVATION": 24 }, "geometry": { "type": "MultiLineString", "coordinates": [ [ [ 771120.526152543723583, 8981457.503060949966311 ], [ 771127.528982828953303, 8981464.852401904761791 ] ] ] } },
{ "type": "Feature", "properties": { "LAYER": "MSal Kwarter", "GM_TYPE": "Unknown Line Type", "ELEVATION": 24 }, "geometry": { "type": "MultiLineString", "coordinates": [ [ [ 771114.724731508875266, 8981230.51577489823103 ], [ 771121.960024921456352, 8981238.899236474186182 ] ] ] } },
{ "type": "Feature", "properties": { "LAYER": "MSal Kwarter", "GM_TYPE": "Unknown Line Type", "ELEVATION": 24 }, "geometry": { "type": "MultiLineString", "coordinates": [ [ [ 771118.970531042315997, 8981428.21279071457684 ], [ 771120.695766922086477, 8981425.20310740545392 ], [ 771120.989384960499592, 8981423.032673958688974 ], [ 771120.402185530634597, 8981421.742138747125864 ], [ 771119.57606727827806, 8981420.329879652708769 ] ] ] } },
{ "type": "Feature", "properties": { "LAYER": "MSal Kwarter", "GM_TYPE": "Unknown Line Type", "ELEVATION": 0 }, "geometry": { "type": "MultiLineString", "coordinates": [ [ [ 771762.317080865381286, 8981781.401736645027995 ], [ 771770.69324944994878, 8981786.238669920712709 ] ] ] } },
{ "type": "Feature", "properties": { "LAYER": "MSal Kwarter", "GM_TYPE": "Unknown Line Type", "ELEVATION": 0 }, "geometry": { "type": "MultiLineString", "coordinates": [ [ [ 771412.140306371613406, 8979609.122307684272528 ], [ 771415.12261101778131, 8979608.709913833066821 ], [ 771415.53881422104314, 8979607.462531274184585 ], [ 771415.53881422104314, 8979606.177356757223606 ], [ 771414.983104577055201, 8979603.861728318035603 ] ] ] } },
{ "type": "Feature", "properties": { "LAYER": "MSal Kwarter", "GM_TYPE": "Unknown Line Type", "ELEVATION": 0 }, "geometry": { "type": "MultiLineString", "coordinates": [ [ [ 771553.491579172550701, 8979425.578664656728506 ], [ 771551.252098700148053, 8979428.740840876474977 ] ] ] } },
{ "type": "Feature", "properties": { "LAYER": "MSal Kwarter", "GM_TYPE": "Unknown Line Type", "ELEVATION": 0 }, "geometry": { "type": "MultiLineString", "coordinates": [ [ [ 772412.431783279171214, 8982142.619789987802505 ], [ 772533.468486684723757, 8981965.04638772085309 ] ] ] } },
{ "type": "Feature", "properties": { "LAYER": "MSal Kwarter", "GM_TYPE": "Unknown Line Type", "ELEVATION": 0 }, "geometry": { "type": "MultiLineString", "coordinates": [ [ [ 772383.837314251344651, 8981930.061111176386476 ], [ 772537.203529232530855, 8981754.55728548951447 ] ] ] } },
{ "type": "Feature", "properties": { "LAYER": "MSal Kwarter", "GM_TYPE": "Unknown Line Type", "ELEVATION": 0 }, "geometry": { "type": "MultiLineString", "coordinates": [ [ [ 772537.203529232530855, 8981754.55728548951447 ], [ 772537.604582824511454, 8981758.787592543289065 ] ] ] } },
{ "type": "Feature", "properties": { "LAYER": "MSal Kwarter", "GM_TYPE": "Unknown Line Type", "ELEVATION": 0 }, "geometry": { "type": "MultiLineString", "coordinates": [ [ [ 772533.468486684723757, 8981965.04638772085309 ], [ 772536.354360734694637, 8981970.998469494283199 ] ] ] } },
{ "type": "Feature", "properties": { "LAYER": "MSal Kwarter", "GM_TYPE": "Unknown Line Type", "ELEVATION": 0 }, "geometry": { "type": "MultiLineString", "coordinates": [ [ [ 772814.158681466127746, 8982121.194004870951176 ], [ 772806.362423275015317, 8982115.018101453781128 ] ] ] } },
{ "type": "Feature", "properties": { "LAYER": "MSal Kwarter", "GM_TYPE": "Unknown Line Type", "ELEVATION": 0 }, "geometry": { "type": "MultiLineString", "coordinates": [ [ [ 772697.083683503442444, 8981761.262421136721969 ], [ 772709.755931851454079, 8981772.516355279833078 ] ] ] } },
{ "type": "Feature", "properties": { "LAYER": "MSal Kwarter", "GM_TYPE": "Unknown Line Type", "ELEVATION": 0 }, "geometry": { "type": "MultiLineString", "coordinates": [ [ [ 772207.674501106492244, 8982146.657585348933935 ], [ 772209.273386549437419, 8982144.639472344890237 ] ] ] } },
{ "type": "Feature", "properties": { "LAYER": "MSal Kwarter", "GM_TYPE": "Unknown Line Type", "ELEVATION": 0 }, "geometry": { "type": "MultiLineString", "coordinates": [ [ [ 772660.479319509817287, 8982126.247375648468733 ], [ 772654.687121118651703, 8982121.551416890695691 ] ] ] } },
{ "type": "Feature", "properties": { "LAYER": "MSal Kwarter", "GM_TYPE": "Unknown Line Type", "ELEVATION": 0 }, "geometry": { "type": "MultiLineString", "coordinates": [ [ [ 772199.550233807647601, 8981974.322779972106218 ], [ 772205.663819867419079, 8981978.038914447650313 ] ] ] } },
{ "type": "Feature", "properties": { "LAYER": "MSal Kwarter", "GM_TYPE": "Unknown Line Type", "ELEVATION": 0 }, "geometry": { "type": "MultiLineString", "coordinates": [ [ [ 772375.878302465425804, 8982139.777398707345128 ], [ 772370.036196531844325, 8982134.405909173190594 ] ] ] } },
{ "type": "Feature", "properties": { "LAYER": "MSal Kwarter", "GM_TYPE": "Unknown Line Type", "ELEVATION": 0 }, "geometry": { "type": "MultiLineString", "coordinates": [ [ [ 772195.738993605249561, 8981941.339317431673408 ], [ 772197.427639976027422, 8981940.605121478438377 ] ] ] } },
{ "type": "Feature", "properties": { "LAYER": "MSal Kwarter", "GM_TYPE": "Unknown Line Type", "ELEVATION": 0 }, "geometry": { "type": "MultiLineString", "coordinates": [ [ [ 772363.463675101753324, 8981927.257585555315018 ], [ 772359.599599788896739, 8981922.401447651907802 ] ] ] } },
{ "type": "Feature", "properties": { "LAYER": "MSal Kwarter", "GM_TYPE": "Unknown Line Type", "ELEVATION": 0 }, "geometry": { "type": "MultiLineString", "coordinates": [ [ [ 772189.785110351862386, 8981777.476489311084151 ], [ 772195.742044168408029, 8981782.595304038375616 ] ] ] } },
{ "type": "Feature", "properties": { "LAYER": "MSal Kwarter", "GM_TYPE": "Unknown Line Type", "ELEVATION": 0 }, "geometry": { "type": "MultiLineString", "coordinates": [ [ [ 772185.337551587610506, 8981731.852789651602507 ], [ 772187.735858478001319, 8981730.778424656018615 ] ] ] } },
{ "type": "Feature", "properties": { "LAYER": "MSal Kwarter", "GM_TYPE": "Unknown Line Type", "ELEVATION": 0 }, "geometry": { "type": "MultiLineString", "coordinates": [ [ [ 772178.82545556651894, 8981567.042061652988195 ], [ 772190.668374302913435, 8981575.238776210695505 ] ] ] } },
{ "type": "Feature", "properties": { "LAYER": "MSal Kwarter", "GM_TYPE": "Unknown Line Type", "ELEVATION": 0 }, "geometry": { "type": "MultiLineString", "coordinates": [ [ [ 772185.814722355804406, 8981733.592007579281926 ], [ 772207.507526149041951, 8981732.747883358970284 ] ] ] } },
{ "type": "Feature", "properties": { "LAYER": "MSal Kwarter", "GM_TYPE": "Unknown Line Type", "ELEVATION": 0 }, "geometry": { "type": "MultiLineString", "coordinates": [ [ [ 772195.738993605249561, 8981943.210335943847895 ], [ 772216.09949706972111, 8981942.08494533598423 ] ] ] } },
{ "type": "Feature", "properties": { "LAYER": "MSal Kwarter", "GM_TYPE": "Unknown Line Type", "ELEVATION": 22 }, "geometry": { "type": "MultiLineString", "coordinates": [ [ [ 772634.668477500556037, 8982620.853301683440804 ], [ 772630.645651078782976, 8982614.77916207537055 ], [ 772627.295716783264652, 8982607.762820027768612 ], [ 772625.79212738701608, 8982601.283998254686594 ], [ 772624.160156108555384, 8982585.496673500165343 ], [ 772621.93110232334584, 8982559.552246393635869 ], [ 772619.869776525418274, 8982544.896373566240072 ], [ 772615.431912852916867, 8982534.010987827554345 ], [ 772608.975748255383223, 8982526.983812693506479 ], [ 772593.088620442897081, 8982518.790838768705726 ], [ 772573.73073957755696, 8982513.086454544216394 ], [ 772550.511593496776186, 8982507.902878621593118 ], [ 772512.708175836480223, 8982495.602164309471846 ], [ 772482.792696902062744, 8982480.448334841057658 ], [ 772460.869863799540326, 8982464.180572235956788 ], [ 772447.728196557145566, 8982446.884535921737552 ], [ 772438.358323064632714, 8982429.930971305817366 ], [ 772432.185583485756069, 8982425.516806565225124 ], [ 772432.082127109868452, 8982425.507735615596175 ] ] ] } },
{ "type": "Feature", "properties": { "LAYER": "MSal Kwarter", "GM_TYPE": "Unknown Line Type", "ELEVATION": 22 }, "geometry": { "type": "MultiLineString", "coordinates": [ [ [ 772657.137364141643047, 8982625.341866843402386 ], [ 772654.881085605942644, 8982625.310013853013515 ], [ 772646.377010695170611, 8982625.31498515792191 ], [ 772643.562989939702675, 8982625.042031655088067 ], [ 772642.224641033331864, 8982625.042031655088067 ], [ 772639.73109073319938, 8982625.22553451731801 ], [ 772637.272242265637033, 8982625.417773371562362 ], [ 772632.265530394157395, 8982624.469194035977125 ], [ 772627.156395294121467, 8982616.75481697358191 ], [ 772623.497957117739134, 8982609.092322325333953 ], [ 772621.839075953350402, 8982601.944363294169307 ], [ 772620.177800094825216, 8982585.873552596196532 ], [ 772617.955035971244797, 8982560.002332184463739 ], [ 772615.978027356090024, 8982545.945948243141174 ], [ 772611.999545541242696, 8982536.187354378402233 ], [ 772606.510887562646531, 8982530.213256247341633 ], [ 772591.593219392350875, 8982522.520231567323208 ], [ 772572.728527321363799, 8982516.961180316284299 ], [ 772549.454612429835834, 8982511.76537748798728 ], [ 772511.176470053498633, 8982499.310194257646799 ], [ 772480.681990776909515, 8982483.863069385290146 ], [ 772458.029222096898593, 8982467.053660608828068 ], [ 772444.367680023773573, 8982449.07340562902391 ], [ 772435.29529137595091, 8982432.658101059496403 ], [ 772430.747684388188645, 8982429.40607881732285 ], [ 772419.952283332007937, 8982428.459549132734537 ], [ 772414.073330022743903, 8982424.56642716191709 ], [ 772411.130594842019491, 8982412.73318262398243 ], [ 772408.85477928200271, 8982381.79396764934063 ], [ 772405.592677571461536, 8982367.291997896507382 ], [ 772390.215812367270701, 8982343.784306287765503 ], [ 772380.688830792554654, 8982334.505530936643481 ], [ 772367.516527601052076, 8982323.538223877549171 ], [ 772351.664785381872207, 8982311.891081320121884 ], [ 772333.101004217634909, 8982301.544574711471796 ], [ 772305.740697156405076, 8982287.144442401826382 ], [ 772287.407569939969108, 8982270.00367171689868 ], [ 772279.706122056697495, 8982256.340633418411016 ], [ 772264.134975941851735, 8982226.616718517616391 ], [ 772247.996758759953082, 8982206.438015218824148 ], [ 772240.061910231248476, 8982198.759231079369783 ] ] ] } },
{ "type": "Feature", "properties": { "LAYER": "MSal Kwarter", "GM_TYPE": "Unknown Line Type", "ELEVATION": 0 }, "geometry": { "type": "MultiLineString", "coordinates": [ [ [ 772681.752441217773594, 8982626.16554687358439 ], [ 772803.040694032446481, 8982617.867635453119874 ] ] ] } },
{ "type": "Feature", "properties": { "LAYER": "MSal Kwarter", "GM_TYPE": "Unknown Line Type", "ELEVATION": 22 }, "geometry": { "type": "MultiLineString", "coordinates": [ [ [ 772240.061910231248476, 8982198.759231079369783 ], [ 772244.671628609183244, 8982198.64771349914372 ] ] ] } },
{ "type": "Feature", "properties": { "LAYER": "MSal Kwarter", "GM_TYPE": "Unknown Line Type", "ELEVATION": 22 }, "geometry": { "type": "MultiLineString", "coordinates": [ [ [ 772657.137364182854071, 8982625.341866845265031 ], [ 772681.752441221498884, 8982626.16554687358439 ] ] ] } },
{ "type": "Feature", "properties": { "LAYER": "MSal Kwarter", "GM_TYPE": "Unknown Line Type", "ELEVATION": 0 }, "geometry": { "type": "MultiLineString", "coordinates": [ [ [ 772803.040694032446481, 8982617.867635453119874 ], [ 772799.165299838758074, 8982612.817888952791691 ] ] ] } },
{ "type": "Feature", "properties": { "LAYER": "MSal Kwarter", "GM_TYPE": "Unknown Line Type", "ELEVATION": 22 }, "geometry": { "type": "MultiLineString", "coordinates": [ [ [ 772648.994939725846052, 8982625.313454771414399 ], [ 772650.253569360822439, 8982623.973765388131142 ], [ 772650.745159275829792, 8982622.315506251528859 ], [ 772651.208487637224607, 8982620.501350402832031 ], [ 772650.534237243817188, 8982618.374003002420068 ] ] ] } },
{ "type": "Feature", "properties": { "LAYER": "MSal Kwarter", "GM_TYPE": "Unknown Line Type", "ELEVATION": 0 }, "geometry": { "type": "MultiLineString", "coordinates": [ [ [ 772640.2287410676945, 8982427.741020023822784 ], [ 772651.294682048843242, 8982434.763710191473365 ] ] ] } },
{ "type": "Feature", "properties": { "LAYER": "MSal Kwarter", "GM_TYPE": "Unknown Line Type", "ELEVATION": 0 }, "geometry": { "type": "MultiLineString", "coordinates": [ [ [ 771773.821036692243069, 8981923.645592799410224 ], [ 771772.129780463990755, 8981927.141753699630499 ] ] ] } },
{ "type": "Feature", "properties": { "LAYER": "MSal Kwarter", "GM_TYPE": "Unknown Line Type", "ELEVATION": 0 }, "geometry": { "type": "MultiLineString", "coordinates": [ [ [ 771624.989683105493896, 8979891.968365581706166 ], [ 772045.686494075343944, 8979992.024068236351013 ] ] ] } },
{ "type": "Feature", "properties": { "LAYER": "MSal Kwarter", "GM_TYPE": "Unknown Line Type", "ELEVATION": 0 }, "geometry": { "type": "MultiLineString", "coordinates": [ [ [ 773862.981783787370659, 8983918.244194716215134 ], [ 773974.733666953165084, 8983849.013122459873557 ] ] ] } },
{ "type": "Feature", "properties": { "LAYER": "MSal Kwarter", "GM_TYPE": "Unknown Line Type", "ELEVATION": 0 }, "geometry": { "type": "MultiLineString", "coordinates": [ [ [ 773858.113883868907578, 8983919.163372760638595 ], [ 773709.590792585397139, 8983950.964266059920192 ], [ 773673.874514243449084, 8983950.964266059920192 ], [ 773695.445710031897761, 8983898.316110657528043 ], [ 773657.888281316147186, 8983876.741081293672323 ], [ 773616.443558642407879, 8983875.11943025700748 ], [ 773451.682883549947292, 8983789.028842408210039 ], [ 773405.087362062069587, 8983743.466916060075164 ], [ 773378.100928973872215, 8983624.871913453564048 ] ] ] } },
{ "type": "Feature", "properties": { "LAYER": "MSal Kwarter", "GM_TYPE": "Unknown Line Type", "ELEVATION": 0 }, "geometry": { "type": "MultiLineString", "coordinates": [ [ [ 773378.100928973872215, 8983624.871913453564048 ], [ 773384.099804536206648, 8983628.743542227894068 ] ] ] } },
{ "type": "Feature", "properties": { "LAYER": "MSal Kwarter", "GM_TYPE": "Unknown Line Type", "ELEVATION": 0 }, "geometry": { "type": "MultiLineString", "coordinates": [ [ [ 773860.583101477357559, 8983922.32348551414907 ], [ 773860.799460238195024, 8983920.197718368843198 ], [ 773860.114358602557331, 8983919.188863618299365 ], [ 773858.113883868907578, 8983919.163372760638595 ] ] ] } },
{ "type": "Feature", "properties": { "LAYER": "MSal Kwarter", "GM_TYPE": "Unknown Line Type", "ELEVATION": 0 }, "geometry": { "type": "MultiLineString", "coordinates": [ [ [ 773860.799460238195024, 8983920.197718368843198 ], [ 773861.259041790035553, 8983919.246922487393022 ], [ 773862.981783787370659, 8983918.244194716215134 ] ] ] } },
{ "type": "Feature", "properties": { "LAYER": "MSal Kwarter", "GM_TYPE": "Unknown Line Type", "ELEVATION": 0 }, "geometry": { "type": "MultiLineString", "coordinates": [ [ [ 773974.733666953165084, 8983849.013122459873557 ], [ 773958.803090784465894, 8983849.177207568660378 ] ] ] } },
{ "type": "Feature", "properties": { "LAYER": "MSal Kwarter", "GM_TYPE": "Unknown Line Type", "ELEVATION": 0 }, "geometry": { "type": "MultiLineString", "coordinates": [ [ [ 773342.563881926354952, 8983543.583108562976122 ], [ 773279.377686846302822, 8983542.305944515392184 ], [ 773179.647732432000339, 8983556.558643128722906 ], [ 773145.835218317457475, 8983611.445505248382688 ] ] ] } },
{ "type": "Feature", "properties": { "LAYER": "MSal Kwarter", "GM_TYPE": "Unknown Line Type", "ELEVATION": 0 }, "geometry": { "type": "MultiLineString", "coordinates": [ [ [ 773145.835218317457475, 8983611.445505248382688 ], [ 773145.57229523838032, 8983598.236621214076877 ] ] ] } },
{ "type": "Feature", "properties": { "LAYER": "MSal Kwarter", "GM_TYPE": "Unknown Line Type", "ELEVATION": 0 }, "geometry": { "type": "MultiLineString", "coordinates": [ [ [ 773352.566324477083981, 8983542.86281163059175 ], [ 773573.187442673952319, 8983558.190483953803778 ], [ 773562.134341039229184, 8983548.805752789601684 ] ] ] } },
{ "type": "Feature", "properties": { "LAYER": "MSal Kwarter", "GM_TYPE": "Unknown Line Type", "ELEVATION": 0 }, "geometry": { "type": "MultiLineString", "coordinates": [ [ [ 772894.791244187043048, 8983196.607850512489676 ], [ 773310.321260369266383, 8983139.133137570694089 ], [ 773294.071201132843271, 8983135.844624092802405 ] ] ] } },
{ "type": "Feature", "properties": { "LAYER": "MSal Kwarter", "GM_TYPE": "Unknown Line Type", "ELEVATION": 0 }, "geometry": { "type": "MultiLineString", "coordinates": [ [ [ 772894.791244187043048, 8983196.607850512489676 ], [ 772885.1273950538598, 8983042.93600432574749 ], [ 772891.799173643346876, 8983050.707416791468859 ] ] ] } },
{ "type": "Feature", "properties": { "LAYER": "MSal Kwarter", "GM_TYPE": "Unknown Line Type", "ELEVATION": 0 }, "geometry": { "type": "MultiLineString", "coordinates": [ [ [ 773261.106771528953686, 8983427.792690053582191 ], [ 773480.214273866033182, 8983379.712935373187065 ], [ 773461.919800861272961, 8983373.314992237836123 ] ] ] } },
{ "type": "Feature", "properties": { "LAYER": "MSal Kwarter", "GM_TYPE": "Unknown Line Type", "ELEVATION": 0 }, "geometry": { "type": "MultiLineString", "coordinates": [ [ [ 773268.48875835747458, 8983426.172827146947384 ], [ 773202.218339001759887, 8983285.489584429189563 ], [ 773215.630584605736658, 8983292.569620976224542 ] ] ] } },
{ "type": "Feature", "properties": { "LAYER": "MSal Kwarter", "GM_TYPE": "Unknown Line Type", "ELEVATION": 0 }, "geometry": { "type": "MultiLineString", "coordinates": [ [ [ 772959.42888585710898, 8983471.24736125394702 ], [ 773181.755181108950637, 8983434.799202840775251 ], [ 773170.97602369368542, 8983430.047484189271927 ] ] ] } },
{ "type": "Feature", "properties": { "LAYER": "MSal Kwarter", "GM_TYPE": "Unknown Line Type", "ELEVATION": 0 }, "geometry": { "type": "MultiLineString", "coordinates": [ [ [ 772959.42888585710898, 8983471.24736125394702 ], [ 772911.007919120485894, 8983434.47873230278492 ], [ 772907.222639592830092, 8983383.593508882448077 ], [ 772912.088059754460119, 8983389.649094730615616 ] ] ] } },
{ "type": "Feature", "properties": { "LAYER": "MSal Kwarter", "GM_TYPE": "Unknown Line Type", "ELEVATION": 0 }, "geometry": { "type": "MultiLineString", "coordinates": [ [ [ 772958.161084130522795, 8983473.536008443683386 ], [ 772959.42888585710898, 8983471.24736125394702 ] ] ] } },
{ "type": "Feature", "properties": { "LAYER": "MSal Kwarter", "GM_TYPE": "Unknown Line Type", "ELEVATION": 0 }, "geometry": { "type": "MultiLineString", "coordinates": [ [ [ 773345.849697150755674, 8983544.800084043294191 ], [ 773342.563881926354952, 8983543.583108562976122 ] ] ] } },
{ "type": "Feature", "properties": { "LAYER": "MSal Kwarter", "GM_TYPE": "Unknown Line Type", "ELEVATION": 0 }, "geometry": { "type": "MultiLineString", "coordinates": [ [ [ 773344.409716284833848, 8983547.548738969489932 ], [ 773345.849697150755674, 8983544.800084043294191 ], [ 773348.835324065526947, 8983543.186198217794299 ], [ 773352.566324477083981, 8983542.86281163059175 ] ] ] } }
]
}
