{
"type": "FeatureCollection",
"name": "09_oe_ar_mbox",
"crs": { "type": "name", "properties": { "name": "urn:ogc:def:crs:EPSG::32751" } },
"xy_coordinate_resolution": 1e-15,
"features": [
{ "type": "Feature", "properties": { "LAYER": "MBox", "GM_TYPE": "Unknown Area Type", "ELEVATION": null, "path": "D:/TGS GEOJSON/add data baru/Oebaba add/09_oe_ar_mbox.geojson" }, "geometry": { "type": "MultiPolygon", "coordinates": [ [ [ [ 777234.83864996326156, 8982979.553970821201801 ], [ 777234.837417967850342, 8982979.483782049268484 ], [ 777234.833723499556072, 8982979.413679748773575 ], [ 777234.827571109752171, 8982979.343750286847353 ], [ 777234.818968378356658, 8982979.274079816415906 ], [ 777234.807925903704017, 8982979.20475416816771 ], [ 777234.794457290321589, 8982979.135858755558729 ], [ 777234.778579131234437, 8982979.067478453740478 ], [ 777234.760310988291167, 8982978.99969750829041 ], [ 777234.73967536794953, 8982978.932599425315857 ], [ 777234.716697692987509, 8982978.866266869008541 ], [ 777234.691406272002496, 8982978.80078156106174 ], [ 777234.663832263671793, 8982978.736224180087447 ], [ 777234.634009639266878, 8982978.672674257308245 ], [ 777234.601975139928982, 8982978.61021008901298 ], [ 777234.567768232082017, 8982978.54890862852335 ], [ 777234.531431058538146, 8982978.488845400512218 ], [ 777234.493008386576548, 8982978.430094400420785 ], [ 777234.452547552529722, 8982978.372728012502193 ], [ 777234.410098404157907, 8982978.316816911101341 ], [ 777234.36571323859971, 8982978.262429976835847 ], [ 777234.319446738110855, 8982978.209634214639664 ], [ 777234.271355902776122, 8982978.158494669944048 ], [ 777234.221499980310909, 8982978.109074342995882 ], [ 777234.169940393068828, 8982978.061434123665094 ], [ 777234.116740662138909, 8982978.015632703900337 ], [ 777234.061966329347342, 8982977.971726506948471 ], [ 777234.005684876465239, 8982977.929769629612565 ], [ 777233.947965641855262, 8982977.88981376029551 ], [ 777233.888879735488445, 8982977.851908123120666 ], [ 777233.828499950934201, 8982977.816099422052503 ], [ 777233.766900675720535, 8982977.782431768253446 ], [ 777233.704157799948007, 8982977.750946642830968 ], [ 777233.640348622458987, 8982977.721682835370302 ], [ 777233.575551755959168, 8982977.694676399230957 ], [ 777233.509847029810771, 8982977.669960604980588 ], [ 777233.443315392010845, 8982977.647565901279449 ], [ 777233.376038809190504, 8982977.627519879490137 ], [ 777233.30810016579926, 8982977.60984723828733 ], [ 777233.239583161892369, 8982977.594569746404886 ], [ 777233.170572210103273, 8982977.58170622959733 ], [ 777233.101152331684716, 8982977.571272531524301 ], [ 777233.031409051618539, 8982977.563281510025263 ], [ 777232.961428293143399, 8982977.557743007317185 ], [ 777232.891296272398904, 8982977.55466384999454 ], [ 777232.821099391556345, 8982977.554047828540206 ], [ 777232.75092413299717, 8982977.555895702913404 ], [ 777232.680856952210888, 8982977.560205196961761 ], [ 777232.610984171740711, 8982977.566971000283957 ], [ 777232.541391874430701, 8982977.576184779405594 ], [ 777232.472165797837079, 8982977.587835181504488 ], [ 777232.403391227941029, 8982977.601907853037119 ], [ 777232.33515289472416, 8982977.618385456502438 ], [ 777232.267534867743962, 8982977.637247692793608 ], [ 777232.200620451825671, 8982977.658471323549747 ], [ 777232.134492085315287, 8982977.682030200958252 ], [ 777232.069231238099746, 8982977.707895301282406 ], [ 777232.004918311256915, 8982977.736034756526351 ], [ 777231.941632537869737, 8982977.76641390286386 ], [ 777231.879451885819435, 8982977.798995308578014 ], [ 777231.818452961393632, 8982977.833738837391138 ], [ 777231.758710914989933, 8982977.870601683855057 ], [ 777231.70029934856575, 8982977.909538432955742 ], [ 777231.64329022471793, 8982977.950501115992665 ], [ 777231.587753778672777, 8982977.993439266458154 ], [ 777231.533758430858143, 8982978.038299983367324 ], [ 777231.481370703550056, 8982978.085028000175953 ], [ 777231.430655137868598, 8982978.133565748110414 ], [ 777231.381674215430394, 8982978.183853428810835 ], [ 777231.334488280350342, 8982978.235829086974263 ], [ 777231.289155465434305, 8982978.289428690448403 ], [ 777231.245731620700099, 8982978.34458620287478 ], [ 777231.20427024399396, 8982978.401233673095703 ], [ 777231.164822415565141, 8982978.459301309660077 ], [ 777231.127436734968796, 8982978.518717573955655 ], [ 777231.092159261228517, 8982978.579409264028072 ], [ 777231.05903345590923, 8982978.641301611438394 ], [ 777231.028100129915401, 8982978.704318361356854 ], [ 777230.9993973930832, 8982978.76838188059628 ], [ 777230.972960606799461, 8982978.833413241431117 ], [ 777230.948822341277264, 8982978.899332325905561 ], [ 777230.927012334577739, 8982978.966057922691107 ], [ 777230.907557456754148, 8982979.033507823944092 ], [ 777230.890481675858609, 8982979.101598935201764 ], [ 777230.875806029420346, 8982979.170247364789248 ], [ 777230.863548597553745, 8982979.239368539303541 ], [ 777230.853724481537938, 8982979.308877304196358 ], [ 777230.846345784608275, 8982979.378688022494316 ], [ 777230.841421597171575, 8982979.448714688420296 ], [ 777230.83895798586309, 8982979.51887102983892 ], [ 777230.83895798586309, 8982979.589070612564683 ], [ 777230.841421597171575, 8982979.659226953983307 ], [ 777230.846345784608275, 8982979.729253619909286 ], [ 777230.853724481537938, 8982979.799064338207245 ], [ 777230.863548597553745, 8982979.868573103100061 ], [ 777230.875806029420346, 8982979.937694277614355 ], [ 777230.890481675858609, 8982980.006342707201838 ], [ 777230.907557456754148, 8982980.074433818459511 ], [ 777230.927012334577739, 8982980.141883719712496 ], [ 777230.948822341277264, 8982980.208609316498041 ], [ 777230.972960606799461, 8982980.274528400972486 ], [ 777230.9993973930832, 8982980.339559761807323 ], [ 777231.028100129915401, 8982980.403623281046748 ], [ 777231.05903345590923, 8982980.466640030965209 ], [ 777231.092159261228517, 8982980.52853237837553 ], [ 777231.127436734968796, 8982980.589224068447948 ], [ 777231.164822415565141, 8982980.648640332743526 ], [ 777231.20427024399396, 8982980.706707969307899 ], [ 777231.245731620700099, 8982980.763355439528823 ], [ 777231.289155465434305, 8982980.818512951955199 ], [ 777231.334488280350342, 8982980.872112555429339 ], [ 777231.381674215430394, 8982980.924088213592768 ], [ 777231.430655137868598, 8982980.974375894293189 ], [ 777231.481370703550056, 8982981.02291364222765 ], [ 777231.533758430858143, 8982981.069641659036279 ], [ 777231.587753778672777, 8982981.114502375945449 ], [ 777231.64329022471793, 8982981.157440526410937 ], [ 777231.70029934856575, 8982981.198403209447861 ], [ 777231.758710914989933, 8982981.237339958548546 ], [ 777231.818452961393632, 8982981.274202805012465 ], [ 777231.879451885819435, 8982981.308946333825588 ], [ 777231.941632537869737, 8982981.341527739539742 ], [ 777232.004918311256915, 8982981.371906885877252 ], [ 777232.069231238099746, 8982981.400046341121197 ], [ 777232.134492085315287, 8982981.425911441445351 ], [ 777232.200620451825671, 8982981.449470318853855 ], [ 777232.267534867743962, 8982981.470693949609995 ], [ 777232.33515289472416, 8982981.489556185901165 ], [ 777232.403391227941029, 8982981.506033789366484 ], [ 777232.472165797837079, 8982981.520106460899115 ], [ 777232.541391874430701, 8982981.531756862998009 ], [ 777232.610984171740711, 8982981.540970642119646 ], [ 777232.680856952210888, 8982981.547736445441842 ], [ 777232.75092413299717, 8982981.552045939490199 ], [ 777232.821099391556345, 8982981.553893813863397 ], [ 777232.891296272398904, 8982981.553277792409062 ], [ 777232.961428293143399, 8982981.550198635086417 ], [ 777233.031409051618539, 8982981.54466013237834 ], [ 777233.101152331684716, 8982981.536669110879302 ], [ 777233.170572210103273, 8982981.526235412806273 ], [ 777233.239583161892369, 8982981.513371895998716 ], [ 777233.30810016579926, 8982981.498094404116273 ], [ 777233.376038809190504, 8982981.480421762913465 ], [ 777233.443315392010845, 8982981.460375741124153 ], [ 777233.509847029810771, 8982981.437981037423015 ], [ 777233.575551755959168, 8982981.413265243172646 ], [ 777233.640348622458987, 8982981.3862588070333 ], [ 777233.704157799948007, 8982981.356994999572635 ], [ 777233.766900675720535, 8982981.325509874150157 ], [ 777233.828499950934201, 8982981.2918422203511 ], [ 777233.888879735488445, 8982981.256033519282937 ], [ 777233.947965641855262, 8982981.218127882108092 ], [ 777234.005684876465239, 8982981.178172012791038 ], [ 777234.061966329347342, 8982981.136215135455132 ], [ 777234.116740662138909, 8982981.092308938503265 ], [ 777234.169940393068828, 8982981.046507518738508 ], [ 777234.221499980310909, 8982980.998867299407721 ], [ 777234.271355902776122, 8982980.949446972459555 ], [ 777234.319446738110855, 8982980.898307427763939 ], [ 777234.36571323859971, 8982980.845511665567756 ], [ 777234.410098404157907, 8982980.791124731302261 ], [ 777234.452547552529722, 8982980.735213629901409 ], [ 777234.493008386576548, 8982980.677847241982818 ], [ 777234.531431058538146, 8982980.619096241891384 ], [ 777234.567768232082017, 8982980.559033013880253 ], [ 777234.601975139928982, 8982980.497731553390622 ], [ 777234.634009639266878, 8982980.435267385095358 ], [ 777234.663832263671793, 8982980.371717462316155 ], [ 777234.691406272002496, 8982980.307160081341863 ], [ 777234.716697692987509, 8982980.241674773395061 ], [ 777234.73967536794953, 8982980.175342217087746 ], [ 777234.760310988291167, 8982980.108244134113193 ], [ 777234.778579131234437, 8982980.040463188663125 ], [ 777234.794457290321589, 8982979.972082886844873 ], [ 777234.807925903704017, 8982979.903187474235892 ], [ 777234.818968378356658, 8982979.833861825987697 ], [ 777234.827571109752171, 8982979.76419135555625 ], [ 777234.833723499556072, 8982979.694261893630028 ], [ 777234.837417967850342, 8982979.624159593135118 ], [ 777234.83864996326156, 8982979.553970821201801 ] ] ] ] } },
{ "type": "Feature", "properties": { "LAYER": "MBox", "GM_TYPE": "Unknown Area Type", "ELEVATION": 24, "path": "D:/TGS GEOJSON/add data baru/Oebaba add/09_oe_ar_mbox.geojson" }, "geometry": { "type": "MultiPolygon", "coordinates": [ [ [ [ 777088.905255765421316, 8982854.043216118589044 ], [ 777088.904023770010099, 8982853.973027346655726 ], [ 777088.900329301715828, 8982853.902925046160817 ], [ 777088.894176911911927, 8982853.832995584234595 ], [ 777088.885574180516414, 8982853.763325113803148 ], [ 777088.874531705863774, 8982853.693999465554953 ], [ 777088.861063092481345, 8982853.625104052945971 ], [ 777088.845184933394194, 8982853.55672375112772 ], [ 777088.826916790450923, 8982853.488942805677652 ], [ 777088.806281170109287, 8982853.421844722703099 ], [ 777088.783303495147265, 8982853.355512166395783 ], [ 777088.758012074162252, 8982853.290026858448982 ], [ 777088.730438065831549, 8982853.225469477474689 ], [ 777088.700615441426635, 8982853.161919554695487 ], [ 777088.668580942088738, 8982853.099455386400223 ], [ 777088.634374034241773, 8982853.038153925910592 ], [ 777088.598036860697903, 8982852.978090697899461 ], [ 777088.559614188736305, 8982852.919339697808027 ], [ 777088.519153354689479, 8982852.861973309889436 ], [ 777088.476704206317663, 8982852.806062208488584 ], [ 777088.432319040759467, 8982852.751675274223089 ], [ 777088.386052540270612, 8982852.698879512026906 ], [ 777088.337961704935879, 8982852.64773996733129 ], [ 777088.288105782470666, 8982852.598319640383124 ], [ 777088.236546195228584, 8982852.550679421052337 ], [ 777088.183346464298666, 8982852.50487800128758 ], [ 777088.128572131507099, 8982852.460971804335713 ], [ 777088.072290678624995, 8982852.419014926999807 ], [ 777088.014571444015019, 8982852.379059057682753 ], [ 777087.955485537648201, 8982852.341153420507908 ], [ 777087.895105753093958, 8982852.305344719439745 ], [ 777087.833506477880292, 8982852.271677065640688 ], [ 777087.770763602107763, 8982852.24019194021821 ], [ 777087.706954424618743, 8982852.210928132757545 ], [ 777087.642157558118924, 8982852.183921696618199 ], [ 777087.576452831970528, 8982852.15920590236783 ], [ 777087.509921194170602, 8982852.136811198666692 ], [ 777087.442644611350261, 8982852.116765176877379 ], [ 777087.374705967959017, 8982852.099092535674572 ], [ 777087.306188964052126, 8982852.083815043792129 ], [ 777087.23717801226303, 8982852.070951526984572 ], [ 777087.167758133844472, 8982852.060517828911543 ], [ 777087.098014853778295, 8982852.052526807412505 ], [ 777087.028034095303155, 8982852.046988304704428 ], [ 777086.95790207455866, 8982852.043909147381783 ], [ 777086.887705193716101, 8982852.043293125927448 ], [ 777086.817529935156927, 8982852.045141000300646 ], [ 777086.747462754370645, 8982852.049450494349003 ], [ 777086.677589973900467, 8982852.056216297671199 ], [ 777086.607997676590458, 8982852.065430076792836 ], [ 777086.538771599996835, 8982852.07708047889173 ], [ 777086.469997030100785, 8982852.091153150424361 ], [ 777086.401758696883917, 8982852.10763075388968 ], [ 777086.334140669903718, 8982852.12649299018085 ], [ 777086.267226253985427, 8982852.14771662093699 ], [ 777086.201097887475044, 8982852.171275498345494 ], [ 777086.135837040259503, 8982852.197140598669648 ], [ 777086.071524113416672, 8982852.225280053913593 ], [ 777086.008238340029493, 8982852.255659200251102 ], [ 777085.946057687979192, 8982852.288240605965257 ], [ 777085.885058763553388, 8982852.32298413477838 ], [ 777085.82531671714969, 8982852.359846981242299 ], [ 777085.766905150725506, 8982852.398783730342984 ], [ 777085.709896026877686, 8982852.439746413379908 ], [ 777085.654359580832534, 8982852.482684563845396 ], [ 777085.600364233017899, 8982852.527545280754566 ], [ 777085.547976505709812, 8982852.574273297563195 ], [ 777085.497260940028355, 8982852.622811045497656 ], [ 777085.44828001759015, 8982852.673098726198077 ], [ 777085.401094082510099, 8982852.725074384361506 ], [ 777085.355761267594062, 8982852.778673987835646 ], [ 777085.312337422859855, 8982852.833831500262022 ], [ 777085.270876046153717, 8982852.890478970482945 ], [ 777085.231428217724897, 8982852.948546607047319 ], [ 777085.194042537128553, 8982853.007962871342897 ], [ 777085.158765063388273, 8982853.068654561415315 ], [ 777085.125639258068986, 8982853.130546908825636 ], [ 777085.094705932075158, 8982853.193563658744097 ], [ 777085.066003195242956, 8982853.257627177983522 ], [ 777085.039566408959217, 8982853.322658538818359 ], [ 777085.01542814343702, 8982853.388577623292804 ], [ 777084.993618136737496, 8982853.455303220078349 ], [ 777084.974163258913904, 8982853.522753121331334 ], [ 777084.957087478018366, 8982853.590844232589006 ], [ 777084.942411831580102, 8982853.65949266217649 ], [ 777084.930154399713501, 8982853.728613836690784 ], [ 777084.920330283697695, 8982853.7981226015836 ], [ 777084.912951586768031, 8982853.867933319881558 ], [ 777084.908027399331331, 8982853.937959985807538 ], [ 777084.905563788022846, 8982854.008116327226162 ], [ 777084.905563788022846, 8982854.078315909951925 ], [ 777084.908027399331331, 8982854.148472251370549 ], [ 777084.912951586768031, 8982854.218498917296529 ], [ 777084.920330283697695, 8982854.288309635594487 ], [ 777084.930154399713501, 8982854.357818400487304 ], [ 777084.942411831580102, 8982854.426939575001597 ], [ 777084.957087478018366, 8982854.495588004589081 ], [ 777084.974163258913904, 8982854.563679115846753 ], [ 777084.993618136737496, 8982854.631129017099738 ], [ 777085.01542814343702, 8982854.697854613885283 ], [ 777085.039566408959217, 8982854.763773698359728 ], [ 777085.066003195242956, 8982854.828805059194565 ], [ 777085.094705932075158, 8982854.89286857843399 ], [ 777085.125639258068986, 8982854.955885328352451 ], [ 777085.158765063388273, 8982855.017777675762773 ], [ 777085.194042537128553, 8982855.07846936583519 ], [ 777085.231428217724897, 8982855.137885630130768 ], [ 777085.270876046153717, 8982855.195953266695142 ], [ 777085.312337422859855, 8982855.252600736916065 ], [ 777085.355761267594062, 8982855.307758249342442 ], [ 777085.401094082510099, 8982855.361357852816582 ], [ 777085.44828001759015, 8982855.41333351098001 ], [ 777085.497260940028355, 8982855.463621191680431 ], [ 777085.547976505709812, 8982855.512158939614892 ], [ 777085.600364233017899, 8982855.558886956423521 ], [ 777085.654359580832534, 8982855.603747673332691 ], [ 777085.709896026877686, 8982855.64668582379818 ], [ 777085.766905150725506, 8982855.687648506835103 ], [ 777085.82531671714969, 8982855.726585255935788 ], [ 777085.885058763553388, 8982855.763448102399707 ], [ 777085.946057687979192, 8982855.798191631212831 ], [ 777086.008238340029493, 8982855.830773036926985 ], [ 777086.071524113416672, 8982855.861152183264494 ], [ 777086.135837040259503, 8982855.889291638508439 ], [ 777086.201097887475044, 8982855.915156738832593 ], [ 777086.267226253985427, 8982855.938715616241097 ], [ 777086.334140669903718, 8982855.959939246997237 ], [ 777086.401758696883917, 8982855.978801483288407 ], [ 777086.469997030100785, 8982855.995279086753726 ], [ 777086.538771599996835, 8982856.009351758286357 ], [ 777086.607997676590458, 8982856.021002160385251 ], [ 777086.677589973900467, 8982856.030215939506888 ], [ 777086.747462754370645, 8982856.036981742829084 ], [ 777086.817529935156927, 8982856.041291236877441 ], [ 777086.887705193716101, 8982856.043139111250639 ], [ 777086.95790207455866, 8982856.042523089796305 ], [ 777087.028034095303155, 8982856.03944393247366 ], [ 777087.098014853778295, 8982856.033905429765582 ], [ 777087.167758133844472, 8982856.025914408266544 ], [ 777087.23717801226303, 8982856.015480710193515 ], [ 777087.306188964052126, 8982856.002617193385959 ], [ 777087.374705967959017, 8982855.987339701503515 ], [ 777087.442644611350261, 8982855.969667060300708 ], [ 777087.509921194170602, 8982855.949621038511395 ], [ 777087.576452831970528, 8982855.927226334810257 ], [ 777087.642157558118924, 8982855.902510540559888 ], [ 777087.706954424618743, 8982855.875504104420543 ], [ 777087.770763602107763, 8982855.846240296959877 ], [ 777087.833506477880292, 8982855.814755171537399 ], [ 777087.895105753093958, 8982855.781087517738342 ], [ 777087.955485537648201, 8982855.745278816670179 ], [ 777088.014571444015019, 8982855.707373179495335 ], [ 777088.072290678624995, 8982855.66741731017828 ], [ 777088.128572131507099, 8982855.625460432842374 ], [ 777088.183346464298666, 8982855.581554235890508 ], [ 777088.236546195228584, 8982855.535752816125751 ], [ 777088.288105782470666, 8982855.488112596794963 ], [ 777088.337961704935879, 8982855.438692269846797 ], [ 777088.386052540270612, 8982855.387552725151181 ], [ 777088.432319040759467, 8982855.334756962954998 ], [ 777088.476704206317663, 8982855.280370028689504 ], [ 777088.519153354689479, 8982855.224458927288651 ], [ 777088.559614188736305, 8982855.16709253937006 ], [ 777088.598036860697903, 8982855.108341539278626 ], [ 777088.634374034241773, 8982855.048278311267495 ], [ 777088.668580942088738, 8982854.986976850777864 ], [ 777088.700615441426635, 8982854.9245126824826 ], [ 777088.730438065831549, 8982854.860962759703398 ], [ 777088.758012074162252, 8982854.796405378729105 ], [ 777088.783303495147265, 8982854.730920070782304 ], [ 777088.806281170109287, 8982854.664587514474988 ], [ 777088.826916790450923, 8982854.597489431500435 ], [ 777088.845184933394194, 8982854.529708486050367 ], [ 777088.861063092481345, 8982854.461328184232116 ], [ 777088.874531705863774, 8982854.392432771623135 ], [ 777088.885574180516414, 8982854.323107123374939 ], [ 777088.894176911911927, 8982854.253436652943492 ], [ 777088.900329301715828, 8982854.18350719101727 ], [ 777088.904023770010099, 8982854.113404890522361 ], [ 777088.905255765421316, 8982854.043216118589044 ] ] ] ] } },
{ "type": "Feature", "properties": { "LAYER": "MBox", "GM_TYPE": "Unknown Area Type", "ELEVATION": null, "path": "D:/TGS GEOJSON/add data baru/Oebaba add/09_oe_ar_mbox.geojson" }, "geometry": { "type": "MultiPolygon", "coordinates": [ [ [ [ 776913.496568333473988, 8980671.926658671349287 ], [ 776913.495336338062771, 8980671.85646989941597 ], [ 776913.4916418697685, 8980671.786367598921061 ], [ 776913.485489479964599, 8980671.716438136994839 ], [ 776913.476886748569086, 8980671.646767666563392 ], [ 776913.465844273916446, 8980671.577442018315196 ], [ 776913.452375660534017, 8980671.508546605706215 ], [ 776913.436497501446865, 8980671.440166303887963 ], [ 776913.418229358503595, 8980671.372385358437896 ], [ 776913.397593738161959, 8980671.305287275463343 ], [ 776913.374616063199937, 8980671.238954719156027 ], [ 776913.349324642214924, 8980671.173469411209226 ], [ 776913.321750633884221, 8980671.108912030234933 ], [ 776913.291928009479307, 8980671.04536210745573 ], [ 776913.25989351014141, 8980670.982897939160466 ], [ 776913.225686602294445, 8980670.921596478670835 ], [ 776913.189349428750575, 8980670.861533250659704 ], [ 776913.150926756788976, 8980670.802782250568271 ], [ 776913.110465922742151, 8980670.745415862649679 ], [ 776913.068016774370335, 8980670.689504761248827 ], [ 776913.023631608812138, 8980670.635117826983333 ], [ 776912.977365108323283, 8980670.582322064787149 ], [ 776912.92927427298855, 8980670.531182520091534 ], [ 776912.879418350523338, 8980670.481762193143368 ], [ 776912.827858763281256, 8980670.43412197381258 ], [ 776912.774659032351337, 8980670.388320554047823 ], [ 776912.719884699559771, 8980670.344414357095957 ], [ 776912.663603246677667, 8980670.302457479760051 ], [ 776912.60588401206769, 8980670.262501610442996 ], [ 776912.546798105700873, 8980670.224595973268151 ], [ 776912.48641832114663, 8980670.188787272199988 ], [ 776912.424819045932963, 8980670.155119618400931 ], [ 776912.362076170160435, 8980670.123634492978454 ], [ 776912.298266992671415, 8980670.094370685517788 ], [ 776912.233470126171596, 8980670.067364249378443 ], [ 776912.1677654000232, 8980670.042648455128074 ], [ 776912.101233762223274, 8980670.020253751426935 ], [ 776912.033957179402933, 8980670.000207729637623 ], [ 776911.966018536011688, 8980669.982535088434815 ], [ 776911.897501532104798, 8980669.967257596552372 ], [ 776911.828490580315702, 8980669.954394079744816 ], [ 776911.759070701897144, 8980669.943960381671786 ], [ 776911.689327421830967, 8980669.935969360172749 ], [ 776911.619346663355827, 8980669.930430857464671 ], [ 776911.549214642611332, 8980669.927351700142026 ], [ 776911.479017761768773, 8980669.926735678687692 ], [ 776911.408842503209598, 8980669.928583553060889 ], [ 776911.338775322423317, 8980669.932893047109246 ], [ 776911.268902541953139, 8980669.939658850431442 ], [ 776911.199310244643129, 8980669.94887262955308 ], [ 776911.130084168049507, 8980669.960523031651974 ], [ 776911.061309598153457, 8980669.974595703184605 ], [ 776910.993071264936589, 8980669.991073306649923 ], [ 776910.92545323795639, 8980670.009935542941093 ], [ 776910.858538822038099, 8980670.031159173697233 ], [ 776910.792410455527715, 8980670.054718051105738 ], [ 776910.727149608312175, 8980670.080583151429892 ], [ 776910.662836681469344, 8980670.108722606673837 ], [ 776910.599550908082165, 8980670.139101753011346 ], [ 776910.537370256031863, 8980670.1716831587255 ], [ 776910.47637133160606, 8980670.206426687538624 ], [ 776910.416629285202362, 8980670.243289534002542 ], [ 776910.358217718778178, 8980670.282226283103228 ], [ 776910.301208594930358, 8980670.323188966140151 ], [ 776910.245672148885205, 8980670.366127116605639 ], [ 776910.191676801070571, 8980670.41098783351481 ], [ 776910.139289073762484, 8980670.457715850323439 ], [ 776910.088573508081026, 8980670.506253598257899 ], [ 776910.039592585642822, 8980670.556541278958321 ], [ 776909.992406650562771, 8980670.608516937121749 ], [ 776909.947073835646734, 8980670.662116540595889 ], [ 776909.903649990912527, 8980670.717274053022265 ], [ 776909.862188614206389, 8980670.773921523243189 ], [ 776909.822740785777569, 8980670.831989159807563 ], [ 776909.785355105181225, 8980670.891405424103141 ], [ 776909.750077631440945, 8980670.952097114175558 ], [ 776909.716951826121658, 8980671.013989461585879 ], [ 776909.68601850012783, 8980671.07700621150434 ], [ 776909.657315763295628, 8980671.141069730743766 ], [ 776909.630878977011889, 8980671.206101091578603 ], [ 776909.606740711489692, 8980671.272020176053047 ], [ 776909.584930704790168, 8980671.338745772838593 ], [ 776909.565475826966576, 8980671.406195674091578 ], [ 776909.548400046071038, 8980671.47428678534925 ], [ 776909.533724399632774, 8980671.542935214936733 ], [ 776909.521466967766173, 8980671.612056389451027 ], [ 776909.511642851750366, 8980671.681565154343843 ], [ 776909.504264154820703, 8980671.751375872641802 ], [ 776909.499339967384003, 8980671.821402538567781 ], [ 776909.496876356075518, 8980671.891558879986405 ], [ 776909.496876356075518, 8980671.961758462712169 ], [ 776909.499339967384003, 8980672.031914804130793 ], [ 776909.504264154820703, 8980672.101941470056772 ], [ 776909.511642851750366, 8980672.171752188354731 ], [ 776909.521466967766173, 8980672.241260953247547 ], [ 776909.533724399632774, 8980672.310382127761841 ], [ 776909.548400046071038, 8980672.379030557349324 ], [ 776909.565475826966576, 8980672.447121668606997 ], [ 776909.584930704790168, 8980672.514571569859982 ], [ 776909.606740711489692, 8980672.581297166645527 ], [ 776909.630878977011889, 8980672.647216251119971 ], [ 776909.657315763295628, 8980672.712247611954808 ], [ 776909.68601850012783, 8980672.776311131194234 ], [ 776909.716951826121658, 8980672.839327881112695 ], [ 776909.750077631440945, 8980672.901220228523016 ], [ 776909.785355105181225, 8980672.961911918595433 ], [ 776909.822740785777569, 8980673.021328182891011 ], [ 776909.862188614206389, 8980673.079395819455385 ], [ 776909.903649990912527, 8980673.136043289676309 ], [ 776909.947073835646734, 8980673.191200802102685 ], [ 776909.992406650562771, 8980673.244800405576825 ], [ 776910.039592585642822, 8980673.296776063740253 ], [ 776910.088573508081026, 8980673.347063744440675 ], [ 776910.139289073762484, 8980673.395601492375135 ], [ 776910.191676801070571, 8980673.442329509183764 ], [ 776910.245672148885205, 8980673.487190226092935 ], [ 776910.301208594930358, 8980673.530128376558423 ], [ 776910.358217718778178, 8980673.571091059595346 ], [ 776910.416629285202362, 8980673.610027808696032 ], [ 776910.47637133160606, 8980673.64689065515995 ], [ 776910.537370256031863, 8980673.681634183973074 ], [ 776910.599550908082165, 8980673.714215589687228 ], [ 776910.662836681469344, 8980673.744594736024737 ], [ 776910.727149608312175, 8980673.772734191268682 ], [ 776910.792410455527715, 8980673.798599291592836 ], [ 776910.858538822038099, 8980673.822158169001341 ], [ 776910.92545323795639, 8980673.843381799757481 ], [ 776910.993071264936589, 8980673.862244036048651 ], [ 776911.061309598153457, 8980673.878721639513969 ], [ 776911.130084168049507, 8980673.8927943110466 ], [ 776911.199310244643129, 8980673.904444713145494 ], [ 776911.268902541953139, 8980673.913658492267132 ], [ 776911.338775322423317, 8980673.920424295589328 ], [ 776911.408842503209598, 8980673.924733789637685 ], [ 776911.479017761768773, 8980673.926581664010882 ], [ 776911.549214642611332, 8980673.925965642556548 ], [ 776911.619346663355827, 8980673.922886485233903 ], [ 776911.689327421830967, 8980673.917347982525826 ], [ 776911.759070701897144, 8980673.909356961026788 ], [ 776911.828490580315702, 8980673.898923262953758 ], [ 776911.897501532104798, 8980673.886059746146202 ], [ 776911.966018536011688, 8980673.870782254263759 ], [ 776912.033957179402933, 8980673.853109613060951 ], [ 776912.101233762223274, 8980673.833063591271639 ], [ 776912.1677654000232, 8980673.8106688875705 ], [ 776912.233470126171596, 8980673.785953093320131 ], [ 776912.298266992671415, 8980673.758946657180786 ], [ 776912.362076170160435, 8980673.72968284972012 ], [ 776912.424819045932963, 8980673.698197724297643 ], [ 776912.48641832114663, 8980673.664530070498586 ], [ 776912.546798105700873, 8980673.628721369430423 ], [ 776912.60588401206769, 8980673.590815732255578 ], [ 776912.663603246677667, 8980673.550859862938523 ], [ 776912.719884699559771, 8980673.508902985602617 ], [ 776912.774659032351337, 8980673.464996788650751 ], [ 776912.827858763281256, 8980673.419195368885994 ], [ 776912.879418350523338, 8980673.371555149555206 ], [ 776912.92927427298855, 8980673.32213482260704 ], [ 776912.977365108323283, 8980673.270995277911425 ], [ 776913.023631608812138, 8980673.218199515715241 ], [ 776913.068016774370335, 8980673.163812581449747 ], [ 776913.110465922742151, 8980673.107901480048895 ], [ 776913.150926756788976, 8980673.050535092130303 ], [ 776913.189349428750575, 8980672.99178409203887 ], [ 776913.225686602294445, 8980672.931720864027739 ], [ 776913.25989351014141, 8980672.870419403538108 ], [ 776913.291928009479307, 8980672.807955235242844 ], [ 776913.321750633884221, 8980672.744405312463641 ], [ 776913.349324642214924, 8980672.679847931489348 ], [ 776913.374616063199937, 8980672.614362623542547 ], [ 776913.397593738161959, 8980672.548030067235231 ], [ 776913.418229358503595, 8980672.480931984260678 ], [ 776913.436497501446865, 8980672.413151038810611 ], [ 776913.452375660534017, 8980672.344770736992359 ], [ 776913.465844273916446, 8980672.275875324383378 ], [ 776913.476886748569086, 8980672.206549676135182 ], [ 776913.485489479964599, 8980672.136879205703735 ], [ 776913.4916418697685, 8980672.066949743777514 ], [ 776913.495336338062771, 8980671.996847443282604 ], [ 776913.496568333473988, 8980671.926658671349287 ] ] ] ] } },
{ "type": "Feature", "properties": { "LAYER": "MBox", "GM_TYPE": "Unknown Area Type", "ELEVATION": null, "path": "D:/TGS GEOJSON/add data baru/Oebaba add/09_oe_ar_mbox.geojson" }, "geometry": { "type": "MultiPolygon", "coordinates": [ [ [ [ 776582.764063497656025, 8980106.600954573601484 ], [ 776582.762831502244808, 8980106.530765801668167 ], [ 776582.759137033950537, 8980106.460663501173258 ], [ 776582.752984644146636, 8980106.390734039247036 ], [ 776582.744381912751123, 8980106.321063568815589 ], [ 776582.733339438098483, 8980106.251737920567393 ], [ 776582.719870824716054, 8980106.182842507958412 ], [ 776582.703992665628903, 8980106.114462206140161 ], [ 776582.685724522685632, 8980106.046681260690093 ], [ 776582.665088902343996, 8980105.97958317771554 ], [ 776582.642111227381974, 8980105.913250621408224 ], [ 776582.616819806396961, 8980105.847765313461423 ], [ 776582.589245798066258, 8980105.78320793248713 ], [ 776582.559423173661344, 8980105.719658009707928 ], [ 776582.527388674323447, 8980105.657193841412663 ], [ 776582.493181766476482, 8980105.595892380923033 ], [ 776582.456844592932612, 8980105.535829152911901 ], [ 776582.418421920971014, 8980105.477078152820468 ], [ 776582.377961086924188, 8980105.419711764901876 ], [ 776582.335511938552372, 8980105.363800663501024 ], [ 776582.291126772994176, 8980105.30941372923553 ], [ 776582.244860272505321, 8980105.256617967039347 ], [ 776582.196769437170587, 8980105.205478422343731 ], [ 776582.146913514705375, 8980105.156058095395565 ], [ 776582.095353927463293, 8980105.108417876064777 ], [ 776582.042154196533374, 8980105.06261645630002 ], [ 776581.987379863741808, 8980105.018710259348154 ], [ 776581.931098410859704, 8980104.976753382012248 ], [ 776581.873379176249728, 8980104.936797512695193 ], [ 776581.81429326988291, 8980104.898891875520349 ], [ 776581.753913485328667, 8980104.863083174452186 ], [ 776581.692314210115001, 8980104.829415520653129 ], [ 776581.629571334342472, 8980104.797930395230651 ], [ 776581.565762156853452, 8980104.768666587769985 ], [ 776581.500965290353633, 8980104.74166015163064 ], [ 776581.435260564205237, 8980104.716944357380271 ], [ 776581.368728926405311, 8980104.694549653679132 ], [ 776581.30145234358497, 8980104.67450363188982 ], [ 776581.233513700193726, 8980104.656830990687013 ], [ 776581.164996696286835, 8980104.641553498804569 ], [ 776581.095985744497739, 8980104.628689981997013 ], [ 776581.026565866079181, 8980104.618256283923984 ], [ 776580.956822586013004, 8980104.610265262424946 ], [ 776580.886841827537864, 8980104.604726759716868 ], [ 776580.816709806793369, 8980104.601647602394223 ], [ 776580.74651292595081, 8980104.601031580939889 ], [ 776580.676337667391635, 8980104.602879455313087 ], [ 776580.606270486605354, 8980104.607188949361444 ], [ 776580.536397706135176, 8980104.61395475268364 ], [ 776580.466805408825167, 8980104.623168531805277 ], [ 776580.397579332231544, 8980104.634818933904171 ], [ 776580.328804762335494, 8980104.648891605436802 ], [ 776580.260566429118626, 8980104.665369208902121 ], [ 776580.192948402138427, 8980104.684231445193291 ], [ 776580.126033986220136, 8980104.70545507594943 ], [ 776580.059905619709753, 8980104.729013953357935 ], [ 776579.994644772494212, 8980104.754879053682089 ], [ 776579.930331845651381, 8980104.783018508926034 ], [ 776579.867046072264202, 8980104.813397655263543 ], [ 776579.804865420213901, 8980104.845979060977697 ], [ 776579.743866495788097, 8980104.880722589790821 ], [ 776579.684124449384399, 8980104.91758543625474 ], [ 776579.625712882960215, 8980104.956522185355425 ], [ 776579.568703759112395, 8980104.997484868392348 ], [ 776579.513167313067243, 8980105.040423018857837 ], [ 776579.459171965252608, 8980105.085283735767007 ], [ 776579.406784237944521, 8980105.132011752575636 ], [ 776579.356068672263063, 8980105.180549500510097 ], [ 776579.307087749824859, 8980105.230837181210518 ], [ 776579.259901814744808, 8980105.282812839373946 ], [ 776579.214568999828771, 8980105.336412442848086 ], [ 776579.171145155094564, 8980105.391569955274463 ], [ 776579.129683778388426, 8980105.448217425495386 ], [ 776579.090235949959606, 8980105.50628506205976 ], [ 776579.052850269363262, 8980105.565701326355338 ], [ 776579.017572795622982, 8980105.626393016427755 ], [ 776578.984446990303695, 8980105.688285363838077 ], [ 776578.953513664309867, 8980105.751302113756537 ], [ 776578.924810927477665, 8980105.815365632995963 ], [ 776578.898374141193926, 8980105.8803969938308 ], [ 776578.874235875671729, 8980105.946316078305244 ], [ 776578.852425868972205, 8980106.01304167509079 ], [ 776578.832970991148613, 8980106.080491576343775 ], [ 776578.815895210253075, 8980106.148582687601447 ], [ 776578.801219563814811, 8980106.217231117188931 ], [ 776578.78896213194821, 8980106.286352291703224 ], [ 776578.779138015932404, 8980106.355861056596041 ], [ 776578.77175931900274, 8980106.425671774893999 ], [ 776578.76683513156604, 8980106.495698440819979 ], [ 776578.764371520257555, 8980106.565854782238603 ], [ 776578.764371520257555, 8980106.636054364964366 ], [ 776578.76683513156604, 8980106.70621070638299 ], [ 776578.77175931900274, 8980106.776237372308969 ], [ 776578.779138015932404, 8980106.846048090606928 ], [ 776578.78896213194821, 8980106.915556855499744 ], [ 776578.801219563814811, 8980106.984678030014038 ], [ 776578.815895210253075, 8980107.053326459601521 ], [ 776578.832970991148613, 8980107.121417570859194 ], [ 776578.852425868972205, 8980107.188867472112179 ], [ 776578.874235875671729, 8980107.255593068897724 ], [ 776578.898374141193926, 8980107.321512153372169 ], [ 776578.924810927477665, 8980107.386543514207006 ], [ 776578.953513664309867, 8980107.450607033446431 ], [ 776578.984446990303695, 8980107.513623783364892 ], [ 776579.017572795622982, 8980107.575516130775213 ], [ 776579.052850269363262, 8980107.636207820847631 ], [ 776579.090235949959606, 8980107.695624085143209 ], [ 776579.129683778388426, 8980107.753691721707582 ], [ 776579.171145155094564, 8980107.810339191928506 ], [ 776579.214568999828771, 8980107.865496704354882 ], [ 776579.259901814744808, 8980107.919096307829022 ], [ 776579.307087749824859, 8980107.971071965992451 ], [ 776579.356068672263063, 8980108.021359646692872 ], [ 776579.406784237944521, 8980108.069897394627333 ], [ 776579.459171965252608, 8980108.116625411435962 ], [ 776579.513167313067243, 8980108.161486128345132 ], [ 776579.568703759112395, 8980108.20442427881062 ], [ 776579.625712882960215, 8980108.245386961847544 ], [ 776579.684124449384399, 8980108.284323710948229 ], [ 776579.743866495788097, 8980108.321186557412148 ], [ 776579.804865420213901, 8980108.355930086225271 ], [ 776579.867046072264202, 8980108.388511491939425 ], [ 776579.930331845651381, 8980108.418890638276935 ], [ 776579.994644772494212, 8980108.44703009352088 ], [ 776580.059905619709753, 8980108.472895193845034 ], [ 776580.126033986220136, 8980108.496454071253538 ], [ 776580.192948402138427, 8980108.517677702009678 ], [ 776580.260566429118626, 8980108.536539938300848 ], [ 776580.328804762335494, 8980108.553017541766167 ], [ 776580.397579332231544, 8980108.567090213298798 ], [ 776580.466805408825167, 8980108.578740615397692 ], [ 776580.536397706135176, 8980108.587954394519329 ], [ 776580.606270486605354, 8980108.594720197841525 ], [ 776580.676337667391635, 8980108.599029691889882 ], [ 776580.74651292595081, 8980108.60087756626308 ], [ 776580.816709806793369, 8980108.600261544808745 ], [ 776580.886841827537864, 8980108.5971823874861 ], [ 776580.956822586013004, 8980108.591643884778023 ], [ 776581.026565866079181, 8980108.583652863278985 ], [ 776581.095985744497739, 8980108.573219165205956 ], [ 776581.164996696286835, 8980108.560355648398399 ], [ 776581.233513700193726, 8980108.545078156515956 ], [ 776581.30145234358497, 8980108.527405515313148 ], [ 776581.368728926405311, 8980108.507359493523836 ], [ 776581.435260564205237, 8980108.484964789822698 ], [ 776581.500965290353633, 8980108.460248995572329 ], [ 776581.565762156853452, 8980108.433242559432983 ], [ 776581.629571334342472, 8980108.403978751972318 ], [ 776581.692314210115001, 8980108.37249362654984 ], [ 776581.753913485328667, 8980108.338825972750783 ], [ 776581.81429326988291, 8980108.30301727168262 ], [ 776581.873379176249728, 8980108.265111634507775 ], [ 776581.931098410859704, 8980108.225155765190721 ], [ 776581.987379863741808, 8980108.183198887854815 ], [ 776582.042154196533374, 8980108.139292690902948 ], [ 776582.095353927463293, 8980108.093491271138191 ], [ 776582.146913514705375, 8980108.045851051807404 ], [ 776582.196769437170587, 8980107.996430724859238 ], [ 776582.244860272505321, 8980107.945291180163622 ], [ 776582.291126772994176, 8980107.892495417967439 ], [ 776582.335511938552372, 8980107.838108483701944 ], [ 776582.377961086924188, 8980107.782197382301092 ], [ 776582.418421920971014, 8980107.724830994382501 ], [ 776582.456844592932612, 8980107.666079994291067 ], [ 776582.493181766476482, 8980107.606016766279936 ], [ 776582.527388674323447, 8980107.544715305790305 ], [ 776582.559423173661344, 8980107.482251137495041 ], [ 776582.589245798066258, 8980107.418701214715838 ], [ 776582.616819806396961, 8980107.354143833741546 ], [ 776582.642111227381974, 8980107.288658525794744 ], [ 776582.665088902343996, 8980107.222325969487429 ], [ 776582.685724522685632, 8980107.155227886512876 ], [ 776582.703992665628903, 8980107.087446941062808 ], [ 776582.719870824716054, 8980107.019066639244556 ], [ 776582.733339438098483, 8980106.950171226635575 ], [ 776582.744381912751123, 8980106.88084557838738 ], [ 776582.752984644146636, 8980106.811175107955933 ], [ 776582.759137033950537, 8980106.741245646029711 ], [ 776582.762831502244808, 8980106.671143345534801 ], [ 776582.764063497656025, 8980106.600954573601484 ] ] ] ] } },
{ "type": "Feature", "properties": { "LAYER": "MBox", "GM_TYPE": "Unknown Area Type", "ELEVATION": 14, "path": "D:/TGS GEOJSON/add data baru/Oebaba add/09_oe_ar_mbox.geojson" }, "geometry": { "type": "MultiPolygon", "coordinates": [ [ [ [ 776677.619772602571175, 8981184.144156936556101 ], [ 776677.618540607159957, 8981184.073968164622784 ], [ 776677.614846138865687, 8981184.003865864127874 ], [ 776677.608693749061786, 8981183.933936402201653 ], [ 776677.600091017666273, 8981183.864265931770205 ], [ 776677.589048543013632, 8981183.79494028352201 ], [ 776677.575579929631203, 8981183.726044870913029 ], [ 776677.559701770544052, 8981183.657664569094777 ], [ 776677.541433627600782, 8981183.58988362364471 ], [ 776677.520798007259145, 8981183.522785540670156 ], [ 776677.497820332297124, 8981183.456452984362841 ], [ 776677.472528911312111, 8981183.390967676416039 ], [ 776677.444954902981408, 8981183.326410295441747 ], [ 776677.415132278576493, 8981183.262860372662544 ], [ 776677.383097779238597, 8981183.20039620436728 ], [ 776677.348890871391632, 8981183.139094743877649 ], [ 776677.312553697847761, 8981183.079031515866518 ], [ 776677.274131025886163, 8981183.020280515775084 ], [ 776677.233670191839337, 8981182.962914127856493 ], [ 776677.191221043467522, 8981182.907003026455641 ], [ 776677.146835877909325, 8981182.852616092190146 ], [ 776677.10056937742047, 8981182.799820329993963 ], [ 776677.052478542085737, 8981182.748680785298347 ], [ 776677.002622619620524, 8981182.699260458350182 ], [ 776676.951063032378443, 8981182.651620239019394 ], [ 776676.897863301448524, 8981182.605818819254637 ], [ 776676.843088968656957, 8981182.561912622302771 ], [ 776676.786807515774854, 8981182.519955744966865 ], [ 776676.729088281164877, 8981182.47999987564981 ], [ 776676.670002374798059, 8981182.442094238474965 ], [ 776676.609622590243816, 8981182.406285537406802 ], [ 776676.54802331503015, 8981182.372617883607745 ], [ 776676.485280439257622, 8981182.341132758185267 ], [ 776676.421471261768602, 8981182.311868950724602 ], [ 776676.356674395268783, 8981182.284862514585257 ], [ 776676.290969669120386, 8981182.260146720334888 ], [ 776676.22443803132046, 8981182.237752016633749 ], [ 776676.157161448500119, 8981182.217705994844437 ], [ 776676.089222805108875, 8981182.200033353641629 ], [ 776676.020705801201984, 8981182.184755861759186 ], [ 776675.951694849412888, 8981182.17189234495163 ], [ 776675.882274970994331, 8981182.1614586468786 ], [ 776675.812531690928154, 8981182.153467625379562 ], [ 776675.742550932453014, 8981182.147929122671485 ], [ 776675.672418911708519, 8981182.14484996534884 ], [ 776675.60222203086596, 8981182.144233943894506 ], [ 776675.532046772306785, 8981182.146081818267703 ], [ 776675.461979591520503, 8981182.15039131231606 ], [ 776675.392106811050326, 8981182.157157115638256 ], [ 776675.322514513740316, 8981182.166370894759893 ], [ 776675.253288437146693, 8981182.178021296858788 ], [ 776675.184513867250644, 8981182.192093968391418 ], [ 776675.116275534033775, 8981182.208571571856737 ], [ 776675.048657507053576, 8981182.227433808147907 ], [ 776674.981743091135286, 8981182.248657438904047 ], [ 776674.915614724624902, 8981182.272216316312551 ], [ 776674.850353877409361, 8981182.298081416636705 ], [ 776674.78604095056653, 8981182.326220871880651 ], [ 776674.722755177179351, 8981182.35660001821816 ], [ 776674.66057452512905, 8981182.389181423932314 ], [ 776674.599575600703247, 8981182.423924952745438 ], [ 776674.539833554299548, 8981182.460787799209356 ], [ 776674.481421987875365, 8981182.499724548310041 ], [ 776674.424412864027545, 8981182.540687231346965 ], [ 776674.368876417982392, 8981182.583625381812453 ], [ 776674.314881070167758, 8981182.628486098721623 ], [ 776674.262493342859671, 8981182.675214115530252 ], [ 776674.211777777178213, 8981182.723751863464713 ], [ 776674.162796854740009, 8981182.774039544165134 ], [ 776674.115610919659957, 8981182.826015202328563 ], [ 776674.07027810474392, 8981182.879614805802703 ], [ 776674.026854260009713, 8981182.934772318229079 ], [ 776673.985392883303575, 8981182.991419788450003 ], [ 776673.945945054874755, 8981183.049487425014377 ], [ 776673.908559374278411, 8981183.108903689309955 ], [ 776673.873281900538132, 8981183.169595379382372 ], [ 776673.840156095218845, 8981183.231487726792693 ], [ 776673.809222769225016, 8981183.294504476711154 ], [ 776673.780520032392815, 8981183.35856799595058 ], [ 776673.754083246109076, 8981183.423599356785417 ], [ 776673.729944980586879, 8981183.489518441259861 ], [ 776673.708134973887354, 8981183.556244038045406 ], [ 776673.688680096063763, 8981183.623693939298391 ], [ 776673.671604315168224, 8981183.691785050556064 ], [ 776673.656928668729961, 8981183.760433480143547 ], [ 776673.64467123686336, 8981183.829554654657841 ], [ 776673.634847120847553, 8981183.899063419550657 ], [ 776673.62746842391789, 8981183.968874137848616 ], [ 776673.62254423648119, 8981184.038900803774595 ], [ 776673.620080625172704, 8981184.109057145193219 ], [ 776673.620080625172704, 8981184.179256727918983 ], [ 776673.62254423648119, 8981184.249413069337606 ], [ 776673.62746842391789, 8981184.319439735263586 ], [ 776673.634847120847553, 8981184.389250453561544 ], [ 776673.64467123686336, 8981184.458759218454361 ], [ 776673.656928668729961, 8981184.527880392968655 ], [ 776673.671604315168224, 8981184.596528822556138 ], [ 776673.688680096063763, 8981184.66461993381381 ], [ 776673.708134973887354, 8981184.732069835066795 ], [ 776673.729944980586879, 8981184.798795431852341 ], [ 776673.754083246109076, 8981184.864714516326785 ], [ 776673.780520032392815, 8981184.929745877161622 ], [ 776673.809222769225016, 8981184.993809396401048 ], [ 776673.840156095218845, 8981185.056826146319509 ], [ 776673.873281900538132, 8981185.11871849372983 ], [ 776673.908559374278411, 8981185.179410183802247 ], [ 776673.945945054874755, 8981185.238826448097825 ], [ 776673.985392883303575, 8981185.296894084662199 ], [ 776674.026854260009713, 8981185.353541554883122 ], [ 776674.07027810474392, 8981185.408699067309499 ], [ 776674.115610919659957, 8981185.462298670783639 ], [ 776674.162796854740009, 8981185.514274328947067 ], [ 776674.211777777178213, 8981185.564562009647489 ], [ 776674.262493342859671, 8981185.613099757581949 ], [ 776674.314881070167758, 8981185.659827774390578 ], [ 776674.368876417982392, 8981185.704688491299748 ], [ 776674.424412864027545, 8981185.747626641765237 ], [ 776674.481421987875365, 8981185.78858932480216 ], [ 776674.539833554299548, 8981185.827526073902845 ], [ 776674.599575600703247, 8981185.864388920366764 ], [ 776674.66057452512905, 8981185.899132449179888 ], [ 776674.722755177179351, 8981185.931713854894042 ], [ 776674.78604095056653, 8981185.962093001231551 ], [ 776674.850353877409361, 8981185.990232456475496 ], [ 776674.915614724624902, 8981186.01609755679965 ], [ 776674.981743091135286, 8981186.039656434208155 ], [ 776675.048657507053576, 8981186.060880064964294 ], [ 776675.116275534033775, 8981186.079742301255465 ], [ 776675.184513867250644, 8981186.096219904720783 ], [ 776675.253288437146693, 8981186.110292576253414 ], [ 776675.322514513740316, 8981186.121942978352308 ], [ 776675.392106811050326, 8981186.131156757473946 ], [ 776675.461979591520503, 8981186.137922560796142 ], [ 776675.532046772306785, 8981186.142232054844499 ], [ 776675.60222203086596, 8981186.144079929217696 ], [ 776675.672418911708519, 8981186.143463907763362 ], [ 776675.742550932453014, 8981186.140384750440717 ], [ 776675.812531690928154, 8981186.134846247732639 ], [ 776675.882274970994331, 8981186.126855226233602 ], [ 776675.951694849412888, 8981186.116421528160572 ], [ 776676.020705801201984, 8981186.103558011353016 ], [ 776676.089222805108875, 8981186.088280519470572 ], [ 776676.157161448500119, 8981186.070607878267765 ], [ 776676.22443803132046, 8981186.050561856478453 ], [ 776676.290969669120386, 8981186.028167152777314 ], [ 776676.356674395268783, 8981186.003451358526945 ], [ 776676.421471261768602, 8981185.9764449223876 ], [ 776676.485280439257622, 8981185.947181114926934 ], [ 776676.54802331503015, 8981185.915695989504457 ], [ 776676.609622590243816, 8981185.8820283357054 ], [ 776676.670002374798059, 8981185.846219634637237 ], [ 776676.729088281164877, 8981185.808313997462392 ], [ 776676.786807515774854, 8981185.768358128145337 ], [ 776676.843088968656957, 8981185.726401250809431 ], [ 776676.897863301448524, 8981185.682495053857565 ], [ 776676.951063032378443, 8981185.636693634092808 ], [ 776677.002622619620524, 8981185.58905341476202 ], [ 776677.052478542085737, 8981185.539633087813854 ], [ 776677.10056937742047, 8981185.488493543118238 ], [ 776677.146835877909325, 8981185.435697780922055 ], [ 776677.191221043467522, 8981185.381310846656561 ], [ 776677.233670191839337, 8981185.325399745255709 ], [ 776677.274131025886163, 8981185.268033357337117 ], [ 776677.312553697847761, 8981185.209282357245684 ], [ 776677.348890871391632, 8981185.149219129234552 ], [ 776677.383097779238597, 8981185.087917668744922 ], [ 776677.415132278576493, 8981185.025453500449657 ], [ 776677.444954902981408, 8981184.961903577670455 ], [ 776677.472528911312111, 8981184.897346196696162 ], [ 776677.497820332297124, 8981184.831860888749361 ], [ 776677.520798007259145, 8981184.765528332442045 ], [ 776677.541433627600782, 8981184.698430249467492 ], [ 776677.559701770544052, 8981184.630649304017425 ], [ 776677.575579929631203, 8981184.562269002199173 ], [ 776677.589048543013632, 8981184.493373589590192 ], [ 776677.600091017666273, 8981184.424047941341996 ], [ 776677.608693749061786, 8981184.354377470910549 ], [ 776677.614846138865687, 8981184.284448008984327 ], [ 776677.618540607159957, 8981184.214345708489418 ], [ 776677.619772602571175, 8981184.144156936556101 ] ] ] ] } },
{ "type": "Feature", "properties": { "LAYER": "MBox", "GM_TYPE": "Unknown Area Type", "ELEVATION": null, "path": "D:/TGS GEOJSON/add data baru/Oebaba add/09_oe_ar_mbox.geojson" }, "geometry": { "type": "MultiPolygon", "coordinates": [ [ [ [ 776668.540531191625632, 8981011.124514296650887 ], [ 776668.539299196214415, 8981011.054325524717569 ], [ 776668.535604727920145, 8981010.98422322422266 ], [ 776668.529452338116243, 8981010.914293762296438 ], [ 776668.520849606720731, 8981010.844623291864991 ], [ 776668.50980713206809, 8981010.775297643616796 ], [ 776668.496338518685661, 8981010.706402231007814 ], [ 776668.48046035959851, 8981010.638021929189563 ], [ 776668.462192216655239, 8981010.570240983739495 ], [ 776668.441556596313603, 8981010.503142900764942 ], [ 776668.418578921351582, 8981010.436810344457626 ], [ 776668.393287500366569, 8981010.371325036510825 ], [ 776668.365713492035866, 8981010.306767655536532 ], [ 776668.335890867630951, 8981010.24321773275733 ], [ 776668.303856368293054, 8981010.180753564462066 ], [ 776668.26964946044609, 8981010.119452103972435 ], [ 776668.233312286902219, 8981010.059388875961304 ], [ 776668.194889614940621, 8981010.00063787586987 ], [ 776668.154428780893795, 8981009.943271487951279 ], [ 776668.11197963252198, 8981009.887360386550426 ], [ 776668.067594466963783, 8981009.832973452284932 ], [ 776668.021327966474928, 8981009.780177690088749 ], [ 776667.973237131140195, 8981009.729038145393133 ], [ 776667.923381208674982, 8981009.679617818444967 ], [ 776667.8718216214329, 8981009.63197759911418 ], [ 776667.818621890502982, 8981009.586176179349422 ], [ 776667.763847557711415, 8981009.542269982397556 ], [ 776667.707566104829311, 8981009.50031310506165 ], [ 776667.649846870219335, 8981009.460357235744596 ], [ 776667.590760963852517, 8981009.422451598569751 ], [ 776667.530381179298274, 8981009.386642897501588 ], [ 776667.468781904084608, 8981009.352975243702531 ], [ 776667.40603902831208, 8981009.321490118280053 ], [ 776667.34222985082306, 8981009.292226310819387 ], [ 776667.277432984323241, 8981009.265219874680042 ], [ 776667.211728258174844, 8981009.240504080429673 ], [ 776667.145196620374918, 8981009.218109376728535 ], [ 776667.077920037554577, 8981009.198063354939222 ], [ 776667.009981394163333, 8981009.180390713736415 ], [ 776666.941464390256442, 8981009.165113221853971 ], [ 776666.872453438467346, 8981009.152249705046415 ], [ 776666.803033560048789, 8981009.141816006973386 ], [ 776666.733290279982612, 8981009.133824985474348 ], [ 776666.663309521507472, 8981009.128286482766271 ], [ 776666.593177500762977, 8981009.125207325443625 ], [ 776666.522980619920418, 8981009.124591303989291 ], [ 776666.452805361361243, 8981009.126439178362489 ], [ 776666.382738180574961, 8981009.130748672410846 ], [ 776666.312865400104783, 8981009.137514475733042 ], [ 776666.243273102794774, 8981009.146728254854679 ], [ 776666.174047026201151, 8981009.158378656953573 ], [ 776666.105272456305102, 8981009.172451328486204 ], [ 776666.037034123088233, 8981009.188928931951523 ], [ 776665.969416096108034, 8981009.207791168242693 ], [ 776665.902501680189744, 8981009.229014798998833 ], [ 776665.83637331367936, 8981009.252573676407337 ], [ 776665.771112466463819, 8981009.278438776731491 ], [ 776665.706799539620988, 8981009.306578231975436 ], [ 776665.643513766233809, 8981009.336957378312945 ], [ 776665.581333114183508, 8981009.3695387840271 ], [ 776665.520334189757705, 8981009.404282312840223 ], [ 776665.460592143354006, 8981009.441145159304142 ], [ 776665.402180576929823, 8981009.480081908404827 ], [ 776665.345171453082003, 8981009.521044591441751 ], [ 776665.28963500703685, 8981009.563982741907239 ], [ 776665.235639659222215, 8981009.608843458816409 ], [ 776665.183251931914128, 8981009.655571475625038 ], [ 776665.132536366232671, 8981009.704109223559499 ], [ 776665.083555443794467, 8981009.75439690425992 ], [ 776665.036369508714415, 8981009.806372562423348 ], [ 776664.991036693798378, 8981009.859972165897489 ], [ 776664.947612849064171, 8981009.915129678323865 ], [ 776664.906151472358033, 8981009.971777148544788 ], [ 776664.866703643929213, 8981010.029844785109162 ], [ 776664.829317963332869, 8981010.08926104940474 ], [ 776664.794040489592589, 8981010.149952739477158 ], [ 776664.760914684273303, 8981010.211845086887479 ], [ 776664.729981358279474, 8981010.27486183680594 ], [ 776664.701278621447273, 8981010.338925356045365 ], [ 776664.674841835163534, 8981010.403956716880202 ], [ 776664.650703569641337, 8981010.469875801354647 ], [ 776664.628893562941812, 8981010.536601398140192 ], [ 776664.609438685118221, 8981010.604051299393177 ], [ 776664.592362904222682, 8981010.672142410650849 ], [ 776664.577687257784419, 8981010.740790840238333 ], [ 776664.565429825917818, 8981010.809912014752626 ], [ 776664.555605709902011, 8981010.879420779645443 ], [ 776664.548227012972347, 8981010.949231497943401 ], [ 776664.543302825535648, 8981011.019258163869381 ], [ 776664.540839214227162, 8981011.089414505288005 ], [ 776664.540839214227162, 8981011.159614088013768 ], [ 776664.543302825535648, 8981011.229770429432392 ], [ 776664.548227012972347, 8981011.299797095358372 ], [ 776664.555605709902011, 8981011.36960781365633 ], [ 776664.565429825917818, 8981011.439116578549147 ], [ 776664.577687257784419, 8981011.50823775306344 ], [ 776664.592362904222682, 8981011.576886182650924 ], [ 776664.609438685118221, 8981011.644977293908596 ], [ 776664.628893562941812, 8981011.712427195161581 ], [ 776664.650703569641337, 8981011.779152791947126 ], [ 776664.674841835163534, 8981011.845071876421571 ], [ 776664.701278621447273, 8981011.910103237256408 ], [ 776664.729981358279474, 8981011.974166756495833 ], [ 776664.760914684273303, 8981012.037183506414294 ], [ 776664.794040489592589, 8981012.099075853824615 ], [ 776664.829317963332869, 8981012.159767543897033 ], [ 776664.866703643929213, 8981012.219183808192611 ], [ 776664.906151472358033, 8981012.277251444756985 ], [ 776664.947612849064171, 8981012.333898914977908 ], [ 776664.991036693798378, 8981012.389056427404284 ], [ 776665.036369508714415, 8981012.442656030878425 ], [ 776665.083555443794467, 8981012.494631689041853 ], [ 776665.132536366232671, 8981012.544919369742274 ], [ 776665.183251931914128, 8981012.593457117676735 ], [ 776665.235639659222215, 8981012.640185134485364 ], [ 776665.28963500703685, 8981012.685045851394534 ], [ 776665.345171453082003, 8981012.727984001860023 ], [ 776665.402180576929823, 8981012.768946684896946 ], [ 776665.460592143354006, 8981012.807883433997631 ], [ 776665.520334189757705, 8981012.84474628046155 ], [ 776665.581333114183508, 8981012.879489809274673 ], [ 776665.643513766233809, 8981012.912071214988828 ], [ 776665.706799539620988, 8981012.942450361326337 ], [ 776665.771112466463819, 8981012.970589816570282 ], [ 776665.83637331367936, 8981012.996454916894436 ], [ 776665.902501680189744, 8981013.02001379430294 ], [ 776665.969416096108034, 8981013.04123742505908 ], [ 776666.037034123088233, 8981013.06009966135025 ], [ 776666.105272456305102, 8981013.076577264815569 ], [ 776666.174047026201151, 8981013.0906499363482 ], [ 776666.243273102794774, 8981013.102300338447094 ], [ 776666.312865400104783, 8981013.111514117568731 ], [ 776666.382738180574961, 8981013.118279920890927 ], [ 776666.452805361361243, 8981013.122589414939284 ], [ 776666.522980619920418, 8981013.124437289312482 ], [ 776666.593177500762977, 8981013.123821267858148 ], [ 776666.663309521507472, 8981013.120742110535502 ], [ 776666.733290279982612, 8981013.115203607827425 ], [ 776666.803033560048789, 8981013.107212586328387 ], [ 776666.872453438467346, 8981013.096778888255358 ], [ 776666.941464390256442, 8981013.083915371447802 ], [ 776667.009981394163333, 8981013.068637879565358 ], [ 776667.077920037554577, 8981013.050965238362551 ], [ 776667.145196620374918, 8981013.030919216573238 ], [ 776667.211728258174844, 8981013.0085245128721 ], [ 776667.277432984323241, 8981012.983808718621731 ], [ 776667.34222985082306, 8981012.956802282482386 ], [ 776667.40603902831208, 8981012.92753847502172 ], [ 776667.468781904084608, 8981012.896053349599242 ], [ 776667.530381179298274, 8981012.862385695800185 ], [ 776667.590760963852517, 8981012.826576994732022 ], [ 776667.649846870219335, 8981012.788671357557178 ], [ 776667.707566104829311, 8981012.748715488240123 ], [ 776667.763847557711415, 8981012.706758610904217 ], [ 776667.818621890502982, 8981012.662852413952351 ], [ 776667.8718216214329, 8981012.617050994187593 ], [ 776667.923381208674982, 8981012.569410774856806 ], [ 776667.973237131140195, 8981012.51999044790864 ], [ 776668.021327966474928, 8981012.468850903213024 ], [ 776668.067594466963783, 8981012.416055141016841 ], [ 776668.11197963252198, 8981012.361668206751347 ], [ 776668.154428780893795, 8981012.305757105350494 ], [ 776668.194889614940621, 8981012.248390717431903 ], [ 776668.233312286902219, 8981012.189639717340469 ], [ 776668.26964946044609, 8981012.129576489329338 ], [ 776668.303856368293054, 8981012.068275028839707 ], [ 776668.335890867630951, 8981012.005810860544443 ], [ 776668.365713492035866, 8981011.942260937765241 ], [ 776668.393287500366569, 8981011.877703556790948 ], [ 776668.418578921351582, 8981011.812218248844147 ], [ 776668.441556596313603, 8981011.745885692536831 ], [ 776668.462192216655239, 8981011.678787609562278 ], [ 776668.48046035959851, 8981011.61100666411221 ], [ 776668.496338518685661, 8981011.542626362293959 ], [ 776668.50980713206809, 8981011.473730949684978 ], [ 776668.520849606720731, 8981011.404405301436782 ], [ 776668.529452338116243, 8981011.334734831005335 ], [ 776668.535604727920145, 8981011.264805369079113 ], [ 776668.539299196214415, 8981011.194703068584204 ], [ 776668.540531191625632, 8981011.124514296650887 ] ] ] ] } },
{ "type": "Feature", "properties": { "LAYER": "MBox", "GM_TYPE": "Unknown Area Type", "ELEVATION": null, "path": "D:/TGS GEOJSON/add data baru/Oebaba add/09_oe_ar_mbox.geojson" }, "geometry": { "type": "MultiPolygon", "coordinates": [ [ [ [ 777090.653943486511707, 8981169.512633988633752 ], [ 777090.65271149110049, 8981169.442445216700435 ], [ 777090.64901702280622, 8981169.372342916205525 ], [ 777090.642864633002318, 8981169.302413454279304 ], [ 777090.634261901606806, 8981169.232742983847857 ], [ 777090.623219426954165, 8981169.163417335599661 ], [ 777090.609750813571736, 8981169.09452192299068 ], [ 777090.593872654484585, 8981169.026141621172428 ], [ 777090.575604511541314, 8981168.958360675722361 ], [ 777090.554968891199678, 8981168.891262592747808 ], [ 777090.531991216237657, 8981168.824930036440492 ], [ 777090.506699795252644, 8981168.75944472849369 ], [ 777090.479125786921941, 8981168.694887347519398 ], [ 777090.449303162517026, 8981168.631337424740195 ], [ 777090.417268663179129, 8981168.568873256444931 ], [ 777090.383061755332164, 8981168.5075717959553 ], [ 777090.346724581788294, 8981168.447508567944169 ], [ 777090.308301909826696, 8981168.388757567852736 ], [ 777090.26784107577987, 8981168.331391179934144 ], [ 777090.225391927408054, 8981168.275480078533292 ], [ 777090.181006761849858, 8981168.221093144267797 ], [ 777090.134740261361003, 8981168.168297382071614 ], [ 777090.08664942602627, 8981168.117157837375998 ], [ 777090.036793503561057, 8981168.067737510427833 ], [ 777089.985233916318975, 8981168.020097291097045 ], [ 777089.932034185389057, 8981167.974295871332288 ], [ 777089.87725985259749, 8981167.930389674380422 ], [ 777089.820978399715386, 8981167.888432797044516 ], [ 777089.76325916510541, 8981167.848476927727461 ], [ 777089.704173258738592, 8981167.810571290552616 ], [ 777089.643793474184349, 8981167.774762589484453 ], [ 777089.582194198970683, 8981167.741094935685396 ], [ 777089.519451323198155, 8981167.709609810262918 ], [ 777089.455642145709135, 8981167.680346002802253 ], [ 777089.390845279209316, 8981167.653339566662908 ], [ 777089.325140553060919, 8981167.628623772412539 ], [ 777089.258608915260993, 8981167.6062290687114 ], [ 777089.191332332440652, 8981167.586183046922088 ], [ 777089.123393689049408, 8981167.56851040571928 ], [ 777089.054876685142517, 8981167.553232913836837 ], [ 777088.985865733353421, 8981167.540369397029281 ], [ 777088.916445854934864, 8981167.529935698956251 ], [ 777088.846702574868686, 8981167.521944677457213 ], [ 777088.776721816393547, 8981167.516406174749136 ], [ 777088.706589795649052, 8981167.513327017426491 ], [ 777088.636392914806493, 8981167.512710995972157 ], [ 777088.566217656247318, 8981167.514558870345354 ], [ 777088.496150475461036, 8981167.518868364393711 ], [ 777088.426277694990858, 8981167.525634167715907 ], [ 777088.356685397680849, 8981167.534847946837544 ], [ 777088.287459321087226, 8981167.546498348936439 ], [ 777088.218684751191176, 8981167.560571020469069 ], [ 777088.150446417974308, 8981167.577048623934388 ], [ 777088.082828390994109, 8981167.595910860225558 ], [ 777088.015913975075819, 8981167.617134490981698 ], [ 777087.949785608565435, 8981167.640693368390203 ], [ 777087.884524761349894, 8981167.666558468714356 ], [ 777087.820211834507063, 8981167.694697923958302 ], [ 777087.756926061119884, 8981167.725077070295811 ], [ 777087.694745409069583, 8981167.757658476009965 ], [ 777087.63374648464378, 8981167.792402004823089 ], [ 777087.574004438240081, 8981167.829264851287007 ], [ 777087.515592871815898, 8981167.868201600387692 ], [ 777087.458583747968078, 8981167.909164283424616 ], [ 777087.403047301922925, 8981167.952102433890104 ], [ 777087.34905195410829, 8981167.996963150799274 ], [ 777087.296664226800203, 8981168.043691167607903 ], [ 777087.245948661118746, 8981168.092228915542364 ], [ 777087.196967738680542, 8981168.142516596242785 ], [ 777087.14978180360049, 8981168.194492254406214 ], [ 777087.104448988684453, 8981168.248091857880354 ], [ 777087.061025143950246, 8981168.30324937030673 ], [ 777087.019563767244108, 8981168.359896840527654 ], [ 777086.980115938815288, 8981168.417964477092028 ], [ 777086.942730258218944, 8981168.477380741387606 ], [ 777086.907452784478664, 8981168.538072431460023 ], [ 777086.874326979159378, 8981168.599964778870344 ], [ 777086.843393653165549, 8981168.662981528788805 ], [ 777086.814690916333348, 8981168.727045048028231 ], [ 777086.788254130049609, 8981168.792076408863068 ], [ 777086.764115864527412, 8981168.857995493337512 ], [ 777086.742305857827887, 8981168.924721090123057 ], [ 777086.722850980004296, 8981168.992170991376042 ], [ 777086.705775199108757, 8981169.060262102633715 ], [ 777086.691099552670494, 8981169.128910532221198 ], [ 777086.678842120803893, 8981169.198031706735492 ], [ 777086.669018004788086, 8981169.267540471628308 ], [ 777086.661639307858422, 8981169.337351189926267 ], [ 777086.656715120421723, 8981169.407377855852246 ], [ 777086.654251509113237, 8981169.47753419727087 ], [ 777086.654251509113237, 8981169.547733779996634 ], [ 777086.656715120421723, 8981169.617890121415257 ], [ 777086.661639307858422, 8981169.687916787341237 ], [ 777086.669018004788086, 8981169.757727505639195 ], [ 777086.678842120803893, 8981169.827236270532012 ], [ 777086.691099552670494, 8981169.896357445046306 ], [ 777086.705775199108757, 8981169.965005874633789 ], [ 777086.722850980004296, 8981170.033096985891461 ], [ 777086.742305857827887, 8981170.100546887144446 ], [ 777086.764115864527412, 8981170.167272483929992 ], [ 777086.788254130049609, 8981170.233191568404436 ], [ 777086.814690916333348, 8981170.298222929239273 ], [ 777086.843393653165549, 8981170.362286448478699 ], [ 777086.874326979159378, 8981170.42530319839716 ], [ 777086.907452784478664, 8981170.487195545807481 ], [ 777086.942730258218944, 8981170.547887235879898 ], [ 777086.980115938815288, 8981170.607303500175476 ], [ 777087.019563767244108, 8981170.66537113673985 ], [ 777087.061025143950246, 8981170.722018606960773 ], [ 777087.104448988684453, 8981170.77717611938715 ], [ 777087.14978180360049, 8981170.83077572286129 ], [ 777087.196967738680542, 8981170.882751381024718 ], [ 777087.245948661118746, 8981170.93303906172514 ], [ 777087.296664226800203, 8981170.9815768096596 ], [ 777087.34905195410829, 8981171.028304826468229 ], [ 777087.403047301922925, 8981171.073165543377399 ], [ 777087.458583747968078, 8981171.116103693842888 ], [ 777087.515592871815898, 8981171.157066376879811 ], [ 777087.574004438240081, 8981171.196003125980496 ], [ 777087.63374648464378, 8981171.232865972444415 ], [ 777087.694745409069583, 8981171.267609501257539 ], [ 777087.756926061119884, 8981171.300190906971693 ], [ 777087.820211834507063, 8981171.330570053309202 ], [ 777087.884524761349894, 8981171.358709508553147 ], [ 777087.949785608565435, 8981171.384574608877301 ], [ 777088.015913975075819, 8981171.408133486285806 ], [ 777088.082828390994109, 8981171.429357117041945 ], [ 777088.150446417974308, 8981171.448219353333116 ], [ 777088.218684751191176, 8981171.464696956798434 ], [ 777088.287459321087226, 8981171.478769628331065 ], [ 777088.356685397680849, 8981171.490420030429959 ], [ 777088.426277694990858, 8981171.499633809551597 ], [ 777088.496150475461036, 8981171.506399612873793 ], [ 777088.566217656247318, 8981171.51070910692215 ], [ 777088.636392914806493, 8981171.512556981295347 ], [ 777088.706589795649052, 8981171.511940959841013 ], [ 777088.776721816393547, 8981171.508861802518368 ], [ 777088.846702574868686, 8981171.50332329981029 ], [ 777088.916445854934864, 8981171.495332278311253 ], [ 777088.985865733353421, 8981171.484898580238223 ], [ 777089.054876685142517, 8981171.472035063430667 ], [ 777089.123393689049408, 8981171.456757571548223 ], [ 777089.191332332440652, 8981171.439084930345416 ], [ 777089.258608915260993, 8981171.419038908556104 ], [ 777089.325140553060919, 8981171.396644204854965 ], [ 777089.390845279209316, 8981171.371928410604596 ], [ 777089.455642145709135, 8981171.344921974465251 ], [ 777089.519451323198155, 8981171.315658167004585 ], [ 777089.582194198970683, 8981171.284173041582108 ], [ 777089.643793474184349, 8981171.250505387783051 ], [ 777089.704173258738592, 8981171.214696686714888 ], [ 777089.76325916510541, 8981171.176791049540043 ], [ 777089.820978399715386, 8981171.136835180222988 ], [ 777089.87725985259749, 8981171.094878302887082 ], [ 777089.932034185389057, 8981171.050972105935216 ], [ 777089.985233916318975, 8981171.005170686170459 ], [ 777090.036793503561057, 8981170.957530466839671 ], [ 777090.08664942602627, 8981170.908110139891505 ], [ 777090.134740261361003, 8981170.856970595195889 ], [ 777090.181006761849858, 8981170.804174832999706 ], [ 777090.225391927408054, 8981170.749787898734212 ], [ 777090.26784107577987, 8981170.69387679733336 ], [ 777090.308301909826696, 8981170.636510409414768 ], [ 777090.346724581788294, 8981170.577759409323335 ], [ 777090.383061755332164, 8981170.517696181312203 ], [ 777090.417268663179129, 8981170.456394720822573 ], [ 777090.449303162517026, 8981170.393930552527308 ], [ 777090.479125786921941, 8981170.330380629748106 ], [ 777090.506699795252644, 8981170.265823248773813 ], [ 777090.531991216237657, 8981170.200337940827012 ], [ 777090.554968891199678, 8981170.134005384519696 ], [ 777090.575604511541314, 8981170.066907301545143 ], [ 777090.593872654484585, 8981169.999126356095076 ], [ 777090.609750813571736, 8981169.930746054276824 ], [ 777090.623219426954165, 8981169.861850641667843 ], [ 777090.634261901606806, 8981169.792524993419647 ], [ 777090.642864633002318, 8981169.7228545229882 ], [ 777090.64901702280622, 8981169.652925061061978 ], [ 777090.65271149110049, 8981169.582822760567069 ], [ 777090.653943486511707, 8981169.512633988633752 ] ] ] ] } },
{ "type": "Feature", "properties": { "LAYER": "MBox", "GM_TYPE": "Unknown Area Type", "ELEVATION": null, "path": "D:/TGS GEOJSON/add data baru/Oebaba add/09_oe_ar_mbox.geojson" }, "geometry": { "type": "MultiPolygon", "coordinates": [ [ [ [ 777080.841881103347987, 8980995.196549065411091 ], [ 777080.84064910793677, 8980995.126360293477774 ], [ 777080.836954639642499, 8980995.056257992982864 ], [ 777080.830802249838598, 8980994.986328531056643 ], [ 777080.822199518443085, 8980994.916658060625196 ], [ 777080.811157043790445, 8980994.847332412377 ], [ 777080.797688430408016, 8980994.778436999768019 ], [ 777080.781810271320865, 8980994.710056697949767 ], [ 777080.763542128377594, 8980994.6422757524997 ], [ 777080.742906508035958, 8980994.575177669525146 ], [ 777080.719928833073936, 8980994.508845113217831 ], [ 777080.694637412088923, 8980994.443359805271029 ], [ 777080.66706340375822, 8980994.378802424296737 ], [ 777080.637240779353306, 8980994.315252501517534 ], [ 777080.605206280015409, 8980994.25278833322227 ], [ 777080.570999372168444, 8980994.191486872732639 ], [ 777080.534662198624574, 8980994.131423644721508 ], [ 777080.496239526662976, 8980994.072672644630075 ], [ 777080.45577869261615, 8980994.015306256711483 ], [ 777080.413329544244334, 8980993.959395155310631 ], [ 777080.368944378686137, 8980993.905008221045136 ], [ 777080.322677878197283, 8980993.852212458848953 ], [ 777080.274587042862549, 8980993.801072914153337 ], [ 777080.224731120397337, 8980993.751652587205172 ], [ 777080.173171533155255, 8980993.704012367874384 ], [ 777080.119971802225336, 8980993.658210948109627 ], [ 777080.06519746943377, 8980993.614304751157761 ], [ 777080.008916016551666, 8980993.572347873821855 ], [ 777079.95119678194169, 8980993.5323920045048 ], [ 777079.892110875574872, 8980993.494486367329955 ], [ 777079.831731091020629, 8980993.458677666261792 ], [ 777079.770131815806963, 8980993.425010012462735 ], [ 777079.707388940034434, 8980993.393524887040257 ], [ 777079.643579762545414, 8980993.364261079579592 ], [ 777079.578782896045595, 8980993.337254643440247 ], [ 777079.513078169897199, 8980993.312538849189878 ], [ 777079.446546532097273, 8980993.290144145488739 ], [ 777079.379269949276932, 8980993.270098123699427 ], [ 777079.311331305885687, 8980993.252425482496619 ], [ 777079.242814301978797, 8980993.237147990614176 ], [ 777079.173803350189701, 8980993.22428447380662 ], [ 777079.104383471771143, 8980993.21385077573359 ], [ 777079.034640191704966, 8980993.205859754234552 ], [ 777078.964659433229826, 8980993.200321251526475 ], [ 777078.894527412485331, 8980993.19724209420383 ], [ 777078.824330531642772, 8980993.196626072749496 ], [ 777078.754155273083597, 8980993.198473947122693 ], [ 777078.684088092297316, 8980993.20278344117105 ], [ 777078.614215311827138, 8980993.209549244493246 ], [ 777078.544623014517128, 8980993.218763023614883 ], [ 777078.475396937923506, 8980993.230413425713778 ], [ 777078.406622368027456, 8980993.244486097246408 ], [ 777078.338384034810588, 8980993.260963700711727 ], [ 777078.270766007830389, 8980993.279825937002897 ], [ 777078.203851591912098, 8980993.301049567759037 ], [ 777078.137723225401714, 8980993.324608445167542 ], [ 777078.072462378186174, 8980993.350473545491695 ], [ 777078.008149451343343, 8980993.378613000735641 ], [ 777077.944863677956164, 8980993.40899214707315 ], [ 777077.882683025905862, 8980993.441573552787304 ], [ 777077.821684101480059, 8980993.476317081600428 ], [ 777077.761942055076361, 8980993.513179928064346 ], [ 777077.703530488652177, 8980993.552116677165031 ], [ 777077.646521364804357, 8980993.593079360201955 ], [ 777077.590984918759204, 8980993.636017510667443 ], [ 777077.53698957094457, 8980993.680878227576613 ], [ 777077.484601843636483, 8980993.727606244385242 ], [ 777077.433886277955025, 8980993.776143992319703 ], [ 777077.384905355516821, 8980993.826431673020124 ], [ 777077.33771942043677, 8980993.878407331183553 ], [ 777077.292386605520733, 8980993.932006934657693 ], [ 777077.248962760786526, 8980993.987164447084069 ], [ 777077.207501384080388, 8980994.043811917304993 ], [ 777077.168053555651568, 8980994.101879553869367 ], [ 777077.130667875055224, 8980994.161295818164945 ], [ 777077.095390401314944, 8980994.221987508237362 ], [ 777077.062264595995657, 8980994.283879855647683 ], [ 777077.031331270001829, 8980994.346896605566144 ], [ 777077.002628533169627, 8980994.41096012480557 ], [ 777076.976191746885888, 8980994.475991485640407 ], [ 777076.952053481363691, 8980994.541910570114851 ], [ 777076.930243474664167, 8980994.608636166900396 ], [ 777076.910788596840575, 8980994.676086068153381 ], [ 777076.893712815945037, 8980994.744177179411054 ], [ 777076.879037169506773, 8980994.812825608998537 ], [ 777076.866779737640172, 8980994.881946783512831 ], [ 777076.856955621624365, 8980994.951455548405647 ], [ 777076.849576924694702, 8980995.021266266703606 ], [ 777076.844652737258002, 8980995.091292932629585 ], [ 777076.842189125949517, 8980995.161449274048209 ], [ 777076.842189125949517, 8980995.231648856773973 ], [ 777076.844652737258002, 8980995.301805198192596 ], [ 777076.849576924694702, 8980995.371831864118576 ], [ 777076.856955621624365, 8980995.441642582416534 ], [ 777076.866779737640172, 8980995.511151347309351 ], [ 777076.879037169506773, 8980995.580272521823645 ], [ 777076.893712815945037, 8980995.648920951411128 ], [ 777076.910788596840575, 8980995.7170120626688 ], [ 777076.930243474664167, 8980995.784461963921785 ], [ 777076.952053481363691, 8980995.851187560707331 ], [ 777076.976191746885888, 8980995.917106645181775 ], [ 777077.002628533169627, 8980995.982138006016612 ], [ 777077.031331270001829, 8980996.046201525256038 ], [ 777077.062264595995657, 8980996.109218275174499 ], [ 777077.095390401314944, 8980996.17111062258482 ], [ 777077.130667875055224, 8980996.231802312657237 ], [ 777077.168053555651568, 8980996.291218576952815 ], [ 777077.207501384080388, 8980996.349286213517189 ], [ 777077.248962760786526, 8980996.405933683738112 ], [ 777077.292386605520733, 8980996.461091196164489 ], [ 777077.33771942043677, 8980996.514690799638629 ], [ 777077.384905355516821, 8980996.566666457802057 ], [ 777077.433886277955025, 8980996.616954138502479 ], [ 777077.484601843636483, 8980996.665491886436939 ], [ 777077.53698957094457, 8980996.712219903245568 ], [ 777077.590984918759204, 8980996.757080620154738 ], [ 777077.646521364804357, 8980996.800018770620227 ], [ 777077.703530488652177, 8980996.84098145365715 ], [ 777077.761942055076361, 8980996.879918202757835 ], [ 777077.821684101480059, 8980996.916781049221754 ], [ 777077.882683025905862, 8980996.951524578034878 ], [ 777077.944863677956164, 8980996.984105983749032 ], [ 777078.008149451343343, 8980997.014485130086541 ], [ 777078.072462378186174, 8980997.042624585330486 ], [ 777078.137723225401714, 8980997.06848968565464 ], [ 777078.203851591912098, 8980997.092048563063145 ], [ 777078.270766007830389, 8980997.113272193819284 ], [ 777078.338384034810588, 8980997.132134430110455 ], [ 777078.406622368027456, 8980997.148612033575773 ], [ 777078.475396937923506, 8980997.162684705108404 ], [ 777078.544623014517128, 8980997.174335107207298 ], [ 777078.614215311827138, 8980997.183548886328936 ], [ 777078.684088092297316, 8980997.190314689651132 ], [ 777078.754155273083597, 8980997.194624183699489 ], [ 777078.824330531642772, 8980997.196472058072686 ], [ 777078.894527412485331, 8980997.195856036618352 ], [ 777078.964659433229826, 8980997.192776879295707 ], [ 777079.034640191704966, 8980997.187238376587629 ], [ 777079.104383471771143, 8980997.179247355088592 ], [ 777079.173803350189701, 8980997.168813657015562 ], [ 777079.242814301978797, 8980997.155950140208006 ], [ 777079.311331305885687, 8980997.140672648325562 ], [ 777079.379269949276932, 8980997.123000007122755 ], [ 777079.446546532097273, 8980997.102953985333443 ], [ 777079.513078169897199, 8980997.080559281632304 ], [ 777079.578782896045595, 8980997.055843487381935 ], [ 777079.643579762545414, 8980997.02883705124259 ], [ 777079.707388940034434, 8980996.999573243781924 ], [ 777079.770131815806963, 8980996.968088118359447 ], [ 777079.831731091020629, 8980996.93442046456039 ], [ 777079.892110875574872, 8980996.898611763492227 ], [ 777079.95119678194169, 8980996.860706126317382 ], [ 777080.008916016551666, 8980996.820750257000327 ], [ 777080.06519746943377, 8980996.778793379664421 ], [ 777080.119971802225336, 8980996.734887182712555 ], [ 777080.173171533155255, 8980996.689085762947798 ], [ 777080.224731120397337, 8980996.64144554361701 ], [ 777080.274587042862549, 8980996.592025216668844 ], [ 777080.322677878197283, 8980996.540885671973228 ], [ 777080.368944378686137, 8980996.488089909777045 ], [ 777080.413329544244334, 8980996.433702975511551 ], [ 777080.45577869261615, 8980996.377791874110699 ], [ 777080.496239526662976, 8980996.320425486192107 ], [ 777080.534662198624574, 8980996.261674486100674 ], [ 777080.570999372168444, 8980996.201611258089542 ], [ 777080.605206280015409, 8980996.140309797599912 ], [ 777080.637240779353306, 8980996.077845629304647 ], [ 777080.66706340375822, 8980996.014295706525445 ], [ 777080.694637412088923, 8980995.949738325551152 ], [ 777080.719928833073936, 8980995.884253017604351 ], [ 777080.742906508035958, 8980995.817920461297035 ], [ 777080.763542128377594, 8980995.750822378322482 ], [ 777080.781810271320865, 8980995.683041432872415 ], [ 777080.797688430408016, 8980995.614661131054163 ], [ 777080.811157043790445, 8980995.545765718445182 ], [ 777080.822199518443085, 8980995.476440070196986 ], [ 777080.830802249838598, 8980995.406769599765539 ], [ 777080.836954639642499, 8980995.336840137839317 ], [ 777080.84064910793677, 8980995.266737837344408 ], [ 777080.841881103347987, 8980995.196549065411091 ] ] ] ] } },
{ "type": "Feature", "properties": { "LAYER": "MBox", "GM_TYPE": "Unknown Area Type", "ELEVATION": null, "path": "D:/TGS GEOJSON/add data baru/Oebaba add/09_oe_ar_mbox.geojson" }, "geometry": { "type": "MultiPolygon", "coordinates": [ [ [ [ 776357.337453855201602, 8980836.082635257393122 ], [ 776357.336221859790385, 8980836.012446485459805 ], [ 776357.332527391496114, 8980835.942344184964895 ], [ 776357.326375001692213, 8980835.872414723038673 ], [ 776357.3177722702967, 8980835.802744252607226 ], [ 776357.30672979564406, 8980835.733418604359031 ], [ 776357.293261182261631, 8980835.66452319175005 ], [ 776357.27738302317448, 8980835.596142889931798 ], [ 776357.259114880231209, 8980835.52836194448173 ], [ 776357.238479259889573, 8980835.461263861507177 ], [ 776357.215501584927551, 8980835.394931305199862 ], [ 776357.190210163942538, 8980835.32944599725306 ], [ 776357.162636155611835, 8980835.264888616278768 ], [ 776357.132813531206921, 8980835.201338693499565 ], [ 776357.100779031869024, 8980835.138874525204301 ], [ 776357.066572124022059, 8980835.07757306471467 ], [ 776357.030234950478189, 8980835.017509836703539 ], [ 776356.991812278516591, 8980834.958758836612105 ], [ 776356.951351444469765, 8980834.901392448693514 ], [ 776356.908902296097949, 8980834.845481347292662 ], [ 776356.864517130539753, 8980834.791094413027167 ], [ 776356.818250630050898, 8980834.738298650830984 ], [ 776356.770159794716164, 8980834.687159106135368 ], [ 776356.720303872250952, 8980834.637738779187202 ], [ 776356.66874428500887, 8980834.590098559856415 ], [ 776356.615544554078951, 8980834.544297140091658 ], [ 776356.560770221287385, 8980834.500390943139791 ], [ 776356.504488768405281, 8980834.458434065803885 ], [ 776356.446769533795305, 8980834.418478196486831 ], [ 776356.387683627428487, 8980834.380572559311986 ], [ 776356.327303842874244, 8980834.344763858243823 ], [ 776356.265704567660578, 8980834.311096204444766 ], [ 776356.202961691888049, 8980834.279611079022288 ], [ 776356.139152514399029, 8980834.250347271561623 ], [ 776356.07435564789921, 8980834.223340835422277 ], [ 776356.008650921750814, 8980834.198625041171908 ], [ 776355.942119283950888, 8980834.17623033747077 ], [ 776355.874842701130547, 8980834.156184315681458 ], [ 776355.806904057739303, 8980834.13851167447865 ], [ 776355.738387053832412, 8980834.123234182596207 ], [ 776355.669376102043316, 8980834.110370665788651 ], [ 776355.599956223624758, 8980834.099936967715621 ], [ 776355.530212943558581, 8980834.091945946216583 ], [ 776355.460232185083441, 8980834.086407443508506 ], [ 776355.390100164338946, 8980834.083328286185861 ], [ 776355.319903283496387, 8980834.082712264731526 ], [ 776355.249728024937212, 8980834.084560139104724 ], [ 776355.179660844150931, 8980834.088869633153081 ], [ 776355.109788063680753, 8980834.095635436475277 ], [ 776355.040195766370744, 8980834.104849215596914 ], [ 776354.970969689777121, 8980834.116499617695808 ], [ 776354.902195119881071, 8980834.130572289228439 ], [ 776354.833956786664203, 8980834.147049892693758 ], [ 776354.766338759684004, 8980834.165912128984928 ], [ 776354.699424343765713, 8980834.187135759741068 ], [ 776354.633295977255329, 8980834.210694637149572 ], [ 776354.568035130039789, 8980834.236559737473726 ], [ 776354.503722203196958, 8980834.264699192717671 ], [ 776354.440436429809779, 8980834.295078339055181 ], [ 776354.378255777759477, 8980834.327659744769335 ], [ 776354.317256853333674, 8980834.362403273582458 ], [ 776354.257514806929976, 8980834.399266120046377 ], [ 776354.199103240505792, 8980834.438202869147062 ], [ 776354.142094116657972, 8980834.479165552183986 ], [ 776354.086557670612819, 8980834.522103702649474 ], [ 776354.032562322798185, 8980834.566964419558644 ], [ 776353.980174595490098, 8980834.613692436367273 ], [ 776353.92945902980864, 8980834.662230184301734 ], [ 776353.880478107370436, 8980834.712517865002155 ], [ 776353.833292172290385, 8980834.764493523165584 ], [ 776353.787959357374348, 8980834.818093126639724 ], [ 776353.744535512640141, 8980834.8732506390661 ], [ 776353.703074135934003, 8980834.929898109287024 ], [ 776353.663626307505183, 8980834.987965745851398 ], [ 776353.626240626908839, 8980835.047382010146976 ], [ 776353.590963153168559, 8980835.108073700219393 ], [ 776353.557837347849272, 8980835.169966047629714 ], [ 776353.526904021855444, 8980835.232982797548175 ], [ 776353.498201285023242, 8980835.297046316787601 ], [ 776353.471764498739503, 8980835.362077677622437 ], [ 776353.447626233217306, 8980835.427996762096882 ], [ 776353.425816226517782, 8980835.494722358882427 ], [ 776353.40636134869419, 8980835.562172260135412 ], [ 776353.389285567798652, 8980835.630263371393085 ], [ 776353.374609921360388, 8980835.698911800980568 ], [ 776353.362352489493787, 8980835.768032975494862 ], [ 776353.35252837347798, 8980835.837541740387678 ], [ 776353.345149676548317, 8980835.907352458685637 ], [ 776353.340225489111617, 8980835.977379124611616 ], [ 776353.337761877803132, 8980836.04753546603024 ], [ 776353.337761877803132, 8980836.117735048756003 ], [ 776353.340225489111617, 8980836.187891390174627 ], [ 776353.345149676548317, 8980836.257918056100607 ], [ 776353.35252837347798, 8980836.327728774398565 ], [ 776353.362352489493787, 8980836.397237539291382 ], [ 776353.374609921360388, 8980836.466358713805676 ], [ 776353.389285567798652, 8980836.535007143393159 ], [ 776353.40636134869419, 8980836.603098254650831 ], [ 776353.425816226517782, 8980836.670548155903816 ], [ 776353.447626233217306, 8980836.737273752689362 ], [ 776353.471764498739503, 8980836.803192837163806 ], [ 776353.498201285023242, 8980836.868224197998643 ], [ 776353.526904021855444, 8980836.932287717238069 ], [ 776353.557837347849272, 8980836.995304467156529 ], [ 776353.590963153168559, 8980837.057196814566851 ], [ 776353.626240626908839, 8980837.117888504639268 ], [ 776353.663626307505183, 8980837.177304768934846 ], [ 776353.703074135934003, 8980837.23537240549922 ], [ 776353.744535512640141, 8980837.292019875720143 ], [ 776353.787959357374348, 8980837.34717738814652 ], [ 776353.833292172290385, 8980837.40077699162066 ], [ 776353.880478107370436, 8980837.452752649784088 ], [ 776353.92945902980864, 8980837.503040330484509 ], [ 776353.980174595490098, 8980837.55157807841897 ], [ 776354.032562322798185, 8980837.598306095227599 ], [ 776354.086557670612819, 8980837.643166812136769 ], [ 776354.142094116657972, 8980837.686104962602258 ], [ 776354.199103240505792, 8980837.727067645639181 ], [ 776354.257514806929976, 8980837.766004394739866 ], [ 776354.317256853333674, 8980837.802867241203785 ], [ 776354.378255777759477, 8980837.837610770016909 ], [ 776354.440436429809779, 8980837.870192175731063 ], [ 776354.503722203196958, 8980837.900571322068572 ], [ 776354.568035130039789, 8980837.928710777312517 ], [ 776354.633295977255329, 8980837.954575877636671 ], [ 776354.699424343765713, 8980837.978134755045176 ], [ 776354.766338759684004, 8980837.999358385801315 ], [ 776354.833956786664203, 8980838.018220622092485 ], [ 776354.902195119881071, 8980838.034698225557804 ], [ 776354.970969689777121, 8980838.048770897090435 ], [ 776355.040195766370744, 8980838.060421299189329 ], [ 776355.109788063680753, 8980838.069635078310966 ], [ 776355.179660844150931, 8980838.076400881633162 ], [ 776355.249728024937212, 8980838.08071037568152 ], [ 776355.319903283496387, 8980838.082558250054717 ], [ 776355.390100164338946, 8980838.081942228600383 ], [ 776355.460232185083441, 8980838.078863071277738 ], [ 776355.530212943558581, 8980838.07332456856966 ], [ 776355.599956223624758, 8980838.065333547070622 ], [ 776355.669376102043316, 8980838.054899848997593 ], [ 776355.738387053832412, 8980838.042036332190037 ], [ 776355.806904057739303, 8980838.026758840307593 ], [ 776355.874842701130547, 8980838.009086199104786 ], [ 776355.942119283950888, 8980837.989040177315474 ], [ 776356.008650921750814, 8980837.966645473614335 ], [ 776356.07435564789921, 8980837.941929679363966 ], [ 776356.139152514399029, 8980837.914923243224621 ], [ 776356.202961691888049, 8980837.885659435763955 ], [ 776356.265704567660578, 8980837.854174310341477 ], [ 776356.327303842874244, 8980837.82050665654242 ], [ 776356.387683627428487, 8980837.784697955474257 ], [ 776356.446769533795305, 8980837.746792318299413 ], [ 776356.504488768405281, 8980837.706836448982358 ], [ 776356.560770221287385, 8980837.664879571646452 ], [ 776356.615544554078951, 8980837.620973374694586 ], [ 776356.66874428500887, 8980837.575171954929829 ], [ 776356.720303872250952, 8980837.527531735599041 ], [ 776356.770159794716164, 8980837.478111408650875 ], [ 776356.818250630050898, 8980837.426971863955259 ], [ 776356.864517130539753, 8980837.374176101759076 ], [ 776356.908902296097949, 8980837.319789167493582 ], [ 776356.951351444469765, 8980837.26387806609273 ], [ 776356.991812278516591, 8980837.206511678174138 ], [ 776357.030234950478189, 8980837.147760678082705 ], [ 776357.066572124022059, 8980837.087697450071573 ], [ 776357.100779031869024, 8980837.026395989581943 ], [ 776357.132813531206921, 8980836.963931821286678 ], [ 776357.162636155611835, 8980836.900381898507476 ], [ 776357.190210163942538, 8980836.835824517533183 ], [ 776357.215501584927551, 8980836.770339209586382 ], [ 776357.238479259889573, 8980836.704006653279066 ], [ 776357.259114880231209, 8980836.636908570304513 ], [ 776357.27738302317448, 8980836.569127624854445 ], [ 776357.293261182261631, 8980836.500747323036194 ], [ 776357.30672979564406, 8980836.431851910427213 ], [ 776357.3177722702967, 8980836.362526262179017 ], [ 776357.326375001692213, 8980836.29285579174757 ], [ 776357.332527391496114, 8980836.222926329821348 ], [ 776357.336221859790385, 8980836.152824029326439 ], [ 776357.337453855201602, 8980836.082635257393122 ] ] ] ] } },
{ "type": "Feature", "properties": { "LAYER": "MBox", "GM_TYPE": "Unknown Area Type", "ELEVATION": null, "path": "D:/TGS GEOJSON/add data baru/Oebaba add/09_oe_ar_mbox.geojson" }, "geometry": { "type": "MultiPolygon", "coordinates": [ [ [ [ 776570.915203849901445, 8980108.609472114592791 ], [ 776570.913971854490228, 8980108.539283342659473 ], [ 776570.910277386195958, 8980108.469181042164564 ], [ 776570.904124996392056, 8980108.399251580238342 ], [ 776570.895522264996544, 8980108.329581109806895 ], [ 776570.884479790343903, 8980108.2602554615587 ], [ 776570.871011176961474, 8980108.191360048949718 ], [ 776570.855133017874323, 8980108.122979747131467 ], [ 776570.836864874931052, 8980108.055198801681399 ], [ 776570.816229254589416, 8980107.988100718706846 ], [ 776570.793251579627395, 8980107.92176816239953 ], [ 776570.767960158642381, 8980107.856282854452729 ], [ 776570.740386150311679, 8980107.791725473478436 ], [ 776570.710563525906764, 8980107.728175550699234 ], [ 776570.678529026568867, 8980107.66571138240397 ], [ 776570.644322118721902, 8980107.604409921914339 ], [ 776570.607984945178032, 8980107.544346693903208 ], [ 776570.569562273216434, 8980107.485595693811774 ], [ 776570.529101439169608, 8980107.428229305893183 ], [ 776570.486652290797792, 8980107.372318204492331 ], [ 776570.442267125239596, 8980107.317931270226836 ], [ 776570.396000624750741, 8980107.265135508030653 ], [ 776570.347909789416008, 8980107.213995963335037 ], [ 776570.298053866950795, 8980107.164575636386871 ], [ 776570.246494279708713, 8980107.116935417056084 ], [ 776570.193294548778795, 8980107.071133997291327 ], [ 776570.138520215987228, 8980107.02722780033946 ], [ 776570.082238763105124, 8980106.985270923003554 ], [ 776570.024519528495148, 8980106.9453150536865 ], [ 776569.96543362212833, 8980106.907409416511655 ], [ 776569.905053837574087, 8980106.871600715443492 ], [ 776569.843454562360421, 8980106.837933061644435 ], [ 776569.780711686587892, 8980106.806447936221957 ], [ 776569.716902509098873, 8980106.777184128761292 ], [ 776569.652105642599054, 8980106.750177692621946 ], [ 776569.586400916450657, 8980106.725461898371577 ], [ 776569.519869278650731, 8980106.703067194670439 ], [ 776569.45259269583039, 8980106.683021172881126 ], [ 776569.384654052439146, 8980106.665348531678319 ], [ 776569.316137048532255, 8980106.650071039795876 ], [ 776569.247126096743159, 8980106.637207522988319 ], [ 776569.177706218324602, 8980106.62677382491529 ], [ 776569.107962938258424, 8980106.618782803416252 ], [ 776569.037982179783285, 8980106.613244300708175 ], [ 776568.96785015903879, 8980106.61016514338553 ], [ 776568.897653278196231, 8980106.609549121931195 ], [ 776568.827478019637056, 8980106.611396996304393 ], [ 776568.757410838850774, 8980106.61570649035275 ], [ 776568.687538058380596, 8980106.622472293674946 ], [ 776568.617945761070587, 8980106.631686072796583 ], [ 776568.548719684476964, 8980106.643336474895477 ], [ 776568.479945114580914, 8980106.657409146428108 ], [ 776568.411706781364046, 8980106.673886749893427 ], [ 776568.344088754383847, 8980106.692748986184597 ], [ 776568.277174338465557, 8980106.713972616940737 ], [ 776568.211045971955173, 8980106.737531494349241 ], [ 776568.145785124739632, 8980106.763396594673395 ], [ 776568.081472197896801, 8980106.79153604991734 ], [ 776568.018186424509622, 8980106.821915196254849 ], [ 776567.956005772459321, 8980106.854496601969004 ], [ 776567.895006848033518, 8980106.889240130782127 ], [ 776567.835264801629819, 8980106.926102977246046 ], [ 776567.776853235205635, 8980106.965039726346731 ], [ 776567.719844111357816, 8980107.006002409383655 ], [ 776567.664307665312663, 8980107.048940559849143 ], [ 776567.610312317498028, 8980107.093801276758313 ], [ 776567.557924590189941, 8980107.140529293566942 ], [ 776567.507209024508484, 8980107.189067041501403 ], [ 776567.458228102070279, 8980107.239354722201824 ], [ 776567.411042166990228, 8980107.291330380365252 ], [ 776567.365709352074191, 8980107.344929983839393 ], [ 776567.322285507339984, 8980107.400087496265769 ], [ 776567.280824130633846, 8980107.456734966486692 ], [ 776567.241376302205026, 8980107.514802603051066 ], [ 776567.203990621608682, 8980107.574218867346644 ], [ 776567.168713147868402, 8980107.634910557419062 ], [ 776567.135587342549115, 8980107.696802904829383 ], [ 776567.104654016555287, 8980107.759819654747844 ], [ 776567.075951279723085, 8980107.823883173987269 ], [ 776567.049514493439347, 8980107.888914534822106 ], [ 776567.02537622791715, 8980107.954833619296551 ], [ 776567.003566221217625, 8980108.021559216082096 ], [ 776566.984111343394034, 8980108.089009117335081 ], [ 776566.967035562498495, 8980108.157100228592753 ], [ 776566.952359916060232, 8980108.225748658180237 ], [ 776566.940102484193631, 8980108.29486983269453 ], [ 776566.930278368177824, 8980108.364378597587347 ], [ 776566.92289967124816, 8980108.434189315885305 ], [ 776566.91797548381146, 8980108.504215981811285 ], [ 776566.915511872502975, 8980108.574372323229909 ], [ 776566.915511872502975, 8980108.644571905955672 ], [ 776566.91797548381146, 8980108.714728247374296 ], [ 776566.92289967124816, 8980108.784754913300276 ], [ 776566.930278368177824, 8980108.854565631598234 ], [ 776566.940102484193631, 8980108.924074396491051 ], [ 776566.952359916060232, 8980108.993195571005344 ], [ 776566.967035562498495, 8980109.061844000592828 ], [ 776566.984111343394034, 8980109.1299351118505 ], [ 776567.003566221217625, 8980109.197385013103485 ], [ 776567.02537622791715, 8980109.26411060988903 ], [ 776567.049514493439347, 8980109.330029694363475 ], [ 776567.075951279723085, 8980109.395061055198312 ], [ 776567.104654016555287, 8980109.459124574437737 ], [ 776567.135587342549115, 8980109.522141324356198 ], [ 776567.168713147868402, 8980109.58403367176652 ], [ 776567.203990621608682, 8980109.644725361838937 ], [ 776567.241376302205026, 8980109.704141626134515 ], [ 776567.280824130633846, 8980109.762209262698889 ], [ 776567.322285507339984, 8980109.818856732919812 ], [ 776567.365709352074191, 8980109.874014245346189 ], [ 776567.411042166990228, 8980109.927613848820329 ], [ 776567.458228102070279, 8980109.979589506983757 ], [ 776567.507209024508484, 8980110.029877187684178 ], [ 776567.557924590189941, 8980110.078414935618639 ], [ 776567.610312317498028, 8980110.125142952427268 ], [ 776567.664307665312663, 8980110.170003669336438 ], [ 776567.719844111357816, 8980110.212941819801927 ], [ 776567.776853235205635, 8980110.25390450283885 ], [ 776567.835264801629819, 8980110.292841251939535 ], [ 776567.895006848033518, 8980110.329704098403454 ], [ 776567.956005772459321, 8980110.364447627216578 ], [ 776568.018186424509622, 8980110.397029032930732 ], [ 776568.081472197896801, 8980110.427408179268241 ], [ 776568.145785124739632, 8980110.455547634512186 ], [ 776568.211045971955173, 8980110.48141273483634 ], [ 776568.277174338465557, 8980110.504971612244844 ], [ 776568.344088754383847, 8980110.526195243000984 ], [ 776568.411706781364046, 8980110.545057479292154 ], [ 776568.479945114580914, 8980110.561535082757473 ], [ 776568.548719684476964, 8980110.575607754290104 ], [ 776568.617945761070587, 8980110.587258156388998 ], [ 776568.687538058380596, 8980110.596471935510635 ], [ 776568.757410838850774, 8980110.603237738832831 ], [ 776568.827478019637056, 8980110.607547232881188 ], [ 776568.897653278196231, 8980110.609395107254386 ], [ 776568.96785015903879, 8980110.608779085800052 ], [ 776569.037982179783285, 8980110.605699928477407 ], [ 776569.107962938258424, 8980110.600161425769329 ], [ 776569.177706218324602, 8980110.592170404270291 ], [ 776569.247126096743159, 8980110.581736706197262 ], [ 776569.316137048532255, 8980110.568873189389706 ], [ 776569.384654052439146, 8980110.553595697507262 ], [ 776569.45259269583039, 8980110.535923056304455 ], [ 776569.519869278650731, 8980110.515877034515142 ], [ 776569.586400916450657, 8980110.493482330814004 ], [ 776569.652105642599054, 8980110.468766536563635 ], [ 776569.716902509098873, 8980110.44176010042429 ], [ 776569.780711686587892, 8980110.412496292963624 ], [ 776569.843454562360421, 8980110.381011167541146 ], [ 776569.905053837574087, 8980110.347343513742089 ], [ 776569.96543362212833, 8980110.311534812673926 ], [ 776570.024519528495148, 8980110.273629175499082 ], [ 776570.082238763105124, 8980110.233673306182027 ], [ 776570.138520215987228, 8980110.191716428846121 ], [ 776570.193294548778795, 8980110.147810231894255 ], [ 776570.246494279708713, 8980110.102008812129498 ], [ 776570.298053866950795, 8980110.05436859279871 ], [ 776570.347909789416008, 8980110.004948265850544 ], [ 776570.396000624750741, 8980109.953808721154928 ], [ 776570.442267125239596, 8980109.901012958958745 ], [ 776570.486652290797792, 8980109.846626024693251 ], [ 776570.529101439169608, 8980109.790714923292398 ], [ 776570.569562273216434, 8980109.733348535373807 ], [ 776570.607984945178032, 8980109.674597535282373 ], [ 776570.644322118721902, 8980109.614534307271242 ], [ 776570.678529026568867, 8980109.553232846781611 ], [ 776570.710563525906764, 8980109.490768678486347 ], [ 776570.740386150311679, 8980109.427218755707145 ], [ 776570.767960158642381, 8980109.362661374732852 ], [ 776570.793251579627395, 8980109.297176066786051 ], [ 776570.816229254589416, 8980109.230843510478735 ], [ 776570.836864874931052, 8980109.163745427504182 ], [ 776570.855133017874323, 8980109.095964482054114 ], [ 776570.871011176961474, 8980109.027584180235863 ], [ 776570.884479790343903, 8980108.958688767626882 ], [ 776570.895522264996544, 8980108.889363119378686 ], [ 776570.904124996392056, 8980108.819692648947239 ], [ 776570.910277386195958, 8980108.749763187021017 ], [ 776570.913971854490228, 8980108.679660886526108 ], [ 776570.915203849901445, 8980108.609472114592791 ] ] ] ] } },
{ "type": "Feature", "properties": { "LAYER": "MBox", "GM_TYPE": "Unknown Area Type", "ELEVATION": null, "path": "D:/TGS GEOJSON/add data baru/Oebaba add/09_oe_ar_mbox.geojson" }, "geometry": { "type": "MultiPolygon", "coordinates": [ [ [ [ 775912.435578912496567, 8980749.712847407907248 ], [ 775912.43434691708535, 8980749.64265863597393 ], [ 775912.430652448791079, 8980749.572556335479021 ], [ 775912.424500058987178, 8980749.502626873552799 ], [ 775912.415897327591665, 8980749.432956403121352 ], [ 775912.404854852939025, 8980749.363630754873157 ], [ 775912.391386239556596, 8980749.294735342264175 ], [ 775912.375508080469444, 8980749.226355040445924 ], [ 775912.357239937526174, 8980749.158574094995856 ], [ 775912.336604317184538, 8980749.091476012021303 ], [ 775912.313626642222516, 8980749.025143455713987 ], [ 775912.288335221237503, 8980748.959658147767186 ], [ 775912.2607612129068, 8980748.895100766792893 ], [ 775912.230938588501886, 8980748.831550844013691 ], [ 775912.198904089163989, 8980748.769086675718427 ], [ 775912.164697181317024, 8980748.707785215228796 ], [ 775912.128360007773153, 8980748.647721987217665 ], [ 775912.089937335811555, 8980748.588970987126231 ], [ 775912.04947650176473, 8980748.53160459920764 ], [ 775912.007027353392914, 8980748.475693497806787 ], [ 775911.962642187834717, 8980748.421306563541293 ], [ 775911.916375687345862, 8980748.36851080134511 ], [ 775911.868284852011129, 8980748.317371256649494 ], [ 775911.818428929545917, 8980748.267950929701328 ], [ 775911.766869342303835, 8980748.220310710370541 ], [ 775911.713669611373916, 8980748.174509290605783 ], [ 775911.658895278582349, 8980748.130603093653917 ], [ 775911.602613825700246, 8980748.088646216318011 ], [ 775911.544894591090269, 8980748.048690347000957 ], [ 775911.485808684723452, 8980748.010784709826112 ], [ 775911.425428900169209, 8980747.974976008757949 ], [ 775911.363829624955542, 8980747.941308354958892 ], [ 775911.301086749183014, 8980747.909823229536414 ], [ 775911.237277571693994, 8980747.880559422075748 ], [ 775911.172480705194175, 8980747.853552985936403 ], [ 775911.106775979045779, 8980747.828837191686034 ], [ 775911.040244341245852, 8980747.806442487984896 ], [ 775910.972967758425511, 8980747.786396466195583 ], [ 775910.905029115034267, 8980747.768723824992776 ], [ 775910.836512111127377, 8980747.753446333110332 ], [ 775910.767501159338281, 8980747.740582816302776 ], [ 775910.698081280919723, 8980747.730149118229747 ], [ 775910.628338000853546, 8980747.722158096730709 ], [ 775910.558357242378406, 8980747.716619594022632 ], [ 775910.488225221633911, 8980747.713540436699986 ], [ 775910.418028340791352, 8980747.712924415245652 ], [ 775910.347853082232177, 8980747.71477228961885 ], [ 775910.277785901445895, 8980747.719081783667207 ], [ 775910.207913120975718, 8980747.725847586989403 ], [ 775910.138320823665708, 8980747.73506136611104 ], [ 775910.069094747072086, 8980747.746711768209934 ], [ 775910.000320177176036, 8980747.760784439742565 ], [ 775909.932081843959168, 8980747.777262043207884 ], [ 775909.864463816978969, 8980747.796124279499054 ], [ 775909.797549401060678, 8980747.817347910255194 ], [ 775909.731421034550294, 8980747.840906787663698 ], [ 775909.666160187334754, 8980747.866771887987852 ], [ 775909.601847260491922, 8980747.894911343231797 ], [ 775909.538561487104744, 8980747.925290489569306 ], [ 775909.476380835054442, 8980747.957871895283461 ], [ 775909.415381910628639, 8980747.992615424096584 ], [ 775909.355639864224941, 8980748.029478270560503 ], [ 775909.297228297800757, 8980748.068415019661188 ], [ 775909.240219173952937, 8980748.109377702698112 ], [ 775909.184682727907784, 8980748.1523158531636 ], [ 775909.13068738009315, 8980748.19717657007277 ], [ 775909.078299652785063, 8980748.243904586881399 ], [ 775909.027584087103605, 8980748.29244233481586 ], [ 775908.978603164665401, 8980748.342730015516281 ], [ 775908.93141722958535, 8980748.394705673679709 ], [ 775908.886084414669313, 8980748.44830527715385 ], [ 775908.842660569935106, 8980748.503462789580226 ], [ 775908.801199193228967, 8980748.560110259801149 ], [ 775908.761751364800148, 8980748.618177896365523 ], [ 775908.724365684203804, 8980748.677594160661101 ], [ 775908.689088210463524, 8980748.738285850733519 ], [ 775908.655962405144237, 8980748.80017819814384 ], [ 775908.625029079150409, 8980748.863194948062301 ], [ 775908.596326342318207, 8980748.927258467301726 ], [ 775908.569889556034468, 8980748.992289828136563 ], [ 775908.545751290512271, 8980749.058208912611008 ], [ 775908.523941283812746, 8980749.124934509396553 ], [ 775908.504486405989155, 8980749.192384410649538 ], [ 775908.487410625093617, 8980749.26047552190721 ], [ 775908.472734978655353, 8980749.329123951494694 ], [ 775908.460477546788752, 8980749.398245126008987 ], [ 775908.450653430772945, 8980749.467753890901804 ], [ 775908.443274733843282, 8980749.537564609199762 ], [ 775908.438350546406582, 8980749.607591275125742 ], [ 775908.435886935098097, 8980749.677747616544366 ], [ 775908.435886935098097, 8980749.747947199270129 ], [ 775908.438350546406582, 8980749.818103540688753 ], [ 775908.443274733843282, 8980749.888130206614733 ], [ 775908.450653430772945, 8980749.957940924912691 ], [ 775908.460477546788752, 8980750.027449689805508 ], [ 775908.472734978655353, 8980750.096570864319801 ], [ 775908.487410625093617, 8980750.165219293907285 ], [ 775908.504486405989155, 8980750.233310405164957 ], [ 775908.523941283812746, 8980750.300760306417942 ], [ 775908.545751290512271, 8980750.367485903203487 ], [ 775908.569889556034468, 8980750.433404987677932 ], [ 775908.596326342318207, 8980750.498436348512769 ], [ 775908.625029079150409, 8980750.562499867752194 ], [ 775908.655962405144237, 8980750.625516617670655 ], [ 775908.689088210463524, 8980750.687408965080976 ], [ 775908.724365684203804, 8980750.748100655153394 ], [ 775908.761751364800148, 8980750.807516919448972 ], [ 775908.801199193228967, 8980750.865584556013346 ], [ 775908.842660569935106, 8980750.922232026234269 ], [ 775908.886084414669313, 8980750.977389538660645 ], [ 775908.93141722958535, 8980751.030989142134786 ], [ 775908.978603164665401, 8980751.082964800298214 ], [ 775909.027584087103605, 8980751.133252480998635 ], [ 775909.078299652785063, 8980751.181790228933096 ], [ 775909.13068738009315, 8980751.228518245741725 ], [ 775909.184682727907784, 8980751.273378962650895 ], [ 775909.240219173952937, 8980751.316317113116384 ], [ 775909.297228297800757, 8980751.357279796153307 ], [ 775909.355639864224941, 8980751.396216545253992 ], [ 775909.415381910628639, 8980751.433079391717911 ], [ 775909.476380835054442, 8980751.467822920531034 ], [ 775909.538561487104744, 8980751.500404326245189 ], [ 775909.601847260491922, 8980751.530783472582698 ], [ 775909.666160187334754, 8980751.558922927826643 ], [ 775909.731421034550294, 8980751.584788028150797 ], [ 775909.797549401060678, 8980751.608346905559301 ], [ 775909.864463816978969, 8980751.629570536315441 ], [ 775909.932081843959168, 8980751.648432772606611 ], [ 775910.000320177176036, 8980751.66491037607193 ], [ 775910.069094747072086, 8980751.678983047604561 ], [ 775910.138320823665708, 8980751.690633449703455 ], [ 775910.207913120975718, 8980751.699847228825092 ], [ 775910.277785901445895, 8980751.706613032147288 ], [ 775910.347853082232177, 8980751.710922526195645 ], [ 775910.418028340791352, 8980751.712770400568843 ], [ 775910.488225221633911, 8980751.712154379114509 ], [ 775910.558357242378406, 8980751.709075221791863 ], [ 775910.628338000853546, 8980751.703536719083786 ], [ 775910.698081280919723, 8980751.695545697584748 ], [ 775910.767501159338281, 8980751.685111999511719 ], [ 775910.836512111127377, 8980751.672248482704163 ], [ 775910.905029115034267, 8980751.656970990821719 ], [ 775910.972967758425511, 8980751.639298349618912 ], [ 775911.040244341245852, 8980751.619252327829599 ], [ 775911.106775979045779, 8980751.596857624128461 ], [ 775911.172480705194175, 8980751.572141829878092 ], [ 775911.237277571693994, 8980751.545135393738747 ], [ 775911.301086749183014, 8980751.515871586278081 ], [ 775911.363829624955542, 8980751.484386460855603 ], [ 775911.425428900169209, 8980751.450718807056546 ], [ 775911.485808684723452, 8980751.414910105988383 ], [ 775911.544894591090269, 8980751.377004468813539 ], [ 775911.602613825700246, 8980751.337048599496484 ], [ 775911.658895278582349, 8980751.295091722160578 ], [ 775911.713669611373916, 8980751.251185525208712 ], [ 775911.766869342303835, 8980751.205384105443954 ], [ 775911.818428929545917, 8980751.157743886113167 ], [ 775911.868284852011129, 8980751.108323559165001 ], [ 775911.916375687345862, 8980751.057184014469385 ], [ 775911.962642187834717, 8980751.004388252273202 ], [ 775912.007027353392914, 8980750.950001318007708 ], [ 775912.04947650176473, 8980750.894090216606855 ], [ 775912.089937335811555, 8980750.836723828688264 ], [ 775912.128360007773153, 8980750.77797282859683 ], [ 775912.164697181317024, 8980750.717909600585699 ], [ 775912.198904089163989, 8980750.656608140096068 ], [ 775912.230938588501886, 8980750.594143971800804 ], [ 775912.2607612129068, 8980750.530594049021602 ], [ 775912.288335221237503, 8980750.466036668047309 ], [ 775912.313626642222516, 8980750.400551360100508 ], [ 775912.336604317184538, 8980750.334218803793192 ], [ 775912.357239937526174, 8980750.267120720818639 ], [ 775912.375508080469444, 8980750.199339775368571 ], [ 775912.391386239556596, 8980750.13095947355032 ], [ 775912.404854852939025, 8980750.062064060941339 ], [ 775912.415897327591665, 8980749.992738412693143 ], [ 775912.424500058987178, 8980749.923067942261696 ], [ 775912.430652448791079, 8980749.853138480335474 ], [ 775912.43434691708535, 8980749.783036179840565 ], [ 775912.435578912496567, 8980749.712847407907248 ] ] ] ] } },
{ "type": "Feature", "properties": { "LAYER": "MBox", "GM_TYPE": "Unknown Area Type", "ELEVATION": null, "path": "D:/TGS GEOJSON/add data baru/Oebaba add/09_oe_ar_mbox.geojson" }, "geometry": { "type": "MultiPolygon", "coordinates": [ [ [ [ 775922.743823725613765, 8980921.426713045686483 ], [ 775922.742591730202548, 8980921.356524273753166 ], [ 775922.738897261908278, 8980921.286421973258257 ], [ 775922.732744872104377, 8980921.216492511332035 ], [ 775922.724142140708864, 8980921.146822040900588 ], [ 775922.713099666056223, 8980921.077496392652392 ], [ 775922.699631052673794, 8980921.008600980043411 ], [ 775922.683752893586643, 8980920.94022067822516 ], [ 775922.665484750643373, 8980920.872439732775092 ], [ 775922.644849130301736, 8980920.805341649800539 ], [ 775922.621871455339715, 8980920.739009093493223 ], [ 775922.596580034354702, 8980920.673523785546422 ], [ 775922.569006026023999, 8980920.608966404572129 ], [ 775922.539183401619084, 8980920.545416481792927 ], [ 775922.507148902281187, 8980920.482952313497663 ], [ 775922.472941994434223, 8980920.421650853008032 ], [ 775922.436604820890352, 8980920.361587624996901 ], [ 775922.398182148928754, 8980920.302836624905467 ], [ 775922.357721314881928, 8980920.245470236986876 ], [ 775922.315272166510113, 8980920.189559135586023 ], [ 775922.270887000951916, 8980920.135172201320529 ], [ 775922.224620500463061, 8980920.082376439124346 ], [ 775922.176529665128328, 8980920.03123689442873 ], [ 775922.126673742663115, 8980919.981816567480564 ], [ 775922.075114155421034, 8980919.934176348149776 ], [ 775922.021914424491115, 8980919.888374928385019 ], [ 775921.967140091699548, 8980919.844468731433153 ], [ 775921.910858638817444, 8980919.802511854097247 ], [ 775921.853139404207468, 8980919.762555984780192 ], [ 775921.79405349784065, 8980919.724650347605348 ], [ 775921.733673713286407, 8980919.688841646537185 ], [ 775921.672074438072741, 8980919.655173992738128 ], [ 775921.609331562300213, 8980919.62368886731565 ], [ 775921.545522384811193, 8980919.594425059854984 ], [ 775921.480725518311374, 8980919.567418623715639 ], [ 775921.415020792162977, 8980919.54270282946527 ], [ 775921.348489154363051, 8980919.520308125764132 ], [ 775921.28121257154271, 8980919.500262103974819 ], [ 775921.213273928151466, 8980919.482589462772012 ], [ 775921.144756924244575, 8980919.467311970889568 ], [ 775921.075745972455479, 8980919.454448454082012 ], [ 775921.006326094036922, 8980919.444014756008983 ], [ 775920.936582813970745, 8980919.436023734509945 ], [ 775920.866602055495605, 8980919.430485231801867 ], [ 775920.79647003475111, 8980919.427406074479222 ], [ 775920.726273153908551, 8980919.426790053024888 ], [ 775920.656097895349376, 8980919.428637927398086 ], [ 775920.586030714563094, 8980919.432947421446443 ], [ 775920.516157934092917, 8980919.439713224768639 ], [ 775920.446565636782907, 8980919.448927003890276 ], [ 775920.377339560189284, 8980919.46057740598917 ], [ 775920.308564990293235, 8980919.474650077521801 ], [ 775920.240326657076366, 8980919.49112768098712 ], [ 775920.172708630096167, 8980919.50998991727829 ], [ 775920.105794214177877, 8980919.53121354803443 ], [ 775920.039665847667493, 8980919.554772425442934 ], [ 775919.974405000451952, 8980919.580637525767088 ], [ 775919.910092073609121, 8980919.608776981011033 ], [ 775919.846806300221942, 8980919.639156127348542 ], [ 775919.784625648171641, 8980919.671737533062696 ], [ 775919.723626723745838, 8980919.70648106187582 ], [ 775919.663884677342139, 8980919.743343908339739 ], [ 775919.605473110917956, 8980919.782280657440424 ], [ 775919.548463987070136, 8980919.823243340477347 ], [ 775919.492927541024983, 8980919.866181490942836 ], [ 775919.438932193210348, 8980919.911042207852006 ], [ 775919.386544465902261, 8980919.957770224660635 ], [ 775919.335828900220804, 8980920.006307972595096 ], [ 775919.2868479777826, 8980920.056595653295517 ], [ 775919.239662042702548, 8980920.108571311458945 ], [ 775919.194329227786511, 8980920.162170914933085 ], [ 775919.150905383052304, 8980920.217328427359462 ], [ 775919.109444006346166, 8980920.273975897580385 ], [ 775919.069996177917346, 8980920.332043534144759 ], [ 775919.032610497321002, 8980920.391459798440337 ], [ 775918.997333023580723, 8980920.452151488512754 ], [ 775918.964207218261436, 8980920.514043835923076 ], [ 775918.933273892267607, 8980920.577060585841537 ], [ 775918.904571155435406, 8980920.641124105080962 ], [ 775918.878134369151667, 8980920.706155465915799 ], [ 775918.85399610362947, 8980920.772074550390244 ], [ 775918.832186096929945, 8980920.838800147175789 ], [ 775918.812731219106354, 8980920.906250048428774 ], [ 775918.795655438210815, 8980920.974341159686446 ], [ 775918.780979791772552, 8980921.04298958927393 ], [ 775918.768722359905951, 8980921.112110763788223 ], [ 775918.758898243890144, 8980921.18161952868104 ], [ 775918.751519546960481, 8980921.251430246978998 ], [ 775918.746595359523781, 8980921.321456912904978 ], [ 775918.744131748215295, 8980921.391613254323602 ], [ 775918.744131748215295, 8980921.461812837049365 ], [ 775918.746595359523781, 8980921.531969178467989 ], [ 775918.751519546960481, 8980921.601995844393969 ], [ 775918.758898243890144, 8980921.671806562691927 ], [ 775918.768722359905951, 8980921.741315327584743 ], [ 775918.780979791772552, 8980921.810436502099037 ], [ 775918.795655438210815, 8980921.879084931686521 ], [ 775918.812731219106354, 8980921.947176042944193 ], [ 775918.832186096929945, 8980922.014625944197178 ], [ 775918.85399610362947, 8980922.081351540982723 ], [ 775918.878134369151667, 8980922.147270625457168 ], [ 775918.904571155435406, 8980922.212301986292005 ], [ 775918.933273892267607, 8980922.27636550553143 ], [ 775918.964207218261436, 8980922.339382255449891 ], [ 775918.997333023580723, 8980922.401274602860212 ], [ 775919.032610497321002, 8980922.46196629293263 ], [ 775919.069996177917346, 8980922.521382557228208 ], [ 775919.109444006346166, 8980922.579450193792582 ], [ 775919.150905383052304, 8980922.636097664013505 ], [ 775919.194329227786511, 8980922.691255176439881 ], [ 775919.239662042702548, 8980922.744854779914021 ], [ 775919.2868479777826, 8980922.79683043807745 ], [ 775919.335828900220804, 8980922.847118118777871 ], [ 775919.386544465902261, 8980922.895655866712332 ], [ 775919.438932193210348, 8980922.942383883520961 ], [ 775919.492927541024983, 8980922.987244600430131 ], [ 775919.548463987070136, 8980923.030182750895619 ], [ 775919.605473110917956, 8980923.071145433932543 ], [ 775919.663884677342139, 8980923.110082183033228 ], [ 775919.723626723745838, 8980923.146945029497147 ], [ 775919.784625648171641, 8980923.18168855831027 ], [ 775919.846806300221942, 8980923.214269964024425 ], [ 775919.910092073609121, 8980923.244649110361934 ], [ 775919.974405000451952, 8980923.272788565605879 ], [ 775920.039665847667493, 8980923.298653665930033 ], [ 775920.105794214177877, 8980923.322212543338537 ], [ 775920.172708630096167, 8980923.343436174094677 ], [ 775920.240326657076366, 8980923.362298410385847 ], [ 775920.308564990293235, 8980923.378776013851166 ], [ 775920.377339560189284, 8980923.392848685383797 ], [ 775920.446565636782907, 8980923.404499087482691 ], [ 775920.516157934092917, 8980923.413712866604328 ], [ 775920.586030714563094, 8980923.420478669926524 ], [ 775920.656097895349376, 8980923.424788163974881 ], [ 775920.726273153908551, 8980923.426636038348079 ], [ 775920.79647003475111, 8980923.426020016893744 ], [ 775920.866602055495605, 8980923.422940859571099 ], [ 775920.936582813970745, 8980923.417402356863022 ], [ 775921.006326094036922, 8980923.409411335363984 ], [ 775921.075745972455479, 8980923.398977637290955 ], [ 775921.144756924244575, 8980923.386114120483398 ], [ 775921.213273928151466, 8980923.370836628600955 ], [ 775921.28121257154271, 8980923.353163987398148 ], [ 775921.348489154363051, 8980923.333117965608835 ], [ 775921.415020792162977, 8980923.310723261907697 ], [ 775921.480725518311374, 8980923.286007467657328 ], [ 775921.545522384811193, 8980923.259001031517982 ], [ 775921.609331562300213, 8980923.229737224057317 ], [ 775921.672074438072741, 8980923.198252098634839 ], [ 775921.733673713286407, 8980923.164584444835782 ], [ 775921.79405349784065, 8980923.128775743767619 ], [ 775921.853139404207468, 8980923.090870106592774 ], [ 775921.910858638817444, 8980923.05091423727572 ], [ 775921.967140091699548, 8980923.008957359939814 ], [ 775922.021914424491115, 8980922.965051162987947 ], [ 775922.075114155421034, 8980922.91924974322319 ], [ 775922.126673742663115, 8980922.871609523892403 ], [ 775922.176529665128328, 8980922.822189196944237 ], [ 775922.224620500463061, 8980922.771049652248621 ], [ 775922.270887000951916, 8980922.718253890052438 ], [ 775922.315272166510113, 8980922.663866955786943 ], [ 775922.357721314881928, 8980922.607955854386091 ], [ 775922.398182148928754, 8980922.5505894664675 ], [ 775922.436604820890352, 8980922.491838466376066 ], [ 775922.472941994434223, 8980922.431775238364935 ], [ 775922.507148902281187, 8980922.370473777875304 ], [ 775922.539183401619084, 8980922.30800960958004 ], [ 775922.569006026023999, 8980922.244459686800838 ], [ 775922.596580034354702, 8980922.179902305826545 ], [ 775922.621871455339715, 8980922.114416997879744 ], [ 775922.644849130301736, 8980922.048084441572428 ], [ 775922.665484750643373, 8980921.980986358597875 ], [ 775922.683752893586643, 8980921.913205413147807 ], [ 775922.699631052673794, 8980921.844825111329556 ], [ 775922.713099666056223, 8980921.775929698720574 ], [ 775922.724142140708864, 8980921.706604050472379 ], [ 775922.732744872104377, 8980921.636933580040932 ], [ 775922.738897261908278, 8980921.56700411811471 ], [ 775922.742591730202548, 8980921.496901817619801 ], [ 775922.743823725613765, 8980921.426713045686483 ] ] ] ] } },
{ "type": "Feature", "properties": { "LAYER": "MBox", "GM_TYPE": "Unknown Area Type", "ELEVATION": null, "path": "D:/TGS GEOJSON/add data baru/Oebaba add/09_oe_ar_mbox.geojson" }, "geometry": { "type": "MultiPolygon", "coordinates": [ [ [ [ 775906.189112400170416, 8980622.691837940365076 ], [ 775906.187880404759198, 8980622.621649168431759 ], [ 775906.184185936464928, 8980622.55154686793685 ], [ 775906.178033546661027, 8980622.481617406010628 ], [ 775906.169430815265514, 8980622.411946935579181 ], [ 775906.158388340612873, 8980622.342621287330985 ], [ 775906.144919727230445, 8980622.273725874722004 ], [ 775906.129041568143293, 8980622.205345572903752 ], [ 775906.110773425200023, 8980622.137564627453685 ], [ 775906.090137804858387, 8980622.070466544479132 ], [ 775906.067160129896365, 8980622.004133988171816 ], [ 775906.041868708911352, 8980621.938648680225015 ], [ 775906.014294700580649, 8980621.874091299250722 ], [ 775905.984472076175734, 8980621.810541376471519 ], [ 775905.952437576837838, 8980621.748077208176255 ], [ 775905.918230668990873, 8980621.686775747686625 ], [ 775905.881893495447002, 8980621.626712519675493 ], [ 775905.843470823485404, 8980621.56796151958406 ], [ 775905.803009989438578, 8980621.510595131665468 ], [ 775905.760560841066763, 8980621.454684030264616 ], [ 775905.716175675508566, 8980621.400297095999122 ], [ 775905.669909175019711, 8980621.347501333802938 ], [ 775905.621818339684978, 8980621.296361789107323 ], [ 775905.571962417219765, 8980621.246941462159157 ], [ 775905.520402829977684, 8980621.199301242828369 ], [ 775905.467203099047765, 8980621.153499823063612 ], [ 775905.412428766256198, 8980621.109593626111746 ], [ 775905.356147313374095, 8980621.06763674877584 ], [ 775905.298428078764118, 8980621.027680879458785 ], [ 775905.239342172397301, 8980620.98977524228394 ], [ 775905.178962387843058, 8980620.953966541215777 ], [ 775905.117363112629391, 8980620.92029888741672 ], [ 775905.054620236856863, 8980620.888813761994243 ], [ 775904.990811059367843, 8980620.859549954533577 ], [ 775904.926014192868024, 8980620.832543518394232 ], [ 775904.860309466719627, 8980620.807827724143863 ], [ 775904.793777828919701, 8980620.785433020442724 ], [ 775904.72650124609936, 8980620.765386998653412 ], [ 775904.658562602708116, 8980620.747714357450604 ], [ 775904.590045598801225, 8980620.732436865568161 ], [ 775904.521034647012129, 8980620.719573348760605 ], [ 775904.451614768593572, 8980620.709139650687575 ], [ 775904.381871488527395, 8980620.701148629188538 ], [ 775904.311890730052255, 8980620.69561012648046 ], [ 775904.24175870930776, 8980620.692530969157815 ], [ 775904.171561828465201, 8980620.691914947703481 ], [ 775904.101386569906026, 8980620.693762822076678 ], [ 775904.031319389119744, 8980620.698072316125035 ], [ 775903.961446608649567, 8980620.704838119447231 ], [ 775903.891854311339557, 8980620.714051898568869 ], [ 775903.822628234745935, 8980620.725702300667763 ], [ 775903.753853664849885, 8980620.739774972200394 ], [ 775903.685615331633016, 8980620.756252575665712 ], [ 775903.617997304652818, 8980620.775114811956882 ], [ 775903.551082888734527, 8980620.796338442713022 ], [ 775903.484954522224143, 8980620.819897320121527 ], [ 775903.419693675008602, 8980620.845762420445681 ], [ 775903.355380748165771, 8980620.873901875689626 ], [ 775903.292094974778593, 8980620.904281022027135 ], [ 775903.229914322728291, 8980620.936862427741289 ], [ 775903.168915398302488, 8980620.971605956554413 ], [ 775903.109173351898789, 8980621.008468803018332 ], [ 775903.050761785474606, 8980621.047405552119017 ], [ 775902.993752661626786, 8980621.08836823515594 ], [ 775902.938216215581633, 8980621.131306385621428 ], [ 775902.884220867766999, 8980621.176167102530599 ], [ 775902.831833140458912, 8980621.222895119339228 ], [ 775902.781117574777454, 8980621.271432867273688 ], [ 775902.73213665233925, 8980621.32172054797411 ], [ 775902.684950717259198, 8980621.373696206137538 ], [ 775902.639617902343161, 8980621.427295809611678 ], [ 775902.596194057608955, 8980621.482453322038054 ], [ 775902.554732680902816, 8980621.539100792258978 ], [ 775902.515284852473997, 8980621.597168428823352 ], [ 775902.477899171877652, 8980621.65658469311893 ], [ 775902.442621698137373, 8980621.717276383191347 ], [ 775902.409495892818086, 8980621.779168730601668 ], [ 775902.378562566824257, 8980621.842185480520129 ], [ 775902.349859829992056, 8980621.906248999759555 ], [ 775902.323423043708317, 8980621.971280360594392 ], [ 775902.29928477818612, 8980622.037199445068836 ], [ 775902.277474771486595, 8980622.103925041854382 ], [ 775902.258019893663004, 8980622.171374943107367 ], [ 775902.240944112767465, 8980622.239466054365039 ], [ 775902.226268466329202, 8980622.308114483952522 ], [ 775902.214011034462601, 8980622.377235658466816 ], [ 775902.204186918446794, 8980622.446744423359632 ], [ 775902.196808221517131, 8980622.516555141657591 ], [ 775902.191884034080431, 8980622.58658180758357 ], [ 775902.189420422771946, 8980622.656738149002194 ], [ 775902.189420422771946, 8980622.726937731727958 ], [ 775902.191884034080431, 8980622.797094073146582 ], [ 775902.196808221517131, 8980622.867120739072561 ], [ 775902.204186918446794, 8980622.93693145737052 ], [ 775902.214011034462601, 8980623.006440222263336 ], [ 775902.226268466329202, 8980623.07556139677763 ], [ 775902.240944112767465, 8980623.144209826365113 ], [ 775902.258019893663004, 8980623.212300937622786 ], [ 775902.277474771486595, 8980623.279750838875771 ], [ 775902.29928477818612, 8980623.346476435661316 ], [ 775902.323423043708317, 8980623.41239552013576 ], [ 775902.349859829992056, 8980623.477426880970597 ], [ 775902.378562566824257, 8980623.541490400210023 ], [ 775902.409495892818086, 8980623.604507150128484 ], [ 775902.442621698137373, 8980623.666399497538805 ], [ 775902.477899171877652, 8980623.727091187611222 ], [ 775902.515284852473997, 8980623.7865074519068 ], [ 775902.554732680902816, 8980623.844575088471174 ], [ 775902.596194057608955, 8980623.901222558692098 ], [ 775902.639617902343161, 8980623.956380071118474 ], [ 775902.684950717259198, 8980624.009979674592614 ], [ 775902.73213665233925, 8980624.061955332756042 ], [ 775902.781117574777454, 8980624.112243013456464 ], [ 775902.831833140458912, 8980624.160780761390924 ], [ 775902.884220867766999, 8980624.207508778199553 ], [ 775902.938216215581633, 8980624.252369495108724 ], [ 775902.993752661626786, 8980624.295307645574212 ], [ 775903.050761785474606, 8980624.336270328611135 ], [ 775903.109173351898789, 8980624.375207077711821 ], [ 775903.168915398302488, 8980624.412069924175739 ], [ 775903.229914322728291, 8980624.446813452988863 ], [ 775903.292094974778593, 8980624.479394858703017 ], [ 775903.355380748165771, 8980624.509774005040526 ], [ 775903.419693675008602, 8980624.537913460284472 ], [ 775903.484954522224143, 8980624.563778560608625 ], [ 775903.551082888734527, 8980624.58733743801713 ], [ 775903.617997304652818, 8980624.60856106877327 ], [ 775903.685615331633016, 8980624.62742330506444 ], [ 775903.753853664849885, 8980624.643900908529758 ], [ 775903.822628234745935, 8980624.657973580062389 ], [ 775903.891854311339557, 8980624.669623982161283 ], [ 775903.961446608649567, 8980624.678837761282921 ], [ 775904.031319389119744, 8980624.685603564605117 ], [ 775904.101386569906026, 8980624.689913058653474 ], [ 775904.171561828465201, 8980624.691760933026671 ], [ 775904.24175870930776, 8980624.691144911572337 ], [ 775904.311890730052255, 8980624.688065754249692 ], [ 775904.381871488527395, 8980624.682527251541615 ], [ 775904.451614768593572, 8980624.674536230042577 ], [ 775904.521034647012129, 8980624.664102531969547 ], [ 775904.590045598801225, 8980624.651239015161991 ], [ 775904.658562602708116, 8980624.635961523279548 ], [ 775904.72650124609936, 8980624.61828888207674 ], [ 775904.793777828919701, 8980624.598242860287428 ], [ 775904.860309466719627, 8980624.575848156586289 ], [ 775904.926014192868024, 8980624.55113236233592 ], [ 775904.990811059367843, 8980624.524125926196575 ], [ 775905.054620236856863, 8980624.494862118735909 ], [ 775905.117363112629391, 8980624.463376993313432 ], [ 775905.178962387843058, 8980624.429709339514375 ], [ 775905.239342172397301, 8980624.393900638446212 ], [ 775905.298428078764118, 8980624.355995001271367 ], [ 775905.356147313374095, 8980624.316039131954312 ], [ 775905.412428766256198, 8980624.274082254618406 ], [ 775905.467203099047765, 8980624.23017605766654 ], [ 775905.520402829977684, 8980624.184374637901783 ], [ 775905.571962417219765, 8980624.136734418570995 ], [ 775905.621818339684978, 8980624.087314091622829 ], [ 775905.669909175019711, 8980624.036174546927214 ], [ 775905.716175675508566, 8980623.98337878473103 ], [ 775905.760560841066763, 8980623.928991850465536 ], [ 775905.803009989438578, 8980623.873080749064684 ], [ 775905.843470823485404, 8980623.815714361146092 ], [ 775905.881893495447002, 8980623.756963361054659 ], [ 775905.918230668990873, 8980623.696900133043528 ], [ 775905.952437576837838, 8980623.635598672553897 ], [ 775905.984472076175734, 8980623.573134504258633 ], [ 775906.014294700580649, 8980623.50958458147943 ], [ 775906.041868708911352, 8980623.445027200505137 ], [ 775906.067160129896365, 8980623.379541892558336 ], [ 775906.090137804858387, 8980623.31320933625102 ], [ 775906.110773425200023, 8980623.246111253276467 ], [ 775906.129041568143293, 8980623.1783303078264 ], [ 775906.144919727230445, 8980623.109950006008148 ], [ 775906.158388340612873, 8980623.041054593399167 ], [ 775906.169430815265514, 8980622.971728945150971 ], [ 775906.178033546661027, 8980622.902058474719524 ], [ 775906.184185936464928, 8980622.832129012793303 ], [ 775906.187880404759198, 8980622.762026712298393 ], [ 775906.189112400170416, 8980622.691837940365076 ] ] ] ] } },
{ "type": "Feature", "properties": { "LAYER": "MBox", "GM_TYPE": "Unknown Area Type", "ELEVATION": null, "path": "D:/TGS GEOJSON/add data baru/Oebaba add/09_oe_ar_mbox.geojson" }, "geometry": { "type": "MultiPolygon", "coordinates": [ [ [ [ 775247.769152482156642, 8981351.740687228739262 ], [ 775247.767920486745425, 8981351.670498456805944 ], [ 775247.764226018451154, 8981351.600396156311035 ], [ 775247.758073628647253, 8981351.530466694384813 ], [ 775247.74947089725174, 8981351.460796223953366 ], [ 775247.7384284225991, 8981351.391470575705171 ], [ 775247.724959809216671, 8981351.322575163096189 ], [ 775247.709081650129519, 8981351.254194861277938 ], [ 775247.690813507186249, 8981351.18641391582787 ], [ 775247.670177886844613, 8981351.119315832853317 ], [ 775247.647200211882591, 8981351.052983276546001 ], [ 775247.621908790897578, 8981350.9874979685992 ], [ 775247.594334782566875, 8981350.922940587624907 ], [ 775247.564512158161961, 8981350.859390664845705 ], [ 775247.532477658824064, 8981350.796926496550441 ], [ 775247.498270750977099, 8981350.73562503606081 ], [ 775247.461933577433228, 8981350.675561808049679 ], [ 775247.42351090547163, 8981350.616810807958245 ], [ 775247.383050071424805, 8981350.559444420039654 ], [ 775247.340600923052989, 8981350.503533318638802 ], [ 775247.296215757494792, 8981350.449146384373307 ], [ 775247.249949257005937, 8981350.396350622177124 ], [ 775247.201858421671204, 8981350.345211077481508 ], [ 775247.152002499205992, 8981350.295790750533342 ], [ 775247.10044291196391, 8981350.248150531202555 ], [ 775247.047243181033991, 8981350.202349111437798 ], [ 775246.992468848242424, 8981350.158442914485931 ], [ 775246.936187395360321, 8981350.116486037150025 ], [ 775246.878468160750344, 8981350.076530167832971 ], [ 775246.819382254383527, 8981350.038624530658126 ], [ 775246.759002469829284, 8981350.002815829589963 ], [ 775246.697403194615617, 8981349.969148175790906 ], [ 775246.634660318843089, 8981349.937663050368428 ], [ 775246.570851141354069, 8981349.908399242907763 ], [ 775246.50605427485425, 8981349.881392806768417 ], [ 775246.440349548705854, 8981349.856677012518048 ], [ 775246.373817910905927, 8981349.83428230881691 ], [ 775246.306541328085586, 8981349.814236287027597 ], [ 775246.238602684694342, 8981349.79656364582479 ], [ 775246.170085680787452, 8981349.781286153942347 ], [ 775246.101074728998356, 8981349.76842263713479 ], [ 775246.031654850579798, 8981349.757988939061761 ], [ 775245.961911570513621, 8981349.749997917562723 ], [ 775245.891930812038481, 8981349.744459414854646 ], [ 775245.821798791293986, 8981349.741380257532001 ], [ 775245.751601910451427, 8981349.740764236077666 ], [ 775245.681426651892252, 8981349.742612110450864 ], [ 775245.61135947110597, 8981349.746921604499221 ], [ 775245.541486690635793, 8981349.753687407821417 ], [ 775245.471894393325783, 8981349.762901186943054 ], [ 775245.402668316732161, 8981349.774551589041948 ], [ 775245.333893746836111, 8981349.788624260574579 ], [ 775245.265655413619243, 8981349.805101864039898 ], [ 775245.198037386639044, 8981349.823964100331068 ], [ 775245.131122970720753, 8981349.845187731087208 ], [ 775245.064994604210369, 8981349.868746608495712 ], [ 775244.999733756994829, 8981349.894611708819866 ], [ 775244.935420830151998, 8981349.922751164063811 ], [ 775244.872135056764819, 8981349.95313031040132 ], [ 775244.809954404714517, 8981349.985711716115475 ], [ 775244.748955480288714, 8981350.020455244928598 ], [ 775244.689213433885016, 8981350.057318091392517 ], [ 775244.630801867460832, 8981350.096254840493202 ], [ 775244.573792743613012, 8981350.137217523530126 ], [ 775244.518256297567859, 8981350.180155673995614 ], [ 775244.464260949753225, 8981350.225016390904784 ], [ 775244.411873222445138, 8981350.271744407713413 ], [ 775244.36115765676368, 8981350.320282155647874 ], [ 775244.312176734325476, 8981350.370569836348295 ], [ 775244.264990799245425, 8981350.422545494511724 ], [ 775244.219657984329388, 8981350.476145097985864 ], [ 775244.176234139595181, 8981350.53130261041224 ], [ 775244.134772762889042, 8981350.587950080633163 ], [ 775244.095324934460223, 8981350.646017717197537 ], [ 775244.057939253863879, 8981350.705433981493115 ], [ 775244.022661780123599, 8981350.766125671565533 ], [ 775243.989535974804312, 8981350.828018018975854 ], [ 775243.958602648810484, 8981350.891034768894315 ], [ 775243.929899911978282, 8981350.95509828813374 ], [ 775243.903463125694543, 8981351.020129648968577 ], [ 775243.879324860172346, 8981351.086048733443022 ], [ 775243.857514853472821, 8981351.152774330228567 ], [ 775243.83805997564923, 8981351.220224231481552 ], [ 775243.820984194753692, 8981351.288315342739224 ], [ 775243.806308548315428, 8981351.356963772326708 ], [ 775243.794051116448827, 8981351.426084946841002 ], [ 775243.78422700043302, 8981351.495593711733818 ], [ 775243.776848303503357, 8981351.565404430031776 ], [ 775243.771924116066657, 8981351.635431095957756 ], [ 775243.769460504758172, 8981351.70558743737638 ], [ 775243.769460504758172, 8981351.775787020102143 ], [ 775243.771924116066657, 8981351.845943361520767 ], [ 775243.776848303503357, 8981351.915970027446747 ], [ 775243.78422700043302, 8981351.985780745744705 ], [ 775243.794051116448827, 8981352.055289510637522 ], [ 775243.806308548315428, 8981352.124410685151815 ], [ 775243.820984194753692, 8981352.193059114739299 ], [ 775243.83805997564923, 8981352.261150225996971 ], [ 775243.857514853472821, 8981352.328600127249956 ], [ 775243.879324860172346, 8981352.395325724035501 ], [ 775243.903463125694543, 8981352.461244808509946 ], [ 775243.929899911978282, 8981352.526276169344783 ], [ 775243.958602648810484, 8981352.590339688584208 ], [ 775243.989535974804312, 8981352.653356438502669 ], [ 775244.022661780123599, 8981352.715248785912991 ], [ 775244.057939253863879, 8981352.775940475985408 ], [ 775244.095324934460223, 8981352.835356740280986 ], [ 775244.134772762889042, 8981352.89342437684536 ], [ 775244.176234139595181, 8981352.950071847066283 ], [ 775244.219657984329388, 8981353.00522935949266 ], [ 775244.264990799245425, 8981353.0588289629668 ], [ 775244.312176734325476, 8981353.110804621130228 ], [ 775244.36115765676368, 8981353.161092301830649 ], [ 775244.411873222445138, 8981353.20963004976511 ], [ 775244.464260949753225, 8981353.256358066573739 ], [ 775244.518256297567859, 8981353.301218783482909 ], [ 775244.573792743613012, 8981353.344156933948398 ], [ 775244.630801867460832, 8981353.385119616985321 ], [ 775244.689213433885016, 8981353.424056366086006 ], [ 775244.748955480288714, 8981353.460919212549925 ], [ 775244.809954404714517, 8981353.495662741363049 ], [ 775244.872135056764819, 8981353.528244147077203 ], [ 775244.935420830151998, 8981353.558623293414712 ], [ 775244.999733756994829, 8981353.586762748658657 ], [ 775245.064994604210369, 8981353.612627848982811 ], [ 775245.131122970720753, 8981353.636186726391315 ], [ 775245.198037386639044, 8981353.657410357147455 ], [ 775245.265655413619243, 8981353.676272593438625 ], [ 775245.333893746836111, 8981353.692750196903944 ], [ 775245.402668316732161, 8981353.706822868436575 ], [ 775245.471894393325783, 8981353.718473270535469 ], [ 775245.541486690635793, 8981353.727687049657106 ], [ 775245.61135947110597, 8981353.734452852979302 ], [ 775245.681426651892252, 8981353.738762347027659 ], [ 775245.751601910451427, 8981353.740610221400857 ], [ 775245.821798791293986, 8981353.739994199946523 ], [ 775245.891930812038481, 8981353.736915042623878 ], [ 775245.961911570513621, 8981353.7313765399158 ], [ 775246.031654850579798, 8981353.723385518416762 ], [ 775246.101074728998356, 8981353.712951820343733 ], [ 775246.170085680787452, 8981353.700088303536177 ], [ 775246.238602684694342, 8981353.684810811653733 ], [ 775246.306541328085586, 8981353.667138170450926 ], [ 775246.373817910905927, 8981353.647092148661613 ], [ 775246.440349548705854, 8981353.624697444960475 ], [ 775246.50605427485425, 8981353.599981650710106 ], [ 775246.570851141354069, 8981353.572975214570761 ], [ 775246.634660318843089, 8981353.543711407110095 ], [ 775246.697403194615617, 8981353.512226281687617 ], [ 775246.759002469829284, 8981353.47855862788856 ], [ 775246.819382254383527, 8981353.442749926820397 ], [ 775246.878468160750344, 8981353.404844289645553 ], [ 775246.936187395360321, 8981353.364888420328498 ], [ 775246.992468848242424, 8981353.322931542992592 ], [ 775247.047243181033991, 8981353.279025346040726 ], [ 775247.10044291196391, 8981353.233223926275969 ], [ 775247.152002499205992, 8981353.185583706945181 ], [ 775247.201858421671204, 8981353.136163379997015 ], [ 775247.249949257005937, 8981353.085023835301399 ], [ 775247.296215757494792, 8981353.032228073105216 ], [ 775247.340600923052989, 8981352.977841138839722 ], [ 775247.383050071424805, 8981352.921930037438869 ], [ 775247.42351090547163, 8981352.864563649520278 ], [ 775247.461933577433228, 8981352.805812649428844 ], [ 775247.498270750977099, 8981352.745749421417713 ], [ 775247.532477658824064, 8981352.684447960928082 ], [ 775247.564512158161961, 8981352.621983792632818 ], [ 775247.594334782566875, 8981352.558433869853616 ], [ 775247.621908790897578, 8981352.493876488879323 ], [ 775247.647200211882591, 8981352.428391180932522 ], [ 775247.670177886844613, 8981352.362058624625206 ], [ 775247.690813507186249, 8981352.294960541650653 ], [ 775247.709081650129519, 8981352.227179596200585 ], [ 775247.724959809216671, 8981352.158799294382334 ], [ 775247.7384284225991, 8981352.089903881773353 ], [ 775247.74947089725174, 8981352.020578233525157 ], [ 775247.758073628647253, 8981351.95090776309371 ], [ 775247.764226018451154, 8981351.880978301167488 ], [ 775247.767920486745425, 8981351.810876000672579 ], [ 775247.769152482156642, 8981351.740687228739262 ] ] ] ] } },
{ "type": "Feature", "properties": { "LAYER": "MBox", "GM_TYPE": "Unknown Area Type", "ELEVATION": null, "path": "D:/TGS GEOJSON/add data baru/Oebaba add/09_oe_ar_mbox.geojson" }, "geometry": { "type": "MultiPolygon", "coordinates": [ [ [ [ 775384.830656821257435, 8980531.680945470929146 ], [ 775384.829424825846218, 8980531.610756698995829 ], [ 775384.825730357551947, 8980531.540654398500919 ], [ 775384.819577967748046, 8980531.470724936574697 ], [ 775384.810975236352533, 8980531.40105446614325 ], [ 775384.799932761699893, 8980531.331728817895055 ], [ 775384.786464148317464, 8980531.262833405286074 ], [ 775384.770585989230312, 8980531.194453103467822 ], [ 775384.752317846287042, 8980531.126672158017755 ], [ 775384.731682225945406, 8980531.059574075043201 ], [ 775384.708704550983384, 8980530.993241518735886 ], [ 775384.683413129998371, 8980530.927756210789084 ], [ 775384.655839121667668, 8980530.863198829814792 ], [ 775384.626016497262754, 8980530.799648907035589 ], [ 775384.593981997924857, 8980530.737184738740325 ], [ 775384.559775090077892, 8980530.675883278250694 ], [ 775384.523437916534021, 8980530.615820050239563 ], [ 775384.485015244572423, 8980530.557069050148129 ], [ 775384.444554410525598, 8980530.499702662229538 ], [ 775384.402105262153782, 8980530.443791560828686 ], [ 775384.357720096595585, 8980530.389404626563191 ], [ 775384.31145359610673, 8980530.336608864367008 ], [ 775384.263362760771997, 8980530.285469319671392 ], [ 775384.213506838306785, 8980530.236048992723227 ], [ 775384.161947251064703, 8980530.188408773392439 ], [ 775384.108747520134784, 8980530.142607353627682 ], [ 775384.053973187343217, 8980530.098701156675816 ], [ 775383.997691734461114, 8980530.05674427933991 ], [ 775383.939972499851137, 8980530.016788410022855 ], [ 775383.88088659348432, 8980529.97888277284801 ], [ 775383.820506808930077, 8980529.943074071779847 ], [ 775383.75890753371641, 8980529.90940641798079 ], [ 775383.696164657943882, 8980529.877921292558312 ], [ 775383.632355480454862, 8980529.848657485097647 ], [ 775383.567558613955043, 8980529.821651048958302 ], [ 775383.501853887806647, 8980529.796935254707932 ], [ 775383.43532225000672, 8980529.774540551006794 ], [ 775383.368045667186379, 8980529.754494529217482 ], [ 775383.300107023795135, 8980529.736821888014674 ], [ 775383.231590019888245, 8980529.721544396132231 ], [ 775383.162579068099149, 8980529.708680879324675 ], [ 775383.093159189680591, 8980529.698247181251645 ], [ 775383.023415909614414, 8980529.690256159752607 ], [ 775382.953435151139274, 8980529.68471765704453 ], [ 775382.883303130394779, 8980529.681638499721885 ], [ 775382.81310624955222, 8980529.68102247826755 ], [ 775382.742930990993045, 8980529.682870352640748 ], [ 775382.672863810206763, 8980529.687179846689105 ], [ 775382.602991029736586, 8980529.693945650011301 ], [ 775382.533398732426576, 8980529.703159429132938 ], [ 775382.464172655832954, 8980529.714809831231833 ], [ 775382.395398085936904, 8980529.728882502764463 ], [ 775382.327159752720036, 8980529.745360106229782 ], [ 775382.259541725739837, 8980529.764222342520952 ], [ 775382.192627309821546, 8980529.785445973277092 ], [ 775382.126498943311162, 8980529.809004850685596 ], [ 775382.061238096095622, 8980529.83486995100975 ], [ 775381.996925169252791, 8980529.863009406253695 ], [ 775381.933639395865612, 8980529.893388552591205 ], [ 775381.87145874381531, 8980529.925969958305359 ], [ 775381.810459819389507, 8980529.960713487118483 ], [ 775381.750717772985809, 8980529.997576333582401 ], [ 775381.692306206561625, 8980530.036513082683086 ], [ 775381.635297082713805, 8980530.07747576572001 ], [ 775381.579760636668652, 8980530.120413916185498 ], [ 775381.525765288854018, 8980530.165274633094668 ], [ 775381.473377561545931, 8980530.212002649903297 ], [ 775381.422661995864473, 8980530.260540397837758 ], [ 775381.373681073426269, 8980530.310828078538179 ], [ 775381.326495138346218, 8980530.362803736701608 ], [ 775381.281162323430181, 8980530.416403340175748 ], [ 775381.237738478695974, 8980530.471560852602124 ], [ 775381.196277101989836, 8980530.528208322823048 ], [ 775381.156829273561016, 8980530.586275959387422 ], [ 775381.119443592964672, 8980530.645692223683 ], [ 775381.084166119224392, 8980530.706383913755417 ], [ 775381.051040313905105, 8980530.768276261165738 ], [ 775381.020106987911277, 8980530.831293011084199 ], [ 775380.991404251079075, 8980530.895356530323625 ], [ 775380.964967464795336, 8980530.960387891158462 ], [ 775380.940829199273139, 8980531.026306975632906 ], [ 775380.919019192573614, 8980531.093032572418451 ], [ 775380.899564314750023, 8980531.160482473671436 ], [ 775380.882488533854485, 8980531.228573584929109 ], [ 775380.867812887416221, 8980531.297222014516592 ], [ 775380.85555545554962, 8980531.366343189030886 ], [ 775380.845731339533813, 8980531.435851953923702 ], [ 775380.83835264260415, 8980531.505662672221661 ], [ 775380.83342845516745, 8980531.57568933814764 ], [ 775380.830964843858965, 8980531.645845679566264 ], [ 775380.830964843858965, 8980531.716045262292027 ], [ 775380.83342845516745, 8980531.786201603710651 ], [ 775380.83835264260415, 8980531.856228269636631 ], [ 775380.845731339533813, 8980531.926038987934589 ], [ 775380.85555545554962, 8980531.995547752827406 ], [ 775380.867812887416221, 8980532.0646689273417 ], [ 775380.882488533854485, 8980532.133317356929183 ], [ 775380.899564314750023, 8980532.201408468186855 ], [ 775380.919019192573614, 8980532.26885836943984 ], [ 775380.940829199273139, 8980532.335583966225386 ], [ 775380.964967464795336, 8980532.40150305069983 ], [ 775380.991404251079075, 8980532.466534411534667 ], [ 775381.020106987911277, 8980532.530597930774093 ], [ 775381.051040313905105, 8980532.593614680692554 ], [ 775381.084166119224392, 8980532.655507028102875 ], [ 775381.119443592964672, 8980532.716198718175292 ], [ 775381.156829273561016, 8980532.77561498247087 ], [ 775381.196277101989836, 8980532.833682619035244 ], [ 775381.237738478695974, 8980532.890330089256167 ], [ 775381.281162323430181, 8980532.945487601682544 ], [ 775381.326495138346218, 8980532.999087205156684 ], [ 775381.373681073426269, 8980533.051062863320112 ], [ 775381.422661995864473, 8980533.101350544020534 ], [ 775381.473377561545931, 8980533.149888291954994 ], [ 775381.525765288854018, 8980533.196616308763623 ], [ 775381.579760636668652, 8980533.241477025672793 ], [ 775381.635297082713805, 8980533.284415176138282 ], [ 775381.692306206561625, 8980533.325377859175205 ], [ 775381.750717772985809, 8980533.36431460827589 ], [ 775381.810459819389507, 8980533.401177454739809 ], [ 775381.87145874381531, 8980533.435920983552933 ], [ 775381.933639395865612, 8980533.468502389267087 ], [ 775381.996925169252791, 8980533.498881535604596 ], [ 775382.061238096095622, 8980533.527020990848541 ], [ 775382.126498943311162, 8980533.552886091172695 ], [ 775382.192627309821546, 8980533.5764449685812 ], [ 775382.259541725739837, 8980533.597668599337339 ], [ 775382.327159752720036, 8980533.61653083562851 ], [ 775382.395398085936904, 8980533.633008439093828 ], [ 775382.464172655832954, 8980533.647081110626459 ], [ 775382.533398732426576, 8980533.658731512725353 ], [ 775382.602991029736586, 8980533.667945291846991 ], [ 775382.672863810206763, 8980533.674711095169187 ], [ 775382.742930990993045, 8980533.679020589217544 ], [ 775382.81310624955222, 8980533.680868463590741 ], [ 775382.883303130394779, 8980533.680252442136407 ], [ 775382.953435151139274, 8980533.677173284813762 ], [ 775383.023415909614414, 8980533.671634782105684 ], [ 775383.093159189680591, 8980533.663643760606647 ], [ 775383.162579068099149, 8980533.653210062533617 ], [ 775383.231590019888245, 8980533.640346545726061 ], [ 775383.300107023795135, 8980533.625069053843617 ], [ 775383.368045667186379, 8980533.60739641264081 ], [ 775383.43532225000672, 8980533.587350390851498 ], [ 775383.501853887806647, 8980533.564955687150359 ], [ 775383.567558613955043, 8980533.54023989289999 ], [ 775383.632355480454862, 8980533.513233456760645 ], [ 775383.696164657943882, 8980533.483969649299979 ], [ 775383.75890753371641, 8980533.452484523877501 ], [ 775383.820506808930077, 8980533.418816870078444 ], [ 775383.88088659348432, 8980533.383008169010282 ], [ 775383.939972499851137, 8980533.345102531835437 ], [ 775383.997691734461114, 8980533.305146662518382 ], [ 775384.053973187343217, 8980533.263189785182476 ], [ 775384.108747520134784, 8980533.21928358823061 ], [ 775384.161947251064703, 8980533.173482168465853 ], [ 775384.213506838306785, 8980533.125841949135065 ], [ 775384.263362760771997, 8980533.076421622186899 ], [ 775384.31145359610673, 8980533.025282077491283 ], [ 775384.357720096595585, 8980532.9724863152951 ], [ 775384.402105262153782, 8980532.918099381029606 ], [ 775384.444554410525598, 8980532.862188279628754 ], [ 775384.485015244572423, 8980532.804821891710162 ], [ 775384.523437916534021, 8980532.746070891618729 ], [ 775384.559775090077892, 8980532.686007663607597 ], [ 775384.593981997924857, 8980532.624706203117967 ], [ 775384.626016497262754, 8980532.562242034822702 ], [ 775384.655839121667668, 8980532.4986921120435 ], [ 775384.683413129998371, 8980532.434134731069207 ], [ 775384.708704550983384, 8980532.368649423122406 ], [ 775384.731682225945406, 8980532.30231686681509 ], [ 775384.752317846287042, 8980532.235218783840537 ], [ 775384.770585989230312, 8980532.16743783839047 ], [ 775384.786464148317464, 8980532.099057536572218 ], [ 775384.799932761699893, 8980532.030162123963237 ], [ 775384.810975236352533, 8980531.960836475715041 ], [ 775384.819577967748046, 8980531.891166005283594 ], [ 775384.825730357551947, 8980531.821236543357372 ], [ 775384.829424825846218, 8980531.751134242862463 ], [ 775384.830656821257435, 8980531.680945470929146 ] ] ] ] } },
{ "type": "Feature", "properties": { "LAYER": "MBox", "GM_TYPE": "Unknown Area Type", "ELEVATION": null, "path": "D:/TGS GEOJSON/add data baru/Oebaba add/09_oe_ar_mbox.geojson" }, "geometry": { "type": "MultiPolygon", "coordinates": [ [ [ [ 775156.837784430710599, 8980166.427266182377934 ], [ 775156.836552435299382, 8980166.357077410444617 ], [ 775156.832857967005111, 8980166.286975109949708 ], [ 775156.82670557720121, 8980166.217045648023486 ], [ 775156.818102845805697, 8980166.147375177592039 ], [ 775156.807060371153057, 8980166.078049529343843 ], [ 775156.793591757770628, 8980166.009154116734862 ], [ 775156.777713598683476, 8980165.940773814916611 ], [ 775156.759445455740206, 8980165.872992869466543 ], [ 775156.73880983539857, 8980165.80589478649199 ], [ 775156.715832160436548, 8980165.739562230184674 ], [ 775156.690540739451535, 8980165.674076922237873 ], [ 775156.662966731120832, 8980165.60951954126358 ], [ 775156.633144106715918, 8980165.545969618484378 ], [ 775156.601109607378021, 8980165.483505450189114 ], [ 775156.566902699531056, 8980165.422203989699483 ], [ 775156.530565525987186, 8980165.362140761688352 ], [ 775156.492142854025587, 8980165.303389761596918 ], [ 775156.451682019978762, 8980165.246023373678327 ], [ 775156.409232871606946, 8980165.190112272277474 ], [ 775156.364847706048749, 8980165.13572533801198 ], [ 775156.318581205559894, 8980165.082929575815797 ], [ 775156.270490370225161, 8980165.031790031120181 ], [ 775156.220634447759949, 8980164.982369704172015 ], [ 775156.169074860517867, 8980164.934729484841228 ], [ 775156.115875129587948, 8980164.88892806507647 ], [ 775156.061100796796381, 8980164.845021868124604 ], [ 775156.004819343914278, 8980164.803064990788698 ], [ 775155.947100109304301, 8980164.763109121471643 ], [ 775155.888014202937484, 8980164.725203484296799 ], [ 775155.827634418383241, 8980164.689394783228636 ], [ 775155.766035143169574, 8980164.655727129429579 ], [ 775155.703292267397046, 8980164.624242004007101 ], [ 775155.639483089908026, 8980164.594978196546435 ], [ 775155.574686223408207, 8980164.56797176040709 ], [ 775155.508981497259811, 8980164.543255966156721 ], [ 775155.442449859459884, 8980164.520861262455583 ], [ 775155.375173276639543, 8980164.50081524066627 ], [ 775155.307234633248299, 8980164.483142599463463 ], [ 775155.238717629341409, 8980164.467865107581019 ], [ 775155.169706677552313, 8980164.455001590773463 ], [ 775155.100286799133755, 8980164.444567892700434 ], [ 775155.030543519067578, 8980164.436576871201396 ], [ 775154.960562760592438, 8980164.431038368493319 ], [ 775154.890430739847943, 8980164.427959211170673 ], [ 775154.820233859005384, 8980164.427343189716339 ], [ 775154.750058600446209, 8980164.429191064089537 ], [ 775154.679991419659927, 8980164.433500558137894 ], [ 775154.61011863918975, 8980164.44026636146009 ], [ 775154.54052634187974, 8980164.449480140581727 ], [ 775154.471300265286118, 8980164.461130542680621 ], [ 775154.402525695390068, 8980164.475203214213252 ], [ 775154.3342873621732, 8980164.491680817678571 ], [ 775154.266669335193001, 8980164.510543053969741 ], [ 775154.19975491927471, 8980164.531766684725881 ], [ 775154.133626552764326, 8980164.555325562134385 ], [ 775154.068365705548786, 8980164.581190662458539 ], [ 775154.004052778705955, 8980164.609330117702484 ], [ 775153.940767005318776, 8980164.639709264039993 ], [ 775153.878586353268474, 8980164.672290669754148 ], [ 775153.817587428842671, 8980164.707034198567271 ], [ 775153.757845382438973, 8980164.74389704503119 ], [ 775153.699433816014789, 8980164.782833794131875 ], [ 775153.642424692166969, 8980164.823796477168798 ], [ 775153.586888246121816, 8980164.866734627634287 ], [ 775153.532892898307182, 8980164.911595344543457 ], [ 775153.480505170999095, 8980164.958323361352086 ], [ 775153.429789605317637, 8980165.006861109286547 ], [ 775153.380808682879433, 8980165.057148789986968 ], [ 775153.333622747799382, 8980165.109124448150396 ], [ 775153.288289932883345, 8980165.162724051624537 ], [ 775153.244866088149138, 8980165.217881564050913 ], [ 775153.203404711443, 8980165.274529034271836 ], [ 775153.16395688301418, 8980165.33259667083621 ], [ 775153.126571202417836, 8980165.392012935131788 ], [ 775153.091293728677556, 8980165.452704625204206 ], [ 775153.058167923358269, 8980165.514596972614527 ], [ 775153.027234597364441, 8980165.577613722532988 ], [ 775152.998531860532239, 8980165.641677241772413 ], [ 775152.9720950742485, 8980165.70670860260725 ], [ 775152.947956808726303, 8980165.772627687081695 ], [ 775152.926146802026778, 8980165.83935328386724 ], [ 775152.906691924203187, 8980165.906803185120225 ], [ 775152.889616143307649, 8980165.974894296377897 ], [ 775152.874940496869385, 8980166.043542725965381 ], [ 775152.862683065002784, 8980166.112663900479674 ], [ 775152.852858948986977, 8980166.182172665372491 ], [ 775152.845480252057314, 8980166.251983383670449 ], [ 775152.840556064620614, 8980166.322010049596429 ], [ 775152.838092453312129, 8980166.392166391015053 ], [ 775152.838092453312129, 8980166.462365973740816 ], [ 775152.840556064620614, 8980166.53252231515944 ], [ 775152.845480252057314, 8980166.60254898108542 ], [ 775152.852858948986977, 8980166.672359699383378 ], [ 775152.862683065002784, 8980166.741868464276195 ], [ 775152.874940496869385, 8980166.810989638790488 ], [ 775152.889616143307649, 8980166.879638068377972 ], [ 775152.906691924203187, 8980166.947729179635644 ], [ 775152.926146802026778, 8980167.015179080888629 ], [ 775152.947956808726303, 8980167.081904677674174 ], [ 775152.9720950742485, 8980167.147823762148619 ], [ 775152.998531860532239, 8980167.212855122983456 ], [ 775153.027234597364441, 8980167.276918642222881 ], [ 775153.058167923358269, 8980167.339935392141342 ], [ 775153.091293728677556, 8980167.401827739551663 ], [ 775153.126571202417836, 8980167.462519429624081 ], [ 775153.16395688301418, 8980167.521935693919659 ], [ 775153.203404711443, 8980167.580003330484033 ], [ 775153.244866088149138, 8980167.636650800704956 ], [ 775153.288289932883345, 8980167.691808313131332 ], [ 775153.333622747799382, 8980167.745407916605473 ], [ 775153.380808682879433, 8980167.797383574768901 ], [ 775153.429789605317637, 8980167.847671255469322 ], [ 775153.480505170999095, 8980167.896209003403783 ], [ 775153.532892898307182, 8980167.942937020212412 ], [ 775153.586888246121816, 8980167.987797737121582 ], [ 775153.642424692166969, 8980168.03073588758707 ], [ 775153.699433816014789, 8980168.071698570623994 ], [ 775153.757845382438973, 8980168.110635319724679 ], [ 775153.817587428842671, 8980168.147498166188598 ], [ 775153.878586353268474, 8980168.182241695001721 ], [ 775153.940767005318776, 8980168.214823100715876 ], [ 775154.004052778705955, 8980168.245202247053385 ], [ 775154.068365705548786, 8980168.27334170229733 ], [ 775154.133626552764326, 8980168.299206802621484 ], [ 775154.19975491927471, 8980168.322765680029988 ], [ 775154.266669335193001, 8980168.343989310786128 ], [ 775154.3342873621732, 8980168.362851547077298 ], [ 775154.402525695390068, 8980168.379329150542617 ], [ 775154.471300265286118, 8980168.393401822075248 ], [ 775154.54052634187974, 8980168.405052224174142 ], [ 775154.61011863918975, 8980168.414266003295779 ], [ 775154.679991419659927, 8980168.421031806617975 ], [ 775154.750058600446209, 8980168.425341300666332 ], [ 775154.820233859005384, 8980168.42718917503953 ], [ 775154.890430739847943, 8980168.426573153585196 ], [ 775154.960562760592438, 8980168.42349399626255 ], [ 775155.030543519067578, 8980168.417955493554473 ], [ 775155.100286799133755, 8980168.409964472055435 ], [ 775155.169706677552313, 8980168.399530773982406 ], [ 775155.238717629341409, 8980168.38666725717485 ], [ 775155.307234633248299, 8980168.371389765292406 ], [ 775155.375173276639543, 8980168.353717124089599 ], [ 775155.442449859459884, 8980168.333671102300286 ], [ 775155.508981497259811, 8980168.311276398599148 ], [ 775155.574686223408207, 8980168.286560604348779 ], [ 775155.639483089908026, 8980168.259554168209434 ], [ 775155.703292267397046, 8980168.230290360748768 ], [ 775155.766035143169574, 8980168.19880523532629 ], [ 775155.827634418383241, 8980168.165137581527233 ], [ 775155.888014202937484, 8980168.12932888045907 ], [ 775155.947100109304301, 8980168.091423243284225 ], [ 775156.004819343914278, 8980168.051467373967171 ], [ 775156.061100796796381, 8980168.009510496631265 ], [ 775156.115875129587948, 8980167.965604299679399 ], [ 775156.169074860517867, 8980167.919802879914641 ], [ 775156.220634447759949, 8980167.872162660583854 ], [ 775156.270490370225161, 8980167.822742333635688 ], [ 775156.318581205559894, 8980167.771602788940072 ], [ 775156.364847706048749, 8980167.718807026743889 ], [ 775156.409232871606946, 8980167.664420092478395 ], [ 775156.451682019978762, 8980167.608508991077542 ], [ 775156.492142854025587, 8980167.551142603158951 ], [ 775156.530565525987186, 8980167.492391603067517 ], [ 775156.566902699531056, 8980167.432328375056386 ], [ 775156.601109607378021, 8980167.371026914566755 ], [ 775156.633144106715918, 8980167.308562746271491 ], [ 775156.662966731120832, 8980167.245012823492289 ], [ 775156.690540739451535, 8980167.180455442517996 ], [ 775156.715832160436548, 8980167.114970134571195 ], [ 775156.73880983539857, 8980167.048637578263879 ], [ 775156.759445455740206, 8980166.981539495289326 ], [ 775156.777713598683476, 8980166.913758549839258 ], [ 775156.793591757770628, 8980166.845378248021007 ], [ 775156.807060371153057, 8980166.776482835412025 ], [ 775156.818102845805697, 8980166.70715718716383 ], [ 775156.82670557720121, 8980166.637486716732383 ], [ 775156.832857967005111, 8980166.567557254806161 ], [ 775156.836552435299382, 8980166.497454954311252 ], [ 775156.837784430710599, 8980166.427266182377934 ] ] ] ] } },
{ "type": "Feature", "properties": { "LAYER": "MBox", "GM_TYPE": "Unknown Area Type", "ELEVATION": -9, "path": "D:/TGS GEOJSON/add data baru/Oebaba add/09_oe_ar_mbox.geojson" }, "geometry": { "type": "MultiPolygon", "coordinates": [ [ [ [ 775395.207542651100084, 8980139.128285311162472 ], [ 775395.206310655688867, 8980139.058096539229155 ], [ 775395.202616187394597, 8980138.987994238734245 ], [ 775395.196463797590695, 8980138.918064776808023 ], [ 775395.187861066195183, 8980138.848394306376576 ], [ 775395.176818591542542, 8980138.779068658128381 ], [ 775395.163349978160113, 8980138.7101732455194 ], [ 775395.147471819072962, 8980138.641792943701148 ], [ 775395.129203676129691, 8980138.574011998251081 ], [ 775395.108568055788055, 8980138.506913915276527 ], [ 775395.085590380826034, 8980138.440581358969212 ], [ 775395.06029895984102, 8980138.37509605102241 ], [ 775395.032724951510318, 8980138.310538670048118 ], [ 775395.002902327105403, 8980138.246988747268915 ], [ 775394.970867827767506, 8980138.184524578973651 ], [ 775394.936660919920541, 8980138.12322311848402 ], [ 775394.900323746376671, 8980138.063159890472889 ], [ 775394.861901074415073, 8980138.004408890381455 ], [ 775394.821440240368247, 8980137.947042502462864 ], [ 775394.778991091996431, 8980137.891131401062012 ], [ 775394.734605926438235, 8980137.836744466796517 ], [ 775394.68833942594938, 8980137.783948704600334 ], [ 775394.640248590614647, 8980137.732809159904718 ], [ 775394.590392668149434, 8980137.683388832956553 ], [ 775394.538833080907352, 8980137.635748613625765 ], [ 775394.485633349977434, 8980137.589947193861008 ], [ 775394.430859017185867, 8980137.546040996909142 ], [ 775394.374577564303763, 8980137.504084119573236 ], [ 775394.316858329693787, 8980137.464128250256181 ], [ 775394.257772423326969, 8980137.426222613081336 ], [ 775394.197392638772726, 8980137.390413912013173 ], [ 775394.13579336355906, 8980137.356746258214116 ], [ 775394.073050487786531, 8980137.325261132791638 ], [ 775394.009241310297512, 8980137.295997325330973 ], [ 775393.944444443797693, 8980137.268990889191628 ], [ 775393.878739717649296, 8980137.244275094941258 ], [ 775393.81220807984937, 8980137.22188039124012 ], [ 775393.744931497029029, 8980137.201834369450808 ], [ 775393.676992853637785, 8980137.184161728248 ], [ 775393.608475849730894, 8980137.168884236365557 ], [ 775393.539464897941798, 8980137.156020719558001 ], [ 775393.470045019523241, 8980137.145587021484971 ], [ 775393.400301739457063, 8980137.137596 ], [ 775393.330320980981924, 8980137.132057497277856 ], [ 775393.260188960237429, 8980137.128978339955211 ], [ 775393.18999207939487, 8980137.128362318500876 ], [ 775393.119816820835695, 8980137.130210192874074 ], [ 775393.049749640049413, 8980137.134519686922431 ], [ 775392.979876859579235, 8980137.141285490244627 ], [ 775392.910284562269226, 8980137.150499269366264 ], [ 775392.841058485675603, 8980137.162149671465158 ], [ 775392.772283915779553, 8980137.176222342997789 ], [ 775392.704045582562685, 8980137.192699946463108 ], [ 775392.636427555582486, 8980137.211562182754278 ], [ 775392.569513139664195, 8980137.232785813510418 ], [ 775392.503384773153812, 8980137.256344690918922 ], [ 775392.438123925938271, 8980137.282209791243076 ], [ 775392.37381099909544, 8980137.310349246487021 ], [ 775392.310525225708261, 8980137.340728392824531 ], [ 775392.24834457365796, 8980137.373309798538685 ], [ 775392.187345649232157, 8980137.408053327351809 ], [ 775392.127603602828458, 8980137.444916173815727 ], [ 775392.069192036404274, 8980137.483852922916412 ], [ 775392.012182912556455, 8980137.524815605953336 ], [ 775391.956646466511302, 8980137.567753756418824 ], [ 775391.902651118696667, 8980137.612614473327994 ], [ 775391.85026339138858, 8980137.659342490136623 ], [ 775391.799547825707123, 8980137.707880238071084 ], [ 775391.750566903268918, 8980137.758167918771505 ], [ 775391.703380968188867, 8980137.810143576934934 ], [ 775391.65804815327283, 8980137.863743180409074 ], [ 775391.614624308538623, 8980137.91890069283545 ], [ 775391.573162931832485, 8980137.975548163056374 ], [ 775391.533715103403665, 8980138.033615799620748 ], [ 775391.496329422807321, 8980138.093032063916326 ], [ 775391.461051949067041, 8980138.153723753988743 ], [ 775391.427926143747754, 8980138.215616101399064 ], [ 775391.396992817753926, 8980138.278632851317525 ], [ 775391.368290080921724, 8980138.342696370556951 ], [ 775391.341853294637986, 8980138.407727731391788 ], [ 775391.317715029115789, 8980138.473646815866232 ], [ 775391.295905022416264, 8980138.540372412651777 ], [ 775391.276450144592673, 8980138.607822313904762 ], [ 775391.259374363697134, 8980138.675913425162435 ], [ 775391.244698717258871, 8980138.744561854749918 ], [ 775391.232441285392269, 8980138.813683029264212 ], [ 775391.222617169376463, 8980138.883191794157028 ], [ 775391.215238472446799, 8980138.953002512454987 ], [ 775391.210314285010099, 8980139.023029178380966 ], [ 775391.207850673701614, 8980139.09318551979959 ], [ 775391.207850673701614, 8980139.163385102525353 ], [ 775391.210314285010099, 8980139.233541443943977 ], [ 775391.215238472446799, 8980139.303568109869957 ], [ 775391.222617169376463, 8980139.373378828167915 ], [ 775391.232441285392269, 8980139.442887593060732 ], [ 775391.244698717258871, 8980139.512008767575026 ], [ 775391.259374363697134, 8980139.580657197162509 ], [ 775391.276450144592673, 8980139.648748308420181 ], [ 775391.295905022416264, 8980139.716198209673166 ], [ 775391.317715029115789, 8980139.782923806458712 ], [ 775391.341853294637986, 8980139.848842890933156 ], [ 775391.368290080921724, 8980139.913874251767993 ], [ 775391.396992817753926, 8980139.977937771007419 ], [ 775391.427926143747754, 8980140.040954520925879 ], [ 775391.461051949067041, 8980140.102846868336201 ], [ 775391.496329422807321, 8980140.163538558408618 ], [ 775391.533715103403665, 8980140.222954822704196 ], [ 775391.573162931832485, 8980140.28102245926857 ], [ 775391.614624308538623, 8980140.337669929489493 ], [ 775391.65804815327283, 8980140.39282744191587 ], [ 775391.703380968188867, 8980140.44642704539001 ], [ 775391.750566903268918, 8980140.498402703553438 ], [ 775391.799547825707123, 8980140.54869038425386 ], [ 775391.85026339138858, 8980140.59722813218832 ], [ 775391.902651118696667, 8980140.643956148996949 ], [ 775391.956646466511302, 8980140.688816865906119 ], [ 775392.012182912556455, 8980140.731755016371608 ], [ 775392.069192036404274, 8980140.772717699408531 ], [ 775392.127603602828458, 8980140.811654448509216 ], [ 775392.187345649232157, 8980140.848517294973135 ], [ 775392.24834457365796, 8980140.883260823786259 ], [ 775392.310525225708261, 8980140.915842229500413 ], [ 775392.37381099909544, 8980140.946221375837922 ], [ 775392.438123925938271, 8980140.974360831081867 ], [ 775392.503384773153812, 8980141.000225931406021 ], [ 775392.569513139664195, 8980141.023784808814526 ], [ 775392.636427555582486, 8980141.045008439570665 ], [ 775392.704045582562685, 8980141.063870675861835 ], [ 775392.772283915779553, 8980141.080348279327154 ], [ 775392.841058485675603, 8980141.094420950859785 ], [ 775392.910284562269226, 8980141.106071352958679 ], [ 775392.979876859579235, 8980141.115285132080317 ], [ 775393.049749640049413, 8980141.122050935402513 ], [ 775393.119816820835695, 8980141.12636042945087 ], [ 775393.18999207939487, 8980141.128208303824067 ], [ 775393.260188960237429, 8980141.127592282369733 ], [ 775393.330320980981924, 8980141.124513125047088 ], [ 775393.400301739457063, 8980141.11897462233901 ], [ 775393.470045019523241, 8980141.110983600839972 ], [ 775393.539464897941798, 8980141.100549902766943 ], [ 775393.608475849730894, 8980141.087686385959387 ], [ 775393.676992853637785, 8980141.072408894076943 ], [ 775393.744931497029029, 8980141.054736252874136 ], [ 775393.81220807984937, 8980141.034690231084824 ], [ 775393.878739717649296, 8980141.012295527383685 ], [ 775393.944444443797693, 8980140.987579733133316 ], [ 775394.009241310297512, 8980140.960573296993971 ], [ 775394.073050487786531, 8980140.931309489533305 ], [ 775394.13579336355906, 8980140.899824364110827 ], [ 775394.197392638772726, 8980140.86615671031177 ], [ 775394.257772423326969, 8980140.830348009243608 ], [ 775394.316858329693787, 8980140.792442372068763 ], [ 775394.374577564303763, 8980140.752486502751708 ], [ 775394.430859017185867, 8980140.710529625415802 ], [ 775394.485633349977434, 8980140.666623428463936 ], [ 775394.538833080907352, 8980140.620822008699179 ], [ 775394.590392668149434, 8980140.573181789368391 ], [ 775394.640248590614647, 8980140.523761462420225 ], [ 775394.68833942594938, 8980140.472621917724609 ], [ 775394.734605926438235, 8980140.419826155528426 ], [ 775394.778991091996431, 8980140.365439221262932 ], [ 775394.821440240368247, 8980140.30952811986208 ], [ 775394.861901074415073, 8980140.252161731943488 ], [ 775394.900323746376671, 8980140.193410731852055 ], [ 775394.936660919920541, 8980140.133347503840923 ], [ 775394.970867827767506, 8980140.072046043351293 ], [ 775395.002902327105403, 8980140.009581875056028 ], [ 775395.032724951510318, 8980139.946031952276826 ], [ 775395.06029895984102, 8980139.881474571302533 ], [ 775395.085590380826034, 8980139.815989263355732 ], [ 775395.108568055788055, 8980139.749656707048416 ], [ 775395.129203676129691, 8980139.682558624073863 ], [ 775395.147471819072962, 8980139.614777678623796 ], [ 775395.163349978160113, 8980139.546397376805544 ], [ 775395.176818591542542, 8980139.477501964196563 ], [ 775395.187861066195183, 8980139.408176315948367 ], [ 775395.196463797590695, 8980139.33850584551692 ], [ 775395.202616187394597, 8980139.268576383590698 ], [ 775395.206310655688867, 8980139.198474083095789 ], [ 775395.207542651100084, 8980139.128285311162472 ] ] ] ] } },
{ "type": "Feature", "properties": { "LAYER": "MBox", "GM_TYPE": "Unknown Area Type", "ELEVATION": null, "path": "D:/TGS GEOJSON/add data baru/Oebaba add/09_oe_ar_mbox.geojson" }, "geometry": { "type": "MultiPolygon", "coordinates": [ [ [ [ 775245.144598515238613, 8981588.954345721751451 ], [ 775245.143366519827396, 8981588.884156949818134 ], [ 775245.139672051533125, 8981588.814054649323225 ], [ 775245.133519661729224, 8981588.744125187397003 ], [ 775245.124916930333711, 8981588.674454716965556 ], [ 775245.113874455681071, 8981588.60512906871736 ], [ 775245.100405842298642, 8981588.536233656108379 ], [ 775245.084527683211491, 8981588.467853354290128 ], [ 775245.06625954026822, 8981588.40007240884006 ], [ 775245.045623919926584, 8981588.332974325865507 ], [ 775245.022646244964562, 8981588.266641769558191 ], [ 775244.997354823979549, 8981588.20115646161139 ], [ 775244.969780815648846, 8981588.136599080637097 ], [ 775244.939958191243932, 8981588.073049157857895 ], [ 775244.907923691906035, 8981588.010584989562631 ], [ 775244.87371678405907, 8981587.949283529073 ], [ 775244.8373796105152, 8981587.889220301061869 ], [ 775244.798956938553602, 8981587.830469300970435 ], [ 775244.758496104506776, 8981587.773102913051844 ], [ 775244.71604695613496, 8981587.717191811650991 ], [ 775244.671661790576763, 8981587.662804877385497 ], [ 775244.625395290087909, 8981587.610009115189314 ], [ 775244.577304454753175, 8981587.558869570493698 ], [ 775244.527448532287963, 8981587.509449243545532 ], [ 775244.475888945045881, 8981587.461809024214745 ], [ 775244.422689214115962, 8981587.416007604449987 ], [ 775244.367914881324396, 8981587.372101407498121 ], [ 775244.311633428442292, 8981587.330144530162215 ], [ 775244.253914193832316, 8981587.29018866084516 ], [ 775244.194828287465498, 8981587.252283023670316 ], [ 775244.134448502911255, 8981587.216474322602153 ], [ 775244.072849227697589, 8981587.182806668803096 ], [ 775244.01010635192506, 8981587.151321543380618 ], [ 775243.94629717443604, 8981587.122057735919952 ], [ 775243.881500307936221, 8981587.095051299780607 ], [ 775243.815795581787825, 8981587.070335505530238 ], [ 775243.749263943987899, 8981587.0479408018291 ], [ 775243.681987361167558, 8981587.027894780039787 ], [ 775243.614048717776313, 8981587.01022213883698 ], [ 775243.545531713869423, 8981586.994944646954536 ], [ 775243.476520762080327, 8981586.98208113014698 ], [ 775243.407100883661769, 8981586.971647432073951 ], [ 775243.337357603595592, 8981586.963656410574913 ], [ 775243.267376845120452, 8981586.958117907866836 ], [ 775243.197244824375957, 8981586.95503875054419 ], [ 775243.127047943533398, 8981586.954422729089856 ], [ 775243.056872684974223, 8981586.956270603463054 ], [ 775242.986805504187942, 8981586.960580097511411 ], [ 775242.916932723717764, 8981586.967345900833607 ], [ 775242.847340426407754, 8981586.976559679955244 ], [ 775242.778114349814132, 8981586.988210082054138 ], [ 775242.709339779918082, 8981587.002282753586769 ], [ 775242.641101446701214, 8981587.018760357052088 ], [ 775242.573483419721015, 8981587.037622593343258 ], [ 775242.506569003802724, 8981587.058846224099398 ], [ 775242.44044063729234, 8981587.082405101507902 ], [ 775242.3751797900768, 8981587.108270201832056 ], [ 775242.310866863233969, 8981587.136409657076001 ], [ 775242.24758108984679, 8981587.16678880341351 ], [ 775242.185400437796488, 8981587.199370209127665 ], [ 775242.124401513370685, 8981587.234113737940788 ], [ 775242.064659466966987, 8981587.270976584404707 ], [ 775242.006247900542803, 8981587.309913333505392 ], [ 775241.949238776694983, 8981587.350876016542315 ], [ 775241.89370233064983, 8981587.393814167007804 ], [ 775241.839706982835196, 8981587.438674883916974 ], [ 775241.787319255527109, 8981587.485402900725603 ], [ 775241.736603689845651, 8981587.533940648660064 ], [ 775241.687622767407447, 8981587.584228329360485 ], [ 775241.640436832327396, 8981587.636203987523913 ], [ 775241.595104017411359, 8981587.689803590998054 ], [ 775241.551680172677152, 8981587.74496110342443 ], [ 775241.510218795971014, 8981587.801608573645353 ], [ 775241.470770967542194, 8981587.859676210209727 ], [ 775241.43338528694585, 8981587.919092474505305 ], [ 775241.39810781320557, 8981587.979784164577723 ], [ 775241.364982007886283, 8981588.041676511988044 ], [ 775241.334048681892455, 8981588.104693261906505 ], [ 775241.305345945060253, 8981588.16875678114593 ], [ 775241.278909158776514, 8981588.233788141980767 ], [ 775241.254770893254317, 8981588.299707226455212 ], [ 775241.232960886554793, 8981588.366432823240757 ], [ 775241.213506008731201, 8981588.433882724493742 ], [ 775241.196430227835663, 8981588.501973835751414 ], [ 775241.181754581397399, 8981588.570622265338898 ], [ 775241.169497149530798, 8981588.639743439853191 ], [ 775241.159673033514991, 8981588.709252204746008 ], [ 775241.152294336585328, 8981588.779062923043966 ], [ 775241.147370149148628, 8981588.849089588969946 ], [ 775241.144906537840143, 8981588.91924593038857 ], [ 775241.144906537840143, 8981588.989445513114333 ], [ 775241.147370149148628, 8981589.059601854532957 ], [ 775241.152294336585328, 8981589.129628520458937 ], [ 775241.159673033514991, 8981589.199439238756895 ], [ 775241.169497149530798, 8981589.268948003649712 ], [ 775241.181754581397399, 8981589.338069178164005 ], [ 775241.196430227835663, 8981589.406717607751489 ], [ 775241.213506008731201, 8981589.474808719009161 ], [ 775241.232960886554793, 8981589.542258620262146 ], [ 775241.254770893254317, 8981589.608984217047691 ], [ 775241.278909158776514, 8981589.674903301522136 ], [ 775241.305345945060253, 8981589.739934662356973 ], [ 775241.334048681892455, 8981589.803998181596398 ], [ 775241.364982007886283, 8981589.867014931514859 ], [ 775241.39810781320557, 8981589.92890727892518 ], [ 775241.43338528694585, 8981589.989598968997598 ], [ 775241.470770967542194, 8981590.049015233293176 ], [ 775241.510218795971014, 8981590.10708286985755 ], [ 775241.551680172677152, 8981590.163730340078473 ], [ 775241.595104017411359, 8981590.218887852504849 ], [ 775241.640436832327396, 8981590.27248745597899 ], [ 775241.687622767407447, 8981590.324463114142418 ], [ 775241.736603689845651, 8981590.374750794842839 ], [ 775241.787319255527109, 8981590.4232885427773 ], [ 775241.839706982835196, 8981590.470016559585929 ], [ 775241.89370233064983, 8981590.514877276495099 ], [ 775241.949238776694983, 8981590.557815426960588 ], [ 775242.006247900542803, 8981590.598778109997511 ], [ 775242.064659466966987, 8981590.637714859098196 ], [ 775242.124401513370685, 8981590.674577705562115 ], [ 775242.185400437796488, 8981590.709321234375238 ], [ 775242.24758108984679, 8981590.741902640089393 ], [ 775242.310866863233969, 8981590.772281786426902 ], [ 775242.3751797900768, 8981590.800421241670847 ], [ 775242.44044063729234, 8981590.826286341995001 ], [ 775242.506569003802724, 8981590.849845219403505 ], [ 775242.573483419721015, 8981590.871068850159645 ], [ 775242.641101446701214, 8981590.889931086450815 ], [ 775242.709339779918082, 8981590.906408689916134 ], [ 775242.778114349814132, 8981590.920481361448765 ], [ 775242.847340426407754, 8981590.932131763547659 ], [ 775242.916932723717764, 8981590.941345542669296 ], [ 775242.986805504187942, 8981590.948111345991492 ], [ 775243.056872684974223, 8981590.952420840039849 ], [ 775243.127047943533398, 8981590.954268714413047 ], [ 775243.197244824375957, 8981590.953652692958713 ], [ 775243.267376845120452, 8981590.950573535636067 ], [ 775243.337357603595592, 8981590.94503503292799 ], [ 775243.407100883661769, 8981590.937044011428952 ], [ 775243.476520762080327, 8981590.926610313355923 ], [ 775243.545531713869423, 8981590.913746796548367 ], [ 775243.614048717776313, 8981590.898469304665923 ], [ 775243.681987361167558, 8981590.880796663463116 ], [ 775243.749263943987899, 8981590.860750641673803 ], [ 775243.815795581787825, 8981590.838355937972665 ], [ 775243.881500307936221, 8981590.813640143722296 ], [ 775243.94629717443604, 8981590.786633707582951 ], [ 775244.01010635192506, 8981590.757369900122285 ], [ 775244.072849227697589, 8981590.725884774699807 ], [ 775244.134448502911255, 8981590.69221712090075 ], [ 775244.194828287465498, 8981590.656408419832587 ], [ 775244.253914193832316, 8981590.618502782657743 ], [ 775244.311633428442292, 8981590.578546913340688 ], [ 775244.367914881324396, 8981590.536590036004782 ], [ 775244.422689214115962, 8981590.492683839052916 ], [ 775244.475888945045881, 8981590.446882419288158 ], [ 775244.527448532287963, 8981590.399242199957371 ], [ 775244.577304454753175, 8981590.349821873009205 ], [ 775244.625395290087909, 8981590.298682328313589 ], [ 775244.671661790576763, 8981590.245886566117406 ], [ 775244.71604695613496, 8981590.191499631851912 ], [ 775244.758496104506776, 8981590.135588530451059 ], [ 775244.798956938553602, 8981590.078222142532468 ], [ 775244.8373796105152, 8981590.019471142441034 ], [ 775244.87371678405907, 8981589.959407914429903 ], [ 775244.907923691906035, 8981589.898106453940272 ], [ 775244.939958191243932, 8981589.835642285645008 ], [ 775244.969780815648846, 8981589.772092362865806 ], [ 775244.997354823979549, 8981589.707534981891513 ], [ 775245.022646244964562, 8981589.642049673944712 ], [ 775245.045623919926584, 8981589.575717117637396 ], [ 775245.06625954026822, 8981589.508619034662843 ], [ 775245.084527683211491, 8981589.440838089212775 ], [ 775245.100405842298642, 8981589.372457787394524 ], [ 775245.113874455681071, 8981589.303562374785542 ], [ 775245.124916930333711, 8981589.234236726537347 ], [ 775245.133519661729224, 8981589.1645662561059 ], [ 775245.139672051533125, 8981589.094636794179678 ], [ 775245.143366519827396, 8981589.024534493684769 ], [ 775245.144598515238613, 8981588.954345721751451 ] ] ] ] } },
{ "type": "Feature", "properties": { "LAYER": "MBox", "GM_TYPE": "Unknown Area Type", "ELEVATION": null, "path": "D:/TGS GEOJSON/add data baru/Oebaba add/09_oe_ar_mbox.geojson" }, "geometry": { "type": "MultiPolygon", "coordinates": [ [ [ [ 775208.78515089082066, 8980895.642426557838917 ], [ 775208.783918895409442, 8980895.5722377859056 ], [ 775208.780224427115172, 8980895.50213548541069 ], [ 775208.774072037311271, 8980895.432206023484468 ], [ 775208.765469305915758, 8980895.362535553053021 ], [ 775208.754426831263117, 8980895.293209904804826 ], [ 775208.740958217880689, 8980895.224314492195845 ], [ 775208.725080058793537, 8980895.155934190377593 ], [ 775208.706811915850267, 8980895.088153244927526 ], [ 775208.686176295508631, 8980895.021055161952972 ], [ 775208.663198620546609, 8980894.954722605645657 ], [ 775208.637907199561596, 8980894.889237297698855 ], [ 775208.610333191230893, 8980894.824679916724563 ], [ 775208.580510566825978, 8980894.76112999394536 ], [ 775208.548476067488082, 8980894.698665825650096 ], [ 775208.514269159641117, 8980894.637364365160465 ], [ 775208.477931986097246, 8980894.577301137149334 ], [ 775208.439509314135648, 8980894.5185501370579 ], [ 775208.399048480088823, 8980894.461183749139309 ], [ 775208.356599331717007, 8980894.405272647738457 ], [ 775208.31221416615881, 8980894.350885713472962 ], [ 775208.265947665669955, 8980894.298089951276779 ], [ 775208.217856830335222, 8980894.246950406581163 ], [ 775208.16800090787001, 8980894.197530079632998 ], [ 775208.116441320627928, 8980894.14988986030221 ], [ 775208.063241589698009, 8980894.104088440537453 ], [ 775208.008467256906442, 8980894.060182243585587 ], [ 775207.952185804024339, 8980894.018225366249681 ], [ 775207.894466569414362, 8980893.978269496932626 ], [ 775207.835380663047545, 8980893.940363859757781 ], [ 775207.775000878493302, 8980893.904555158689618 ], [ 775207.713401603279635, 8980893.870887504890561 ], [ 775207.650658727507107, 8980893.839402379468083 ], [ 775207.586849550018087, 8980893.810138572007418 ], [ 775207.522052683518268, 8980893.783132135868073 ], [ 775207.456347957369871, 8980893.758416341617703 ], [ 775207.389816319569945, 8980893.736021637916565 ], [ 775207.322539736749604, 8980893.715975616127253 ], [ 775207.25460109335836, 8980893.698302974924445 ], [ 775207.186084089451469, 8980893.683025483042002 ], [ 775207.117073137662373, 8980893.670161966234446 ], [ 775207.047653259243816, 8980893.659728268161416 ], [ 775206.977909979177639, 8980893.651737246662378 ], [ 775206.907929220702499, 8980893.646198743954301 ], [ 775206.837797199958004, 8980893.643119586631656 ], [ 775206.767600319115445, 8980893.642503565177321 ], [ 775206.69742506055627, 8980893.644351439550519 ], [ 775206.627357879769988, 8980893.648660933598876 ], [ 775206.557485099299811, 8980893.655426736921072 ], [ 775206.487892801989801, 8980893.664640516042709 ], [ 775206.418666725396179, 8980893.676290918141603 ], [ 775206.349892155500129, 8980893.690363589674234 ], [ 775206.281653822283261, 8980893.706841193139553 ], [ 775206.214035795303062, 8980893.725703429430723 ], [ 775206.147121379384771, 8980893.746927060186863 ], [ 775206.080993012874387, 8980893.770485937595367 ], [ 775206.015732165658846, 8980893.796351037919521 ], [ 775205.951419238816015, 8980893.824490493163466 ], [ 775205.888133465428837, 8980893.854869639500976 ], [ 775205.825952813378535, 8980893.88745104521513 ], [ 775205.764953888952732, 8980893.922194574028254 ], [ 775205.705211842549033, 8980893.959057420492172 ], [ 775205.64680027612485, 8980893.997994169592857 ], [ 775205.58979115227703, 8980894.038956852629781 ], [ 775205.534254706231877, 8980894.081895003095269 ], [ 775205.480259358417243, 8980894.126755720004439 ], [ 775205.427871631109156, 8980894.173483736813068 ], [ 775205.377156065427698, 8980894.222021484747529 ], [ 775205.328175142989494, 8980894.27230916544795 ], [ 775205.280989207909442, 8980894.324284823611379 ], [ 775205.235656392993405, 8980894.377884427085519 ], [ 775205.192232548259199, 8980894.433041939511895 ], [ 775205.15077117155306, 8980894.489689409732819 ], [ 775205.111323343124241, 8980894.547757046297193 ], [ 775205.073937662527896, 8980894.607173310592771 ], [ 775205.038660188787617, 8980894.667865000665188 ], [ 775205.00553438346833, 8980894.729757348075509 ], [ 775204.974601057474501, 8980894.79277409799397 ], [ 775204.9458983206423, 8980894.856837617233396 ], [ 775204.919461534358561, 8980894.921868978068233 ], [ 775204.895323268836364, 8980894.987788062542677 ], [ 775204.873513262136839, 8980895.054513659328222 ], [ 775204.854058384313248, 8980895.121963560581207 ], [ 775204.836982603417709, 8980895.19005467183888 ], [ 775204.822306956979446, 8980895.258703101426363 ], [ 775204.810049525112845, 8980895.327824275940657 ], [ 775204.800225409097038, 8980895.397333040833473 ], [ 775204.792846712167375, 8980895.467143759131432 ], [ 775204.787922524730675, 8980895.537170425057411 ], [ 775204.78545891342219, 8980895.607326766476035 ], [ 775204.78545891342219, 8980895.677526349201798 ], [ 775204.787922524730675, 8980895.747682690620422 ], [ 775204.792846712167375, 8980895.817709356546402 ], [ 775204.800225409097038, 8980895.88752007484436 ], [ 775204.810049525112845, 8980895.957028839737177 ], [ 775204.822306956979446, 8980896.026150014251471 ], [ 775204.836982603417709, 8980896.094798443838954 ], [ 775204.854058384313248, 8980896.162889555096626 ], [ 775204.873513262136839, 8980896.230339456349611 ], [ 775204.895323268836364, 8980896.297065053135157 ], [ 775204.919461534358561, 8980896.362984137609601 ], [ 775204.9458983206423, 8980896.428015498444438 ], [ 775204.974601057474501, 8980896.492079017683864 ], [ 775205.00553438346833, 8980896.555095767602324 ], [ 775205.038660188787617, 8980896.616988115012646 ], [ 775205.073937662527896, 8980896.677679805085063 ], [ 775205.111323343124241, 8980896.737096069380641 ], [ 775205.15077117155306, 8980896.795163705945015 ], [ 775205.192232548259199, 8980896.851811176165938 ], [ 775205.235656392993405, 8980896.906968688592315 ], [ 775205.280989207909442, 8980896.960568292066455 ], [ 775205.328175142989494, 8980897.012543950229883 ], [ 775205.377156065427698, 8980897.062831630930305 ], [ 775205.427871631109156, 8980897.111369378864765 ], [ 775205.480259358417243, 8980897.158097395673394 ], [ 775205.534254706231877, 8980897.202958112582564 ], [ 775205.58979115227703, 8980897.245896263048053 ], [ 775205.64680027612485, 8980897.286858946084976 ], [ 775205.705211842549033, 8980897.325795695185661 ], [ 775205.764953888952732, 8980897.36265854164958 ], [ 775205.825952813378535, 8980897.397402070462704 ], [ 775205.888133465428837, 8980897.429983476176858 ], [ 775205.951419238816015, 8980897.460362622514367 ], [ 775206.015732165658846, 8980897.488502077758312 ], [ 775206.080993012874387, 8980897.514367178082466 ], [ 775206.147121379384771, 8980897.537926055490971 ], [ 775206.214035795303062, 8980897.55914968624711 ], [ 775206.281653822283261, 8980897.57801192253828 ], [ 775206.349892155500129, 8980897.594489526003599 ], [ 775206.418666725396179, 8980897.60856219753623 ], [ 775206.487892801989801, 8980897.620212599635124 ], [ 775206.557485099299811, 8980897.629426378756762 ], [ 775206.627357879769988, 8980897.636192182078958 ], [ 775206.69742506055627, 8980897.640501676127315 ], [ 775206.767600319115445, 8980897.642349550500512 ], [ 775206.837797199958004, 8980897.641733529046178 ], [ 775206.907929220702499, 8980897.638654371723533 ], [ 775206.977909979177639, 8980897.633115869015455 ], [ 775207.047653259243816, 8980897.625124847516418 ], [ 775207.117073137662373, 8980897.614691149443388 ], [ 775207.186084089451469, 8980897.601827632635832 ], [ 775207.25460109335836, 8980897.586550140753388 ], [ 775207.322539736749604, 8980897.568877499550581 ], [ 775207.389816319569945, 8980897.548831477761269 ], [ 775207.456347957369871, 8980897.52643677406013 ], [ 775207.522052683518268, 8980897.501720979809761 ], [ 775207.586849550018087, 8980897.474714543670416 ], [ 775207.650658727507107, 8980897.44545073620975 ], [ 775207.713401603279635, 8980897.413965610787272 ], [ 775207.775000878493302, 8980897.380297956988215 ], [ 775207.835380663047545, 8980897.344489255920053 ], [ 775207.894466569414362, 8980897.306583618745208 ], [ 775207.952185804024339, 8980897.266627749428153 ], [ 775208.008467256906442, 8980897.224670872092247 ], [ 775208.063241589698009, 8980897.180764675140381 ], [ 775208.116441320627928, 8980897.134963255375624 ], [ 775208.16800090787001, 8980897.087323036044836 ], [ 775208.217856830335222, 8980897.03790270909667 ], [ 775208.265947665669955, 8980896.986763164401054 ], [ 775208.31221416615881, 8980896.933967402204871 ], [ 775208.356599331717007, 8980896.879580467939377 ], [ 775208.399048480088823, 8980896.823669366538525 ], [ 775208.439509314135648, 8980896.766302978619933 ], [ 775208.477931986097246, 8980896.7075519785285 ], [ 775208.514269159641117, 8980896.647488750517368 ], [ 775208.548476067488082, 8980896.586187290027738 ], [ 775208.580510566825978, 8980896.523723121732473 ], [ 775208.610333191230893, 8980896.460173198953271 ], [ 775208.637907199561596, 8980896.395615817978978 ], [ 775208.663198620546609, 8980896.330130510032177 ], [ 775208.686176295508631, 8980896.263797953724861 ], [ 775208.706811915850267, 8980896.196699870750308 ], [ 775208.725080058793537, 8980896.128918925300241 ], [ 775208.740958217880689, 8980896.060538623481989 ], [ 775208.754426831263117, 8980895.991643210873008 ], [ 775208.765469305915758, 8980895.922317562624812 ], [ 775208.774072037311271, 8980895.852647092193365 ], [ 775208.780224427115172, 8980895.782717630267143 ], [ 775208.783918895409442, 8980895.712615329772234 ], [ 775208.78515089082066, 8980895.642426557838917 ] ] ] ] } },
{ "type": "Feature", "properties": { "LAYER": "MBox", "GM_TYPE": "Unknown Area Type", "ELEVATION": null, "path": "D:/TGS GEOJSON/add data baru/Oebaba add/09_oe_ar_mbox.geojson" }, "geometry": { "type": "MultiPolygon", "coordinates": [ [ [ [ 774915.458119504270144, 8980306.662446897476912 ], [ 774915.456887508858927, 8980306.592258125543594 ], [ 774915.453193040564656, 8980306.522155825048685 ], [ 774915.447040650760755, 8980306.452226363122463 ], [ 774915.438437919365242, 8980306.382555892691016 ], [ 774915.427395444712602, 8980306.313230244442821 ], [ 774915.413926831330173, 8980306.244334831833839 ], [ 774915.398048672243021, 8980306.175954530015588 ], [ 774915.379780529299751, 8980306.10817358456552 ], [ 774915.359144908958115, 8980306.041075501590967 ], [ 774915.336167233996093, 8980305.974742945283651 ], [ 774915.31087581301108, 8980305.90925763733685 ], [ 774915.283301804680377, 8980305.844700256362557 ], [ 774915.253479180275463, 8980305.781150333583355 ], [ 774915.221444680937566, 8980305.718686165288091 ], [ 774915.187237773090601, 8980305.65738470479846 ], [ 774915.150900599546731, 8980305.597321476787329 ], [ 774915.112477927585132, 8980305.538570476695895 ], [ 774915.072017093538307, 8980305.481204088777304 ], [ 774915.029567945166491, 8980305.425292987376451 ], [ 774914.985182779608294, 8980305.370906053110957 ], [ 774914.938916279119439, 8980305.318110290914774 ], [ 774914.890825443784706, 8980305.266970746219158 ], [ 774914.840969521319494, 8980305.217550419270992 ], [ 774914.789409934077412, 8980305.169910199940205 ], [ 774914.736210203147493, 8980305.124108780175447 ], [ 774914.681435870355926, 8980305.080202583223581 ], [ 774914.625154417473823, 8980305.038245705887675 ], [ 774914.567435182863846, 8980304.998289836570621 ], [ 774914.508349276497029, 8980304.960384199395776 ], [ 774914.447969491942786, 8980304.924575498327613 ], [ 774914.386370216729119, 8980304.890907844528556 ], [ 774914.323627340956591, 8980304.859422719106078 ], [ 774914.259818163467571, 8980304.830158911645412 ], [ 774914.195021296967752, 8980304.803152475506067 ], [ 774914.129316570819356, 8980304.778436681255698 ], [ 774914.062784933019429, 8980304.75604197755456 ], [ 774913.995508350199088, 8980304.735995955765247 ], [ 774913.927569706807844, 8980304.71832331456244 ], [ 774913.859052702900954, 8980304.703045822679996 ], [ 774913.790041751111858, 8980304.69018230587244 ], [ 774913.7206218726933, 8980304.679748607799411 ], [ 774913.650878592627123, 8980304.671757586300373 ], [ 774913.580897834151983, 8980304.666219083592296 ], [ 774913.510765813407488, 8980304.66313992626965 ], [ 774913.440568932564929, 8980304.662523904815316 ], [ 774913.370393674005754, 8980304.664371779188514 ], [ 774913.300326493219472, 8980304.668681273236871 ], [ 774913.230453712749295, 8980304.675447076559067 ], [ 774913.160861415439285, 8980304.684660855680704 ], [ 774913.091635338845663, 8980304.696311257779598 ], [ 774913.022860768949613, 8980304.710383929312229 ], [ 774912.954622435732745, 8980304.726861532777548 ], [ 774912.887004408752546, 8980304.745723769068718 ], [ 774912.820089992834255, 8980304.766947399824858 ], [ 774912.753961626323871, 8980304.790506277233362 ], [ 774912.688700779108331, 8980304.816371377557516 ], [ 774912.6243878522655, 8980304.844510832801461 ], [ 774912.561102078878321, 8980304.87488997913897 ], [ 774912.498921426828019, 8980304.907471384853125 ], [ 774912.437922502402216, 8980304.942214913666248 ], [ 774912.378180455998518, 8980304.979077760130167 ], [ 774912.319768889574334, 8980305.018014509230852 ], [ 774912.262759765726514, 8980305.058977192267776 ], [ 774912.207223319681361, 8980305.101915342733264 ], [ 774912.153227971866727, 8980305.146776059642434 ], [ 774912.10084024455864, 8980305.193504076451063 ], [ 774912.050124678877182, 8980305.242041824385524 ], [ 774912.001143756438978, 8980305.292329505085945 ], [ 774911.953957821358927, 8980305.344305163249373 ], [ 774911.90862500644289, 8980305.397904766723514 ], [ 774911.865201161708683, 8980305.45306227914989 ], [ 774911.823739785002545, 8980305.509709749370813 ], [ 774911.784291956573725, 8980305.567777385935187 ], [ 774911.746906275977381, 8980305.627193650230765 ], [ 774911.711628802237101, 8980305.687885340303183 ], [ 774911.678502996917814, 8980305.749777687713504 ], [ 774911.647569670923986, 8980305.812794437631965 ], [ 774911.618866934091784, 8980305.87685795687139 ], [ 774911.592430147808045, 8980305.941889317706227 ], [ 774911.568291882285848, 8980306.007808402180672 ], [ 774911.546481875586323, 8980306.074533998966217 ], [ 774911.527026997762732, 8980306.141983900219202 ], [ 774911.509951216867194, 8980306.210075011476874 ], [ 774911.49527557042893, 8980306.278723441064358 ], [ 774911.483018138562329, 8980306.347844615578651 ], [ 774911.473194022546522, 8980306.417353380471468 ], [ 774911.465815325616859, 8980306.487164098769426 ], [ 774911.460891138180159, 8980306.557190764695406 ], [ 774911.458427526871674, 8980306.62734710611403 ], [ 774911.458427526871674, 8980306.697546688839793 ], [ 774911.460891138180159, 8980306.767703030258417 ], [ 774911.465815325616859, 8980306.837729696184397 ], [ 774911.473194022546522, 8980306.907540414482355 ], [ 774911.483018138562329, 8980306.977049179375172 ], [ 774911.49527557042893, 8980307.046170353889465 ], [ 774911.509951216867194, 8980307.114818783476949 ], [ 774911.527026997762732, 8980307.182909894734621 ], [ 774911.546481875586323, 8980307.250359795987606 ], [ 774911.568291882285848, 8980307.317085392773151 ], [ 774911.592430147808045, 8980307.383004477247596 ], [ 774911.618866934091784, 8980307.448035838082433 ], [ 774911.647569670923986, 8980307.512099357321858 ], [ 774911.678502996917814, 8980307.575116107240319 ], [ 774911.711628802237101, 8980307.63700845465064 ], [ 774911.746906275977381, 8980307.697700144723058 ], [ 774911.784291956573725, 8980307.757116409018636 ], [ 774911.823739785002545, 8980307.81518404558301 ], [ 774911.865201161708683, 8980307.871831515803933 ], [ 774911.90862500644289, 8980307.926989028230309 ], [ 774911.953957821358927, 8980307.98058863170445 ], [ 774912.001143756438978, 8980308.032564289867878 ], [ 774912.050124678877182, 8980308.082851970568299 ], [ 774912.10084024455864, 8980308.13138971850276 ], [ 774912.153227971866727, 8980308.178117735311389 ], [ 774912.207223319681361, 8980308.222978452220559 ], [ 774912.262759765726514, 8980308.265916602686048 ], [ 774912.319768889574334, 8980308.306879285722971 ], [ 774912.378180455998518, 8980308.345816034823656 ], [ 774912.437922502402216, 8980308.382678881287575 ], [ 774912.498921426828019, 8980308.417422410100698 ], [ 774912.561102078878321, 8980308.450003815814853 ], [ 774912.6243878522655, 8980308.480382962152362 ], [ 774912.688700779108331, 8980308.508522417396307 ], [ 774912.753961626323871, 8980308.534387517720461 ], [ 774912.820089992834255, 8980308.557946395128965 ], [ 774912.887004408752546, 8980308.579170025885105 ], [ 774912.954622435732745, 8980308.598032262176275 ], [ 774913.022860768949613, 8980308.614509865641594 ], [ 774913.091635338845663, 8980308.628582537174225 ], [ 774913.160861415439285, 8980308.640232939273119 ], [ 774913.230453712749295, 8980308.649446718394756 ], [ 774913.300326493219472, 8980308.656212521716952 ], [ 774913.370393674005754, 8980308.660522015765309 ], [ 774913.440568932564929, 8980308.662369890138507 ], [ 774913.510765813407488, 8980308.661753868684173 ], [ 774913.580897834151983, 8980308.658674711361527 ], [ 774913.650878592627123, 8980308.65313620865345 ], [ 774913.7206218726933, 8980308.645145187154412 ], [ 774913.790041751111858, 8980308.634711489081383 ], [ 774913.859052702900954, 8980308.621847972273827 ], [ 774913.927569706807844, 8980308.606570480391383 ], [ 774913.995508350199088, 8980308.588897839188576 ], [ 774914.062784933019429, 8980308.568851817399263 ], [ 774914.129316570819356, 8980308.546457113698125 ], [ 774914.195021296967752, 8980308.521741319447756 ], [ 774914.259818163467571, 8980308.494734883308411 ], [ 774914.323627340956591, 8980308.465471075847745 ], [ 774914.386370216729119, 8980308.433985950425267 ], [ 774914.447969491942786, 8980308.40031829662621 ], [ 774914.508349276497029, 8980308.364509595558047 ], [ 774914.567435182863846, 8980308.326603958383203 ], [ 774914.625154417473823, 8980308.286648089066148 ], [ 774914.681435870355926, 8980308.244691211730242 ], [ 774914.736210203147493, 8980308.200785014778376 ], [ 774914.789409934077412, 8980308.154983595013618 ], [ 774914.840969521319494, 8980308.107343375682831 ], [ 774914.890825443784706, 8980308.057923048734665 ], [ 774914.938916279119439, 8980308.006783504039049 ], [ 774914.985182779608294, 8980307.953987741842866 ], [ 774915.029567945166491, 8980307.899600807577372 ], [ 774915.072017093538307, 8980307.843689706176519 ], [ 774915.112477927585132, 8980307.786323318257928 ], [ 774915.150900599546731, 8980307.727572318166494 ], [ 774915.187237773090601, 8980307.667509090155363 ], [ 774915.221444680937566, 8980307.606207629665732 ], [ 774915.253479180275463, 8980307.543743461370468 ], [ 774915.283301804680377, 8980307.480193538591266 ], [ 774915.31087581301108, 8980307.415636157616973 ], [ 774915.336167233996093, 8980307.350150849670172 ], [ 774915.359144908958115, 8980307.283818293362856 ], [ 774915.379780529299751, 8980307.216720210388303 ], [ 774915.398048672243021, 8980307.148939264938235 ], [ 774915.413926831330173, 8980307.080558963119984 ], [ 774915.427395444712602, 8980307.011663550511003 ], [ 774915.438437919365242, 8980306.942337902262807 ], [ 774915.447040650760755, 8980306.87266743183136 ], [ 774915.453193040564656, 8980306.802737969905138 ], [ 774915.456887508858927, 8980306.732635669410229 ], [ 774915.458119504270144, 8980306.662446897476912 ] ] ] ] } },
{ "type": "Feature", "properties": { "LAYER": "MBox", "GM_TYPE": "Unknown Area Type", "ELEVATION": null, "path": "D:/TGS GEOJSON/add data baru/Oebaba add/09_oe_ar_mbox.geojson" }, "geometry": { "type": "MultiPolygon", "coordinates": [ [ [ [ 775142.176272864686325, 8980142.855376893654466 ], [ 775142.175040869275108, 8980142.785188121721148 ], [ 775142.171346400980838, 8980142.715085821226239 ], [ 775142.165194011176936, 8980142.645156359300017 ], [ 775142.156591279781424, 8980142.57548588886857 ], [ 775142.145548805128783, 8980142.506160240620375 ], [ 775142.132080191746354, 8980142.437264828011394 ], [ 775142.116202032659203, 8980142.368884526193142 ], [ 775142.097933889715932, 8980142.301103580743074 ], [ 775142.077298269374296, 8980142.234005497768521 ], [ 775142.054320594412275, 8980142.167672941461205 ], [ 775142.029029173427261, 8980142.102187633514404 ], [ 775142.001455165096559, 8980142.037630252540112 ], [ 775141.971632540691644, 8980141.974080329760909 ], [ 775141.939598041353747, 8980141.911616161465645 ], [ 775141.905391133506782, 8980141.850314700976014 ], [ 775141.869053959962912, 8980141.790251472964883 ], [ 775141.830631288001314, 8980141.731500472873449 ], [ 775141.790170453954488, 8980141.674134084954858 ], [ 775141.747721305582672, 8980141.618222983554006 ], [ 775141.703336140024476, 8980141.563836049288511 ], [ 775141.657069639535621, 8980141.511040287092328 ], [ 775141.608978804200888, 8980141.459900742396712 ], [ 775141.559122881735675, 8980141.410480415448546 ], [ 775141.507563294493593, 8980141.362840196117759 ], [ 775141.454363563563675, 8980141.317038776353002 ], [ 775141.399589230772108, 8980141.273132579401135 ], [ 775141.343307777890004, 8980141.231175702065229 ], [ 775141.285588543280028, 8980141.191219832748175 ], [ 775141.22650263691321, 8980141.15331419557333 ], [ 775141.166122852358967, 8980141.117505494505167 ], [ 775141.104523577145301, 8980141.08383784070611 ], [ 775141.041780701372772, 8980141.052352715283632 ], [ 775140.977971523883753, 8980141.023088907822967 ], [ 775140.913174657383934, 8980140.996082471683621 ], [ 775140.847469931235537, 8980140.971366677433252 ], [ 775140.780938293435611, 8980140.948971973732114 ], [ 775140.71366171061527, 8980140.928925951942801 ], [ 775140.645723067224026, 8980140.911253310739994 ], [ 775140.577206063317135, 8980140.895975818857551 ], [ 775140.508195111528039, 8980140.883112302049994 ], [ 775140.438775233109482, 8980140.872678603976965 ], [ 775140.369031953043304, 8980140.864687582477927 ], [ 775140.299051194568165, 8980140.85914907976985 ], [ 775140.22891917382367, 8980140.856069922447205 ], [ 775140.158722292981111, 8980140.85545390099287 ], [ 775140.088547034421936, 8980140.857301775366068 ], [ 775140.018479853635654, 8980140.861611269414425 ], [ 775139.948607073165476, 8980140.868377072736621 ], [ 775139.879014775855467, 8980140.877590851858258 ], [ 775139.809788699261844, 8980140.889241253957152 ], [ 775139.741014129365794, 8980140.903313925489783 ], [ 775139.672775796148926, 8980140.919791528955102 ], [ 775139.605157769168727, 8980140.938653765246272 ], [ 775139.538243353250436, 8980140.959877396002412 ], [ 775139.472114986740053, 8980140.983436273410916 ], [ 775139.406854139524512, 8980141.00930137373507 ], [ 775139.342541212681681, 8980141.037440828979015 ], [ 775139.279255439294502, 8980141.067819975316525 ], [ 775139.217074787244201, 8980141.100401381030679 ], [ 775139.156075862818398, 8980141.135144909843802 ], [ 775139.096333816414699, 8980141.172007756307721 ], [ 775139.037922249990515, 8980141.210944505408406 ], [ 775138.980913126142696, 8980141.25190718844533 ], [ 775138.925376680097543, 8980141.294845338910818 ], [ 775138.871381332282908, 8980141.339706055819988 ], [ 775138.818993604974821, 8980141.386434072628617 ], [ 775138.768278039293364, 8980141.434971820563078 ], [ 775138.719297116855159, 8980141.485259501263499 ], [ 775138.672111181775108, 8980141.537235159426928 ], [ 775138.626778366859071, 8980141.590834762901068 ], [ 775138.583354522124864, 8980141.645992275327444 ], [ 775138.541893145418726, 8980141.702639745548368 ], [ 775138.502445316989906, 8980141.760707382112741 ], [ 775138.465059636393562, 8980141.820123646408319 ], [ 775138.429782162653282, 8980141.880815336480737 ], [ 775138.396656357333995, 8980141.942707683891058 ], [ 775138.365723031340167, 8980142.005724433809519 ], [ 775138.337020294507965, 8980142.069787953048944 ], [ 775138.310583508224227, 8980142.134819313883781 ], [ 775138.28644524270203, 8980142.200738398358226 ], [ 775138.264635236002505, 8980142.267463995143771 ], [ 775138.245180358178914, 8980142.334913896396756 ], [ 775138.228104577283375, 8980142.403005007654428 ], [ 775138.213428930845112, 8980142.471653437241912 ], [ 775138.20117149897851, 8980142.540774611756206 ], [ 775138.191347382962704, 8980142.610283376649022 ], [ 775138.18396868603304, 8980142.68009409494698 ], [ 775138.17904449859634, 8980142.75012076087296 ], [ 775138.176580887287855, 8980142.820277102291584 ], [ 775138.176580887287855, 8980142.890476685017347 ], [ 775138.17904449859634, 8980142.960633026435971 ], [ 775138.18396868603304, 8980143.030659692361951 ], [ 775138.191347382962704, 8980143.100470410659909 ], [ 775138.20117149897851, 8980143.169979175552726 ], [ 775138.213428930845112, 8980143.239100350067019 ], [ 775138.228104577283375, 8980143.307748779654503 ], [ 775138.245180358178914, 8980143.375839890912175 ], [ 775138.264635236002505, 8980143.44328979216516 ], [ 775138.28644524270203, 8980143.510015388950706 ], [ 775138.310583508224227, 8980143.57593447342515 ], [ 775138.337020294507965, 8980143.640965834259987 ], [ 775138.365723031340167, 8980143.705029353499413 ], [ 775138.396656357333995, 8980143.768046103417873 ], [ 775138.429782162653282, 8980143.829938450828195 ], [ 775138.465059636393562, 8980143.890630140900612 ], [ 775138.502445316989906, 8980143.95004640519619 ], [ 775138.541893145418726, 8980144.008114041760564 ], [ 775138.583354522124864, 8980144.064761511981487 ], [ 775138.626778366859071, 8980144.119919024407864 ], [ 775138.672111181775108, 8980144.173518627882004 ], [ 775138.719297116855159, 8980144.225494286045432 ], [ 775138.768278039293364, 8980144.275781966745853 ], [ 775138.818993604974821, 8980144.324319714680314 ], [ 775138.871381332282908, 8980144.371047731488943 ], [ 775138.925376680097543, 8980144.415908448398113 ], [ 775138.980913126142696, 8980144.458846598863602 ], [ 775139.037922249990515, 8980144.499809281900525 ], [ 775139.096333816414699, 8980144.53874603100121 ], [ 775139.156075862818398, 8980144.575608877465129 ], [ 775139.217074787244201, 8980144.610352406278253 ], [ 775139.279255439294502, 8980144.642933811992407 ], [ 775139.342541212681681, 8980144.673312958329916 ], [ 775139.406854139524512, 8980144.701452413573861 ], [ 775139.472114986740053, 8980144.727317513898015 ], [ 775139.538243353250436, 8980144.75087639130652 ], [ 775139.605157769168727, 8980144.772100022062659 ], [ 775139.672775796148926, 8980144.790962258353829 ], [ 775139.741014129365794, 8980144.807439861819148 ], [ 775139.809788699261844, 8980144.821512533351779 ], [ 775139.879014775855467, 8980144.833162935450673 ], [ 775139.948607073165476, 8980144.84237671457231 ], [ 775140.018479853635654, 8980144.849142517894506 ], [ 775140.088547034421936, 8980144.853452011942863 ], [ 775140.158722292981111, 8980144.855299886316061 ], [ 775140.22891917382367, 8980144.854683864861727 ], [ 775140.299051194568165, 8980144.851604707539082 ], [ 775140.369031953043304, 8980144.846066204831004 ], [ 775140.438775233109482, 8980144.838075183331966 ], [ 775140.508195111528039, 8980144.827641485258937 ], [ 775140.577206063317135, 8980144.814777968451381 ], [ 775140.645723067224026, 8980144.799500476568937 ], [ 775140.71366171061527, 8980144.78182783536613 ], [ 775140.780938293435611, 8980144.761781813576818 ], [ 775140.847469931235537, 8980144.739387109875679 ], [ 775140.913174657383934, 8980144.71467131562531 ], [ 775140.977971523883753, 8980144.687664879485965 ], [ 775141.041780701372772, 8980144.658401072025299 ], [ 775141.104523577145301, 8980144.626915946602821 ], [ 775141.166122852358967, 8980144.593248292803764 ], [ 775141.22650263691321, 8980144.557439591735601 ], [ 775141.285588543280028, 8980144.519533954560757 ], [ 775141.343307777890004, 8980144.479578085243702 ], [ 775141.399589230772108, 8980144.437621207907796 ], [ 775141.454363563563675, 8980144.39371501095593 ], [ 775141.507563294493593, 8980144.347913591191173 ], [ 775141.559122881735675, 8980144.300273371860385 ], [ 775141.608978804200888, 8980144.250853044912219 ], [ 775141.657069639535621, 8980144.199713500216603 ], [ 775141.703336140024476, 8980144.14691773802042 ], [ 775141.747721305582672, 8980144.092530803754926 ], [ 775141.790170453954488, 8980144.036619702354074 ], [ 775141.830631288001314, 8980143.979253314435482 ], [ 775141.869053959962912, 8980143.920502314344049 ], [ 775141.905391133506782, 8980143.860439086332917 ], [ 775141.939598041353747, 8980143.799137625843287 ], [ 775141.971632540691644, 8980143.736673457548022 ], [ 775142.001455165096559, 8980143.67312353476882 ], [ 775142.029029173427261, 8980143.608566153794527 ], [ 775142.054320594412275, 8980143.543080845847726 ], [ 775142.077298269374296, 8980143.47674828954041 ], [ 775142.097933889715932, 8980143.409650206565857 ], [ 775142.116202032659203, 8980143.341869261115789 ], [ 775142.132080191746354, 8980143.273488959297538 ], [ 775142.145548805128783, 8980143.204593546688557 ], [ 775142.156591279781424, 8980143.135267898440361 ], [ 775142.165194011176936, 8980143.065597428008914 ], [ 775142.171346400980838, 8980142.995667966082692 ], [ 775142.175040869275108, 8980142.925565665587783 ], [ 775142.176272864686325, 8980142.855376893654466 ] ] ] ] } },
{ "type": "Feature", "properties": { "LAYER": "MBox", "GM_TYPE": "Unknown Area Type", "ELEVATION": null, "path": "D:/TGS GEOJSON/add data baru/Oebaba add/09_oe_ar_mbox.geojson" }, "geometry": { "type": "MultiPolygon", "coordinates": [ [ [ [ 774860.243545672157779, 8980081.167081570252776 ], [ 774860.242313676746562, 8980081.096892798319459 ], [ 774860.238619208452292, 8980081.02679049782455 ], [ 774860.23246681864839, 8980080.956861035898328 ], [ 774860.223864087252878, 8980080.887190565466881 ], [ 774860.212821612600237, 8980080.817864917218685 ], [ 774860.199352999217808, 8980080.748969504609704 ], [ 774860.183474840130657, 8980080.680589202791452 ], [ 774860.165206697187386, 8980080.612808257341385 ], [ 774860.14457107684575, 8980080.545710174366832 ], [ 774860.121593401883729, 8980080.479377618059516 ], [ 774860.096301980898716, 8980080.413892310112715 ], [ 774860.068727972568013, 8980080.349334929138422 ], [ 774860.038905348163098, 8980080.28578500635922 ], [ 774860.006870848825201, 8980080.223320838063955 ], [ 774859.972663940978236, 8980080.162019377574325 ], [ 774859.936326767434366, 8980080.101956149563193 ], [ 774859.897904095472768, 8980080.04320514947176 ], [ 774859.857443261425942, 8980079.985838761553168 ], [ 774859.814994113054127, 8980079.929927660152316 ], [ 774859.77060894749593, 8980079.875540725886822 ], [ 774859.724342447007075, 8980079.822744963690639 ], [ 774859.676251611672342, 8980079.771605418995023 ], [ 774859.626395689207129, 8980079.722185092046857 ], [ 774859.574836101965047, 8980079.674544872716069 ], [ 774859.521636371035129, 8980079.628743452951312 ], [ 774859.466862038243562, 8980079.584837255999446 ], [ 774859.410580585361458, 8980079.54288037866354 ], [ 774859.352861350751482, 8980079.502924509346485 ], [ 774859.293775444384664, 8980079.46501887217164 ], [ 774859.233395659830421, 8980079.429210171103477 ], [ 774859.171796384616755, 8980079.39554251730442 ], [ 774859.109053508844227, 8980079.364057391881943 ], [ 774859.045244331355207, 8980079.334793584421277 ], [ 774858.980447464855388, 8980079.307787148281932 ], [ 774858.914742738706991, 8980079.283071354031563 ], [ 774858.848211100907065, 8980079.260676650330424 ], [ 774858.780934518086724, 8980079.240630628541112 ], [ 774858.71299587469548, 8980079.222957987338305 ], [ 774858.644478870788589, 8980079.207680495455861 ], [ 774858.575467918999493, 8980079.194816978648305 ], [ 774858.506048040580936, 8980079.184383280575275 ], [ 774858.436304760514759, 8980079.176392259076238 ], [ 774858.366324002039619, 8980079.17085375636816 ], [ 774858.296191981295124, 8980079.167774599045515 ], [ 774858.225995100452565, 8980079.167158577591181 ], [ 774858.15581984189339, 8980079.169006451964378 ], [ 774858.085752661107108, 8980079.173315946012735 ], [ 774858.01587988063693, 8980079.180081749334931 ], [ 774857.946287583326921, 8980079.189295528456569 ], [ 774857.877061506733298, 8980079.200945930555463 ], [ 774857.808286936837249, 8980079.215018602088094 ], [ 774857.74004860362038, 8980079.231496205553412 ], [ 774857.672430576640181, 8980079.250358441844583 ], [ 774857.605516160721891, 8980079.271582072600722 ], [ 774857.539387794211507, 8980079.295140950009227 ], [ 774857.474126946995966, 8980079.321006050333381 ], [ 774857.409814020153135, 8980079.349145505577326 ], [ 774857.346528246765956, 8980079.379524651914835 ], [ 774857.284347594715655, 8980079.412106057628989 ], [ 774857.223348670289852, 8980079.446849586442113 ], [ 774857.163606623886153, 8980079.483712432906032 ], [ 774857.10519505746197, 8980079.522649182006717 ], [ 774857.04818593361415, 8980079.56361186504364 ], [ 774856.992649487568997, 8980079.606550015509129 ], [ 774856.938654139754362, 8980079.651410732418299 ], [ 774856.886266412446275, 8980079.698138749226928 ], [ 774856.835550846764818, 8980079.746676497161388 ], [ 774856.786569924326614, 8980079.79696417786181 ], [ 774856.739383989246562, 8980079.848939836025238 ], [ 774856.694051174330525, 8980079.902539439499378 ], [ 774856.650627329596318, 8980079.957696951925755 ], [ 774856.60916595289018, 8980080.014344422146678 ], [ 774856.56971812446136, 8980080.072412058711052 ], [ 774856.532332443865016, 8980080.13182832300663 ], [ 774856.497054970124736, 8980080.192520013079047 ], [ 774856.46392916480545, 8980080.254412360489368 ], [ 774856.432995838811621, 8980080.317429110407829 ], [ 774856.40429310197942, 8980080.381492629647255 ], [ 774856.377856315695681, 8980080.446523990482092 ], [ 774856.353718050173484, 8980080.512443074956536 ], [ 774856.331908043473959, 8980080.579168671742082 ], [ 774856.312453165650368, 8980080.646618572995067 ], [ 774856.295377384754829, 8980080.714709684252739 ], [ 774856.280701738316566, 8980080.783358113840222 ], [ 774856.268444306449965, 8980080.852479288354516 ], [ 774856.258620190434158, 8980080.921988053247333 ], [ 774856.251241493504494, 8980080.991798771545291 ], [ 774856.246317306067795, 8980081.061825437471271 ], [ 774856.243853694759309, 8980081.131981778889894 ], [ 774856.243853694759309, 8980081.202181361615658 ], [ 774856.246317306067795, 8980081.272337703034282 ], [ 774856.251241493504494, 8980081.342364368960261 ], [ 774856.258620190434158, 8980081.41217508725822 ], [ 774856.268444306449965, 8980081.481683852151036 ], [ 774856.280701738316566, 8980081.55080502666533 ], [ 774856.295377384754829, 8980081.619453456252813 ], [ 774856.312453165650368, 8980081.687544567510486 ], [ 774856.331908043473959, 8980081.754994468763471 ], [ 774856.353718050173484, 8980081.821720065549016 ], [ 774856.377856315695681, 8980081.88763915002346 ], [ 774856.40429310197942, 8980081.952670510858297 ], [ 774856.432995838811621, 8980082.016734030097723 ], [ 774856.46392916480545, 8980082.079750780016184 ], [ 774856.497054970124736, 8980082.141643127426505 ], [ 774856.532332443865016, 8980082.202334817498922 ], [ 774856.56971812446136, 8980082.2617510817945 ], [ 774856.60916595289018, 8980082.319818718358874 ], [ 774856.650627329596318, 8980082.376466188579798 ], [ 774856.694051174330525, 8980082.431623701006174 ], [ 774856.739383989246562, 8980082.485223304480314 ], [ 774856.786569924326614, 8980082.537198962643743 ], [ 774856.835550846764818, 8980082.587486643344164 ], [ 774856.886266412446275, 8980082.636024391278625 ], [ 774856.938654139754362, 8980082.682752408087254 ], [ 774856.992649487568997, 8980082.727613124996424 ], [ 774857.04818593361415, 8980082.770551275461912 ], [ 774857.10519505746197, 8980082.811513958498836 ], [ 774857.163606623886153, 8980082.850450707599521 ], [ 774857.223348670289852, 8980082.887313554063439 ], [ 774857.284347594715655, 8980082.922057082876563 ], [ 774857.346528246765956, 8980082.954638488590717 ], [ 774857.409814020153135, 8980082.985017634928226 ], [ 774857.474126946995966, 8980083.013157090172172 ], [ 774857.539387794211507, 8980083.039022190496325 ], [ 774857.605516160721891, 8980083.06258106790483 ], [ 774857.672430576640181, 8980083.08380469866097 ], [ 774857.74004860362038, 8980083.10266693495214 ], [ 774857.808286936837249, 8980083.119144538417459 ], [ 774857.877061506733298, 8980083.133217209950089 ], [ 774857.946287583326921, 8980083.144867612048984 ], [ 774858.01587988063693, 8980083.154081391170621 ], [ 774858.085752661107108, 8980083.160847194492817 ], [ 774858.15581984189339, 8980083.165156688541174 ], [ 774858.225995100452565, 8980083.167004562914371 ], [ 774858.296191981295124, 8980083.166388541460037 ], [ 774858.366324002039619, 8980083.163309384137392 ], [ 774858.436304760514759, 8980083.157770881429315 ], [ 774858.506048040580936, 8980083.149779859930277 ], [ 774858.575467918999493, 8980083.139346161857247 ], [ 774858.644478870788589, 8980083.126482645049691 ], [ 774858.71299587469548, 8980083.111205153167248 ], [ 774858.780934518086724, 8980083.09353251196444 ], [ 774858.848211100907065, 8980083.073486490175128 ], [ 774858.914742738706991, 8980083.051091786473989 ], [ 774858.980447464855388, 8980083.02637599222362 ], [ 774859.045244331355207, 8980082.999369556084275 ], [ 774859.109053508844227, 8980082.97010574862361 ], [ 774859.171796384616755, 8980082.938620623201132 ], [ 774859.233395659830421, 8980082.904952969402075 ], [ 774859.293775444384664, 8980082.869144268333912 ], [ 774859.352861350751482, 8980082.831238631159067 ], [ 774859.410580585361458, 8980082.791282761842012 ], [ 774859.466862038243562, 8980082.749325884506106 ], [ 774859.521636371035129, 8980082.70541968755424 ], [ 774859.574836101965047, 8980082.659618267789483 ], [ 774859.626395689207129, 8980082.611978048458695 ], [ 774859.676251611672342, 8980082.56255772151053 ], [ 774859.724342447007075, 8980082.511418176814914 ], [ 774859.77060894749593, 8980082.458622414618731 ], [ 774859.814994113054127, 8980082.404235480353236 ], [ 774859.857443261425942, 8980082.348324378952384 ], [ 774859.897904095472768, 8980082.290957991033792 ], [ 774859.936326767434366, 8980082.232206990942359 ], [ 774859.972663940978236, 8980082.172143762931228 ], [ 774860.006870848825201, 8980082.110842302441597 ], [ 774860.038905348163098, 8980082.048378134146333 ], [ 774860.068727972568013, 8980081.98482821136713 ], [ 774860.096301980898716, 8980081.920270830392838 ], [ 774860.121593401883729, 8980081.854785522446036 ], [ 774860.14457107684575, 8980081.788452966138721 ], [ 774860.165206697187386, 8980081.721354883164167 ], [ 774860.183474840130657, 8980081.6535739377141 ], [ 774860.199352999217808, 8980081.585193635895848 ], [ 774860.212821612600237, 8980081.516298223286867 ], [ 774860.223864087252878, 8980081.446972575038671 ], [ 774860.23246681864839, 8980081.377302104607224 ], [ 774860.238619208452292, 8980081.307372642681003 ], [ 774860.242313676746562, 8980081.237270342186093 ], [ 774860.243545672157779, 8980081.167081570252776 ] ] ] ] } },
{ "type": "Feature", "properties": { "LAYER": "MBox", "GM_TYPE": "Unknown Area Type", "ELEVATION": null, "path": "D:/TGS GEOJSON/add data baru/Oebaba add/09_oe_ar_mbox.geojson" }, "geometry": { "type": "MultiPolygon", "coordinates": [ [ [ [ 773693.022864783531986, 8980348.436124753206968 ], [ 773693.021632788120769, 8980348.365935981273651 ], [ 773693.017938319826499, 8980348.295833680778742 ], [ 773693.011785930022597, 8980348.22590421885252 ], [ 773693.003183198627084, 8980348.156233748421073 ], [ 773692.992140723974444, 8980348.086908100172877 ], [ 773692.978672110592015, 8980348.018012687563896 ], [ 773692.962793951504864, 8980347.949632385745645 ], [ 773692.944525808561593, 8980347.881851440295577 ], [ 773692.923890188219957, 8980347.814753357321024 ], [ 773692.900912513257936, 8980347.748420801013708 ], [ 773692.875621092272922, 8980347.682935493066907 ], [ 773692.84804708394222, 8980347.618378112092614 ], [ 773692.818224459537305, 8980347.554828189313412 ], [ 773692.786189960199408, 8980347.492364021018147 ], [ 773692.751983052352443, 8980347.431062560528517 ], [ 773692.715645878808573, 8980347.370999332517385 ], [ 773692.677223206846975, 8980347.312248332425952 ], [ 773692.636762372800149, 8980347.25488194450736 ], [ 773692.594313224428333, 8980347.198970843106508 ], [ 773692.549928058870137, 8980347.144583908841014 ], [ 773692.503661558381282, 8980347.091788146644831 ], [ 773692.455570723046549, 8980347.040648601949215 ], [ 773692.405714800581336, 8980346.991228275001049 ], [ 773692.354155213339254, 8980346.943588055670261 ], [ 773692.300955482409336, 8980346.897786635905504 ], [ 773692.246181149617769, 8980346.853880438953638 ], [ 773692.189899696735665, 8980346.811923561617732 ], [ 773692.132180462125689, 8980346.771967692300677 ], [ 773692.073094555758871, 8980346.734062055125833 ], [ 773692.012714771204628, 8980346.69825335405767 ], [ 773691.951115495990962, 8980346.664585700258613 ], [ 773691.888372620218433, 8980346.633100574836135 ], [ 773691.824563442729414, 8980346.603836767375469 ], [ 773691.759766576229595, 8980346.576830331236124 ], [ 773691.694061850081198, 8980346.552114536985755 ], [ 773691.627530212281272, 8980346.529719833284616 ], [ 773691.560253629460931, 8980346.509673811495304 ], [ 773691.492314986069687, 8980346.492001170292497 ], [ 773691.423797982162796, 8980346.476723678410053 ], [ 773691.3547870303737, 8980346.463860161602497 ], [ 773691.285367151955143, 8980346.453426463529468 ], [ 773691.215623871888965, 8980346.44543544203043 ], [ 773691.145643113413826, 8980346.439896939322352 ], [ 773691.075511092669331, 8980346.436817781999707 ], [ 773691.005314211826771, 8980346.436201760545373 ], [ 773690.935138953267597, 8980346.438049634918571 ], [ 773690.865071772481315, 8980346.442359128966928 ], [ 773690.795198992011137, 8980346.449124932289124 ], [ 773690.725606694701128, 8980346.458338711410761 ], [ 773690.656380618107505, 8980346.469989113509655 ], [ 773690.587606048211455, 8980346.484061785042286 ], [ 773690.519367714994587, 8980346.500539388507605 ], [ 773690.451749688014388, 8980346.519401624798775 ], [ 773690.384835272096097, 8980346.540625255554914 ], [ 773690.318706905585714, 8980346.564184132963419 ], [ 773690.253446058370173, 8980346.590049233287573 ], [ 773690.189133131527342, 8980346.618188688531518 ], [ 773690.125847358140163, 8980346.648567834869027 ], [ 773690.063666706089862, 8980346.681149240583181 ], [ 773690.002667781664059, 8980346.715892769396305 ], [ 773689.94292573526036, 8980346.752755615860224 ], [ 773689.884514168836176, 8980346.791692364960909 ], [ 773689.827505044988357, 8980346.832655047997832 ], [ 773689.771968598943204, 8980346.875593198463321 ], [ 773689.717973251128569, 8980346.920453915372491 ], [ 773689.665585523820482, 8980346.96718193218112 ], [ 773689.614869958139025, 8980347.015719680115581 ], [ 773689.56588903570082, 8980347.066007360816002 ], [ 773689.518703100620769, 8980347.11798301897943 ], [ 773689.473370285704732, 8980347.17158262245357 ], [ 773689.429946440970525, 8980347.226740134879947 ], [ 773689.388485064264387, 8980347.28338760510087 ], [ 773689.349037235835567, 8980347.341455241665244 ], [ 773689.311651555239223, 8980347.400871505960822 ], [ 773689.276374081498943, 8980347.461563196033239 ], [ 773689.243248276179656, 8980347.523455543443561 ], [ 773689.212314950185828, 8980347.586472293362021 ], [ 773689.183612213353626, 8980347.650535812601447 ], [ 773689.157175427069888, 8980347.715567173436284 ], [ 773689.133037161547691, 8980347.781486257910728 ], [ 773689.111227154848166, 8980347.848211854696274 ], [ 773689.091772277024575, 8980347.915661755949259 ], [ 773689.074696496129036, 8980347.983752867206931 ], [ 773689.060020849690773, 8980348.052401296794415 ], [ 773689.047763417824171, 8980348.121522471308708 ], [ 773689.037939301808365, 8980348.191031236201525 ], [ 773689.030560604878701, 8980348.260841954499483 ], [ 773689.025636417442001, 8980348.330868620425463 ], [ 773689.023172806133516, 8980348.401024961844087 ], [ 773689.023172806133516, 8980348.47122454456985 ], [ 773689.025636417442001, 8980348.541380885988474 ], [ 773689.030560604878701, 8980348.611407551914454 ], [ 773689.037939301808365, 8980348.681218270212412 ], [ 773689.047763417824171, 8980348.750727035105228 ], [ 773689.060020849690773, 8980348.819848209619522 ], [ 773689.074696496129036, 8980348.888496639207006 ], [ 773689.091772277024575, 8980348.956587750464678 ], [ 773689.111227154848166, 8980349.024037651717663 ], [ 773689.133037161547691, 8980349.090763248503208 ], [ 773689.157175427069888, 8980349.156682332977653 ], [ 773689.183612213353626, 8980349.22171369381249 ], [ 773689.212314950185828, 8980349.285777213051915 ], [ 773689.243248276179656, 8980349.348793962970376 ], [ 773689.276374081498943, 8980349.410686310380697 ], [ 773689.311651555239223, 8980349.471378000453115 ], [ 773689.349037235835567, 8980349.530794264748693 ], [ 773689.388485064264387, 8980349.588861901313066 ], [ 773689.429946440970525, 8980349.64550937153399 ], [ 773689.473370285704732, 8980349.700666883960366 ], [ 773689.518703100620769, 8980349.754266487434506 ], [ 773689.56588903570082, 8980349.806242145597935 ], [ 773689.614869958139025, 8980349.856529826298356 ], [ 773689.665585523820482, 8980349.905067574232817 ], [ 773689.717973251128569, 8980349.951795591041446 ], [ 773689.771968598943204, 8980349.996656307950616 ], [ 773689.827505044988357, 8980350.039594458416104 ], [ 773689.884514168836176, 8980350.080557141453028 ], [ 773689.94292573526036, 8980350.119493890553713 ], [ 773690.002667781664059, 8980350.156356737017632 ], [ 773690.063666706089862, 8980350.191100265830755 ], [ 773690.125847358140163, 8980350.223681671544909 ], [ 773690.189133131527342, 8980350.254060817882419 ], [ 773690.253446058370173, 8980350.282200273126364 ], [ 773690.318706905585714, 8980350.308065373450518 ], [ 773690.384835272096097, 8980350.331624250859022 ], [ 773690.451749688014388, 8980350.352847881615162 ], [ 773690.519367714994587, 8980350.371710117906332 ], [ 773690.587606048211455, 8980350.388187721371651 ], [ 773690.656380618107505, 8980350.402260392904282 ], [ 773690.725606694701128, 8980350.413910795003176 ], [ 773690.795198992011137, 8980350.423124574124813 ], [ 773690.865071772481315, 8980350.429890377447009 ], [ 773690.935138953267597, 8980350.434199871495366 ], [ 773691.005314211826771, 8980350.436047745868564 ], [ 773691.075511092669331, 8980350.435431724414229 ], [ 773691.145643113413826, 8980350.432352567091584 ], [ 773691.215623871888965, 8980350.426814064383507 ], [ 773691.285367151955143, 8980350.418823042884469 ], [ 773691.3547870303737, 8980350.40838934481144 ], [ 773691.423797982162796, 8980350.395525828003883 ], [ 773691.492314986069687, 8980350.38024833612144 ], [ 773691.560253629460931, 8980350.362575694918633 ], [ 773691.627530212281272, 8980350.34252967312932 ], [ 773691.694061850081198, 8980350.320134969428182 ], [ 773691.759766576229595, 8980350.295419175177813 ], [ 773691.824563442729414, 8980350.268412739038467 ], [ 773691.888372620218433, 8980350.239148931577802 ], [ 773691.951115495990962, 8980350.207663806155324 ], [ 773692.012714771204628, 8980350.173996152356267 ], [ 773692.073094555758871, 8980350.138187451288104 ], [ 773692.132180462125689, 8980350.100281814113259 ], [ 773692.189899696735665, 8980350.060325944796205 ], [ 773692.246181149617769, 8980350.018369067460299 ], [ 773692.300955482409336, 8980349.974462870508432 ], [ 773692.354155213339254, 8980349.928661450743675 ], [ 773692.405714800581336, 8980349.881021231412888 ], [ 773692.455570723046549, 8980349.831600904464722 ], [ 773692.503661558381282, 8980349.780461359769106 ], [ 773692.549928058870137, 8980349.727665597572923 ], [ 773692.594313224428333, 8980349.673278663307428 ], [ 773692.636762372800149, 8980349.617367561906576 ], [ 773692.677223206846975, 8980349.560001173987985 ], [ 773692.715645878808573, 8980349.501250173896551 ], [ 773692.751983052352443, 8980349.44118694588542 ], [ 773692.786189960199408, 8980349.379885485395789 ], [ 773692.818224459537305, 8980349.317421317100525 ], [ 773692.84804708394222, 8980349.253871394321322 ], [ 773692.875621092272922, 8980349.18931401334703 ], [ 773692.900912513257936, 8980349.123828705400229 ], [ 773692.923890188219957, 8980349.057496149092913 ], [ 773692.944525808561593, 8980348.99039806611836 ], [ 773692.962793951504864, 8980348.922617120668292 ], [ 773692.978672110592015, 8980348.85423681885004 ], [ 773692.992140723974444, 8980348.785341406241059 ], [ 773693.003183198627084, 8980348.716015757992864 ], [ 773693.011785930022597, 8980348.646345287561417 ], [ 773693.017938319826499, 8980348.576415825635195 ], [ 773693.021632788120769, 8980348.506313525140285 ], [ 773693.022864783531986, 8980348.436124753206968 ] ] ] ] } },
{ "type": "Feature", "properties": { "LAYER": "MBox", "GM_TYPE": "Unknown Area Type", "ELEVATION": null, "path": "D:/TGS GEOJSON/add data baru/Oebaba add/09_oe_ar_mbox.geojson" }, "geometry": { "type": "MultiPolygon", "coordinates": [ [ [ [ 773630.779586841119453, 8980146.918550308793783 ], [ 773630.778354845708236, 8980146.848361536860466 ], [ 773630.774660377413966, 8980146.778259236365557 ], [ 773630.768507987610064, 8980146.708329774439335 ], [ 773630.759905256214552, 8980146.638659304007888 ], [ 773630.748862781561911, 8980146.569333655759692 ], [ 773630.735394168179482, 8980146.500438243150711 ], [ 773630.719516009092331, 8980146.432057941332459 ], [ 773630.70124786614906, 8980146.364276995882392 ], [ 773630.680612245807424, 8980146.297178912907839 ], [ 773630.657634570845403, 8980146.230846356600523 ], [ 773630.63234314986039, 8980146.165361048653722 ], [ 773630.604769141529687, 8980146.100803667679429 ], [ 773630.574946517124772, 8980146.037253744900227 ], [ 773630.542912017786875, 8980145.974789576604962 ], [ 773630.50870510993991, 8980145.913488116115332 ], [ 773630.47236793639604, 8980145.8534248881042 ], [ 773630.433945264434442, 8980145.794673888012767 ], [ 773630.393484430387616, 8980145.737307500094175 ], [ 773630.3510352820158, 8980145.681396398693323 ], [ 773630.306650116457604, 8980145.627009464427829 ], [ 773630.260383615968749, 8980145.574213702231646 ], [ 773630.212292780634016, 8980145.52307415753603 ], [ 773630.162436858168803, 8980145.473653830587864 ], [ 773630.110877270926721, 8980145.426013611257076 ], [ 773630.057677539996803, 8980145.380212191492319 ], [ 773630.002903207205236, 8980145.336305994540453 ], [ 773629.946621754323132, 8980145.294349117204547 ], [ 773629.888902519713156, 8980145.254393247887492 ], [ 773629.829816613346338, 8980145.216487610712647 ], [ 773629.769436828792095, 8980145.180678909644485 ], [ 773629.707837553578429, 8980145.147011255845428 ], [ 773629.645094677805901, 8980145.11552613042295 ], [ 773629.581285500316881, 8980145.086262322962284 ], [ 773629.516488633817062, 8980145.059255886822939 ], [ 773629.450783907668665, 8980145.03454009257257 ], [ 773629.384252269868739, 8980145.012145388871431 ], [ 773629.316975687048398, 8980144.992099367082119 ], [ 773629.249037043657154, 8980144.974426725879312 ], [ 773629.180520039750263, 8980144.959149233996868 ], [ 773629.111509087961167, 8980144.946285717189312 ], [ 773629.04208920954261, 8980144.935852019116282 ], [ 773628.972345929476433, 8980144.927860997617245 ], [ 773628.902365171001293, 8980144.922322494909167 ], [ 773628.832233150256798, 8980144.919243337586522 ], [ 773628.762036269414239, 8980144.918627316132188 ], [ 773628.691861010855064, 8980144.920475190505385 ], [ 773628.621793830068782, 8980144.924784684553742 ], [ 773628.551921049598604, 8980144.931550487875938 ], [ 773628.482328752288595, 8980144.940764266997576 ], [ 773628.413102675694972, 8980144.95241466909647 ], [ 773628.344328105798922, 8980144.966487340629101 ], [ 773628.276089772582054, 8980144.982964944094419 ], [ 773628.208471745601855, 8980145.00182718038559 ], [ 773628.141557329683565, 8980145.023050811141729 ], [ 773628.075428963173181, 8980145.046609688550234 ], [ 773628.01016811595764, 8980145.072474788874388 ], [ 773627.945855189114809, 8980145.100614244118333 ], [ 773627.88256941572763, 8980145.130993390455842 ], [ 773627.820388763677329, 8980145.163574796169996 ], [ 773627.759389839251526, 8980145.19831832498312 ], [ 773627.699647792847827, 8980145.235181171447039 ], [ 773627.641236226423644, 8980145.274117920547724 ], [ 773627.584227102575824, 8980145.315080603584647 ], [ 773627.528690656530671, 8980145.358018754050136 ], [ 773627.474695308716036, 8980145.402879470959306 ], [ 773627.422307581407949, 8980145.449607487767935 ], [ 773627.371592015726492, 8980145.498145235702395 ], [ 773627.322611093288288, 8980145.548432916402817 ], [ 773627.275425158208236, 8980145.600408574566245 ], [ 773627.230092343292199, 8980145.654008178040385 ], [ 773627.186668498557992, 8980145.709165690466762 ], [ 773627.145207121851854, 8980145.765813160687685 ], [ 773627.105759293423034, 8980145.823880797252059 ], [ 773627.06837361282669, 8980145.883297061547637 ], [ 773627.03309613908641, 8980145.943988751620054 ], [ 773626.999970333767124, 8980146.005881099030375 ], [ 773626.969037007773295, 8980146.068897848948836 ], [ 773626.940334270941094, 8980146.132961368188262 ], [ 773626.913897484657355, 8980146.197992729023099 ], [ 773626.889759219135158, 8980146.263911813497543 ], [ 773626.867949212435633, 8980146.330637410283089 ], [ 773626.848494334612042, 8980146.398087311536074 ], [ 773626.831418553716503, 8980146.466178422793746 ], [ 773626.81674290727824, 8980146.534826852381229 ], [ 773626.804485475411639, 8980146.603948026895523 ], [ 773626.794661359395832, 8980146.67345679178834 ], [ 773626.787282662466168, 8980146.743267510086298 ], [ 773626.782358475029469, 8980146.813294176012278 ], [ 773626.779894863720983, 8980146.883450517430902 ], [ 773626.779894863720983, 8980146.953650100156665 ], [ 773626.782358475029469, 8980147.023806441575289 ], [ 773626.787282662466168, 8980147.093833107501268 ], [ 773626.794661359395832, 8980147.163643825799227 ], [ 773626.804485475411639, 8980147.233152590692043 ], [ 773626.81674290727824, 8980147.302273765206337 ], [ 773626.831418553716503, 8980147.37092219479382 ], [ 773626.848494334612042, 8980147.439013306051493 ], [ 773626.867949212435633, 8980147.506463207304478 ], [ 773626.889759219135158, 8980147.573188804090023 ], [ 773626.913897484657355, 8980147.639107888564467 ], [ 773626.940334270941094, 8980147.704139249399304 ], [ 773626.969037007773295, 8980147.76820276863873 ], [ 773626.999970333767124, 8980147.831219518557191 ], [ 773627.03309613908641, 8980147.893111865967512 ], [ 773627.06837361282669, 8980147.953803556039929 ], [ 773627.105759293423034, 8980148.013219820335507 ], [ 773627.145207121851854, 8980148.071287456899881 ], [ 773627.186668498557992, 8980148.127934927120805 ], [ 773627.230092343292199, 8980148.183092439547181 ], [ 773627.275425158208236, 8980148.236692043021321 ], [ 773627.322611093288288, 8980148.28866770118475 ], [ 773627.371592015726492, 8980148.338955381885171 ], [ 773627.422307581407949, 8980148.387493129819632 ], [ 773627.474695308716036, 8980148.434221146628261 ], [ 773627.528690656530671, 8980148.479081863537431 ], [ 773627.584227102575824, 8980148.522020014002919 ], [ 773627.641236226423644, 8980148.562982697039843 ], [ 773627.699647792847827, 8980148.601919446140528 ], [ 773627.759389839251526, 8980148.638782292604446 ], [ 773627.820388763677329, 8980148.67352582141757 ], [ 773627.88256941572763, 8980148.706107227131724 ], [ 773627.945855189114809, 8980148.736486373469234 ], [ 773628.01016811595764, 8980148.764625828713179 ], [ 773628.075428963173181, 8980148.790490929037333 ], [ 773628.141557329683565, 8980148.814049806445837 ], [ 773628.208471745601855, 8980148.835273437201977 ], [ 773628.276089772582054, 8980148.854135673493147 ], [ 773628.344328105798922, 8980148.870613276958466 ], [ 773628.413102675694972, 8980148.884685948491096 ], [ 773628.482328752288595, 8980148.896336350589991 ], [ 773628.551921049598604, 8980148.905550129711628 ], [ 773628.621793830068782, 8980148.912315933033824 ], [ 773628.691861010855064, 8980148.916625427082181 ], [ 773628.762036269414239, 8980148.918473301455379 ], [ 773628.832233150256798, 8980148.917857280001044 ], [ 773628.902365171001293, 8980148.914778122678399 ], [ 773628.972345929476433, 8980148.909239619970322 ], [ 773629.04208920954261, 8980148.901248598471284 ], [ 773629.111509087961167, 8980148.890814900398254 ], [ 773629.180520039750263, 8980148.877951383590698 ], [ 773629.249037043657154, 8980148.862673891708255 ], [ 773629.316975687048398, 8980148.845001250505447 ], [ 773629.384252269868739, 8980148.824955228716135 ], [ 773629.450783907668665, 8980148.802560525014997 ], [ 773629.516488633817062, 8980148.777844730764627 ], [ 773629.581285500316881, 8980148.750838294625282 ], [ 773629.645094677805901, 8980148.721574487164617 ], [ 773629.707837553578429, 8980148.690089361742139 ], [ 773629.769436828792095, 8980148.656421707943082 ], [ 773629.829816613346338, 8980148.620613006874919 ], [ 773629.888902519713156, 8980148.582707369700074 ], [ 773629.946621754323132, 8980148.542751500383019 ], [ 773630.002903207205236, 8980148.500794623047113 ], [ 773630.057677539996803, 8980148.456888426095247 ], [ 773630.110877270926721, 8980148.41108700633049 ], [ 773630.162436858168803, 8980148.363446786999702 ], [ 773630.212292780634016, 8980148.314026460051537 ], [ 773630.260383615968749, 8980148.262886915355921 ], [ 773630.306650116457604, 8980148.210091153159738 ], [ 773630.3510352820158, 8980148.155704218894243 ], [ 773630.393484430387616, 8980148.099793117493391 ], [ 773630.433945264434442, 8980148.0424267295748 ], [ 773630.47236793639604, 8980147.983675729483366 ], [ 773630.50870510993991, 8980147.923612501472235 ], [ 773630.542912017786875, 8980147.862311040982604 ], [ 773630.574946517124772, 8980147.79984687268734 ], [ 773630.604769141529687, 8980147.736296949908137 ], [ 773630.63234314986039, 8980147.671739568933845 ], [ 773630.657634570845403, 8980147.606254260987043 ], [ 773630.680612245807424, 8980147.539921704679728 ], [ 773630.70124786614906, 8980147.472823621705174 ], [ 773630.719516009092331, 8980147.405042676255107 ], [ 773630.735394168179482, 8980147.336662374436855 ], [ 773630.748862781561911, 8980147.267766961827874 ], [ 773630.759905256214552, 8980147.198441313579679 ], [ 773630.768507987610064, 8980147.128770843148232 ], [ 773630.774660377413966, 8980147.05884138122201 ], [ 773630.778354845708236, 8980146.9887390807271 ], [ 773630.779586841119453, 8980146.918550308793783 ] ] ] ] } },
{ "type": "Feature", "properties": { "LAYER": "MBox", "GM_TYPE": "Unknown Area Type", "ELEVATION": null, "path": "D:/TGS GEOJSON/add data baru/Oebaba add/09_oe_ar_mbox.geojson" }, "geometry": { "type": "MultiPolygon", "coordinates": [ [ [ [ 773157.86001939768903, 8980435.171910582110286 ], [ 773157.858787402277812, 8980435.101721810176969 ], [ 773157.855092933983542, 8980435.031619509682059 ], [ 773157.848940544179641, 8980434.961690047755837 ], [ 773157.840337812784128, 8980434.89201957732439 ], [ 773157.829295338131487, 8980434.822693929076195 ], [ 773157.815826724749058, 8980434.753798516467214 ], [ 773157.799948565661907, 8980434.685418214648962 ], [ 773157.781680422718637, 8980434.617637269198895 ], [ 773157.761044802377, 8980434.550539186224341 ], [ 773157.738067127414979, 8980434.484206629917026 ], [ 773157.712775706429966, 8980434.418721321970224 ], [ 773157.685201698099263, 8980434.354163940995932 ], [ 773157.655379073694348, 8980434.290614018216729 ], [ 773157.623344574356452, 8980434.228149849921465 ], [ 773157.589137666509487, 8980434.166848389431834 ], [ 773157.552800492965616, 8980434.106785161420703 ], [ 773157.514377821004018, 8980434.048034161329269 ], [ 773157.473916986957192, 8980433.990667773410678 ], [ 773157.431467838585377, 8980433.934756672009826 ], [ 773157.38708267302718, 8980433.880369737744331 ], [ 773157.340816172538325, 8980433.827573975548148 ], [ 773157.292725337203592, 8980433.776434430852532 ], [ 773157.242869414738379, 8980433.727014103904366 ], [ 773157.191309827496298, 8980433.679373884573579 ], [ 773157.138110096566379, 8980433.633572464808822 ], [ 773157.083335763774812, 8980433.589666267856956 ], [ 773157.027054310892709, 8980433.547709390521049 ], [ 773156.969335076282732, 8980433.507753521203995 ], [ 773156.910249169915915, 8980433.46984788402915 ], [ 773156.849869385361671, 8980433.434039182960987 ], [ 773156.788270110148005, 8980433.40037152916193 ], [ 773156.725527234375477, 8980433.368886403739452 ], [ 773156.661718056886457, 8980433.339622596278787 ], [ 773156.596921190386638, 8980433.312616160139441 ], [ 773156.531216464238241, 8980433.287900365889072 ], [ 773156.464684826438315, 8980433.265505662187934 ], [ 773156.397408243617974, 8980433.245459640398622 ], [ 773156.32946960022673, 8980433.227786999195814 ], [ 773156.260952596319839, 8980433.212509507313371 ], [ 773156.191941644530743, 8980433.199645990505815 ], [ 773156.122521766112186, 8980433.189212292432785 ], [ 773156.052778486046009, 8980433.181221270933747 ], [ 773155.982797727570869, 8980433.17568276822567 ], [ 773155.912665706826374, 8980433.172603610903025 ], [ 773155.842468825983815, 8980433.17198758944869 ], [ 773155.77229356742464, 8980433.173835463821888 ], [ 773155.702226386638358, 8980433.178144957870245 ], [ 773155.632353606168181, 8980433.184910761192441 ], [ 773155.562761308858171, 8980433.194124540314078 ], [ 773155.493535232264549, 8980433.205774942412972 ], [ 773155.424760662368499, 8980433.219847613945603 ], [ 773155.35652232915163, 8980433.236325217410922 ], [ 773155.288904302171431, 8980433.255187453702092 ], [ 773155.221989886253141, 8980433.276411084458232 ], [ 773155.155861519742757, 8980433.299969961866736 ], [ 773155.090600672527216, 8980433.32583506219089 ], [ 773155.026287745684385, 8980433.353974517434835 ], [ 773154.963001972297207, 8980433.384353663772345 ], [ 773154.900821320246905, 8980433.416935069486499 ], [ 773154.839822395821102, 8980433.451678598299623 ], [ 773154.780080349417403, 8980433.488541444763541 ], [ 773154.72166878299322, 8980433.527478193864226 ], [ 773154.6646596591454, 8980433.56844087690115 ], [ 773154.609123213100247, 8980433.611379027366638 ], [ 773154.555127865285613, 8980433.656239744275808 ], [ 773154.502740137977526, 8980433.702967761084437 ], [ 773154.452024572296068, 8980433.751505509018898 ], [ 773154.403043649857864, 8980433.801793189719319 ], [ 773154.355857714777812, 8980433.853768847882748 ], [ 773154.310524899861775, 8980433.907368451356888 ], [ 773154.267101055127569, 8980433.962525963783264 ], [ 773154.22563967842143, 8980434.019173434004188 ], [ 773154.186191849992611, 8980434.077241070568562 ], [ 773154.148806169396266, 8980434.13665733486414 ], [ 773154.113528695655987, 8980434.197349024936557 ], [ 773154.0804028903367, 8980434.259241372346878 ], [ 773154.049469564342871, 8980434.322258122265339 ], [ 773154.02076682751067, 8980434.386321641504765 ], [ 773153.994330041226931, 8980434.451353002339602 ], [ 773153.970191775704734, 8980434.517272086814046 ], [ 773153.948381769005209, 8980434.583997683599591 ], [ 773153.928926891181618, 8980434.651447584852576 ], [ 773153.911851110286079, 8980434.719538696110249 ], [ 773153.897175463847816, 8980434.788187125697732 ], [ 773153.884918031981215, 8980434.857308300212026 ], [ 773153.875093915965408, 8980434.926817065104842 ], [ 773153.867715219035745, 8980434.996627783402801 ], [ 773153.862791031599045, 8980435.06665444932878 ], [ 773153.86032742029056, 8980435.136810790747404 ], [ 773153.86032742029056, 8980435.207010373473167 ], [ 773153.862791031599045, 8980435.277166714891791 ], [ 773153.867715219035745, 8980435.347193380817771 ], [ 773153.875093915965408, 8980435.417004099115729 ], [ 773153.884918031981215, 8980435.486512864008546 ], [ 773153.897175463847816, 8980435.55563403852284 ], [ 773153.911851110286079, 8980435.624282468110323 ], [ 773153.928926891181618, 8980435.692373579367995 ], [ 773153.948381769005209, 8980435.75982348062098 ], [ 773153.970191775704734, 8980435.826549077406526 ], [ 773153.994330041226931, 8980435.89246816188097 ], [ 773154.02076682751067, 8980435.957499522715807 ], [ 773154.049469564342871, 8980436.021563041955233 ], [ 773154.0804028903367, 8980436.084579791873693 ], [ 773154.113528695655987, 8980436.146472139284015 ], [ 773154.148806169396266, 8980436.207163829356432 ], [ 773154.186191849992611, 8980436.26658009365201 ], [ 773154.22563967842143, 8980436.324647730216384 ], [ 773154.267101055127569, 8980436.381295200437307 ], [ 773154.310524899861775, 8980436.436452712863684 ], [ 773154.355857714777812, 8980436.490052316337824 ], [ 773154.403043649857864, 8980436.542027974501252 ], [ 773154.452024572296068, 8980436.592315655201674 ], [ 773154.502740137977526, 8980436.640853403136134 ], [ 773154.555127865285613, 8980436.687581419944763 ], [ 773154.609123213100247, 8980436.732442136853933 ], [ 773154.6646596591454, 8980436.775380287319422 ], [ 773154.72166878299322, 8980436.816342970356345 ], [ 773154.780080349417403, 8980436.85527971945703 ], [ 773154.839822395821102, 8980436.892142565920949 ], [ 773154.900821320246905, 8980436.926886094734073 ], [ 773154.963001972297207, 8980436.959467500448227 ], [ 773155.026287745684385, 8980436.989846646785736 ], [ 773155.090600672527216, 8980437.017986102029681 ], [ 773155.155861519742757, 8980437.043851202353835 ], [ 773155.221989886253141, 8980437.06741007976234 ], [ 773155.288904302171431, 8980437.088633710518479 ], [ 773155.35652232915163, 8980437.107495946809649 ], [ 773155.424760662368499, 8980437.123973550274968 ], [ 773155.493535232264549, 8980437.138046221807599 ], [ 773155.562761308858171, 8980437.149696623906493 ], [ 773155.632353606168181, 8980437.158910403028131 ], [ 773155.702226386638358, 8980437.165676206350327 ], [ 773155.77229356742464, 8980437.169985700398684 ], [ 773155.842468825983815, 8980437.171833574771881 ], [ 773155.912665706826374, 8980437.171217553317547 ], [ 773155.982797727570869, 8980437.168138395994902 ], [ 773156.052778486046009, 8980437.162599893286824 ], [ 773156.122521766112186, 8980437.154608871787786 ], [ 773156.191941644530743, 8980437.144175173714757 ], [ 773156.260952596319839, 8980437.131311656907201 ], [ 773156.32946960022673, 8980437.116034165024757 ], [ 773156.397408243617974, 8980437.09836152382195 ], [ 773156.464684826438315, 8980437.078315502032638 ], [ 773156.531216464238241, 8980437.055920798331499 ], [ 773156.596921190386638, 8980437.03120500408113 ], [ 773156.661718056886457, 8980437.004198567941785 ], [ 773156.725527234375477, 8980436.974934760481119 ], [ 773156.788270110148005, 8980436.943449635058641 ], [ 773156.849869385361671, 8980436.909781981259584 ], [ 773156.910249169915915, 8980436.873973280191422 ], [ 773156.969335076282732, 8980436.836067643016577 ], [ 773157.027054310892709, 8980436.796111773699522 ], [ 773157.083335763774812, 8980436.754154896363616 ], [ 773157.138110096566379, 8980436.71024869941175 ], [ 773157.191309827496298, 8980436.664447279646993 ], [ 773157.242869414738379, 8980436.616807060316205 ], [ 773157.292725337203592, 8980436.567386733368039 ], [ 773157.340816172538325, 8980436.516247188672423 ], [ 773157.38708267302718, 8980436.46345142647624 ], [ 773157.431467838585377, 8980436.409064492210746 ], [ 773157.473916986957192, 8980436.353153390809894 ], [ 773157.514377821004018, 8980436.295787002891302 ], [ 773157.552800492965616, 8980436.237036002799869 ], [ 773157.589137666509487, 8980436.176972774788737 ], [ 773157.623344574356452, 8980436.115671314299107 ], [ 773157.655379073694348, 8980436.053207146003842 ], [ 773157.685201698099263, 8980435.98965722322464 ], [ 773157.712775706429966, 8980435.925099842250347 ], [ 773157.738067127414979, 8980435.859614534303546 ], [ 773157.761044802377, 8980435.79328197799623 ], [ 773157.781680422718637, 8980435.726183895021677 ], [ 773157.799948565661907, 8980435.658402949571609 ], [ 773157.815826724749058, 8980435.590022647753358 ], [ 773157.829295338131487, 8980435.521127235144377 ], [ 773157.840337812784128, 8980435.451801586896181 ], [ 773157.848940544179641, 8980435.382131116464734 ], [ 773157.855092933983542, 8980435.312201654538512 ], [ 773157.858787402277812, 8980435.242099354043603 ], [ 773157.86001939768903, 8980435.171910582110286 ] ] ] ] } },
{ "type": "Feature", "properties": { "LAYER": "MBox", "GM_TYPE": "Unknown Area Type", "ELEVATION": 23, "path": "D:/TGS GEOJSON/add data baru/Oebaba add/09_oe_ar_mbox.geojson" }, "geometry": { "type": "MultiPolygon", "coordinates": [ [ [ [ 774152.119332855567336, 8983787.35990908741951 ], [ 774152.118100860156119, 8983787.289720315486193 ], [ 774152.114406391861849, 8983787.219618014991283 ], [ 774152.108254002057947, 8983787.149688553065062 ], [ 774152.099651270662434, 8983787.080018082633615 ], [ 774152.088608796009794, 8983787.010692434385419 ], [ 774152.075140182627365, 8983786.941797021776438 ], [ 774152.059262023540214, 8983786.873416719958186 ], [ 774152.040993880596943, 8983786.805635774508119 ], [ 774152.020358260255307, 8983786.738537691533566 ], [ 774151.997380585293286, 8983786.67220513522625 ], [ 774151.972089164308272, 8983786.606719827279449 ], [ 774151.94451515597757, 8983786.542162446305156 ], [ 774151.914692531572655, 8983786.478612523525953 ], [ 774151.882658032234758, 8983786.416148355230689 ], [ 774151.848451124387793, 8983786.354846894741058 ], [ 774151.812113950843923, 8983786.294783666729927 ], [ 774151.773691278882325, 8983786.236032666638494 ], [ 774151.733230444835499, 8983786.178666278719902 ], [ 774151.690781296463683, 8983786.12275517731905 ], [ 774151.646396130905487, 8983786.068368243053555 ], [ 774151.600129630416632, 8983786.015572480857372 ], [ 774151.552038795081899, 8983785.964432936161757 ], [ 774151.502182872616686, 8983785.915012609213591 ], [ 774151.450623285374604, 8983785.867372389882803 ], [ 774151.397423554444686, 8983785.821570970118046 ], [ 774151.342649221653119, 8983785.77766477316618 ], [ 774151.286367768771015, 8983785.735707895830274 ], [ 774151.228648534161039, 8983785.695752026513219 ], [ 774151.169562627794221, 8983785.657846389338374 ], [ 774151.109182843239978, 8983785.622037688270211 ], [ 774151.047583568026312, 8983785.588370034471154 ], [ 774150.984840692253783, 8983785.556884909048676 ], [ 774150.921031514764763, 8983785.527621101588011 ], [ 774150.856234648264945, 8983785.500614665448666 ], [ 774150.790529922116548, 8983785.475898871198297 ], [ 774150.723998284316622, 8983785.453504167497158 ], [ 774150.656721701496281, 8983785.433458145707846 ], [ 774150.588783058105037, 8983785.415785504505038 ], [ 774150.520266054198146, 8983785.400508012622595 ], [ 774150.45125510240905, 8983785.387644495815039 ], [ 774150.381835223990493, 8983785.377210797742009 ], [ 774150.312091943924315, 8983785.369219776242971 ], [ 774150.242111185449176, 8983785.363681273534894 ], [ 774150.17197916470468, 8983785.360602116212249 ], [ 774150.101782283862121, 8983785.359986094757915 ], [ 774150.031607025302947, 8983785.361833969131112 ], [ 774149.961539844516665, 8983785.366143463179469 ], [ 774149.891667064046487, 8983785.372909266501665 ], [ 774149.822074766736478, 8983785.382123045623302 ], [ 774149.752848690142855, 8983785.393773447722197 ], [ 774149.684074120246805, 8983785.407846119254827 ], [ 774149.615835787029937, 8983785.424323722720146 ], [ 774149.548217760049738, 8983785.443185959011316 ], [ 774149.481303344131447, 8983785.464409589767456 ], [ 774149.415174977621064, 8983785.487968467175961 ], [ 774149.349914130405523, 8983785.513833567500114 ], [ 774149.285601203562692, 8983785.54197302274406 ], [ 774149.222315430175513, 8983785.572352169081569 ], [ 774149.160134778125212, 8983785.604933574795723 ], [ 774149.099135853699408, 8983785.639677103608847 ], [ 774149.03939380729571, 8983785.676539950072765 ], [ 774148.980982240871526, 8983785.71547669917345 ], [ 774148.923973117023706, 8983785.756439382210374 ], [ 774148.868436670978554, 8983785.799377532675862 ], [ 774148.814441323163919, 8983785.844238249585032 ], [ 774148.762053595855832, 8983785.890966266393661 ], [ 774148.711338030174375, 8983785.939504014328122 ], [ 774148.66235710773617, 8983785.989791695028543 ], [ 774148.615171172656119, 8983786.041767353191972 ], [ 774148.569838357740082, 8983786.095366956666112 ], [ 774148.526414513005875, 8983786.150524469092488 ], [ 774148.484953136299737, 8983786.207171939313412 ], [ 774148.445505307870917, 8983786.265239575877786 ], [ 774148.408119627274573, 8983786.324655840173364 ], [ 774148.372842153534293, 8983786.385347530245781 ], [ 774148.339716348215006, 8983786.447239877656102 ], [ 774148.308783022221178, 8983786.510256627574563 ], [ 774148.280080285388976, 8983786.574320146813989 ], [ 774148.253643499105237, 8983786.639351507648826 ], [ 774148.229505233583041, 8983786.70527059212327 ], [ 774148.207695226883516, 8983786.771996188908815 ], [ 774148.188240349059924, 8983786.8394460901618 ], [ 774148.171164568164386, 8983786.907537201419473 ], [ 774148.156488921726122, 8983786.976185631006956 ], [ 774148.144231489859521, 8983787.04530680552125 ], [ 774148.134407373843715, 8983787.114815570414066 ], [ 774148.127028676914051, 8983787.184626288712025 ], [ 774148.122104489477351, 8983787.254652954638004 ], [ 774148.119640878168866, 8983787.324809296056628 ], [ 774148.119640878168866, 8983787.395008878782392 ], [ 774148.122104489477351, 8983787.465165220201015 ], [ 774148.127028676914051, 8983787.535191886126995 ], [ 774148.134407373843715, 8983787.605002604424953 ], [ 774148.144231489859521, 8983787.67451136931777 ], [ 774148.156488921726122, 8983787.743632543832064 ], [ 774148.171164568164386, 8983787.812280973419547 ], [ 774148.188240349059924, 8983787.880372084677219 ], [ 774148.207695226883516, 8983787.947821985930204 ], [ 774148.229505233583041, 8983788.01454758271575 ], [ 774148.253643499105237, 8983788.080466667190194 ], [ 774148.280080285388976, 8983788.145498028025031 ], [ 774148.308783022221178, 8983788.209561547264457 ], [ 774148.339716348215006, 8983788.272578297182918 ], [ 774148.372842153534293, 8983788.334470644593239 ], [ 774148.408119627274573, 8983788.395162334665656 ], [ 774148.445505307870917, 8983788.454578598961234 ], [ 774148.484953136299737, 8983788.512646235525608 ], [ 774148.526414513005875, 8983788.569293705746531 ], [ 774148.569838357740082, 8983788.624451218172908 ], [ 774148.615171172656119, 8983788.678050821647048 ], [ 774148.66235710773617, 8983788.730026479810476 ], [ 774148.711338030174375, 8983788.780314160510898 ], [ 774148.762053595855832, 8983788.828851908445358 ], [ 774148.814441323163919, 8983788.875579925253987 ], [ 774148.868436670978554, 8983788.920440642163157 ], [ 774148.923973117023706, 8983788.963378792628646 ], [ 774148.980982240871526, 8983789.004341475665569 ], [ 774149.03939380729571, 8983789.043278224766254 ], [ 774149.099135853699408, 8983789.080141071230173 ], [ 774149.160134778125212, 8983789.114884600043297 ], [ 774149.222315430175513, 8983789.147466005757451 ], [ 774149.285601203562692, 8983789.17784515209496 ], [ 774149.349914130405523, 8983789.205984607338905 ], [ 774149.415174977621064, 8983789.231849707663059 ], [ 774149.481303344131447, 8983789.255408585071564 ], [ 774149.548217760049738, 8983789.276632215827703 ], [ 774149.615835787029937, 8983789.295494452118874 ], [ 774149.684074120246805, 8983789.311972055584192 ], [ 774149.752848690142855, 8983789.326044727116823 ], [ 774149.822074766736478, 8983789.337695129215717 ], [ 774149.891667064046487, 8983789.346908908337355 ], [ 774149.961539844516665, 8983789.353674711659551 ], [ 774150.031607025302947, 8983789.357984205707908 ], [ 774150.101782283862121, 8983789.359832080081105 ], [ 774150.17197916470468, 8983789.359216058626771 ], [ 774150.242111185449176, 8983789.356136901304126 ], [ 774150.312091943924315, 8983789.350598398596048 ], [ 774150.381835223990493, 8983789.342607377097011 ], [ 774150.45125510240905, 8983789.332173679023981 ], [ 774150.520266054198146, 8983789.319310162216425 ], [ 774150.588783058105037, 8983789.304032670333982 ], [ 774150.656721701496281, 8983789.286360029131174 ], [ 774150.723998284316622, 8983789.266314007341862 ], [ 774150.790529922116548, 8983789.243919303640723 ], [ 774150.856234648264945, 8983789.219203509390354 ], [ 774150.921031514764763, 8983789.192197073251009 ], [ 774150.984840692253783, 8983789.162933265790343 ], [ 774151.047583568026312, 8983789.131448140367866 ], [ 774151.109182843239978, 8983789.097780486568809 ], [ 774151.169562627794221, 8983789.061971785500646 ], [ 774151.228648534161039, 8983789.024066148325801 ], [ 774151.286367768771015, 8983788.984110279008746 ], [ 774151.342649221653119, 8983788.94215340167284 ], [ 774151.397423554444686, 8983788.898247204720974 ], [ 774151.450623285374604, 8983788.852445784956217 ], [ 774151.502182872616686, 8983788.804805565625429 ], [ 774151.552038795081899, 8983788.755385238677263 ], [ 774151.600129630416632, 8983788.704245693981647 ], [ 774151.646396130905487, 8983788.651449931785464 ], [ 774151.690781296463683, 8983788.59706299751997 ], [ 774151.733230444835499, 8983788.541151896119118 ], [ 774151.773691278882325, 8983788.483785508200526 ], [ 774151.812113950843923, 8983788.425034508109093 ], [ 774151.848451124387793, 8983788.364971280097961 ], [ 774151.882658032234758, 8983788.303669819608331 ], [ 774151.914692531572655, 8983788.241205651313066 ], [ 774151.94451515597757, 8983788.177655728533864 ], [ 774151.972089164308272, 8983788.113098347559571 ], [ 774151.997380585293286, 8983788.04761303961277 ], [ 774152.020358260255307, 8983787.981280483305454 ], [ 774152.040993880596943, 8983787.914182400330901 ], [ 774152.059262023540214, 8983787.846401454880834 ], [ 774152.075140182627365, 8983787.778021153062582 ], [ 774152.088608796009794, 8983787.709125740453601 ], [ 774152.099651270662434, 8983787.639800092205405 ], [ 774152.108254002057947, 8983787.570129621773958 ], [ 774152.114406391861849, 8983787.500200159847736 ], [ 774152.118100860156119, 8983787.430097859352827 ], [ 774152.119332855567336, 8983787.35990908741951 ] ] ] ] } },
{ "type": "Feature", "properties": { "LAYER": "MBox", "GM_TYPE": "Unknown Area Type", "ELEVATION": null, "path": "D:/TGS GEOJSON/add data baru/Oebaba add/09_oe_ar_mbox.geojson" }, "geometry": { "type": "MultiPolygon", "coordinates": [ [ [ [ 773901.980364575749263, 8983735.96083895675838 ], [ 773901.979132580338046, 8983735.890650184825063 ], [ 773901.975438112043776, 8983735.820547884330153 ], [ 773901.969285722239874, 8983735.750618422403932 ], [ 773901.960682990844361, 8983735.680947951972485 ], [ 773901.949640516191721, 8983735.611622303724289 ], [ 773901.936171902809292, 8983735.542726891115308 ], [ 773901.920293743722141, 8983735.474346589297056 ], [ 773901.90202560077887, 8983735.406565643846989 ], [ 773901.881389980437234, 8983735.339467560872436 ], [ 773901.858412305475213, 8983735.27313500456512 ], [ 773901.833120884490199, 8983735.207649696618319 ], [ 773901.805546876159497, 8983735.143092315644026 ], [ 773901.775724251754582, 8983735.079542392864823 ], [ 773901.743689752416685, 8983735.017078224569559 ], [ 773901.70948284456972, 8983734.955776764079928 ], [ 773901.67314567102585, 8983734.895713536068797 ], [ 773901.634722999064252, 8983734.836962535977364 ], [ 773901.594262165017426, 8983734.779596148058772 ], [ 773901.55181301664561, 8983734.72368504665792 ], [ 773901.507427851087414, 8983734.669298112392426 ], [ 773901.461161350598559, 8983734.616502350196242 ], [ 773901.413070515263826, 8983734.565362805500627 ], [ 773901.363214592798613, 8983734.515942478552461 ], [ 773901.311655005556531, 8983734.468302259221673 ], [ 773901.258455274626613, 8983734.422500839456916 ], [ 773901.203680941835046, 8983734.37859464250505 ], [ 773901.147399488952942, 8983734.336637765169144 ], [ 773901.089680254342966, 8983734.296681895852089 ], [ 773901.030594347976148, 8983734.258776258677244 ], [ 773900.970214563421905, 8983734.222967557609081 ], [ 773900.908615288208239, 8983734.189299903810024 ], [ 773900.84587241243571, 8983734.157814778387547 ], [ 773900.78206323494669, 8983734.128550970926881 ], [ 773900.717266368446872, 8983734.101544534787536 ], [ 773900.651561642298475, 8983734.076828740537167 ], [ 773900.585030004498549, 8983734.054434036836028 ], [ 773900.517753421678208, 8983734.034388015046716 ], [ 773900.449814778286964, 8983734.016715373843908 ], [ 773900.381297774380073, 8983734.001437881961465 ], [ 773900.312286822590977, 8983733.988574365153909 ], [ 773900.24286694417242, 8983733.978140667080879 ], [ 773900.173123664106242, 8983733.970149645581841 ], [ 773900.103142905631103, 8983733.964611142873764 ], [ 773900.033010884886608, 8983733.961531985551119 ], [ 773899.962814004044048, 8983733.960915964096785 ], [ 773899.892638745484874, 8983733.962763838469982 ], [ 773899.822571564698592, 8983733.967073332518339 ], [ 773899.752698784228414, 8983733.973839135840535 ], [ 773899.683106486918405, 8983733.983052914962173 ], [ 773899.613880410324782, 8983733.994703317061067 ], [ 773899.545105840428732, 8983734.008775988593698 ], [ 773899.476867507211864, 8983734.025253592059016 ], [ 773899.409249480231665, 8983734.044115828350186 ], [ 773899.342335064313374, 8983734.065339459106326 ], [ 773899.276206697802991, 8983734.088898336514831 ], [ 773899.21094585058745, 8983734.114763436838984 ], [ 773899.146632923744619, 8983734.14290289208293 ], [ 773899.08334715035744, 8983734.173282038420439 ], [ 773899.021166498307139, 8983734.205863444134593 ], [ 773898.960167573881336, 8983734.240606972947717 ], [ 773898.900425527477637, 8983734.277469819411635 ], [ 773898.842013961053453, 8983734.316406568512321 ], [ 773898.785004837205634, 8983734.357369251549244 ], [ 773898.729468391160481, 8983734.400307402014732 ], [ 773898.675473043345846, 8983734.445168118923903 ], [ 773898.623085316037759, 8983734.491896135732532 ], [ 773898.572369750356302, 8983734.540433883666992 ], [ 773898.523388827918097, 8983734.590721564367414 ], [ 773898.476202892838046, 8983734.642697222530842 ], [ 773898.430870077922009, 8983734.696296826004982 ], [ 773898.387446233187802, 8983734.751454338431358 ], [ 773898.345984856481664, 8983734.808101808652282 ], [ 773898.306537028052844, 8983734.866169445216656 ], [ 773898.2691513474565, 8983734.925585709512234 ], [ 773898.23387387371622, 8983734.986277399584651 ], [ 773898.200748068396933, 8983735.048169746994972 ], [ 773898.169814742403105, 8983735.111186496913433 ], [ 773898.141112005570903, 8983735.175250016152859 ], [ 773898.114675219287165, 8983735.240281376987696 ], [ 773898.090536953764968, 8983735.30620046146214 ], [ 773898.068726947065443, 8983735.372926058247685 ], [ 773898.049272069241852, 8983735.44037595950067 ], [ 773898.032196288346313, 8983735.508467070758343 ], [ 773898.01752064190805, 8983735.577115500345826 ], [ 773898.005263210041448, 8983735.64623667486012 ], [ 773897.995439094025642, 8983735.715745439752936 ], [ 773897.988060397095978, 8983735.785556158050895 ], [ 773897.983136209659278, 8983735.855582823976874 ], [ 773897.980672598350793, 8983735.925739165395498 ], [ 773897.980672598350793, 8983735.995938748121262 ], [ 773897.983136209659278, 8983736.066095089539886 ], [ 773897.988060397095978, 8983736.136121755465865 ], [ 773897.995439094025642, 8983736.205932473763824 ], [ 773898.005263210041448, 8983736.27544123865664 ], [ 773898.01752064190805, 8983736.344562413170934 ], [ 773898.032196288346313, 8983736.413210842758417 ], [ 773898.049272069241852, 8983736.481301954016089 ], [ 773898.068726947065443, 8983736.548751855269074 ], [ 773898.090536953764968, 8983736.61547745205462 ], [ 773898.114675219287165, 8983736.681396536529064 ], [ 773898.141112005570903, 8983736.746427897363901 ], [ 773898.169814742403105, 8983736.810491416603327 ], [ 773898.200748068396933, 8983736.873508166521788 ], [ 773898.23387387371622, 8983736.935400513932109 ], [ 773898.2691513474565, 8983736.996092204004526 ], [ 773898.306537028052844, 8983737.055508468300104 ], [ 773898.345984856481664, 8983737.113576104864478 ], [ 773898.387446233187802, 8983737.170223575085402 ], [ 773898.430870077922009, 8983737.225381087511778 ], [ 773898.476202892838046, 8983737.278980690985918 ], [ 773898.523388827918097, 8983737.330956349149346 ], [ 773898.572369750356302, 8983737.381244029849768 ], [ 773898.623085316037759, 8983737.429781777784228 ], [ 773898.675473043345846, 8983737.476509794592857 ], [ 773898.729468391160481, 8983737.521370511502028 ], [ 773898.785004837205634, 8983737.564308661967516 ], [ 773898.842013961053453, 8983737.605271345004439 ], [ 773898.900425527477637, 8983737.644208094105124 ], [ 773898.960167573881336, 8983737.681070940569043 ], [ 773899.021166498307139, 8983737.715814469382167 ], [ 773899.08334715035744, 8983737.748395875096321 ], [ 773899.146632923744619, 8983737.77877502143383 ], [ 773899.21094585058745, 8983737.806914476677775 ], [ 773899.276206697802991, 8983737.832779577001929 ], [ 773899.342335064313374, 8983737.856338454410434 ], [ 773899.409249480231665, 8983737.877562085166574 ], [ 773899.476867507211864, 8983737.896424321457744 ], [ 773899.545105840428732, 8983737.912901924923062 ], [ 773899.613880410324782, 8983737.926974596455693 ], [ 773899.683106486918405, 8983737.938624998554587 ], [ 773899.752698784228414, 8983737.947838777676225 ], [ 773899.822571564698592, 8983737.954604580998421 ], [ 773899.892638745484874, 8983737.958914075046778 ], [ 773899.962814004044048, 8983737.960761949419975 ], [ 773900.033010884886608, 8983737.960145927965641 ], [ 773900.103142905631103, 8983737.957066770642996 ], [ 773900.173123664106242, 8983737.951528267934918 ], [ 773900.24286694417242, 8983737.943537246435881 ], [ 773900.312286822590977, 8983737.933103548362851 ], [ 773900.381297774380073, 8983737.920240031555295 ], [ 773900.449814778286964, 8983737.904962539672852 ], [ 773900.517753421678208, 8983737.887289898470044 ], [ 773900.585030004498549, 8983737.867243876680732 ], [ 773900.651561642298475, 8983737.844849172979593 ], [ 773900.717266368446872, 8983737.820133378729224 ], [ 773900.78206323494669, 8983737.793126942589879 ], [ 773900.84587241243571, 8983737.763863135129213 ], [ 773900.908615288208239, 8983737.732378009706736 ], [ 773900.970214563421905, 8983737.698710355907679 ], [ 773901.030594347976148, 8983737.662901654839516 ], [ 773901.089680254342966, 8983737.624996017664671 ], [ 773901.147399488952942, 8983737.585040148347616 ], [ 773901.203680941835046, 8983737.54308327101171 ], [ 773901.258455274626613, 8983737.499177074059844 ], [ 773901.311655005556531, 8983737.453375654295087 ], [ 773901.363214592798613, 8983737.405735434964299 ], [ 773901.413070515263826, 8983737.356315108016133 ], [ 773901.461161350598559, 8983737.305175563320518 ], [ 773901.507427851087414, 8983737.252379801124334 ], [ 773901.55181301664561, 8983737.19799286685884 ], [ 773901.594262165017426, 8983737.142081765457988 ], [ 773901.634722999064252, 8983737.084715377539396 ], [ 773901.67314567102585, 8983737.025964377447963 ], [ 773901.70948284456972, 8983736.965901149436831 ], [ 773901.743689752416685, 8983736.904599688947201 ], [ 773901.775724251754582, 8983736.842135520651937 ], [ 773901.805546876159497, 8983736.778585597872734 ], [ 773901.833120884490199, 8983736.714028216898441 ], [ 773901.858412305475213, 8983736.64854290895164 ], [ 773901.881389980437234, 8983736.582210352644324 ], [ 773901.90202560077887, 8983736.515112269669771 ], [ 773901.920293743722141, 8983736.447331324219704 ], [ 773901.936171902809292, 8983736.378951022401452 ], [ 773901.949640516191721, 8983736.310055609792471 ], [ 773901.960682990844361, 8983736.240729961544275 ], [ 773901.969285722239874, 8983736.171059491112828 ], [ 773901.975438112043776, 8983736.101130029186606 ], [ 773901.979132580338046, 8983736.031027728691697 ], [ 773901.980364575749263, 8983735.96083895675838 ] ] ] ] } },
{ "type": "Feature", "properties": { "LAYER": "MBox", "GM_TYPE": "Unknown Area Type", "ELEVATION": null, "path": "D:/TGS GEOJSON/add data baru/Oebaba add/09_oe_ar_mbox.geojson" }, "geometry": { "type": "MultiPolygon", "coordinates": [ [ [ [ 773621.582115369732492, 8982584.013968523591757 ], [ 773621.580883374321274, 8982583.94377975165844 ], [ 773621.577188906027004, 8982583.87367745116353 ], [ 773621.571036516223103, 8982583.803747989237309 ], [ 773621.56243378482759, 8982583.734077518805861 ], [ 773621.551391310174949, 8982583.664751870557666 ], [ 773621.537922696792521, 8982583.595856457948685 ], [ 773621.522044537705369, 8982583.527476156130433 ], [ 773621.503776394762099, 8982583.459695210680366 ], [ 773621.483140774420463, 8982583.392597127705812 ], [ 773621.460163099458441, 8982583.326264571398497 ], [ 773621.434871678473428, 8982583.260779263451695 ], [ 773621.407297670142725, 8982583.196221882477403 ], [ 773621.37747504573781, 8982583.1326719596982 ], [ 773621.345440546399914, 8982583.070207791402936 ], [ 773621.311233638552949, 8982583.008906330913305 ], [ 773621.274896465009078, 8982582.948843102902174 ], [ 773621.23647379304748, 8982582.89009210281074 ], [ 773621.196012959000655, 8982582.832725714892149 ], [ 773621.153563810628839, 8982582.776814613491297 ], [ 773621.109178645070642, 8982582.722427679225802 ], [ 773621.062912144581787, 8982582.669631917029619 ], [ 773621.014821309247054, 8982582.618492372334003 ], [ 773620.964965386781842, 8982582.569072045385838 ], [ 773620.91340579953976, 8982582.52143182605505 ], [ 773620.860206068609841, 8982582.475630406290293 ], [ 773620.805431735818274, 8982582.431724209338427 ], [ 773620.749150282936171, 8982582.389767332002521 ], [ 773620.691431048326194, 8982582.349811462685466 ], [ 773620.632345141959377, 8982582.311905825510621 ], [ 773620.571965357405134, 8982582.276097124442458 ], [ 773620.510366082191467, 8982582.242429470643401 ], [ 773620.447623206418939, 8982582.210944345220923 ], [ 773620.383814028929919, 8982582.181680537760258 ], [ 773620.3190171624301, 8982582.154674101620913 ], [ 773620.253312436281703, 8982582.129958307370543 ], [ 773620.186780798481777, 8982582.107563603669405 ], [ 773620.119504215661436, 8982582.087517581880093 ], [ 773620.051565572270192, 8982582.069844940677285 ], [ 773619.983048568363301, 8982582.054567448794842 ], [ 773619.914037616574205, 8982582.041703931987286 ], [ 773619.844617738155648, 8982582.031270233914256 ], [ 773619.774874458089471, 8982582.023279212415218 ], [ 773619.704893699614331, 8982582.017740709707141 ], [ 773619.634761678869836, 8982582.014661552384496 ], [ 773619.564564798027277, 8982582.014045530930161 ], [ 773619.494389539468102, 8982582.015893405303359 ], [ 773619.42432235868182, 8982582.020202899351716 ], [ 773619.354449578211643, 8982582.026968702673912 ], [ 773619.284857280901633, 8982582.036182481795549 ], [ 773619.215631204308011, 8982582.047832883894444 ], [ 773619.146856634411961, 8982582.061905555427074 ], [ 773619.078618301195092, 8982582.078383158892393 ], [ 773619.011000274214894, 8982582.097245395183563 ], [ 773618.944085858296603, 8982582.118469025939703 ], [ 773618.877957491786219, 8982582.142027903348207 ], [ 773618.812696644570678, 8982582.167893003672361 ], [ 773618.748383717727847, 8982582.196032458916306 ], [ 773618.685097944340669, 8982582.226411605253816 ], [ 773618.622917292290367, 8982582.25899301096797 ], [ 773618.561918367864564, 8982582.293736539781094 ], [ 773618.502176321460865, 8982582.330599386245012 ], [ 773618.443764755036682, 8982582.369536135345697 ], [ 773618.386755631188862, 8982582.410498818382621 ], [ 773618.331219185143709, 8982582.453436968848109 ], [ 773618.277223837329075, 8982582.498297685757279 ], [ 773618.224836110020988, 8982582.545025702565908 ], [ 773618.17412054433953, 8982582.593563450500369 ], [ 773618.125139621901326, 8982582.64385113120079 ], [ 773618.077953686821274, 8982582.695826789364219 ], [ 773618.032620871905237, 8982582.749426392838359 ], [ 773617.989197027171031, 8982582.804583905264735 ], [ 773617.947735650464892, 8982582.861231375485659 ], [ 773617.908287822036073, 8982582.919299012050033 ], [ 773617.870902141439728, 8982582.978715276345611 ], [ 773617.835624667699449, 8982583.039406966418028 ], [ 773617.802498862380162, 8982583.101299313828349 ], [ 773617.771565536386333, 8982583.16431606374681 ], [ 773617.742862799554132, 8982583.228379582986236 ], [ 773617.716426013270393, 8982583.293410943821073 ], [ 773617.692287747748196, 8982583.359330028295517 ], [ 773617.670477741048671, 8982583.426055625081062 ], [ 773617.65102286322508, 8982583.493505526334047 ], [ 773617.633947082329541, 8982583.56159663759172 ], [ 773617.619271435891278, 8982583.630245067179203 ], [ 773617.607014004024677, 8982583.699366241693497 ], [ 773617.59718988800887, 8982583.768875006586313 ], [ 773617.589811191079207, 8982583.838685724884272 ], [ 773617.584887003642507, 8982583.908712390810251 ], [ 773617.582423392334022, 8982583.978868732228875 ], [ 773617.582423392334022, 8982584.049068314954638 ], [ 773617.584887003642507, 8982584.119224656373262 ], [ 773617.589811191079207, 8982584.189251322299242 ], [ 773617.59718988800887, 8982584.2590620405972 ], [ 773617.607014004024677, 8982584.328570805490017 ], [ 773617.619271435891278, 8982584.397691980004311 ], [ 773617.633947082329541, 8982584.466340409591794 ], [ 773617.65102286322508, 8982584.534431520849466 ], [ 773617.670477741048671, 8982584.601881422102451 ], [ 773617.692287747748196, 8982584.668607018887997 ], [ 773617.716426013270393, 8982584.734526103362441 ], [ 773617.742862799554132, 8982584.799557464197278 ], [ 773617.771565536386333, 8982584.863620983436704 ], [ 773617.802498862380162, 8982584.926637733355165 ], [ 773617.835624667699449, 8982584.988530080765486 ], [ 773617.870902141439728, 8982585.049221770837903 ], [ 773617.908287822036073, 8982585.108638035133481 ], [ 773617.947735650464892, 8982585.166705671697855 ], [ 773617.989197027171031, 8982585.223353141918778 ], [ 773618.032620871905237, 8982585.278510654345155 ], [ 773618.077953686821274, 8982585.332110257819295 ], [ 773618.125139621901326, 8982585.384085915982723 ], [ 773618.17412054433953, 8982585.434373596683145 ], [ 773618.224836110020988, 8982585.482911344617605 ], [ 773618.277223837329075, 8982585.529639361426234 ], [ 773618.331219185143709, 8982585.574500078335404 ], [ 773618.386755631188862, 8982585.617438228800893 ], [ 773618.443764755036682, 8982585.658400911837816 ], [ 773618.502176321460865, 8982585.697337660938501 ], [ 773618.561918367864564, 8982585.73420050740242 ], [ 773618.622917292290367, 8982585.768944036215544 ], [ 773618.685097944340669, 8982585.801525441929698 ], [ 773618.748383717727847, 8982585.831904588267207 ], [ 773618.812696644570678, 8982585.860044043511152 ], [ 773618.877957491786219, 8982585.885909143835306 ], [ 773618.944085858296603, 8982585.909468021243811 ], [ 773619.011000274214894, 8982585.93069165199995 ], [ 773619.078618301195092, 8982585.949553888291121 ], [ 773619.146856634411961, 8982585.966031491756439 ], [ 773619.215631204308011, 8982585.98010416328907 ], [ 773619.284857280901633, 8982585.991754565387964 ], [ 773619.354449578211643, 8982586.000968344509602 ], [ 773619.42432235868182, 8982586.007734147831798 ], [ 773619.494389539468102, 8982586.012043641880155 ], [ 773619.564564798027277, 8982586.013891516253352 ], [ 773619.634761678869836, 8982586.013275494799018 ], [ 773619.704893699614331, 8982586.010196337476373 ], [ 773619.774874458089471, 8982586.004657834768295 ], [ 773619.844617738155648, 8982585.996666813269258 ], [ 773619.914037616574205, 8982585.986233115196228 ], [ 773619.983048568363301, 8982585.973369598388672 ], [ 773620.051565572270192, 8982585.958092106506228 ], [ 773620.119504215661436, 8982585.940419465303421 ], [ 773620.186780798481777, 8982585.920373443514109 ], [ 773620.253312436281703, 8982585.89797873981297 ], [ 773620.3190171624301, 8982585.873262945562601 ], [ 773620.383814028929919, 8982585.846256509423256 ], [ 773620.447623206418939, 8982585.81699270196259 ], [ 773620.510366082191467, 8982585.785507576540112 ], [ 773620.571965357405134, 8982585.751839922741055 ], [ 773620.632345141959377, 8982585.716031221672893 ], [ 773620.691431048326194, 8982585.678125584498048 ], [ 773620.749150282936171, 8982585.638169715180993 ], [ 773620.805431735818274, 8982585.596212837845087 ], [ 773620.860206068609841, 8982585.552306640893221 ], [ 773620.91340579953976, 8982585.506505221128464 ], [ 773620.964965386781842, 8982585.458865001797676 ], [ 773621.014821309247054, 8982585.40944467484951 ], [ 773621.062912144581787, 8982585.358305130153894 ], [ 773621.109178645070642, 8982585.305509367957711 ], [ 773621.153563810628839, 8982585.251122433692217 ], [ 773621.196012959000655, 8982585.195211332291365 ], [ 773621.23647379304748, 8982585.137844944372773 ], [ 773621.274896465009078, 8982585.07909394428134 ], [ 773621.311233638552949, 8982585.019030716270208 ], [ 773621.345440546399914, 8982584.957729255780578 ], [ 773621.37747504573781, 8982584.895265087485313 ], [ 773621.407297670142725, 8982584.831715164706111 ], [ 773621.434871678473428, 8982584.767157783731818 ], [ 773621.460163099458441, 8982584.701672475785017 ], [ 773621.483140774420463, 8982584.635339919477701 ], [ 773621.503776394762099, 8982584.568241836503148 ], [ 773621.522044537705369, 8982584.500460891053081 ], [ 773621.537922696792521, 8982584.432080589234829 ], [ 773621.551391310174949, 8982584.363185176625848 ], [ 773621.56243378482759, 8982584.293859528377652 ], [ 773621.571036516223103, 8982584.224189057946205 ], [ 773621.577188906027004, 8982584.154259596019983 ], [ 773621.580883374321274, 8982584.084157295525074 ], [ 773621.582115369732492, 8982584.013968523591757 ] ] ] ] } },
{ "type": "Feature", "properties": { "LAYER": "MBox", "GM_TYPE": "Unknown Area Type", "ELEVATION": null, "path": "D:/TGS GEOJSON/add data baru/Oebaba add/09_oe_ar_mbox.geojson" }, "geometry": { "type": "MultiPolygon", "coordinates": [ [ [ [ 773812.563783884281293, 8981293.209922922775149 ], [ 773812.562551888870075, 8981293.139734150841832 ], [ 773812.558857420575805, 8981293.069631850346923 ], [ 773812.552705030771904, 8981292.999702388420701 ], [ 773812.544102299376391, 8981292.930031917989254 ], [ 773812.53305982472375, 8981292.860706269741058 ], [ 773812.519591211341321, 8981292.791810857132077 ], [ 773812.50371305225417, 8981292.723430555313826 ], [ 773812.4854449093109, 8981292.655649609863758 ], [ 773812.464809288969263, 8981292.588551526889205 ], [ 773812.441831614007242, 8981292.522218970581889 ], [ 773812.416540193022229, 8981292.456733662635088 ], [ 773812.388966184691526, 8981292.392176281660795 ], [ 773812.359143560286611, 8981292.328626358881593 ], [ 773812.327109060948715, 8981292.266162190586329 ], [ 773812.29290215310175, 8981292.204860730096698 ], [ 773812.256564979557879, 8981292.144797502085567 ], [ 773812.218142307596281, 8981292.086046501994133 ], [ 773812.177681473549455, 8981292.028680114075541 ], [ 773812.13523232517764, 8981291.972769012674689 ], [ 773812.090847159619443, 8981291.918382078409195 ], [ 773812.044580659130588, 8981291.865586316213012 ], [ 773811.996489823795855, 8981291.814446771517396 ], [ 773811.946633901330642, 8981291.76502644456923 ], [ 773811.895074314088561, 8981291.717386225238442 ], [ 773811.841874583158642, 8981291.671584805473685 ], [ 773811.787100250367075, 8981291.627678608521819 ], [ 773811.730818797484972, 8981291.585721731185913 ], [ 773811.673099562874995, 8981291.545765861868858 ], [ 773811.614013656508178, 8981291.507860224694014 ], [ 773811.553633871953934, 8981291.472051523625851 ], [ 773811.492034596740268, 8981291.438383869826794 ], [ 773811.42929172096774, 8981291.406898744404316 ], [ 773811.36548254347872, 8981291.37763493694365 ], [ 773811.300685676978901, 8981291.350628500804305 ], [ 773811.234980950830504, 8981291.325912706553936 ], [ 773811.168449313030578, 8981291.303518002852798 ], [ 773811.101172730210237, 8981291.283471981063485 ], [ 773811.033234086818993, 8981291.265799339860678 ], [ 773810.964717082912102, 8981291.250521847978234 ], [ 773810.895706131123006, 8981291.237658331170678 ], [ 773810.826286252704449, 8981291.227224633097649 ], [ 773810.756542972638272, 8981291.219233611598611 ], [ 773810.686562214163132, 8981291.213695108890533 ], [ 773810.616430193418637, 8981291.210615951567888 ], [ 773810.546233312576078, 8981291.209999930113554 ], [ 773810.476058054016903, 8981291.211847804486752 ], [ 773810.405990873230621, 8981291.216157298535109 ], [ 773810.336118092760444, 8981291.222923101857305 ], [ 773810.266525795450434, 8981291.232136880978942 ], [ 773810.197299718856812, 8981291.243787283077836 ], [ 773810.128525148960762, 8981291.257859954610467 ], [ 773810.060286815743893, 8981291.274337558075786 ], [ 773809.992668788763694, 8981291.293199794366956 ], [ 773809.925754372845404, 8981291.314423425123096 ], [ 773809.85962600633502, 8981291.3379823025316 ], [ 773809.794365159119479, 8981291.363847402855754 ], [ 773809.730052232276648, 8981291.391986858099699 ], [ 773809.66676645888947, 8981291.422366004437208 ], [ 773809.604585806839168, 8981291.454947410151362 ], [ 773809.543586882413365, 8981291.489690938964486 ], [ 773809.483844836009666, 8981291.526553785428405 ], [ 773809.425433269585483, 8981291.56549053452909 ], [ 773809.368424145737663, 8981291.606453217566013 ], [ 773809.31288769969251, 8981291.649391368031502 ], [ 773809.258892351877876, 8981291.694252084940672 ], [ 773809.206504624569789, 8981291.740980101749301 ], [ 773809.155789058888331, 8981291.789517849683762 ], [ 773809.106808136450127, 8981291.839805530384183 ], [ 773809.059622201370075, 8981291.891781188547611 ], [ 773809.014289386454038, 8981291.945380792021751 ], [ 773808.970865541719832, 8981292.000538304448128 ], [ 773808.929404165013693, 8981292.057185774669051 ], [ 773808.889956336584873, 8981292.115253411233425 ], [ 773808.852570655988529, 8981292.174669675529003 ], [ 773808.81729318224825, 8981292.23536136560142 ], [ 773808.784167376928963, 8981292.297253713011742 ], [ 773808.753234050935134, 8981292.360270462930202 ], [ 773808.724531314102933, 8981292.424333982169628 ], [ 773808.698094527819194, 8981292.489365343004465 ], [ 773808.673956262296997, 8981292.555284427478909 ], [ 773808.652146255597472, 8981292.622010024264455 ], [ 773808.632691377773881, 8981292.68945992551744 ], [ 773808.615615596878342, 8981292.757551036775112 ], [ 773808.600939950440079, 8981292.826199466362596 ], [ 773808.588682518573478, 8981292.895320640876889 ], [ 773808.578858402557671, 8981292.964829405769706 ], [ 773808.571479705628008, 8981293.034640124067664 ], [ 773808.566555518191308, 8981293.104666789993644 ], [ 773808.564091906882823, 8981293.174823131412268 ], [ 773808.564091906882823, 8981293.245022714138031 ], [ 773808.566555518191308, 8981293.315179055556655 ], [ 773808.571479705628008, 8981293.385205721482635 ], [ 773808.578858402557671, 8981293.455016439780593 ], [ 773808.588682518573478, 8981293.524525204673409 ], [ 773808.600939950440079, 8981293.593646379187703 ], [ 773808.615615596878342, 8981293.662294808775187 ], [ 773808.632691377773881, 8981293.730385920032859 ], [ 773808.652146255597472, 8981293.797835821285844 ], [ 773808.673956262296997, 8981293.864561418071389 ], [ 773808.698094527819194, 8981293.930480502545834 ], [ 773808.724531314102933, 8981293.995511863380671 ], [ 773808.753234050935134, 8981294.059575382620096 ], [ 773808.784167376928963, 8981294.122592132538557 ], [ 773808.81729318224825, 8981294.184484479948878 ], [ 773808.852570655988529, 8981294.245176170021296 ], [ 773808.889956336584873, 8981294.304592434316874 ], [ 773808.929404165013693, 8981294.362660070881248 ], [ 773808.970865541719832, 8981294.419307541102171 ], [ 773809.014289386454038, 8981294.474465053528547 ], [ 773809.059622201370075, 8981294.528064657002687 ], [ 773809.106808136450127, 8981294.580040315166116 ], [ 773809.155789058888331, 8981294.630327995866537 ], [ 773809.206504624569789, 8981294.678865743800998 ], [ 773809.258892351877876, 8981294.725593760609627 ], [ 773809.31288769969251, 8981294.770454477518797 ], [ 773809.368424145737663, 8981294.813392627984285 ], [ 773809.425433269585483, 8981294.854355311021209 ], [ 773809.483844836009666, 8981294.893292060121894 ], [ 773809.543586882413365, 8981294.930154906585813 ], [ 773809.604585806839168, 8981294.964898435398936 ], [ 773809.66676645888947, 8981294.997479841113091 ], [ 773809.730052232276648, 8981295.0278589874506 ], [ 773809.794365159119479, 8981295.055998442694545 ], [ 773809.85962600633502, 8981295.081863543018699 ], [ 773809.925754372845404, 8981295.105422420427203 ], [ 773809.992668788763694, 8981295.126646051183343 ], [ 773810.060286815743893, 8981295.145508287474513 ], [ 773810.128525148960762, 8981295.161985890939832 ], [ 773810.197299718856812, 8981295.176058562472463 ], [ 773810.266525795450434, 8981295.187708964571357 ], [ 773810.336118092760444, 8981295.196922743692994 ], [ 773810.405990873230621, 8981295.20368854701519 ], [ 773810.476058054016903, 8981295.207998041063547 ], [ 773810.546233312576078, 8981295.209845915436745 ], [ 773810.616430193418637, 8981295.20922989398241 ], [ 773810.686562214163132, 8981295.206150736659765 ], [ 773810.756542972638272, 8981295.200612233951688 ], [ 773810.826286252704449, 8981295.19262121245265 ], [ 773810.895706131123006, 8981295.182187514379621 ], [ 773810.964717082912102, 8981295.169323997572064 ], [ 773811.033234086818993, 8981295.154046505689621 ], [ 773811.101172730210237, 8981295.136373864486814 ], [ 773811.168449313030578, 8981295.116327842697501 ], [ 773811.234980950830504, 8981295.093933138996363 ], [ 773811.300685676978901, 8981295.069217344745994 ], [ 773811.36548254347872, 8981295.042210908606648 ], [ 773811.42929172096774, 8981295.012947101145983 ], [ 773811.492034596740268, 8981294.981461975723505 ], [ 773811.553633871953934, 8981294.947794321924448 ], [ 773811.614013656508178, 8981294.911985620856285 ], [ 773811.673099562874995, 8981294.87407998368144 ], [ 773811.730818797484972, 8981294.834124114364386 ], [ 773811.787100250367075, 8981294.79216723702848 ], [ 773811.841874583158642, 8981294.748261040076613 ], [ 773811.895074314088561, 8981294.702459620311856 ], [ 773811.946633901330642, 8981294.654819400981069 ], [ 773811.996489823795855, 8981294.605399074032903 ], [ 773812.044580659130588, 8981294.554259529337287 ], [ 773812.090847159619443, 8981294.501463767141104 ], [ 773812.13523232517764, 8981294.447076832875609 ], [ 773812.177681473549455, 8981294.391165731474757 ], [ 773812.218142307596281, 8981294.333799343556166 ], [ 773812.256564979557879, 8981294.275048343464732 ], [ 773812.29290215310175, 8981294.214985115453601 ], [ 773812.327109060948715, 8981294.15368365496397 ], [ 773812.359143560286611, 8981294.091219486668706 ], [ 773812.388966184691526, 8981294.027669563889503 ], [ 773812.416540193022229, 8981293.963112182915211 ], [ 773812.441831614007242, 8981293.89762687496841 ], [ 773812.464809288969263, 8981293.831294318661094 ], [ 773812.4854449093109, 8981293.764196235686541 ], [ 773812.50371305225417, 8981293.696415290236473 ], [ 773812.519591211341321, 8981293.628034988418221 ], [ 773812.53305982472375, 8981293.55913957580924 ], [ 773812.544102299376391, 8981293.489813927561045 ], [ 773812.552705030771904, 8981293.420143457129598 ], [ 773812.558857420575805, 8981293.350213995203376 ], [ 773812.562551888870075, 8981293.280111694708467 ], [ 773812.563783884281293, 8981293.209922922775149 ] ] ] ] } },
{ "type": "Feature", "properties": { "LAYER": "MBox", "GM_TYPE": "Unknown Area Type", "ELEVATION": null, "path": "D:/TGS GEOJSON/add data baru/Oebaba add/09_oe_ar_mbox.geojson" }, "geometry": { "type": "MultiPolygon", "coordinates": [ [ [ [ 774026.848974477266893, 8982144.943452030420303 ], [ 774026.847742481855676, 8982144.873263258486986 ], [ 774026.844048013561405, 8982144.803160957992077 ], [ 774026.837895623757504, 8982144.733231496065855 ], [ 774026.829292892361991, 8982144.663561025634408 ], [ 774026.818250417709351, 8982144.594235377386212 ], [ 774026.804781804326922, 8982144.525339964777231 ], [ 774026.78890364523977, 8982144.45695966295898 ], [ 774026.7706355022965, 8982144.389178717508912 ], [ 774026.749999881954864, 8982144.322080634534359 ], [ 774026.727022206992842, 8982144.255748078227043 ], [ 774026.701730786007829, 8982144.190262770280242 ], [ 774026.674156777677126, 8982144.125705389305949 ], [ 774026.644334153272212, 8982144.062155466526747 ], [ 774026.612299653934315, 8982143.999691298231483 ], [ 774026.57809274608735, 8982143.938389837741852 ], [ 774026.54175557254348, 8982143.878326609730721 ], [ 774026.503332900581881, 8982143.819575609639287 ], [ 774026.462872066535056, 8982143.762209221720695 ], [ 774026.42042291816324, 8982143.706298120319843 ], [ 774026.376037752605043, 8982143.651911186054349 ], [ 774026.329771252116188, 8982143.599115423858166 ], [ 774026.281680416781455, 8982143.54797587916255 ], [ 774026.231824494316243, 8982143.498555552214384 ], [ 774026.180264907074161, 8982143.450915332883596 ], [ 774026.127065176144242, 8982143.405113913118839 ], [ 774026.072290843352675, 8982143.361207716166973 ], [ 774026.016009390470572, 8982143.319250838831067 ], [ 774025.958290155860595, 8982143.279294969514012 ], [ 774025.899204249493778, 8982143.241389332339168 ], [ 774025.838824464939535, 8982143.205580631271005 ], [ 774025.777225189725868, 8982143.171912977471948 ], [ 774025.71448231395334, 8982143.14042785204947 ], [ 774025.65067313646432, 8982143.111164044588804 ], [ 774025.585876269964501, 8982143.084157608449459 ], [ 774025.520171543816105, 8982143.05944181419909 ], [ 774025.453639906016178, 8982143.037047110497952 ], [ 774025.386363323195837, 8982143.017001088708639 ], [ 774025.318424679804593, 8982142.999328447505832 ], [ 774025.249907675897703, 8982142.984050955623388 ], [ 774025.180896724108607, 8982142.971187438815832 ], [ 774025.111476845690049, 8982142.960753740742803 ], [ 774025.041733565623872, 8982142.952762719243765 ], [ 774024.971752807148732, 8982142.947224216535687 ], [ 774024.901620786404237, 8982142.944145059213042 ], [ 774024.831423905561678, 8982142.943529037758708 ], [ 774024.761248647002503, 8982142.945376912131906 ], [ 774024.691181466216221, 8982142.949686406180263 ], [ 774024.621308685746044, 8982142.956452209502459 ], [ 774024.551716388436034, 8982142.965665988624096 ], [ 774024.482490311842412, 8982142.97731639072299 ], [ 774024.413715741946362, 8982142.991389062255621 ], [ 774024.345477408729494, 8982143.00786666572094 ], [ 774024.277859381749295, 8982143.02672890201211 ], [ 774024.210944965831004, 8982143.04795253276825 ], [ 774024.14481659932062, 8982143.071511410176754 ], [ 774024.07955575210508, 8982143.097376510500908 ], [ 774024.015242825262249, 8982143.125515965744853 ], [ 774023.95195705187507, 8982143.155895112082362 ], [ 774023.889776399824768, 8982143.188476517796516 ], [ 774023.828777475398965, 8982143.22322004660964 ], [ 774023.769035428995267, 8982143.260082893073559 ], [ 774023.710623862571083, 8982143.299019642174244 ], [ 774023.653614738723263, 8982143.339982325211167 ], [ 774023.59807829267811, 8982143.382920475676656 ], [ 774023.544082944863476, 8982143.427781192585826 ], [ 774023.491695217555389, 8982143.474509209394455 ], [ 774023.440979651873931, 8982143.523046957328916 ], [ 774023.391998729435727, 8982143.573334638029337 ], [ 774023.344812794355676, 8982143.625310296192765 ], [ 774023.299479979439639, 8982143.678909899666905 ], [ 774023.256056134705432, 8982143.734067412093282 ], [ 774023.214594757999294, 8982143.790714882314205 ], [ 774023.175146929570474, 8982143.848782518878579 ], [ 774023.13776124897413, 8982143.908198783174157 ], [ 774023.10248377523385, 8982143.968890473246574 ], [ 774023.069357969914563, 8982144.030782820656896 ], [ 774023.038424643920735, 8982144.093799570575356 ], [ 774023.009721907088533, 8982144.157863089814782 ], [ 774022.983285120804794, 8982144.222894450649619 ], [ 774022.959146855282597, 8982144.288813535124063 ], [ 774022.937336848583072, 8982144.355539131909609 ], [ 774022.917881970759481, 8982144.422989033162594 ], [ 774022.900806189863943, 8982144.491080144420266 ], [ 774022.886130543425679, 8982144.55972857400775 ], [ 774022.873873111559078, 8982144.628849748522043 ], [ 774022.864048995543271, 8982144.69835851341486 ], [ 774022.856670298613608, 8982144.768169231712818 ], [ 774022.851746111176908, 8982144.838195897638798 ], [ 774022.849282499868423, 8982144.908352239057422 ], [ 774022.849282499868423, 8982144.978551821783185 ], [ 774022.851746111176908, 8982145.048708163201809 ], [ 774022.856670298613608, 8982145.118734829127789 ], [ 774022.864048995543271, 8982145.188545547425747 ], [ 774022.873873111559078, 8982145.258054312318563 ], [ 774022.886130543425679, 8982145.327175486832857 ], [ 774022.900806189863943, 8982145.395823916420341 ], [ 774022.917881970759481, 8982145.463915027678013 ], [ 774022.937336848583072, 8982145.531364928930998 ], [ 774022.959146855282597, 8982145.598090525716543 ], [ 774022.983285120804794, 8982145.664009610190988 ], [ 774023.009721907088533, 8982145.729040971025825 ], [ 774023.038424643920735, 8982145.79310449026525 ], [ 774023.069357969914563, 8982145.856121240183711 ], [ 774023.10248377523385, 8982145.918013587594032 ], [ 774023.13776124897413, 8982145.97870527766645 ], [ 774023.175146929570474, 8982146.038121541962028 ], [ 774023.214594757999294, 8982146.096189178526402 ], [ 774023.256056134705432, 8982146.152836648747325 ], [ 774023.299479979439639, 8982146.207994161173701 ], [ 774023.344812794355676, 8982146.261593764647841 ], [ 774023.391998729435727, 8982146.31356942281127 ], [ 774023.440979651873931, 8982146.363857103511691 ], [ 774023.491695217555389, 8982146.412394851446152 ], [ 774023.544082944863476, 8982146.459122868254781 ], [ 774023.59807829267811, 8982146.503983585163951 ], [ 774023.653614738723263, 8982146.546921735629439 ], [ 774023.710623862571083, 8982146.587884418666363 ], [ 774023.769035428995267, 8982146.626821167767048 ], [ 774023.828777475398965, 8982146.663684014230967 ], [ 774023.889776399824768, 8982146.69842754304409 ], [ 774023.95195705187507, 8982146.731008948758245 ], [ 774024.015242825262249, 8982146.761388095095754 ], [ 774024.07955575210508, 8982146.789527550339699 ], [ 774024.14481659932062, 8982146.815392650663853 ], [ 774024.210944965831004, 8982146.838951528072357 ], [ 774024.277859381749295, 8982146.860175158828497 ], [ 774024.345477408729494, 8982146.879037395119667 ], [ 774024.413715741946362, 8982146.895514998584986 ], [ 774024.482490311842412, 8982146.909587670117617 ], [ 774024.551716388436034, 8982146.921238072216511 ], [ 774024.621308685746044, 8982146.930451851338148 ], [ 774024.691181466216221, 8982146.937217654660344 ], [ 774024.761248647002503, 8982146.941527148708701 ], [ 774024.831423905561678, 8982146.943375023081899 ], [ 774024.901620786404237, 8982146.942759001627564 ], [ 774024.971752807148732, 8982146.939679844304919 ], [ 774025.041733565623872, 8982146.934141341596842 ], [ 774025.111476845690049, 8982146.926150320097804 ], [ 774025.180896724108607, 8982146.915716622024775 ], [ 774025.249907675897703, 8982146.902853105217218 ], [ 774025.318424679804593, 8982146.887575613334775 ], [ 774025.386363323195837, 8982146.869902972131968 ], [ 774025.453639906016178, 8982146.849856950342655 ], [ 774025.520171543816105, 8982146.827462246641517 ], [ 774025.585876269964501, 8982146.802746452391148 ], [ 774025.65067313646432, 8982146.775740016251802 ], [ 774025.71448231395334, 8982146.746476208791137 ], [ 774025.777225189725868, 8982146.714991083368659 ], [ 774025.838824464939535, 8982146.681323429569602 ], [ 774025.899204249493778, 8982146.645514728501439 ], [ 774025.958290155860595, 8982146.607609091326594 ], [ 774026.016009390470572, 8982146.56765322200954 ], [ 774026.072290843352675, 8982146.525696344673634 ], [ 774026.127065176144242, 8982146.481790147721767 ], [ 774026.180264907074161, 8982146.43598872795701 ], [ 774026.231824494316243, 8982146.388348508626223 ], [ 774026.281680416781455, 8982146.338928181678057 ], [ 774026.329771252116188, 8982146.287788636982441 ], [ 774026.376037752605043, 8982146.234992874786258 ], [ 774026.42042291816324, 8982146.180605940520763 ], [ 774026.462872066535056, 8982146.124694839119911 ], [ 774026.503332900581881, 8982146.06732845120132 ], [ 774026.54175557254348, 8982146.008577451109886 ], [ 774026.57809274608735, 8982145.948514223098755 ], [ 774026.612299653934315, 8982145.887212762609124 ], [ 774026.644334153272212, 8982145.82474859431386 ], [ 774026.674156777677126, 8982145.761198671534657 ], [ 774026.701730786007829, 8982145.696641290560365 ], [ 774026.727022206992842, 8982145.631155982613564 ], [ 774026.749999881954864, 8982145.564823426306248 ], [ 774026.7706355022965, 8982145.497725343331695 ], [ 774026.78890364523977, 8982145.429944397881627 ], [ 774026.804781804326922, 8982145.361564096063375 ], [ 774026.818250417709351, 8982145.292668683454394 ], [ 774026.829292892361991, 8982145.223343035206199 ], [ 774026.837895623757504, 8982145.153672564774752 ], [ 774026.844048013561405, 8982145.08374310284853 ], [ 774026.847742481855676, 8982145.013640802353621 ], [ 774026.848974477266893, 8982144.943452030420303 ] ] ] ] } },
{ "type": "Feature", "properties": { "LAYER": "MBox", "GM_TYPE": "Unknown Area Type", "ELEVATION": null, "path": "D:/TGS GEOJSON/add data baru/Oebaba add/09_oe_ar_mbox.geojson" }, "geometry": { "type": "MultiPolygon", "coordinates": [ [ [ [ 774104.880490718409419, 8981790.296320013701916 ], [ 774104.879258722998202, 8981790.226131241768599 ], [ 774104.875564254703932, 8981790.156028941273689 ], [ 774104.86941186490003, 8981790.086099479347467 ], [ 774104.860809133504517, 8981790.01642900891602 ], [ 774104.849766658851877, 8981789.947103360667825 ], [ 774104.836298045469448, 8981789.878207948058844 ], [ 774104.820419886382297, 8981789.809827646240592 ], [ 774104.802151743439026, 8981789.742046700790524 ], [ 774104.78151612309739, 8981789.674948617815971 ], [ 774104.758538448135369, 8981789.608616061508656 ], [ 774104.733247027150355, 8981789.543130753561854 ], [ 774104.705673018819652, 8981789.478573372587562 ], [ 774104.675850394414738, 8981789.415023449808359 ], [ 774104.643815895076841, 8981789.352559281513095 ], [ 774104.609608987229876, 8981789.291257821023464 ], [ 774104.573271813686006, 8981789.231194593012333 ], [ 774104.534849141724408, 8981789.172443592920899 ], [ 774104.494388307677582, 8981789.115077205002308 ], [ 774104.451939159305766, 8981789.059166103601456 ], [ 774104.40755399374757, 8981789.004779169335961 ], [ 774104.361287493258715, 8981788.951983407139778 ], [ 774104.313196657923982, 8981788.900843862444162 ], [ 774104.263340735458769, 8981788.851423535495996 ], [ 774104.211781148216687, 8981788.803783316165209 ], [ 774104.158581417286769, 8981788.757981896400452 ], [ 774104.103807084495202, 8981788.714075699448586 ], [ 774104.047525631613098, 8981788.672118822112679 ], [ 774103.989806397003122, 8981788.632162952795625 ], [ 774103.930720490636304, 8981788.59425731562078 ], [ 774103.870340706082061, 8981788.558448614552617 ], [ 774103.808741430868395, 8981788.52478096075356 ], [ 774103.745998555095866, 8981788.493295835331082 ], [ 774103.682189377606846, 8981788.464032027870417 ], [ 774103.617392511107028, 8981788.437025591731071 ], [ 774103.551687784958631, 8981788.412309797480702 ], [ 774103.485156147158705, 8981788.389915093779564 ], [ 774103.417879564338364, 8981788.369869071990252 ], [ 774103.34994092094712, 8981788.352196430787444 ], [ 774103.281423917040229, 8981788.336918938905001 ], [ 774103.212412965251133, 8981788.324055422097445 ], [ 774103.142993086832576, 8981788.313621724024415 ], [ 774103.073249806766398, 8981788.305630702525377 ], [ 774103.003269048291259, 8981788.3000921998173 ], [ 774102.933137027546763, 8981788.297013042494655 ], [ 774102.862940146704204, 8981788.29639702104032 ], [ 774102.79276488814503, 8981788.298244895413518 ], [ 774102.722697707358748, 8981788.302554389461875 ], [ 774102.65282492688857, 8981788.309320192784071 ], [ 774102.583232629578561, 8981788.318533971905708 ], [ 774102.514006552984938, 8981788.330184374004602 ], [ 774102.445231983088888, 8981788.344257045537233 ], [ 774102.37699364987202, 8981788.360734649002552 ], [ 774102.309375622891821, 8981788.379596885293722 ], [ 774102.24246120697353, 8981788.400820516049862 ], [ 774102.176332840463147, 8981788.424379393458366 ], [ 774102.111071993247606, 8981788.45024449378252 ], [ 774102.046759066404775, 8981788.478383949026465 ], [ 774101.983473293017596, 8981788.508763095363975 ], [ 774101.921292640967295, 8981788.541344501078129 ], [ 774101.860293716541491, 8981788.576088029891253 ], [ 774101.800551670137793, 8981788.612950876355171 ], [ 774101.742140103713609, 8981788.651887625455856 ], [ 774101.685130979865789, 8981788.69285030849278 ], [ 774101.629594533820637, 8981788.735788458958268 ], [ 774101.575599186006002, 8981788.780649175867438 ], [ 774101.523211458697915, 8981788.827377192676067 ], [ 774101.472495893016458, 8981788.875914940610528 ], [ 774101.423514970578253, 8981788.926202621310949 ], [ 774101.376329035498202, 8981788.978178279474378 ], [ 774101.330996220582165, 8981789.031777882948518 ], [ 774101.287572375847958, 8981789.086935395374894 ], [ 774101.24611099914182, 8981789.143582865595818 ], [ 774101.206663170713, 8981789.201650502160192 ], [ 774101.169277490116656, 8981789.26106676645577 ], [ 774101.134000016376376, 8981789.321758456528187 ], [ 774101.100874211057089, 8981789.383650803938508 ], [ 774101.069940885063261, 8981789.446667553856969 ], [ 774101.041238148231059, 8981789.510731073096395 ], [ 774101.01480136194732, 8981789.575762433931231 ], [ 774100.990663096425124, 8981789.641681518405676 ], [ 774100.968853089725599, 8981789.708407115191221 ], [ 774100.949398211902007, 8981789.775857016444206 ], [ 774100.932322431006469, 8981789.843948127701879 ], [ 774100.917646784568205, 8981789.912596557289362 ], [ 774100.905389352701604, 8981789.981717731803656 ], [ 774100.895565236685798, 8981790.051226496696472 ], [ 774100.888186539756134, 8981790.121037214994431 ], [ 774100.883262352319434, 8981790.19106388092041 ], [ 774100.880798741010949, 8981790.261220222339034 ], [ 774100.880798741010949, 8981790.331419805064797 ], [ 774100.883262352319434, 8981790.401576146483421 ], [ 774100.888186539756134, 8981790.471602812409401 ], [ 774100.895565236685798, 8981790.541413530707359 ], [ 774100.905389352701604, 8981790.610922295600176 ], [ 774100.917646784568205, 8981790.68004347011447 ], [ 774100.932322431006469, 8981790.748691899701953 ], [ 774100.949398211902007, 8981790.816783010959625 ], [ 774100.968853089725599, 8981790.88423291221261 ], [ 774100.990663096425124, 8981790.950958508998156 ], [ 774101.01480136194732, 8981791.0168775934726 ], [ 774101.041238148231059, 8981791.081908954307437 ], [ 774101.069940885063261, 8981791.145972473546863 ], [ 774101.100874211057089, 8981791.208989223465323 ], [ 774101.134000016376376, 8981791.270881570875645 ], [ 774101.169277490116656, 8981791.331573260948062 ], [ 774101.206663170713, 8981791.39098952524364 ], [ 774101.24611099914182, 8981791.449057161808014 ], [ 774101.287572375847958, 8981791.505704632028937 ], [ 774101.330996220582165, 8981791.560862144455314 ], [ 774101.376329035498202, 8981791.614461747929454 ], [ 774101.423514970578253, 8981791.666437406092882 ], [ 774101.472495893016458, 8981791.716725086793303 ], [ 774101.523211458697915, 8981791.765262834727764 ], [ 774101.575599186006002, 8981791.811990851536393 ], [ 774101.629594533820637, 8981791.856851568445563 ], [ 774101.685130979865789, 8981791.899789718911052 ], [ 774101.742140103713609, 8981791.940752401947975 ], [ 774101.800551670137793, 8981791.97968915104866 ], [ 774101.860293716541491, 8981792.016551997512579 ], [ 774101.921292640967295, 8981792.051295526325703 ], [ 774101.983473293017596, 8981792.083876932039857 ], [ 774102.046759066404775, 8981792.114256078377366 ], [ 774102.111071993247606, 8981792.142395533621311 ], [ 774102.176332840463147, 8981792.168260633945465 ], [ 774102.24246120697353, 8981792.19181951135397 ], [ 774102.309375622891821, 8981792.213043142110109 ], [ 774102.37699364987202, 8981792.231905378401279 ], [ 774102.445231983088888, 8981792.248382981866598 ], [ 774102.514006552984938, 8981792.262455653399229 ], [ 774102.583232629578561, 8981792.274106055498123 ], [ 774102.65282492688857, 8981792.283319834619761 ], [ 774102.722697707358748, 8981792.290085637941957 ], [ 774102.79276488814503, 8981792.294395131990314 ], [ 774102.862940146704204, 8981792.296243006363511 ], [ 774102.933137027546763, 8981792.295626984909177 ], [ 774103.003269048291259, 8981792.292547827586532 ], [ 774103.073249806766398, 8981792.287009324878454 ], [ 774103.142993086832576, 8981792.279018303379416 ], [ 774103.212412965251133, 8981792.268584605306387 ], [ 774103.281423917040229, 8981792.255721088498831 ], [ 774103.34994092094712, 8981792.240443596616387 ], [ 774103.417879564338364, 8981792.22277095541358 ], [ 774103.485156147158705, 8981792.202724933624268 ], [ 774103.551687784958631, 8981792.180330229923129 ], [ 774103.617392511107028, 8981792.15561443567276 ], [ 774103.682189377606846, 8981792.128607999533415 ], [ 774103.745998555095866, 8981792.099344192072749 ], [ 774103.808741430868395, 8981792.067859066650271 ], [ 774103.870340706082061, 8981792.034191412851214 ], [ 774103.930720490636304, 8981791.998382711783051 ], [ 774103.989806397003122, 8981791.960477074608207 ], [ 774104.047525631613098, 8981791.920521205291152 ], [ 774104.103807084495202, 8981791.878564327955246 ], [ 774104.158581417286769, 8981791.83465813100338 ], [ 774104.211781148216687, 8981791.788856711238623 ], [ 774104.263340735458769, 8981791.741216491907835 ], [ 774104.313196657923982, 8981791.691796164959669 ], [ 774104.361287493258715, 8981791.640656620264053 ], [ 774104.40755399374757, 8981791.58786085806787 ], [ 774104.451939159305766, 8981791.533473923802376 ], [ 774104.494388307677582, 8981791.477562822401524 ], [ 774104.534849141724408, 8981791.420196434482932 ], [ 774104.573271813686006, 8981791.361445434391499 ], [ 774104.609608987229876, 8981791.301382206380367 ], [ 774104.643815895076841, 8981791.240080745890737 ], [ 774104.675850394414738, 8981791.177616577595472 ], [ 774104.705673018819652, 8981791.11406665481627 ], [ 774104.733247027150355, 8981791.049509273841977 ], [ 774104.758538448135369, 8981790.984023965895176 ], [ 774104.78151612309739, 8981790.91769140958786 ], [ 774104.802151743439026, 8981790.850593326613307 ], [ 774104.820419886382297, 8981790.782812381163239 ], [ 774104.836298045469448, 8981790.714432079344988 ], [ 774104.849766658851877, 8981790.645536666736007 ], [ 774104.860809133504517, 8981790.576211018487811 ], [ 774104.86941186490003, 8981790.506540548056364 ], [ 774104.875564254703932, 8981790.436611086130142 ], [ 774104.879258722998202, 8981790.366508785635233 ], [ 774104.880490718409419, 8981790.296320013701916 ] ] ] ] } },
{ "type": "Feature", "properties": { "LAYER": "MBox", "GM_TYPE": "Unknown Area Type", "ELEVATION": null, "path": "D:/TGS GEOJSON/add data baru/Oebaba add/09_oe_ar_mbox.geojson" }, "geometry": { "type": "MultiPolygon", "coordinates": [ [ [ [ 774171.104946317384019, 8981485.668534411117435 ], [ 774171.103714321972802, 8981485.598345639184117 ], [ 774171.100019853678532, 8981485.528243338689208 ], [ 774171.093867463874631, 8981485.458313876762986 ], [ 774171.085264732479118, 8981485.388643406331539 ], [ 774171.074222257826477, 8981485.319317758083344 ], [ 774171.060753644444048, 8981485.250422345474362 ], [ 774171.044875485356897, 8981485.182042043656111 ], [ 774171.026607342413627, 8981485.114261098206043 ], [ 774171.00597172207199, 8981485.04716301523149 ], [ 774170.982994047109969, 8981484.980830458924174 ], [ 774170.957702626124956, 8981484.915345150977373 ], [ 774170.930128617794253, 8981484.85078777000308 ], [ 774170.900305993389338, 8981484.787237847223878 ], [ 774170.868271494051442, 8981484.724773678928614 ], [ 774170.834064586204477, 8981484.663472218438983 ], [ 774170.797727412660606, 8981484.603408990427852 ], [ 774170.759304740699008, 8981484.544657990336418 ], [ 774170.718843906652182, 8981484.487291602417827 ], [ 774170.676394758280367, 8981484.431380501016974 ], [ 774170.63200959272217, 8981484.37699356675148 ], [ 774170.585743092233315, 8981484.324197804555297 ], [ 774170.537652256898582, 8981484.273058259859681 ], [ 774170.487796334433369, 8981484.223637932911515 ], [ 774170.436236747191288, 8981484.175997713580728 ], [ 774170.383037016261369, 8981484.13019629381597 ], [ 774170.328262683469802, 8981484.086290096864104 ], [ 774170.271981230587699, 8981484.044333219528198 ], [ 774170.214261995977722, 8981484.004377350211143 ], [ 774170.155176089610904, 8981483.966471713036299 ], [ 774170.094796305056661, 8981483.930663011968136 ], [ 774170.033197029842995, 8981483.896995358169079 ], [ 774169.970454154070467, 8981483.865510232746601 ], [ 774169.906644976581447, 8981483.836246425285935 ], [ 774169.841848110081628, 8981483.80923998914659 ], [ 774169.776143383933231, 8981483.784524194896221 ], [ 774169.709611746133305, 8981483.762129491195083 ], [ 774169.642335163312964, 8981483.74208346940577 ], [ 774169.57439651992172, 8981483.724410828202963 ], [ 774169.505879516014829, 8981483.709133336320519 ], [ 774169.436868564225733, 8981483.696269819512963 ], [ 774169.367448685807176, 8981483.685836121439934 ], [ 774169.297705405740999, 8981483.677845099940896 ], [ 774169.227724647265859, 8981483.672306597232819 ], [ 774169.157592626521364, 8981483.669227439910173 ], [ 774169.087395745678805, 8981483.668611418455839 ], [ 774169.01722048711963, 8981483.670459292829037 ], [ 774168.947153306333348, 8981483.674768786877394 ], [ 774168.877280525863171, 8981483.68153459019959 ], [ 774168.807688228553161, 8981483.690748369321227 ], [ 774168.738462151959538, 8981483.702398771420121 ], [ 774168.669687582063489, 8981483.716471442952752 ], [ 774168.60144924884662, 8981483.732949046418071 ], [ 774168.533831221866421, 8981483.751811282709241 ], [ 774168.466916805948131, 8981483.773034913465381 ], [ 774168.400788439437747, 8981483.796593790873885 ], [ 774168.335527592222206, 8981483.822458891198039 ], [ 774168.271214665379375, 8981483.850598346441984 ], [ 774168.207928891992196, 8981483.880977492779493 ], [ 774168.145748239941895, 8981483.913558898493648 ], [ 774168.084749315516092, 8981483.948302427306771 ], [ 774168.025007269112393, 8981483.98516527377069 ], [ 774167.96659570268821, 8981484.024102022871375 ], [ 774167.90958657884039, 8981484.065064705908298 ], [ 774167.854050132795237, 8981484.108002856373787 ], [ 774167.800054784980603, 8981484.152863573282957 ], [ 774167.747667057672516, 8981484.199591590091586 ], [ 774167.696951491991058, 8981484.248129338026047 ], [ 774167.647970569552854, 8981484.298417018726468 ], [ 774167.600784634472802, 8981484.350392676889896 ], [ 774167.555451819556765, 8981484.403992280364037 ], [ 774167.512027974822558, 8981484.459149792790413 ], [ 774167.47056659811642, 8981484.515797263011336 ], [ 774167.4311187696876, 8981484.57386489957571 ], [ 774167.393733089091256, 8981484.633281163871288 ], [ 774167.358455615350977, 8981484.693972853943706 ], [ 774167.32532981003169, 8981484.755865201354027 ], [ 774167.294396484037861, 8981484.818881951272488 ], [ 774167.26569374720566, 8981484.882945470511913 ], [ 774167.239256960921921, 8981484.94797683134675 ], [ 774167.215118695399724, 8981485.013895915821195 ], [ 774167.193308688700199, 8981485.08062151260674 ], [ 774167.173853810876608, 8981485.148071413859725 ], [ 774167.156778029981069, 8981485.216162525117397 ], [ 774167.142102383542806, 8981485.284810954704881 ], [ 774167.129844951676205, 8981485.353932129219174 ], [ 774167.120020835660398, 8981485.423440894111991 ], [ 774167.112642138730735, 8981485.493251612409949 ], [ 774167.107717951294035, 8981485.563278278335929 ], [ 774167.105254339985549, 8981485.633434619754553 ], [ 774167.105254339985549, 8981485.703634202480316 ], [ 774167.107717951294035, 8981485.77379054389894 ], [ 774167.112642138730735, 8981485.84381720982492 ], [ 774167.120020835660398, 8981485.913627928122878 ], [ 774167.129844951676205, 8981485.983136693015695 ], [ 774167.142102383542806, 8981486.052257867529988 ], [ 774167.156778029981069, 8981486.120906297117472 ], [ 774167.173853810876608, 8981486.188997408375144 ], [ 774167.193308688700199, 8981486.256447309628129 ], [ 774167.215118695399724, 8981486.323172906413674 ], [ 774167.239256960921921, 8981486.389091990888119 ], [ 774167.26569374720566, 8981486.454123351722956 ], [ 774167.294396484037861, 8981486.518186870962381 ], [ 774167.32532981003169, 8981486.581203620880842 ], [ 774167.358455615350977, 8981486.643095968291163 ], [ 774167.393733089091256, 8981486.703787658363581 ], [ 774167.4311187696876, 8981486.763203922659159 ], [ 774167.47056659811642, 8981486.821271559223533 ], [ 774167.512027974822558, 8981486.877919029444456 ], [ 774167.555451819556765, 8981486.933076541870832 ], [ 774167.600784634472802, 8981486.986676145344973 ], [ 774167.647970569552854, 8981487.038651803508401 ], [ 774167.696951491991058, 8981487.088939484208822 ], [ 774167.747667057672516, 8981487.137477232143283 ], [ 774167.800054784980603, 8981487.184205248951912 ], [ 774167.854050132795237, 8981487.229065965861082 ], [ 774167.90958657884039, 8981487.272004116326571 ], [ 774167.96659570268821, 8981487.312966799363494 ], [ 774168.025007269112393, 8981487.351903548464179 ], [ 774168.084749315516092, 8981487.388766394928098 ], [ 774168.145748239941895, 8981487.423509923741221 ], [ 774168.207928891992196, 8981487.456091329455376 ], [ 774168.271214665379375, 8981487.486470475792885 ], [ 774168.335527592222206, 8981487.51460993103683 ], [ 774168.400788439437747, 8981487.540475031360984 ], [ 774168.466916805948131, 8981487.564033908769488 ], [ 774168.533831221866421, 8981487.585257539525628 ], [ 774168.60144924884662, 8981487.604119775816798 ], [ 774168.669687582063489, 8981487.620597379282117 ], [ 774168.738462151959538, 8981487.634670050814748 ], [ 774168.807688228553161, 8981487.646320452913642 ], [ 774168.877280525863171, 8981487.655534232035279 ], [ 774168.947153306333348, 8981487.662300035357475 ], [ 774169.01722048711963, 8981487.666609529405832 ], [ 774169.087395745678805, 8981487.66845740377903 ], [ 774169.157592626521364, 8981487.667841382324696 ], [ 774169.227724647265859, 8981487.66476222500205 ], [ 774169.297705405740999, 8981487.659223722293973 ], [ 774169.367448685807176, 8981487.651232700794935 ], [ 774169.436868564225733, 8981487.640799002721906 ], [ 774169.505879516014829, 8981487.62793548591435 ], [ 774169.57439651992172, 8981487.612657994031906 ], [ 774169.642335163312964, 8981487.594985352829099 ], [ 774169.709611746133305, 8981487.574939331039786 ], [ 774169.776143383933231, 8981487.552544627338648 ], [ 774169.841848110081628, 8981487.527828833088279 ], [ 774169.906644976581447, 8981487.500822396948934 ], [ 774169.970454154070467, 8981487.471558589488268 ], [ 774170.033197029842995, 8981487.44007346406579 ], [ 774170.094796305056661, 8981487.406405810266733 ], [ 774170.155176089610904, 8981487.37059710919857 ], [ 774170.214261995977722, 8981487.332691472023726 ], [ 774170.271981230587699, 8981487.292735602706671 ], [ 774170.328262683469802, 8981487.250778725370765 ], [ 774170.383037016261369, 8981487.206872528418899 ], [ 774170.436236747191288, 8981487.161071108654141 ], [ 774170.487796334433369, 8981487.113430889323354 ], [ 774170.537652256898582, 8981487.064010562375188 ], [ 774170.585743092233315, 8981487.012871017679572 ], [ 774170.63200959272217, 8981486.960075255483389 ], [ 774170.676394758280367, 8981486.905688321217895 ], [ 774170.718843906652182, 8981486.849777219817042 ], [ 774170.759304740699008, 8981486.792410831898451 ], [ 774170.797727412660606, 8981486.733659831807017 ], [ 774170.834064586204477, 8981486.673596603795886 ], [ 774170.868271494051442, 8981486.612295143306255 ], [ 774170.900305993389338, 8981486.549830975010991 ], [ 774170.930128617794253, 8981486.486281052231789 ], [ 774170.957702626124956, 8981486.421723671257496 ], [ 774170.982994047109969, 8981486.356238363310695 ], [ 774171.00597172207199, 8981486.289905807003379 ], [ 774171.026607342413627, 8981486.222807724028826 ], [ 774171.044875485356897, 8981486.155026778578758 ], [ 774171.060753644444048, 8981486.086646476760507 ], [ 774171.074222257826477, 8981486.017751064151525 ], [ 774171.085264732479118, 8981485.94842541590333 ], [ 774171.093867463874631, 8981485.878754945471883 ], [ 774171.100019853678532, 8981485.808825483545661 ], [ 774171.103714321972802, 8981485.738723183050752 ], [ 774171.104946317384019, 8981485.668534411117435 ] ] ] ] } },
{ "type": "Feature", "properties": { "LAYER": "MBox", "GM_TYPE": "Unknown Area Type", "ELEVATION": null, "path": "D:/TGS GEOJSON/add data baru/Oebaba add/09_oe_ar_mbox.geojson" }, "geometry": { "type": "MultiPolygon", "coordinates": [ [ [ [ 774069.539748299866915, 8981228.874272026121616 ], [ 774069.538516304455698, 8981228.804083254188299 ], [ 774069.534821836161427, 8981228.73398095369339 ], [ 774069.528669446357526, 8981228.664051491767168 ], [ 774069.520066714962013, 8981228.594381021335721 ], [ 774069.509024240309373, 8981228.525055373087525 ], [ 774069.495555626926944, 8981228.456159960478544 ], [ 774069.479677467839792, 8981228.387779658660293 ], [ 774069.461409324896522, 8981228.319998713210225 ], [ 774069.440773704554886, 8981228.252900630235672 ], [ 774069.417796029592864, 8981228.186568073928356 ], [ 774069.392504608607851, 8981228.121082765981555 ], [ 774069.364930600277148, 8981228.056525385007262 ], [ 774069.335107975872234, 8981227.99297546222806 ], [ 774069.303073476534337, 8981227.930511293932796 ], [ 774069.268866568687372, 8981227.869209833443165 ], [ 774069.232529395143501, 8981227.809146605432034 ], [ 774069.194106723181903, 8981227.7503956053406 ], [ 774069.153645889135078, 8981227.693029217422009 ], [ 774069.111196740763262, 8981227.637118116021156 ], [ 774069.066811575205065, 8981227.582731181755662 ], [ 774069.02054507471621, 8981227.529935419559479 ], [ 774068.972454239381477, 8981227.478795874863863 ], [ 774068.922598316916265, 8981227.429375547915697 ], [ 774068.871038729674183, 8981227.381735328584909 ], [ 774068.817838998744264, 8981227.335933908820152 ], [ 774068.763064665952697, 8981227.292027711868286 ], [ 774068.706783213070594, 8981227.25007083453238 ], [ 774068.649063978460617, 8981227.210114965215325 ], [ 774068.5899780720938, 8981227.172209328040481 ], [ 774068.529598287539557, 8981227.136400626972318 ], [ 774068.46799901232589, 8981227.102732973173261 ], [ 774068.405256136553362, 8981227.071247847750783 ], [ 774068.341446959064342, 8981227.041984040290117 ], [ 774068.276650092564523, 8981227.014977604150772 ], [ 774068.210945366416126, 8981226.990261809900403 ], [ 774068.1444137286162, 8981226.967867106199265 ], [ 774068.077137145795859, 8981226.947821084409952 ], [ 774068.009198502404615, 8981226.930148443207145 ], [ 774067.940681498497725, 8981226.914870951324701 ], [ 774067.871670546708629, 8981226.902007434517145 ], [ 774067.802250668290071, 8981226.891573736444116 ], [ 774067.732507388223894, 8981226.883582714945078 ], [ 774067.662526629748754, 8981226.878044212237 ], [ 774067.592394609004259, 8981226.874965054914355 ], [ 774067.5221977281617, 8981226.874349033460021 ], [ 774067.452022469602525, 8981226.876196907833219 ], [ 774067.381955288816243, 8981226.880506401881576 ], [ 774067.312082508346066, 8981226.887272205203772 ], [ 774067.242490211036056, 8981226.896485984325409 ], [ 774067.173264134442434, 8981226.908136386424303 ], [ 774067.104489564546384, 8981226.922209057956934 ], [ 774067.036251231329516, 8981226.938686661422253 ], [ 774066.968633204349317, 8981226.957548897713423 ], [ 774066.901718788431026, 8981226.978772528469563 ], [ 774066.835590421920642, 8981227.002331405878067 ], [ 774066.770329574705102, 8981227.028196506202221 ], [ 774066.70601664786227, 8981227.056335961446166 ], [ 774066.642730874475092, 8981227.086715107783675 ], [ 774066.58055022242479, 8981227.119296513497829 ], [ 774066.519551297998987, 8981227.154040042310953 ], [ 774066.459809251595289, 8981227.190902888774872 ], [ 774066.401397685171105, 8981227.229839637875557 ], [ 774066.344388561323285, 8981227.27080232091248 ], [ 774066.288852115278132, 8981227.313740471377969 ], [ 774066.234856767463498, 8981227.358601188287139 ], [ 774066.182469040155411, 8981227.405329205095768 ], [ 774066.131753474473953, 8981227.453866953030229 ], [ 774066.082772552035749, 8981227.50415463373065 ], [ 774066.035586616955698, 8981227.556130291894078 ], [ 774065.990253802039661, 8981227.609729895368218 ], [ 774065.946829957305454, 8981227.664887407794595 ], [ 774065.905368580599315, 8981227.721534878015518 ], [ 774065.865920752170496, 8981227.779602514579892 ], [ 774065.828535071574152, 8981227.83901877887547 ], [ 774065.793257597833872, 8981227.899710468947887 ], [ 774065.760131792514585, 8981227.961602816358209 ], [ 774065.729198466520756, 8981228.02461956627667 ], [ 774065.700495729688555, 8981228.088683085516095 ], [ 774065.674058943404816, 8981228.153714446350932 ], [ 774065.649920677882619, 8981228.219633530825377 ], [ 774065.628110671183094, 8981228.286359127610922 ], [ 774065.608655793359503, 8981228.353809028863907 ], [ 774065.591580012463965, 8981228.421900140121579 ], [ 774065.576904366025701, 8981228.490548569709063 ], [ 774065.5646469341591, 8981228.559669744223356 ], [ 774065.554822818143293, 8981228.629178509116173 ], [ 774065.54744412121363, 8981228.698989227414131 ], [ 774065.54251993377693, 8981228.769015893340111 ], [ 774065.540056322468445, 8981228.839172234758735 ], [ 774065.540056322468445, 8981228.909371817484498 ], [ 774065.54251993377693, 8981228.979528158903122 ], [ 774065.54744412121363, 8981229.049554824829102 ], [ 774065.554822818143293, 8981229.11936554312706 ], [ 774065.5646469341591, 8981229.188874308019876 ], [ 774065.576904366025701, 8981229.25799548253417 ], [ 774065.591580012463965, 8981229.326643912121654 ], [ 774065.608655793359503, 8981229.394735023379326 ], [ 774065.628110671183094, 8981229.462184924632311 ], [ 774065.649920677882619, 8981229.528910521417856 ], [ 774065.674058943404816, 8981229.594829605892301 ], [ 774065.700495729688555, 8981229.659860966727138 ], [ 774065.729198466520756, 8981229.723924485966563 ], [ 774065.760131792514585, 8981229.786941235885024 ], [ 774065.793257597833872, 8981229.848833583295345 ], [ 774065.828535071574152, 8981229.909525273367763 ], [ 774065.865920752170496, 8981229.968941537663341 ], [ 774065.905368580599315, 8981230.027009174227715 ], [ 774065.946829957305454, 8981230.083656644448638 ], [ 774065.990253802039661, 8981230.138814156875014 ], [ 774066.035586616955698, 8981230.192413760349154 ], [ 774066.082772552035749, 8981230.244389418512583 ], [ 774066.131753474473953, 8981230.294677099213004 ], [ 774066.182469040155411, 8981230.343214847147465 ], [ 774066.234856767463498, 8981230.389942863956094 ], [ 774066.288852115278132, 8981230.434803580865264 ], [ 774066.344388561323285, 8981230.477741731330752 ], [ 774066.401397685171105, 8981230.518704414367676 ], [ 774066.459809251595289, 8981230.557641163468361 ], [ 774066.519551297998987, 8981230.59450400993228 ], [ 774066.58055022242479, 8981230.629247538745403 ], [ 774066.642730874475092, 8981230.661828944459558 ], [ 774066.70601664786227, 8981230.692208090797067 ], [ 774066.770329574705102, 8981230.720347546041012 ], [ 774066.835590421920642, 8981230.746212646365166 ], [ 774066.901718788431026, 8981230.76977152377367 ], [ 774066.968633204349317, 8981230.79099515452981 ], [ 774067.036251231329516, 8981230.80985739082098 ], [ 774067.104489564546384, 8981230.826334994286299 ], [ 774067.173264134442434, 8981230.84040766581893 ], [ 774067.242490211036056, 8981230.852058067917824 ], [ 774067.312082508346066, 8981230.861271847039461 ], [ 774067.381955288816243, 8981230.868037650361657 ], [ 774067.452022469602525, 8981230.872347144410014 ], [ 774067.5221977281617, 8981230.874195018783212 ], [ 774067.592394609004259, 8981230.873578997328877 ], [ 774067.662526629748754, 8981230.870499840006232 ], [ 774067.732507388223894, 8981230.864961337298155 ], [ 774067.802250668290071, 8981230.856970315799117 ], [ 774067.871670546708629, 8981230.846536617726088 ], [ 774067.940681498497725, 8981230.833673100918531 ], [ 774068.009198502404615, 8981230.818395609036088 ], [ 774068.077137145795859, 8981230.800722967833281 ], [ 774068.1444137286162, 8981230.780676946043968 ], [ 774068.210945366416126, 8981230.75828224234283 ], [ 774068.276650092564523, 8981230.733566448092461 ], [ 774068.341446959064342, 8981230.706560011953115 ], [ 774068.405256136553362, 8981230.67729620449245 ], [ 774068.46799901232589, 8981230.645811079069972 ], [ 774068.529598287539557, 8981230.612143425270915 ], [ 774068.5899780720938, 8981230.576334724202752 ], [ 774068.649063978460617, 8981230.538429087027907 ], [ 774068.706783213070594, 8981230.498473217710853 ], [ 774068.763064665952697, 8981230.456516340374947 ], [ 774068.817838998744264, 8981230.41261014342308 ], [ 774068.871038729674183, 8981230.366808723658323 ], [ 774068.922598316916265, 8981230.319168504327536 ], [ 774068.972454239381477, 8981230.26974817737937 ], [ 774069.02054507471621, 8981230.218608632683754 ], [ 774069.066811575205065, 8981230.165812870487571 ], [ 774069.111196740763262, 8981230.111425936222076 ], [ 774069.153645889135078, 8981230.055514834821224 ], [ 774069.194106723181903, 8981229.998148446902633 ], [ 774069.232529395143501, 8981229.939397446811199 ], [ 774069.268866568687372, 8981229.879334218800068 ], [ 774069.303073476534337, 8981229.818032758310437 ], [ 774069.335107975872234, 8981229.755568590015173 ], [ 774069.364930600277148, 8981229.69201866723597 ], [ 774069.392504608607851, 8981229.627461286261678 ], [ 774069.417796029592864, 8981229.561975978314877 ], [ 774069.440773704554886, 8981229.495643422007561 ], [ 774069.461409324896522, 8981229.428545339033008 ], [ 774069.479677467839792, 8981229.36076439358294 ], [ 774069.495555626926944, 8981229.292384091764688 ], [ 774069.509024240309373, 8981229.223488679155707 ], [ 774069.520066714962013, 8981229.154163030907512 ], [ 774069.528669446357526, 8981229.084492560476065 ], [ 774069.534821836161427, 8981229.014563098549843 ], [ 774069.538516304455698, 8981228.944460798054934 ], [ 774069.539748299866915, 8981228.874272026121616 ] ] ] ] } },
{ "type": "Feature", "properties": { "LAYER": "MBox", "GM_TYPE": "Unknown Area Type", "ELEVATION": null, "path": "D:/TGS GEOJSON/add data baru/Oebaba add/09_oe_ar_mbox.geojson" }, "geometry": { "type": "MultiPolygon", "coordinates": [ [ [ [ 774742.246590059949085, 8982613.854244196787477 ], [ 774742.245358064537868, 8982613.784055424854159 ], [ 774742.241663596243598, 8982613.71395312435925 ], [ 774742.235511206439696, 8982613.644023662433028 ], [ 774742.226908475044183, 8982613.574353192001581 ], [ 774742.215866000391543, 8982613.505027543753386 ], [ 774742.202397387009114, 8982613.436132131144404 ], [ 774742.186519227921963, 8982613.367751829326153 ], [ 774742.168251084978692, 8982613.299970883876085 ], [ 774742.147615464637056, 8982613.232872800901532 ], [ 774742.124637789675035, 8982613.166540244594216 ], [ 774742.099346368690021, 8982613.101054936647415 ], [ 774742.071772360359319, 8982613.036497555673122 ], [ 774742.041949735954404, 8982612.97294763289392 ], [ 774742.009915236616507, 8982612.910483464598656 ], [ 774741.975708328769542, 8982612.849182004109025 ], [ 774741.939371155225672, 8982612.789118776097894 ], [ 774741.900948483264074, 8982612.73036777600646 ], [ 774741.860487649217248, 8982612.673001388087869 ], [ 774741.818038500845432, 8982612.617090286687016 ], [ 774741.773653335287236, 8982612.562703352421522 ], [ 774741.727386834798381, 8982612.509907590225339 ], [ 774741.679295999463648, 8982612.458768045529723 ], [ 774741.629440076998435, 8982612.409347718581557 ], [ 774741.577880489756353, 8982612.36170749925077 ], [ 774741.524680758826435, 8982612.315906079486012 ], [ 774741.469906426034868, 8982612.271999882534146 ], [ 774741.413624973152764, 8982612.23004300519824 ], [ 774741.355905738542788, 8982612.190087135881186 ], [ 774741.29681983217597, 8982612.152181498706341 ], [ 774741.236440047621727, 8982612.116372797638178 ], [ 774741.174840772408061, 8982612.082705143839121 ], [ 774741.112097896635532, 8982612.051220018416643 ], [ 774741.048288719146512, 8982612.021956210955977 ], [ 774740.983491852646694, 8982611.994949774816632 ], [ 774740.917787126498297, 8982611.970233980566263 ], [ 774740.851255488698371, 8982611.947839276865125 ], [ 774740.78397890587803, 8982611.927793255075812 ], [ 774740.716040262486786, 8982611.910120613873005 ], [ 774740.647523258579895, 8982611.894843121990561 ], [ 774740.578512306790799, 8982611.881979605183005 ], [ 774740.509092428372242, 8982611.871545907109976 ], [ 774740.439349148306064, 8982611.863554885610938 ], [ 774740.369368389830925, 8982611.858016382902861 ], [ 774740.299236369086429, 8982611.854937225580215 ], [ 774740.22903948824387, 8982611.854321204125881 ], [ 774740.158864229684696, 8982611.856169078499079 ], [ 774740.088797048898414, 8982611.860478572547436 ], [ 774740.018924268428236, 8982611.867244375869632 ], [ 774739.949331971118227, 8982611.876458154991269 ], [ 774739.880105894524604, 8982611.888108557090163 ], [ 774739.811331324628554, 8982611.902181228622794 ], [ 774739.743092991411686, 8982611.918658832088113 ], [ 774739.675474964431487, 8982611.937521068379283 ], [ 774739.608560548513196, 8982611.958744699135423 ], [ 774739.542432182002813, 8982611.982303576543927 ], [ 774739.477171334787272, 8982612.008168676868081 ], [ 774739.412858407944441, 8982612.036308132112026 ], [ 774739.349572634557262, 8982612.066687278449535 ], [ 774739.287391982506961, 8982612.09926868416369 ], [ 774739.226393058081158, 8982612.134012212976813 ], [ 774739.166651011677459, 8982612.170875059440732 ], [ 774739.108239445253275, 8982612.209811808541417 ], [ 774739.051230321405455, 8982612.250774491578341 ], [ 774738.995693875360303, 8982612.293712642043829 ], [ 774738.941698527545668, 8982612.338573358952999 ], [ 774738.889310800237581, 8982612.385301375761628 ], [ 774738.838595234556124, 8982612.433839123696089 ], [ 774738.789614312117919, 8982612.48412680439651 ], [ 774738.742428377037868, 8982612.536102462559938 ], [ 774738.697095562121831, 8982612.589702066034079 ], [ 774738.653671717387624, 8982612.644859578460455 ], [ 774738.612210340681486, 8982612.701507048681378 ], [ 774738.572762512252666, 8982612.759574685245752 ], [ 774738.535376831656322, 8982612.81899094954133 ], [ 774738.500099357916042, 8982612.879682639613748 ], [ 774738.466973552596755, 8982612.941574987024069 ], [ 774738.436040226602927, 8982613.00459173694253 ], [ 774738.407337489770725, 8982613.068655256181955 ], [ 774738.380900703486986, 8982613.133686617016792 ], [ 774738.35676243796479, 8982613.199605701491237 ], [ 774738.334952431265265, 8982613.266331298276782 ], [ 774738.315497553441674, 8982613.333781199529767 ], [ 774738.298421772546135, 8982613.401872310787439 ], [ 774738.283746126107872, 8982613.470520740374923 ], [ 774738.27148869424127, 8982613.539641914889216 ], [ 774738.261664578225464, 8982613.609150679782033 ], [ 774738.2542858812958, 8982613.678961398079991 ], [ 774738.2493616938591, 8982613.748988064005971 ], [ 774738.246898082550615, 8982613.819144405424595 ], [ 774738.246898082550615, 8982613.889343988150358 ], [ 774738.2493616938591, 8982613.959500329568982 ], [ 774738.2542858812958, 8982614.029526995494962 ], [ 774738.261664578225464, 8982614.09933771379292 ], [ 774738.27148869424127, 8982614.168846478685737 ], [ 774738.283746126107872, 8982614.23796765320003 ], [ 774738.298421772546135, 8982614.306616082787514 ], [ 774738.315497553441674, 8982614.374707194045186 ], [ 774738.334952431265265, 8982614.442157095298171 ], [ 774738.35676243796479, 8982614.508882692083716 ], [ 774738.380900703486986, 8982614.574801776558161 ], [ 774738.407337489770725, 8982614.639833137392998 ], [ 774738.436040226602927, 8982614.703896656632423 ], [ 774738.466973552596755, 8982614.766913406550884 ], [ 774738.500099357916042, 8982614.828805753961205 ], [ 774738.535376831656322, 8982614.889497444033623 ], [ 774738.572762512252666, 8982614.948913708329201 ], [ 774738.612210340681486, 8982615.006981344893575 ], [ 774738.653671717387624, 8982615.063628815114498 ], [ 774738.697095562121831, 8982615.118786327540874 ], [ 774738.742428377037868, 8982615.172385931015015 ], [ 774738.789614312117919, 8982615.224361589178443 ], [ 774738.838595234556124, 8982615.274649269878864 ], [ 774738.889310800237581, 8982615.323187017813325 ], [ 774738.941698527545668, 8982615.369915034621954 ], [ 774738.995693875360303, 8982615.414775751531124 ], [ 774739.051230321405455, 8982615.457713901996613 ], [ 774739.108239445253275, 8982615.498676585033536 ], [ 774739.166651011677459, 8982615.537613334134221 ], [ 774739.226393058081158, 8982615.57447618059814 ], [ 774739.287391982506961, 8982615.609219709411263 ], [ 774739.349572634557262, 8982615.641801115125418 ], [ 774739.412858407944441, 8982615.672180261462927 ], [ 774739.477171334787272, 8982615.700319716706872 ], [ 774739.542432182002813, 8982615.726184817031026 ], [ 774739.608560548513196, 8982615.74974369443953 ], [ 774739.675474964431487, 8982615.77096732519567 ], [ 774739.743092991411686, 8982615.78982956148684 ], [ 774739.811331324628554, 8982615.806307164952159 ], [ 774739.880105894524604, 8982615.82037983648479 ], [ 774739.949331971118227, 8982615.832030238583684 ], [ 774740.018924268428236, 8982615.841244017705321 ], [ 774740.088797048898414, 8982615.848009821027517 ], [ 774740.158864229684696, 8982615.852319315075874 ], [ 774740.22903948824387, 8982615.854167189449072 ], [ 774740.299236369086429, 8982615.853551167994738 ], [ 774740.369368389830925, 8982615.850472010672092 ], [ 774740.439349148306064, 8982615.844933507964015 ], [ 774740.509092428372242, 8982615.836942486464977 ], [ 774740.578512306790799, 8982615.826508788391948 ], [ 774740.647523258579895, 8982615.813645271584392 ], [ 774740.716040262486786, 8982615.798367779701948 ], [ 774740.78397890587803, 8982615.780695138499141 ], [ 774740.851255488698371, 8982615.760649116709828 ], [ 774740.917787126498297, 8982615.73825441300869 ], [ 774740.983491852646694, 8982615.713538618758321 ], [ 774741.048288719146512, 8982615.686532182618976 ], [ 774741.112097896635532, 8982615.65726837515831 ], [ 774741.174840772408061, 8982615.625783249735832 ], [ 774741.236440047621727, 8982615.592115595936775 ], [ 774741.29681983217597, 8982615.556306894868612 ], [ 774741.355905738542788, 8982615.518401257693768 ], [ 774741.413624973152764, 8982615.478445388376713 ], [ 774741.469906426034868, 8982615.436488511040807 ], [ 774741.524680758826435, 8982615.392582314088941 ], [ 774741.577880489756353, 8982615.346780894324183 ], [ 774741.629440076998435, 8982615.299140674993396 ], [ 774741.679295999463648, 8982615.24972034804523 ], [ 774741.727386834798381, 8982615.198580803349614 ], [ 774741.773653335287236, 8982615.145785041153431 ], [ 774741.818038500845432, 8982615.091398106887937 ], [ 774741.860487649217248, 8982615.035487005487084 ], [ 774741.900948483264074, 8982614.978120617568493 ], [ 774741.939371155225672, 8982614.919369617477059 ], [ 774741.975708328769542, 8982614.859306389465928 ], [ 774742.009915236616507, 8982614.798004928976297 ], [ 774742.041949735954404, 8982614.735540760681033 ], [ 774742.071772360359319, 8982614.671990837901831 ], [ 774742.099346368690021, 8982614.607433456927538 ], [ 774742.124637789675035, 8982614.541948148980737 ], [ 774742.147615464637056, 8982614.475615592673421 ], [ 774742.168251084978692, 8982614.408517509698868 ], [ 774742.186519227921963, 8982614.3407365642488 ], [ 774742.202397387009114, 8982614.272356262430549 ], [ 774742.215866000391543, 8982614.203460849821568 ], [ 774742.226908475044183, 8982614.134135201573372 ], [ 774742.235511206439696, 8982614.064464731141925 ], [ 774742.241663596243598, 8982613.994535269215703 ], [ 774742.245358064537868, 8982613.924432968720794 ], [ 774742.246590059949085, 8982613.854244196787477 ] ] ] ] } },
{ "type": "Feature", "properties": { "LAYER": "MBox", "GM_TYPE": "Unknown Area Type", "ELEVATION": 24, "path": "D:/TGS GEOJSON/add data baru/Oebaba add/09_oe_ar_mbox.geojson" }, "geometry": { "type": "MultiPolygon", "coordinates": [ [ [ [ 774775.674954703659751, 8982419.351992640644312 ], [ 774775.673722708248533, 8982419.281803868710995 ], [ 774775.670028239954263, 8982419.211701568216085 ], [ 774775.663875850150362, 8982419.141772106289864 ], [ 774775.655273118754849, 8982419.072101635858417 ], [ 774775.644230644102208, 8982419.002775987610221 ], [ 774775.630762030719779, 8982418.93388057500124 ], [ 774775.614883871632628, 8982418.865500273182988 ], [ 774775.596615728689358, 8982418.797719327732921 ], [ 774775.575980108347721, 8982418.730621244758368 ], [ 774775.5530024333857, 8982418.664288688451052 ], [ 774775.527711012400687, 8982418.598803380504251 ], [ 774775.500137004069984, 8982418.534245999529958 ], [ 774775.470314379665069, 8982418.470696076750755 ], [ 774775.438279880327173, 8982418.408231908455491 ], [ 774775.404072972480208, 8982418.34693044796586 ], [ 774775.367735798936337, 8982418.286867219954729 ], [ 774775.329313126974739, 8982418.228116219863296 ], [ 774775.288852292927913, 8982418.170749831944704 ], [ 774775.246403144556098, 8982418.114838730543852 ], [ 774775.202017978997901, 8982418.060451796278358 ], [ 774775.155751478509046, 8982418.007656034082174 ], [ 774775.107660643174313, 8982417.956516489386559 ], [ 774775.0578047207091, 8982417.907096162438393 ], [ 774775.006245133467019, 8982417.859455943107605 ], [ 774774.9530454025371, 8982417.813654523342848 ], [ 774774.898271069745533, 8982417.769748326390982 ], [ 774774.84198961686343, 8982417.727791449055076 ], [ 774774.784270382253453, 8982417.687835579738021 ], [ 774774.725184475886635, 8982417.649929942563176 ], [ 774774.664804691332392, 8982417.614121241495013 ], [ 774774.603205416118726, 8982417.580453587695956 ], [ 774774.540462540346198, 8982417.548968462273479 ], [ 774774.476653362857178, 8982417.519704654812813 ], [ 774774.411856496357359, 8982417.492698218673468 ], [ 774774.346151770208962, 8982417.467982424423099 ], [ 774774.279620132409036, 8982417.44558772072196 ], [ 774774.212343549588695, 8982417.425541698932648 ], [ 774774.144404906197451, 8982417.40786905772984 ], [ 774774.07588790229056, 8982417.392591565847397 ], [ 774774.006876950501464, 8982417.379728049039841 ], [ 774773.937457072082907, 8982417.369294350966811 ], [ 774773.86771379201673, 8982417.361303329467773 ], [ 774773.79773303354159, 8982417.355764826759696 ], [ 774773.727601012797095, 8982417.352685669437051 ], [ 774773.657404131954536, 8982417.352069647982717 ], [ 774773.587228873395361, 8982417.353917522355914 ], [ 774773.517161692609079, 8982417.358227016404271 ], [ 774773.447288912138902, 8982417.364992819726467 ], [ 774773.377696614828892, 8982417.374206598848104 ], [ 774773.308470538235269, 8982417.385857000946999 ], [ 774773.23969596833922, 8982417.39992967247963 ], [ 774773.171457635122351, 8982417.416407275944948 ], [ 774773.103839608142152, 8982417.435269512236118 ], [ 774773.036925192223862, 8982417.456493142992258 ], [ 774772.970796825713478, 8982417.480052020400763 ], [ 774772.905535978497937, 8982417.505917120724916 ], [ 774772.841223051655106, 8982417.534056575968862 ], [ 774772.777937278267927, 8982417.564435722306371 ], [ 774772.715756626217626, 8982417.597017128020525 ], [ 774772.654757701791823, 8982417.631760656833649 ], [ 774772.595015655388124, 8982417.668623503297567 ], [ 774772.536604088963941, 8982417.707560252398252 ], [ 774772.479594965116121, 8982417.748522935435176 ], [ 774772.424058519070968, 8982417.791461085900664 ], [ 774772.370063171256334, 8982417.836321802809834 ], [ 774772.317675443948247, 8982417.883049819618464 ], [ 774772.266959878266789, 8982417.931587567552924 ], [ 774772.217978955828585, 8982417.981875248253345 ], [ 774772.170793020748533, 8982418.033850906416774 ], [ 774772.125460205832496, 8982418.087450509890914 ], [ 774772.082036361098289, 8982418.14260802231729 ], [ 774772.040574984392151, 8982418.199255492538214 ], [ 774772.001127155963331, 8982418.257323129102588 ], [ 774771.963741475366987, 8982418.316739393398166 ], [ 774771.928464001626708, 8982418.377431083470583 ], [ 774771.895338196307421, 8982418.439323430880904 ], [ 774771.864404870313592, 8982418.502340180799365 ], [ 774771.835702133481391, 8982418.566403700038791 ], [ 774771.809265347197652, 8982418.631435060873628 ], [ 774771.785127081675455, 8982418.697354145348072 ], [ 774771.76331707497593, 8982418.764079742133617 ], [ 774771.743862197152339, 8982418.831529643386602 ], [ 774771.7267864162568, 8982418.899620754644275 ], [ 774771.712110769818537, 8982418.968269184231758 ], [ 774771.699853337951936, 8982419.037390358746052 ], [ 774771.690029221936129, 8982419.106899123638868 ], [ 774771.682650525006466, 8982419.176709841936827 ], [ 774771.677726337569766, 8982419.246736507862806 ], [ 774771.67526272626128, 8982419.31689284928143 ], [ 774771.67526272626128, 8982419.387092432007194 ], [ 774771.677726337569766, 8982419.457248773425817 ], [ 774771.682650525006466, 8982419.527275439351797 ], [ 774771.690029221936129, 8982419.597086157649755 ], [ 774771.699853337951936, 8982419.666594922542572 ], [ 774771.712110769818537, 8982419.735716097056866 ], [ 774771.7267864162568, 8982419.804364526644349 ], [ 774771.743862197152339, 8982419.872455637902021 ], [ 774771.76331707497593, 8982419.939905539155006 ], [ 774771.785127081675455, 8982420.006631135940552 ], [ 774771.809265347197652, 8982420.072550220414996 ], [ 774771.835702133481391, 8982420.137581581249833 ], [ 774771.864404870313592, 8982420.201645100489259 ], [ 774771.895338196307421, 8982420.26466185040772 ], [ 774771.928464001626708, 8982420.326554197818041 ], [ 774771.963741475366987, 8982420.387245887890458 ], [ 774772.001127155963331, 8982420.446662152186036 ], [ 774772.040574984392151, 8982420.50472978875041 ], [ 774772.082036361098289, 8982420.561377258971334 ], [ 774772.125460205832496, 8982420.61653477139771 ], [ 774772.170793020748533, 8982420.67013437487185 ], [ 774772.217978955828585, 8982420.722110033035278 ], [ 774772.266959878266789, 8982420.7723977137357 ], [ 774772.317675443948247, 8982420.82093546167016 ], [ 774772.370063171256334, 8982420.867663478478789 ], [ 774772.424058519070968, 8982420.912524195387959 ], [ 774772.479594965116121, 8982420.955462345853448 ], [ 774772.536604088963941, 8982420.996425028890371 ], [ 774772.595015655388124, 8982421.035361777991056 ], [ 774772.654757701791823, 8982421.072224624454975 ], [ 774772.715756626217626, 8982421.106968153268099 ], [ 774772.777937278267927, 8982421.139549558982253 ], [ 774772.841223051655106, 8982421.169928705319762 ], [ 774772.905535978497937, 8982421.198068160563707 ], [ 774772.970796825713478, 8982421.223933260887861 ], [ 774773.036925192223862, 8982421.247492138296366 ], [ 774773.103839608142152, 8982421.268715769052505 ], [ 774773.171457635122351, 8982421.287578005343676 ], [ 774773.23969596833922, 8982421.304055608808994 ], [ 774773.308470538235269, 8982421.318128280341625 ], [ 774773.377696614828892, 8982421.329778682440519 ], [ 774773.447288912138902, 8982421.338992461562157 ], [ 774773.517161692609079, 8982421.345758264884353 ], [ 774773.587228873395361, 8982421.35006775893271 ], [ 774773.657404131954536, 8982421.351915633305907 ], [ 774773.727601012797095, 8982421.351299611851573 ], [ 774773.79773303354159, 8982421.348220454528928 ], [ 774773.86771379201673, 8982421.34268195182085 ], [ 774773.937457072082907, 8982421.334690930321813 ], [ 774774.006876950501464, 8982421.324257232248783 ], [ 774774.07588790229056, 8982421.311393715441227 ], [ 774774.144404906197451, 8982421.296116223558784 ], [ 774774.212343549588695, 8982421.278443582355976 ], [ 774774.279620132409036, 8982421.258397560566664 ], [ 774774.346151770208962, 8982421.236002856865525 ], [ 774774.411856496357359, 8982421.211287062615156 ], [ 774774.476653362857178, 8982421.184280626475811 ], [ 774774.540462540346198, 8982421.155016819015145 ], [ 774774.603205416118726, 8982421.123531693592668 ], [ 774774.664804691332392, 8982421.089864039793611 ], [ 774774.725184475886635, 8982421.054055338725448 ], [ 774774.784270382253453, 8982421.016149701550603 ], [ 774774.84198961686343, 8982420.976193832233548 ], [ 774774.898271069745533, 8982420.934236954897642 ], [ 774774.9530454025371, 8982420.890330757945776 ], [ 774775.006245133467019, 8982420.844529338181019 ], [ 774775.0578047207091, 8982420.796889118850231 ], [ 774775.107660643174313, 8982420.747468791902065 ], [ 774775.155751478509046, 8982420.69632924720645 ], [ 774775.202017978997901, 8982420.643533485010266 ], [ 774775.246403144556098, 8982420.589146550744772 ], [ 774775.288852292927913, 8982420.53323544934392 ], [ 774775.329313126974739, 8982420.475869061425328 ], [ 774775.367735798936337, 8982420.417118061333895 ], [ 774775.404072972480208, 8982420.357054833322763 ], [ 774775.438279880327173, 8982420.295753372833133 ], [ 774775.470314379665069, 8982420.233289204537868 ], [ 774775.500137004069984, 8982420.169739281758666 ], [ 774775.527711012400687, 8982420.105181900784373 ], [ 774775.5530024333857, 8982420.039696592837572 ], [ 774775.575980108347721, 8982419.973364036530256 ], [ 774775.596615728689358, 8982419.906265953555703 ], [ 774775.614883871632628, 8982419.838485008105636 ], [ 774775.630762030719779, 8982419.770104706287384 ], [ 774775.644230644102208, 8982419.701209293678403 ], [ 774775.655273118754849, 8982419.631883645430207 ], [ 774775.663875850150362, 8982419.56221317499876 ], [ 774775.670028239954263, 8982419.492283713072538 ], [ 774775.673722708248533, 8982419.422181412577629 ], [ 774775.674954703659751, 8982419.351992640644312 ] ] ] ] } },
{ "type": "Feature", "properties": { "LAYER": "MBox", "GM_TYPE": "Unknown Area Type", "ELEVATION": null, "path": "D:/TGS GEOJSON/add data baru/Oebaba add/09_oe_ar_mbox.geojson" }, "geometry": { "type": "MultiPolygon", "coordinates": [ [ [ [ 775360.935833921190351, 8982714.412622256204486 ], [ 775360.934601925779134, 8982714.342433484271169 ], [ 775360.930907457484864, 8982714.272331183776259 ], [ 775360.924755067680962, 8982714.202401721850038 ], [ 775360.91615233628545, 8982714.132731251418591 ], [ 775360.905109861632809, 8982714.063405603170395 ], [ 775360.89164124825038, 8982713.994510190561414 ], [ 775360.875763089163229, 8982713.926129888743162 ], [ 775360.857494946219958, 8982713.858348943293095 ], [ 775360.836859325878322, 8982713.791250860318542 ], [ 775360.813881650916301, 8982713.724918304011226 ], [ 775360.788590229931287, 8982713.659432996064425 ], [ 775360.761016221600585, 8982713.594875615090132 ], [ 775360.73119359719567, 8982713.531325692310929 ], [ 775360.699159097857773, 8982713.468861524015665 ], [ 775360.664952190010808, 8982713.407560063526034 ], [ 775360.628615016466938, 8982713.347496835514903 ], [ 775360.59019234450534, 8982713.28874583542347 ], [ 775360.549731510458514, 8982713.231379447504878 ], [ 775360.507282362086698, 8982713.175468346104026 ], [ 775360.462897196528502, 8982713.121081411838531 ], [ 775360.416630696039647, 8982713.068285649642348 ], [ 775360.368539860704914, 8982713.017146104946733 ], [ 775360.318683938239701, 8982712.967725777998567 ], [ 775360.267124350997619, 8982712.920085558667779 ], [ 775360.213924620067701, 8982712.874284138903022 ], [ 775360.159150287276134, 8982712.830377941951156 ], [ 775360.10286883439403, 8982712.78842106461525 ], [ 775360.045149599784054, 8982712.748465195298195 ], [ 775359.986063693417236, 8982712.71055955812335 ], [ 775359.925683908862993, 8982712.674750857055187 ], [ 775359.864084633649327, 8982712.64108320325613 ], [ 775359.801341757876799, 8982712.609598077833652 ], [ 775359.737532580387779, 8982712.580334270372987 ], [ 775359.67273571388796, 8982712.553327834233642 ], [ 775359.607030987739563, 8982712.528612039983273 ], [ 775359.540499349939637, 8982712.506217336282134 ], [ 775359.473222767119296, 8982712.486171314492822 ], [ 775359.405284123728052, 8982712.468498673290014 ], [ 775359.336767119821161, 8982712.453221181407571 ], [ 775359.267756168032065, 8982712.440357664600015 ], [ 775359.198336289613508, 8982712.429923966526985 ], [ 775359.12859300954733, 8982712.421932945027947 ], [ 775359.058612251072191, 8982712.41639444231987 ], [ 775358.988480230327696, 8982712.413315284997225 ], [ 775358.918283349485137, 8982712.412699263542891 ], [ 775358.848108090925962, 8982712.414547137916088 ], [ 775358.77804091013968, 8982712.418856631964445 ], [ 775358.708168129669502, 8982712.425622435286641 ], [ 775358.638575832359493, 8982712.434836214408278 ], [ 775358.56934975576587, 8982712.446486616507173 ], [ 775358.50057518586982, 8982712.460559288039804 ], [ 775358.432336852652952, 8982712.477036891505122 ], [ 775358.364718825672753, 8982712.495899127796292 ], [ 775358.297804409754463, 8982712.517122758552432 ], [ 775358.231676043244079, 8982712.540681635960937 ], [ 775358.166415196028538, 8982712.56654673628509 ], [ 775358.102102269185707, 8982712.594686191529036 ], [ 775358.038816495798528, 8982712.625065337866545 ], [ 775357.976635843748227, 8982712.657646743580699 ], [ 775357.915636919322424, 8982712.692390272393823 ], [ 775357.855894872918725, 8982712.729253118857741 ], [ 775357.797483306494541, 8982712.768189867958426 ], [ 775357.740474182646722, 8982712.80915255099535 ], [ 775357.684937736601569, 8982712.852090701460838 ], [ 775357.630942388786934, 8982712.896951418370008 ], [ 775357.578554661478847, 8982712.943679435178638 ], [ 775357.52783909579739, 8982712.992217183113098 ], [ 775357.478858173359185, 8982713.042504863813519 ], [ 775357.431672238279134, 8982713.094480521976948 ], [ 775357.386339423363097, 8982713.148080125451088 ], [ 775357.34291557862889, 8982713.203237637877464 ], [ 775357.301454201922752, 8982713.259885108098388 ], [ 775357.262006373493932, 8982713.317952744662762 ], [ 775357.224620692897588, 8982713.37736900895834 ], [ 775357.189343219157308, 8982713.438060699030757 ], [ 775357.156217413838021, 8982713.499953046441078 ], [ 775357.125284087844193, 8982713.562969796359539 ], [ 775357.096581351011992, 8982713.627033315598965 ], [ 775357.070144564728253, 8982713.692064676433802 ], [ 775357.046006299206056, 8982713.757983760908246 ], [ 775357.024196292506531, 8982713.824709357693791 ], [ 775357.00474141468294, 8982713.892159258946776 ], [ 775356.987665633787401, 8982713.960250370204449 ], [ 775356.972989987349138, 8982714.028898799791932 ], [ 775356.960732555482537, 8982714.098019974306226 ], [ 775356.95090843946673, 8982714.167528739199042 ], [ 775356.943529742537066, 8982714.237339457497001 ], [ 775356.938605555100366, 8982714.30736612342298 ], [ 775356.936141943791881, 8982714.377522464841604 ], [ 775356.936141943791881, 8982714.447722047567368 ], [ 775356.938605555100366, 8982714.517878388985991 ], [ 775356.943529742537066, 8982714.587905054911971 ], [ 775356.95090843946673, 8982714.657715773209929 ], [ 775356.960732555482537, 8982714.727224538102746 ], [ 775356.972989987349138, 8982714.79634571261704 ], [ 775356.987665633787401, 8982714.864994142204523 ], [ 775357.00474141468294, 8982714.933085253462195 ], [ 775357.024196292506531, 8982715.00053515471518 ], [ 775357.046006299206056, 8982715.067260751500726 ], [ 775357.070144564728253, 8982715.13317983597517 ], [ 775357.096581351011992, 8982715.198211196810007 ], [ 775357.125284087844193, 8982715.262274716049433 ], [ 775357.156217413838021, 8982715.325291465967894 ], [ 775357.189343219157308, 8982715.387183813378215 ], [ 775357.224620692897588, 8982715.447875503450632 ], [ 775357.262006373493932, 8982715.50729176774621 ], [ 775357.301454201922752, 8982715.565359404310584 ], [ 775357.34291557862889, 8982715.622006874531507 ], [ 775357.386339423363097, 8982715.677164386957884 ], [ 775357.431672238279134, 8982715.730763990432024 ], [ 775357.478858173359185, 8982715.782739648595452 ], [ 775357.52783909579739, 8982715.833027329295874 ], [ 775357.578554661478847, 8982715.881565077230334 ], [ 775357.630942388786934, 8982715.928293094038963 ], [ 775357.684937736601569, 8982715.973153810948133 ], [ 775357.740474182646722, 8982716.016091961413622 ], [ 775357.797483306494541, 8982716.057054644450545 ], [ 775357.855894872918725, 8982716.09599139355123 ], [ 775357.915636919322424, 8982716.132854240015149 ], [ 775357.976635843748227, 8982716.167597768828273 ], [ 775358.038816495798528, 8982716.200179174542427 ], [ 775358.102102269185707, 8982716.230558320879936 ], [ 775358.166415196028538, 8982716.258697776123881 ], [ 775358.231676043244079, 8982716.284562876448035 ], [ 775358.297804409754463, 8982716.30812175385654 ], [ 775358.364718825672753, 8982716.329345384612679 ], [ 775358.432336852652952, 8982716.34820762090385 ], [ 775358.50057518586982, 8982716.364685224369168 ], [ 775358.56934975576587, 8982716.378757895901799 ], [ 775358.638575832359493, 8982716.390408298000693 ], [ 775358.708168129669502, 8982716.399622077122331 ], [ 775358.77804091013968, 8982716.406387880444527 ], [ 775358.848108090925962, 8982716.410697374492884 ], [ 775358.918283349485137, 8982716.412545248866081 ], [ 775358.988480230327696, 8982716.411929227411747 ], [ 775359.058612251072191, 8982716.408850070089102 ], [ 775359.12859300954733, 8982716.403311567381024 ], [ 775359.198336289613508, 8982716.395320545881987 ], [ 775359.267756168032065, 8982716.384886847808957 ], [ 775359.336767119821161, 8982716.372023331001401 ], [ 775359.405284123728052, 8982716.356745839118958 ], [ 775359.473222767119296, 8982716.33907319791615 ], [ 775359.540499349939637, 8982716.319027176126838 ], [ 775359.607030987739563, 8982716.296632472425699 ], [ 775359.67273571388796, 8982716.27191667817533 ], [ 775359.737532580387779, 8982716.244910242035985 ], [ 775359.801341757876799, 8982716.215646434575319 ], [ 775359.864084633649327, 8982716.184161309152842 ], [ 775359.925683908862993, 8982716.150493655353785 ], [ 775359.986063693417236, 8982716.114684954285622 ], [ 775360.045149599784054, 8982716.076779317110777 ], [ 775360.10286883439403, 8982716.036823447793722 ], [ 775360.159150287276134, 8982715.994866570457816 ], [ 775360.213924620067701, 8982715.95096037350595 ], [ 775360.267124350997619, 8982715.905158953741193 ], [ 775360.318683938239701, 8982715.857518734410405 ], [ 775360.368539860704914, 8982715.808098407462239 ], [ 775360.416630696039647, 8982715.756958862766623 ], [ 775360.462897196528502, 8982715.70416310057044 ], [ 775360.507282362086698, 8982715.649776166304946 ], [ 775360.549731510458514, 8982715.593865064904094 ], [ 775360.59019234450534, 8982715.536498676985502 ], [ 775360.628615016466938, 8982715.477747676894069 ], [ 775360.664952190010808, 8982715.417684448882937 ], [ 775360.699159097857773, 8982715.356382988393307 ], [ 775360.73119359719567, 8982715.293918820098042 ], [ 775360.761016221600585, 8982715.23036889731884 ], [ 775360.788590229931287, 8982715.165811516344547 ], [ 775360.813881650916301, 8982715.100326208397746 ], [ 775360.836859325878322, 8982715.03399365209043 ], [ 775360.857494946219958, 8982714.966895569115877 ], [ 775360.875763089163229, 8982714.89911462366581 ], [ 775360.89164124825038, 8982714.830734321847558 ], [ 775360.905109861632809, 8982714.761838909238577 ], [ 775360.91615233628545, 8982714.692513260990381 ], [ 775360.924755067680962, 8982714.622842790558934 ], [ 775360.930907457484864, 8982714.552913328632712 ], [ 775360.934601925779134, 8982714.482811028137803 ], [ 775360.935833921190351, 8982714.412622256204486 ] ] ] ] } },
{ "type": "Feature", "properties": { "LAYER": "MBox", "GM_TYPE": "Unknown Area Type", "ELEVATION": null, "path": "D:/TGS GEOJSON/add data baru/Oebaba add/09_oe_ar_mbox.geojson" }, "geometry": { "type": "MultiPolygon", "coordinates": [ [ [ [ 775337.994165921816602, 8982573.972158543765545 ], [ 775337.992933926405385, 8982573.901969771832228 ], [ 775337.989239458111115, 8982573.831867471337318 ], [ 775337.983087068307213, 8982573.761938009411097 ], [ 775337.974484336911701, 8982573.69226753897965 ], [ 775337.96344186225906, 8982573.622941890731454 ], [ 775337.949973248876631, 8982573.554046478122473 ], [ 775337.93409508978948, 8982573.485666176304221 ], [ 775337.915826946846209, 8982573.417885230854154 ], [ 775337.895191326504573, 8982573.350787147879601 ], [ 775337.872213651542552, 8982573.284454591572285 ], [ 775337.846922230557539, 8982573.218969283625484 ], [ 775337.819348222226836, 8982573.154411902651191 ], [ 775337.789525597821921, 8982573.090861979871988 ], [ 775337.757491098484024, 8982573.028397811576724 ], [ 775337.72328419063706, 8982572.967096351087093 ], [ 775337.686947017093189, 8982572.907033123075962 ], [ 775337.648524345131591, 8982572.848282122984529 ], [ 775337.608063511084765, 8982572.790915735065937 ], [ 775337.56561436271295, 8982572.735004633665085 ], [ 775337.521229197154753, 8982572.68061769939959 ], [ 775337.474962696665898, 8982572.627821937203407 ], [ 775337.426871861331165, 8982572.576682392507792 ], [ 775337.377015938865952, 8982572.527262065559626 ], [ 775337.32545635162387, 8982572.479621846228838 ], [ 775337.272256620693952, 8982572.433820426464081 ], [ 775337.217482287902385, 8982572.389914229512215 ], [ 775337.161200835020281, 8982572.347957352176309 ], [ 775337.103481600410305, 8982572.308001482859254 ], [ 775337.044395694043487, 8982572.270095845684409 ], [ 775336.984015909489244, 8982572.234287144616246 ], [ 775336.922416634275578, 8982572.200619490817189 ], [ 775336.85967375850305, 8982572.169134365394711 ], [ 775336.79586458101403, 8982572.139870557934046 ], [ 775336.731067714514211, 8982572.112864121794701 ], [ 775336.665362988365814, 8982572.088148327544332 ], [ 775336.598831350565888, 8982572.065753623843193 ], [ 775336.531554767745547, 8982572.045707602053881 ], [ 775336.463616124354303, 8982572.028034960851073 ], [ 775336.395099120447412, 8982572.01275746896863 ], [ 775336.326088168658316, 8982571.999893952161074 ], [ 775336.256668290239759, 8982571.989460254088044 ], [ 775336.186925010173582, 8982571.981469232589006 ], [ 775336.116944251698442, 8982571.975930729880929 ], [ 775336.046812230953947, 8982571.972851572558284 ], [ 775335.976615350111388, 8982571.97223555110395 ], [ 775335.906440091552213, 8982571.974083425477147 ], [ 775335.836372910765931, 8982571.978392919525504 ], [ 775335.766500130295753, 8982571.9851587228477 ], [ 775335.696907832985744, 8982571.994372501969337 ], [ 775335.627681756392121, 8982572.006022904068232 ], [ 775335.558907186496072, 8982572.020095575600863 ], [ 775335.490668853279203, 8982572.036573179066181 ], [ 775335.423050826299004, 8982572.055435415357351 ], [ 775335.356136410380714, 8982572.076659046113491 ], [ 775335.29000804387033, 8982572.100217923521996 ], [ 775335.224747196654789, 8982572.126083023846149 ], [ 775335.160434269811958, 8982572.154222479090095 ], [ 775335.097148496424779, 8982572.184601625427604 ], [ 775335.034967844374478, 8982572.217183031141758 ], [ 775334.973968919948675, 8982572.251926559954882 ], [ 775334.914226873544976, 8982572.2887894064188 ], [ 775334.855815307120793, 8982572.327726155519485 ], [ 775334.798806183272973, 8982572.368688838556409 ], [ 775334.74326973722782, 8982572.411626989021897 ], [ 775334.689274389413185, 8982572.456487705931067 ], [ 775334.636886662105098, 8982572.503215722739697 ], [ 775334.586171096423641, 8982572.551753470674157 ], [ 775334.537190173985437, 8982572.602041151374578 ], [ 775334.490004238905385, 8982572.654016809538007 ], [ 775334.444671423989348, 8982572.707616413012147 ], [ 775334.401247579255141, 8982572.762773925438523 ], [ 775334.359786202549003, 8982572.819421395659447 ], [ 775334.320338374120183, 8982572.877489032223821 ], [ 775334.282952693523839, 8982572.936905296519399 ], [ 775334.247675219783559, 8982572.997596986591816 ], [ 775334.214549414464273, 8982573.059489334002137 ], [ 775334.183616088470444, 8982573.122506083920598 ], [ 775334.154913351638243, 8982573.186569603160024 ], [ 775334.128476565354504, 8982573.251600963994861 ], [ 775334.104338299832307, 8982573.317520048469305 ], [ 775334.082528293132782, 8982573.38424564525485 ], [ 775334.063073415309191, 8982573.451695546507835 ], [ 775334.045997634413652, 8982573.519786657765508 ], [ 775334.031321987975389, 8982573.588435087352991 ], [ 775334.019064556108788, 8982573.657556261867285 ], [ 775334.009240440092981, 8982573.727065026760101 ], [ 775334.001861743163317, 8982573.79687574505806 ], [ 775333.996937555726618, 8982573.866902410984039 ], [ 775333.994473944418132, 8982573.937058752402663 ], [ 775333.994473944418132, 8982574.007258335128427 ], [ 775333.996937555726618, 8982574.07741467654705 ], [ 775334.001861743163317, 8982574.14744134247303 ], [ 775334.009240440092981, 8982574.217252060770988 ], [ 775334.019064556108788, 8982574.286760825663805 ], [ 775334.031321987975389, 8982574.355882000178099 ], [ 775334.045997634413652, 8982574.424530429765582 ], [ 775334.063073415309191, 8982574.492621541023254 ], [ 775334.082528293132782, 8982574.560071442276239 ], [ 775334.104338299832307, 8982574.626797039061785 ], [ 775334.128476565354504, 8982574.692716123536229 ], [ 775334.154913351638243, 8982574.757747484371066 ], [ 775334.183616088470444, 8982574.821811003610492 ], [ 775334.214549414464273, 8982574.884827753528953 ], [ 775334.247675219783559, 8982574.946720100939274 ], [ 775334.282952693523839, 8982575.007411791011691 ], [ 775334.320338374120183, 8982575.066828055307269 ], [ 775334.359786202549003, 8982575.124895691871643 ], [ 775334.401247579255141, 8982575.181543162092566 ], [ 775334.444671423989348, 8982575.236700674518943 ], [ 775334.490004238905385, 8982575.290300277993083 ], [ 775334.537190173985437, 8982575.342275936156511 ], [ 775334.586171096423641, 8982575.392563616856933 ], [ 775334.636886662105098, 8982575.441101364791393 ], [ 775334.689274389413185, 8982575.487829381600022 ], [ 775334.74326973722782, 8982575.532690098509192 ], [ 775334.798806183272973, 8982575.575628248974681 ], [ 775334.855815307120793, 8982575.616590932011604 ], [ 775334.914226873544976, 8982575.655527681112289 ], [ 775334.973968919948675, 8982575.692390527576208 ], [ 775335.034967844374478, 8982575.727134056389332 ], [ 775335.097148496424779, 8982575.759715462103486 ], [ 775335.160434269811958, 8982575.790094608440995 ], [ 775335.224747196654789, 8982575.81823406368494 ], [ 775335.29000804387033, 8982575.844099164009094 ], [ 775335.356136410380714, 8982575.867658041417599 ], [ 775335.423050826299004, 8982575.888881672173738 ], [ 775335.490668853279203, 8982575.907743908464909 ], [ 775335.558907186496072, 8982575.924221511930227 ], [ 775335.627681756392121, 8982575.938294183462858 ], [ 775335.696907832985744, 8982575.949944585561752 ], [ 775335.766500130295753, 8982575.95915836468339 ], [ 775335.836372910765931, 8982575.965924168005586 ], [ 775335.906440091552213, 8982575.970233662053943 ], [ 775335.976615350111388, 8982575.97208153642714 ], [ 775336.046812230953947, 8982575.971465514972806 ], [ 775336.116944251698442, 8982575.968386357650161 ], [ 775336.186925010173582, 8982575.962847854942083 ], [ 775336.256668290239759, 8982575.954856833443046 ], [ 775336.326088168658316, 8982575.944423135370016 ], [ 775336.395099120447412, 8982575.93155961856246 ], [ 775336.463616124354303, 8982575.916282126680017 ], [ 775336.531554767745547, 8982575.898609485477209 ], [ 775336.598831350565888, 8982575.878563463687897 ], [ 775336.665362988365814, 8982575.856168759986758 ], [ 775336.731067714514211, 8982575.831452965736389 ], [ 775336.79586458101403, 8982575.804446529597044 ], [ 775336.85967375850305, 8982575.775182722136378 ], [ 775336.922416634275578, 8982575.743697596713901 ], [ 775336.984015909489244, 8982575.710029942914844 ], [ 775337.044395694043487, 8982575.674221241846681 ], [ 775337.103481600410305, 8982575.636315604671836 ], [ 775337.161200835020281, 8982575.596359735354781 ], [ 775337.217482287902385, 8982575.554402858018875 ], [ 775337.272256620693952, 8982575.510496661067009 ], [ 775337.32545635162387, 8982575.464695241302252 ], [ 775337.377015938865952, 8982575.417055021971464 ], [ 775337.426871861331165, 8982575.367634695023298 ], [ 775337.474962696665898, 8982575.316495150327682 ], [ 775337.521229197154753, 8982575.263699388131499 ], [ 775337.56561436271295, 8982575.209312453866005 ], [ 775337.608063511084765, 8982575.153401352465153 ], [ 775337.648524345131591, 8982575.096034964546561 ], [ 775337.686947017093189, 8982575.037283964455128 ], [ 775337.72328419063706, 8982574.977220736443996 ], [ 775337.757491098484024, 8982574.915919275954366 ], [ 775337.789525597821921, 8982574.853455107659101 ], [ 775337.819348222226836, 8982574.789905184879899 ], [ 775337.846922230557539, 8982574.725347803905606 ], [ 775337.872213651542552, 8982574.659862495958805 ], [ 775337.895191326504573, 8982574.593529939651489 ], [ 775337.915826946846209, 8982574.526431856676936 ], [ 775337.93409508978948, 8982574.458650911226869 ], [ 775337.949973248876631, 8982574.390270609408617 ], [ 775337.96344186225906, 8982574.321375196799636 ], [ 775337.974484336911701, 8982574.25204954855144 ], [ 775337.983087068307213, 8982574.182379078119993 ], [ 775337.989239458111115, 8982574.112449616193771 ], [ 775337.992933926405385, 8982574.042347315698862 ], [ 775337.994165921816602, 8982573.972158543765545 ] ] ] ] } },
{ "type": "Feature", "properties": { "LAYER": "MBox", "GM_TYPE": "Unknown Area Type", "ELEVATION": 24, "path": "D:/TGS GEOJSON/add data baru/Oebaba add/09_oe_ar_mbox.geojson" }, "geometry": { "type": "MultiPolygon", "coordinates": [ [ [ [ 774839.334956535836682, 8982049.960143651813269 ], [ 774839.333724540425465, 8982049.889954879879951 ], [ 774839.330030072131194, 8982049.819852579385042 ], [ 774839.323877682327293, 8982049.74992311745882 ], [ 774839.31527495093178, 8982049.680252647027373 ], [ 774839.30423247627914, 8982049.610926998779178 ], [ 774839.290763862896711, 8982049.542031586170197 ], [ 774839.274885703809559, 8982049.473651284351945 ], [ 774839.256617560866289, 8982049.405870338901877 ], [ 774839.235981940524653, 8982049.338772255927324 ], [ 774839.213004265562631, 8982049.272439699620008 ], [ 774839.187712844577618, 8982049.206954391673207 ], [ 774839.160138836246915, 8982049.142397010698915 ], [ 774839.130316211842, 8982049.078847087919712 ], [ 774839.098281712504104, 8982049.016382919624448 ], [ 774839.064074804657139, 8982048.955081459134817 ], [ 774839.027737631113268, 8982048.895018231123686 ], [ 774838.98931495915167, 8982048.836267231032252 ], [ 774838.948854125104845, 8982048.778900843113661 ], [ 774838.906404976733029, 8982048.722989741712809 ], [ 774838.862019811174832, 8982048.668602807447314 ], [ 774838.815753310685977, 8982048.615807045251131 ], [ 774838.767662475351244, 8982048.564667500555515 ], [ 774838.717806552886032, 8982048.515247173607349 ], [ 774838.66624696564395, 8982048.467606954276562 ], [ 774838.613047234714031, 8982048.421805534511805 ], [ 774838.558272901922464, 8982048.377899337559938 ], [ 774838.501991449040361, 8982048.335942460224032 ], [ 774838.444272214430384, 8982048.295986590906978 ], [ 774838.385186308063567, 8982048.258080953732133 ], [ 774838.324806523509324, 8982048.22227225266397 ], [ 774838.263207248295657, 8982048.188604598864913 ], [ 774838.200464372523129, 8982048.157119473442435 ], [ 774838.136655195034109, 8982048.12785566598177 ], [ 774838.07185832853429, 8982048.100849229842424 ], [ 774838.006153602385893, 8982048.076133435592055 ], [ 774837.939621964585967, 8982048.053738731890917 ], [ 774837.872345381765626, 8982048.033692710101604 ], [ 774837.804406738374382, 8982048.016020068898797 ], [ 774837.735889734467492, 8982048.000742577016354 ], [ 774837.666878782678396, 8982047.987879060208797 ], [ 774837.597458904259838, 8982047.977445362135768 ], [ 774837.527715624193661, 8982047.96945434063673 ], [ 774837.457734865718521, 8982047.963915837928653 ], [ 774837.387602844974026, 8982047.960836680606008 ], [ 774837.317405964131467, 8982047.960220659151673 ], [ 774837.247230705572292, 8982047.962068533524871 ], [ 774837.17716352478601, 8982047.966378027573228 ], [ 774837.107290744315833, 8982047.973143830895424 ], [ 774837.037698447005823, 8982047.982357610017061 ], [ 774836.968472370412201, 8982047.994008012115955 ], [ 774836.899697800516151, 8982048.008080683648586 ], [ 774836.831459467299283, 8982048.024558287113905 ], [ 774836.763841440319084, 8982048.043420523405075 ], [ 774836.696927024400793, 8982048.064644154161215 ], [ 774836.630798657890409, 8982048.088203031569719 ], [ 774836.565537810674869, 8982048.114068131893873 ], [ 774836.501224883832037, 8982048.142207587137818 ], [ 774836.437939110444859, 8982048.172586733475327 ], [ 774836.375758458394557, 8982048.205168139189482 ], [ 774836.314759533968754, 8982048.239911668002605 ], [ 774836.255017487565055, 8982048.276774514466524 ], [ 774836.196605921140872, 8982048.315711263567209 ], [ 774836.139596797293052, 8982048.356673946604133 ], [ 774836.084060351247899, 8982048.399612097069621 ], [ 774836.030065003433265, 8982048.444472813978791 ], [ 774835.977677276125178, 8982048.49120083078742 ], [ 774835.92696171044372, 8982048.539738578721881 ], [ 774835.877980788005516, 8982048.590026259422302 ], [ 774835.830794852925465, 8982048.642001917585731 ], [ 774835.785462038009427, 8982048.695601521059871 ], [ 774835.742038193275221, 8982048.750759033486247 ], [ 774835.700576816569082, 8982048.80740650370717 ], [ 774835.661128988140263, 8982048.865474140271544 ], [ 774835.623743307543918, 8982048.924890404567122 ], [ 774835.588465833803639, 8982048.98558209463954 ], [ 774835.555340028484352, 8982049.047474442049861 ], [ 774835.524406702490523, 8982049.110491191968322 ], [ 774835.495703965658322, 8982049.174554711207747 ], [ 774835.469267179374583, 8982049.239586072042584 ], [ 774835.445128913852386, 8982049.305505156517029 ], [ 774835.423318907152861, 8982049.372230753302574 ], [ 774835.40386402932927, 8982049.439680654555559 ], [ 774835.386788248433731, 8982049.507771765813231 ], [ 774835.372112601995468, 8982049.576420195400715 ], [ 774835.359855170128867, 8982049.645541369915009 ], [ 774835.35003105411306, 8982049.715050134807825 ], [ 774835.342652357183397, 8982049.784860853105783 ], [ 774835.337728169746697, 8982049.854887519031763 ], [ 774835.335264558438212, 8982049.925043860450387 ], [ 774835.335264558438212, 8982049.99524344317615 ], [ 774835.337728169746697, 8982050.065399784594774 ], [ 774835.342652357183397, 8982050.135426450520754 ], [ 774835.35003105411306, 8982050.205237168818712 ], [ 774835.359855170128867, 8982050.274745933711529 ], [ 774835.372112601995468, 8982050.343867108225822 ], [ 774835.386788248433731, 8982050.412515537813306 ], [ 774835.40386402932927, 8982050.480606649070978 ], [ 774835.423318907152861, 8982050.548056550323963 ], [ 774835.445128913852386, 8982050.614782147109509 ], [ 774835.469267179374583, 8982050.680701231583953 ], [ 774835.495703965658322, 8982050.74573259241879 ], [ 774835.524406702490523, 8982050.809796111658216 ], [ 774835.555340028484352, 8982050.872812861576676 ], [ 774835.588465833803639, 8982050.934705208986998 ], [ 774835.623743307543918, 8982050.995396899059415 ], [ 774835.661128988140263, 8982051.054813163354993 ], [ 774835.700576816569082, 8982051.112880799919367 ], [ 774835.742038193275221, 8982051.16952827014029 ], [ 774835.785462038009427, 8982051.224685782566667 ], [ 774835.830794852925465, 8982051.278285386040807 ], [ 774835.877980788005516, 8982051.330261044204235 ], [ 774835.92696171044372, 8982051.380548724904656 ], [ 774835.977677276125178, 8982051.429086472839117 ], [ 774836.030065003433265, 8982051.475814489647746 ], [ 774836.084060351247899, 8982051.520675206556916 ], [ 774836.139596797293052, 8982051.563613357022405 ], [ 774836.196605921140872, 8982051.604576040059328 ], [ 774836.255017487565055, 8982051.643512789160013 ], [ 774836.314759533968754, 8982051.680375635623932 ], [ 774836.375758458394557, 8982051.715119164437056 ], [ 774836.437939110444859, 8982051.74770057015121 ], [ 774836.501224883832037, 8982051.778079716488719 ], [ 774836.565537810674869, 8982051.806219171732664 ], [ 774836.630798657890409, 8982051.832084272056818 ], [ 774836.696927024400793, 8982051.855643149465322 ], [ 774836.763841440319084, 8982051.876866780221462 ], [ 774836.831459467299283, 8982051.895729016512632 ], [ 774836.899697800516151, 8982051.912206619977951 ], [ 774836.968472370412201, 8982051.926279291510582 ], [ 774837.037698447005823, 8982051.937929693609476 ], [ 774837.107290744315833, 8982051.947143472731113 ], [ 774837.17716352478601, 8982051.953909276053309 ], [ 774837.247230705572292, 8982051.958218770101666 ], [ 774837.317405964131467, 8982051.960066644474864 ], [ 774837.387602844974026, 8982051.95945062302053 ], [ 774837.457734865718521, 8982051.956371465697885 ], [ 774837.527715624193661, 8982051.950832962989807 ], [ 774837.597458904259838, 8982051.942841941490769 ], [ 774837.666878782678396, 8982051.93240824341774 ], [ 774837.735889734467492, 8982051.919544726610184 ], [ 774837.804406738374382, 8982051.90426723472774 ], [ 774837.872345381765626, 8982051.886594593524933 ], [ 774837.939621964585967, 8982051.86654857173562 ], [ 774838.006153602385893, 8982051.844153868034482 ], [ 774838.07185832853429, 8982051.819438073784113 ], [ 774838.136655195034109, 8982051.792431637644768 ], [ 774838.200464372523129, 8982051.763167830184102 ], [ 774838.263207248295657, 8982051.731682704761624 ], [ 774838.324806523509324, 8982051.698015050962567 ], [ 774838.385186308063567, 8982051.662206349894404 ], [ 774838.444272214430384, 8982051.62430071271956 ], [ 774838.501991449040361, 8982051.584344843402505 ], [ 774838.558272901922464, 8982051.542387966066599 ], [ 774838.613047234714031, 8982051.498481769114733 ], [ 774838.66624696564395, 8982051.452680349349976 ], [ 774838.717806552886032, 8982051.405040130019188 ], [ 774838.767662475351244, 8982051.355619803071022 ], [ 774838.815753310685977, 8982051.304480258375406 ], [ 774838.862019811174832, 8982051.251684496179223 ], [ 774838.906404976733029, 8982051.197297561913729 ], [ 774838.948854125104845, 8982051.141386460512877 ], [ 774838.98931495915167, 8982051.084020072594285 ], [ 774839.027737631113268, 8982051.025269072502851 ], [ 774839.064074804657139, 8982050.96520584449172 ], [ 774839.098281712504104, 8982050.90390438400209 ], [ 774839.130316211842, 8982050.841440215706825 ], [ 774839.160138836246915, 8982050.777890292927623 ], [ 774839.187712844577618, 8982050.71333291195333 ], [ 774839.213004265562631, 8982050.647847604006529 ], [ 774839.235981940524653, 8982050.581515047699213 ], [ 774839.256617560866289, 8982050.51441696472466 ], [ 774839.274885703809559, 8982050.446636019274592 ], [ 774839.290763862896711, 8982050.378255717456341 ], [ 774839.30423247627914, 8982050.30936030484736 ], [ 774839.31527495093178, 8982050.240034656599164 ], [ 774839.323877682327293, 8982050.170364186167717 ], [ 774839.330030072131194, 8982050.100434724241495 ], [ 774839.333724540425465, 8982050.030332423746586 ], [ 774839.334956535836682, 8982049.960143651813269 ] ] ] ] } },
{ "type": "Feature", "properties": { "LAYER": "MBox", "GM_TYPE": "Unknown Area Type", "ELEVATION": null, "path": "D:/TGS GEOJSON/add data baru/Oebaba add/09_oe_ar_mbox.geojson" }, "geometry": { "type": "MultiPolygon", "coordinates": [ [ [ [ 775265.682190108578652, 8982016.478271286934614 ], [ 775265.680958113167435, 8982016.408082515001297 ], [ 775265.677263644873165, 8982016.337980214506388 ], [ 775265.671111255069263, 8982016.268050752580166 ], [ 775265.66250852367375, 8982016.198380282148719 ], [ 775265.65146604902111, 8982016.129054633900523 ], [ 775265.637997435638681, 8982016.060159221291542 ], [ 775265.62211927655153, 8982015.99177891947329 ], [ 775265.603851133608259, 8982015.923997974023223 ], [ 775265.583215513266623, 8982015.85689989104867 ], [ 775265.560237838304602, 8982015.790567334741354 ], [ 775265.534946417319588, 8982015.725082026794553 ], [ 775265.507372408988886, 8982015.66052464582026 ], [ 775265.477549784583971, 8982015.596974723041058 ], [ 775265.445515285246074, 8982015.534510554745793 ], [ 775265.411308377399109, 8982015.473209094256163 ], [ 775265.374971203855239, 8982015.413145866245031 ], [ 775265.336548531893641, 8982015.354394866153598 ], [ 775265.296087697846815, 8982015.297028478235006 ], [ 775265.253638549474999, 8982015.241117376834154 ], [ 775265.209253383916803, 8982015.18673044256866 ], [ 775265.162986883427948, 8982015.133934680372477 ], [ 775265.114896048093215, 8982015.082795135676861 ], [ 775265.065040125628002, 8982015.033374808728695 ], [ 775265.01348053838592, 8982014.985734589397907 ], [ 775264.960280807456002, 8982014.93993316963315 ], [ 775264.905506474664435, 8982014.896026972681284 ], [ 775264.849225021782331, 8982014.854070095345378 ], [ 775264.791505787172355, 8982014.814114226028323 ], [ 775264.732419880805537, 8982014.776208588853478 ], [ 775264.672040096251294, 8982014.740399887785316 ], [ 775264.610440821037628, 8982014.706732233986259 ], [ 775264.547697945265099, 8982014.675247108563781 ], [ 775264.483888767776079, 8982014.645983301103115 ], [ 775264.419091901276261, 8982014.61897686496377 ], [ 775264.353387175127864, 8982014.594261070713401 ], [ 775264.286855537327938, 8982014.571866367012262 ], [ 775264.219578954507597, 8982014.55182034522295 ], [ 775264.151640311116353, 8982014.534147704020143 ], [ 775264.083123307209462, 8982014.518870212137699 ], [ 775264.014112355420366, 8982014.506006695330143 ], [ 775263.944692477001809, 8982014.495572997257113 ], [ 775263.874949196935631, 8982014.487581975758076 ], [ 775263.804968438460492, 8982014.482043473049998 ], [ 775263.734836417715997, 8982014.478964315727353 ], [ 775263.664639536873437, 8982014.478348294273019 ], [ 775263.594464278314263, 8982014.480196168646216 ], [ 775263.524397097527981, 8982014.484505662694573 ], [ 775263.454524317057803, 8982014.491271466016769 ], [ 775263.384932019747794, 8982014.500485245138407 ], [ 775263.315705943154171, 8982014.512135647237301 ], [ 775263.246931373258121, 8982014.526208318769932 ], [ 775263.178693040041253, 8982014.54268592223525 ], [ 775263.111075013061054, 8982014.561548158526421 ], [ 775263.044160597142763, 8982014.58277178928256 ], [ 775262.97803223063238, 8982014.606330666691065 ], [ 775262.912771383416839, 8982014.632195767015219 ], [ 775262.848458456574008, 8982014.660335222259164 ], [ 775262.785172683186829, 8982014.690714368596673 ], [ 775262.722992031136528, 8982014.723295774310827 ], [ 775262.661993106710725, 8982014.758039303123951 ], [ 775262.602251060307026, 8982014.79490214958787 ], [ 775262.543839493882842, 8982014.833838898688555 ], [ 775262.486830370035022, 8982014.874801581725478 ], [ 775262.43129392398987, 8982014.917739732190967 ], [ 775262.377298576175235, 8982014.962600449100137 ], [ 775262.324910848867148, 8982015.009328465908766 ], [ 775262.274195283185691, 8982015.057866213843226 ], [ 775262.225214360747486, 8982015.108153894543648 ], [ 775262.178028425667435, 8982015.160129552707076 ], [ 775262.132695610751398, 8982015.213729156181216 ], [ 775262.089271766017191, 8982015.268886668607593 ], [ 775262.047810389311053, 8982015.325534138828516 ], [ 775262.008362560882233, 8982015.38360177539289 ], [ 775261.970976880285889, 8982015.443018039688468 ], [ 775261.935699406545609, 8982015.503709729760885 ], [ 775261.902573601226322, 8982015.565602077171206 ], [ 775261.871640275232494, 8982015.628618827089667 ], [ 775261.842937538400292, 8982015.692682346329093 ], [ 775261.816500752116553, 8982015.75771370716393 ], [ 775261.792362486594357, 8982015.823632791638374 ], [ 775261.770552479894832, 8982015.89035838842392 ], [ 775261.751097602071241, 8982015.957808289676905 ], [ 775261.734021821175702, 8982016.025899400934577 ], [ 775261.719346174737439, 8982016.09454783052206 ], [ 775261.707088742870837, 8982016.163669005036354 ], [ 775261.697264626855031, 8982016.233177769929171 ], [ 775261.689885929925367, 8982016.302988488227129 ], [ 775261.684961742488667, 8982016.373015154153109 ], [ 775261.682498131180182, 8982016.443171495571733 ], [ 775261.682498131180182, 8982016.513371078297496 ], [ 775261.684961742488667, 8982016.58352741971612 ], [ 775261.689885929925367, 8982016.653554085642099 ], [ 775261.697264626855031, 8982016.723364803940058 ], [ 775261.707088742870837, 8982016.792873568832874 ], [ 775261.719346174737439, 8982016.861994743347168 ], [ 775261.734021821175702, 8982016.930643172934651 ], [ 775261.751097602071241, 8982016.998734284192324 ], [ 775261.770552479894832, 8982017.066184185445309 ], [ 775261.792362486594357, 8982017.132909782230854 ], [ 775261.816500752116553, 8982017.198828866705298 ], [ 775261.842937538400292, 8982017.263860227540135 ], [ 775261.871640275232494, 8982017.327923746779561 ], [ 775261.902573601226322, 8982017.390940496698022 ], [ 775261.935699406545609, 8982017.452832844108343 ], [ 775261.970976880285889, 8982017.51352453418076 ], [ 775262.008362560882233, 8982017.572940798476338 ], [ 775262.047810389311053, 8982017.631008435040712 ], [ 775262.089271766017191, 8982017.687655905261636 ], [ 775262.132695610751398, 8982017.742813417688012 ], [ 775262.178028425667435, 8982017.796413021162152 ], [ 775262.225214360747486, 8982017.848388679325581 ], [ 775262.274195283185691, 8982017.898676360026002 ], [ 775262.324910848867148, 8982017.947214107960463 ], [ 775262.377298576175235, 8982017.993942124769092 ], [ 775262.43129392398987, 8982018.038802841678262 ], [ 775262.486830370035022, 8982018.08174099214375 ], [ 775262.543839493882842, 8982018.122703675180674 ], [ 775262.602251060307026, 8982018.161640424281359 ], [ 775262.661993106710725, 8982018.198503270745277 ], [ 775262.722992031136528, 8982018.233246799558401 ], [ 775262.785172683186829, 8982018.265828205272555 ], [ 775262.848458456574008, 8982018.296207351610065 ], [ 775262.912771383416839, 8982018.32434680685401 ], [ 775262.97803223063238, 8982018.350211907178164 ], [ 775263.044160597142763, 8982018.373770784586668 ], [ 775263.111075013061054, 8982018.394994415342808 ], [ 775263.178693040041253, 8982018.413856651633978 ], [ 775263.246931373258121, 8982018.430334255099297 ], [ 775263.315705943154171, 8982018.444406926631927 ], [ 775263.384932019747794, 8982018.456057328730822 ], [ 775263.454524317057803, 8982018.465271107852459 ], [ 775263.524397097527981, 8982018.472036911174655 ], [ 775263.594464278314263, 8982018.476346405223012 ], [ 775263.664639536873437, 8982018.47819427959621 ], [ 775263.734836417715997, 8982018.477578258141875 ], [ 775263.804968438460492, 8982018.47449910081923 ], [ 775263.874949196935631, 8982018.468960598111153 ], [ 775263.944692477001809, 8982018.460969576612115 ], [ 775264.014112355420366, 8982018.450535878539085 ], [ 775264.083123307209462, 8982018.437672361731529 ], [ 775264.151640311116353, 8982018.422394869849086 ], [ 775264.219578954507597, 8982018.404722228646278 ], [ 775264.286855537327938, 8982018.384676206856966 ], [ 775264.353387175127864, 8982018.362281503155828 ], [ 775264.419091901276261, 8982018.337565708905458 ], [ 775264.483888767776079, 8982018.310559272766113 ], [ 775264.547697945265099, 8982018.281295465305448 ], [ 775264.610440821037628, 8982018.24981033988297 ], [ 775264.672040096251294, 8982018.216142686083913 ], [ 775264.732419880805537, 8982018.18033398501575 ], [ 775264.791505787172355, 8982018.142428347840905 ], [ 775264.849225021782331, 8982018.10247247852385 ], [ 775264.905506474664435, 8982018.060515601187944 ], [ 775264.960280807456002, 8982018.016609404236078 ], [ 775265.01348053838592, 8982017.970807984471321 ], [ 775265.065040125628002, 8982017.923167765140533 ], [ 775265.114896048093215, 8982017.873747438192368 ], [ 775265.162986883427948, 8982017.822607893496752 ], [ 775265.209253383916803, 8982017.769812131300569 ], [ 775265.253638549474999, 8982017.715425197035074 ], [ 775265.296087697846815, 8982017.659514095634222 ], [ 775265.336548531893641, 8982017.602147707715631 ], [ 775265.374971203855239, 8982017.543396707624197 ], [ 775265.411308377399109, 8982017.483333479613066 ], [ 775265.445515285246074, 8982017.422032019123435 ], [ 775265.477549784583971, 8982017.359567850828171 ], [ 775265.507372408988886, 8982017.296017928048968 ], [ 775265.534946417319588, 8982017.231460547074676 ], [ 775265.560237838304602, 8982017.165975239127874 ], [ 775265.583215513266623, 8982017.099642682820559 ], [ 775265.603851133608259, 8982017.032544599846005 ], [ 775265.62211927655153, 8982016.964763654395938 ], [ 775265.637997435638681, 8982016.896383352577686 ], [ 775265.65146604902111, 8982016.827487939968705 ], [ 775265.66250852367375, 8982016.75816229172051 ], [ 775265.671111255069263, 8982016.688491821289062 ], [ 775265.677263644873165, 8982016.618562359362841 ], [ 775265.680958113167435, 8982016.548460058867931 ], [ 775265.682190108578652, 8982016.478271286934614 ] ] ] ] } },
{ "type": "Feature", "properties": { "LAYER": "MBox", "GM_TYPE": "Unknown Area Type", "ELEVATION": null, "path": "D:/TGS GEOJSON/add data baru/Oebaba add/09_oe_ar_mbox.geojson" }, "geometry": { "type": "MultiPolygon", "coordinates": [ [ [ [ 772776.315870069665834, 8980769.376419145613909 ], [ 772776.314638074254617, 8980769.306230373680592 ], [ 772776.310943605960347, 8980769.236128073185682 ], [ 772776.304791216156445, 8980769.16619861125946 ], [ 772776.296188484760933, 8980769.096528140828013 ], [ 772776.285146010108292, 8980769.027202492579818 ], [ 772776.271677396725863, 8980768.958307079970837 ], [ 772776.255799237638712, 8980768.889926778152585 ], [ 772776.237531094695441, 8980768.822145832702518 ], [ 772776.216895474353805, 8980768.755047749727964 ], [ 772776.193917799391784, 8980768.688715193420649 ], [ 772776.168626378406771, 8980768.623229885473847 ], [ 772776.141052370076068, 8980768.558672504499555 ], [ 772776.111229745671153, 8980768.495122581720352 ], [ 772776.079195246333256, 8980768.432658413425088 ], [ 772776.044988338486291, 8980768.371356952935457 ], [ 772776.008651164942421, 8980768.311293724924326 ], [ 772775.970228492980823, 8980768.252542724832892 ], [ 772775.929767658933997, 8980768.195176336914301 ], [ 772775.887318510562181, 8980768.139265235513449 ], [ 772775.842933345003985, 8980768.084878301247954 ], [ 772775.79666684451513, 8980768.032082539051771 ], [ 772775.748576009180397, 8980767.980942994356155 ], [ 772775.698720086715184, 8980767.93152266740799 ], [ 772775.647160499473102, 8980767.883882448077202 ], [ 772775.593960768543184, 8980767.838081028312445 ], [ 772775.539186435751617, 8980767.794174831360579 ], [ 772775.482904982869513, 8980767.752217954024673 ], [ 772775.425185748259537, 8980767.712262084707618 ], [ 772775.366099841892719, 8980767.674356447532773 ], [ 772775.305720057338476, 8980767.63854774646461 ], [ 772775.24412078212481, 8980767.604880092665553 ], [ 772775.181377906352282, 8980767.573394967243075 ], [ 772775.117568728863262, 8980767.54413115978241 ], [ 772775.052771862363443, 8980767.517124723643064 ], [ 772774.987067136215046, 8980767.492408929392695 ], [ 772774.92053549841512, 8980767.470014225691557 ], [ 772774.853258915594779, 8980767.449968203902245 ], [ 772774.785320272203535, 8980767.432295562699437 ], [ 772774.716803268296644, 8980767.417018070816994 ], [ 772774.647792316507548, 8980767.404154554009438 ], [ 772774.578372438088991, 8980767.393720855936408 ], [ 772774.508629158022813, 8980767.38572983443737 ], [ 772774.438648399547674, 8980767.380191331729293 ], [ 772774.368516378803179, 8980767.377112174406648 ], [ 772774.29831949796062, 8980767.376496152952313 ], [ 772774.228144239401445, 8980767.378344027325511 ], [ 772774.158077058615163, 8980767.382653521373868 ], [ 772774.088204278144985, 8980767.389419324696064 ], [ 772774.018611980834976, 8980767.398633103817701 ], [ 772773.949385904241353, 8980767.410283505916595 ], [ 772773.880611334345303, 8980767.424356177449226 ], [ 772773.812373001128435, 8980767.440833780914545 ], [ 772773.744754974148236, 8980767.459696017205715 ], [ 772773.677840558229946, 8980767.480919647961855 ], [ 772773.611712191719562, 8980767.504478525370359 ], [ 772773.546451344504021, 8980767.530343625694513 ], [ 772773.48213841766119, 8980767.558483080938458 ], [ 772773.418852644274011, 8980767.588862227275968 ], [ 772773.35667199222371, 8980767.621443632990122 ], [ 772773.295673067797907, 8980767.656187161803246 ], [ 772773.235931021394208, 8980767.693050008267164 ], [ 772773.177519454970025, 8980767.731986757367849 ], [ 772773.120510331122205, 8980767.772949440404773 ], [ 772773.064973885077052, 8980767.815887590870261 ], [ 772773.010978537262417, 8980767.860748307779431 ], [ 772772.95859080995433, 8980767.90747632458806 ], [ 772772.907875244272873, 8980767.956014072522521 ], [ 772772.858894321834669, 8980768.006301753222942 ], [ 772772.811708386754617, 8980768.058277411386371 ], [ 772772.76637557183858, 8980768.111877014860511 ], [ 772772.722951727104373, 8980768.167034527286887 ], [ 772772.681490350398235, 8980768.223681997507811 ], [ 772772.642042521969415, 8980768.281749634072185 ], [ 772772.604656841373071, 8980768.341165898367763 ], [ 772772.569379367632791, 8980768.40185758844018 ], [ 772772.536253562313505, 8980768.463749935850501 ], [ 772772.505320236319676, 8980768.526766685768962 ], [ 772772.476617499487475, 8980768.590830205008388 ], [ 772772.450180713203736, 8980768.655861565843225 ], [ 772772.426042447681539, 8980768.721780650317669 ], [ 772772.404232440982014, 8980768.788506247103214 ], [ 772772.384777563158423, 8980768.855956148356199 ], [ 772772.367701782262884, 8980768.924047259613872 ], [ 772772.353026135824621, 8980768.992695689201355 ], [ 772772.34076870395802, 8980769.061816863715649 ], [ 772772.330944587942213, 8980769.131325628608465 ], [ 772772.323565891012549, 8980769.201136346906424 ], [ 772772.31864170357585, 8980769.271163012832403 ], [ 772772.316178092267364, 8980769.341319354251027 ], [ 772772.316178092267364, 8980769.41151893697679 ], [ 772772.31864170357585, 8980769.481675278395414 ], [ 772772.323565891012549, 8980769.551701944321394 ], [ 772772.330944587942213, 8980769.621512662619352 ], [ 772772.34076870395802, 8980769.691021427512169 ], [ 772772.353026135824621, 8980769.760142602026463 ], [ 772772.367701782262884, 8980769.828791031613946 ], [ 772772.384777563158423, 8980769.896882142871618 ], [ 772772.404232440982014, 8980769.964332044124603 ], [ 772772.426042447681539, 8980770.031057640910149 ], [ 772772.450180713203736, 8980770.096976725384593 ], [ 772772.476617499487475, 8980770.16200808621943 ], [ 772772.505320236319676, 8980770.226071605458856 ], [ 772772.536253562313505, 8980770.289088355377316 ], [ 772772.569379367632791, 8980770.350980702787638 ], [ 772772.604656841373071, 8980770.411672392860055 ], [ 772772.642042521969415, 8980770.471088657155633 ], [ 772772.681490350398235, 8980770.529156293720007 ], [ 772772.722951727104373, 8980770.58580376394093 ], [ 772772.76637557183858, 8980770.640961276367307 ], [ 772772.811708386754617, 8980770.694560879841447 ], [ 772772.858894321834669, 8980770.746536538004875 ], [ 772772.907875244272873, 8980770.796824218705297 ], [ 772772.95859080995433, 8980770.845361966639757 ], [ 772773.010978537262417, 8980770.892089983448386 ], [ 772773.064973885077052, 8980770.936950700357556 ], [ 772773.120510331122205, 8980770.979888850823045 ], [ 772773.177519454970025, 8980771.020851533859968 ], [ 772773.235931021394208, 8980771.059788282960653 ], [ 772773.295673067797907, 8980771.096651129424572 ], [ 772773.35667199222371, 8980771.131394658237696 ], [ 772773.418852644274011, 8980771.16397606395185 ], [ 772773.48213841766119, 8980771.194355210289359 ], [ 772773.546451344504021, 8980771.222494665533304 ], [ 772773.611712191719562, 8980771.248359765857458 ], [ 772773.677840558229946, 8980771.271918643265963 ], [ 772773.744754974148236, 8980771.293142274022102 ], [ 772773.812373001128435, 8980771.312004510313272 ], [ 772773.880611334345303, 8980771.328482113778591 ], [ 772773.949385904241353, 8980771.342554785311222 ], [ 772774.018611980834976, 8980771.354205187410116 ], [ 772774.088204278144985, 8980771.363418966531754 ], [ 772774.158077058615163, 8980771.37018476985395 ], [ 772774.228144239401445, 8980771.374494263902307 ], [ 772774.29831949796062, 8980771.376342138275504 ], [ 772774.368516378803179, 8980771.37572611682117 ], [ 772774.438648399547674, 8980771.372646959498525 ], [ 772774.508629158022813, 8980771.367108456790447 ], [ 772774.578372438088991, 8980771.359117435291409 ], [ 772774.647792316507548, 8980771.34868373721838 ], [ 772774.716803268296644, 8980771.335820220410824 ], [ 772774.785320272203535, 8980771.32054272852838 ], [ 772774.853258915594779, 8980771.302870087325573 ], [ 772774.92053549841512, 8980771.282824065536261 ], [ 772774.987067136215046, 8980771.260429361835122 ], [ 772775.052771862363443, 8980771.235713567584753 ], [ 772775.117568728863262, 8980771.208707131445408 ], [ 772775.181377906352282, 8980771.179443323984742 ], [ 772775.24412078212481, 8980771.147958198562264 ], [ 772775.305720057338476, 8980771.114290544763207 ], [ 772775.366099841892719, 8980771.078481843695045 ], [ 772775.425185748259537, 8980771.0405762065202 ], [ 772775.482904982869513, 8980771.000620337203145 ], [ 772775.539186435751617, 8980770.958663459867239 ], [ 772775.593960768543184, 8980770.914757262915373 ], [ 772775.647160499473102, 8980770.868955843150616 ], [ 772775.698720086715184, 8980770.821315623819828 ], [ 772775.748576009180397, 8980770.771895296871662 ], [ 772775.79666684451513, 8980770.720755752176046 ], [ 772775.842933345003985, 8980770.667959989979863 ], [ 772775.887318510562181, 8980770.613573055714369 ], [ 772775.929767658933997, 8980770.557661954313517 ], [ 772775.970228492980823, 8980770.500295566394925 ], [ 772776.008651164942421, 8980770.441544566303492 ], [ 772776.044988338486291, 8980770.38148133829236 ], [ 772776.079195246333256, 8980770.32017987780273 ], [ 772776.111229745671153, 8980770.257715709507465 ], [ 772776.141052370076068, 8980770.194165786728263 ], [ 772776.168626378406771, 8980770.12960840575397 ], [ 772776.193917799391784, 8980770.064123097807169 ], [ 772776.216895474353805, 8980769.997790541499853 ], [ 772776.237531094695441, 8980769.9306924585253 ], [ 772776.255799237638712, 8980769.862911513075233 ], [ 772776.271677396725863, 8980769.794531211256981 ], [ 772776.285146010108292, 8980769.725635798648 ], [ 772776.296188484760933, 8980769.656310150399804 ], [ 772776.304791216156445, 8980769.586639679968357 ], [ 772776.310943605960347, 8980769.516710218042135 ], [ 772776.314638074254617, 8980769.446607917547226 ], [ 772776.315870069665834, 8980769.376419145613909 ] ] ] ] } },
{ "type": "Feature", "properties": { "LAYER": "MBox", "GM_TYPE": "Unknown Area Type", "ELEVATION": null, "path": "D:/TGS GEOJSON/add data baru/Oebaba add/09_oe_ar_mbox.geojson" }, "geometry": { "type": "MultiPolygon", "coordinates": [ [ [ [ 772766.536644838750362, 8980554.928561873733997 ], [ 772766.535412843339145, 8980554.85837310180068 ], [ 772766.531718375044875, 8980554.788270801305771 ], [ 772766.525565985240974, 8980554.718341339379549 ], [ 772766.516963253845461, 8980554.648670868948102 ], [ 772766.50592077919282, 8980554.579345220699906 ], [ 772766.492452165810391, 8980554.510449808090925 ], [ 772766.47657400672324, 8980554.442069506272674 ], [ 772766.45830586377997, 8980554.374288560822606 ], [ 772766.437670243438333, 8980554.307190477848053 ], [ 772766.414692568476312, 8980554.240857921540737 ], [ 772766.389401147491299, 8980554.175372613593936 ], [ 772766.361827139160596, 8980554.110815232619643 ], [ 772766.332004514755681, 8980554.047265309840441 ], [ 772766.299970015417784, 8980553.984801141545177 ], [ 772766.26576310757082, 8980553.923499681055546 ], [ 772766.229425934026949, 8980553.863436453044415 ], [ 772766.191003262065351, 8980553.804685452952981 ], [ 772766.150542428018525, 8980553.747319065034389 ], [ 772766.10809327964671, 8980553.691407963633537 ], [ 772766.063708114088513, 8980553.637021029368043 ], [ 772766.017441613599658, 8980553.58422526717186 ], [ 772765.969350778264925, 8980553.533085722476244 ], [ 772765.919494855799712, 8980553.483665395528078 ], [ 772765.86793526855763, 8980553.43602517619729 ], [ 772765.814735537627712, 8980553.390223756432533 ], [ 772765.759961204836145, 8980553.346317559480667 ], [ 772765.703679751954041, 8980553.304360682144761 ], [ 772765.645960517344065, 8980553.264404812827706 ], [ 772765.586874610977247, 8980553.226499175652862 ], [ 772765.526494826423004, 8980553.190690474584699 ], [ 772765.464895551209338, 8980553.157022820785642 ], [ 772765.40215267543681, 8980553.125537695363164 ], [ 772765.33834349794779, 8980553.096273887902498 ], [ 772765.273546631447971, 8980553.069267451763153 ], [ 772765.207841905299574, 8980553.044551657512784 ], [ 772765.141310267499648, 8980553.022156953811646 ], [ 772765.074033684679307, 8980553.002110932022333 ], [ 772765.006095041288063, 8980552.984438290819526 ], [ 772764.937578037381172, 8980552.969160798937082 ], [ 772764.868567085592076, 8980552.956297282129526 ], [ 772764.799147207173519, 8980552.945863584056497 ], [ 772764.729403927107342, 8980552.937872562557459 ], [ 772764.659423168632202, 8980552.932334059849381 ], [ 772764.589291147887707, 8980552.929254902526736 ], [ 772764.519094267045148, 8980552.928638881072402 ], [ 772764.448919008485973, 8980552.9304867554456 ], [ 772764.378851827699691, 8980552.934796249493957 ], [ 772764.308979047229514, 8980552.941562052816153 ], [ 772764.239386749919504, 8980552.95077583193779 ], [ 772764.170160673325881, 8980552.962426234036684 ], [ 772764.101386103429832, 8980552.976498905569315 ], [ 772764.033147770212963, 8980552.992976509034634 ], [ 772763.965529743232764, 8980553.011838745325804 ], [ 772763.898615327314474, 8980553.033062376081944 ], [ 772763.83248696080409, 8980553.056621253490448 ], [ 772763.767226113588549, 8980553.082486353814602 ], [ 772763.702913186745718, 8980553.110625809058547 ], [ 772763.639627413358539, 8980553.141004955396056 ], [ 772763.577446761308238, 8980553.17358636111021 ], [ 772763.516447836882435, 8980553.208329889923334 ], [ 772763.456705790478736, 8980553.245192736387253 ], [ 772763.398294224054553, 8980553.284129485487938 ], [ 772763.341285100206733, 8980553.325092168524861 ], [ 772763.28574865416158, 8980553.36803031899035 ], [ 772763.231753306346945, 8980553.41289103589952 ], [ 772763.179365579038858, 8980553.459619052708149 ], [ 772763.128650013357401, 8980553.50815680064261 ], [ 772763.079669090919197, 8980553.558444481343031 ], [ 772763.032483155839145, 8980553.610420139506459 ], [ 772762.987150340923108, 8980553.664019742980599 ], [ 772762.943726496188901, 8980553.719177255406976 ], [ 772762.902265119482763, 8980553.775824725627899 ], [ 772762.862817291053943, 8980553.833892362192273 ], [ 772762.825431610457599, 8980553.893308626487851 ], [ 772762.790154136717319, 8980553.954000316560268 ], [ 772762.757028331398033, 8980554.01589266397059 ], [ 772762.726095005404204, 8980554.07890941388905 ], [ 772762.697392268572003, 8980554.142972933128476 ], [ 772762.670955482288264, 8980554.208004293963313 ], [ 772762.646817216766067, 8980554.273923378437757 ], [ 772762.625007210066542, 8980554.340648975223303 ], [ 772762.605552332242951, 8980554.408098876476288 ], [ 772762.588476551347412, 8980554.47618998773396 ], [ 772762.573800904909149, 8980554.544838417321444 ], [ 772762.561543473042548, 8980554.613959591835737 ], [ 772762.551719357026741, 8980554.683468356728554 ], [ 772762.544340660097077, 8980554.753279075026512 ], [ 772762.539416472660378, 8980554.823305740952492 ], [ 772762.536952861351892, 8980554.893462082371116 ], [ 772762.536952861351892, 8980554.963661665096879 ], [ 772762.539416472660378, 8980555.033818006515503 ], [ 772762.544340660097077, 8980555.103844672441483 ], [ 772762.551719357026741, 8980555.173655390739441 ], [ 772762.561543473042548, 8980555.243164155632257 ], [ 772762.573800904909149, 8980555.312285330146551 ], [ 772762.588476551347412, 8980555.380933759734035 ], [ 772762.605552332242951, 8980555.449024870991707 ], [ 772762.625007210066542, 8980555.516474772244692 ], [ 772762.646817216766067, 8980555.583200369030237 ], [ 772762.670955482288264, 8980555.649119453504682 ], [ 772762.697392268572003, 8980555.714150814339519 ], [ 772762.726095005404204, 8980555.778214333578944 ], [ 772762.757028331398033, 8980555.841231083497405 ], [ 772762.790154136717319, 8980555.903123430907726 ], [ 772762.825431610457599, 8980555.963815120980144 ], [ 772762.862817291053943, 8980556.023231385275722 ], [ 772762.902265119482763, 8980556.081299021840096 ], [ 772762.943726496188901, 8980556.137946492061019 ], [ 772762.987150340923108, 8980556.193104004487395 ], [ 772763.032483155839145, 8980556.246703607961535 ], [ 772763.079669090919197, 8980556.298679266124964 ], [ 772763.128650013357401, 8980556.348966946825385 ], [ 772763.179365579038858, 8980556.397504694759846 ], [ 772763.231753306346945, 8980556.444232711568475 ], [ 772763.28574865416158, 8980556.489093428477645 ], [ 772763.341285100206733, 8980556.532031578943133 ], [ 772763.398294224054553, 8980556.572994261980057 ], [ 772763.456705790478736, 8980556.611931011080742 ], [ 772763.516447836882435, 8980556.648793857544661 ], [ 772763.577446761308238, 8980556.683537386357784 ], [ 772763.639627413358539, 8980556.716118792071939 ], [ 772763.702913186745718, 8980556.746497938409448 ], [ 772763.767226113588549, 8980556.774637393653393 ], [ 772763.83248696080409, 8980556.800502493977547 ], [ 772763.898615327314474, 8980556.824061371386051 ], [ 772763.965529743232764, 8980556.845285002142191 ], [ 772764.033147770212963, 8980556.864147238433361 ], [ 772764.101386103429832, 8980556.88062484189868 ], [ 772764.170160673325881, 8980556.894697513431311 ], [ 772764.239386749919504, 8980556.906347915530205 ], [ 772764.308979047229514, 8980556.915561694651842 ], [ 772764.378851827699691, 8980556.922327497974038 ], [ 772764.448919008485973, 8980556.926636992022395 ], [ 772764.519094267045148, 8980556.928484866395593 ], [ 772764.589291147887707, 8980556.927868844941258 ], [ 772764.659423168632202, 8980556.924789687618613 ], [ 772764.729403927107342, 8980556.919251184910536 ], [ 772764.799147207173519, 8980556.911260163411498 ], [ 772764.868567085592076, 8980556.900826465338469 ], [ 772764.937578037381172, 8980556.887962948530912 ], [ 772765.006095041288063, 8980556.872685456648469 ], [ 772765.074033684679307, 8980556.855012815445662 ], [ 772765.141310267499648, 8980556.834966793656349 ], [ 772765.207841905299574, 8980556.812572089955211 ], [ 772765.273546631447971, 8980556.787856295704842 ], [ 772765.33834349794779, 8980556.760849859565496 ], [ 772765.40215267543681, 8980556.731586052104831 ], [ 772765.464895551209338, 8980556.700100926682353 ], [ 772765.526494826423004, 8980556.666433272883296 ], [ 772765.586874610977247, 8980556.630624571815133 ], [ 772765.645960517344065, 8980556.592718934640288 ], [ 772765.703679751954041, 8980556.552763065323234 ], [ 772765.759961204836145, 8980556.510806187987328 ], [ 772765.814735537627712, 8980556.466899991035461 ], [ 772765.86793526855763, 8980556.421098571270704 ], [ 772765.919494855799712, 8980556.373458351939917 ], [ 772765.969350778264925, 8980556.324038024991751 ], [ 772766.017441613599658, 8980556.272898480296135 ], [ 772766.063708114088513, 8980556.220102718099952 ], [ 772766.10809327964671, 8980556.165715783834457 ], [ 772766.150542428018525, 8980556.109804682433605 ], [ 772766.191003262065351, 8980556.052438294515014 ], [ 772766.229425934026949, 8980555.99368729442358 ], [ 772766.26576310757082, 8980555.933624066412449 ], [ 772766.299970015417784, 8980555.872322605922818 ], [ 772766.332004514755681, 8980555.809858437627554 ], [ 772766.361827139160596, 8980555.746308514848351 ], [ 772766.389401147491299, 8980555.681751133874059 ], [ 772766.414692568476312, 8980555.616265825927258 ], [ 772766.437670243438333, 8980555.549933269619942 ], [ 772766.45830586377997, 8980555.482835186645389 ], [ 772766.47657400672324, 8980555.415054241195321 ], [ 772766.492452165810391, 8980555.346673939377069 ], [ 772766.50592077919282, 8980555.277778526768088 ], [ 772766.516963253845461, 8980555.208452878519893 ], [ 772766.525565985240974, 8980555.138782408088446 ], [ 772766.531718375044875, 8980555.068852946162224 ], [ 772766.535412843339145, 8980554.998750645667315 ], [ 772766.536644838750362, 8980554.928561873733997 ] ] ] ] } },
{ "type": "Feature", "properties": { "LAYER": "MBox", "GM_TYPE": "Unknown Area Type", "ELEVATION": null, "path": "D:/TGS GEOJSON/add data baru/Oebaba add/09_oe_ar_mbox.geojson" }, "geometry": { "type": "MultiPolygon", "coordinates": [ [ [ [ 772852.685873821377754, 8982418.649631142616272 ], [ 772852.684641825966537, 8982418.579442370682955 ], [ 772852.680947357672267, 8982418.509340070188046 ], [ 772852.674794967868365, 8982418.439410608261824 ], [ 772852.666192236472853, 8982418.369740137830377 ], [ 772852.655149761820212, 8982418.300414489582181 ], [ 772852.641681148437783, 8982418.2315190769732 ], [ 772852.625802989350632, 8982418.163138775154948 ], [ 772852.607534846407361, 8982418.095357829704881 ], [ 772852.586899226065725, 8982418.028259746730328 ], [ 772852.563921551103704, 8982417.961927190423012 ], [ 772852.53863013011869, 8982417.896441882476211 ], [ 772852.511056121787988, 8982417.831884501501918 ], [ 772852.481233497383073, 8982417.768334578722715 ], [ 772852.449198998045176, 8982417.705870410427451 ], [ 772852.414992090198211, 8982417.64456894993782 ], [ 772852.378654916654341, 8982417.584505721926689 ], [ 772852.340232244692743, 8982417.525754721835256 ], [ 772852.299771410645917, 8982417.468388333916664 ], [ 772852.257322262274101, 8982417.412477232515812 ], [ 772852.212937096715905, 8982417.358090298250318 ], [ 772852.16667059622705, 8982417.305294536054134 ], [ 772852.118579760892317, 8982417.254154991358519 ], [ 772852.068723838427104, 8982417.204734664410353 ], [ 772852.017164251185022, 8982417.157094445079565 ], [ 772851.963964520255104, 8982417.111293025314808 ], [ 772851.909190187463537, 8982417.067386828362942 ], [ 772851.852908734581433, 8982417.025429951027036 ], [ 772851.795189499971457, 8982416.985474081709981 ], [ 772851.736103593604639, 8982416.947568444535136 ], [ 772851.675723809050396, 8982416.911759743466973 ], [ 772851.61412453383673, 8982416.878092089667916 ], [ 772851.551381658064201, 8982416.846606964245439 ], [ 772851.487572480575182, 8982416.817343156784773 ], [ 772851.422775614075363, 8982416.790336720645428 ], [ 772851.357070887926966, 8982416.765620926395059 ], [ 772851.29053925012704, 8982416.74322622269392 ], [ 772851.223262667306699, 8982416.723180200904608 ], [ 772851.155324023915455, 8982416.7055075597018 ], [ 772851.086807020008564, 8982416.690230067819357 ], [ 772851.017796068219468, 8982416.677366551011801 ], [ 772850.948376189800911, 8982416.666932852938771 ], [ 772850.878632909734733, 8982416.658941831439734 ], [ 772850.808652151259594, 8982416.653403328731656 ], [ 772850.738520130515099, 8982416.650324171409011 ], [ 772850.66832324967254, 8982416.649708149954677 ], [ 772850.598147991113365, 8982416.651556024327874 ], [ 772850.528080810327083, 8982416.655865518376231 ], [ 772850.458208029856905, 8982416.662631321698427 ], [ 772850.388615732546896, 8982416.671845100820065 ], [ 772850.319389655953273, 8982416.683495502918959 ], [ 772850.250615086057223, 8982416.69756817445159 ], [ 772850.182376752840355, 8982416.714045777916908 ], [ 772850.114758725860156, 8982416.732908014208078 ], [ 772850.047844309941866, 8982416.754131644964218 ], [ 772849.981715943431482, 8982416.777690522372723 ], [ 772849.916455096215941, 8982416.803555622696877 ], [ 772849.85214216937311, 8982416.831695077940822 ], [ 772849.788856395985931, 8982416.862074224278331 ], [ 772849.72667574393563, 8982416.894655629992485 ], [ 772849.665676819509827, 8982416.929399158805609 ], [ 772849.605934773106128, 8982416.966262005269527 ], [ 772849.547523206681944, 8982417.005198754370213 ], [ 772849.490514082834125, 8982417.046161437407136 ], [ 772849.434977636788972, 8982417.089099587872624 ], [ 772849.380982288974337, 8982417.133960304781795 ], [ 772849.32859456166625, 8982417.180688321590424 ], [ 772849.277878995984793, 8982417.229226069524884 ], [ 772849.228898073546588, 8982417.279513750225306 ], [ 772849.181712138466537, 8982417.331489408388734 ], [ 772849.1363793235505, 8982417.385089011862874 ], [ 772849.092955478816293, 8982417.44024652428925 ], [ 772849.051494102110155, 8982417.496893994510174 ], [ 772849.012046273681335, 8982417.554961631074548 ], [ 772848.974660593084991, 8982417.614377895370126 ], [ 772848.939383119344711, 8982417.675069585442543 ], [ 772848.906257314025424, 8982417.736961932852864 ], [ 772848.875323988031596, 8982417.799978682771325 ], [ 772848.846621251199394, 8982417.864042202010751 ], [ 772848.820184464915656, 8982417.929073562845588 ], [ 772848.796046199393459, 8982417.994992647320032 ], [ 772848.774236192693934, 8982418.061718244105577 ], [ 772848.754781314870343, 8982418.129168145358562 ], [ 772848.737705533974804, 8982418.197259256616235 ], [ 772848.723029887536541, 8982418.265907686203718 ], [ 772848.71077245566994, 8982418.335028860718012 ], [ 772848.700948339654133, 8982418.404537625610828 ], [ 772848.693569642724469, 8982418.474348343908787 ], [ 772848.688645455287769, 8982418.544375009834766 ], [ 772848.686181843979284, 8982418.61453135125339 ], [ 772848.686181843979284, 8982418.684730933979154 ], [ 772848.688645455287769, 8982418.754887275397778 ], [ 772848.693569642724469, 8982418.824913941323757 ], [ 772848.700948339654133, 8982418.894724659621716 ], [ 772848.71077245566994, 8982418.964233424514532 ], [ 772848.723029887536541, 8982419.033354599028826 ], [ 772848.737705533974804, 8982419.102003028616309 ], [ 772848.754781314870343, 8982419.170094139873981 ], [ 772848.774236192693934, 8982419.237544041126966 ], [ 772848.796046199393459, 8982419.304269637912512 ], [ 772848.820184464915656, 8982419.370188722386956 ], [ 772848.846621251199394, 8982419.435220083221793 ], [ 772848.875323988031596, 8982419.499283602461219 ], [ 772848.906257314025424, 8982419.56230035237968 ], [ 772848.939383119344711, 8982419.624192699790001 ], [ 772848.974660593084991, 8982419.684884389862418 ], [ 772849.012046273681335, 8982419.744300654157996 ], [ 772849.051494102110155, 8982419.80236829072237 ], [ 772849.092955478816293, 8982419.859015760943294 ], [ 772849.1363793235505, 8982419.91417327336967 ], [ 772849.181712138466537, 8982419.96777287684381 ], [ 772849.228898073546588, 8982420.019748535007238 ], [ 772849.277878995984793, 8982420.07003621570766 ], [ 772849.32859456166625, 8982420.11857396364212 ], [ 772849.380982288974337, 8982420.165301980450749 ], [ 772849.434977636788972, 8982420.21016269735992 ], [ 772849.490514082834125, 8982420.253100847825408 ], [ 772849.547523206681944, 8982420.294063530862331 ], [ 772849.605934773106128, 8982420.333000279963017 ], [ 772849.665676819509827, 8982420.369863126426935 ], [ 772849.72667574393563, 8982420.404606655240059 ], [ 772849.788856395985931, 8982420.437188060954213 ], [ 772849.85214216937311, 8982420.467567207291722 ], [ 772849.916455096215941, 8982420.495706662535667 ], [ 772849.981715943431482, 8982420.521571762859821 ], [ 772850.047844309941866, 8982420.545130640268326 ], [ 772850.114758725860156, 8982420.566354271024466 ], [ 772850.182376752840355, 8982420.585216507315636 ], [ 772850.250615086057223, 8982420.601694110780954 ], [ 772850.319389655953273, 8982420.615766782313585 ], [ 772850.388615732546896, 8982420.627417184412479 ], [ 772850.458208029856905, 8982420.636630963534117 ], [ 772850.528080810327083, 8982420.643396766856313 ], [ 772850.598147991113365, 8982420.64770626090467 ], [ 772850.66832324967254, 8982420.649554135277867 ], [ 772850.738520130515099, 8982420.648938113823533 ], [ 772850.808652151259594, 8982420.645858956500888 ], [ 772850.878632909734733, 8982420.64032045379281 ], [ 772850.948376189800911, 8982420.632329432293773 ], [ 772851.017796068219468, 8982420.621895734220743 ], [ 772851.086807020008564, 8982420.609032217413187 ], [ 772851.155324023915455, 8982420.593754725530744 ], [ 772851.223262667306699, 8982420.576082084327936 ], [ 772851.29053925012704, 8982420.556036062538624 ], [ 772851.357070887926966, 8982420.533641358837485 ], [ 772851.422775614075363, 8982420.508925564587116 ], [ 772851.487572480575182, 8982420.481919128447771 ], [ 772851.551381658064201, 8982420.452655320987105 ], [ 772851.61412453383673, 8982420.421170195564628 ], [ 772851.675723809050396, 8982420.387502541765571 ], [ 772851.736103593604639, 8982420.351693840697408 ], [ 772851.795189499971457, 8982420.313788203522563 ], [ 772851.852908734581433, 8982420.273832334205508 ], [ 772851.909190187463537, 8982420.231875456869602 ], [ 772851.963964520255104, 8982420.187969259917736 ], [ 772852.017164251185022, 8982420.142167840152979 ], [ 772852.068723838427104, 8982420.094527620822191 ], [ 772852.118579760892317, 8982420.045107293874025 ], [ 772852.16667059622705, 8982419.99396774917841 ], [ 772852.212937096715905, 8982419.941171986982226 ], [ 772852.257322262274101, 8982419.886785052716732 ], [ 772852.299771410645917, 8982419.83087395131588 ], [ 772852.340232244692743, 8982419.773507563397288 ], [ 772852.378654916654341, 8982419.714756563305855 ], [ 772852.414992090198211, 8982419.654693335294724 ], [ 772852.449198998045176, 8982419.593391874805093 ], [ 772852.481233497383073, 8982419.530927706509829 ], [ 772852.511056121787988, 8982419.467377783730626 ], [ 772852.53863013011869, 8982419.402820402756333 ], [ 772852.563921551103704, 8982419.337335094809532 ], [ 772852.586899226065725, 8982419.271002538502216 ], [ 772852.607534846407361, 8982419.203904455527663 ], [ 772852.625802989350632, 8982419.136123510077596 ], [ 772852.641681148437783, 8982419.067743208259344 ], [ 772852.655149761820212, 8982418.998847795650363 ], [ 772852.666192236472853, 8982418.929522147402167 ], [ 772852.674794967868365, 8982418.85985167697072 ], [ 772852.680947357672267, 8982418.789922215044498 ], [ 772852.684641825966537, 8982418.719819914549589 ], [ 772852.685873821377754, 8982418.649631142616272 ] ] ] ] } },
{ "type": "Feature", "properties": { "LAYER": "MBox", "GM_TYPE": "Unknown Area Type", "ELEVATION": null, "path": "D:/TGS GEOJSON/add data baru/Oebaba add/09_oe_ar_mbox.geojson" }, "geometry": { "type": "MultiPolygon", "coordinates": [ [ [ [ 772845.799470657599159, 8982276.959643166512251 ], [ 772845.798238662187941, 8982276.889454394578934 ], [ 772845.794544193893671, 8982276.819352094084024 ], [ 772845.78839180408977, 8982276.749422632157803 ], [ 772845.779789072694257, 8982276.679752161726356 ], [ 772845.768746598041616, 8982276.61042651347816 ], [ 772845.755277984659187, 8982276.541531100869179 ], [ 772845.739399825572036, 8982276.473150799050927 ], [ 772845.721131682628766, 8982276.40536985360086 ], [ 772845.700496062287129, 8982276.338271770626307 ], [ 772845.677518387325108, 8982276.271939214318991 ], [ 772845.652226966340095, 8982276.20645390637219 ], [ 772845.624652958009392, 8982276.141896525397897 ], [ 772845.594830333604477, 8982276.078346602618694 ], [ 772845.562795834266581, 8982276.01588243432343 ], [ 772845.528588926419616, 8982275.954580973833799 ], [ 772845.492251752875745, 8982275.894517745822668 ], [ 772845.453829080914147, 8982275.835766745731235 ], [ 772845.413368246867321, 8982275.778400357812643 ], [ 772845.370919098495506, 8982275.722489256411791 ], [ 772845.326533932937309, 8982275.668102322146297 ], [ 772845.280267432448454, 8982275.615306559950113 ], [ 772845.232176597113721, 8982275.564167015254498 ], [ 772845.182320674648508, 8982275.514746688306332 ], [ 772845.130761087406427, 8982275.467106468975544 ], [ 772845.077561356476508, 8982275.421305049210787 ], [ 772845.022787023684941, 8982275.377398852258921 ], [ 772844.966505570802838, 8982275.335441974923015 ], [ 772844.908786336192861, 8982275.29548610560596 ], [ 772844.849700429826044, 8982275.257580468431115 ], [ 772844.7893206452718, 8982275.221771767362952 ], [ 772844.727721370058134, 8982275.188104113563895 ], [ 772844.664978494285606, 8982275.156618988141418 ], [ 772844.601169316796586, 8982275.127355180680752 ], [ 772844.536372450296767, 8982275.100348744541407 ], [ 772844.47066772414837, 8982275.075632950291038 ], [ 772844.404136086348444, 8982275.053238246589899 ], [ 772844.336859503528103, 8982275.033192224800587 ], [ 772844.268920860136859, 8982275.015519583597779 ], [ 772844.200403856229968, 8982275.000242091715336 ], [ 772844.131392904440872, 8982274.98737857490778 ], [ 772844.061973026022315, 8982274.97694487683475 ], [ 772843.992229745956138, 8982274.968953855335712 ], [ 772843.922248987480998, 8982274.963415352627635 ], [ 772843.852116966736503, 8982274.96033619530499 ], [ 772843.781920085893944, 8982274.959720173850656 ], [ 772843.711744827334769, 8982274.961568048223853 ], [ 772843.641677646548487, 8982274.96587754227221 ], [ 772843.57180486607831, 8982274.972643345594406 ], [ 772843.5022125687683, 8982274.981857124716043 ], [ 772843.432986492174678, 8982274.993507526814938 ], [ 772843.364211922278628, 8982275.007580198347569 ], [ 772843.295973589061759, 8982275.024057801812887 ], [ 772843.22835556208156, 8982275.042920038104057 ], [ 772843.16144114616327, 8982275.064143668860197 ], [ 772843.095312779652886, 8982275.087702546268702 ], [ 772843.030051932437345, 8982275.113567646592855 ], [ 772842.965739005594514, 8982275.141707101836801 ], [ 772842.902453232207336, 8982275.17208624817431 ], [ 772842.840272580157034, 8982275.204667653888464 ], [ 772842.779273655731231, 8982275.239411182701588 ], [ 772842.719531609327532, 8982275.276274029165506 ], [ 772842.661120042903349, 8982275.315210778266191 ], [ 772842.604110919055529, 8982275.356173461303115 ], [ 772842.548574473010376, 8982275.399111611768603 ], [ 772842.494579125195742, 8982275.443972328677773 ], [ 772842.442191397887655, 8982275.490700345486403 ], [ 772842.391475832206197, 8982275.539238093420863 ], [ 772842.342494909767993, 8982275.589525774121284 ], [ 772842.295308974687941, 8982275.641501432284713 ], [ 772842.249976159771904, 8982275.695101035758853 ], [ 772842.206552315037698, 8982275.750258548185229 ], [ 772842.165090938331559, 8982275.806906018406153 ], [ 772842.12564310990274, 8982275.864973654970527 ], [ 772842.088257429306395, 8982275.924389919266105 ], [ 772842.052979955566116, 8982275.985081609338522 ], [ 772842.019854150246829, 8982276.046973956748843 ], [ 772841.988920824253, 8982276.109990706667304 ], [ 772841.960218087420799, 8982276.17405422590673 ], [ 772841.93378130113706, 8982276.239085586741567 ], [ 772841.909643035614863, 8982276.305004671216011 ], [ 772841.887833028915338, 8982276.371730268001556 ], [ 772841.868378151091747, 8982276.439180169254541 ], [ 772841.851302370196208, 8982276.507271280512214 ], [ 772841.836626723757945, 8982276.575919710099697 ], [ 772841.824369291891344, 8982276.645040884613991 ], [ 772841.814545175875537, 8982276.714549649506807 ], [ 772841.807166478945874, 8982276.784360367804766 ], [ 772841.802242291509174, 8982276.854387033730745 ], [ 772841.799778680200689, 8982276.924543375149369 ], [ 772841.799778680200689, 8982276.994742957875133 ], [ 772841.802242291509174, 8982277.064899299293756 ], [ 772841.807166478945874, 8982277.134925965219736 ], [ 772841.814545175875537, 8982277.204736683517694 ], [ 772841.824369291891344, 8982277.274245448410511 ], [ 772841.836626723757945, 8982277.343366622924805 ], [ 772841.851302370196208, 8982277.412015052512288 ], [ 772841.868378151091747, 8982277.48010616376996 ], [ 772841.887833028915338, 8982277.547556065022945 ], [ 772841.909643035614863, 8982277.614281661808491 ], [ 772841.93378130113706, 8982277.680200746282935 ], [ 772841.960218087420799, 8982277.745232107117772 ], [ 772841.988920824253, 8982277.809295626357198 ], [ 772842.019854150246829, 8982277.872312376275659 ], [ 772842.052979955566116, 8982277.93420472368598 ], [ 772842.088257429306395, 8982277.994896413758397 ], [ 772842.12564310990274, 8982278.054312678053975 ], [ 772842.165090938331559, 8982278.112380314618349 ], [ 772842.206552315037698, 8982278.169027784839272 ], [ 772842.249976159771904, 8982278.224185297265649 ], [ 772842.295308974687941, 8982278.277784900739789 ], [ 772842.342494909767993, 8982278.329760558903217 ], [ 772842.391475832206197, 8982278.380048239603639 ], [ 772842.442191397887655, 8982278.428585987538099 ], [ 772842.494579125195742, 8982278.475314004346728 ], [ 772842.548574473010376, 8982278.520174721255898 ], [ 772842.604110919055529, 8982278.563112871721387 ], [ 772842.661120042903349, 8982278.60407555475831 ], [ 772842.719531609327532, 8982278.643012303858995 ], [ 772842.779273655731231, 8982278.679875150322914 ], [ 772842.840272580157034, 8982278.714618679136038 ], [ 772842.902453232207336, 8982278.747200084850192 ], [ 772842.965739005594514, 8982278.777579231187701 ], [ 772843.030051932437345, 8982278.805718686431646 ], [ 772843.095312779652886, 8982278.8315837867558 ], [ 772843.16144114616327, 8982278.855142664164305 ], [ 772843.22835556208156, 8982278.876366294920444 ], [ 772843.295973589061759, 8982278.895228531211615 ], [ 772843.364211922278628, 8982278.911706134676933 ], [ 772843.432986492174678, 8982278.925778806209564 ], [ 772843.5022125687683, 8982278.937429208308458 ], [ 772843.57180486607831, 8982278.946642987430096 ], [ 772843.641677646548487, 8982278.953408790752292 ], [ 772843.711744827334769, 8982278.957718284800649 ], [ 772843.781920085893944, 8982278.959566159173846 ], [ 772843.852116966736503, 8982278.958950137719512 ], [ 772843.922248987480998, 8982278.955870980396867 ], [ 772843.992229745956138, 8982278.950332477688789 ], [ 772844.061973026022315, 8982278.942341456189752 ], [ 772844.131392904440872, 8982278.931907758116722 ], [ 772844.200403856229968, 8982278.919044241309166 ], [ 772844.268920860136859, 8982278.903766749426723 ], [ 772844.336859503528103, 8982278.886094108223915 ], [ 772844.404136086348444, 8982278.866048086434603 ], [ 772844.47066772414837, 8982278.843653382733464 ], [ 772844.536372450296767, 8982278.818937588483095 ], [ 772844.601169316796586, 8982278.79193115234375 ], [ 772844.664978494285606, 8982278.762667344883084 ], [ 772844.727721370058134, 8982278.731182219460607 ], [ 772844.7893206452718, 8982278.69751456566155 ], [ 772844.849700429826044, 8982278.661705864593387 ], [ 772844.908786336192861, 8982278.623800227418542 ], [ 772844.966505570802838, 8982278.583844358101487 ], [ 772845.022787023684941, 8982278.541887480765581 ], [ 772845.077561356476508, 8982278.497981283813715 ], [ 772845.130761087406427, 8982278.452179864048958 ], [ 772845.182320674648508, 8982278.40453964471817 ], [ 772845.232176597113721, 8982278.355119317770004 ], [ 772845.280267432448454, 8982278.303979773074389 ], [ 772845.326533932937309, 8982278.251184010878205 ], [ 772845.370919098495506, 8982278.196797076612711 ], [ 772845.413368246867321, 8982278.140885975211859 ], [ 772845.453829080914147, 8982278.083519587293267 ], [ 772845.492251752875745, 8982278.024768587201834 ], [ 772845.528588926419616, 8982277.964705359190702 ], [ 772845.562795834266581, 8982277.903403898701072 ], [ 772845.594830333604477, 8982277.840939730405807 ], [ 772845.624652958009392, 8982277.777389807626605 ], [ 772845.652226966340095, 8982277.712832426652312 ], [ 772845.677518387325108, 8982277.647347118705511 ], [ 772845.700496062287129, 8982277.581014562398195 ], [ 772845.721131682628766, 8982277.513916479423642 ], [ 772845.739399825572036, 8982277.446135533973575 ], [ 772845.755277984659187, 8982277.377755232155323 ], [ 772845.768746598041616, 8982277.308859819546342 ], [ 772845.779789072694257, 8982277.239534171298146 ], [ 772845.78839180408977, 8982277.169863700866699 ], [ 772845.794544193893671, 8982277.099934238940477 ], [ 772845.798238662187941, 8982277.029831938445568 ], [ 772845.799470657599159, 8982276.959643166512251 ] ] ] ] } },
{ "type": "Feature", "properties": { "LAYER": "MBox", "GM_TYPE": "Unknown Area Type", "ELEVATION": null, "path": "D:/TGS GEOJSON/add data baru/Oebaba add/09_oe_ar_mbox.geojson" }, "geometry": { "type": "MultiPolygon", "coordinates": [ [ [ [ 773283.097149099456146, 8982590.850859273225069 ], [ 773283.095917104044929, 8982590.780670501291752 ], [ 773283.092222635750659, 8982590.710568200796843 ], [ 773283.086070245946757, 8982590.640638738870621 ], [ 773283.077467514551245, 8982590.570968268439174 ], [ 773283.066425039898604, 8982590.501642620190978 ], [ 773283.052956426516175, 8982590.432747207581997 ], [ 773283.037078267429024, 8982590.364366905763745 ], [ 773283.018810124485753, 8982590.296585960313678 ], [ 773282.998174504144117, 8982590.229487877339125 ], [ 773282.975196829182096, 8982590.163155321031809 ], [ 773282.949905408197083, 8982590.097670013085008 ], [ 773282.92233139986638, 8982590.033112632110715 ], [ 773282.892508775461465, 8982589.969562709331512 ], [ 773282.860474276123568, 8982589.907098541036248 ], [ 773282.826267368276604, 8982589.845797080546618 ], [ 773282.789930194732733, 8982589.785733852535486 ], [ 773282.751507522771135, 8982589.726982852444053 ], [ 773282.711046688724309, 8982589.669616464525461 ], [ 773282.668597540352494, 8982589.613705363124609 ], [ 773282.624212374794297, 8982589.559318428859115 ], [ 773282.577945874305442, 8982589.506522666662931 ], [ 773282.529855038970709, 8982589.455383121967316 ], [ 773282.479999116505496, 8982589.40596279501915 ], [ 773282.428439529263414, 8982589.358322575688362 ], [ 773282.375239798333496, 8982589.312521155923605 ], [ 773282.320465465541929, 8982589.268614958971739 ], [ 773282.264184012659825, 8982589.226658081635833 ], [ 773282.206464778049849, 8982589.186702212318778 ], [ 773282.147378871683031, 8982589.148796575143933 ], [ 773282.086999087128788, 8982589.11298787407577 ], [ 773282.025399811915122, 8982589.079320220276713 ], [ 773281.962656936142594, 8982589.047835094854236 ], [ 773281.898847758653574, 8982589.01857128739357 ], [ 773281.834050892153755, 8982588.991564851254225 ], [ 773281.768346166005358, 8982588.966849057003856 ], [ 773281.701814528205432, 8982588.944454353302717 ], [ 773281.634537945385091, 8982588.924408331513405 ], [ 773281.566599301993847, 8982588.906735690310597 ], [ 773281.498082298086956, 8982588.891458198428154 ], [ 773281.42907134629786, 8982588.878594681620598 ], [ 773281.359651467879303, 8982588.868160983547568 ], [ 773281.289908187813126, 8982588.860169962048531 ], [ 773281.219927429337986, 8982588.854631459340453 ], [ 773281.149795408593491, 8982588.851552302017808 ], [ 773281.079598527750932, 8982588.850936280563474 ], [ 773281.009423269191757, 8982588.852784154936671 ], [ 773280.939356088405475, 8982588.857093648985028 ], [ 773280.869483307935297, 8982588.863859452307224 ], [ 773280.799891010625288, 8982588.873073231428862 ], [ 773280.730664934031665, 8982588.884723633527756 ], [ 773280.661890364135616, 8982588.898796305060387 ], [ 773280.593652030918747, 8982588.915273908525705 ], [ 773280.526034003938548, 8982588.934136144816875 ], [ 773280.459119588020258, 8982588.955359775573015 ], [ 773280.392991221509874, 8982588.97891865298152 ], [ 773280.327730374294333, 8982589.004783753305674 ], [ 773280.263417447451502, 8982589.032923208549619 ], [ 773280.200131674064323, 8982589.063302354887128 ], [ 773280.137951022014022, 8982589.095883760601282 ], [ 773280.076952097588219, 8982589.130627289414406 ], [ 773280.01721005118452, 8982589.167490135878325 ], [ 773279.958798484760337, 8982589.20642688497901 ], [ 773279.901789360912517, 8982589.247389568015933 ], [ 773279.846252914867364, 8982589.290327718481421 ], [ 773279.792257567052729, 8982589.335188435390592 ], [ 773279.739869839744642, 8982589.381916452199221 ], [ 773279.689154274063185, 8982589.430454200133681 ], [ 773279.640173351624981, 8982589.480741880834103 ], [ 773279.592987416544929, 8982589.532717538997531 ], [ 773279.547654601628892, 8982589.586317142471671 ], [ 773279.504230756894685, 8982589.641474654898047 ], [ 773279.462769380188547, 8982589.698122125118971 ], [ 773279.423321551759727, 8982589.756189761683345 ], [ 773279.385935871163383, 8982589.815606025978923 ], [ 773279.350658397423103, 8982589.87629771605134 ], [ 773279.317532592103817, 8982589.938190063461661 ], [ 773279.286599266109988, 8982590.001206813380122 ], [ 773279.257896529277787, 8982590.065270332619548 ], [ 773279.231459742994048, 8982590.130301693454385 ], [ 773279.207321477471851, 8982590.196220777928829 ], [ 773279.185511470772326, 8982590.262946374714375 ], [ 773279.166056592948735, 8982590.33039627596736 ], [ 773279.148980812053196, 8982590.398487387225032 ], [ 773279.134305165614933, 8982590.467135816812515 ], [ 773279.122047733748332, 8982590.536256991326809 ], [ 773279.112223617732525, 8982590.605765756219625 ], [ 773279.104844920802861, 8982590.675576474517584 ], [ 773279.099920733366162, 8982590.745603140443563 ], [ 773279.097457122057676, 8982590.815759481862187 ], [ 773279.097457122057676, 8982590.885959064587951 ], [ 773279.099920733366162, 8982590.956115406006575 ], [ 773279.104844920802861, 8982591.026142071932554 ], [ 773279.112223617732525, 8982591.095952790230513 ], [ 773279.122047733748332, 8982591.165461555123329 ], [ 773279.134305165614933, 8982591.234582729637623 ], [ 773279.148980812053196, 8982591.303231159225106 ], [ 773279.166056592948735, 8982591.371322270482779 ], [ 773279.185511470772326, 8982591.438772171735764 ], [ 773279.207321477471851, 8982591.505497768521309 ], [ 773279.231459742994048, 8982591.571416852995753 ], [ 773279.257896529277787, 8982591.63644821383059 ], [ 773279.286599266109988, 8982591.700511733070016 ], [ 773279.317532592103817, 8982591.763528482988477 ], [ 773279.350658397423103, 8982591.825420830398798 ], [ 773279.385935871163383, 8982591.886112520471215 ], [ 773279.423321551759727, 8982591.945528784766793 ], [ 773279.462769380188547, 8982592.003596421331167 ], [ 773279.504230756894685, 8982592.060243891552091 ], [ 773279.547654601628892, 8982592.115401403978467 ], [ 773279.592987416544929, 8982592.169001007452607 ], [ 773279.640173351624981, 8982592.220976665616035 ], [ 773279.689154274063185, 8982592.271264346316457 ], [ 773279.739869839744642, 8982592.319802094250917 ], [ 773279.792257567052729, 8982592.366530111059546 ], [ 773279.846252914867364, 8982592.411390827968717 ], [ 773279.901789360912517, 8982592.454328978434205 ], [ 773279.958798484760337, 8982592.495291661471128 ], [ 773280.01721005118452, 8982592.534228410571814 ], [ 773280.076952097588219, 8982592.571091257035732 ], [ 773280.137951022014022, 8982592.605834785848856 ], [ 773280.200131674064323, 8982592.63841619156301 ], [ 773280.263417447451502, 8982592.668795337900519 ], [ 773280.327730374294333, 8982592.696934793144464 ], [ 773280.392991221509874, 8982592.722799893468618 ], [ 773280.459119588020258, 8982592.746358770877123 ], [ 773280.526034003938548, 8982592.767582401633263 ], [ 773280.593652030918747, 8982592.786444637924433 ], [ 773280.661890364135616, 8982592.802922241389751 ], [ 773280.730664934031665, 8982592.816994912922382 ], [ 773280.799891010625288, 8982592.828645315021276 ], [ 773280.869483307935297, 8982592.837859094142914 ], [ 773280.939356088405475, 8982592.84462489746511 ], [ 773281.009423269191757, 8982592.848934391513467 ], [ 773281.079598527750932, 8982592.850782265886664 ], [ 773281.149795408593491, 8982592.85016624443233 ], [ 773281.219927429337986, 8982592.847087087109685 ], [ 773281.289908187813126, 8982592.841548584401608 ], [ 773281.359651467879303, 8982592.83355756290257 ], [ 773281.42907134629786, 8982592.82312386482954 ], [ 773281.498082298086956, 8982592.810260348021984 ], [ 773281.566599301993847, 8982592.794982856139541 ], [ 773281.634537945385091, 8982592.777310214936733 ], [ 773281.701814528205432, 8982592.757264193147421 ], [ 773281.768346166005358, 8982592.734869489446282 ], [ 773281.834050892153755, 8982592.710153695195913 ], [ 773281.898847758653574, 8982592.683147259056568 ], [ 773281.962656936142594, 8982592.653883451595902 ], [ 773282.025399811915122, 8982592.622398326173425 ], [ 773282.086999087128788, 8982592.588730672374368 ], [ 773282.147378871683031, 8982592.552921971306205 ], [ 773282.206464778049849, 8982592.51501633413136 ], [ 773282.264184012659825, 8982592.475060464814305 ], [ 773282.320465465541929, 8982592.433103587478399 ], [ 773282.375239798333496, 8982592.389197390526533 ], [ 773282.428439529263414, 8982592.343395970761776 ], [ 773282.479999116505496, 8982592.295755751430988 ], [ 773282.529855038970709, 8982592.246335424482822 ], [ 773282.577945874305442, 8982592.195195879787207 ], [ 773282.624212374794297, 8982592.142400117591023 ], [ 773282.668597540352494, 8982592.088013183325529 ], [ 773282.711046688724309, 8982592.032102081924677 ], [ 773282.751507522771135, 8982591.974735694006085 ], [ 773282.789930194732733, 8982591.915984693914652 ], [ 773282.826267368276604, 8982591.855921465903521 ], [ 773282.860474276123568, 8982591.79462000541389 ], [ 773282.892508775461465, 8982591.732155837118626 ], [ 773282.92233139986638, 8982591.668605914339423 ], [ 773282.949905408197083, 8982591.60404853336513 ], [ 773282.975196829182096, 8982591.538563225418329 ], [ 773282.998174504144117, 8982591.472230669111013 ], [ 773283.018810124485753, 8982591.40513258613646 ], [ 773283.037078267429024, 8982591.337351640686393 ], [ 773283.052956426516175, 8982591.268971338868141 ], [ 773283.066425039898604, 8982591.20007592625916 ], [ 773283.077467514551245, 8982591.130750278010964 ], [ 773283.086070245946757, 8982591.061079807579517 ], [ 773283.092222635750659, 8982590.991150345653296 ], [ 773283.095917104044929, 8982590.921048045158386 ], [ 773283.097149099456146, 8982590.850859273225069 ] ] ] ] } },
{ "type": "Feature", "properties": { "LAYER": "MBox", "GM_TYPE": "Unknown Area Type", "ELEVATION": null, "path": "D:/TGS GEOJSON/add data baru/Oebaba add/09_oe_ar_mbox.geojson" }, "geometry": { "type": "MultiPolygon", "coordinates": [ [ [ [ 772839.70896641141735, 8982119.890487346798182 ], [ 772839.707734416006133, 8982119.820298574864864 ], [ 772839.704039947711863, 8982119.750196274369955 ], [ 772839.697887557907961, 8982119.680266812443733 ], [ 772839.689284826512448, 8982119.610596342012286 ], [ 772839.678242351859808, 8982119.541270693764091 ], [ 772839.664773738477379, 8982119.472375281155109 ], [ 772839.648895579390228, 8982119.403994979336858 ], [ 772839.630627436446957, 8982119.33621403388679 ], [ 772839.609991816105321, 8982119.269115950912237 ], [ 772839.5870141411433, 8982119.202783394604921 ], [ 772839.561722720158286, 8982119.13729808665812 ], [ 772839.534148711827584, 8982119.072740705683827 ], [ 772839.504326087422669, 8982119.009190782904625 ], [ 772839.472291588084772, 8982118.946726614609361 ], [ 772839.438084680237807, 8982118.88542515411973 ], [ 772839.401747506693937, 8982118.825361926108599 ], [ 772839.363324834732339, 8982118.766610926017165 ], [ 772839.322864000685513, 8982118.709244538098574 ], [ 772839.280414852313697, 8982118.653333436697721 ], [ 772839.236029686755501, 8982118.598946502432227 ], [ 772839.189763186266646, 8982118.546150740236044 ], [ 772839.141672350931913, 8982118.495011195540428 ], [ 772839.0918164284667, 8982118.445590868592262 ], [ 772839.040256841224618, 8982118.397950649261475 ], [ 772838.9870571102947, 8982118.352149229496717 ], [ 772838.932282777503133, 8982118.308243032544851 ], [ 772838.876001324621029, 8982118.266286155208945 ], [ 772838.818282090011053, 8982118.226330285891891 ], [ 772838.759196183644235, 8982118.188424648717046 ], [ 772838.698816399089992, 8982118.152615947648883 ], [ 772838.637217123876326, 8982118.118948293849826 ], [ 772838.574474248103797, 8982118.087463168427348 ], [ 772838.510665070614778, 8982118.058199360966682 ], [ 772838.445868204114959, 8982118.031192924827337 ], [ 772838.380163477966562, 8982118.006477130576968 ], [ 772838.313631840166636, 8982117.98408242687583 ], [ 772838.246355257346295, 8982117.964036405086517 ], [ 772838.178416613955051, 8982117.94636376388371 ], [ 772838.10989961004816, 8982117.931086272001266 ], [ 772838.040888658259064, 8982117.91822275519371 ], [ 772837.971468779840507, 8982117.907789057120681 ], [ 772837.901725499774329, 8982117.899798035621643 ], [ 772837.83174474129919, 8982117.894259532913566 ], [ 772837.761612720554695, 8982117.89118037559092 ], [ 772837.691415839712135, 8982117.890564354136586 ], [ 772837.621240581152961, 8982117.892412228509784 ], [ 772837.551173400366679, 8982117.896721722558141 ], [ 772837.481300619896501, 8982117.903487525880337 ], [ 772837.411708322586492, 8982117.912701305001974 ], [ 772837.342482245992869, 8982117.924351707100868 ], [ 772837.273707676096819, 8982117.938424378633499 ], [ 772837.205469342879951, 8982117.954901982098818 ], [ 772837.137851315899752, 8982117.973764218389988 ], [ 772837.070936899981461, 8982117.994987849146128 ], [ 772837.004808533471078, 8982118.018546726554632 ], [ 772836.939547686255537, 8982118.044411826878786 ], [ 772836.875234759412706, 8982118.072551282122731 ], [ 772836.811948986025527, 8982118.10293042846024 ], [ 772836.749768333975226, 8982118.135511834174395 ], [ 772836.688769409549423, 8982118.170255362987518 ], [ 772836.629027363145724, 8982118.207118209451437 ], [ 772836.57061579672154, 8982118.246054958552122 ], [ 772836.513606672873721, 8982118.287017641589046 ], [ 772836.458070226828568, 8982118.329955792054534 ], [ 772836.404074879013933, 8982118.374816508963704 ], [ 772836.351687151705846, 8982118.421544525772333 ], [ 772836.300971586024389, 8982118.470082273706794 ], [ 772836.251990663586184, 8982118.520369954407215 ], [ 772836.204804728506133, 8982118.572345612570643 ], [ 772836.159471913590096, 8982118.625945216044784 ], [ 772836.116048068855889, 8982118.68110272847116 ], [ 772836.074586692149751, 8982118.737750198692083 ], [ 772836.035138863720931, 8982118.795817835256457 ], [ 772835.997753183124587, 8982118.855234099552035 ], [ 772835.962475709384307, 8982118.915925789624453 ], [ 772835.92934990406502, 8982118.977818137034774 ], [ 772835.898416578071192, 8982119.040834886953235 ], [ 772835.86971384123899, 8982119.10489840619266 ], [ 772835.843277054955252, 8982119.169929767027497 ], [ 772835.819138789433055, 8982119.235848851501942 ], [ 772835.79732878273353, 8982119.302574448287487 ], [ 772835.777873904909939, 8982119.370024349540472 ], [ 772835.7607981240144, 8982119.438115460798144 ], [ 772835.746122477576137, 8982119.506763890385628 ], [ 772835.733865045709535, 8982119.575885064899921 ], [ 772835.724040929693729, 8982119.645393829792738 ], [ 772835.716662232764065, 8982119.715204548090696 ], [ 772835.711738045327365, 8982119.785231214016676 ], [ 772835.70927443401888, 8982119.8553875554353 ], [ 772835.70927443401888, 8982119.925587138161063 ], [ 772835.711738045327365, 8982119.995743479579687 ], [ 772835.716662232764065, 8982120.065770145505667 ], [ 772835.724040929693729, 8982120.135580863803625 ], [ 772835.733865045709535, 8982120.205089628696442 ], [ 772835.746122477576137, 8982120.274210803210735 ], [ 772835.7607981240144, 8982120.342859232798219 ], [ 772835.777873904909939, 8982120.410950344055891 ], [ 772835.79732878273353, 8982120.478400245308876 ], [ 772835.819138789433055, 8982120.545125842094421 ], [ 772835.843277054955252, 8982120.611044926568866 ], [ 772835.86971384123899, 8982120.676076287403703 ], [ 772835.898416578071192, 8982120.740139806643128 ], [ 772835.92934990406502, 8982120.803156556561589 ], [ 772835.962475709384307, 8982120.86504890397191 ], [ 772835.997753183124587, 8982120.925740594044328 ], [ 772836.035138863720931, 8982120.985156858339906 ], [ 772836.074586692149751, 8982121.04322449490428 ], [ 772836.116048068855889, 8982121.099871965125203 ], [ 772836.159471913590096, 8982121.155029477551579 ], [ 772836.204804728506133, 8982121.20862908102572 ], [ 772836.251990663586184, 8982121.260604739189148 ], [ 772836.300971586024389, 8982121.310892419889569 ], [ 772836.351687151705846, 8982121.35943016782403 ], [ 772836.404074879013933, 8982121.406158184632659 ], [ 772836.458070226828568, 8982121.451018901541829 ], [ 772836.513606672873721, 8982121.493957052007318 ], [ 772836.57061579672154, 8982121.534919735044241 ], [ 772836.629027363145724, 8982121.573856484144926 ], [ 772836.688769409549423, 8982121.610719330608845 ], [ 772836.749768333975226, 8982121.645462859421968 ], [ 772836.811948986025527, 8982121.678044265136123 ], [ 772836.875234759412706, 8982121.708423411473632 ], [ 772836.939547686255537, 8982121.736562866717577 ], [ 772837.004808533471078, 8982121.762427967041731 ], [ 772837.070936899981461, 8982121.785986844450235 ], [ 772837.137851315899752, 8982121.807210475206375 ], [ 772837.205469342879951, 8982121.826072711497545 ], [ 772837.273707676096819, 8982121.842550314962864 ], [ 772837.342482245992869, 8982121.856622986495495 ], [ 772837.411708322586492, 8982121.868273388594389 ], [ 772837.481300619896501, 8982121.877487167716026 ], [ 772837.551173400366679, 8982121.884252971038222 ], [ 772837.621240581152961, 8982121.888562465086579 ], [ 772837.691415839712135, 8982121.890410339459777 ], [ 772837.761612720554695, 8982121.889794318005443 ], [ 772837.83174474129919, 8982121.886715160682797 ], [ 772837.901725499774329, 8982121.88117665797472 ], [ 772837.971468779840507, 8982121.873185636475682 ], [ 772838.040888658259064, 8982121.862751938402653 ], [ 772838.10989961004816, 8982121.849888421595097 ], [ 772838.178416613955051, 8982121.834610929712653 ], [ 772838.246355257346295, 8982121.816938288509846 ], [ 772838.313631840166636, 8982121.796892266720533 ], [ 772838.380163477966562, 8982121.774497563019395 ], [ 772838.445868204114959, 8982121.749781768769026 ], [ 772838.510665070614778, 8982121.722775332629681 ], [ 772838.574474248103797, 8982121.693511525169015 ], [ 772838.637217123876326, 8982121.662026399746537 ], [ 772838.698816399089992, 8982121.62835874594748 ], [ 772838.759196183644235, 8982121.592550044879317 ], [ 772838.818282090011053, 8982121.554644407704473 ], [ 772838.876001324621029, 8982121.514688538387418 ], [ 772838.932282777503133, 8982121.472731661051512 ], [ 772838.9870571102947, 8982121.428825464099646 ], [ 772839.040256841224618, 8982121.383024044334888 ], [ 772839.0918164284667, 8982121.335383825004101 ], [ 772839.141672350931913, 8982121.285963498055935 ], [ 772839.189763186266646, 8982121.234823953360319 ], [ 772839.236029686755501, 8982121.182028191164136 ], [ 772839.280414852313697, 8982121.127641256898642 ], [ 772839.322864000685513, 8982121.071730155497789 ], [ 772839.363324834732339, 8982121.014363767579198 ], [ 772839.401747506693937, 8982120.955612767487764 ], [ 772839.438084680237807, 8982120.895549539476633 ], [ 772839.472291588084772, 8982120.834248078987002 ], [ 772839.504326087422669, 8982120.771783910691738 ], [ 772839.534148711827584, 8982120.708233987912536 ], [ 772839.561722720158286, 8982120.643676606938243 ], [ 772839.5870141411433, 8982120.578191298991442 ], [ 772839.609991816105321, 8982120.511858742684126 ], [ 772839.630627436446957, 8982120.444760659709573 ], [ 772839.648895579390228, 8982120.376979714259505 ], [ 772839.664773738477379, 8982120.308599412441254 ], [ 772839.678242351859808, 8982120.239703999832273 ], [ 772839.689284826512448, 8982120.170378351584077 ], [ 772839.697887557907961, 8982120.10070788115263 ], [ 772839.704039947711863, 8982120.030778419226408 ], [ 772839.707734416006133, 8982119.960676118731499 ], [ 772839.70896641141735, 8982119.890487346798182 ] ] ] ] } },
{ "type": "Feature", "properties": { "LAYER": "MBox", "GM_TYPE": "Unknown Area Type", "ELEVATION": null, "path": "D:/TGS GEOJSON/add data baru/Oebaba add/09_oe_ar_mbox.geojson" }, "geometry": { "type": "MultiPolygon", "coordinates": [ [ [ [ 773808.088623713701963, 8981841.084023408591747 ], [ 773808.087391718290746, 8981841.01383463665843 ], [ 773808.083697249996476, 8981840.943732336163521 ], [ 773808.077544860192575, 8981840.873802874237299 ], [ 773808.068942128797062, 8981840.804132403805852 ], [ 773808.057899654144421, 8981840.734806755557656 ], [ 773808.044431040761992, 8981840.665911342948675 ], [ 773808.028552881674841, 8981840.597531041130424 ], [ 773808.010284738731571, 8981840.529750095680356 ], [ 773807.989649118389934, 8981840.462652012705803 ], [ 773807.966671443427913, 8981840.396319456398487 ], [ 773807.9413800224429, 8981840.330834148451686 ], [ 773807.913806014112197, 8981840.266276767477393 ], [ 773807.883983389707282, 8981840.202726844698191 ], [ 773807.851948890369385, 8981840.140262676402926 ], [ 773807.817741982522421, 8981840.078961215913296 ], [ 773807.78140480897855, 8981840.018897987902164 ], [ 773807.742982137016952, 8981839.960146987810731 ], [ 773807.702521302970126, 8981839.902780599892139 ], [ 773807.660072154598311, 8981839.846869498491287 ], [ 773807.615686989040114, 8981839.792482564225793 ], [ 773807.569420488551259, 8981839.73968680202961 ], [ 773807.521329653216526, 8981839.688547257333994 ], [ 773807.471473730751313, 8981839.639126930385828 ], [ 773807.419914143509232, 8981839.59148671105504 ], [ 773807.366714412579313, 8981839.545685291290283 ], [ 773807.311940079787746, 8981839.501779094338417 ], [ 773807.255658626905642, 8981839.459822217002511 ], [ 773807.197939392295666, 8981839.419866347685456 ], [ 773807.138853485928848, 8981839.381960710510612 ], [ 773807.078473701374605, 8981839.346152009442449 ], [ 773807.016874426160939, 8981839.312484355643392 ], [ 773806.954131550388411, 8981839.280999230220914 ], [ 773806.890322372899391, 8981839.251735422760248 ], [ 773806.825525506399572, 8981839.224728986620903 ], [ 773806.759820780251175, 8981839.200013192370534 ], [ 773806.693289142451249, 8981839.177618488669395 ], [ 773806.626012559630908, 8981839.157572466880083 ], [ 773806.558073916239664, 8981839.139899825677276 ], [ 773806.489556912332773, 8981839.124622333794832 ], [ 773806.420545960543677, 8981839.111758816987276 ], [ 773806.35112608212512, 8981839.101325118914247 ], [ 773806.281382802058943, 8981839.093334097415209 ], [ 773806.211402043583803, 8981839.087795594707131 ], [ 773806.141270022839308, 8981839.084716437384486 ], [ 773806.071073141996749, 8981839.084100415930152 ], [ 773806.000897883437574, 8981839.085948290303349 ], [ 773805.930830702651292, 8981839.090257784351707 ], [ 773805.860957922181115, 8981839.097023587673903 ], [ 773805.791365624871105, 8981839.10623736679554 ], [ 773805.722139548277482, 8981839.117887768894434 ], [ 773805.653364978381433, 8981839.131960440427065 ], [ 773805.585126645164564, 8981839.148438043892384 ], [ 773805.517508618184365, 8981839.167300280183554 ], [ 773805.450594202266075, 8981839.188523910939693 ], [ 773805.384465835755691, 8981839.212082788348198 ], [ 773805.31920498854015, 8981839.237947888672352 ], [ 773805.254892061697319, 8981839.266087343916297 ], [ 773805.19160628831014, 8981839.296466490253806 ], [ 773805.129425636259839, 8981839.32904789596796 ], [ 773805.068426711834036, 8981839.363791424781084 ], [ 773805.008684665430337, 8981839.400654271245003 ], [ 773804.950273099006154, 8981839.439591020345688 ], [ 773804.893263975158334, 8981839.480553703382611 ], [ 773804.837727529113181, 8981839.5234918538481 ], [ 773804.783732181298546, 8981839.56835257075727 ], [ 773804.731344453990459, 8981839.615080587565899 ], [ 773804.680628888309002, 8981839.66361833550036 ], [ 773804.631647965870798, 8981839.713906016200781 ], [ 773804.584462030790746, 8981839.765881674364209 ], [ 773804.539129215874709, 8981839.819481277838349 ], [ 773804.495705371140502, 8981839.874638790264726 ], [ 773804.454243994434364, 8981839.931286260485649 ], [ 773804.414796166005544, 8981839.989353897050023 ], [ 773804.3774104854092, 8981840.048770161345601 ], [ 773804.342133011668921, 8981840.109461851418018 ], [ 773804.309007206349634, 8981840.17135419882834 ], [ 773804.278073880355805, 8981840.2343709487468 ], [ 773804.249371143523604, 8981840.298434467986226 ], [ 773804.222934357239865, 8981840.363465828821063 ], [ 773804.198796091717668, 8981840.429384913295507 ], [ 773804.176986085018143, 8981840.496110510081053 ], [ 773804.157531207194552, 8981840.563560411334038 ], [ 773804.140455426299013, 8981840.63165152259171 ], [ 773804.12577977986075, 8981840.700299952179193 ], [ 773804.113522347994149, 8981840.769421126693487 ], [ 773804.103698231978342, 8981840.838929891586304 ], [ 773804.096319535048679, 8981840.908740609884262 ], [ 773804.091395347611979, 8981840.978767275810242 ], [ 773804.088931736303493, 8981841.048923617228866 ], [ 773804.088931736303493, 8981841.119123199954629 ], [ 773804.091395347611979, 8981841.189279541373253 ], [ 773804.096319535048679, 8981841.259306207299232 ], [ 773804.103698231978342, 8981841.329116925597191 ], [ 773804.113522347994149, 8981841.398625690490007 ], [ 773804.12577977986075, 8981841.467746865004301 ], [ 773804.140455426299013, 8981841.536395294591784 ], [ 773804.157531207194552, 8981841.604486405849457 ], [ 773804.176986085018143, 8981841.671936307102442 ], [ 773804.198796091717668, 8981841.738661903887987 ], [ 773804.222934357239865, 8981841.804580988362432 ], [ 773804.249371143523604, 8981841.869612349197268 ], [ 773804.278073880355805, 8981841.933675868436694 ], [ 773804.309007206349634, 8981841.996692618355155 ], [ 773804.342133011668921, 8981842.058584965765476 ], [ 773804.3774104854092, 8981842.119276655837893 ], [ 773804.414796166005544, 8981842.178692920133471 ], [ 773804.454243994434364, 8981842.236760556697845 ], [ 773804.495705371140502, 8981842.293408026918769 ], [ 773804.539129215874709, 8981842.348565539345145 ], [ 773804.584462030790746, 8981842.402165142819285 ], [ 773804.631647965870798, 8981842.454140800982714 ], [ 773804.680628888309002, 8981842.504428481683135 ], [ 773804.731344453990459, 8981842.552966229617596 ], [ 773804.783732181298546, 8981842.599694246426225 ], [ 773804.837727529113181, 8981842.644554963335395 ], [ 773804.893263975158334, 8981842.687493113800883 ], [ 773804.950273099006154, 8981842.728455796837807 ], [ 773805.008684665430337, 8981842.767392545938492 ], [ 773805.068426711834036, 8981842.804255392402411 ], [ 773805.129425636259839, 8981842.838998921215534 ], [ 773805.19160628831014, 8981842.871580326929688 ], [ 773805.254892061697319, 8981842.901959473267198 ], [ 773805.31920498854015, 8981842.930098928511143 ], [ 773805.384465835755691, 8981842.955964028835297 ], [ 773805.450594202266075, 8981842.979522906243801 ], [ 773805.517508618184365, 8981843.000746536999941 ], [ 773805.585126645164564, 8981843.019608773291111 ], [ 773805.653364978381433, 8981843.03608637675643 ], [ 773805.722139548277482, 8981843.050159048289061 ], [ 773805.791365624871105, 8981843.061809450387955 ], [ 773805.860957922181115, 8981843.071023229509592 ], [ 773805.930830702651292, 8981843.077789032831788 ], [ 773806.000897883437574, 8981843.082098526880145 ], [ 773806.071073141996749, 8981843.083946401253343 ], [ 773806.141270022839308, 8981843.083330379799008 ], [ 773806.211402043583803, 8981843.080251222476363 ], [ 773806.281382802058943, 8981843.074712719768286 ], [ 773806.35112608212512, 8981843.066721698269248 ], [ 773806.420545960543677, 8981843.056288000196218 ], [ 773806.489556912332773, 8981843.043424483388662 ], [ 773806.558073916239664, 8981843.028146991506219 ], [ 773806.626012559630908, 8981843.010474350303411 ], [ 773806.693289142451249, 8981842.990428328514099 ], [ 773806.759820780251175, 8981842.968033624812961 ], [ 773806.825525506399572, 8981842.943317830562592 ], [ 773806.890322372899391, 8981842.916311394423246 ], [ 773806.954131550388411, 8981842.887047586962581 ], [ 773807.016874426160939, 8981842.855562461540103 ], [ 773807.078473701374605, 8981842.821894807741046 ], [ 773807.138853485928848, 8981842.786086106672883 ], [ 773807.197939392295666, 8981842.748180469498038 ], [ 773807.255658626905642, 8981842.708224600180984 ], [ 773807.311940079787746, 8981842.666267722845078 ], [ 773807.366714412579313, 8981842.622361525893211 ], [ 773807.419914143509232, 8981842.576560106128454 ], [ 773807.471473730751313, 8981842.528919886797667 ], [ 773807.521329653216526, 8981842.479499559849501 ], [ 773807.569420488551259, 8981842.428360015153885 ], [ 773807.615686989040114, 8981842.375564252957702 ], [ 773807.660072154598311, 8981842.321177318692207 ], [ 773807.702521302970126, 8981842.265266217291355 ], [ 773807.742982137016952, 8981842.207899829372764 ], [ 773807.78140480897855, 8981842.14914882928133 ], [ 773807.817741982522421, 8981842.089085601270199 ], [ 773807.851948890369385, 8981842.027784140780568 ], [ 773807.883983389707282, 8981841.965319972485304 ], [ 773807.913806014112197, 8981841.901770049706101 ], [ 773807.9413800224429, 8981841.837212668731809 ], [ 773807.966671443427913, 8981841.771727360785007 ], [ 773807.989649118389934, 8981841.705394804477692 ], [ 773808.010284738731571, 8981841.638296721503139 ], [ 773808.028552881674841, 8981841.570515776053071 ], [ 773808.044431040761992, 8981841.502135474234819 ], [ 773808.057899654144421, 8981841.433240061625838 ], [ 773808.068942128797062, 8981841.363914413377643 ], [ 773808.077544860192575, 8981841.294243942946196 ], [ 773808.083697249996476, 8981841.224314481019974 ], [ 773808.087391718290746, 8981841.154212180525064 ], [ 773808.088623713701963, 8981841.084023408591747 ] ] ] ] } },
{ "type": "Feature", "properties": { "LAYER": "MBox", "GM_TYPE": "Unknown Area Type", "ELEVATION": null, "path": "D:/TGS GEOJSON/add data baru/Oebaba add/09_oe_ar_mbox.geojson" }, "geometry": { "type": "MultiPolygon", "coordinates": [ [ [ [ 773226.154220439959317, 8981644.103674661368132 ], [ 773226.1529884445481, 8981644.033485889434814 ], [ 773226.14929397625383, 8981643.963383588939905 ], [ 773226.143141586449929, 8981643.893454127013683 ], [ 773226.134538855054416, 8981643.823783656582236 ], [ 773226.123496380401775, 8981643.754458008334041 ], [ 773226.110027767019346, 8981643.68556259572506 ], [ 773226.094149607932195, 8981643.617182293906808 ], [ 773226.075881464988925, 8981643.54940134845674 ], [ 773226.055245844647288, 8981643.482303265482187 ], [ 773226.032268169685267, 8981643.415970709174871 ], [ 773226.006976748700254, 8981643.35048540122807 ], [ 773225.979402740369551, 8981643.285928020253778 ], [ 773225.949580115964636, 8981643.222378097474575 ], [ 773225.91754561662674, 8981643.159913929179311 ], [ 773225.883338708779775, 8981643.09861246868968 ], [ 773225.847001535235904, 8981643.038549240678549 ], [ 773225.808578863274306, 8981642.979798240587115 ], [ 773225.76811802922748, 8981642.922431852668524 ], [ 773225.725668880855665, 8981642.866520751267672 ], [ 773225.681283715297468, 8981642.812133817002177 ], [ 773225.635017214808613, 8981642.759338054805994 ], [ 773225.58692637947388, 8981642.708198510110378 ], [ 773225.537070457008667, 8981642.658778183162212 ], [ 773225.485510869766586, 8981642.611137963831425 ], [ 773225.432311138836667, 8981642.565336544066668 ], [ 773225.3775368060451, 8981642.521430347114801 ], [ 773225.321255353162996, 8981642.479473469778895 ], [ 773225.26353611855302, 8981642.439517600461841 ], [ 773225.204450212186202, 8981642.401611963286996 ], [ 773225.144070427631959, 8981642.365803262218833 ], [ 773225.082471152418293, 8981642.332135608419776 ], [ 773225.019728276645765, 8981642.300650482997298 ], [ 773224.955919099156745, 8981642.271386675536633 ], [ 773224.891122232656926, 8981642.244380239397287 ], [ 773224.825417506508529, 8981642.219664445146918 ], [ 773224.758885868708603, 8981642.19726974144578 ], [ 773224.691609285888262, 8981642.177223719656467 ], [ 773224.623670642497018, 8981642.15955107845366 ], [ 773224.555153638590127, 8981642.144273586571217 ], [ 773224.486142686801031, 8981642.13141006976366 ], [ 773224.416722808382474, 8981642.120976371690631 ], [ 773224.346979528316297, 8981642.112985350191593 ], [ 773224.276998769841157, 8981642.107446847483516 ], [ 773224.206866749096662, 8981642.104367690160871 ], [ 773224.136669868254103, 8981642.103751668706536 ], [ 773224.066494609694928, 8981642.105599543079734 ], [ 773223.996427428908646, 8981642.109909037128091 ], [ 773223.926554648438469, 8981642.116674840450287 ], [ 773223.856962351128459, 8981642.125888619571924 ], [ 773223.787736274534836, 8981642.137539021670818 ], [ 773223.718961704638787, 8981642.151611693203449 ], [ 773223.650723371421918, 8981642.168089296668768 ], [ 773223.583105344441719, 8981642.186951532959938 ], [ 773223.516190928523429, 8981642.208175163716078 ], [ 773223.450062562013045, 8981642.231734041124582 ], [ 773223.384801714797504, 8981642.257599141448736 ], [ 773223.320488787954673, 8981642.285738596692681 ], [ 773223.257203014567494, 8981642.31611774303019 ], [ 773223.195022362517193, 8981642.348699148744345 ], [ 773223.13402343809139, 8981642.383442677557468 ], [ 773223.074281391687691, 8981642.420305524021387 ], [ 773223.015869825263508, 8981642.459242273122072 ], [ 773222.958860701415688, 8981642.500204956158996 ], [ 773222.903324255370535, 8981642.543143106624484 ], [ 773222.849328907555901, 8981642.588003823533654 ], [ 773222.796941180247813, 8981642.634731840342283 ], [ 773222.746225614566356, 8981642.683269588276744 ], [ 773222.697244692128152, 8981642.733557268977165 ], [ 773222.6500587570481, 8981642.785532927140594 ], [ 773222.604725942132063, 8981642.839132530614734 ], [ 773222.561302097397856, 8981642.89429004304111 ], [ 773222.519840720691718, 8981642.950937513262033 ], [ 773222.480392892262898, 8981643.009005149826407 ], [ 773222.443007211666554, 8981643.068421414121985 ], [ 773222.407729737926275, 8981643.129113104194403 ], [ 773222.374603932606988, 8981643.191005451604724 ], [ 773222.343670606613159, 8981643.254022201523185 ], [ 773222.314967869780958, 8981643.31808572076261 ], [ 773222.288531083497219, 8981643.383117081597447 ], [ 773222.264392817975022, 8981643.449036166071892 ], [ 773222.242582811275497, 8981643.515761762857437 ], [ 773222.223127933451906, 8981643.583211664110422 ], [ 773222.206052152556367, 8981643.651302775368094 ], [ 773222.191376506118104, 8981643.719951204955578 ], [ 773222.179119074251503, 8981643.789072379469872 ], [ 773222.169294958235696, 8981643.858581144362688 ], [ 773222.161916261306033, 8981643.928391862660646 ], [ 773222.156992073869333, 8981643.998418528586626 ], [ 773222.154528462560847, 8981644.06857487000525 ], [ 773222.154528462560847, 8981644.138774452731013 ], [ 773222.156992073869333, 8981644.208930794149637 ], [ 773222.161916261306033, 8981644.278957460075617 ], [ 773222.169294958235696, 8981644.348768178373575 ], [ 773222.179119074251503, 8981644.418276943266392 ], [ 773222.191376506118104, 8981644.487398117780685 ], [ 773222.206052152556367, 8981644.556046547368169 ], [ 773222.223127933451906, 8981644.624137658625841 ], [ 773222.242582811275497, 8981644.691587559878826 ], [ 773222.264392817975022, 8981644.758313156664371 ], [ 773222.288531083497219, 8981644.824232241138816 ], [ 773222.314967869780958, 8981644.889263601973653 ], [ 773222.343670606613159, 8981644.953327121213078 ], [ 773222.374603932606988, 8981645.016343871131539 ], [ 773222.407729737926275, 8981645.078236218541861 ], [ 773222.443007211666554, 8981645.138927908614278 ], [ 773222.480392892262898, 8981645.198344172909856 ], [ 773222.519840720691718, 8981645.25641180947423 ], [ 773222.561302097397856, 8981645.313059279695153 ], [ 773222.604725942132063, 8981645.36821679212153 ], [ 773222.6500587570481, 8981645.42181639559567 ], [ 773222.697244692128152, 8981645.473792053759098 ], [ 773222.746225614566356, 8981645.524079734459519 ], [ 773222.796941180247813, 8981645.57261748239398 ], [ 773222.849328907555901, 8981645.619345499202609 ], [ 773222.903324255370535, 8981645.664206216111779 ], [ 773222.958860701415688, 8981645.707144366577268 ], [ 773223.015869825263508, 8981645.748107049614191 ], [ 773223.074281391687691, 8981645.787043798714876 ], [ 773223.13402343809139, 8981645.823906645178795 ], [ 773223.195022362517193, 8981645.858650173991919 ], [ 773223.257203014567494, 8981645.891231579706073 ], [ 773223.320488787954673, 8981645.921610726043582 ], [ 773223.384801714797504, 8981645.949750181287527 ], [ 773223.450062562013045, 8981645.975615281611681 ], [ 773223.516190928523429, 8981645.999174159020185 ], [ 773223.583105344441719, 8981646.020397789776325 ], [ 773223.650723371421918, 8981646.039260026067495 ], [ 773223.718961704638787, 8981646.055737629532814 ], [ 773223.787736274534836, 8981646.069810301065445 ], [ 773223.856962351128459, 8981646.081460703164339 ], [ 773223.926554648438469, 8981646.090674482285976 ], [ 773223.996427428908646, 8981646.097440285608172 ], [ 773224.066494609694928, 8981646.101749779656529 ], [ 773224.136669868254103, 8981646.103597654029727 ], [ 773224.206866749096662, 8981646.102981632575393 ], [ 773224.276998769841157, 8981646.099902475252748 ], [ 773224.346979528316297, 8981646.09436397254467 ], [ 773224.416722808382474, 8981646.086372951045632 ], [ 773224.486142686801031, 8981646.075939252972603 ], [ 773224.555153638590127, 8981646.063075736165047 ], [ 773224.623670642497018, 8981646.047798244282603 ], [ 773224.691609285888262, 8981646.030125603079796 ], [ 773224.758885868708603, 8981646.010079581290483 ], [ 773224.825417506508529, 8981645.987684877589345 ], [ 773224.891122232656926, 8981645.962969083338976 ], [ 773224.955919099156745, 8981645.935962647199631 ], [ 773225.019728276645765, 8981645.906698839738965 ], [ 773225.082471152418293, 8981645.875213714316487 ], [ 773225.144070427631959, 8981645.84154606051743 ], [ 773225.204450212186202, 8981645.805737359449267 ], [ 773225.26353611855302, 8981645.767831722274423 ], [ 773225.321255353162996, 8981645.727875852957368 ], [ 773225.3775368060451, 8981645.685918975621462 ], [ 773225.432311138836667, 8981645.642012778669596 ], [ 773225.485510869766586, 8981645.596211358904839 ], [ 773225.537070457008667, 8981645.548571139574051 ], [ 773225.58692637947388, 8981645.499150812625885 ], [ 773225.635017214808613, 8981645.448011267930269 ], [ 773225.681283715297468, 8981645.395215505734086 ], [ 773225.725668880855665, 8981645.340828571468592 ], [ 773225.76811802922748, 8981645.284917470067739 ], [ 773225.808578863274306, 8981645.227551082149148 ], [ 773225.847001535235904, 8981645.168800082057714 ], [ 773225.883338708779775, 8981645.108736854046583 ], [ 773225.91754561662674, 8981645.047435393556952 ], [ 773225.949580115964636, 8981644.984971225261688 ], [ 773225.979402740369551, 8981644.921421302482486 ], [ 773226.006976748700254, 8981644.856863921508193 ], [ 773226.032268169685267, 8981644.791378613561392 ], [ 773226.055245844647288, 8981644.725046057254076 ], [ 773226.075881464988925, 8981644.657947974279523 ], [ 773226.094149607932195, 8981644.590167028829455 ], [ 773226.110027767019346, 8981644.521786727011204 ], [ 773226.123496380401775, 8981644.452891314402223 ], [ 773226.134538855054416, 8981644.383565666154027 ], [ 773226.143141586449929, 8981644.31389519572258 ], [ 773226.14929397625383, 8981644.243965733796358 ], [ 773226.1529884445481, 8981644.173863433301449 ], [ 773226.154220439959317, 8981644.103674661368132 ] ] ] ] } },
{ "type": "Feature", "properties": { "LAYER": "MBox", "GM_TYPE": "Unknown Area Type", "ELEVATION": null, "path": "D:/TGS GEOJSON/add data baru/Oebaba add/09_oe_ar_mbox.geojson" }, "geometry": { "type": "MultiPolygon", "coordinates": [ [ [ [ 773798.432074752170593, 8981574.988990843296051 ], [ 773798.430842756759375, 8981574.918802071362734 ], [ 773798.427148288465105, 8981574.848699770867825 ], [ 773798.420995898661204, 8981574.778770308941603 ], [ 773798.412393167265691, 8981574.709099838510156 ], [ 773798.40135069261305, 8981574.63977419026196 ], [ 773798.387882079230621, 8981574.570878777652979 ], [ 773798.37200392014347, 8981574.502498475834727 ], [ 773798.3537357772002, 8981574.43471753038466 ], [ 773798.333100156858563, 8981574.367619447410107 ], [ 773798.310122481896542, 8981574.301286891102791 ], [ 773798.284831060911529, 8981574.23580158315599 ], [ 773798.257257052580826, 8981574.171244202181697 ], [ 773798.227434428175911, 8981574.107694279402494 ], [ 773798.195399928838015, 8981574.04523011110723 ], [ 773798.16119302099105, 8981573.983928650617599 ], [ 773798.124855847447179, 8981573.923865422606468 ], [ 773798.086433175485581, 8981573.865114422515035 ], [ 773798.045972341438755, 8981573.807748034596443 ], [ 773798.00352319306694, 8981573.751836933195591 ], [ 773797.959138027508743, 8981573.697449998930097 ], [ 773797.912871527019888, 8981573.644654236733913 ], [ 773797.864780691685155, 8981573.593514692038298 ], [ 773797.814924769219942, 8981573.544094365090132 ], [ 773797.763365181977861, 8981573.496454145759344 ], [ 773797.710165451047942, 8981573.450652725994587 ], [ 773797.655391118256375, 8981573.406746529042721 ], [ 773797.599109665374272, 8981573.364789651706815 ], [ 773797.541390430764295, 8981573.32483378238976 ], [ 773797.482304524397478, 8981573.286928145214915 ], [ 773797.421924739843234, 8981573.251119444146752 ], [ 773797.360325464629568, 8981573.217451790347695 ], [ 773797.29758258885704, 8981573.185966664925218 ], [ 773797.23377341136802, 8981573.156702857464552 ], [ 773797.168976544868201, 8981573.129696421325207 ], [ 773797.103271818719804, 8981573.104980627074838 ], [ 773797.036740180919878, 8981573.082585923373699 ], [ 773796.969463598099537, 8981573.062539901584387 ], [ 773796.901524954708293, 8981573.044867260381579 ], [ 773796.833007950801402, 8981573.029589768499136 ], [ 773796.763996999012306, 8981573.01672625169158 ], [ 773796.694577120593749, 8981573.00629255361855 ], [ 773796.624833840527572, 8981572.998301532119513 ], [ 773796.554853082052432, 8981572.992763029411435 ], [ 773796.484721061307937, 8981572.98968387208879 ], [ 773796.414524180465378, 8981572.989067850634456 ], [ 773796.344348921906203, 8981572.990915725007653 ], [ 773796.274281741119921, 8981572.99522521905601 ], [ 773796.204408960649744, 8981573.001991022378206 ], [ 773796.134816663339734, 8981573.011204801499844 ], [ 773796.065590586746112, 8981573.022855203598738 ], [ 773795.996816016850062, 8981573.036927875131369 ], [ 773795.928577683633193, 8981573.053405478596687 ], [ 773795.860959656652994, 8981573.072267714887857 ], [ 773795.794045240734704, 8981573.093491345643997 ], [ 773795.72791687422432, 8981573.117050223052502 ], [ 773795.662656027008779, 8981573.142915323376656 ], [ 773795.598343100165948, 8981573.171054778620601 ], [ 773795.535057326778769, 8981573.20143392495811 ], [ 773795.472876674728468, 8981573.234015330672264 ], [ 773795.411877750302665, 8981573.268758859485388 ], [ 773795.352135703898966, 8981573.305621705949306 ], [ 773795.293724137474783, 8981573.344558455049992 ], [ 773795.236715013626963, 8981573.385521138086915 ], [ 773795.18117856758181, 8981573.428459288552403 ], [ 773795.127183219767176, 8981573.473320005461574 ], [ 773795.074795492459089, 8981573.520048022270203 ], [ 773795.024079926777631, 8981573.568585770204663 ], [ 773794.975099004339427, 8981573.618873450905085 ], [ 773794.927913069259375, 8981573.670849109068513 ], [ 773794.882580254343338, 8981573.724448712542653 ], [ 773794.839156409609132, 8981573.779606224969029 ], [ 773794.797695032902993, 8981573.836253695189953 ], [ 773794.758247204474173, 8981573.894321331754327 ], [ 773794.720861523877829, 8981573.953737596049905 ], [ 773794.68558405013755, 8981574.014429286122322 ], [ 773794.652458244818263, 8981574.076321633532643 ], [ 773794.621524918824434, 8981574.139338383451104 ], [ 773794.592822181992233, 8981574.20340190269053 ], [ 773794.566385395708494, 8981574.268433263525367 ], [ 773794.542247130186297, 8981574.334352347999811 ], [ 773794.520437123486772, 8981574.401077944785357 ], [ 773794.500982245663181, 8981574.468527846038342 ], [ 773794.483906464767642, 8981574.536618957296014 ], [ 773794.469230818329379, 8981574.605267386883497 ], [ 773794.456973386462778, 8981574.674388561397791 ], [ 773794.447149270446971, 8981574.743897326290607 ], [ 773794.439770573517308, 8981574.813708044588566 ], [ 773794.434846386080608, 8981574.883734710514545 ], [ 773794.432382774772123, 8981574.953891051933169 ], [ 773794.432382774772123, 8981575.024090634658933 ], [ 773794.434846386080608, 8981575.094246976077557 ], [ 773794.439770573517308, 8981575.164273642003536 ], [ 773794.447149270446971, 8981575.234084360301495 ], [ 773794.456973386462778, 8981575.303593125194311 ], [ 773794.469230818329379, 8981575.372714299708605 ], [ 773794.483906464767642, 8981575.441362729296088 ], [ 773794.500982245663181, 8981575.509453840553761 ], [ 773794.520437123486772, 8981575.576903741806746 ], [ 773794.542247130186297, 8981575.643629338592291 ], [ 773794.566385395708494, 8981575.709548423066735 ], [ 773794.592822181992233, 8981575.774579783901572 ], [ 773794.621524918824434, 8981575.838643303140998 ], [ 773794.652458244818263, 8981575.901660053059459 ], [ 773794.68558405013755, 8981575.96355240046978 ], [ 773794.720861523877829, 8981576.024244090542197 ], [ 773794.758247204474173, 8981576.083660354837775 ], [ 773794.797695032902993, 8981576.141727991402149 ], [ 773794.839156409609132, 8981576.198375461623073 ], [ 773794.882580254343338, 8981576.253532974049449 ], [ 773794.927913069259375, 8981576.307132577523589 ], [ 773794.975099004339427, 8981576.359108235687017 ], [ 773795.024079926777631, 8981576.409395916387439 ], [ 773795.074795492459089, 8981576.457933664321899 ], [ 773795.127183219767176, 8981576.504661681130528 ], [ 773795.18117856758181, 8981576.549522398039699 ], [ 773795.236715013626963, 8981576.592460548505187 ], [ 773795.293724137474783, 8981576.63342323154211 ], [ 773795.352135703898966, 8981576.672359980642796 ], [ 773795.411877750302665, 8981576.709222827106714 ], [ 773795.472876674728468, 8981576.743966355919838 ], [ 773795.535057326778769, 8981576.776547761633992 ], [ 773795.598343100165948, 8981576.806926907971501 ], [ 773795.662656027008779, 8981576.835066363215446 ], [ 773795.72791687422432, 8981576.8609314635396 ], [ 773795.794045240734704, 8981576.884490340948105 ], [ 773795.860959656652994, 8981576.905713971704245 ], [ 773795.928577683633193, 8981576.924576207995415 ], [ 773795.996816016850062, 8981576.941053811460733 ], [ 773796.065590586746112, 8981576.955126482993364 ], [ 773796.134816663339734, 8981576.966776885092258 ], [ 773796.204408960649744, 8981576.975990664213896 ], [ 773796.274281741119921, 8981576.982756467536092 ], [ 773796.344348921906203, 8981576.987065961584449 ], [ 773796.414524180465378, 8981576.988913835957646 ], [ 773796.484721061307937, 8981576.988297814503312 ], [ 773796.554853082052432, 8981576.985218657180667 ], [ 773796.624833840527572, 8981576.979680154472589 ], [ 773796.694577120593749, 8981576.971689132973552 ], [ 773796.763996999012306, 8981576.961255434900522 ], [ 773796.833007950801402, 8981576.948391918092966 ], [ 773796.901524954708293, 8981576.933114426210523 ], [ 773796.969463598099537, 8981576.915441785007715 ], [ 773797.036740180919878, 8981576.895395763218403 ], [ 773797.103271818719804, 8981576.873001059517264 ], [ 773797.168976544868201, 8981576.848285265266895 ], [ 773797.23377341136802, 8981576.82127882912755 ], [ 773797.29758258885704, 8981576.792015021666884 ], [ 773797.360325464629568, 8981576.760529896244407 ], [ 773797.421924739843234, 8981576.72686224244535 ], [ 773797.482304524397478, 8981576.691053541377187 ], [ 773797.541390430764295, 8981576.653147904202342 ], [ 773797.599109665374272, 8981576.613192034885287 ], [ 773797.655391118256375, 8981576.571235157549381 ], [ 773797.710165451047942, 8981576.527328960597515 ], [ 773797.763365181977861, 8981576.481527540832758 ], [ 773797.814924769219942, 8981576.43388732150197 ], [ 773797.864780691685155, 8981576.384466994553804 ], [ 773797.912871527019888, 8981576.333327449858189 ], [ 773797.959138027508743, 8981576.280531687662005 ], [ 773798.00352319306694, 8981576.226144753396511 ], [ 773798.045972341438755, 8981576.170233651995659 ], [ 773798.086433175485581, 8981576.112867264077067 ], [ 773798.124855847447179, 8981576.054116263985634 ], [ 773798.16119302099105, 8981575.994053035974503 ], [ 773798.195399928838015, 8981575.932751575484872 ], [ 773798.227434428175911, 8981575.870287407189608 ], [ 773798.257257052580826, 8981575.806737484410405 ], [ 773798.284831060911529, 8981575.742180103436112 ], [ 773798.310122481896542, 8981575.676694795489311 ], [ 773798.333100156858563, 8981575.610362239181995 ], [ 773798.3537357772002, 8981575.543264156207442 ], [ 773798.37200392014347, 8981575.475483210757375 ], [ 773798.387882079230621, 8981575.407102908939123 ], [ 773798.40135069261305, 8981575.338207496330142 ], [ 773798.412393167265691, 8981575.268881848081946 ], [ 773798.420995898661204, 8981575.199211377650499 ], [ 773798.427148288465105, 8981575.129281915724277 ], [ 773798.430842756759375, 8981575.059179615229368 ], [ 773798.432074752170593, 8981574.988990843296051 ] ] ] ] } },
{ "type": "Feature", "properties": { "LAYER": "MBox", "GM_TYPE": "Unknown Area Type", "ELEVATION": 17, "path": "D:/TGS GEOJSON/add data baru/Oebaba add/09_oe_ar_mbox.geojson" }, "geometry": { "type": "MultiPolygon", "coordinates": [ [ [ [ 775323.961018237750977, 8982368.371753603219986 ], [ 775323.95978624233976, 8982368.301564831286669 ], [ 775323.95609177404549, 8982368.231462530791759 ], [ 775323.949939384241588, 8982368.161533068865538 ], [ 775323.941336652846076, 8982368.091862598434091 ], [ 775323.930294178193435, 8982368.022536950185895 ], [ 775323.916825564811006, 8982367.953641537576914 ], [ 775323.900947405723855, 8982367.885261235758662 ], [ 775323.882679262780584, 8982367.817480290308595 ], [ 775323.862043642438948, 8982367.750382207334042 ], [ 775323.839065967476927, 8982367.684049651026726 ], [ 775323.813774546491913, 8982367.618564343079925 ], [ 775323.786200538161211, 8982367.554006962105632 ], [ 775323.756377913756296, 8982367.490457039326429 ], [ 775323.724343414418399, 8982367.427992871031165 ], [ 775323.690136506571434, 8982367.366691410541534 ], [ 775323.653799333027564, 8982367.306628182530403 ], [ 775323.615376661065966, 8982367.24787718243897 ], [ 775323.57491582701914, 8982367.190510794520378 ], [ 775323.532466678647324, 8982367.134599693119526 ], [ 775323.488081513089128, 8982367.080212758854032 ], [ 775323.441815012600273, 8982367.027416996657848 ], [ 775323.39372417726554, 8982366.976277451962233 ], [ 775323.343868254800327, 8982366.926857125014067 ], [ 775323.292308667558245, 8982366.879216905683279 ], [ 775323.239108936628327, 8982366.833415485918522 ], [ 775323.18433460383676, 8982366.789509288966656 ], [ 775323.128053150954656, 8982366.74755241163075 ], [ 775323.07033391634468, 8982366.707596542313695 ], [ 775323.011248009977862, 8982366.66969090513885 ], [ 775322.950868225423619, 8982366.633882204070687 ], [ 775322.889268950209953, 8982366.60021455027163 ], [ 775322.826526074437425, 8982366.568729424849153 ], [ 775322.762716896948405, 8982366.539465617388487 ], [ 775322.697920030448586, 8982366.512459181249142 ], [ 775322.632215304300189, 8982366.487743386998773 ], [ 775322.565683666500263, 8982366.465348683297634 ], [ 775322.498407083679922, 8982366.445302661508322 ], [ 775322.430468440288678, 8982366.427630020305514 ], [ 775322.361951436381787, 8982366.412352528423071 ], [ 775322.292940484592691, 8982366.399489011615515 ], [ 775322.223520606174134, 8982366.389055313542485 ], [ 775322.153777326107956, 8982366.381064292043447 ], [ 775322.083796567632817, 8982366.37552578933537 ], [ 775322.013664546888322, 8982366.372446632012725 ], [ 775321.943467666045763, 8982366.371830610558391 ], [ 775321.873292407486588, 8982366.373678484931588 ], [ 775321.803225226700306, 8982366.377987978979945 ], [ 775321.733352446230128, 8982366.384753782302141 ], [ 775321.663760148920119, 8982366.393967561423779 ], [ 775321.594534072326496, 8982366.405617963522673 ], [ 775321.525759502430446, 8982366.419690635055304 ], [ 775321.457521169213578, 8982366.436168238520622 ], [ 775321.389903142233379, 8982366.455030474811792 ], [ 775321.322988726315089, 8982366.476254105567932 ], [ 775321.256860359804705, 8982366.499812982976437 ], [ 775321.191599512589164, 8982366.525678083300591 ], [ 775321.127286585746333, 8982366.553817538544536 ], [ 775321.064000812359154, 8982366.584196684882045 ], [ 775321.001820160308853, 8982366.616778090596199 ], [ 775320.94082123588305, 8982366.651521619409323 ], [ 775320.881079189479351, 8982366.688384465873241 ], [ 775320.822667623055167, 8982366.727321214973927 ], [ 775320.765658499207348, 8982366.76828389801085 ], [ 775320.710122053162195, 8982366.811222048476338 ], [ 775320.65612670534756, 8982366.856082765385509 ], [ 775320.603738978039473, 8982366.902810782194138 ], [ 775320.553023412358016, 8982366.951348530128598 ], [ 775320.504042489919811, 8982367.00163621082902 ], [ 775320.45685655483976, 8982367.053611868992448 ], [ 775320.411523739923723, 8982367.107211472466588 ], [ 775320.368099895189516, 8982367.162368984892964 ], [ 775320.326638518483378, 8982367.219016455113888 ], [ 775320.287190690054558, 8982367.277084091678262 ], [ 775320.249805009458214, 8982367.33650035597384 ], [ 775320.214527535717934, 8982367.397192046046257 ], [ 775320.181401730398647, 8982367.459084393456578 ], [ 775320.150468404404819, 8982367.522101143375039 ], [ 775320.121765667572618, 8982367.586164662614465 ], [ 775320.095328881288879, 8982367.651196023449302 ], [ 775320.071190615766682, 8982367.717115107923746 ], [ 775320.049380609067157, 8982367.783840704709291 ], [ 775320.029925731243566, 8982367.851290605962276 ], [ 775320.012849950348027, 8982367.919381717219949 ], [ 775319.998174303909764, 8982367.988030146807432 ], [ 775319.985916872043163, 8982368.057151321321726 ], [ 775319.976092756027356, 8982368.126660086214542 ], [ 775319.968714059097692, 8982368.196470804512501 ], [ 775319.963789871660993, 8982368.26649747043848 ], [ 775319.961326260352507, 8982368.336653811857104 ], [ 775319.961326260352507, 8982368.406853394582868 ], [ 775319.963789871660993, 8982368.477009736001492 ], [ 775319.968714059097692, 8982368.547036401927471 ], [ 775319.976092756027356, 8982368.61684712022543 ], [ 775319.985916872043163, 8982368.686355885118246 ], [ 775319.998174303909764, 8982368.75547705963254 ], [ 775320.012849950348027, 8982368.824125489220023 ], [ 775320.029925731243566, 8982368.892216600477695 ], [ 775320.049380609067157, 8982368.95966650173068 ], [ 775320.071190615766682, 8982369.026392098516226 ], [ 775320.095328881288879, 8982369.09231118299067 ], [ 775320.121765667572618, 8982369.157342543825507 ], [ 775320.150468404404819, 8982369.221406063064933 ], [ 775320.181401730398647, 8982369.284422812983394 ], [ 775320.214527535717934, 8982369.346315160393715 ], [ 775320.249805009458214, 8982369.407006850466132 ], [ 775320.287190690054558, 8982369.46642311476171 ], [ 775320.326638518483378, 8982369.524490751326084 ], [ 775320.368099895189516, 8982369.581138221547008 ], [ 775320.411523739923723, 8982369.636295733973384 ], [ 775320.45685655483976, 8982369.689895337447524 ], [ 775320.504042489919811, 8982369.741870995610952 ], [ 775320.553023412358016, 8982369.792158676311374 ], [ 775320.603738978039473, 8982369.840696424245834 ], [ 775320.65612670534756, 8982369.887424441054463 ], [ 775320.710122053162195, 8982369.932285157963634 ], [ 775320.765658499207348, 8982369.975223308429122 ], [ 775320.822667623055167, 8982370.016185991466045 ], [ 775320.881079189479351, 8982370.05512274056673 ], [ 775320.94082123588305, 8982370.091985587030649 ], [ 775321.001820160308853, 8982370.126729115843773 ], [ 775321.064000812359154, 8982370.159310521557927 ], [ 775321.127286585746333, 8982370.189689667895436 ], [ 775321.191599512589164, 8982370.217829123139381 ], [ 775321.256860359804705, 8982370.243694223463535 ], [ 775321.322988726315089, 8982370.26725310087204 ], [ 775321.389903142233379, 8982370.28847673162818 ], [ 775321.457521169213578, 8982370.30733896791935 ], [ 775321.525759502430446, 8982370.323816571384668 ], [ 775321.594534072326496, 8982370.337889242917299 ], [ 775321.663760148920119, 8982370.349539645016193 ], [ 775321.733352446230128, 8982370.358753424137831 ], [ 775321.803225226700306, 8982370.365519227460027 ], [ 775321.873292407486588, 8982370.369828721508384 ], [ 775321.943467666045763, 8982370.371676595881581 ], [ 775322.013664546888322, 8982370.371060574427247 ], [ 775322.083796567632817, 8982370.367981417104602 ], [ 775322.153777326107956, 8982370.362442914396524 ], [ 775322.223520606174134, 8982370.354451892897487 ], [ 775322.292940484592691, 8982370.344018194824457 ], [ 775322.361951436381787, 8982370.331154678016901 ], [ 775322.430468440288678, 8982370.315877186134458 ], [ 775322.498407083679922, 8982370.29820454493165 ], [ 775322.565683666500263, 8982370.278158523142338 ], [ 775322.632215304300189, 8982370.255763819441199 ], [ 775322.697920030448586, 8982370.23104802519083 ], [ 775322.762716896948405, 8982370.204041589051485 ], [ 775322.826526074437425, 8982370.174777781590819 ], [ 775322.889268950209953, 8982370.143292656168342 ], [ 775322.950868225423619, 8982370.109625002369285 ], [ 775323.011248009977862, 8982370.073816301301122 ], [ 775323.07033391634468, 8982370.035910664126277 ], [ 775323.128053150954656, 8982369.995954794809222 ], [ 775323.18433460383676, 8982369.953997917473316 ], [ 775323.239108936628327, 8982369.91009172052145 ], [ 775323.292308667558245, 8982369.864290300756693 ], [ 775323.343868254800327, 8982369.816650081425905 ], [ 775323.39372417726554, 8982369.767229754477739 ], [ 775323.441815012600273, 8982369.716090209782124 ], [ 775323.488081513089128, 8982369.66329444758594 ], [ 775323.532466678647324, 8982369.608907513320446 ], [ 775323.57491582701914, 8982369.552996411919594 ], [ 775323.615376661065966, 8982369.495630024001002 ], [ 775323.653799333027564, 8982369.436879023909569 ], [ 775323.690136506571434, 8982369.376815795898438 ], [ 775323.724343414418399, 8982369.315514335408807 ], [ 775323.756377913756296, 8982369.253050167113543 ], [ 775323.786200538161211, 8982369.18950024433434 ], [ 775323.813774546491913, 8982369.124942863360047 ], [ 775323.839065967476927, 8982369.059457555413246 ], [ 775323.862043642438948, 8982368.99312499910593 ], [ 775323.882679262780584, 8982368.926026916131377 ], [ 775323.900947405723855, 8982368.85824597068131 ], [ 775323.916825564811006, 8982368.789865668863058 ], [ 775323.930294178193435, 8982368.720970256254077 ], [ 775323.941336652846076, 8982368.651644608005881 ], [ 775323.949939384241588, 8982368.581974137574434 ], [ 775323.95609177404549, 8982368.512044675648212 ], [ 775323.95978624233976, 8982368.441942375153303 ], [ 775323.961018237750977, 8982368.371753603219986 ] ] ] ] } },
{ "type": "Feature", "properties": { "LAYER": "MBox", "GM_TYPE": "Unknown Area Type", "ELEVATION": 26, "path": "D:/TGS GEOJSON/add data baru/Oebaba add/09_oe_ar_mbox.geojson" }, "geometry": { "type": "MultiPolygon", "coordinates": [ [ [ [ 775810.730539659736678, 8982801.966753950342536 ], [ 775810.729307664325461, 8982801.896565178409219 ], [ 775810.72561319603119, 8982801.82646287791431 ], [ 775810.719460806227289, 8982801.756533415988088 ], [ 775810.710858074831776, 8982801.686862945556641 ], [ 775810.699815600179136, 8982801.617537297308445 ], [ 775810.686346986796707, 8982801.548641884699464 ], [ 775810.670468827709556, 8982801.480261582881212 ], [ 775810.652200684766285, 8982801.412480637431145 ], [ 775810.631565064424649, 8982801.345382554456592 ], [ 775810.608587389462627, 8982801.279049998149276 ], [ 775810.583295968477614, 8982801.213564690202475 ], [ 775810.555721960146911, 8982801.149007309228182 ], [ 775810.525899335741997, 8982801.085457386448979 ], [ 775810.4938648364041, 8982801.022993218153715 ], [ 775810.459657928557135, 8982800.961691757664084 ], [ 775810.423320755013265, 8982800.901628529652953 ], [ 775810.384898083051667, 8982800.84287752956152 ], [ 775810.344437249004841, 8982800.785511141642928 ], [ 775810.301988100633025, 8982800.729600040242076 ], [ 775810.257602935074829, 8982800.675213105976582 ], [ 775810.211336434585974, 8982800.622417343780398 ], [ 775810.16324559925124, 8982800.571277799084783 ], [ 775810.113389676786028, 8982800.521857472136617 ], [ 775810.061830089543946, 8982800.474217252805829 ], [ 775810.008630358614028, 8982800.428415833041072 ], [ 775809.953856025822461, 8982800.384509636089206 ], [ 775809.897574572940357, 8982800.3425527587533 ], [ 775809.839855338330381, 8982800.302596889436245 ], [ 775809.780769431963563, 8982800.2646912522614 ], [ 775809.72038964740932, 8982800.228882551193237 ], [ 775809.658790372195654, 8982800.19521489739418 ], [ 775809.596047496423125, 8982800.163729771971703 ], [ 775809.532238318934105, 8982800.134465964511037 ], [ 775809.467441452434286, 8982800.107459528371692 ], [ 775809.40173672628589, 8982800.082743734121323 ], [ 775809.335205088485964, 8982800.060349030420184 ], [ 775809.267928505665623, 8982800.040303008630872 ], [ 775809.199989862274379, 8982800.022630367428064 ], [ 775809.131472858367488, 8982800.007352875545621 ], [ 775809.062461906578392, 8982799.994489358738065 ], [ 775808.993042028159834, 8982799.984055660665035 ], [ 775808.923298748093657, 8982799.976064639165998 ], [ 775808.853317989618517, 8982799.97052613645792 ], [ 775808.783185968874022, 8982799.967446979135275 ], [ 775808.712989088031463, 8982799.966830957680941 ], [ 775808.642813829472288, 8982799.968678832054138 ], [ 775808.572746648686007, 8982799.972988326102495 ], [ 775808.502873868215829, 8982799.979754129424691 ], [ 775808.43328157090582, 8982799.988967908546329 ], [ 775808.364055494312197, 8982800.000618310645223 ], [ 775808.295280924416147, 8982800.014690982177854 ], [ 775808.227042591199279, 8982800.031168585643172 ], [ 775808.15942456421908, 8982800.050030821934342 ], [ 775808.092510148300789, 8982800.071254452690482 ], [ 775808.026381781790406, 8982800.094813330098987 ], [ 775807.961120934574865, 8982800.120678430423141 ], [ 775807.896808007732034, 8982800.148817885667086 ], [ 775807.833522234344855, 8982800.179197032004595 ], [ 775807.771341582294554, 8982800.211778437718749 ], [ 775807.71034265786875, 8982800.246521966531873 ], [ 775807.650600611465052, 8982800.283384812995791 ], [ 775807.592189045040868, 8982800.322321562096477 ], [ 775807.535179921193048, 8982800.3632842451334 ], [ 775807.479643475147896, 8982800.406222395598888 ], [ 775807.425648127333261, 8982800.451083112508059 ], [ 775807.373260400025174, 8982800.497811129316688 ], [ 775807.322544834343717, 8982800.546348877251148 ], [ 775807.273563911905512, 8982800.59663655795157 ], [ 775807.226377976825461, 8982800.648612216114998 ], [ 775807.181045161909424, 8982800.702211819589138 ], [ 775807.137621317175217, 8982800.757369332015514 ], [ 775807.096159940469079, 8982800.814016802236438 ], [ 775807.056712112040259, 8982800.872084438800812 ], [ 775807.019326431443915, 8982800.93150070309639 ], [ 775806.984048957703635, 8982800.992192393168807 ], [ 775806.950923152384348, 8982801.054084740579128 ], [ 775806.91998982639052, 8982801.117101490497589 ], [ 775806.891287089558318, 8982801.181165009737015 ], [ 775806.864850303274579, 8982801.246196370571852 ], [ 775806.840712037752382, 8982801.312115455046296 ], [ 775806.818902031052858, 8982801.378841051831841 ], [ 775806.799447153229266, 8982801.446290953084826 ], [ 775806.782371372333728, 8982801.514382064342499 ], [ 775806.767695725895464, 8982801.583030493929982 ], [ 775806.755438294028863, 8982801.652151668444276 ], [ 775806.745614178013057, 8982801.721660433337092 ], [ 775806.738235481083393, 8982801.791471151635051 ], [ 775806.733311293646693, 8982801.86149781756103 ], [ 775806.730847682338208, 8982801.931654158979654 ], [ 775806.730847682338208, 8982802.001853741705418 ], [ 775806.733311293646693, 8982802.072010083124042 ], [ 775806.738235481083393, 8982802.142036749050021 ], [ 775806.745614178013057, 8982802.21184746734798 ], [ 775806.755438294028863, 8982802.281356232240796 ], [ 775806.767695725895464, 8982802.35047740675509 ], [ 775806.782371372333728, 8982802.419125836342573 ], [ 775806.799447153229266, 8982802.487216947600245 ], [ 775806.818902031052858, 8982802.55466684885323 ], [ 775806.840712037752382, 8982802.621392445638776 ], [ 775806.864850303274579, 8982802.68731153011322 ], [ 775806.891287089558318, 8982802.752342890948057 ], [ 775806.91998982639052, 8982802.816406410187483 ], [ 775806.950923152384348, 8982802.879423160105944 ], [ 775806.984048957703635, 8982802.941315507516265 ], [ 775807.019326431443915, 8982803.002007197588682 ], [ 775807.056712112040259, 8982803.06142346188426 ], [ 775807.096159940469079, 8982803.119491098448634 ], [ 775807.137621317175217, 8982803.176138568669558 ], [ 775807.181045161909424, 8982803.231296081095934 ], [ 775807.226377976825461, 8982803.284895684570074 ], [ 775807.273563911905512, 8982803.336871342733502 ], [ 775807.322544834343717, 8982803.387159023433924 ], [ 775807.373260400025174, 8982803.435696771368384 ], [ 775807.425648127333261, 8982803.482424788177013 ], [ 775807.479643475147896, 8982803.527285505086184 ], [ 775807.535179921193048, 8982803.570223655551672 ], [ 775807.592189045040868, 8982803.611186338588595 ], [ 775807.650600611465052, 8982803.650123087689281 ], [ 775807.71034265786875, 8982803.686985934153199 ], [ 775807.771341582294554, 8982803.721729462966323 ], [ 775807.833522234344855, 8982803.754310868680477 ], [ 775807.896808007732034, 8982803.784690015017986 ], [ 775807.961120934574865, 8982803.812829470261931 ], [ 775808.026381781790406, 8982803.838694570586085 ], [ 775808.092510148300789, 8982803.86225344799459 ], [ 775808.15942456421908, 8982803.88347707875073 ], [ 775808.227042591199279, 8982803.9023393150419 ], [ 775808.295280924416147, 8982803.918816918507218 ], [ 775808.364055494312197, 8982803.932889590039849 ], [ 775808.43328157090582, 8982803.944539992138743 ], [ 775808.502873868215829, 8982803.953753771260381 ], [ 775808.572746648686007, 8982803.960519574582577 ], [ 775808.642813829472288, 8982803.964829068630934 ], [ 775808.712989088031463, 8982803.966676943004131 ], [ 775808.783185968874022, 8982803.966060921549797 ], [ 775808.853317989618517, 8982803.962981764227152 ], [ 775808.923298748093657, 8982803.957443261519074 ], [ 775808.993042028159834, 8982803.949452240020037 ], [ 775809.062461906578392, 8982803.939018541947007 ], [ 775809.131472858367488, 8982803.926155025139451 ], [ 775809.199989862274379, 8982803.910877533257008 ], [ 775809.267928505665623, 8982803.8932048920542 ], [ 775809.335205088485964, 8982803.873158870264888 ], [ 775809.40173672628589, 8982803.850764166563749 ], [ 775809.467441452434286, 8982803.82604837231338 ], [ 775809.532238318934105, 8982803.799041936174035 ], [ 775809.596047496423125, 8982803.769778128713369 ], [ 775809.658790372195654, 8982803.738293003290892 ], [ 775809.72038964740932, 8982803.704625349491835 ], [ 775809.780769431963563, 8982803.668816648423672 ], [ 775809.839855338330381, 8982803.630911011248827 ], [ 775809.897574572940357, 8982803.590955141931772 ], [ 775809.953856025822461, 8982803.548998264595866 ], [ 775810.008630358614028, 8982803.505092067644 ], [ 775810.061830089543946, 8982803.459290647879243 ], [ 775810.113389676786028, 8982803.411650428548455 ], [ 775810.16324559925124, 8982803.362230101600289 ], [ 775810.211336434585974, 8982803.311090556904674 ], [ 775810.257602935074829, 8982803.25829479470849 ], [ 775810.301988100633025, 8982803.203907860442996 ], [ 775810.344437249004841, 8982803.147996759042144 ], [ 775810.384898083051667, 8982803.090630371123552 ], [ 775810.423320755013265, 8982803.031879371032119 ], [ 775810.459657928557135, 8982802.971816143020988 ], [ 775810.4938648364041, 8982802.910514682531357 ], [ 775810.525899335741997, 8982802.848050514236093 ], [ 775810.555721960146911, 8982802.78450059145689 ], [ 775810.583295968477614, 8982802.719943210482597 ], [ 775810.608587389462627, 8982802.654457902535796 ], [ 775810.631565064424649, 8982802.58812534622848 ], [ 775810.652200684766285, 8982802.521027263253927 ], [ 775810.670468827709556, 8982802.45324631780386 ], [ 775810.686346986796707, 8982802.384866015985608 ], [ 775810.699815600179136, 8982802.315970603376627 ], [ 775810.710858074831776, 8982802.246644955128431 ], [ 775810.719460806227289, 8982802.176974484696984 ], [ 775810.72561319603119, 8982802.107045022770762 ], [ 775810.729307664325461, 8982802.036942722275853 ], [ 775810.730539659736678, 8982801.966753950342536 ] ] ] ] } },
{ "type": "Feature", "properties": { "LAYER": "MBox", "GM_TYPE": "Unknown Area Type", "ELEVATION": 23, "path": "D:/TGS GEOJSON/add data baru/Oebaba add/09_oe_ar_mbox.geojson" }, "geometry": { "type": "MultiPolygon", "coordinates": [ [ [ [ 775753.479491753038019, 8982622.497104067355394 ], [ 775753.478259757626802, 8982622.426915295422077 ], [ 775753.474565289332531, 8982622.356812994927168 ], [ 775753.46841289952863, 8982622.286883533000946 ], [ 775753.459810168133117, 8982622.217213062569499 ], [ 775753.448767693480477, 8982622.147887414321303 ], [ 775753.435299080098048, 8982622.078992001712322 ], [ 775753.419420921010897, 8982622.010611699894071 ], [ 775753.401152778067626, 8982621.942830754444003 ], [ 775753.38051715772599, 8982621.87573267146945 ], [ 775753.357539482763968, 8982621.809400115162134 ], [ 775753.332248061778955, 8982621.743914807215333 ], [ 775753.304674053448252, 8982621.67935742624104 ], [ 775753.274851429043338, 8982621.615807503461838 ], [ 775753.242816929705441, 8982621.553343335166574 ], [ 775753.208610021858476, 8982621.492041874676943 ], [ 775753.172272848314606, 8982621.431978646665812 ], [ 775753.133850176353008, 8982621.373227646574378 ], [ 775753.093389342306182, 8982621.315861258655787 ], [ 775753.050940193934366, 8982621.259950157254934 ], [ 775753.00655502837617, 8982621.20556322298944 ], [ 775752.960288527887315, 8982621.152767460793257 ], [ 775752.912197692552581, 8982621.101627916097641 ], [ 775752.862341770087369, 8982621.052207589149475 ], [ 775752.810782182845287, 8982621.004567369818687 ], [ 775752.757582451915368, 8982620.95876595005393 ], [ 775752.702808119123802, 8982620.914859753102064 ], [ 775752.646526666241698, 8982620.872902875766158 ], [ 775752.588807431631722, 8982620.832947006449103 ], [ 775752.529721525264904, 8982620.795041369274259 ], [ 775752.469341740710661, 8982620.759232668206096 ], [ 775752.407742465496995, 8982620.725565014407039 ], [ 775752.344999589724466, 8982620.694079888984561 ], [ 775752.281190412235446, 8982620.664816081523895 ], [ 775752.216393545735627, 8982620.63780964538455 ], [ 775752.150688819587231, 8982620.613093851134181 ], [ 775752.084157181787305, 8982620.590699147433043 ], [ 775752.016880598966964, 8982620.57065312564373 ], [ 775751.948941955575719, 8982620.552980484440923 ], [ 775751.880424951668829, 8982620.537702992558479 ], [ 775751.811413999879733, 8982620.524839475750923 ], [ 775751.741994121461175, 8982620.514405777677894 ], [ 775751.672250841394998, 8982620.506414756178856 ], [ 775751.602270082919858, 8982620.500876253470778 ], [ 775751.532138062175363, 8982620.497797096148133 ], [ 775751.461941181332804, 8982620.497181074693799 ], [ 775751.391765922773629, 8982620.499028949066997 ], [ 775751.321698741987348, 8982620.503338443115354 ], [ 775751.25182596151717, 8982620.51010424643755 ], [ 775751.18223366420716, 8982620.519318025559187 ], [ 775751.113007587613538, 8982620.530968427658081 ], [ 775751.044233017717488, 8982620.545041099190712 ], [ 775750.97599468450062, 8982620.561518702656031 ], [ 775750.908376657520421, 8982620.580380938947201 ], [ 775750.84146224160213, 8982620.601604569703341 ], [ 775750.775333875091746, 8982620.625163447111845 ], [ 775750.710073027876206, 8982620.651028547435999 ], [ 775750.645760101033375, 8982620.679168002679944 ], [ 775750.582474327646196, 8982620.709547149017453 ], [ 775750.520293675595894, 8982620.742128554731607 ], [ 775750.459294751170091, 8982620.776872083544731 ], [ 775750.399552704766393, 8982620.81373493000865 ], [ 775750.341141138342209, 8982620.852671679109335 ], [ 775750.284132014494389, 8982620.893634362146258 ], [ 775750.228595568449236, 8982620.936572512611747 ], [ 775750.174600220634602, 8982620.981433229520917 ], [ 775750.122212493326515, 8982621.028161246329546 ], [ 775750.071496927645057, 8982621.076698994264007 ], [ 775750.022516005206853, 8982621.126986674964428 ], [ 775749.975330070126802, 8982621.178962333127856 ], [ 775749.929997255210765, 8982621.232561936601996 ], [ 775749.886573410476558, 8982621.287719449028373 ], [ 775749.84511203377042, 8982621.344366919249296 ], [ 775749.8056642053416, 8982621.40243455581367 ], [ 775749.768278524745256, 8982621.461850820109248 ], [ 775749.733001051004976, 8982621.522542510181665 ], [ 775749.699875245685689, 8982621.584434857591987 ], [ 775749.668941919691861, 8982621.647451607510448 ], [ 775749.640239182859659, 8982621.711515126749873 ], [ 775749.61380239657592, 8982621.77654648758471 ], [ 775749.589664131053723, 8982621.842465572059155 ], [ 775749.567854124354199, 8982621.9091911688447 ], [ 775749.548399246530607, 8982621.976641070097685 ], [ 775749.531323465635069, 8982622.044732181355357 ], [ 775749.516647819196805, 8982622.113380610942841 ], [ 775749.504390387330204, 8982622.182501785457134 ], [ 775749.494566271314397, 8982622.252010550349951 ], [ 775749.487187574384734, 8982622.321821268647909 ], [ 775749.482263386948034, 8982622.391847934573889 ], [ 775749.479799775639549, 8982622.462004275992513 ], [ 775749.479799775639549, 8982622.532203858718276 ], [ 775749.482263386948034, 8982622.6023602001369 ], [ 775749.487187574384734, 8982622.67238686606288 ], [ 775749.494566271314397, 8982622.742197584360838 ], [ 775749.504390387330204, 8982622.811706349253654 ], [ 775749.516647819196805, 8982622.880827523767948 ], [ 775749.531323465635069, 8982622.949475953355432 ], [ 775749.548399246530607, 8982623.017567064613104 ], [ 775749.567854124354199, 8982623.085016965866089 ], [ 775749.589664131053723, 8982623.151742562651634 ], [ 775749.61380239657592, 8982623.217661647126079 ], [ 775749.640239182859659, 8982623.282693007960916 ], [ 775749.668941919691861, 8982623.346756527200341 ], [ 775749.699875245685689, 8982623.409773277118802 ], [ 775749.733001051004976, 8982623.471665624529123 ], [ 775749.768278524745256, 8982623.532357314601541 ], [ 775749.8056642053416, 8982623.591773578897119 ], [ 775749.84511203377042, 8982623.649841215461493 ], [ 775749.886573410476558, 8982623.706488685682416 ], [ 775749.929997255210765, 8982623.761646198108792 ], [ 775749.975330070126802, 8982623.815245801582932 ], [ 775750.022516005206853, 8982623.867221459746361 ], [ 775750.071496927645057, 8982623.917509140446782 ], [ 775750.122212493326515, 8982623.966046888381243 ], [ 775750.174600220634602, 8982624.012774905189872 ], [ 775750.228595568449236, 8982624.057635622099042 ], [ 775750.284132014494389, 8982624.10057377256453 ], [ 775750.341141138342209, 8982624.141536455601454 ], [ 775750.399552704766393, 8982624.180473204702139 ], [ 775750.459294751170091, 8982624.217336051166058 ], [ 775750.520293675595894, 8982624.252079579979181 ], [ 775750.582474327646196, 8982624.284660985693336 ], [ 775750.645760101033375, 8982624.315040132030845 ], [ 775750.710073027876206, 8982624.34317958727479 ], [ 775750.775333875091746, 8982624.369044687598944 ], [ 775750.84146224160213, 8982624.392603565007448 ], [ 775750.908376657520421, 8982624.413827195763588 ], [ 775750.97599468450062, 8982624.432689432054758 ], [ 775751.044233017717488, 8982624.449167035520077 ], [ 775751.113007587613538, 8982624.463239707052708 ], [ 775751.18223366420716, 8982624.474890109151602 ], [ 775751.25182596151717, 8982624.484103888273239 ], [ 775751.321698741987348, 8982624.490869691595435 ], [ 775751.391765922773629, 8982624.495179185643792 ], [ 775751.461941181332804, 8982624.49702706001699 ], [ 775751.532138062175363, 8982624.496411038562655 ], [ 775751.602270082919858, 8982624.49333188124001 ], [ 775751.672250841394998, 8982624.487793378531933 ], [ 775751.741994121461175, 8982624.479802357032895 ], [ 775751.811413999879733, 8982624.469368658959866 ], [ 775751.880424951668829, 8982624.456505142152309 ], [ 775751.948941955575719, 8982624.441227650269866 ], [ 775752.016880598966964, 8982624.423555009067059 ], [ 775752.084157181787305, 8982624.403508987277746 ], [ 775752.150688819587231, 8982624.381114283576608 ], [ 775752.216393545735627, 8982624.356398489326239 ], [ 775752.281190412235446, 8982624.329392053186893 ], [ 775752.344999589724466, 8982624.300128245726228 ], [ 775752.407742465496995, 8982624.26864312030375 ], [ 775752.469341740710661, 8982624.234975466504693 ], [ 775752.529721525264904, 8982624.19916676543653 ], [ 775752.588807431631722, 8982624.161261128261685 ], [ 775752.646526666241698, 8982624.121305258944631 ], [ 775752.702808119123802, 8982624.079348381608725 ], [ 775752.757582451915368, 8982624.035442184656858 ], [ 775752.810782182845287, 8982623.989640764892101 ], [ 775752.862341770087369, 8982623.942000545561314 ], [ 775752.912197692552581, 8982623.892580218613148 ], [ 775752.960288527887315, 8982623.841440673917532 ], [ 775753.00655502837617, 8982623.788644911721349 ], [ 775753.050940193934366, 8982623.734257977455854 ], [ 775753.093389342306182, 8982623.678346876055002 ], [ 775753.133850176353008, 8982623.620980488136411 ], [ 775753.172272848314606, 8982623.562229488044977 ], [ 775753.208610021858476, 8982623.502166260033846 ], [ 775753.242816929705441, 8982623.440864799544215 ], [ 775753.274851429043338, 8982623.378400631248951 ], [ 775753.304674053448252, 8982623.314850708469748 ], [ 775753.332248061778955, 8982623.250293327495456 ], [ 775753.357539482763968, 8982623.184808019548655 ], [ 775753.38051715772599, 8982623.118475463241339 ], [ 775753.401152778067626, 8982623.051377380266786 ], [ 775753.419420921010897, 8982622.983596434816718 ], [ 775753.435299080098048, 8982622.915216132998466 ], [ 775753.448767693480477, 8982622.846320720389485 ], [ 775753.459810168133117, 8982622.77699507214129 ], [ 775753.46841289952863, 8982622.707324601709843 ], [ 775753.474565289332531, 8982622.637395139783621 ], [ 775753.478259757626802, 8982622.567292839288712 ], [ 775753.479491753038019, 8982622.497104067355394 ] ] ] ] } },
{ "type": "Feature", "properties": { "LAYER": "MBox", "GM_TYPE": "Unknown Area Type", "ELEVATION": 26, "path": "D:/TGS GEOJSON/add data baru/Oebaba add/09_oe_ar_mbox.geojson" }, "geometry": { "type": "MultiPolygon", "coordinates": [ [ [ [ 775699.278334968723357, 8982452.588203065097332 ], [ 775699.27710297331214, 8982452.518014293164015 ], [ 775699.273408505017869, 8982452.447911992669106 ], [ 775699.267256115213968, 8982452.377982530742884 ], [ 775699.258653383818455, 8982452.308312060311437 ], [ 775699.247610909165815, 8982452.238986412063241 ], [ 775699.234142295783386, 8982452.17009099945426 ], [ 775699.218264136696234, 8982452.101710697636008 ], [ 775699.199995993752964, 8982452.033929752185941 ], [ 775699.179360373411328, 8982451.966831669211388 ], [ 775699.156382698449306, 8982451.900499112904072 ], [ 775699.131091277464293, 8982451.835013804957271 ], [ 775699.10351726913359, 8982451.770456423982978 ], [ 775699.073694644728675, 8982451.706906501203775 ], [ 775699.041660145390779, 8982451.644442332908511 ], [ 775699.007453237543814, 8982451.58314087241888 ], [ 775698.971116063999943, 8982451.523077644407749 ], [ 775698.932693392038345, 8982451.464326644316316 ], [ 775698.89223255799152, 8982451.406960256397724 ], [ 775698.849783409619704, 8982451.351049154996872 ], [ 775698.805398244061507, 8982451.296662220731378 ], [ 775698.759131743572652, 8982451.243866458535194 ], [ 775698.711040908237919, 8982451.192726913839579 ], [ 775698.661184985772707, 8982451.143306586891413 ], [ 775698.609625398530625, 8982451.095666367560625 ], [ 775698.556425667600706, 8982451.049864947795868 ], [ 775698.501651334809139, 8982451.005958750844002 ], [ 775698.445369881927036, 8982450.964001873508096 ], [ 775698.387650647317059, 8982450.924046004191041 ], [ 775698.328564740950242, 8982450.886140367016196 ], [ 775698.268184956395999, 8982450.850331665948033 ], [ 775698.206585681182332, 8982450.816664012148976 ], [ 775698.143842805409804, 8982450.785178886726499 ], [ 775698.080033627920784, 8982450.755915079265833 ], [ 775698.015236761420965, 8982450.728908643126488 ], [ 775697.949532035272568, 8982450.704192848876119 ], [ 775697.883000397472642, 8982450.68179814517498 ], [ 775697.815723814652301, 8982450.661752123385668 ], [ 775697.747785171261057, 8982450.64407948218286 ], [ 775697.679268167354167, 8982450.628801990300417 ], [ 775697.610257215565071, 8982450.615938473492861 ], [ 775697.540837337146513, 8982450.605504775419831 ], [ 775697.471094057080336, 8982450.597513753920794 ], [ 775697.401113298605196, 8982450.591975251212716 ], [ 775697.330981277860701, 8982450.588896093890071 ], [ 775697.260784397018142, 8982450.588280072435737 ], [ 775697.190609138458967, 8982450.590127946808934 ], [ 775697.120541957672685, 8982450.594437440857291 ], [ 775697.050669177202508, 8982450.601203244179487 ], [ 775696.981076879892498, 8982450.610417023301125 ], [ 775696.911850803298876, 8982450.622067425400019 ], [ 775696.843076233402826, 8982450.63614009693265 ], [ 775696.774837900185958, 8982450.652617700397968 ], [ 775696.707219873205759, 8982450.671479936689138 ], [ 775696.640305457287468, 8982450.692703567445278 ], [ 775696.574177090777084, 8982450.716262444853783 ], [ 775696.508916243561544, 8982450.742127545177937 ], [ 775696.444603316718712, 8982450.770267000421882 ], [ 775696.381317543331534, 8982450.800646146759391 ], [ 775696.319136891281232, 8982450.833227552473545 ], [ 775696.258137966855429, 8982450.867971081286669 ], [ 775696.19839592045173, 8982450.904833927750587 ], [ 775696.139984354027547, 8982450.943770676851273 ], [ 775696.082975230179727, 8982450.984733359888196 ], [ 775696.027438784134574, 8982451.027671510353684 ], [ 775695.97344343631994, 8982451.072532227262855 ], [ 775695.921055709011853, 8982451.119260244071484 ], [ 775695.870340143330395, 8982451.167797992005944 ], [ 775695.821359220892191, 8982451.218085672706366 ], [ 775695.77417328581214, 8982451.270061330869794 ], [ 775695.728840470896102, 8982451.323660934343934 ], [ 775695.685416626161896, 8982451.37881844677031 ], [ 775695.643955249455757, 8982451.435465916991234 ], [ 775695.604507421026938, 8982451.493533553555608 ], [ 775695.567121740430593, 8982451.552949817851186 ], [ 775695.531844266690314, 8982451.613641507923603 ], [ 775695.498718461371027, 8982451.675533855333924 ], [ 775695.467785135377198, 8982451.738550605252385 ], [ 775695.439082398544997, 8982451.802614124491811 ], [ 775695.412645612261258, 8982451.867645485326648 ], [ 775695.388507346739061, 8982451.933564569801092 ], [ 775695.366697340039536, 8982452.000290166586637 ], [ 775695.347242462215945, 8982452.067740067839622 ], [ 775695.330166681320406, 8982452.135831179097295 ], [ 775695.315491034882143, 8982452.204479608684778 ], [ 775695.303233603015542, 8982452.273600783199072 ], [ 775695.293409486999735, 8982452.343109548091888 ], [ 775695.286030790070072, 8982452.412920266389847 ], [ 775695.281106602633372, 8982452.482946932315826 ], [ 775695.278642991324887, 8982452.55310327373445 ], [ 775695.278642991324887, 8982452.623302856460214 ], [ 775695.281106602633372, 8982452.693459197878838 ], [ 775695.286030790070072, 8982452.763485863804817 ], [ 775695.293409486999735, 8982452.833296582102776 ], [ 775695.303233603015542, 8982452.902805346995592 ], [ 775695.315491034882143, 8982452.971926521509886 ], [ 775695.330166681320406, 8982453.040574951097369 ], [ 775695.347242462215945, 8982453.108666062355042 ], [ 775695.366697340039536, 8982453.176115963608027 ], [ 775695.388507346739061, 8982453.242841560393572 ], [ 775695.412645612261258, 8982453.308760644868016 ], [ 775695.439082398544997, 8982453.373792005702853 ], [ 775695.467785135377198, 8982453.437855524942279 ], [ 775695.498718461371027, 8982453.50087227486074 ], [ 775695.531844266690314, 8982453.562764622271061 ], [ 775695.567121740430593, 8982453.623456312343478 ], [ 775695.604507421026938, 8982453.682872576639056 ], [ 775695.643955249455757, 8982453.74094021320343 ], [ 775695.685416626161896, 8982453.797587683424354 ], [ 775695.728840470896102, 8982453.85274519585073 ], [ 775695.77417328581214, 8982453.90634479932487 ], [ 775695.821359220892191, 8982453.958320457488298 ], [ 775695.870340143330395, 8982454.00860813818872 ], [ 775695.921055709011853, 8982454.05714588612318 ], [ 775695.97344343631994, 8982454.103873902931809 ], [ 775696.027438784134574, 8982454.14873461984098 ], [ 775696.082975230179727, 8982454.191672770306468 ], [ 775696.139984354027547, 8982454.232635453343391 ], [ 775696.19839592045173, 8982454.271572202444077 ], [ 775696.258137966855429, 8982454.308435048907995 ], [ 775696.319136891281232, 8982454.343178577721119 ], [ 775696.381317543331534, 8982454.375759983435273 ], [ 775696.444603316718712, 8982454.406139129772782 ], [ 775696.508916243561544, 8982454.434278585016727 ], [ 775696.574177090777084, 8982454.460143685340881 ], [ 775696.640305457287468, 8982454.483702562749386 ], [ 775696.707219873205759, 8982454.504926193505526 ], [ 775696.774837900185958, 8982454.523788429796696 ], [ 775696.843076233402826, 8982454.540266033262014 ], [ 775696.911850803298876, 8982454.554338704794645 ], [ 775696.981076879892498, 8982454.565989106893539 ], [ 775697.050669177202508, 8982454.575202886015177 ], [ 775697.120541957672685, 8982454.581968689337373 ], [ 775697.190609138458967, 8982454.58627818338573 ], [ 775697.260784397018142, 8982454.588126057758927 ], [ 775697.330981277860701, 8982454.587510036304593 ], [ 775697.401113298605196, 8982454.584430878981948 ], [ 775697.471094057080336, 8982454.57889237627387 ], [ 775697.540837337146513, 8982454.570901354774833 ], [ 775697.610257215565071, 8982454.560467656701803 ], [ 775697.679268167354167, 8982454.547604139894247 ], [ 775697.747785171261057, 8982454.532326648011804 ], [ 775697.815723814652301, 8982454.514654006808996 ], [ 775697.883000397472642, 8982454.494607985019684 ], [ 775697.949532035272568, 8982454.472213281318545 ], [ 775698.015236761420965, 8982454.447497487068176 ], [ 775698.080033627920784, 8982454.420491050928831 ], [ 775698.143842805409804, 8982454.391227243468165 ], [ 775698.206585681182332, 8982454.359742118045688 ], [ 775698.268184956395999, 8982454.326074464246631 ], [ 775698.328564740950242, 8982454.290265763178468 ], [ 775698.387650647317059, 8982454.252360126003623 ], [ 775698.445369881927036, 8982454.212404256686568 ], [ 775698.501651334809139, 8982454.170447379350662 ], [ 775698.556425667600706, 8982454.126541182398796 ], [ 775698.609625398530625, 8982454.080739762634039 ], [ 775698.661184985772707, 8982454.033099543303251 ], [ 775698.711040908237919, 8982453.983679216355085 ], [ 775698.759131743572652, 8982453.93253967165947 ], [ 775698.805398244061507, 8982453.879743909463286 ], [ 775698.849783409619704, 8982453.825356975197792 ], [ 775698.89223255799152, 8982453.76944587379694 ], [ 775698.932693392038345, 8982453.712079485878348 ], [ 775698.971116063999943, 8982453.653328485786915 ], [ 775699.007453237543814, 8982453.593265257775784 ], [ 775699.041660145390779, 8982453.531963797286153 ], [ 775699.073694644728675, 8982453.469499628990889 ], [ 775699.10351726913359, 8982453.405949706211686 ], [ 775699.131091277464293, 8982453.341392325237393 ], [ 775699.156382698449306, 8982453.275907017290592 ], [ 775699.179360373411328, 8982453.209574460983276 ], [ 775699.199995993752964, 8982453.142476378008723 ], [ 775699.218264136696234, 8982453.074695432558656 ], [ 775699.234142295783386, 8982453.006315130740404 ], [ 775699.247610909165815, 8982452.937419718131423 ], [ 775699.258653383818455, 8982452.868094069883227 ], [ 775699.267256115213968, 8982452.79842359945178 ], [ 775699.273408505017869, 8982452.728494137525558 ], [ 775699.27710297331214, 8982452.658391837030649 ], [ 775699.278334968723357, 8982452.588203065097332 ] ] ] ] } },
{ "type": "Feature", "properties": { "LAYER": "MBox", "GM_TYPE": "Unknown Area Type", "ELEVATION": 26, "path": "D:/TGS GEOJSON/add data baru/Oebaba add/09_oe_ar_mbox.geojson" }, "geometry": { "type": "MultiPolygon", "coordinates": [ [ [ [ 775641.973216320737265, 8982272.949053108692169 ], [ 775641.971984325326048, 8982272.878864336758852 ], [ 775641.968289857031778, 8982272.808762036263943 ], [ 775641.962137467227876, 8982272.738832574337721 ], [ 775641.953534735832363, 8982272.669162103906274 ], [ 775641.942492261179723, 8982272.599836455658078 ], [ 775641.929023647797294, 8982272.530941043049097 ], [ 775641.913145488710143, 8982272.462560741230845 ], [ 775641.894877345766872, 8982272.394779795780778 ], [ 775641.874241725425236, 8982272.327681712806225 ], [ 775641.851264050463215, 8982272.261349156498909 ], [ 775641.825972629478201, 8982272.195863848552108 ], [ 775641.798398621147498, 8982272.131306467577815 ], [ 775641.768575996742584, 8982272.067756544798613 ], [ 775641.736541497404687, 8982272.005292376503348 ], [ 775641.702334589557722, 8982271.943990916013718 ], [ 775641.665997416013852, 8982271.883927688002586 ], [ 775641.627574744052254, 8982271.825176687911153 ], [ 775641.587113910005428, 8982271.767810299992561 ], [ 775641.544664761633612, 8982271.711899198591709 ], [ 775641.500279596075416, 8982271.657512264326215 ], [ 775641.454013095586561, 8982271.604716502130032 ], [ 775641.405922260251828, 8982271.553576957434416 ], [ 775641.356066337786615, 8982271.50415663048625 ], [ 775641.304506750544533, 8982271.456516411155462 ], [ 775641.251307019614615, 8982271.410714991390705 ], [ 775641.196532686823048, 8982271.366808794438839 ], [ 775641.140251233940944, 8982271.324851917102933 ], [ 775641.082531999330968, 8982271.284896047785878 ], [ 775641.02344609296415, 8982271.246990410611033 ], [ 775640.963066308409907, 8982271.211181709542871 ], [ 775640.901467033196241, 8982271.177514055743814 ], [ 775640.838724157423712, 8982271.146028930321336 ], [ 775640.774914979934692, 8982271.11676512286067 ], [ 775640.710118113434874, 8982271.089758686721325 ], [ 775640.644413387286477, 8982271.065042892470956 ], [ 775640.577881749486551, 8982271.042648188769817 ], [ 775640.51060516666621, 8982271.022602166980505 ], [ 775640.442666523274966, 8982271.004929525777698 ], [ 775640.374149519368075, 8982270.989652033895254 ], [ 775640.305138567578979, 8982270.976788517087698 ], [ 775640.235718689160421, 8982270.966354819014668 ], [ 775640.165975409094244, 8982270.958363797515631 ], [ 775640.095994650619105, 8982270.952825294807553 ], [ 775640.025862629874609, 8982270.949746137484908 ], [ 775639.95566574903205, 8982270.949130116030574 ], [ 775639.885490490472876, 8982270.950977990403771 ], [ 775639.815423309686594, 8982270.955287484452128 ], [ 775639.745550529216416, 8982270.962053287774324 ], [ 775639.675958231906407, 8982270.971267066895962 ], [ 775639.606732155312784, 8982270.982917468994856 ], [ 775639.537957585416734, 8982270.996990140527487 ], [ 775639.469719252199866, 8982271.013467743992805 ], [ 775639.402101225219667, 8982271.032329980283976 ], [ 775639.335186809301376, 8982271.053553611040115 ], [ 775639.269058442790993, 8982271.07711248844862 ], [ 775639.203797595575452, 8982271.102977588772774 ], [ 775639.139484668732621, 8982271.131117044016719 ], [ 775639.076198895345442, 8982271.161496190354228 ], [ 775639.014018243295141, 8982271.194077596068382 ], [ 775638.953019318869337, 8982271.228821124881506 ], [ 775638.893277272465639, 8982271.265683971345425 ], [ 775638.834865706041455, 8982271.30462072044611 ], [ 775638.777856582193635, 8982271.345583403483033 ], [ 775638.722320136148483, 8982271.388521553948522 ], [ 775638.668324788333848, 8982271.433382270857692 ], [ 775638.615937061025761, 8982271.480110287666321 ], [ 775638.565221495344304, 8982271.528648035600781 ], [ 775638.516240572906099, 8982271.578935716301203 ], [ 775638.469054637826048, 8982271.630911374464631 ], [ 775638.423721822910011, 8982271.684510977938771 ], [ 775638.380297978175804, 8982271.739668490365148 ], [ 775638.338836601469666, 8982271.796315960586071 ], [ 775638.299388773040846, 8982271.854383597150445 ], [ 775638.262003092444502, 8982271.913799861446023 ], [ 775638.226725618704222, 8982271.97449155151844 ], [ 775638.193599813384935, 8982272.036383898928761 ], [ 775638.162666487391107, 8982272.099400648847222 ], [ 775638.133963750558905, 8982272.163464168086648 ], [ 775638.107526964275166, 8982272.228495528921485 ], [ 775638.08338869875297, 8982272.294414613395929 ], [ 775638.061578692053445, 8982272.361140210181475 ], [ 775638.042123814229853, 8982272.42859011143446 ], [ 775638.025048033334315, 8982272.496681222692132 ], [ 775638.010372386896051, 8982272.565329652279615 ], [ 775637.99811495502945, 8982272.634450826793909 ], [ 775637.988290839013644, 8982272.703959591686726 ], [ 775637.98091214208398, 8982272.773770309984684 ], [ 775637.97598795464728, 8982272.843796975910664 ], [ 775637.973524343338795, 8982272.913953317329288 ], [ 775637.973524343338795, 8982272.984152900055051 ], [ 775637.97598795464728, 8982273.054309241473675 ], [ 775637.98091214208398, 8982273.124335907399654 ], [ 775637.988290839013644, 8982273.194146625697613 ], [ 775637.99811495502945, 8982273.263655390590429 ], [ 775638.010372386896051, 8982273.332776565104723 ], [ 775638.025048033334315, 8982273.401424994692206 ], [ 775638.042123814229853, 8982273.469516105949879 ], [ 775638.061578692053445, 8982273.536966007202864 ], [ 775638.08338869875297, 8982273.603691603988409 ], [ 775638.107526964275166, 8982273.669610688462853 ], [ 775638.133963750558905, 8982273.73464204929769 ], [ 775638.162666487391107, 8982273.798705568537116 ], [ 775638.193599813384935, 8982273.861722318455577 ], [ 775638.226725618704222, 8982273.923614665865898 ], [ 775638.262003092444502, 8982273.984306355938315 ], [ 775638.299388773040846, 8982274.043722620233893 ], [ 775638.338836601469666, 8982274.101790256798267 ], [ 775638.380297978175804, 8982274.158437727019191 ], [ 775638.423721822910011, 8982274.213595239445567 ], [ 775638.469054637826048, 8982274.267194842919707 ], [ 775638.516240572906099, 8982274.319170501083136 ], [ 775638.565221495344304, 8982274.369458181783557 ], [ 775638.615937061025761, 8982274.417995929718018 ], [ 775638.668324788333848, 8982274.464723946526647 ], [ 775638.722320136148483, 8982274.509584663435817 ], [ 775638.777856582193635, 8982274.552522813901305 ], [ 775638.834865706041455, 8982274.593485496938229 ], [ 775638.893277272465639, 8982274.632422246038914 ], [ 775638.953019318869337, 8982274.669285092502832 ], [ 775639.014018243295141, 8982274.704028621315956 ], [ 775639.076198895345442, 8982274.73661002703011 ], [ 775639.139484668732621, 8982274.76698917336762 ], [ 775639.203797595575452, 8982274.795128628611565 ], [ 775639.269058442790993, 8982274.820993728935719 ], [ 775639.335186809301376, 8982274.844552606344223 ], [ 775639.402101225219667, 8982274.865776237100363 ], [ 775639.469719252199866, 8982274.884638473391533 ], [ 775639.537957585416734, 8982274.901116076856852 ], [ 775639.606732155312784, 8982274.915188748389482 ], [ 775639.675958231906407, 8982274.926839150488377 ], [ 775639.745550529216416, 8982274.936052929610014 ], [ 775639.815423309686594, 8982274.94281873293221 ], [ 775639.885490490472876, 8982274.947128226980567 ], [ 775639.95566574903205, 8982274.948976101353765 ], [ 775640.025862629874609, 8982274.94836007989943 ], [ 775640.095994650619105, 8982274.945280922576785 ], [ 775640.165975409094244, 8982274.939742419868708 ], [ 775640.235718689160421, 8982274.93175139836967 ], [ 775640.305138567578979, 8982274.92131770029664 ], [ 775640.374149519368075, 8982274.908454183489084 ], [ 775640.442666523274966, 8982274.893176691606641 ], [ 775640.51060516666621, 8982274.875504050403833 ], [ 775640.577881749486551, 8982274.855458028614521 ], [ 775640.644413387286477, 8982274.833063324913383 ], [ 775640.710118113434874, 8982274.808347530663013 ], [ 775640.774914979934692, 8982274.781341094523668 ], [ 775640.838724157423712, 8982274.752077287063003 ], [ 775640.901467033196241, 8982274.720592161640525 ], [ 775640.963066308409907, 8982274.686924507841468 ], [ 775641.02344609296415, 8982274.651115806773305 ], [ 775641.082531999330968, 8982274.61321016959846 ], [ 775641.140251233940944, 8982274.573254300281405 ], [ 775641.196532686823048, 8982274.531297422945499 ], [ 775641.251307019614615, 8982274.487391225993633 ], [ 775641.304506750544533, 8982274.441589806228876 ], [ 775641.356066337786615, 8982274.393949586898088 ], [ 775641.405922260251828, 8982274.344529259949923 ], [ 775641.454013095586561, 8982274.293389715254307 ], [ 775641.500279596075416, 8982274.240593953058124 ], [ 775641.544664761633612, 8982274.186207018792629 ], [ 775641.587113910005428, 8982274.130295917391777 ], [ 775641.627574744052254, 8982274.072929529473186 ], [ 775641.665997416013852, 8982274.014178529381752 ], [ 775641.702334589557722, 8982273.954115301370621 ], [ 775641.736541497404687, 8982273.89281384088099 ], [ 775641.768575996742584, 8982273.830349672585726 ], [ 775641.798398621147498, 8982273.766799749806523 ], [ 775641.825972629478201, 8982273.702242368832231 ], [ 775641.851264050463215, 8982273.636757060885429 ], [ 775641.874241725425236, 8982273.570424504578114 ], [ 775641.894877345766872, 8982273.50332642160356 ], [ 775641.913145488710143, 8982273.435545476153493 ], [ 775641.929023647797294, 8982273.367165174335241 ], [ 775641.942492261179723, 8982273.29826976172626 ], [ 775641.953534735832363, 8982273.228944113478065 ], [ 775641.962137467227876, 8982273.159273643046618 ], [ 775641.968289857031778, 8982273.089344181120396 ], [ 775641.971984325326048, 8982273.019241880625486 ], [ 775641.973216320737265, 8982272.949053108692169 ] ] ] ] } },
{ "type": "Feature", "properties": { "LAYER": "MBox", "GM_TYPE": "Unknown Area Type", "ELEVATION": null, "path": "D:/TGS GEOJSON/add data baru/Oebaba add/09_oe_ar_mbox.geojson" }, "geometry": { "type": "MultiPolygon", "coordinates": [ [ [ [ 775302.032459026551805, 8982210.085717007517815 ], [ 775302.031227031140588, 8982210.015528235584497 ], [ 775302.027532562846318, 8982209.945425935089588 ], [ 775302.021380173042417, 8982209.875496473163366 ], [ 775302.012777441646904, 8982209.805826002731919 ], [ 775302.001734966994263, 8982209.736500354483724 ], [ 775301.988266353611834, 8982209.667604941874743 ], [ 775301.972388194524683, 8982209.599224640056491 ], [ 775301.954120051581413, 8982209.531443694606423 ], [ 775301.933484431239776, 8982209.46434561163187 ], [ 775301.910506756277755, 8982209.398013055324554 ], [ 775301.885215335292742, 8982209.332527747377753 ], [ 775301.857641326962039, 8982209.267970366403461 ], [ 775301.827818702557124, 8982209.204420443624258 ], [ 775301.795784203219227, 8982209.141956275328994 ], [ 775301.761577295372263, 8982209.080654814839363 ], [ 775301.725240121828392, 8982209.020591586828232 ], [ 775301.686817449866794, 8982208.961840586736798 ], [ 775301.646356615819968, 8982208.904474198818207 ], [ 775301.603907467448153, 8982208.848563097417355 ], [ 775301.559522301889956, 8982208.79417616315186 ], [ 775301.513255801401101, 8982208.741380400955677 ], [ 775301.465164966066368, 8982208.690240856260061 ], [ 775301.415309043601155, 8982208.640820529311895 ], [ 775301.363749456359074, 8982208.593180309981108 ], [ 775301.310549725429155, 8982208.547378890216351 ], [ 775301.255775392637588, 8982208.503472693264484 ], [ 775301.199493939755484, 8982208.461515815928578 ], [ 775301.141774705145508, 8982208.421559946611524 ], [ 775301.08268879877869, 8982208.383654309436679 ], [ 775301.022309014224447, 8982208.347845608368516 ], [ 775300.960709739010781, 8982208.314177954569459 ], [ 775300.897966863238253, 8982208.282692829146981 ], [ 775300.834157685749233, 8982208.253429021686316 ], [ 775300.769360819249414, 8982208.22642258554697 ], [ 775300.703656093101017, 8982208.201706791296601 ], [ 775300.637124455301091, 8982208.179312087595463 ], [ 775300.56984787248075, 8982208.15926606580615 ], [ 775300.501909229089506, 8982208.141593424603343 ], [ 775300.433392225182615, 8982208.1263159327209 ], [ 775300.364381273393519, 8982208.113452415913343 ], [ 775300.294961394974962, 8982208.103018717840314 ], [ 775300.225218114908785, 8982208.095027696341276 ], [ 775300.155237356433645, 8982208.089489193633199 ], [ 775300.08510533568915, 8982208.086410036310554 ], [ 775300.014908454846591, 8982208.085794014856219 ], [ 775299.944733196287416, 8982208.087641889229417 ], [ 775299.874666015501134, 8982208.091951383277774 ], [ 775299.804793235030957, 8982208.09871718659997 ], [ 775299.735200937720947, 8982208.107930965721607 ], [ 775299.665974861127324, 8982208.119581367820501 ], [ 775299.597200291231275, 8982208.133654039353132 ], [ 775299.528961958014406, 8982208.150131642818451 ], [ 775299.461343931034207, 8982208.168993879109621 ], [ 775299.394429515115917, 8982208.190217509865761 ], [ 775299.328301148605533, 8982208.213776387274265 ], [ 775299.263040301389992, 8982208.239641487598419 ], [ 775299.198727374547161, 8982208.267780942842364 ], [ 775299.135441601159982, 8982208.298160089179873 ], [ 775299.073260949109681, 8982208.330741494894028 ], [ 775299.012262024683878, 8982208.365485023707151 ], [ 775298.952519978280179, 8982208.40234787017107 ], [ 775298.894108411855996, 8982208.441284619271755 ], [ 775298.837099288008176, 8982208.482247302308679 ], [ 775298.781562841963023, 8982208.525185452774167 ], [ 775298.727567494148389, 8982208.570046169683337 ], [ 775298.675179766840301, 8982208.616774186491966 ], [ 775298.624464201158844, 8982208.665311934426427 ], [ 775298.57548327872064, 8982208.715599615126848 ], [ 775298.528297343640588, 8982208.767575273290277 ], [ 775298.482964528724551, 8982208.821174876764417 ], [ 775298.439540683990344, 8982208.876332389190793 ], [ 775298.398079307284206, 8982208.932979859411716 ], [ 775298.358631478855386, 8982208.99104749597609 ], [ 775298.321245798259042, 8982209.050463760271668 ], [ 775298.285968324518763, 8982209.111155450344086 ], [ 775298.252842519199476, 8982209.173047797754407 ], [ 775298.221909193205647, 8982209.236064547672868 ], [ 775298.193206456373446, 8982209.300128066912293 ], [ 775298.166769670089707, 8982209.36515942774713 ], [ 775298.14263140456751, 8982209.431078512221575 ], [ 775298.120821397867985, 8982209.49780410900712 ], [ 775298.101366520044394, 8982209.565254010260105 ], [ 775298.084290739148855, 8982209.633345121517777 ], [ 775298.069615092710592, 8982209.701993551105261 ], [ 775298.057357660843991, 8982209.771114725619555 ], [ 775298.047533544828184, 8982209.840623490512371 ], [ 775298.040154847898521, 8982209.910434208810329 ], [ 775298.035230660461821, 8982209.980460874736309 ], [ 775298.032767049153335, 8982210.050617216154933 ], [ 775298.032767049153335, 8982210.120816798880696 ], [ 775298.035230660461821, 8982210.19097314029932 ], [ 775298.040154847898521, 8982210.2609998062253 ], [ 775298.047533544828184, 8982210.330810524523258 ], [ 775298.057357660843991, 8982210.400319289416075 ], [ 775298.069615092710592, 8982210.469440463930368 ], [ 775298.084290739148855, 8982210.538088893517852 ], [ 775298.101366520044394, 8982210.606180004775524 ], [ 775298.120821397867985, 8982210.673629906028509 ], [ 775298.14263140456751, 8982210.740355502814054 ], [ 775298.166769670089707, 8982210.806274587288499 ], [ 775298.193206456373446, 8982210.871305948123336 ], [ 775298.221909193205647, 8982210.935369467362761 ], [ 775298.252842519199476, 8982210.998386217281222 ], [ 775298.285968324518763, 8982211.060278564691544 ], [ 775298.321245798259042, 8982211.120970254763961 ], [ 775298.358631478855386, 8982211.180386519059539 ], [ 775298.398079307284206, 8982211.238454155623913 ], [ 775298.439540683990344, 8982211.295101625844836 ], [ 775298.482964528724551, 8982211.350259138271213 ], [ 775298.528297343640588, 8982211.403858741745353 ], [ 775298.57548327872064, 8982211.455834399908781 ], [ 775298.624464201158844, 8982211.506122080609202 ], [ 775298.675179766840301, 8982211.554659828543663 ], [ 775298.727567494148389, 8982211.601387845352292 ], [ 775298.781562841963023, 8982211.646248562261462 ], [ 775298.837099288008176, 8982211.689186712726951 ], [ 775298.894108411855996, 8982211.730149395763874 ], [ 775298.952519978280179, 8982211.769086144864559 ], [ 775299.012262024683878, 8982211.805948991328478 ], [ 775299.073260949109681, 8982211.840692520141602 ], [ 775299.135441601159982, 8982211.873273925855756 ], [ 775299.198727374547161, 8982211.903653072193265 ], [ 775299.263040301389992, 8982211.93179252743721 ], [ 775299.328301148605533, 8982211.957657627761364 ], [ 775299.394429515115917, 8982211.981216505169868 ], [ 775299.461343931034207, 8982212.002440135926008 ], [ 775299.528961958014406, 8982212.021302372217178 ], [ 775299.597200291231275, 8982212.037779975682497 ], [ 775299.665974861127324, 8982212.051852647215128 ], [ 775299.735200937720947, 8982212.063503049314022 ], [ 775299.804793235030957, 8982212.072716828435659 ], [ 775299.874666015501134, 8982212.079482631757855 ], [ 775299.944733196287416, 8982212.083792125806212 ], [ 775300.014908454846591, 8982212.08564000017941 ], [ 775300.08510533568915, 8982212.085023978725076 ], [ 775300.155237356433645, 8982212.081944821402431 ], [ 775300.225218114908785, 8982212.076406318694353 ], [ 775300.294961394974962, 8982212.068415297195315 ], [ 775300.364381273393519, 8982212.057981599122286 ], [ 775300.433392225182615, 8982212.04511808231473 ], [ 775300.501909229089506, 8982212.029840590432286 ], [ 775300.56984787248075, 8982212.012167949229479 ], [ 775300.637124455301091, 8982211.992121927440166 ], [ 775300.703656093101017, 8982211.969727223739028 ], [ 775300.769360819249414, 8982211.945011429488659 ], [ 775300.834157685749233, 8982211.918004993349314 ], [ 775300.897966863238253, 8982211.888741185888648 ], [ 775300.960709739010781, 8982211.85725606046617 ], [ 775301.022309014224447, 8982211.823588406667113 ], [ 775301.08268879877869, 8982211.78777970559895 ], [ 775301.141774705145508, 8982211.749874068424106 ], [ 775301.199493939755484, 8982211.709918199107051 ], [ 775301.255775392637588, 8982211.667961321771145 ], [ 775301.310549725429155, 8982211.624055124819279 ], [ 775301.363749456359074, 8982211.578253705054522 ], [ 775301.415309043601155, 8982211.530613485723734 ], [ 775301.465164966066368, 8982211.481193158775568 ], [ 775301.513255801401101, 8982211.430053614079952 ], [ 775301.559522301889956, 8982211.377257851883769 ], [ 775301.603907467448153, 8982211.322870917618275 ], [ 775301.646356615819968, 8982211.266959816217422 ], [ 775301.686817449866794, 8982211.209593428298831 ], [ 775301.725240121828392, 8982211.150842428207397 ], [ 775301.761577295372263, 8982211.090779200196266 ], [ 775301.795784203219227, 8982211.029477739706635 ], [ 775301.827818702557124, 8982210.967013571411371 ], [ 775301.857641326962039, 8982210.903463648632169 ], [ 775301.885215335292742, 8982210.838906267657876 ], [ 775301.910506756277755, 8982210.773420959711075 ], [ 775301.933484431239776, 8982210.707088403403759 ], [ 775301.954120051581413, 8982210.639990320429206 ], [ 775301.972388194524683, 8982210.572209374979138 ], [ 775301.988266353611834, 8982210.503829073160887 ], [ 775302.001734966994263, 8982210.434933660551906 ], [ 775302.012777441646904, 8982210.36560801230371 ], [ 775302.021380173042417, 8982210.295937541872263 ], [ 775302.027532562846318, 8982210.226008079946041 ], [ 775302.031227031140588, 8982210.155905779451132 ], [ 775302.032459026551805, 8982210.085717007517815 ] ] ] ] } },
{ "type": "Feature", "properties": { "LAYER": "MBox", "GM_TYPE": "Unknown Area Type", "ELEVATION": null, "path": "D:/TGS GEOJSON/add data baru/Oebaba add/09_oe_ar_mbox.geojson" }, "geometry": { "type": "MultiPolygon", "coordinates": [ [ [ [ 775433.253277315758169, 8982135.439738750457764 ], [ 775433.252045320346951, 8982135.369549978524446 ], [ 775433.248350852052681, 8982135.299447678029537 ], [ 775433.24219846224878, 8982135.229518216103315 ], [ 775433.233595730853267, 8982135.159847745671868 ], [ 775433.222553256200626, 8982135.090522097423673 ], [ 775433.209084642818198, 8982135.021626684814692 ], [ 775433.193206483731046, 8982134.95324638299644 ], [ 775433.174938340787776, 8982134.885465437546372 ], [ 775433.15430272044614, 8982134.818367354571819 ], [ 775433.131325045484118, 8982134.752034798264503 ], [ 775433.106033624499105, 8982134.686549490317702 ], [ 775433.078459616168402, 8982134.62199210934341 ], [ 775433.048636991763487, 8982134.558442186564207 ], [ 775433.016602492425591, 8982134.495978018268943 ], [ 775432.982395584578626, 8982134.434676557779312 ], [ 775432.946058411034755, 8982134.374613329768181 ], [ 775432.907635739073157, 8982134.315862329676747 ], [ 775432.867174905026332, 8982134.258495941758156 ], [ 775432.824725756654516, 8982134.202584840357304 ], [ 775432.780340591096319, 8982134.148197906091809 ], [ 775432.734074090607464, 8982134.095402143895626 ], [ 775432.685983255272731, 8982134.04426259920001 ], [ 775432.636127332807519, 8982133.994842272251844 ], [ 775432.584567745565437, 8982133.947202052921057 ], [ 775432.531368014635518, 8982133.9014006331563 ], [ 775432.476593681843951, 8982133.857494436204433 ], [ 775432.420312228961848, 8982133.815537558868527 ], [ 775432.362592994351871, 8982133.775581689551473 ], [ 775432.303507087985054, 8982133.737676052376628 ], [ 775432.243127303430811, 8982133.701867351308465 ], [ 775432.181528028217144, 8982133.668199697509408 ], [ 775432.118785152444616, 8982133.63671457208693 ], [ 775432.054975974955596, 8982133.607450764626265 ], [ 775431.990179108455777, 8982133.580444328486919 ], [ 775431.92447438230738, 8982133.55572853423655 ], [ 775431.857942744507454, 8982133.533333830535412 ], [ 775431.790666161687113, 8982133.513287808746099 ], [ 775431.722727518295869, 8982133.495615167543292 ], [ 775431.654210514388978, 8982133.480337675660849 ], [ 775431.585199562599882, 8982133.467474158853292 ], [ 775431.515779684181325, 8982133.457040460780263 ], [ 775431.446036404115148, 8982133.449049439281225 ], [ 775431.376055645640008, 8982133.443510936573148 ], [ 775431.305923624895513, 8982133.440431779250503 ], [ 775431.235726744052954, 8982133.439815757796168 ], [ 775431.165551485493779, 8982133.441663632169366 ], [ 775431.095484304707497, 8982133.445973126217723 ], [ 775431.02561152423732, 8982133.452738929539919 ], [ 775430.95601922692731, 8982133.461952708661556 ], [ 775430.886793150333688, 8982133.47360311076045 ], [ 775430.818018580437638, 8982133.487675782293081 ], [ 775430.74978024722077, 8982133.5041533857584 ], [ 775430.682162220240571, 8982133.52301562204957 ], [ 775430.61524780432228, 8982133.54423925280571 ], [ 775430.549119437811896, 8982133.567798130214214 ], [ 775430.483858590596355, 8982133.593663230538368 ], [ 775430.419545663753524, 8982133.621802685782313 ], [ 775430.356259890366346, 8982133.652181832119823 ], [ 775430.294079238316044, 8982133.684763237833977 ], [ 775430.233080313890241, 8982133.7195067666471 ], [ 775430.173338267486542, 8982133.756369613111019 ], [ 775430.114926701062359, 8982133.795306362211704 ], [ 775430.057917577214539, 8982133.836269045248628 ], [ 775430.002381131169386, 8982133.879207195714116 ], [ 775429.948385783354752, 8982133.924067912623286 ], [ 775429.895998056046665, 8982133.970795929431915 ], [ 775429.845282490365207, 8982134.019333677366376 ], [ 775429.796301567927003, 8982134.069621358066797 ], [ 775429.749115632846951, 8982134.121597016230226 ], [ 775429.703782817930914, 8982134.175196619704366 ], [ 775429.660358973196708, 8982134.230354132130742 ], [ 775429.618897596490569, 8982134.287001602351665 ], [ 775429.57944976806175, 8982134.345069238916039 ], [ 775429.542064087465405, 8982134.404485503211617 ], [ 775429.506786613725126, 8982134.465177193284035 ], [ 775429.473660808405839, 8982134.527069540694356 ], [ 775429.44272748241201, 8982134.590086290612817 ], [ 775429.414024745579809, 8982134.654149809852242 ], [ 775429.38758795929607, 8982134.719181170687079 ], [ 775429.363449693773873, 8982134.785100255161524 ], [ 775429.341639687074348, 8982134.851825851947069 ], [ 775429.322184809250757, 8982134.919275753200054 ], [ 775429.305109028355218, 8982134.987366864457726 ], [ 775429.290433381916955, 8982135.05601529404521 ], [ 775429.278175950050354, 8982135.125136468559504 ], [ 775429.268351834034547, 8982135.19464523345232 ], [ 775429.260973137104884, 8982135.264455951750278 ], [ 775429.256048949668184, 8982135.334482617676258 ], [ 775429.253585338359699, 8982135.404638959094882 ], [ 775429.253585338359699, 8982135.474838541820645 ], [ 775429.256048949668184, 8982135.544994883239269 ], [ 775429.260973137104884, 8982135.615021549165249 ], [ 775429.268351834034547, 8982135.684832267463207 ], [ 775429.278175950050354, 8982135.754341032356024 ], [ 775429.290433381916955, 8982135.823462206870317 ], [ 775429.305109028355218, 8982135.892110636457801 ], [ 775429.322184809250757, 8982135.960201747715473 ], [ 775429.341639687074348, 8982136.027651648968458 ], [ 775429.363449693773873, 8982136.094377245754004 ], [ 775429.38758795929607, 8982136.160296330228448 ], [ 775429.414024745579809, 8982136.225327691063285 ], [ 775429.44272748241201, 8982136.289391210302711 ], [ 775429.473660808405839, 8982136.352407960221171 ], [ 775429.506786613725126, 8982136.414300307631493 ], [ 775429.542064087465405, 8982136.47499199770391 ], [ 775429.57944976806175, 8982136.534408261999488 ], [ 775429.618897596490569, 8982136.592475898563862 ], [ 775429.660358973196708, 8982136.649123368784785 ], [ 775429.703782817930914, 8982136.704280881211162 ], [ 775429.749115632846951, 8982136.757880484685302 ], [ 775429.796301567927003, 8982136.80985614284873 ], [ 775429.845282490365207, 8982136.860143823549151 ], [ 775429.895998056046665, 8982136.908681571483612 ], [ 775429.948385783354752, 8982136.955409588292241 ], [ 775430.002381131169386, 8982137.000270305201411 ], [ 775430.057917577214539, 8982137.0432084556669 ], [ 775430.114926701062359, 8982137.084171138703823 ], [ 775430.173338267486542, 8982137.123107887804508 ], [ 775430.233080313890241, 8982137.159970734268427 ], [ 775430.294079238316044, 8982137.194714263081551 ], [ 775430.356259890366346, 8982137.227295668795705 ], [ 775430.419545663753524, 8982137.257674815133214 ], [ 775430.483858590596355, 8982137.285814270377159 ], [ 775430.549119437811896, 8982137.311679370701313 ], [ 775430.61524780432228, 8982137.335238248109818 ], [ 775430.682162220240571, 8982137.356461878865957 ], [ 775430.74978024722077, 8982137.375324115157127 ], [ 775430.818018580437638, 8982137.391801718622446 ], [ 775430.886793150333688, 8982137.405874390155077 ], [ 775430.95601922692731, 8982137.417524792253971 ], [ 775431.02561152423732, 8982137.426738571375608 ], [ 775431.095484304707497, 8982137.433504374697804 ], [ 775431.165551485493779, 8982137.437813868746161 ], [ 775431.235726744052954, 8982137.439661743119359 ], [ 775431.305923624895513, 8982137.439045721665025 ], [ 775431.376055645640008, 8982137.43596656434238 ], [ 775431.446036404115148, 8982137.430428061634302 ], [ 775431.515779684181325, 8982137.422437040135264 ], [ 775431.585199562599882, 8982137.412003342062235 ], [ 775431.654210514388978, 8982137.399139825254679 ], [ 775431.722727518295869, 8982137.383862333372235 ], [ 775431.790666161687113, 8982137.366189692169428 ], [ 775431.857942744507454, 8982137.346143670380116 ], [ 775431.92447438230738, 8982137.323748966678977 ], [ 775431.990179108455777, 8982137.299033172428608 ], [ 775432.054975974955596, 8982137.272026736289263 ], [ 775432.118785152444616, 8982137.242762928828597 ], [ 775432.181528028217144, 8982137.211277803406119 ], [ 775432.243127303430811, 8982137.177610149607062 ], [ 775432.303507087985054, 8982137.141801448538899 ], [ 775432.362592994351871, 8982137.103895811364055 ], [ 775432.420312228961848, 8982137.063939942047 ], [ 775432.476593681843951, 8982137.021983064711094 ], [ 775432.531368014635518, 8982136.978076867759228 ], [ 775432.584567745565437, 8982136.932275447994471 ], [ 775432.636127332807519, 8982136.884635228663683 ], [ 775432.685983255272731, 8982136.835214901715517 ], [ 775432.734074090607464, 8982136.784075357019901 ], [ 775432.780340591096319, 8982136.731279594823718 ], [ 775432.824725756654516, 8982136.676892660558224 ], [ 775432.867174905026332, 8982136.620981559157372 ], [ 775432.907635739073157, 8982136.56361517123878 ], [ 775432.946058411034755, 8982136.504864171147346 ], [ 775432.982395584578626, 8982136.444800943136215 ], [ 775433.016602492425591, 8982136.383499482646585 ], [ 775433.048636991763487, 8982136.32103531435132 ], [ 775433.078459616168402, 8982136.257485391572118 ], [ 775433.106033624499105, 8982136.192928010597825 ], [ 775433.131325045484118, 8982136.127442702651024 ], [ 775433.15430272044614, 8982136.061110146343708 ], [ 775433.174938340787776, 8982135.994012063369155 ], [ 775433.193206483731046, 8982135.926231117919087 ], [ 775433.209084642818198, 8982135.857850816100836 ], [ 775433.222553256200626, 8982135.788955403491855 ], [ 775433.233595730853267, 8982135.719629755243659 ], [ 775433.24219846224878, 8982135.649959284812212 ], [ 775433.248350852052681, 8982135.58002982288599 ], [ 775433.252045320346951, 8982135.509927522391081 ], [ 775433.253277315758169, 8982135.439738750457764 ] ] ] ] } },
{ "type": "Feature", "properties": { "LAYER": "MBox", "GM_TYPE": "Unknown Area Type", "ELEVATION": 27, "path": "D:/TGS GEOJSON/add data baru/Oebaba add/09_oe_ar_mbox.geojson" }, "geometry": { "type": "MultiPolygon", "coordinates": [ [ [ [ 775872.719634485198185, 8983019.811492025852203 ], [ 775872.718402489786968, 8983019.741303253918886 ], [ 775872.714708021492697, 8983019.671200953423977 ], [ 775872.708555631688796, 8983019.601271491497755 ], [ 775872.699952900293283, 8983019.531601021066308 ], [ 775872.688910425640643, 8983019.462275372818112 ], [ 775872.675441812258214, 8983019.393379960209131 ], [ 775872.659563653171062, 8983019.32499965839088 ], [ 775872.641295510227792, 8983019.257218712940812 ], [ 775872.620659889886156, 8983019.190120629966259 ], [ 775872.597682214924134, 8983019.123788073658943 ], [ 775872.572390793939121, 8983019.058302765712142 ], [ 775872.544816785608418, 8983018.993745384737849 ], [ 775872.514994161203504, 8983018.930195461958647 ], [ 775872.482959661865607, 8983018.867731293663383 ], [ 775872.448752754018642, 8983018.806429833173752 ], [ 775872.412415580474772, 8983018.746366605162621 ], [ 775872.373992908513173, 8983018.687615605071187 ], [ 775872.333532074466348, 8983018.630249217152596 ], [ 775872.291082926094532, 8983018.574338115751743 ], [ 775872.246697760536335, 8983018.519951181486249 ], [ 775872.20043126004748, 8983018.467155419290066 ], [ 775872.152340424712747, 8983018.41601587459445 ], [ 775872.102484502247535, 8983018.366595547646284 ], [ 775872.050924915005453, 8983018.318955328315496 ], [ 775871.997725184075534, 8983018.273153908550739 ], [ 775871.942950851283967, 8983018.229247711598873 ], [ 775871.886669398401864, 8983018.187290834262967 ], [ 775871.828950163791887, 8983018.147334964945912 ], [ 775871.76986425742507, 8983018.109429327771068 ], [ 775871.709484472870827, 8983018.073620626702905 ], [ 775871.64788519765716, 8983018.039952972903848 ], [ 775871.585142321884632, 8983018.00846784748137 ], [ 775871.521333144395612, 8983017.979204040020704 ], [ 775871.456536277895793, 8983017.952197603881359 ], [ 775871.390831551747397, 8983017.92748180963099 ], [ 775871.32429991394747, 8983017.905087105929852 ], [ 775871.257023331127129, 8983017.885041084140539 ], [ 775871.189084687735885, 8983017.867368442937732 ], [ 775871.120567683828995, 8983017.852090951055288 ], [ 775871.051556732039899, 8983017.839227434247732 ], [ 775870.982136853621341, 8983017.828793736174703 ], [ 775870.912393573555164, 8983017.820802714675665 ], [ 775870.842412815080024, 8983017.815264211967587 ], [ 775870.772280794335529, 8983017.812185054644942 ], [ 775870.70208391349297, 8983017.811569033190608 ], [ 775870.631908654933795, 8983017.813416907563806 ], [ 775870.561841474147514, 8983017.817726401612163 ], [ 775870.491968693677336, 8983017.824492204934359 ], [ 775870.422376396367326, 8983017.833705984055996 ], [ 775870.353150319773704, 8983017.84535638615489 ], [ 775870.284375749877654, 8983017.859429057687521 ], [ 775870.216137416660786, 8983017.87590666115284 ], [ 775870.148519389680587, 8983017.89476889744401 ], [ 775870.081604973762296, 8983017.91599252820015 ], [ 775870.015476607251912, 8983017.939551405608654 ], [ 775869.950215760036372, 8983017.965416505932808 ], [ 775869.885902833193541, 8983017.993555961176753 ], [ 775869.822617059806362, 8983018.023935107514262 ], [ 775869.76043640775606, 8983018.056516513228416 ], [ 775869.699437483330257, 8983018.09126004204154 ], [ 775869.639695436926559, 8983018.128122888505459 ], [ 775869.581283870502375, 8983018.167059637606144 ], [ 775869.524274746654555, 8983018.208022320643067 ], [ 775869.468738300609402, 8983018.250960471108556 ], [ 775869.414742952794768, 8983018.295821188017726 ], [ 775869.362355225486681, 8983018.342549204826355 ], [ 775869.311639659805223, 8983018.391086952760816 ], [ 775869.262658737367019, 8983018.441374633461237 ], [ 775869.215472802286968, 8983018.493350291624665 ], [ 775869.170139987370931, 8983018.546949895098805 ], [ 775869.126716142636724, 8983018.602107407525182 ], [ 775869.085254765930586, 8983018.658754877746105 ], [ 775869.045806937501766, 8983018.716822514310479 ], [ 775869.008421256905422, 8983018.776238778606057 ], [ 775868.973143783165142, 8983018.836930468678474 ], [ 775868.940017977845855, 8983018.898822816088796 ], [ 775868.909084651852027, 8983018.961839566007257 ], [ 775868.880381915019825, 8983019.025903085246682 ], [ 775868.853945128736086, 8983019.090934446081519 ], [ 775868.829806863213889, 8983019.156853530555964 ], [ 775868.807996856514364, 8983019.223579127341509 ], [ 775868.788541978690773, 8983019.291029028594494 ], [ 775868.771466197795235, 8983019.359120139852166 ], [ 775868.756790551356971, 8983019.42776856943965 ], [ 775868.74453311949037, 8983019.496889743953943 ], [ 775868.734709003474563, 8983019.56639850884676 ], [ 775868.7273303065449, 8983019.636209227144718 ], [ 775868.7224061191082, 8983019.706235893070698 ], [ 775868.719942507799715, 8983019.776392234489322 ], [ 775868.719942507799715, 8983019.846591817215085 ], [ 775868.7224061191082, 8983019.916748158633709 ], [ 775868.7273303065449, 8983019.986774824559689 ], [ 775868.734709003474563, 8983020.056585542857647 ], [ 775868.74453311949037, 8983020.126094307750463 ], [ 775868.756790551356971, 8983020.195215482264757 ], [ 775868.771466197795235, 8983020.263863911852241 ], [ 775868.788541978690773, 8983020.331955023109913 ], [ 775868.807996856514364, 8983020.399404924362898 ], [ 775868.829806863213889, 8983020.466130521148443 ], [ 775868.853945128736086, 8983020.532049605622888 ], [ 775868.880381915019825, 8983020.597080966457725 ], [ 775868.909084651852027, 8983020.66114448569715 ], [ 775868.940017977845855, 8983020.724161235615611 ], [ 775868.973143783165142, 8983020.786053583025932 ], [ 775869.008421256905422, 8983020.84674527309835 ], [ 775869.045806937501766, 8983020.906161537393928 ], [ 775869.085254765930586, 8983020.964229173958302 ], [ 775869.126716142636724, 8983021.020876644179225 ], [ 775869.170139987370931, 8983021.076034156605601 ], [ 775869.215472802286968, 8983021.129633760079741 ], [ 775869.262658737367019, 8983021.18160941824317 ], [ 775869.311639659805223, 8983021.231897098943591 ], [ 775869.362355225486681, 8983021.280434846878052 ], [ 775869.414742952794768, 8983021.327162863686681 ], [ 775869.468738300609402, 8983021.372023580595851 ], [ 775869.524274746654555, 8983021.414961731061339 ], [ 775869.581283870502375, 8983021.455924414098263 ], [ 775869.639695436926559, 8983021.494861163198948 ], [ 775869.699437483330257, 8983021.531724009662867 ], [ 775869.76043640775606, 8983021.56646753847599 ], [ 775869.822617059806362, 8983021.599048944190145 ], [ 775869.885902833193541, 8983021.629428090527654 ], [ 775869.950215760036372, 8983021.657567545771599 ], [ 775870.015476607251912, 8983021.683432646095753 ], [ 775870.081604973762296, 8983021.706991523504257 ], [ 775870.148519389680587, 8983021.728215154260397 ], [ 775870.216137416660786, 8983021.747077390551567 ], [ 775870.284375749877654, 8983021.763554994016886 ], [ 775870.353150319773704, 8983021.777627665549517 ], [ 775870.422376396367326, 8983021.789278067648411 ], [ 775870.491968693677336, 8983021.798491846770048 ], [ 775870.561841474147514, 8983021.805257650092244 ], [ 775870.631908654933795, 8983021.809567144140601 ], [ 775870.70208391349297, 8983021.811415018513799 ], [ 775870.772280794335529, 8983021.810798997059464 ], [ 775870.842412815080024, 8983021.807719839736819 ], [ 775870.912393573555164, 8983021.802181337028742 ], [ 775870.982136853621341, 8983021.794190315529704 ], [ 775871.051556732039899, 8983021.783756617456675 ], [ 775871.120567683828995, 8983021.770893100649118 ], [ 775871.189084687735885, 8983021.755615608766675 ], [ 775871.257023331127129, 8983021.737942967563868 ], [ 775871.32429991394747, 8983021.717896945774555 ], [ 775871.390831551747397, 8983021.695502242073417 ], [ 775871.456536277895793, 8983021.670786447823048 ], [ 775871.521333144395612, 8983021.643780011683702 ], [ 775871.585142321884632, 8983021.614516204223037 ], [ 775871.64788519765716, 8983021.583031078800559 ], [ 775871.709484472870827, 8983021.549363425001502 ], [ 775871.76986425742507, 8983021.513554723933339 ], [ 775871.828950163791887, 8983021.475649086758494 ], [ 775871.886669398401864, 8983021.43569321744144 ], [ 775871.942950851283967, 8983021.393736340105534 ], [ 775871.997725184075534, 8983021.349830143153667 ], [ 775872.050924915005453, 8983021.30402872338891 ], [ 775872.102484502247535, 8983021.256388504058123 ], [ 775872.152340424712747, 8983021.206968177109957 ], [ 775872.20043126004748, 8983021.155828632414341 ], [ 775872.246697760536335, 8983021.103032870218158 ], [ 775872.291082926094532, 8983021.048645935952663 ], [ 775872.333532074466348, 8983020.992734834551811 ], [ 775872.373992908513173, 8983020.93536844663322 ], [ 775872.412415580474772, 8983020.876617446541786 ], [ 775872.448752754018642, 8983020.816554218530655 ], [ 775872.482959661865607, 8983020.755252758041024 ], [ 775872.514994161203504, 8983020.69278858974576 ], [ 775872.544816785608418, 8983020.629238666966558 ], [ 775872.572390793939121, 8983020.564681285992265 ], [ 775872.597682214924134, 8983020.499195978045464 ], [ 775872.620659889886156, 8983020.432863421738148 ], [ 775872.641295510227792, 8983020.365765338763595 ], [ 775872.659563653171062, 8983020.297984393313527 ], [ 775872.675441812258214, 8983020.229604091495275 ], [ 775872.688910425640643, 8983020.160708678886294 ], [ 775872.699952900293283, 8983020.091383030638099 ], [ 775872.708555631688796, 8983020.021712560206652 ], [ 775872.714708021492697, 8983019.95178309828043 ], [ 775872.718402489786968, 8983019.881680797785521 ], [ 775872.719634485198185, 8983019.811492025852203 ] ] ] ] } },
{ "type": "Feature", "properties": { "LAYER": "MBox", "GM_TYPE": "Unknown Area Type", "ELEVATION": 18, "path": "D:/TGS GEOJSON/add data baru/Oebaba add/09_oe_ar_mbox.geojson" }, "geometry": { "type": "MultiPolygon", "coordinates": [ [ [ [ 776575.016767472145148, 8981519.336417751386762 ], [ 776575.01553547673393, 8981519.266228979453444 ], [ 776575.01184100843966, 8981519.196126678958535 ], [ 776575.005688618635759, 8981519.126197217032313 ], [ 776574.997085887240246, 8981519.056526746600866 ], [ 776574.986043412587605, 8981518.987201098352671 ], [ 776574.972574799205177, 8981518.91830568574369 ], [ 776574.956696640118025, 8981518.849925383925438 ], [ 776574.938428497174755, 8981518.78214443847537 ], [ 776574.917792876833118, 8981518.715046355500817 ], [ 776574.894815201871097, 8981518.648713799193501 ], [ 776574.869523780886084, 8981518.5832284912467 ], [ 776574.841949772555381, 8981518.518671110272408 ], [ 776574.812127148150466, 8981518.455121187493205 ], [ 776574.78009264881257, 8981518.392657019197941 ], [ 776574.745885740965605, 8981518.33135555870831 ], [ 776574.709548567421734, 8981518.271292330697179 ], [ 776574.671125895460136, 8981518.212541330605745 ], [ 776574.63066506141331, 8981518.155174942687154 ], [ 776574.588215913041495, 8981518.099263841286302 ], [ 776574.543830747483298, 8981518.044876907020807 ], [ 776574.497564246994443, 8981517.992081144824624 ], [ 776574.44947341165971, 8981517.940941600129008 ], [ 776574.399617489194497, 8981517.891521273180842 ], [ 776574.348057901952416, 8981517.843881053850055 ], [ 776574.294858171022497, 8981517.798079634085298 ], [ 776574.24008383823093, 8981517.754173437133431 ], [ 776574.183802385348827, 8981517.712216559797525 ], [ 776574.12608315073885, 8981517.672260690480471 ], [ 776574.066997244372033, 8981517.634355053305626 ], [ 776574.006617459817789, 8981517.598546352237463 ], [ 776573.945018184604123, 8981517.564878698438406 ], [ 776573.882275308831595, 8981517.533393573015928 ], [ 776573.818466131342575, 8981517.504129765555263 ], [ 776573.753669264842756, 8981517.477123329415917 ], [ 776573.687964538694359, 8981517.452407535165548 ], [ 776573.621432900894433, 8981517.43001283146441 ], [ 776573.554156318074092, 8981517.409966809675097 ], [ 776573.486217674682848, 8981517.39229416847229 ], [ 776573.417700670775957, 8981517.377016676589847 ], [ 776573.348689718986861, 8981517.36415315978229 ], [ 776573.279269840568304, 8981517.353719461709261 ], [ 776573.209526560502127, 8981517.345728440210223 ], [ 776573.139545802026987, 8981517.340189937502146 ], [ 776573.069413781282492, 8981517.337110780179501 ], [ 776572.999216900439933, 8981517.336494758725166 ], [ 776572.929041641880758, 8981517.338342633098364 ], [ 776572.858974461094476, 8981517.342652127146721 ], [ 776572.789101680624299, 8981517.349417930468917 ], [ 776572.719509383314289, 8981517.358631709590554 ], [ 776572.650283306720667, 8981517.370282111689448 ], [ 776572.581508736824617, 8981517.384354783222079 ], [ 776572.513270403607748, 8981517.400832386687398 ], [ 776572.44565237662755, 8981517.419694622978568 ], [ 776572.378737960709259, 8981517.440918253734708 ], [ 776572.312609594198875, 8981517.464477131143212 ], [ 776572.247348746983334, 8981517.490342231467366 ], [ 776572.183035820140503, 8981517.518481686711311 ], [ 776572.119750046753325, 8981517.54886083304882 ], [ 776572.057569394703023, 8981517.581442238762975 ], [ 776571.99657047027722, 8981517.616185767576098 ], [ 776571.936828423873521, 8981517.653048614040017 ], [ 776571.878416857449338, 8981517.691985363140702 ], [ 776571.821407733601518, 8981517.732948046177626 ], [ 776571.765871287556365, 8981517.775886196643114 ], [ 776571.711875939741731, 8981517.820746913552284 ], [ 776571.659488212433644, 8981517.867474930360913 ], [ 776571.608772646752186, 8981517.916012678295374 ], [ 776571.559791724313982, 8981517.966300358995795 ], [ 776571.51260578923393, 8981518.018276017159224 ], [ 776571.467272974317893, 8981518.071875620633364 ], [ 776571.423849129583687, 8981518.12703313305974 ], [ 776571.382387752877548, 8981518.183680603280663 ], [ 776571.342939924448729, 8981518.241748239845037 ], [ 776571.305554243852384, 8981518.301164504140615 ], [ 776571.270276770112105, 8981518.361856194213033 ], [ 776571.237150964792818, 8981518.423748541623354 ], [ 776571.206217638798989, 8981518.486765291541815 ], [ 776571.177514901966788, 8981518.55082881078124 ], [ 776571.151078115683049, 8981518.615860171616077 ], [ 776571.126939850160852, 8981518.681779256090522 ], [ 776571.105129843461327, 8981518.748504852876067 ], [ 776571.085674965637736, 8981518.815954754129052 ], [ 776571.068599184742197, 8981518.884045865386724 ], [ 776571.053923538303934, 8981518.952694294974208 ], [ 776571.041666106437333, 8981519.021815469488502 ], [ 776571.031841990421526, 8981519.091324234381318 ], [ 776571.024463293491863, 8981519.161134952679276 ], [ 776571.019539106055163, 8981519.231161618605256 ], [ 776571.017075494746678, 8981519.30131796002388 ], [ 776571.017075494746678, 8981519.371517542749643 ], [ 776571.019539106055163, 8981519.441673884168267 ], [ 776571.024463293491863, 8981519.511700550094247 ], [ 776571.031841990421526, 8981519.581511268392205 ], [ 776571.041666106437333, 8981519.651020033285022 ], [ 776571.053923538303934, 8981519.720141207799315 ], [ 776571.068599184742197, 8981519.788789637386799 ], [ 776571.085674965637736, 8981519.856880748644471 ], [ 776571.105129843461327, 8981519.924330649897456 ], [ 776571.126939850160852, 8981519.991056246683002 ], [ 776571.151078115683049, 8981520.056975331157446 ], [ 776571.177514901966788, 8981520.122006691992283 ], [ 776571.206217638798989, 8981520.186070211231709 ], [ 776571.237150964792818, 8981520.249086961150169 ], [ 776571.270276770112105, 8981520.310979308560491 ], [ 776571.305554243852384, 8981520.371670998632908 ], [ 776571.342939924448729, 8981520.431087262928486 ], [ 776571.382387752877548, 8981520.48915489949286 ], [ 776571.423849129583687, 8981520.545802369713783 ], [ 776571.467272974317893, 8981520.60095988214016 ], [ 776571.51260578923393, 8981520.6545594856143 ], [ 776571.559791724313982, 8981520.706535143777728 ], [ 776571.608772646752186, 8981520.756822824478149 ], [ 776571.659488212433644, 8981520.80536057241261 ], [ 776571.711875939741731, 8981520.852088589221239 ], [ 776571.765871287556365, 8981520.896949306130409 ], [ 776571.821407733601518, 8981520.939887456595898 ], [ 776571.878416857449338, 8981520.980850139632821 ], [ 776571.936828423873521, 8981521.019786888733506 ], [ 776571.99657047027722, 8981521.056649735197425 ], [ 776572.057569394703023, 8981521.091393264010549 ], [ 776572.119750046753325, 8981521.123974669724703 ], [ 776572.183035820140503, 8981521.154353816062212 ], [ 776572.247348746983334, 8981521.182493271306157 ], [ 776572.312609594198875, 8981521.208358371630311 ], [ 776572.378737960709259, 8981521.231917249038815 ], [ 776572.44565237662755, 8981521.253140879794955 ], [ 776572.513270403607748, 8981521.272003116086125 ], [ 776572.581508736824617, 8981521.288480719551444 ], [ 776572.650283306720667, 8981521.302553391084075 ], [ 776572.719509383314289, 8981521.314203793182969 ], [ 776572.789101680624299, 8981521.323417572304606 ], [ 776572.858974461094476, 8981521.330183375626802 ], [ 776572.929041641880758, 8981521.334492869675159 ], [ 776572.999216900439933, 8981521.336340744048357 ], [ 776573.069413781282492, 8981521.335724722594023 ], [ 776573.139545802026987, 8981521.332645565271378 ], [ 776573.209526560502127, 8981521.3271070625633 ], [ 776573.279269840568304, 8981521.319116041064262 ], [ 776573.348689718986861, 8981521.308682342991233 ], [ 776573.417700670775957, 8981521.295818826183677 ], [ 776573.486217674682848, 8981521.280541334301233 ], [ 776573.554156318074092, 8981521.262868693098426 ], [ 776573.621432900894433, 8981521.242822671309114 ], [ 776573.687964538694359, 8981521.220427967607975 ], [ 776573.753669264842756, 8981521.195712173357606 ], [ 776573.818466131342575, 8981521.168705737218261 ], [ 776573.882275308831595, 8981521.139441929757595 ], [ 776573.945018184604123, 8981521.107956804335117 ], [ 776574.006617459817789, 8981521.07428915053606 ], [ 776574.066997244372033, 8981521.038480449467897 ], [ 776574.12608315073885, 8981521.000574812293053 ], [ 776574.183802385348827, 8981520.960618942975998 ], [ 776574.24008383823093, 8981520.918662065640092 ], [ 776574.294858171022497, 8981520.874755868688226 ], [ 776574.348057901952416, 8981520.828954448923469 ], [ 776574.399617489194497, 8981520.781314229592681 ], [ 776574.44947341165971, 8981520.731893902644515 ], [ 776574.497564246994443, 8981520.680754357948899 ], [ 776574.543830747483298, 8981520.627958595752716 ], [ 776574.588215913041495, 8981520.573571661487222 ], [ 776574.63066506141331, 8981520.51766056008637 ], [ 776574.671125895460136, 8981520.460294172167778 ], [ 776574.709548567421734, 8981520.401543172076344 ], [ 776574.745885740965605, 8981520.341479944065213 ], [ 776574.78009264881257, 8981520.280178483575583 ], [ 776574.812127148150466, 8981520.217714315280318 ], [ 776574.841949772555381, 8981520.154164392501116 ], [ 776574.869523780886084, 8981520.089607011526823 ], [ 776574.894815201871097, 8981520.024121703580022 ], [ 776574.917792876833118, 8981519.957789147272706 ], [ 776574.938428497174755, 8981519.890691064298153 ], [ 776574.956696640118025, 8981519.822910118848085 ], [ 776574.972574799205177, 8981519.754529817029834 ], [ 776574.986043412587605, 8981519.685634404420853 ], [ 776574.997085887240246, 8981519.616308756172657 ], [ 776575.005688618635759, 8981519.54663828574121 ], [ 776575.01184100843966, 8981519.476708823814988 ], [ 776575.01553547673393, 8981519.406606523320079 ], [ 776575.016767472145148, 8981519.336417751386762 ] ] ] ] } },
{ "type": "Feature", "properties": { "LAYER": "MBox", "GM_TYPE": "Unknown Area Type", "ELEVATION": null, "path": "D:/TGS GEOJSON/add data baru/Oebaba add/09_oe_ar_mbox.geojson" }, "geometry": { "type": "MultiPolygon", "coordinates": [ [ [ [ 776728.195970338652842, 8982029.917296202853322 ], [ 776728.194738343241625, 8982029.847107430920005 ], [ 776728.191043874947354, 8982029.777005130425096 ], [ 776728.184891485143453, 8982029.707075668498874 ], [ 776728.17628875374794, 8982029.637405198067427 ], [ 776728.1652462790953, 8982029.568079549819231 ], [ 776728.151777665712871, 8982029.49918413721025 ], [ 776728.135899506625719, 8982029.430803835391998 ], [ 776728.117631363682449, 8982029.363022889941931 ], [ 776728.096995743340813, 8982029.295924806967378 ], [ 776728.074018068378791, 8982029.229592250660062 ], [ 776728.048726647393778, 8982029.164106942713261 ], [ 776728.021152639063075, 8982029.099549561738968 ], [ 776727.991330014658161, 8982029.035999638959765 ], [ 776727.959295515320264, 8982028.973535470664501 ], [ 776727.925088607473299, 8982028.91223401017487 ], [ 776727.888751433929428, 8982028.852170782163739 ], [ 776727.85032876196783, 8982028.793419782072306 ], [ 776727.809867927921005, 8982028.736053394153714 ], [ 776727.767418779549189, 8982028.680142292752862 ], [ 776727.723033613990992, 8982028.625755358487368 ], [ 776727.676767113502137, 8982028.572959596291184 ], [ 776727.628676278167404, 8982028.521820051595569 ], [ 776727.578820355702192, 8982028.472399724647403 ], [ 776727.52726076846011, 8982028.424759505316615 ], [ 776727.474061037530191, 8982028.378958085551858 ], [ 776727.419286704738624, 8982028.335051888599992 ], [ 776727.363005251856521, 8982028.293095011264086 ], [ 776727.305286017246544, 8982028.253139141947031 ], [ 776727.246200110879727, 8982028.215233504772186 ], [ 776727.185820326325484, 8982028.179424803704023 ], [ 776727.124221051111817, 8982028.145757149904966 ], [ 776727.061478175339289, 8982028.114272024482489 ], [ 776726.997668997850269, 8982028.085008217021823 ], [ 776726.93287213135045, 8982028.058001780882478 ], [ 776726.867167405202053, 8982028.033285986632109 ], [ 776726.800635767402127, 8982028.01089128293097 ], [ 776726.733359184581786, 8982027.990845261141658 ], [ 776726.665420541190542, 8982027.97317261993885 ], [ 776726.596903537283652, 8982027.957895128056407 ], [ 776726.527892585494556, 8982027.945031611248851 ], [ 776726.458472707075998, 8982027.934597913175821 ], [ 776726.388729427009821, 8982027.926606891676784 ], [ 776726.318748668534681, 8982027.921068388968706 ], [ 776726.248616647790186, 8982027.917989231646061 ], [ 776726.178419766947627, 8982027.917373210191727 ], [ 776726.108244508388452, 8982027.919221084564924 ], [ 776726.03817732760217, 8982027.923530578613281 ], [ 776725.968304547131993, 8982027.930296381935477 ], [ 776725.898712249821983, 8982027.939510161057115 ], [ 776725.829486173228361, 8982027.951160563156009 ], [ 776725.760711603332311, 8982027.96523323468864 ], [ 776725.692473270115443, 8982027.981710838153958 ], [ 776725.624855243135244, 8982028.000573074445128 ], [ 776725.557940827216953, 8982028.021796705201268 ], [ 776725.491812460706569, 8982028.045355582609773 ], [ 776725.426551613491029, 8982028.071220682933927 ], [ 776725.362238686648197, 8982028.099360138177872 ], [ 776725.298952913261019, 8982028.129739284515381 ], [ 776725.236772261210717, 8982028.162320690229535 ], [ 776725.175773336784914, 8982028.197064219042659 ], [ 776725.116031290381216, 8982028.233927065506577 ], [ 776725.057619723957032, 8982028.272863814607263 ], [ 776725.000610600109212, 8982028.313826497644186 ], [ 776724.945074154064059, 8982028.356764648109674 ], [ 776724.891078806249425, 8982028.401625365018845 ], [ 776724.838691078941338, 8982028.448353381827474 ], [ 776724.78797551325988, 8982028.496891129761934 ], [ 776724.738994590821676, 8982028.547178810462356 ], [ 776724.691808655741625, 8982028.599154468625784 ], [ 776724.646475840825588, 8982028.652754072099924 ], [ 776724.603051996091381, 8982028.7079115845263 ], [ 776724.561590619385242, 8982028.764559054747224 ], [ 776724.522142790956423, 8982028.822626691311598 ], [ 776724.484757110360079, 8982028.882042955607176 ], [ 776724.449479636619799, 8982028.942734645679593 ], [ 776724.416353831300512, 8982029.004626993089914 ], [ 776724.385420505306683, 8982029.067643743008375 ], [ 776724.356717768474482, 8982029.131707262247801 ], [ 776724.330280982190743, 8982029.196738623082638 ], [ 776724.306142716668546, 8982029.262657707557082 ], [ 776724.284332709969021, 8982029.329383304342628 ], [ 776724.26487783214543, 8982029.396833205595613 ], [ 776724.247802051249892, 8982029.464924316853285 ], [ 776724.233126404811628, 8982029.533572746440768 ], [ 776724.220868972945027, 8982029.602693920955062 ], [ 776724.21104485692922, 8982029.672202685847878 ], [ 776724.203666159999557, 8982029.742013404145837 ], [ 776724.198741972562857, 8982029.812040070071816 ], [ 776724.196278361254372, 8982029.88219641149044 ], [ 776724.196278361254372, 8982029.952395994216204 ], [ 776724.198741972562857, 8982030.022552335634828 ], [ 776724.203666159999557, 8982030.092579001560807 ], [ 776724.21104485692922, 8982030.162389719858766 ], [ 776724.220868972945027, 8982030.231898484751582 ], [ 776724.233126404811628, 8982030.301019659265876 ], [ 776724.247802051249892, 8982030.369668088853359 ], [ 776724.26487783214543, 8982030.437759200111032 ], [ 776724.284332709969021, 8982030.505209101364017 ], [ 776724.306142716668546, 8982030.571934698149562 ], [ 776724.330280982190743, 8982030.637853782624006 ], [ 776724.356717768474482, 8982030.702885143458843 ], [ 776724.385420505306683, 8982030.766948662698269 ], [ 776724.416353831300512, 8982030.82996541261673 ], [ 776724.449479636619799, 8982030.891857760027051 ], [ 776724.484757110360079, 8982030.952549450099468 ], [ 776724.522142790956423, 8982031.011965714395046 ], [ 776724.561590619385242, 8982031.07003335095942 ], [ 776724.603051996091381, 8982031.126680821180344 ], [ 776724.646475840825588, 8982031.18183833360672 ], [ 776724.691808655741625, 8982031.23543793708086 ], [ 776724.738994590821676, 8982031.287413595244288 ], [ 776724.78797551325988, 8982031.33770127594471 ], [ 776724.838691078941338, 8982031.38623902387917 ], [ 776724.891078806249425, 8982031.432967040687799 ], [ 776724.945074154064059, 8982031.47782775759697 ], [ 776725.000610600109212, 8982031.520765908062458 ], [ 776725.057619723957032, 8982031.561728591099381 ], [ 776725.116031290381216, 8982031.600665340200067 ], [ 776725.175773336784914, 8982031.637528186663985 ], [ 776725.236772261210717, 8982031.672271715477109 ], [ 776725.298952913261019, 8982031.704853121191263 ], [ 776725.362238686648197, 8982031.735232267528772 ], [ 776725.426551613491029, 8982031.763371722772717 ], [ 776725.491812460706569, 8982031.789236823096871 ], [ 776725.557940827216953, 8982031.812795700505376 ], [ 776725.624855243135244, 8982031.834019331261516 ], [ 776725.692473270115443, 8982031.852881567552686 ], [ 776725.760711603332311, 8982031.869359171018004 ], [ 776725.829486173228361, 8982031.883431842550635 ], [ 776725.898712249821983, 8982031.895082244649529 ], [ 776725.968304547131993, 8982031.904296023771167 ], [ 776726.03817732760217, 8982031.911061827093363 ], [ 776726.108244508388452, 8982031.91537132114172 ], [ 776726.178419766947627, 8982031.917219195514917 ], [ 776726.248616647790186, 8982031.916603174060583 ], [ 776726.318748668534681, 8982031.913524016737938 ], [ 776726.388729427009821, 8982031.90798551402986 ], [ 776726.458472707075998, 8982031.899994492530823 ], [ 776726.527892585494556, 8982031.889560794457793 ], [ 776726.596903537283652, 8982031.876697277650237 ], [ 776726.665420541190542, 8982031.861419785767794 ], [ 776726.733359184581786, 8982031.843747144564986 ], [ 776726.800635767402127, 8982031.823701122775674 ], [ 776726.867167405202053, 8982031.801306419074535 ], [ 776726.93287213135045, 8982031.776590624824166 ], [ 776726.997668997850269, 8982031.749584188684821 ], [ 776727.061478175339289, 8982031.720320381224155 ], [ 776727.124221051111817, 8982031.688835255801678 ], [ 776727.185820326325484, 8982031.655167602002621 ], [ 776727.246200110879727, 8982031.619358900934458 ], [ 776727.305286017246544, 8982031.581453263759613 ], [ 776727.363005251856521, 8982031.541497394442558 ], [ 776727.419286704738624, 8982031.499540517106652 ], [ 776727.474061037530191, 8982031.455634320154786 ], [ 776727.52726076846011, 8982031.409832900390029 ], [ 776727.578820355702192, 8982031.362192681059241 ], [ 776727.628676278167404, 8982031.312772354111075 ], [ 776727.676767113502137, 8982031.26163280941546 ], [ 776727.723033613990992, 8982031.208837047219276 ], [ 776727.767418779549189, 8982031.154450112953782 ], [ 776727.809867927921005, 8982031.09853901155293 ], [ 776727.85032876196783, 8982031.041172623634338 ], [ 776727.888751433929428, 8982030.982421623542905 ], [ 776727.925088607473299, 8982030.922358395531774 ], [ 776727.959295515320264, 8982030.861056935042143 ], [ 776727.991330014658161, 8982030.798592766746879 ], [ 776728.021152639063075, 8982030.735042843967676 ], [ 776728.048726647393778, 8982030.670485462993383 ], [ 776728.074018068378791, 8982030.605000155046582 ], [ 776728.096995743340813, 8982030.538667598739266 ], [ 776728.117631363682449, 8982030.471569515764713 ], [ 776728.135899506625719, 8982030.403788570314646 ], [ 776728.151777665712871, 8982030.335408268496394 ], [ 776728.1652462790953, 8982030.266512855887413 ], [ 776728.17628875374794, 8982030.197187207639217 ], [ 776728.184891485143453, 8982030.12751673720777 ], [ 776728.191043874947354, 8982030.057587275281549 ], [ 776728.194738343241625, 8982029.987484974786639 ], [ 776728.195970338652842, 8982029.917296202853322 ] ] ] ] } },
{ "type": "Feature", "properties": { "LAYER": "MBox", "GM_TYPE": "Unknown Area Type", "ELEVATION": 33, "path": "D:/TGS GEOJSON/add data baru/Oebaba add/09_oe_ar_mbox.geojson" }, "geometry": { "type": "MultiPolygon", "coordinates": [ [ [ [ 777679.70699874276761, 8983014.563538616523147 ], [ 777679.705766747356392, 8983014.493349844589829 ], [ 777679.702072279062122, 8983014.42324754409492 ], [ 777679.695919889258221, 8983014.353318082168698 ], [ 777679.687317157862708, 8983014.283647611737251 ], [ 777679.676274683210067, 8983014.214321963489056 ], [ 777679.662806069827639, 8983014.145426550880075 ], [ 777679.646927910740487, 8983014.077046249061823 ], [ 777679.628659767797217, 8983014.009265303611755 ], [ 777679.608024147455581, 8983013.942167220637202 ], [ 777679.585046472493559, 8983013.875834664329886 ], [ 777679.559755051508546, 8983013.810349356383085 ], [ 777679.532181043177843, 8983013.745791975408792 ], [ 777679.502358418772928, 8983013.68224205262959 ], [ 777679.470323919435032, 8983013.619777884334326 ], [ 777679.436117011588067, 8983013.558476423844695 ], [ 777679.399779838044196, 8983013.498413195833564 ], [ 777679.361357166082598, 8983013.43966219574213 ], [ 777679.320896332035773, 8983013.382295807823539 ], [ 777679.278447183663957, 8983013.326384706422687 ], [ 777679.23406201810576, 8983013.271997772157192 ], [ 777679.187795517616905, 8983013.219202009961009 ], [ 777679.139704682282172, 8983013.168062465265393 ], [ 777679.08984875981696, 8983013.118642138317227 ], [ 777679.038289172574878, 8983013.07100191898644 ], [ 777678.985089441644959, 8983013.025200499221683 ], [ 777678.930315108853392, 8983012.981294302269816 ], [ 777678.874033655971289, 8983012.93933742493391 ], [ 777678.816314421361312, 8983012.899381555616856 ], [ 777678.757228514994495, 8983012.861475918442011 ], [ 777678.696848730440252, 8983012.825667217373848 ], [ 777678.635249455226585, 8983012.791999563574791 ], [ 777678.572506579454057, 8983012.760514438152313 ], [ 777678.508697401965037, 8983012.731250630691648 ], [ 777678.443900535465218, 8983012.704244194552302 ], [ 777678.378195809316821, 8983012.679528400301933 ], [ 777678.311664171516895, 8983012.657133696600795 ], [ 777678.244387588696554, 8983012.637087674811482 ], [ 777678.17644894530531, 8983012.619415033608675 ], [ 777678.107931941398419, 8983012.604137541726232 ], [ 777678.038920989609323, 8983012.591274024918675 ], [ 777677.969501111190766, 8983012.580840326845646 ], [ 777677.899757831124589, 8983012.572849305346608 ], [ 777677.829777072649449, 8983012.567310802638531 ], [ 777677.759645051904954, 8983012.564231645315886 ], [ 777677.689448171062395, 8983012.563615623861551 ], [ 777677.61927291250322, 8983012.565463498234749 ], [ 777677.549205731716938, 8983012.569772992283106 ], [ 777677.479332951246761, 8983012.576538795605302 ], [ 777677.409740653936751, 8983012.585752574726939 ], [ 777677.340514577343129, 8983012.597402976825833 ], [ 777677.271740007447079, 8983012.611475648358464 ], [ 777677.20350167423021, 8983012.627953251823783 ], [ 777677.135883647250012, 8983012.646815488114953 ], [ 777677.068969231331721, 8983012.668039118871093 ], [ 777677.002840864821337, 8983012.691597996279597 ], [ 777676.937580017605796, 8983012.717463096603751 ], [ 777676.873267090762965, 8983012.745602551847696 ], [ 777676.809981317375787, 8983012.775981698185205 ], [ 777676.747800665325485, 8983012.80856310389936 ], [ 777676.686801740899682, 8983012.843306632712483 ], [ 777676.627059694495983, 8983012.880169479176402 ], [ 777676.5686481280718, 8983012.919106228277087 ], [ 777676.51163900422398, 8983012.960068911314011 ], [ 777676.456102558178827, 8983013.003007061779499 ], [ 777676.402107210364193, 8983013.047867778688669 ], [ 777676.349719483056106, 8983013.094595795497298 ], [ 777676.299003917374648, 8983013.143133543431759 ], [ 777676.250022994936444, 8983013.19342122413218 ], [ 777676.202837059856392, 8983013.245396882295609 ], [ 777676.157504244940355, 8983013.298996485769749 ], [ 777676.114080400206149, 8983013.354153998196125 ], [ 777676.07261902350001, 8983013.410801468417048 ], [ 777676.033171195071191, 8983013.468869104981422 ], [ 777675.995785514474846, 8983013.528285369277 ], [ 777675.960508040734567, 8983013.588977059349418 ], [ 777675.92738223541528, 8983013.650869406759739 ], [ 777675.896448909421451, 8983013.7138861566782 ], [ 777675.86774617258925, 8983013.777949675917625 ], [ 777675.841309386305511, 8983013.842981036752462 ], [ 777675.817171120783314, 8983013.908900121226907 ], [ 777675.795361114083789, 8983013.975625718012452 ], [ 777675.775906236260198, 8983014.043075619265437 ], [ 777675.758830455364659, 8983014.111166730523109 ], [ 777675.744154808926396, 8983014.179815160110593 ], [ 777675.731897377059795, 8983014.248936334624887 ], [ 777675.722073261043988, 8983014.318445099517703 ], [ 777675.714694564114325, 8983014.388255817815661 ], [ 777675.709770376677625, 8983014.458282483741641 ], [ 777675.70730676536914, 8983014.528438825160265 ], [ 777675.70730676536914, 8983014.598638407886028 ], [ 777675.709770376677625, 8983014.668794749304652 ], [ 777675.714694564114325, 8983014.738821415230632 ], [ 777675.722073261043988, 8983014.80863213352859 ], [ 777675.731897377059795, 8983014.878140898421407 ], [ 777675.744154808926396, 8983014.9472620729357 ], [ 777675.758830455364659, 8983015.015910502523184 ], [ 777675.775906236260198, 8983015.084001613780856 ], [ 777675.795361114083789, 8983015.151451515033841 ], [ 777675.817171120783314, 8983015.218177111819386 ], [ 777675.841309386305511, 8983015.284096196293831 ], [ 777675.86774617258925, 8983015.349127557128668 ], [ 777675.896448909421451, 8983015.413191076368093 ], [ 777675.92738223541528, 8983015.476207826286554 ], [ 777675.960508040734567, 8983015.538100173696876 ], [ 777675.995785514474846, 8983015.598791863769293 ], [ 777676.033171195071191, 8983015.658208128064871 ], [ 777676.07261902350001, 8983015.716275764629245 ], [ 777676.114080400206149, 8983015.772923234850168 ], [ 777676.157504244940355, 8983015.828080747276545 ], [ 777676.202837059856392, 8983015.881680350750685 ], [ 777676.250022994936444, 8983015.933656008914113 ], [ 777676.299003917374648, 8983015.983943689614534 ], [ 777676.349719483056106, 8983016.032481437548995 ], [ 777676.402107210364193, 8983016.079209454357624 ], [ 777676.456102558178827, 8983016.124070171266794 ], [ 777676.51163900422398, 8983016.167008321732283 ], [ 777676.5686481280718, 8983016.207971004769206 ], [ 777676.627059694495983, 8983016.246907753869891 ], [ 777676.686801740899682, 8983016.28377060033381 ], [ 777676.747800665325485, 8983016.318514129146934 ], [ 777676.809981317375787, 8983016.351095534861088 ], [ 777676.873267090762965, 8983016.381474681198597 ], [ 777676.937580017605796, 8983016.409614136442542 ], [ 777677.002840864821337, 8983016.435479236766696 ], [ 777677.068969231331721, 8983016.4590381141752 ], [ 777677.135883647250012, 8983016.48026174493134 ], [ 777677.20350167423021, 8983016.49912398122251 ], [ 777677.271740007447079, 8983016.515601584687829 ], [ 777677.340514577343129, 8983016.52967425622046 ], [ 777677.409740653936751, 8983016.541324658319354 ], [ 777677.479332951246761, 8983016.550538437440991 ], [ 777677.549205731716938, 8983016.557304240763187 ], [ 777677.61927291250322, 8983016.561613734811544 ], [ 777677.689448171062395, 8983016.563461609184742 ], [ 777677.759645051904954, 8983016.562845587730408 ], [ 777677.829777072649449, 8983016.559766430407763 ], [ 777677.899757831124589, 8983016.554227927699685 ], [ 777677.969501111190766, 8983016.546236906200647 ], [ 777678.038920989609323, 8983016.535803208127618 ], [ 777678.107931941398419, 8983016.522939691320062 ], [ 777678.17644894530531, 8983016.507662199437618 ], [ 777678.244387588696554, 8983016.489989558234811 ], [ 777678.311664171516895, 8983016.469943536445498 ], [ 777678.378195809316821, 8983016.44754883274436 ], [ 777678.443900535465218, 8983016.422833038493991 ], [ 777678.508697401965037, 8983016.395826602354646 ], [ 777678.572506579454057, 8983016.36656279489398 ], [ 777678.635249455226585, 8983016.335077669471502 ], [ 777678.696848730440252, 8983016.301410015672445 ], [ 777678.757228514994495, 8983016.265601314604282 ], [ 777678.816314421361312, 8983016.227695677429438 ], [ 777678.874033655971289, 8983016.187739808112383 ], [ 777678.930315108853392, 8983016.145782930776477 ], [ 777678.985089441644959, 8983016.101876733824611 ], [ 777679.038289172574878, 8983016.056075314059854 ], [ 777679.08984875981696, 8983016.008435094729066 ], [ 777679.139704682282172, 8983015.9590147677809 ], [ 777679.187795517616905, 8983015.907875223085284 ], [ 777679.23406201810576, 8983015.855079460889101 ], [ 777679.278447183663957, 8983015.800692526623607 ], [ 777679.320896332035773, 8983015.744781425222754 ], [ 777679.361357166082598, 8983015.687415037304163 ], [ 777679.399779838044196, 8983015.628664037212729 ], [ 777679.436117011588067, 8983015.568600809201598 ], [ 777679.470323919435032, 8983015.507299348711967 ], [ 777679.502358418772928, 8983015.444835180416703 ], [ 777679.532181043177843, 8983015.381285257637501 ], [ 777679.559755051508546, 8983015.316727876663208 ], [ 777679.585046472493559, 8983015.251242568716407 ], [ 777679.608024147455581, 8983015.184910012409091 ], [ 777679.628659767797217, 8983015.117811929434538 ], [ 777679.646927910740487, 8983015.05003098398447 ], [ 777679.662806069827639, 8983014.981650682166219 ], [ 777679.676274683210067, 8983014.912755269557238 ], [ 777679.687317157862708, 8983014.843429621309042 ], [ 777679.695919889258221, 8983014.773759150877595 ], [ 777679.702072279062122, 8983014.703829688951373 ], [ 777679.705766747356392, 8983014.633727388456464 ], [ 777679.70699874276761, 8983014.563538616523147 ] ] ] ] } },
{ "type": "Feature", "properties": { "LAYER": "MBox", "GM_TYPE": "Unknown Area Type", "ELEVATION": null, "path": "D:/TGS GEOJSON/add data baru/Oebaba add/09_oe_ar_mbox.geojson" }, "geometry": { "type": "MultiPolygon", "coordinates": [ [ [ [ 773561.638970291242003, 8981939.850162154063582 ], [ 773561.637738295830786, 8981939.779973382130265 ], [ 773561.634043827536516, 8981939.709871081635356 ], [ 773561.627891437732615, 8981939.639941619709134 ], [ 773561.619288706337102, 8981939.570271149277687 ], [ 773561.608246231684461, 8981939.500945501029491 ], [ 773561.594777618302032, 8981939.43205008842051 ], [ 773561.578899459214881, 8981939.363669786602259 ], [ 773561.560631316271611, 8981939.295888841152191 ], [ 773561.539995695929974, 8981939.228790758177638 ], [ 773561.517018020967953, 8981939.162458201870322 ], [ 773561.49172659998294, 8981939.096972893923521 ], [ 773561.464152591652237, 8981939.032415512949228 ], [ 773561.434329967247322, 8981938.968865590170026 ], [ 773561.402295467909425, 8981938.906401421874762 ], [ 773561.368088560062461, 8981938.845099961385131 ], [ 773561.33175138651859, 8981938.785036733374 ], [ 773561.293328714556992, 8981938.726285733282566 ], [ 773561.252867880510166, 8981938.668919345363975 ], [ 773561.210418732138351, 8981938.613008243963122 ], [ 773561.166033566580154, 8981938.558621309697628 ], [ 773561.119767066091299, 8981938.505825547501445 ], [ 773561.071676230756566, 8981938.454686002805829 ], [ 773561.021820308291353, 8981938.405265675857663 ], [ 773560.970260721049272, 8981938.357625456526875 ], [ 773560.917060990119353, 8981938.311824036762118 ], [ 773560.862286657327786, 8981938.267917839810252 ], [ 773560.806005204445682, 8981938.225960962474346 ], [ 773560.748285969835706, 8981938.186005093157291 ], [ 773560.689200063468888, 8981938.148099455982447 ], [ 773560.628820278914645, 8981938.112290754914284 ], [ 773560.567221003700979, 8981938.078623101115227 ], [ 773560.504478127928451, 8981938.047137975692749 ], [ 773560.440668950439431, 8981938.017874168232083 ], [ 773560.375872083939612, 8981937.990867732092738 ], [ 773560.310167357791215, 8981937.966151937842369 ], [ 773560.243635719991289, 8981937.943757234141231 ], [ 773560.176359137170948, 8981937.923711212351918 ], [ 773560.108420493779704, 8981937.906038571149111 ], [ 773560.039903489872813, 8981937.890761079266667 ], [ 773559.970892538083717, 8981937.877897562459111 ], [ 773559.90147265966516, 8981937.867463864386082 ], [ 773559.831729379598983, 8981937.859472842887044 ], [ 773559.761748621123843, 8981937.853934340178967 ], [ 773559.691616600379348, 8981937.850855182856321 ], [ 773559.621419719536789, 8981937.850239161401987 ], [ 773559.551244460977614, 8981937.852087035775185 ], [ 773559.481177280191332, 8981937.856396529823542 ], [ 773559.411304499721155, 8981937.863162333145738 ], [ 773559.341712202411145, 8981937.872376112267375 ], [ 773559.272486125817522, 8981937.884026514366269 ], [ 773559.203711555921473, 8981937.8980991858989 ], [ 773559.135473222704604, 8981937.914576789364219 ], [ 773559.067855195724405, 8981937.933439025655389 ], [ 773559.000940779806115, 8981937.954662656411529 ], [ 773558.934812413295731, 8981937.978221533820033 ], [ 773558.86955156608019, 8981938.004086634144187 ], [ 773558.805238639237359, 8981938.032226089388132 ], [ 773558.74195286585018, 8981938.062605235725641 ], [ 773558.679772213799879, 8981938.095186641439795 ], [ 773558.618773289374076, 8981938.129930170252919 ], [ 773558.559031242970377, 8981938.166793016716838 ], [ 773558.500619676546194, 8981938.205729765817523 ], [ 773558.443610552698374, 8981938.246692448854446 ], [ 773558.388074106653221, 8981938.289630599319935 ], [ 773558.334078758838587, 8981938.334491316229105 ], [ 773558.281691031530499, 8981938.381219333037734 ], [ 773558.230975465849042, 8981938.429757080972195 ], [ 773558.181994543410838, 8981938.480044761672616 ], [ 773558.134808608330786, 8981938.532020419836044 ], [ 773558.089475793414749, 8981938.585620023310184 ], [ 773558.046051948680542, 8981938.640777535736561 ], [ 773558.004590571974404, 8981938.697425005957484 ], [ 773557.965142743545584, 8981938.755492642521858 ], [ 773557.92775706294924, 8981938.814908906817436 ], [ 773557.892479589208961, 8981938.875600596889853 ], [ 773557.859353783889674, 8981938.937492944300175 ], [ 773557.828420457895845, 8981939.000509694218636 ], [ 773557.799717721063644, 8981939.064573213458061 ], [ 773557.773280934779905, 8981939.129604574292898 ], [ 773557.749142669257708, 8981939.195523658767343 ], [ 773557.727332662558183, 8981939.262249255552888 ], [ 773557.707877784734592, 8981939.329699156805873 ], [ 773557.690802003839053, 8981939.397790268063545 ], [ 773557.67612635740079, 8981939.466438697651029 ], [ 773557.663868925534189, 8981939.535559872165322 ], [ 773557.654044809518382, 8981939.605068637058139 ], [ 773557.646666112588719, 8981939.674879355356097 ], [ 773557.641741925152019, 8981939.744906021282077 ], [ 773557.639278313843533, 8981939.815062362700701 ], [ 773557.639278313843533, 8981939.885261945426464 ], [ 773557.641741925152019, 8981939.955418286845088 ], [ 773557.646666112588719, 8981940.025444952771068 ], [ 773557.654044809518382, 8981940.095255671069026 ], [ 773557.663868925534189, 8981940.164764435961843 ], [ 773557.67612635740079, 8981940.233885610476136 ], [ 773557.690802003839053, 8981940.30253404006362 ], [ 773557.707877784734592, 8981940.370625151321292 ], [ 773557.727332662558183, 8981940.438075052574277 ], [ 773557.749142669257708, 8981940.504800649359822 ], [ 773557.773280934779905, 8981940.570719733834267 ], [ 773557.799717721063644, 8981940.635751094669104 ], [ 773557.828420457895845, 8981940.699814613908529 ], [ 773557.859353783889674, 8981940.76283136382699 ], [ 773557.892479589208961, 8981940.824723711237311 ], [ 773557.92775706294924, 8981940.885415401309729 ], [ 773557.965142743545584, 8981940.944831665605307 ], [ 773558.004590571974404, 8981941.002899302169681 ], [ 773558.046051948680542, 8981941.059546772390604 ], [ 773558.089475793414749, 8981941.11470428481698 ], [ 773558.134808608330786, 8981941.168303888291121 ], [ 773558.181994543410838, 8981941.220279546454549 ], [ 773558.230975465849042, 8981941.27056722715497 ], [ 773558.281691031530499, 8981941.319104975089431 ], [ 773558.334078758838587, 8981941.36583299189806 ], [ 773558.388074106653221, 8981941.41069370880723 ], [ 773558.443610552698374, 8981941.453631859272718 ], [ 773558.500619676546194, 8981941.494594542309642 ], [ 773558.559031242970377, 8981941.533531291410327 ], [ 773558.618773289374076, 8981941.570394137874246 ], [ 773558.679772213799879, 8981941.605137666687369 ], [ 773558.74195286585018, 8981941.637719072401524 ], [ 773558.805238639237359, 8981941.668098218739033 ], [ 773558.86955156608019, 8981941.696237673982978 ], [ 773558.934812413295731, 8981941.722102774307132 ], [ 773559.000940779806115, 8981941.745661651715636 ], [ 773559.067855195724405, 8981941.766885282471776 ], [ 773559.135473222704604, 8981941.785747518762946 ], [ 773559.203711555921473, 8981941.802225122228265 ], [ 773559.272486125817522, 8981941.816297793760896 ], [ 773559.341712202411145, 8981941.82794819585979 ], [ 773559.411304499721155, 8981941.837161974981427 ], [ 773559.481177280191332, 8981941.843927778303623 ], [ 773559.551244460977614, 8981941.84823727235198 ], [ 773559.621419719536789, 8981941.850085146725178 ], [ 773559.691616600379348, 8981941.849469125270844 ], [ 773559.761748621123843, 8981941.846389967948198 ], [ 773559.831729379598983, 8981941.840851465240121 ], [ 773559.90147265966516, 8981941.832860443741083 ], [ 773559.970892538083717, 8981941.822426745668054 ], [ 773560.039903489872813, 8981941.809563228860497 ], [ 773560.108420493779704, 8981941.794285736978054 ], [ 773560.176359137170948, 8981941.776613095775247 ], [ 773560.243635719991289, 8981941.756567073985934 ], [ 773560.310167357791215, 8981941.734172370284796 ], [ 773560.375872083939612, 8981941.709456576034427 ], [ 773560.440668950439431, 8981941.682450139895082 ], [ 773560.504478127928451, 8981941.653186332434416 ], [ 773560.567221003700979, 8981941.621701207011938 ], [ 773560.628820278914645, 8981941.588033553212881 ], [ 773560.689200063468888, 8981941.552224852144718 ], [ 773560.748285969835706, 8981941.514319214969873 ], [ 773560.806005204445682, 8981941.474363345652819 ], [ 773560.862286657327786, 8981941.432406468316913 ], [ 773560.917060990119353, 8981941.388500271365047 ], [ 773560.970260721049272, 8981941.342698851600289 ], [ 773561.021820308291353, 8981941.295058632269502 ], [ 773561.071676230756566, 8981941.245638305321336 ], [ 773561.119767066091299, 8981941.19449876062572 ], [ 773561.166033566580154, 8981941.141702998429537 ], [ 773561.210418732138351, 8981941.087316064164042 ], [ 773561.252867880510166, 8981941.03140496276319 ], [ 773561.293328714556992, 8981940.974038574844599 ], [ 773561.33175138651859, 8981940.915287574753165 ], [ 773561.368088560062461, 8981940.855224346742034 ], [ 773561.402295467909425, 8981940.793922886252403 ], [ 773561.434329967247322, 8981940.731458717957139 ], [ 773561.464152591652237, 8981940.667908795177937 ], [ 773561.49172659998294, 8981940.603351414203644 ], [ 773561.517018020967953, 8981940.537866106256843 ], [ 773561.539995695929974, 8981940.471533549949527 ], [ 773561.560631316271611, 8981940.404435466974974 ], [ 773561.578899459214881, 8981940.336654521524906 ], [ 773561.594777618302032, 8981940.268274219706655 ], [ 773561.608246231684461, 8981940.199378807097673 ], [ 773561.619288706337102, 8981940.130053158849478 ], [ 773561.627891437732615, 8981940.060382688418031 ], [ 773561.634043827536516, 8981939.990453226491809 ], [ 773561.637738295830786, 8981939.9203509259969 ], [ 773561.638970291242003, 8981939.850162154063582 ] ] ] ] } },
{ "type": "Feature", "properties": { "LAYER": "MBox", "GM_TYPE": "Unknown Area Type", "ELEVATION": null, "path": "D:/TGS GEOJSON/add data baru/Oebaba add/09_oe_ar_mbox.geojson" }, "geometry": { "type": "MultiPolygon", "coordinates": [ [ [ [ 777290.751095302170143, 8981834.287295438349247 ], [ 777290.749863306758925, 8981834.21710666641593 ], [ 777290.746168838464655, 8981834.147004365921021 ], [ 777290.740016448660754, 8981834.077074903994799 ], [ 777290.731413717265241, 8981834.007404433563352 ], [ 777290.720371242729016, 8981833.938078787177801 ], [ 777290.706902629230171, 8981833.869183372706175 ], [ 777290.691024470259435, 8981833.800803072750568 ], [ 777290.67275632743258, 8981833.733022127300501 ], [ 777290.652120706974529, 8981833.665924044325948 ], [ 777290.629143032128923, 8981833.599591488018632 ], [ 777290.603851611143909, 8981833.534106180071831 ], [ 777290.576277602929622, 8981833.469548797234893 ], [ 777290.546454978408292, 8981833.405998876318336 ], [ 777290.514420479186811, 8981833.343534706160426 ], [ 777290.480213571456261, 8981833.282233247533441 ], [ 777290.443876397912391, 8981833.222170017659664 ], [ 777290.405453725950792, 8981833.163419019430876 ], [ 777290.364992892020382, 8981833.106052631512284 ], [ 777290.322543743764982, 8981833.050141530111432 ], [ 777290.278158578206785, 8981832.995754595845938 ], [ 777290.231892077834345, 8981832.942958833649755 ], [ 777290.183801242499612, 8981832.891819288954139 ], [ 777290.133945320150815, 8981832.842398963868618 ], [ 777290.082385733025149, 8981832.79475874453783 ], [ 777290.02918600209523, 8981832.748957322910428 ], [ 777289.974411669420078, 8981832.705051127821207 ], [ 777289.91813021665439, 8981832.663094248622656 ], [ 777289.860410982160829, 8981832.623138379305601 ], [ 777289.801325075910427, 8981832.585232743993402 ], [ 777289.740945291356184, 8981832.549424041062593 ], [ 777289.679346016258933, 8981832.515756389126182 ], [ 777289.61660314060282, 8981832.484271263703704 ], [ 777289.552793963230215, 8981832.455007456243038 ], [ 777289.487997096846811, 8981832.428001018241048 ], [ 777289.42229237081483, 8981832.403285223990679 ], [ 777289.355760733131319, 8981832.38089052028954 ], [ 777289.288484150310978, 8981832.360844500362873 ], [ 777289.22054550703615, 8981832.343171857297421 ], [ 777289.152028503245674, 8981832.327894367277622 ], [ 777289.083017551572993, 8981832.315030848607421 ], [ 777289.013597673270851, 8981832.304597152397037 ], [ 777288.943854393204674, 8981832.296606130897999 ], [ 777288.87387363484595, 8981832.291067628189921 ], [ 777288.80374161421787, 8981832.287988469004631 ], [ 777288.733544733491726, 8981832.287372449412942 ], [ 777288.663369475048967, 8981832.289220323786139 ], [ 777288.5933022943791, 8981832.293529815971851 ], [ 777288.523429514025338, 8981832.300295621156693 ], [ 777288.453837216831744, 8981832.309509398415685 ], [ 777288.384611140238121, 8981832.321159800514579 ], [ 777288.315836570458487, 8981832.33523247204721 ], [ 777288.247598237474449, 8981832.351710077375174 ], [ 777288.17998021049425, 8981832.370572313666344 ], [ 777288.113065794692375, 8981832.391795944422483 ], [ 777288.046937428298406, 8981832.415354821830988 ], [ 777287.981676581199281, 8981832.441219920292497 ], [ 777287.91736365435645, 8981832.469359377399087 ], [ 777287.854077881085686, 8981832.499738521873951 ], [ 777287.791897229268216, 8981832.53231992945075 ], [ 777287.730898304842412, 8981832.567063458263874 ], [ 777287.671156258555129, 8981832.603926302865148 ], [ 777287.612744692130946, 8981832.642863053828478 ], [ 777287.555735568515956, 8981832.683825735002756 ], [ 777287.500199122470804, 8981832.726763885468245 ], [ 777287.446203774772584, 8981832.771624602377415 ], [ 777287.393816047464497, 8981832.818352619186044 ], [ 777287.343100481899455, 8981832.866890367120504 ], [ 777287.294119559577666, 8981832.917178047820926 ], [ 777287.246933624497615, 8981832.969153705984354 ], [ 777287.201600809814408, 8981833.022753309458494 ], [ 777287.158176965080202, 8981833.077910821884871 ], [ 777287.116715588490479, 8981833.134558292105794 ], [ 777287.077267760061659, 8981833.192625928670168 ], [ 777287.03988207958173, 8981833.252042191103101 ], [ 777287.00460460584145, 8981833.312733883038163 ], [ 777286.971478800522164, 8981833.374626230448484 ], [ 777286.94054547464475, 8981833.437642980366945 ], [ 777286.911842737696134, 8981833.501706499606371 ], [ 777286.88540595152881, 8981833.566737860441208 ], [ 777286.861267686006613, 8981833.632656944915652 ], [ 777286.839457679423504, 8981833.699382539838552 ], [ 777286.820002801599912, 8981833.766832442954183 ], [ 777286.802927020704374, 8981833.83492355234921 ], [ 777286.78825137426611, 8981833.903571981936693 ], [ 777286.775993942515925, 8981833.972693158313632 ], [ 777286.766169826500118, 8981834.042201921343803 ], [ 777286.758791129454039, 8981834.112012639641762 ], [ 777286.753866942133754, 8981834.182039305567741 ], [ 777286.751403330825269, 8981834.252195646986365 ], [ 777286.751403330825269, 8981834.322395229712129 ], [ 777286.753866942133754, 8981834.392551571130753 ], [ 777286.758791129454039, 8981834.462578237056732 ], [ 777286.766169826500118, 8981834.532388955354691 ], [ 777286.775993942515925, 8981834.601897718384862 ], [ 777286.78825137426611, 8981834.671018894761801 ], [ 777286.802927020704374, 8981834.739667324349284 ], [ 777286.820002801599912, 8981834.807758433744311 ], [ 777286.839457679423504, 8981834.875208336859941 ], [ 777286.861267686006613, 8981834.941933931782842 ], [ 777286.88540595152881, 8981835.007853016257286 ], [ 777286.911842737696134, 8981835.072884377092123 ], [ 777286.94054547464475, 8981835.136947896331549 ], [ 777286.971478800522164, 8981835.19996464625001 ], [ 777287.00460460584145, 8981835.261856993660331 ], [ 777287.03988207958173, 8981835.322548685595393 ], [ 777287.077267760061659, 8981835.381964948028326 ], [ 777287.116715588490479, 8981835.4400325845927 ], [ 777287.158176965080202, 8981835.496680054813623 ], [ 777287.201600809814408, 8981835.55183756724 ], [ 777287.246933624497615, 8981835.60543717071414 ], [ 777287.294119559577666, 8981835.657412828877568 ], [ 777287.343100481899455, 8981835.70770050957799 ], [ 777287.393816047464497, 8981835.75623825751245 ], [ 777287.446203774772584, 8981835.802966274321079 ], [ 777287.500199122470804, 8981835.847826991230249 ], [ 777287.555735568515956, 8981835.890765141695738 ], [ 777287.612744692130946, 8981835.931727822870016 ], [ 777287.671156258555129, 8981835.970664573833346 ], [ 777287.730898304842412, 8981836.00752741843462 ], [ 777287.791897229268216, 8981836.042270947247744 ], [ 777287.854077881085686, 8981836.074852354824543 ], [ 777287.91736365435645, 8981836.105231499299407 ], [ 777287.981676581199281, 8981836.133370956405997 ], [ 777288.046937428298406, 8981836.159236054867506 ], [ 777288.113065794692375, 8981836.182794932276011 ], [ 777288.17998021049425, 8981836.20401856303215 ], [ 777288.247598237474449, 8981836.22288079932332 ], [ 777288.315836570458487, 8981836.239358404651284 ], [ 777288.384611140238121, 8981836.253431076183915 ], [ 777288.453837216831744, 8981836.265081478282809 ], [ 777288.523429514025338, 8981836.274295255541801 ], [ 777288.5933022943791, 8981836.281061060726643 ], [ 777288.663369475048967, 8981836.285370552912354 ], [ 777288.733544733491726, 8981836.287218427285552 ], [ 777288.80374161421787, 8981836.286602407693863 ], [ 777288.87387363484595, 8981836.283523248508573 ], [ 777288.943854393204674, 8981836.277984745800495 ], [ 777289.013597673270851, 8981836.269993724301457 ], [ 777289.083017551572993, 8981836.259560028091073 ], [ 777289.152028503245674, 8981836.246696509420872 ], [ 777289.22054550703615, 8981836.231419019401073 ], [ 777289.288484150310978, 8981836.213746376335621 ], [ 777289.355760733131319, 8981836.193700356408954 ], [ 777289.42229237081483, 8981836.171305652707815 ], [ 777289.487997096846811, 8981836.146589858457446 ], [ 777289.552793963230215, 8981836.119583420455456 ], [ 777289.61660314060282, 8981836.09031961299479 ], [ 777289.679346016258933, 8981836.058834487572312 ], [ 777289.740945291356184, 8981836.0251668356359 ], [ 777289.801325075910427, 8981835.989358132705092 ], [ 777289.860410982160829, 8981835.951452497392893 ], [ 777289.91813021665439, 8981835.911496628075838 ], [ 777289.974411669420078, 8981835.869539748877287 ], [ 777290.02918600209523, 8981835.825633553788066 ], [ 777290.082385733025149, 8981835.779832132160664 ], [ 777290.133945320150815, 8981835.732191912829876 ], [ 777290.183801242499612, 8981835.682771587744355 ], [ 777290.231892077834345, 8981835.631632043048739 ], [ 777290.278158578206785, 8981835.578836280852556 ], [ 777290.322543743764982, 8981835.524449346587062 ], [ 777290.364992892020382, 8981835.46853824518621 ], [ 777290.405453725950792, 8981835.411171857267618 ], [ 777290.443876397912391, 8981835.35242085903883 ], [ 777290.480213571456261, 8981835.292357629165053 ], [ 777290.514420479186811, 8981835.231056170538068 ], [ 777290.546454978408292, 8981835.168592000380158 ], [ 777290.576277602929622, 8981835.105042079463601 ], [ 777290.603851611143909, 8981835.040484696626663 ], [ 777290.629143032128923, 8981834.974999388679862 ], [ 777290.652120706974529, 8981834.908666832372546 ], [ 777290.67275632743258, 8981834.841568749397993 ], [ 777290.691024470259435, 8981834.773787803947926 ], [ 777290.706902629230171, 8981834.705407503992319 ], [ 777290.720371242729016, 8981834.636512089520693 ], [ 777290.731413717265241, 8981834.567186443135142 ], [ 777290.740016448660754, 8981834.497515972703695 ], [ 777290.746168838464655, 8981834.427586510777473 ], [ 777290.749863306758925, 8981834.357484210282564 ], [ 777290.751095302170143, 8981834.287295438349247 ] ] ] ] } },
{ "type": "Feature", "properties": { "LAYER": "MBox", "GM_TYPE": "Unknown Area Type", "ELEVATION": null, "path": "D:/TGS GEOJSON/add data baru/Oebaba add/09_oe_ar_mbox.geojson" }, "geometry": { "type": "MultiPolygon", "coordinates": [ [ [ [ 776851.021077086916193, 8982622.463983036577702 ], [ 776851.019845091504976, 8982622.393794264644384 ], [ 776851.016150623210706, 8982622.323691964149475 ], [ 776851.009998233406805, 8982622.253762502223253 ], [ 776851.001395502011292, 8982622.184092031791806 ], [ 776850.990353027358651, 8982622.114766383543611 ], [ 776850.976884413976222, 8982622.045870970934629 ], [ 776850.961006254889071, 8982621.977490669116378 ], [ 776850.9427381119458, 8982621.90970972366631 ], [ 776850.922102491604164, 8982621.842611640691757 ], [ 776850.899124816642143, 8982621.776279084384441 ], [ 776850.87383339565713, 8982621.71079377643764 ], [ 776850.846259387326427, 8982621.646236395463347 ], [ 776850.816436762921512, 8982621.582686472684145 ], [ 776850.784402263583615, 8982621.520222304388881 ], [ 776850.750195355736651, 8982621.45892084389925 ], [ 776850.71385818219278, 8982621.398857615888119 ], [ 776850.675435510231182, 8982621.340106615796685 ], [ 776850.634974676184356, 8982621.282740227878094 ], [ 776850.592525527812541, 8982621.226829126477242 ], [ 776850.548140362254344, 8982621.172442192211747 ], [ 776850.501873861765489, 8982621.119646430015564 ], [ 776850.453783026430756, 8982621.068506885319948 ], [ 776850.403927103965543, 8982621.019086558371782 ], [ 776850.352367516723461, 8982620.971446339040995 ], [ 776850.299167785793543, 8982620.925644919276237 ], [ 776850.244393453001976, 8982620.881738722324371 ], [ 776850.188112000119872, 8982620.839781844988465 ], [ 776850.130392765509896, 8982620.799825975671411 ], [ 776850.071306859143078, 8982620.761920338496566 ], [ 776850.010927074588835, 8982620.726111637428403 ], [ 776849.949327799375169, 8982620.692443983629346 ], [ 776849.886584923602641, 8982620.660958858206868 ], [ 776849.822775746113621, 8982620.631695050746202 ], [ 776849.757978879613802, 8982620.604688614606857 ], [ 776849.692274153465405, 8982620.579972820356488 ], [ 776849.625742515665479, 8982620.55757811665535 ], [ 776849.558465932845138, 8982620.537532094866037 ], [ 776849.490527289453894, 8982620.51985945366323 ], [ 776849.422010285547003, 8982620.504581961780787 ], [ 776849.352999333757907, 8982620.49171844497323 ], [ 776849.28357945533935, 8982620.481284746900201 ], [ 776849.213836175273173, 8982620.473293725401163 ], [ 776849.143855416798033, 8982620.467755222693086 ], [ 776849.073723396053538, 8982620.46467606537044 ], [ 776849.003526515210979, 8982620.464060043916106 ], [ 776848.933351256651804, 8982620.465907918289304 ], [ 776848.863284075865522, 8982620.470217412337661 ], [ 776848.793411295395344, 8982620.476983215659857 ], [ 776848.723818998085335, 8982620.486196994781494 ], [ 776848.654592921491712, 8982620.497847396880388 ], [ 776848.585818351595663, 8982620.511920068413019 ], [ 776848.517580018378794, 8982620.528397671878338 ], [ 776848.449961991398595, 8982620.547259908169508 ], [ 776848.383047575480305, 8982620.568483538925648 ], [ 776848.316919208969921, 8982620.592042416334152 ], [ 776848.25165836175438, 8982620.617907516658306 ], [ 776848.187345434911549, 8982620.646046971902251 ], [ 776848.12405966152437, 8982620.67642611823976 ], [ 776848.061879009474069, 8982620.709007523953915 ], [ 776848.000880085048266, 8982620.743751052767038 ], [ 776847.941138038644567, 8982620.780613899230957 ], [ 776847.882726472220384, 8982620.819550648331642 ], [ 776847.825717348372564, 8982620.860513331368566 ], [ 776847.770180902327411, 8982620.903451481834054 ], [ 776847.716185554512776, 8982620.948312198743224 ], [ 776847.663797827204689, 8982620.995040215551853 ], [ 776847.613082261523232, 8982621.043577963486314 ], [ 776847.564101339085028, 8982621.093865644186735 ], [ 776847.516915404004976, 8982621.145841302350163 ], [ 776847.471582589088939, 8982621.199440905824304 ], [ 776847.428158744354732, 8982621.25459841825068 ], [ 776847.386697367648594, 8982621.311245888471603 ], [ 776847.347249539219774, 8982621.369313525035977 ], [ 776847.30986385862343, 8982621.428729789331555 ], [ 776847.27458638488315, 8982621.489421479403973 ], [ 776847.241460579563864, 8982621.551313826814294 ], [ 776847.210527253570035, 8982621.614330576732755 ], [ 776847.181824516737834, 8982621.67839409597218 ], [ 776847.155387730454095, 8982621.743425456807017 ], [ 776847.131249464931898, 8982621.809344541281462 ], [ 776847.109439458232373, 8982621.876070138067007 ], [ 776847.089984580408782, 8982621.943520039319992 ], [ 776847.072908799513243, 8982622.011611150577664 ], [ 776847.05823315307498, 8982622.080259580165148 ], [ 776847.045975721208379, 8982622.149380754679441 ], [ 776847.036151605192572, 8982622.218889519572258 ], [ 776847.028772908262908, 8982622.288700237870216 ], [ 776847.023848720826209, 8982622.358726903796196 ], [ 776847.021385109517723, 8982622.42888324521482 ], [ 776847.021385109517723, 8982622.499082827940583 ], [ 776847.023848720826209, 8982622.569239169359207 ], [ 776847.028772908262908, 8982622.639265835285187 ], [ 776847.036151605192572, 8982622.709076553583145 ], [ 776847.045975721208379, 8982622.778585318475962 ], [ 776847.05823315307498, 8982622.847706492990255 ], [ 776847.072908799513243, 8982622.916354922577739 ], [ 776847.089984580408782, 8982622.984446033835411 ], [ 776847.109439458232373, 8982623.051895935088396 ], [ 776847.131249464931898, 8982623.118621531873941 ], [ 776847.155387730454095, 8982623.184540616348386 ], [ 776847.181824516737834, 8982623.249571977183223 ], [ 776847.210527253570035, 8982623.313635496422648 ], [ 776847.241460579563864, 8982623.376652246341109 ], [ 776847.27458638488315, 8982623.438544593751431 ], [ 776847.30986385862343, 8982623.499236283823848 ], [ 776847.347249539219774, 8982623.558652548119426 ], [ 776847.386697367648594, 8982623.6167201846838 ], [ 776847.428158744354732, 8982623.673367654904723 ], [ 776847.471582589088939, 8982623.7285251673311 ], [ 776847.516915404004976, 8982623.78212477080524 ], [ 776847.564101339085028, 8982623.834100428968668 ], [ 776847.613082261523232, 8982623.884388109669089 ], [ 776847.663797827204689, 8982623.93292585760355 ], [ 776847.716185554512776, 8982623.979653874412179 ], [ 776847.770180902327411, 8982624.024514591321349 ], [ 776847.825717348372564, 8982624.067452741786838 ], [ 776847.882726472220384, 8982624.108415424823761 ], [ 776847.941138038644567, 8982624.147352173924446 ], [ 776848.000880085048266, 8982624.184215020388365 ], [ 776848.061879009474069, 8982624.218958549201488 ], [ 776848.12405966152437, 8982624.251539954915643 ], [ 776848.187345434911549, 8982624.281919101253152 ], [ 776848.25165836175438, 8982624.310058556497097 ], [ 776848.316919208969921, 8982624.335923656821251 ], [ 776848.383047575480305, 8982624.359482534229755 ], [ 776848.449961991398595, 8982624.380706164985895 ], [ 776848.517580018378794, 8982624.399568401277065 ], [ 776848.585818351595663, 8982624.416046004742384 ], [ 776848.654592921491712, 8982624.430118676275015 ], [ 776848.723818998085335, 8982624.441769078373909 ], [ 776848.793411295395344, 8982624.450982857495546 ], [ 776848.863284075865522, 8982624.457748660817742 ], [ 776848.933351256651804, 8982624.462058154866099 ], [ 776849.003526515210979, 8982624.463906029239297 ], [ 776849.073723396053538, 8982624.463290007784963 ], [ 776849.143855416798033, 8982624.460210850462317 ], [ 776849.213836175273173, 8982624.45467234775424 ], [ 776849.28357945533935, 8982624.446681326255202 ], [ 776849.352999333757907, 8982624.436247628182173 ], [ 776849.422010285547003, 8982624.423384111374617 ], [ 776849.490527289453894, 8982624.408106619492173 ], [ 776849.558465932845138, 8982624.390433978289366 ], [ 776849.625742515665479, 8982624.370387956500053 ], [ 776849.692274153465405, 8982624.347993252798915 ], [ 776849.757978879613802, 8982624.323277458548546 ], [ 776849.822775746113621, 8982624.296271022409201 ], [ 776849.886584923602641, 8982624.267007214948535 ], [ 776849.949327799375169, 8982624.235522089526057 ], [ 776850.010927074588835, 8982624.201854435727 ], [ 776850.071306859143078, 8982624.166045734658837 ], [ 776850.130392765509896, 8982624.128140097483993 ], [ 776850.188112000119872, 8982624.088184228166938 ], [ 776850.244393453001976, 8982624.046227350831032 ], [ 776850.299167785793543, 8982624.002321153879166 ], [ 776850.352367516723461, 8982623.956519734114408 ], [ 776850.403927103965543, 8982623.908879514783621 ], [ 776850.453783026430756, 8982623.859459187835455 ], [ 776850.501873861765489, 8982623.808319643139839 ], [ 776850.548140362254344, 8982623.755523880943656 ], [ 776850.592525527812541, 8982623.701136946678162 ], [ 776850.634974676184356, 8982623.645225845277309 ], [ 776850.675435510231182, 8982623.587859457358718 ], [ 776850.71385818219278, 8982623.529108457267284 ], [ 776850.750195355736651, 8982623.469045229256153 ], [ 776850.784402263583615, 8982623.407743768766522 ], [ 776850.816436762921512, 8982623.345279600471258 ], [ 776850.846259387326427, 8982623.281729677692056 ], [ 776850.87383339565713, 8982623.217172296717763 ], [ 776850.899124816642143, 8982623.151686988770962 ], [ 776850.922102491604164, 8982623.085354432463646 ], [ 776850.9427381119458, 8982623.018256349489093 ], [ 776850.961006254889071, 8982622.950475404039025 ], [ 776850.976884413976222, 8982622.882095102220774 ], [ 776850.990353027358651, 8982622.813199689611793 ], [ 776851.001395502011292, 8982622.743874041363597 ], [ 776851.009998233406805, 8982622.67420357093215 ], [ 776851.016150623210706, 8982622.604274109005928 ], [ 776851.019845091504976, 8982622.534171808511019 ], [ 776851.021077086916193, 8982622.463983036577702 ] ] ] ] } },
{ "type": "Feature", "properties": { "LAYER": "MBox", "GM_TYPE": "Unknown Area Type", "ELEVATION": null, "path": "D:/TGS GEOJSON/add data baru/Oebaba add/09_oe_ar_mbox.geojson" }, "geometry": { "type": "MultiPolygon", "coordinates": [ [ [ [ 771904.204151549027301, 8979496.000729247927666 ], [ 771904.202919553616084, 8979495.930540475994349 ], [ 771904.199225085321814, 8979495.860438175499439 ], [ 771904.193072695517913, 8979495.790508713573217 ], [ 771904.1844699641224, 8979495.72083824314177 ], [ 771904.173427489469759, 8979495.651512594893575 ], [ 771904.15995887608733, 8979495.582617182284594 ], [ 771904.144080717000179, 8979495.514236880466342 ], [ 771904.125812574056908, 8979495.446455935016274 ], [ 771904.105176953715272, 8979495.379357852041721 ], [ 771904.082199278753251, 8979495.313025295734406 ], [ 771904.056907857768238, 8979495.247539987787604 ], [ 771904.029333849437535, 8979495.182982606813312 ], [ 771903.99951122503262, 8979495.119432684034109 ], [ 771903.967476725694723, 8979495.056968515738845 ], [ 771903.933269817847759, 8979494.995667055249214 ], [ 771903.896932644303888, 8979494.935603827238083 ], [ 771903.85850997234229, 8979494.876852827146649 ], [ 771903.818049138295464, 8979494.819486439228058 ], [ 771903.775599989923649, 8979494.763575337827206 ], [ 771903.731214824365452, 8979494.709188403561711 ], [ 771903.684948323876597, 8979494.656392641365528 ], [ 771903.636857488541864, 8979494.605253096669912 ], [ 771903.587001566076651, 8979494.555832769721746 ], [ 771903.535441978834569, 8979494.508192550390959 ], [ 771903.482242247904651, 8979494.462391130626202 ], [ 771903.427467915113084, 8979494.418484933674335 ], [ 771903.37118646223098, 8979494.376528056338429 ], [ 771903.313467227621004, 8979494.336572187021375 ], [ 771903.254381321254186, 8979494.29866654984653 ], [ 771903.194001536699943, 8979494.262857848778367 ], [ 771903.132402261486277, 8979494.22919019497931 ], [ 771903.069659385713749, 8979494.197705069556832 ], [ 771903.005850208224729, 8979494.168441262096167 ], [ 771902.94105334172491, 8979494.141434825956821 ], [ 771902.875348615576513, 8979494.116719031706452 ], [ 771902.808816977776587, 8979494.094324328005314 ], [ 771902.741540394956246, 8979494.074278306216002 ], [ 771902.673601751565002, 8979494.056605665013194 ], [ 771902.605084747658111, 8979494.041328173130751 ], [ 771902.536073795869015, 8979494.028464656323195 ], [ 771902.466653917450458, 8979494.018030958250165 ], [ 771902.396910637384281, 8979494.010039936751127 ], [ 771902.326929878909141, 8979494.00450143404305 ], [ 771902.256797858164646, 8979494.001422276720405 ], [ 771902.186600977322087, 8979494.00080625526607 ], [ 771902.116425718762912, 8979494.002654129639268 ], [ 771902.04635853797663, 8979494.006963623687625 ], [ 771901.976485757506453, 8979494.013729427009821 ], [ 771901.906893460196443, 8979494.022943206131458 ], [ 771901.83766738360282, 8979494.034593608230352 ], [ 771901.768892813706771, 8979494.048666279762983 ], [ 771901.700654480489902, 8979494.065143883228302 ], [ 771901.633036453509703, 8979494.084006119519472 ], [ 771901.566122037591413, 8979494.105229750275612 ], [ 771901.499993671081029, 8979494.128788627684116 ], [ 771901.434732823865488, 8979494.15465372800827 ], [ 771901.370419897022657, 8979494.182793183252215 ], [ 771901.307134123635478, 8979494.213172329589725 ], [ 771901.244953471585177, 8979494.245753735303879 ], [ 771901.183954547159374, 8979494.280497264117002 ], [ 771901.124212500755675, 8979494.317360110580921 ], [ 771901.065800934331492, 8979494.356296859681606 ], [ 771901.008791810483672, 8979494.39725954271853 ], [ 771900.953255364438519, 8979494.440197693184018 ], [ 771900.899260016623884, 8979494.485058410093188 ], [ 771900.846872289315797, 8979494.531786426901817 ], [ 771900.79615672363434, 8979494.580324174836278 ], [ 771900.747175801196136, 8979494.630611855536699 ], [ 771900.699989866116084, 8979494.682587513700128 ], [ 771900.654657051200047, 8979494.736187117174268 ], [ 771900.61123320646584, 8979494.791344629600644 ], [ 771900.569771829759702, 8979494.847992099821568 ], [ 771900.530324001330882, 8979494.906059736385942 ], [ 771900.492938320734538, 8979494.96547600068152 ], [ 771900.457660846994258, 8979495.026167690753937 ], [ 771900.424535041674972, 8979495.088060038164258 ], [ 771900.393601715681143, 8979495.151076788082719 ], [ 771900.364898978848942, 8979495.215140307322145 ], [ 771900.338462192565203, 8979495.280171668156981 ], [ 771900.314323927043006, 8979495.346090752631426 ], [ 771900.292513920343481, 8979495.412816349416971 ], [ 771900.27305904251989, 8979495.480266250669956 ], [ 771900.255983261624351, 8979495.548357361927629 ], [ 771900.241307615186088, 8979495.617005791515112 ], [ 771900.229050183319487, 8979495.686126966029406 ], [ 771900.21922606730368, 8979495.755635730922222 ], [ 771900.211847370374016, 8979495.825446449220181 ], [ 771900.206923182937317, 8979495.89547311514616 ], [ 771900.204459571628831, 8979495.965629456564784 ], [ 771900.204459571628831, 8979496.035829039290547 ], [ 771900.206923182937317, 8979496.105985380709171 ], [ 771900.211847370374016, 8979496.176012046635151 ], [ 771900.21922606730368, 8979496.245822764933109 ], [ 771900.229050183319487, 8979496.315331529825926 ], [ 771900.241307615186088, 8979496.384452704340219 ], [ 771900.255983261624351, 8979496.453101133927703 ], [ 771900.27305904251989, 8979496.521192245185375 ], [ 771900.292513920343481, 8979496.58864214643836 ], [ 771900.314323927043006, 8979496.655367743223906 ], [ 771900.338462192565203, 8979496.72128682769835 ], [ 771900.364898978848942, 8979496.786318188533187 ], [ 771900.393601715681143, 8979496.850381707772613 ], [ 771900.424535041674972, 8979496.913398457691073 ], [ 771900.457660846994258, 8979496.975290805101395 ], [ 771900.492938320734538, 8979497.035982495173812 ], [ 771900.530324001330882, 8979497.09539875946939 ], [ 771900.569771829759702, 8979497.153466396033764 ], [ 771900.61123320646584, 8979497.210113866254687 ], [ 771900.654657051200047, 8979497.265271378681064 ], [ 771900.699989866116084, 8979497.318870982155204 ], [ 771900.747175801196136, 8979497.370846640318632 ], [ 771900.79615672363434, 8979497.421134321019053 ], [ 771900.846872289315797, 8979497.469672068953514 ], [ 771900.899260016623884, 8979497.516400085762143 ], [ 771900.953255364438519, 8979497.561260802671313 ], [ 771901.008791810483672, 8979497.604198953136802 ], [ 771901.065800934331492, 8979497.645161636173725 ], [ 771901.124212500755675, 8979497.68409838527441 ], [ 771901.183954547159374, 8979497.720961231738329 ], [ 771901.244953471585177, 8979497.755704760551453 ], [ 771901.307134123635478, 8979497.788286166265607 ], [ 771901.370419897022657, 8979497.818665312603116 ], [ 771901.434732823865488, 8979497.846804767847061 ], [ 771901.499993671081029, 8979497.872669868171215 ], [ 771901.566122037591413, 8979497.89622874557972 ], [ 771901.633036453509703, 8979497.917452376335859 ], [ 771901.700654480489902, 8979497.936314612627029 ], [ 771901.768892813706771, 8979497.952792216092348 ], [ 771901.83766738360282, 8979497.966864887624979 ], [ 771901.906893460196443, 8979497.978515289723873 ], [ 771901.976485757506453, 8979497.98772906884551 ], [ 771902.04635853797663, 8979497.994494872167706 ], [ 771902.116425718762912, 8979497.998804366216063 ], [ 771902.186600977322087, 8979498.000652240589261 ], [ 771902.256797858164646, 8979498.000036219134927 ], [ 771902.326929878909141, 8979497.996957061812282 ], [ 771902.396910637384281, 8979497.991418559104204 ], [ 771902.466653917450458, 8979497.983427537605166 ], [ 771902.536073795869015, 8979497.972993839532137 ], [ 771902.605084747658111, 8979497.960130322724581 ], [ 771902.673601751565002, 8979497.944852830842137 ], [ 771902.741540394956246, 8979497.92718018963933 ], [ 771902.808816977776587, 8979497.907134167850018 ], [ 771902.875348615576513, 8979497.884739464148879 ], [ 771902.94105334172491, 8979497.86002366989851 ], [ 771903.005850208224729, 8979497.833017233759165 ], [ 771903.069659385713749, 8979497.803753426298499 ], [ 771903.132402261486277, 8979497.772268300876021 ], [ 771903.194001536699943, 8979497.738600647076964 ], [ 771903.254381321254186, 8979497.702791946008801 ], [ 771903.313467227621004, 8979497.664886308833957 ], [ 771903.37118646223098, 8979497.624930439516902 ], [ 771903.427467915113084, 8979497.582973562180996 ], [ 771903.482242247904651, 8979497.53906736522913 ], [ 771903.535441978834569, 8979497.493265945464373 ], [ 771903.587001566076651, 8979497.445625726133585 ], [ 771903.636857488541864, 8979497.396205399185419 ], [ 771903.684948323876597, 8979497.345065854489803 ], [ 771903.731214824365452, 8979497.29227009229362 ], [ 771903.775599989923649, 8979497.237883158028126 ], [ 771903.818049138295464, 8979497.181972056627274 ], [ 771903.85850997234229, 8979497.124605668708682 ], [ 771903.896932644303888, 8979497.065854668617249 ], [ 771903.933269817847759, 8979497.005791440606117 ], [ 771903.967476725694723, 8979496.944489980116487 ], [ 771903.99951122503262, 8979496.882025811821222 ], [ 771904.029333849437535, 8979496.81847588904202 ], [ 771904.056907857768238, 8979496.753918508067727 ], [ 771904.082199278753251, 8979496.688433200120926 ], [ 771904.105176953715272, 8979496.62210064381361 ], [ 771904.125812574056908, 8979496.555002560839057 ], [ 771904.144080717000179, 8979496.487221615388989 ], [ 771904.15995887608733, 8979496.418841313570738 ], [ 771904.173427489469759, 8979496.349945900961757 ], [ 771904.1844699641224, 8979496.280620252713561 ], [ 771904.193072695517913, 8979496.210949782282114 ], [ 771904.199225085321814, 8979496.141020320355892 ], [ 771904.202919553616084, 8979496.070918019860983 ], [ 771904.204151549027301, 8979496.000729247927666 ] ] ] ] } },
{ "type": "Feature", "properties": { "LAYER": "MBox", "GM_TYPE": "Unknown Area Type", "ELEVATION": null, "path": "D:/TGS GEOJSON/add data baru/Oebaba add/09_oe_ar_mbox.geojson" }, "geometry": { "type": "MultiPolygon", "coordinates": [ [ [ [ 772320.022054109023884, 8979570.087064104154706 ], [ 772320.020822113612667, 8979570.016875332221389 ], [ 772320.017127645318396, 8979569.94677303172648 ], [ 772320.010975255514495, 8979569.876843569800258 ], [ 772320.002372524118982, 8979569.807173099368811 ], [ 772319.991330049466342, 8979569.737847451120615 ], [ 772319.977861436083913, 8979569.668952038511634 ], [ 772319.961983276996762, 8979569.600571736693382 ], [ 772319.943715134053491, 8979569.532790791243315 ], [ 772319.923079513711855, 8979569.465692708268762 ], [ 772319.900101838749833, 8979569.399360151961446 ], [ 772319.87481041776482, 8979569.333874844014645 ], [ 772319.847236409434117, 8979569.269317463040352 ], [ 772319.817413785029203, 8979569.205767540261149 ], [ 772319.785379285691306, 8979569.143303371965885 ], [ 772319.751172377844341, 8979569.082001911476254 ], [ 772319.714835204300471, 8979569.021938683465123 ], [ 772319.676412532338873, 8979568.96318768337369 ], [ 772319.635951698292047, 8979568.905821295455098 ], [ 772319.593502549920231, 8979568.849910194054246 ], [ 772319.549117384362034, 8979568.795523259788752 ], [ 772319.50285088387318, 8979568.742727497592568 ], [ 772319.454760048538446, 8979568.691587952896953 ], [ 772319.404904126073234, 8979568.642167625948787 ], [ 772319.353344538831152, 8979568.594527406617999 ], [ 772319.300144807901233, 8979568.548725986853242 ], [ 772319.245370475109667, 8979568.504819789901376 ], [ 772319.189089022227563, 8979568.46286291256547 ], [ 772319.131369787617587, 8979568.422907043248415 ], [ 772319.072283881250769, 8979568.38500140607357 ], [ 772319.011904096696526, 8979568.349192705005407 ], [ 772318.95030482148286, 8979568.31552505120635 ], [ 772318.887561945710331, 8979568.284039925783873 ], [ 772318.823752768221311, 8979568.254776118323207 ], [ 772318.758955901721492, 8979568.227769682183862 ], [ 772318.693251175573096, 8979568.203053887933493 ], [ 772318.62671953777317, 8979568.180659184232354 ], [ 772318.559442954952829, 8979568.160613162443042 ], [ 772318.491504311561584, 8979568.142940521240234 ], [ 772318.422987307654694, 8979568.127663029357791 ], [ 772318.353976355865598, 8979568.114799512550235 ], [ 772318.28455647744704, 8979568.104365814477205 ], [ 772318.214813197380863, 8979568.096374792978168 ], [ 772318.144832438905723, 8979568.09083629027009 ], [ 772318.074700418161228, 8979568.087757132947445 ], [ 772318.004503537318669, 8979568.087141111493111 ], [ 772317.934328278759494, 8979568.088988985866308 ], [ 772317.864261097973213, 8979568.093298479914665 ], [ 772317.794388317503035, 8979568.100064283236861 ], [ 772317.724796020193025, 8979568.109278062358499 ], [ 772317.655569943599403, 8979568.120928464457393 ], [ 772317.586795373703353, 8979568.135001135990024 ], [ 772317.518557040486485, 8979568.151478739455342 ], [ 772317.450939013506286, 8979568.170340975746512 ], [ 772317.384024597587995, 8979568.191564606502652 ], [ 772317.317896231077611, 8979568.215123483911157 ], [ 772317.252635383862071, 8979568.240988584235311 ], [ 772317.18832245701924, 8979568.269128039479256 ], [ 772317.125036683632061, 8979568.299507185816765 ], [ 772317.062856031581759, 8979568.332088591530919 ], [ 772317.001857107155956, 8979568.366832120344043 ], [ 772316.942115060752258, 8979568.403694966807961 ], [ 772316.883703494328074, 8979568.442631715908647 ], [ 772316.826694370480254, 8979568.48359439894557 ], [ 772316.771157924435101, 8979568.526532549411058 ], [ 772316.717162576620467, 8979568.571393266320229 ], [ 772316.66477484931238, 8979568.618121283128858 ], [ 772316.614059283630922, 8979568.666659031063318 ], [ 772316.565078361192718, 8979568.71694671176374 ], [ 772316.517892426112667, 8979568.768922369927168 ], [ 772316.47255961119663, 8979568.822521973401308 ], [ 772316.429135766462423, 8979568.877679485827684 ], [ 772316.387674389756285, 8979568.934326956048608 ], [ 772316.348226561327465, 8979568.992394592612982 ], [ 772316.310840880731121, 8979569.05181085690856 ], [ 772316.275563406990841, 8979569.112502546980977 ], [ 772316.242437601671554, 8979569.174394894391298 ], [ 772316.211504275677726, 8979569.237411644309759 ], [ 772316.182801538845524, 8979569.301475163549185 ], [ 772316.156364752561785, 8979569.366506524384022 ], [ 772316.132226487039588, 8979569.432425608858466 ], [ 772316.110416480340064, 8979569.499151205644011 ], [ 772316.090961602516472, 8979569.566601106896996 ], [ 772316.073885821620934, 8979569.634692218154669 ], [ 772316.05921017518267, 8979569.703340647742152 ], [ 772316.046952743316069, 8979569.772461822256446 ], [ 772316.037128627300262, 8979569.841970587149262 ], [ 772316.029749930370599, 8979569.911781305447221 ], [ 772316.024825742933899, 8979569.9818079713732 ], [ 772316.022362131625414, 8979570.051964312791824 ], [ 772316.022362131625414, 8979570.122163895517588 ], [ 772316.024825742933899, 8979570.192320236936212 ], [ 772316.029749930370599, 8979570.262346902862191 ], [ 772316.037128627300262, 8979570.33215762116015 ], [ 772316.046952743316069, 8979570.401666386052966 ], [ 772316.05921017518267, 8979570.47078756056726 ], [ 772316.073885821620934, 8979570.539435990154743 ], [ 772316.090961602516472, 8979570.607527101412416 ], [ 772316.110416480340064, 8979570.674977002665401 ], [ 772316.132226487039588, 8979570.741702599450946 ], [ 772316.156364752561785, 8979570.80762168392539 ], [ 772316.182801538845524, 8979570.872653044760227 ], [ 772316.211504275677726, 8979570.936716563999653 ], [ 772316.242437601671554, 8979570.999733313918114 ], [ 772316.275563406990841, 8979571.061625661328435 ], [ 772316.310840880731121, 8979571.122317351400852 ], [ 772316.348226561327465, 8979571.18173361569643 ], [ 772316.387674389756285, 8979571.239801252260804 ], [ 772316.429135766462423, 8979571.296448722481728 ], [ 772316.47255961119663, 8979571.351606234908104 ], [ 772316.517892426112667, 8979571.405205838382244 ], [ 772316.565078361192718, 8979571.457181496545672 ], [ 772316.614059283630922, 8979571.507469177246094 ], [ 772316.66477484931238, 8979571.556006925180554 ], [ 772316.717162576620467, 8979571.602734941989183 ], [ 772316.771157924435101, 8979571.647595658898354 ], [ 772316.826694370480254, 8979571.690533809363842 ], [ 772316.883703494328074, 8979571.731496492400765 ], [ 772316.942115060752258, 8979571.770433241501451 ], [ 772317.001857107155956, 8979571.807296087965369 ], [ 772317.062856031581759, 8979571.842039616778493 ], [ 772317.125036683632061, 8979571.874621022492647 ], [ 772317.18832245701924, 8979571.905000168830156 ], [ 772317.252635383862071, 8979571.933139624074101 ], [ 772317.317896231077611, 8979571.959004724398255 ], [ 772317.384024597587995, 8979571.98256360180676 ], [ 772317.450939013506286, 8979572.0037872325629 ], [ 772317.518557040486485, 8979572.02264946885407 ], [ 772317.586795373703353, 8979572.039127072319388 ], [ 772317.655569943599403, 8979572.053199743852019 ], [ 772317.724796020193025, 8979572.064850145950913 ], [ 772317.794388317503035, 8979572.074063925072551 ], [ 772317.864261097973213, 8979572.080829728394747 ], [ 772317.934328278759494, 8979572.085139222443104 ], [ 772318.004503537318669, 8979572.086987096816301 ], [ 772318.074700418161228, 8979572.086371075361967 ], [ 772318.144832438905723, 8979572.083291918039322 ], [ 772318.214813197380863, 8979572.077753415331244 ], [ 772318.28455647744704, 8979572.069762393832207 ], [ 772318.353976355865598, 8979572.059328695759177 ], [ 772318.422987307654694, 8979572.046465178951621 ], [ 772318.491504311561584, 8979572.031187687069178 ], [ 772318.559442954952829, 8979572.01351504586637 ], [ 772318.62671953777317, 8979571.993469024077058 ], [ 772318.693251175573096, 8979571.971074320375919 ], [ 772318.758955901721492, 8979571.94635852612555 ], [ 772318.823752768221311, 8979571.919352089986205 ], [ 772318.887561945710331, 8979571.890088282525539 ], [ 772318.95030482148286, 8979571.858603157103062 ], [ 772319.011904096696526, 8979571.824935503304005 ], [ 772319.072283881250769, 8979571.789126802235842 ], [ 772319.131369787617587, 8979571.751221165060997 ], [ 772319.189089022227563, 8979571.711265295743942 ], [ 772319.245370475109667, 8979571.669308418408036 ], [ 772319.300144807901233, 8979571.62540222145617 ], [ 772319.353344538831152, 8979571.579600801691413 ], [ 772319.404904126073234, 8979571.531960582360625 ], [ 772319.454760048538446, 8979571.482540255412459 ], [ 772319.50285088387318, 8979571.431400710716844 ], [ 772319.549117384362034, 8979571.37860494852066 ], [ 772319.593502549920231, 8979571.324218014255166 ], [ 772319.635951698292047, 8979571.268306912854314 ], [ 772319.676412532338873, 8979571.210940524935722 ], [ 772319.714835204300471, 8979571.152189524844289 ], [ 772319.751172377844341, 8979571.092126296833158 ], [ 772319.785379285691306, 8979571.030824836343527 ], [ 772319.817413785029203, 8979570.968360668048263 ], [ 772319.847236409434117, 8979570.90481074526906 ], [ 772319.87481041776482, 8979570.840253364294767 ], [ 772319.900101838749833, 8979570.774768056347966 ], [ 772319.923079513711855, 8979570.70843550004065 ], [ 772319.943715134053491, 8979570.641337417066097 ], [ 772319.961983276996762, 8979570.57355647161603 ], [ 772319.977861436083913, 8979570.505176169797778 ], [ 772319.991330049466342, 8979570.436280757188797 ], [ 772320.002372524118982, 8979570.366955108940601 ], [ 772320.010975255514495, 8979570.297284638509154 ], [ 772320.017127645318396, 8979570.227355176582932 ], [ 772320.020822113612667, 8979570.157252876088023 ], [ 772320.022054109023884, 8979570.087064104154706 ] ] ] ] } },
{ "type": "Feature", "properties": { "LAYER": "MBox", "GM_TYPE": "Unknown Area Type", "ELEVATION": null, "path": "D:/TGS GEOJSON/add data baru/Oebaba add/09_oe_ar_mbox.geojson" }, "geometry": { "type": "MultiPolygon", "coordinates": [ [ [ [ 771626.989683105493896, 8979891.968365581706166 ], [ 771626.988451110082678, 8979891.898176809772849 ], [ 771626.984756641788408, 8979891.82807450927794 ], [ 771626.978604251984507, 8979891.758145047351718 ], [ 771626.970001520588994, 8979891.688474576920271 ], [ 771626.958959045936354, 8979891.619148928672075 ], [ 771626.945490432553925, 8979891.550253516063094 ], [ 771626.929612273466773, 8979891.481873214244843 ], [ 771626.911344130523503, 8979891.414092268794775 ], [ 771626.890708510181867, 8979891.346994185820222 ], [ 771626.867730835219845, 8979891.280661629512906 ], [ 771626.842439414234832, 8979891.215176321566105 ], [ 771626.814865405904129, 8979891.150618940591812 ], [ 771626.785042781499214, 8979891.08706901781261 ], [ 771626.753008282161318, 8979891.024604849517345 ], [ 771626.718801374314353, 8979890.963303389027715 ], [ 771626.682464200770482, 8979890.903240161016583 ], [ 771626.644041528808884, 8979890.84448916092515 ], [ 771626.603580694762059, 8979890.787122773006558 ], [ 771626.561131546390243, 8979890.731211671605706 ], [ 771626.516746380832046, 8979890.676824737340212 ], [ 771626.470479880343191, 8979890.624028975144029 ], [ 771626.422389045008458, 8979890.572889430448413 ], [ 771626.372533122543246, 8979890.523469103500247 ], [ 771626.320973535301164, 8979890.475828884169459 ], [ 771626.267773804371245, 8979890.430027464404702 ], [ 771626.212999471579678, 8979890.386121267452836 ], [ 771626.156718018697575, 8979890.34416439011693 ], [ 771626.098998784087598, 8979890.304208520799875 ], [ 771626.039912877720781, 8979890.266302883625031 ], [ 771625.979533093166538, 8979890.230494182556868 ], [ 771625.917933817952871, 8979890.196826528757811 ], [ 771625.855190942180343, 8979890.165341403335333 ], [ 771625.791381764691323, 8979890.136077595874667 ], [ 771625.726584898191504, 8979890.109071159735322 ], [ 771625.660880172043107, 8979890.084355365484953 ], [ 771625.594348534243181, 8979890.061960661783814 ], [ 771625.52707195142284, 8979890.041914639994502 ], [ 771625.459133308031596, 8979890.024241998791695 ], [ 771625.390616304124705, 8979890.008964506909251 ], [ 771625.321605352335609, 8979889.996100990101695 ], [ 771625.252185473917052, 8979889.985667292028666 ], [ 771625.182442193850875, 8979889.977676270529628 ], [ 771625.112461435375735, 8979889.97213776782155 ], [ 771625.04232941463124, 8979889.969058610498905 ], [ 771624.972132533788681, 8979889.968442589044571 ], [ 771624.901957275229506, 8979889.970290463417768 ], [ 771624.831890094443224, 8979889.974599957466125 ], [ 771624.762017313973047, 8979889.981365760788321 ], [ 771624.692425016663037, 8979889.990579539909959 ], [ 771624.623198940069415, 8979890.002229942008853 ], [ 771624.554424370173365, 8979890.016302613541484 ], [ 771624.486186036956497, 8979890.032780217006803 ], [ 771624.418568009976298, 8979890.051642453297973 ], [ 771624.351653594058007, 8979890.072866084054112 ], [ 771624.285525227547623, 8979890.096424961462617 ], [ 771624.220264380332083, 8979890.122290061786771 ], [ 771624.155951453489251, 8979890.150429517030716 ], [ 771624.092665680102073, 8979890.180808663368225 ], [ 771624.030485028051771, 8979890.213390069082379 ], [ 771623.969486103625968, 8979890.248133597895503 ], [ 771623.909744057222269, 8979890.284996444359422 ], [ 771623.851332490798086, 8979890.323933193460107 ], [ 771623.794323366950266, 8979890.36489587649703 ], [ 771623.738786920905113, 8979890.407834026962519 ], [ 771623.684791573090479, 8979890.452694743871689 ], [ 771623.632403845782392, 8979890.499422760680318 ], [ 771623.581688280100934, 8979890.547960508614779 ], [ 771623.53270735766273, 8979890.5982481893152 ], [ 771623.485521422582678, 8979890.650223847478628 ], [ 771623.440188607666641, 8979890.703823450952768 ], [ 771623.396764762932435, 8979890.758980963379145 ], [ 771623.355303386226296, 8979890.815628433600068 ], [ 771623.315855557797477, 8979890.873696070164442 ], [ 771623.278469877201132, 8979890.93311233446002 ], [ 771623.243192403460853, 8979890.993804024532437 ], [ 771623.210066598141566, 8979891.055696371942759 ], [ 771623.179133272147737, 8979891.118713121861219 ], [ 771623.150430535315536, 8979891.182776641100645 ], [ 771623.123993749031797, 8979891.247808001935482 ], [ 771623.0998554835096, 8979891.313727086409926 ], [ 771623.078045476810075, 8979891.380452683195472 ], [ 771623.058590598986484, 8979891.447902584448457 ], [ 771623.041514818090945, 8979891.515993695706129 ], [ 771623.026839171652682, 8979891.584642125293612 ], [ 771623.014581739786081, 8979891.653763299807906 ], [ 771623.004757623770274, 8979891.723272064700723 ], [ 771622.997378926840611, 8979891.793082782998681 ], [ 771622.992454739403911, 8979891.863109448924661 ], [ 771622.989991128095426, 8979891.933265790343285 ], [ 771622.989991128095426, 8979892.003465373069048 ], [ 771622.992454739403911, 8979892.073621714487672 ], [ 771622.997378926840611, 8979892.143648380413651 ], [ 771623.004757623770274, 8979892.21345909871161 ], [ 771623.014581739786081, 8979892.282967863604426 ], [ 771623.026839171652682, 8979892.35208903811872 ], [ 771623.041514818090945, 8979892.420737467706203 ], [ 771623.058590598986484, 8979892.488828578963876 ], [ 771623.078045476810075, 8979892.556278480216861 ], [ 771623.0998554835096, 8979892.623004077002406 ], [ 771623.123993749031797, 8979892.688923161476851 ], [ 771623.150430535315536, 8979892.753954522311687 ], [ 771623.179133272147737, 8979892.818018041551113 ], [ 771623.210066598141566, 8979892.881034791469574 ], [ 771623.243192403460853, 8979892.942927138879895 ], [ 771623.278469877201132, 8979893.003618828952312 ], [ 771623.315855557797477, 8979893.06303509324789 ], [ 771623.355303386226296, 8979893.121102729812264 ], [ 771623.396764762932435, 8979893.177750200033188 ], [ 771623.440188607666641, 8979893.232907712459564 ], [ 771623.485521422582678, 8979893.286507315933704 ], [ 771623.53270735766273, 8979893.338482974097133 ], [ 771623.581688280100934, 8979893.388770654797554 ], [ 771623.632403845782392, 8979893.437308402732015 ], [ 771623.684791573090479, 8979893.484036419540644 ], [ 771623.738786920905113, 8979893.528897136449814 ], [ 771623.794323366950266, 8979893.571835286915302 ], [ 771623.851332490798086, 8979893.612797969952226 ], [ 771623.909744057222269, 8979893.651734719052911 ], [ 771623.969486103625968, 8979893.688597565516829 ], [ 771624.030485028051771, 8979893.723341094329953 ], [ 771624.092665680102073, 8979893.755922500044107 ], [ 771624.155951453489251, 8979893.786301646381617 ], [ 771624.220264380332083, 8979893.814441101625562 ], [ 771624.285525227547623, 8979893.840306201949716 ], [ 771624.351653594058007, 8979893.86386507935822 ], [ 771624.418568009976298, 8979893.88508871011436 ], [ 771624.486186036956497, 8979893.90395094640553 ], [ 771624.554424370173365, 8979893.920428549870849 ], [ 771624.623198940069415, 8979893.93450122140348 ], [ 771624.692425016663037, 8979893.946151623502374 ], [ 771624.762017313973047, 8979893.955365402624011 ], [ 771624.831890094443224, 8979893.962131205946207 ], [ 771624.901957275229506, 8979893.966440699994564 ], [ 771624.972132533788681, 8979893.968288574367762 ], [ 771625.04232941463124, 8979893.967672552913427 ], [ 771625.112461435375735, 8979893.964593395590782 ], [ 771625.182442193850875, 8979893.959054892882705 ], [ 771625.252185473917052, 8979893.951063871383667 ], [ 771625.321605352335609, 8979893.940630173310637 ], [ 771625.390616304124705, 8979893.927766656503081 ], [ 771625.459133308031596, 8979893.912489164620638 ], [ 771625.52707195142284, 8979893.89481652341783 ], [ 771625.594348534243181, 8979893.874770501628518 ], [ 771625.660880172043107, 8979893.85237579792738 ], [ 771625.726584898191504, 8979893.827660003677011 ], [ 771625.791381764691323, 8979893.800653567537665 ], [ 771625.855190942180343, 8979893.771389760077 ], [ 771625.917933817952871, 8979893.739904634654522 ], [ 771625.979533093166538, 8979893.706236980855465 ], [ 771626.039912877720781, 8979893.670428279787302 ], [ 771626.098998784087598, 8979893.632522642612457 ], [ 771626.156718018697575, 8979893.592566773295403 ], [ 771626.212999471579678, 8979893.550609895959496 ], [ 771626.267773804371245, 8979893.50670369900763 ], [ 771626.320973535301164, 8979893.460902279242873 ], [ 771626.372533122543246, 8979893.413262059912086 ], [ 771626.422389045008458, 8979893.36384173296392 ], [ 771626.470479880343191, 8979893.312702188268304 ], [ 771626.516746380832046, 8979893.259906426072121 ], [ 771626.561131546390243, 8979893.205519491806626 ], [ 771626.603580694762059, 8979893.149608390405774 ], [ 771626.644041528808884, 8979893.092242002487183 ], [ 771626.682464200770482, 8979893.033491002395749 ], [ 771626.718801374314353, 8979892.973427774384618 ], [ 771626.753008282161318, 8979892.912126313894987 ], [ 771626.785042781499214, 8979892.849662145599723 ], [ 771626.814865405904129, 8979892.78611222282052 ], [ 771626.842439414234832, 8979892.721554841846228 ], [ 771626.867730835219845, 8979892.656069533899426 ], [ 771626.890708510181867, 8979892.589736977592111 ], [ 771626.911344130523503, 8979892.522638894617558 ], [ 771626.929612273466773, 8979892.45485794916749 ], [ 771626.945490432553925, 8979892.386477647349238 ], [ 771626.958959045936354, 8979892.317582234740257 ], [ 771626.970001520588994, 8979892.248256586492062 ], [ 771626.978604251984507, 8979892.178586116060615 ], [ 771626.984756641788408, 8979892.108656654134393 ], [ 771626.988451110082678, 8979892.038554353639483 ], [ 771626.989683105493896, 8979891.968365581706166 ] ] ] ] } },
{ "type": "Feature", "properties": { "LAYER": "MBox", "GM_TYPE": "Unknown Area Type", "ELEVATION": null, "path": "D:/TGS GEOJSON/add data baru/Oebaba add/09_oe_ar_mbox.geojson" }, "geometry": { "type": "MultiPolygon", "coordinates": [ [ [ [ 771446.248048961861059, 8980557.354148391634226 ], [ 771446.246816966449842, 8980557.283959619700909 ], [ 771446.243122498155572, 8980557.213857319205999 ], [ 771446.23697010835167, 8980557.143927857279778 ], [ 771446.228367376956157, 8980557.07425738684833 ], [ 771446.217324902303517, 8980557.004931738600135 ], [ 771446.203856288921088, 8980556.936036325991154 ], [ 771446.187978129833937, 8980556.867656024172902 ], [ 771446.169709986890666, 8980556.799875078722835 ], [ 771446.14907436654903, 8980556.732776995748281 ], [ 771446.126096691587009, 8980556.666444439440966 ], [ 771446.100805270601995, 8980556.600959131494164 ], [ 771446.073231262271293, 8980556.536401750519872 ], [ 771446.043408637866378, 8980556.472851827740669 ], [ 771446.011374138528481, 8980556.410387659445405 ], [ 771445.977167230681516, 8980556.349086198955774 ], [ 771445.940830057137646, 8980556.289022970944643 ], [ 771445.902407385176048, 8980556.230271970853209 ], [ 771445.861946551129222, 8980556.172905582934618 ], [ 771445.819497402757406, 8980556.116994481533766 ], [ 771445.77511223719921, 8980556.062607547268271 ], [ 771445.728845736710355, 8980556.009811785072088 ], [ 771445.680754901375622, 8980555.958672240376472 ], [ 771445.630898978910409, 8980555.909251913428307 ], [ 771445.579339391668327, 8980555.861611694097519 ], [ 771445.526139660738409, 8980555.815810274332762 ], [ 771445.471365327946842, 8980555.771904077380896 ], [ 771445.415083875064738, 8980555.72994720004499 ], [ 771445.357364640454762, 8980555.689991330727935 ], [ 771445.298278734087944, 8980555.65208569355309 ], [ 771445.237898949533701, 8980555.616276992484927 ], [ 771445.176299674320035, 8980555.58260933868587 ], [ 771445.113556798547506, 8980555.551124213263392 ], [ 771445.049747621058486, 8980555.521860405802727 ], [ 771444.984950754558668, 8980555.494853969663382 ], [ 771444.919246028410271, 8980555.470138175413013 ], [ 771444.852714390610345, 8980555.447743471711874 ], [ 771444.785437807790004, 8980555.427697449922562 ], [ 771444.71749916439876, 8980555.410024808719754 ], [ 771444.648982160491869, 8980555.394747316837311 ], [ 771444.579971208702773, 8980555.381883800029755 ], [ 771444.510551330284216, 8980555.371450101956725 ], [ 771444.440808050218038, 8980555.363459080457687 ], [ 771444.370827291742899, 8980555.35792057774961 ], [ 771444.300695270998403, 8980555.354841420426965 ], [ 771444.230498390155844, 8980555.354225398972631 ], [ 771444.16032313159667, 8980555.356073273345828 ], [ 771444.090255950810388, 8980555.360382767394185 ], [ 771444.02038317034021, 8980555.367148570716381 ], [ 771443.950790873030201, 8980555.376362349838018 ], [ 771443.881564796436578, 8980555.388012751936913 ], [ 771443.812790226540528, 8980555.402085423469543 ], [ 771443.74455189332366, 8980555.418563026934862 ], [ 771443.676933866343461, 8980555.437425263226032 ], [ 771443.61001945042517, 8980555.458648893982172 ], [ 771443.543891083914787, 8980555.482207771390676 ], [ 771443.478630236699246, 8980555.50807287171483 ], [ 771443.414317309856415, 8980555.536212326958776 ], [ 771443.351031536469236, 8980555.566591473296285 ], [ 771443.288850884418935, 8980555.599172879010439 ], [ 771443.227851959993131, 8980555.633916407823563 ], [ 771443.168109913589433, 8980555.670779254287481 ], [ 771443.109698347165249, 8980555.709716003388166 ], [ 771443.052689223317429, 8980555.75067868642509 ], [ 771442.997152777272277, 8980555.793616836890578 ], [ 771442.943157429457642, 8980555.838477553799748 ], [ 771442.890769702149555, 8980555.885205570608377 ], [ 771442.840054136468098, 8980555.933743318542838 ], [ 771442.791073214029893, 8980555.984030999243259 ], [ 771442.743887278949842, 8980556.036006657406688 ], [ 771442.698554464033805, 8980556.089606260880828 ], [ 771442.655130619299598, 8980556.144763773307204 ], [ 771442.61366924259346, 8980556.201411243528128 ], [ 771442.57422141416464, 8980556.259478880092502 ], [ 771442.536835733568296, 8980556.31889514438808 ], [ 771442.501558259828016, 8980556.379586834460497 ], [ 771442.468432454508729, 8980556.441479181870818 ], [ 771442.437499128514901, 8980556.504495931789279 ], [ 771442.408796391682699, 8980556.568559451028705 ], [ 771442.38235960539896, 8980556.633590811863542 ], [ 771442.358221339876764, 8980556.699509896337986 ], [ 771442.336411333177239, 8980556.766235493123531 ], [ 771442.316956455353647, 8980556.833685394376516 ], [ 771442.299880674458109, 8980556.901776505634189 ], [ 771442.285205028019845, 8980556.970424935221672 ], [ 771442.272947596153244, 8980557.039546109735966 ], [ 771442.263123480137438, 8980557.109054874628782 ], [ 771442.255744783207774, 8980557.178865592926741 ], [ 771442.250820595771074, 8980557.24889225885272 ], [ 771442.248356984462589, 8980557.319048600271344 ], [ 771442.248356984462589, 8980557.389248182997108 ], [ 771442.250820595771074, 8980557.459404524415731 ], [ 771442.255744783207774, 8980557.529431190341711 ], [ 771442.263123480137438, 8980557.599241908639669 ], [ 771442.272947596153244, 8980557.668750673532486 ], [ 771442.285205028019845, 8980557.73787184804678 ], [ 771442.299880674458109, 8980557.806520277634263 ], [ 771442.316956455353647, 8980557.874611388891935 ], [ 771442.336411333177239, 8980557.94206129014492 ], [ 771442.358221339876764, 8980558.008786886930466 ], [ 771442.38235960539896, 8980558.07470597140491 ], [ 771442.408796391682699, 8980558.139737332239747 ], [ 771442.437499128514901, 8980558.203800851479173 ], [ 771442.468432454508729, 8980558.266817601397634 ], [ 771442.501558259828016, 8980558.328709948807955 ], [ 771442.536835733568296, 8980558.389401638880372 ], [ 771442.57422141416464, 8980558.44881790317595 ], [ 771442.61366924259346, 8980558.506885539740324 ], [ 771442.655130619299598, 8980558.563533009961247 ], [ 771442.698554464033805, 8980558.618690522387624 ], [ 771442.743887278949842, 8980558.672290125861764 ], [ 771442.791073214029893, 8980558.724265784025192 ], [ 771442.840054136468098, 8980558.774553464725614 ], [ 771442.890769702149555, 8980558.823091212660074 ], [ 771442.943157429457642, 8980558.869819229468703 ], [ 771442.997152777272277, 8980558.914679946377873 ], [ 771443.052689223317429, 8980558.957618096843362 ], [ 771443.109698347165249, 8980558.998580779880285 ], [ 771443.168109913589433, 8980559.03751752898097 ], [ 771443.227851959993131, 8980559.074380375444889 ], [ 771443.288850884418935, 8980559.109123904258013 ], [ 771443.351031536469236, 8980559.141705309972167 ], [ 771443.414317309856415, 8980559.172084456309676 ], [ 771443.478630236699246, 8980559.200223911553621 ], [ 771443.543891083914787, 8980559.226089011877775 ], [ 771443.61001945042517, 8980559.24964788928628 ], [ 771443.676933866343461, 8980559.270871520042419 ], [ 771443.74455189332366, 8980559.28973375633359 ], [ 771443.812790226540528, 8980559.306211359798908 ], [ 771443.881564796436578, 8980559.320284031331539 ], [ 771443.950790873030201, 8980559.331934433430433 ], [ 771444.02038317034021, 8980559.341148212552071 ], [ 771444.090255950810388, 8980559.347914015874267 ], [ 771444.16032313159667, 8980559.352223509922624 ], [ 771444.230498390155844, 8980559.354071384295821 ], [ 771444.300695270998403, 8980559.353455362841487 ], [ 771444.370827291742899, 8980559.350376205518842 ], [ 771444.440808050218038, 8980559.344837702810764 ], [ 771444.510551330284216, 8980559.336846681311727 ], [ 771444.579971208702773, 8980559.326412983238697 ], [ 771444.648982160491869, 8980559.313549466431141 ], [ 771444.71749916439876, 8980559.298271974548697 ], [ 771444.785437807790004, 8980559.28059933334589 ], [ 771444.852714390610345, 8980559.260553311556578 ], [ 771444.919246028410271, 8980559.238158607855439 ], [ 771444.984950754558668, 8980559.21344281360507 ], [ 771445.049747621058486, 8980559.186436377465725 ], [ 771445.113556798547506, 8980559.157172570005059 ], [ 771445.176299674320035, 8980559.125687444582582 ], [ 771445.237898949533701, 8980559.092019790783525 ], [ 771445.298278734087944, 8980559.056211089715362 ], [ 771445.357364640454762, 8980559.018305452540517 ], [ 771445.415083875064738, 8980558.978349583223462 ], [ 771445.471365327946842, 8980558.936392705887556 ], [ 771445.526139660738409, 8980558.89248650893569 ], [ 771445.579339391668327, 8980558.846685089170933 ], [ 771445.630898978910409, 8980558.799044869840145 ], [ 771445.680754901375622, 8980558.749624542891979 ], [ 771445.728845736710355, 8980558.698484998196363 ], [ 771445.77511223719921, 8980558.64568923600018 ], [ 771445.819497402757406, 8980558.591302301734686 ], [ 771445.861946551129222, 8980558.535391200333834 ], [ 771445.902407385176048, 8980558.478024812415242 ], [ 771445.940830057137646, 8980558.419273812323809 ], [ 771445.977167230681516, 8980558.359210584312677 ], [ 771446.011374138528481, 8980558.297909123823047 ], [ 771446.043408637866378, 8980558.235444955527782 ], [ 771446.073231262271293, 8980558.17189503274858 ], [ 771446.100805270601995, 8980558.107337651774287 ], [ 771446.126096691587009, 8980558.041852343827486 ], [ 771446.14907436654903, 8980557.97551978752017 ], [ 771446.169709986890666, 8980557.908421704545617 ], [ 771446.187978129833937, 8980557.84064075909555 ], [ 771446.203856288921088, 8980557.772260457277298 ], [ 771446.217324902303517, 8980557.703365044668317 ], [ 771446.228367376956157, 8980557.634039396420121 ], [ 771446.23697010835167, 8980557.564368925988674 ], [ 771446.243122498155572, 8980557.494439464062452 ], [ 771446.246816966449842, 8980557.424337163567543 ], [ 771446.248048961861059, 8980557.354148391634226 ] ] ] ] } },
{ "type": "Feature", "properties": { "LAYER": "MBox", "GM_TYPE": "Unknown Area Type", "ELEVATION": null, "path": "D:/TGS GEOJSON/add data baru/Oebaba add/09_oe_ar_mbox.geojson" }, "geometry": { "type": "MultiPolygon", "coordinates": [ [ [ [ 771897.794655978912488, 8980562.769059294834733 ], [ 771897.79342398350127, 8980562.698870522901416 ], [ 771897.789729515207, 8980562.628768222406507 ], [ 771897.783577125403099, 8980562.558838760480285 ], [ 771897.774974394007586, 8980562.489168290048838 ], [ 771897.763931919354945, 8980562.419842641800642 ], [ 771897.750463305972517, 8980562.350947229191661 ], [ 771897.734585146885365, 8980562.282566927373409 ], [ 771897.716317003942095, 8980562.214785981923342 ], [ 771897.695681383600459, 8980562.147687898948789 ], [ 771897.672703708638437, 8980562.081355342641473 ], [ 771897.647412287653424, 8980562.015870034694672 ], [ 771897.619838279322721, 8980561.951312653720379 ], [ 771897.590015654917806, 8980561.887762730941176 ], [ 771897.55798115557991, 8980561.825298562645912 ], [ 771897.523774247732945, 8980561.763997102156281 ], [ 771897.487437074189074, 8980561.70393387414515 ], [ 771897.449014402227476, 8980561.645182874053717 ], [ 771897.40855356818065, 8980561.587816486135125 ], [ 771897.366104419808835, 8980561.531905384734273 ], [ 771897.321719254250638, 8980561.477518450468779 ], [ 771897.275452753761783, 8980561.424722688272595 ], [ 771897.22736191842705, 8980561.37358314357698 ], [ 771897.177505995961837, 8980561.324162816628814 ], [ 771897.125946408719756, 8980561.276522597298026 ], [ 771897.072746677789837, 8980561.230721177533269 ], [ 771897.01797234499827, 8980561.186814980581403 ], [ 771896.961690892116167, 8980561.144858103245497 ], [ 771896.90397165750619, 8980561.104902233928442 ], [ 771896.844885751139373, 8980561.066996596753597 ], [ 771896.784505966585129, 8980561.031187895685434 ], [ 771896.722906691371463, 8980560.997520241886377 ], [ 771896.660163815598935, 8980560.9660351164639 ], [ 771896.596354638109915, 8980560.936771309003234 ], [ 771896.531557771610096, 8980560.909764872863889 ], [ 771896.465853045461699, 8980560.88504907861352 ], [ 771896.399321407661773, 8980560.862654374912381 ], [ 771896.332044824841432, 8980560.842608353123069 ], [ 771896.264106181450188, 8980560.824935711920261 ], [ 771896.195589177543297, 8980560.809658220037818 ], [ 771896.126578225754201, 8980560.796794703230262 ], [ 771896.057158347335644, 8980560.786361005157232 ], [ 771895.987415067269467, 8980560.778369983658195 ], [ 771895.917434308794327, 8980560.772831480950117 ], [ 771895.847302288049832, 8980560.769752323627472 ], [ 771895.777105407207273, 8980560.769136302173138 ], [ 771895.706930148648098, 8980560.770984176546335 ], [ 771895.636862967861816, 8980560.775293670594692 ], [ 771895.566990187391639, 8980560.782059473916888 ], [ 771895.497397890081629, 8980560.791273253038526 ], [ 771895.428171813488007, 8980560.80292365513742 ], [ 771895.359397243591957, 8980560.816996326670051 ], [ 771895.291158910375088, 8980560.833473930135369 ], [ 771895.22354088339489, 8980560.852336166426539 ], [ 771895.156626467476599, 8980560.873559797182679 ], [ 771895.090498100966215, 8980560.897118674591184 ], [ 771895.025237253750674, 8980560.922983774915338 ], [ 771894.960924326907843, 8980560.951123230159283 ], [ 771894.897638553520665, 8980560.981502376496792 ], [ 771894.835457901470363, 8980561.014083782210946 ], [ 771894.77445897704456, 8980561.04882731102407 ], [ 771894.714716930640861, 8980561.085690157487988 ], [ 771894.656305364216678, 8980561.124626906588674 ], [ 771894.599296240368858, 8980561.165589589625597 ], [ 771894.543759794323705, 8980561.208527740091085 ], [ 771894.489764446509071, 8980561.253388457000256 ], [ 771894.437376719200984, 8980561.300116473808885 ], [ 771894.386661153519526, 8980561.348654221743345 ], [ 771894.337680231081322, 8980561.398941902443767 ], [ 771894.29049429600127, 8980561.450917560607195 ], [ 771894.245161481085233, 8980561.504517164081335 ], [ 771894.201737636351027, 8980561.559674676507711 ], [ 771894.160276259644888, 8980561.616322146728635 ], [ 771894.120828431216069, 8980561.674389783293009 ], [ 771894.083442750619724, 8980561.733806047588587 ], [ 771894.048165276879445, 8980561.794497737661004 ], [ 771894.015039471560158, 8980561.856390085071325 ], [ 771893.984106145566329, 8980561.919406834989786 ], [ 771893.955403408734128, 8980561.983470354229212 ], [ 771893.928966622450389, 8980562.048501715064049 ], [ 771893.904828356928192, 8980562.114420799538493 ], [ 771893.883018350228667, 8980562.181146396324039 ], [ 771893.863563472405076, 8980562.248596297577024 ], [ 771893.846487691509537, 8980562.316687408834696 ], [ 771893.831812045071274, 8980562.385335838422179 ], [ 771893.819554613204673, 8980562.454457012936473 ], [ 771893.809730497188866, 8980562.523965777829289 ], [ 771893.802351800259203, 8980562.593776496127248 ], [ 771893.797427612822503, 8980562.663803162053227 ], [ 771893.794964001514018, 8980562.733959503471851 ], [ 771893.794964001514018, 8980562.804159086197615 ], [ 771893.797427612822503, 8980562.874315427616239 ], [ 771893.802351800259203, 8980562.944342093542218 ], [ 771893.809730497188866, 8980563.014152811840177 ], [ 771893.819554613204673, 8980563.083661576732993 ], [ 771893.831812045071274, 8980563.152782751247287 ], [ 771893.846487691509537, 8980563.22143118083477 ], [ 771893.863563472405076, 8980563.289522292092443 ], [ 771893.883018350228667, 8980563.356972193345428 ], [ 771893.904828356928192, 8980563.423697790130973 ], [ 771893.928966622450389, 8980563.489616874605417 ], [ 771893.955403408734128, 8980563.554648235440254 ], [ 771893.984106145566329, 8980563.61871175467968 ], [ 771894.015039471560158, 8980563.681728504598141 ], [ 771894.048165276879445, 8980563.743620852008462 ], [ 771894.083442750619724, 8980563.804312542080879 ], [ 771894.120828431216069, 8980563.863728806376457 ], [ 771894.160276259644888, 8980563.921796442940831 ], [ 771894.201737636351027, 8980563.978443913161755 ], [ 771894.245161481085233, 8980564.033601425588131 ], [ 771894.29049429600127, 8980564.087201029062271 ], [ 771894.337680231081322, 8980564.139176687225699 ], [ 771894.386661153519526, 8980564.189464367926121 ], [ 771894.437376719200984, 8980564.238002115860581 ], [ 771894.489764446509071, 8980564.28473013266921 ], [ 771894.543759794323705, 8980564.329590849578381 ], [ 771894.599296240368858, 8980564.372529 ], [ 771894.656305364216678, 8980564.413491683080792 ], [ 771894.714716930640861, 8980564.452428432181478 ], [ 771894.77445897704456, 8980564.489291278645396 ], [ 771894.835457901470363, 8980564.52403480745852 ], [ 771894.897638553520665, 8980564.556616213172674 ], [ 771894.960924326907843, 8980564.586995359510183 ], [ 771895.025237253750674, 8980564.615134814754128 ], [ 771895.090498100966215, 8980564.640999915078282 ], [ 771895.156626467476599, 8980564.664558792486787 ], [ 771895.22354088339489, 8980564.685782423242927 ], [ 771895.291158910375088, 8980564.704644659534097 ], [ 771895.359397243591957, 8980564.721122262999415 ], [ 771895.428171813488007, 8980564.735194934532046 ], [ 771895.497397890081629, 8980564.74684533663094 ], [ 771895.566990187391639, 8980564.756059115752578 ], [ 771895.636862967861816, 8980564.762824919074774 ], [ 771895.706930148648098, 8980564.767134413123131 ], [ 771895.777105407207273, 8980564.768982287496328 ], [ 771895.847302288049832, 8980564.768366266041994 ], [ 771895.917434308794327, 8980564.765287108719349 ], [ 771895.987415067269467, 8980564.759748606011271 ], [ 771896.057158347335644, 8980564.751757584512234 ], [ 771896.126578225754201, 8980564.741323886439204 ], [ 771896.195589177543297, 8980564.728460369631648 ], [ 771896.264106181450188, 8980564.713182877749205 ], [ 771896.332044824841432, 8980564.695510236546397 ], [ 771896.399321407661773, 8980564.675464214757085 ], [ 771896.465853045461699, 8980564.653069511055946 ], [ 771896.531557771610096, 8980564.628353716805577 ], [ 771896.596354638109915, 8980564.601347280666232 ], [ 771896.660163815598935, 8980564.572083473205566 ], [ 771896.722906691371463, 8980564.540598347783089 ], [ 771896.784505966585129, 8980564.506930693984032 ], [ 771896.844885751139373, 8980564.471121992915869 ], [ 771896.90397165750619, 8980564.433216355741024 ], [ 771896.961690892116167, 8980564.393260486423969 ], [ 771897.01797234499827, 8980564.351303609088063 ], [ 771897.072746677789837, 8980564.307397412136197 ], [ 771897.125946408719756, 8980564.26159599237144 ], [ 771897.177505995961837, 8980564.213955773040652 ], [ 771897.22736191842705, 8980564.164535446092486 ], [ 771897.275452753761783, 8980564.113395901396871 ], [ 771897.321719254250638, 8980564.060600139200687 ], [ 771897.366104419808835, 8980564.006213204935193 ], [ 771897.40855356818065, 8980563.950302103534341 ], [ 771897.449014402227476, 8980563.892935715615749 ], [ 771897.487437074189074, 8980563.834184715524316 ], [ 771897.523774247732945, 8980563.774121487513185 ], [ 771897.55798115557991, 8980563.712820027023554 ], [ 771897.590015654917806, 8980563.65035585872829 ], [ 771897.619838279322721, 8980563.586805935949087 ], [ 771897.647412287653424, 8980563.522248554974794 ], [ 771897.672703708638437, 8980563.456763247027993 ], [ 771897.695681383600459, 8980563.390430690720677 ], [ 771897.716317003942095, 8980563.323332607746124 ], [ 771897.734585146885365, 8980563.255551662296057 ], [ 771897.750463305972517, 8980563.187171360477805 ], [ 771897.763931919354945, 8980563.118275947868824 ], [ 771897.774974394007586, 8980563.048950299620628 ], [ 771897.783577125403099, 8980562.979279829189181 ], [ 771897.789729515207, 8980562.909350367262959 ], [ 771897.79342398350127, 8980562.83924806676805 ], [ 771897.794655978912488, 8980562.769059294834733 ] ] ] ] } },
{ "type": "Feature", "properties": { "LAYER": "MBox", "GM_TYPE": "Unknown Area Type", "ELEVATION": null, "path": "D:/TGS GEOJSON/add data baru/Oebaba add/09_oe_ar_mbox.geojson" }, "geometry": { "type": "MultiPolygon", "coordinates": [ [ [ [ 772455.204654988949187, 8980506.570597996935248 ], [ 772455.20342299353797, 8980506.500409225001931 ], [ 772455.1997285252437, 8980506.430306924507022 ], [ 772455.193576135439798, 8980506.3603774625808 ], [ 772455.184973404044285, 8980506.290706992149353 ], [ 772455.173930929391645, 8980506.221381343901157 ], [ 772455.160462316009216, 8980506.152485931292176 ], [ 772455.144584156922065, 8980506.084105629473925 ], [ 772455.126316013978794, 8980506.016324684023857 ], [ 772455.105680393637158, 8980505.949226601049304 ], [ 772455.082702718675137, 8980505.882894044741988 ], [ 772455.057411297690123, 8980505.817408736795187 ], [ 772455.029837289359421, 8980505.752851355820894 ], [ 772455.000014664954506, 8980505.689301433041692 ], [ 772454.967980165616609, 8980505.626837264746428 ], [ 772454.933773257769644, 8980505.565535804256797 ], [ 772454.897436084225774, 8980505.505472576245666 ], [ 772454.859013412264176, 8980505.446721576154232 ], [ 772454.81855257821735, 8980505.389355188235641 ], [ 772454.776103429845534, 8980505.333444086834788 ], [ 772454.731718264287338, 8980505.279057152569294 ], [ 772454.685451763798483, 8980505.226261390373111 ], [ 772454.63736092846375, 8980505.175121845677495 ], [ 772454.587505005998537, 8980505.125701518729329 ], [ 772454.535945418756455, 8980505.078061299398541 ], [ 772454.482745687826537, 8980505.032259879633784 ], [ 772454.42797135503497, 8980504.988353682681918 ], [ 772454.371689902152866, 8980504.946396805346012 ], [ 772454.31397066754289, 8980504.906440936028957 ], [ 772454.254884761176072, 8980504.868535298854113 ], [ 772454.194504976621829, 8980504.83272659778595 ], [ 772454.132905701408163, 8980504.799058943986893 ], [ 772454.070162825635634, 8980504.767573818564415 ], [ 772454.006353648146614, 8980504.738310011103749 ], [ 772453.941556781646796, 8980504.711303574964404 ], [ 772453.875852055498399, 8980504.686587780714035 ], [ 772453.809320417698473, 8980504.664193077012897 ], [ 772453.742043834878132, 8980504.644147055223584 ], [ 772453.674105191486888, 8980504.626474414020777 ], [ 772453.605588187579997, 8980504.611196922138333 ], [ 772453.536577235790901, 8980504.598333405330777 ], [ 772453.467157357372344, 8980504.587899707257748 ], [ 772453.397414077306166, 8980504.57990868575871 ], [ 772453.327433318831027, 8980504.574370183050632 ], [ 772453.257301298086531, 8980504.571291025727987 ], [ 772453.187104417243972, 8980504.570675004273653 ], [ 772453.116929158684798, 8980504.572522878646851 ], [ 772453.046861977898516, 8980504.576832372695208 ], [ 772452.976989197428338, 8980504.583598176017404 ], [ 772452.907396900118329, 8980504.592811955139041 ], [ 772452.838170823524706, 8980504.604462357237935 ], [ 772452.769396253628656, 8980504.618535028770566 ], [ 772452.701157920411788, 8980504.635012632235885 ], [ 772452.633539893431589, 8980504.653874868527055 ], [ 772452.566625477513298, 8980504.675098499283195 ], [ 772452.500497111002915, 8980504.698657376691699 ], [ 772452.435236263787374, 8980504.724522477015853 ], [ 772452.370923336944543, 8980504.752661932259798 ], [ 772452.307637563557364, 8980504.783041078597307 ], [ 772452.245456911507063, 8980504.815622484311461 ], [ 772452.184457987081259, 8980504.850366013124585 ], [ 772452.124715940677561, 8980504.887228859588504 ], [ 772452.066304374253377, 8980504.926165608689189 ], [ 772452.009295250405557, 8980504.967128291726112 ], [ 772451.953758804360405, 8980505.010066442191601 ], [ 772451.89976345654577, 8980505.054927159100771 ], [ 772451.847375729237683, 8980505.1016551759094 ], [ 772451.796660163556226, 8980505.150192923843861 ], [ 772451.747679241118021, 8980505.200480604544282 ], [ 772451.70049330603797, 8980505.25245626270771 ], [ 772451.655160491121933, 8980505.30605586618185 ], [ 772451.611736646387726, 8980505.361213378608227 ], [ 772451.570275269681588, 8980505.41786084882915 ], [ 772451.530827441252768, 8980505.475928485393524 ], [ 772451.493441760656424, 8980505.535344749689102 ], [ 772451.458164286916144, 8980505.596036439761519 ], [ 772451.425038481596857, 8980505.657928787171841 ], [ 772451.394105155603029, 8980505.720945537090302 ], [ 772451.365402418770827, 8980505.785009056329727 ], [ 772451.338965632487088, 8980505.850040417164564 ], [ 772451.314827366964892, 8980505.915959501639009 ], [ 772451.293017360265367, 8980505.982685098424554 ], [ 772451.273562482441776, 8980506.050134999677539 ], [ 772451.256486701546237, 8980506.118226110935211 ], [ 772451.241811055107974, 8980506.186874540522695 ], [ 772451.229553623241372, 8980506.255995715036988 ], [ 772451.219729507225566, 8980506.325504479929805 ], [ 772451.212350810295902, 8980506.395315198227763 ], [ 772451.207426622859202, 8980506.465341864153743 ], [ 772451.204963011550717, 8980506.535498205572367 ], [ 772451.204963011550717, 8980506.60569778829813 ], [ 772451.207426622859202, 8980506.675854129716754 ], [ 772451.212350810295902, 8980506.745880795642734 ], [ 772451.219729507225566, 8980506.815691513940692 ], [ 772451.229553623241372, 8980506.885200278833508 ], [ 772451.241811055107974, 8980506.954321453347802 ], [ 772451.256486701546237, 8980507.022969882935286 ], [ 772451.273562482441776, 8980507.091060994192958 ], [ 772451.293017360265367, 8980507.158510895445943 ], [ 772451.314827366964892, 8980507.225236492231488 ], [ 772451.338965632487088, 8980507.291155576705933 ], [ 772451.365402418770827, 8980507.35618693754077 ], [ 772451.394105155603029, 8980507.420250456780195 ], [ 772451.425038481596857, 8980507.483267206698656 ], [ 772451.458164286916144, 8980507.545159554108977 ], [ 772451.493441760656424, 8980507.605851244181395 ], [ 772451.530827441252768, 8980507.665267508476973 ], [ 772451.570275269681588, 8980507.723335145041347 ], [ 772451.611736646387726, 8980507.77998261526227 ], [ 772451.655160491121933, 8980507.835140127688646 ], [ 772451.70049330603797, 8980507.888739731162786 ], [ 772451.747679241118021, 8980507.940715389326215 ], [ 772451.796660163556226, 8980507.991003070026636 ], [ 772451.847375729237683, 8980508.039540817961097 ], [ 772451.89976345654577, 8980508.086268834769726 ], [ 772451.953758804360405, 8980508.131129551678896 ], [ 772452.009295250405557, 8980508.174067702144384 ], [ 772452.066304374253377, 8980508.215030385181308 ], [ 772452.124715940677561, 8980508.253967134281993 ], [ 772452.184457987081259, 8980508.290829980745912 ], [ 772452.245456911507063, 8980508.325573509559035 ], [ 772452.307637563557364, 8980508.35815491527319 ], [ 772452.370923336944543, 8980508.388534061610699 ], [ 772452.435236263787374, 8980508.416673516854644 ], [ 772452.500497111002915, 8980508.442538617178798 ], [ 772452.566625477513298, 8980508.466097494587302 ], [ 772452.633539893431589, 8980508.487321125343442 ], [ 772452.701157920411788, 8980508.506183361634612 ], [ 772452.769396253628656, 8980508.522660965099931 ], [ 772452.838170823524706, 8980508.536733636632562 ], [ 772452.907396900118329, 8980508.548384038731456 ], [ 772452.976989197428338, 8980508.557597817853093 ], [ 772453.046861977898516, 8980508.564363621175289 ], [ 772453.116929158684798, 8980508.568673115223646 ], [ 772453.187104417243972, 8980508.570520989596844 ], [ 772453.257301298086531, 8980508.569904968142509 ], [ 772453.327433318831027, 8980508.566825810819864 ], [ 772453.397414077306166, 8980508.561287308111787 ], [ 772453.467157357372344, 8980508.553296286612749 ], [ 772453.536577235790901, 8980508.54286258853972 ], [ 772453.605588187579997, 8980508.529999071732163 ], [ 772453.674105191486888, 8980508.51472157984972 ], [ 772453.742043834878132, 8980508.497048938646913 ], [ 772453.809320417698473, 8980508.4770029168576 ], [ 772453.875852055498399, 8980508.454608213156462 ], [ 772453.941556781646796, 8980508.429892418906093 ], [ 772454.006353648146614, 8980508.402885982766747 ], [ 772454.070162825635634, 8980508.373622175306082 ], [ 772454.132905701408163, 8980508.342137049883604 ], [ 772454.194504976621829, 8980508.308469396084547 ], [ 772454.254884761176072, 8980508.272660695016384 ], [ 772454.31397066754289, 8980508.234755057841539 ], [ 772454.371689902152866, 8980508.194799188524485 ], [ 772454.42797135503497, 8980508.152842311188579 ], [ 772454.482745687826537, 8980508.108936114236712 ], [ 772454.535945418756455, 8980508.063134694471955 ], [ 772454.587505005998537, 8980508.015494475141168 ], [ 772454.63736092846375, 8980507.966074148193002 ], [ 772454.685451763798483, 8980507.914934603497386 ], [ 772454.731718264287338, 8980507.862138841301203 ], [ 772454.776103429845534, 8980507.807751907035708 ], [ 772454.81855257821735, 8980507.751840805634856 ], [ 772454.859013412264176, 8980507.694474417716265 ], [ 772454.897436084225774, 8980507.635723417624831 ], [ 772454.933773257769644, 8980507.5756601896137 ], [ 772454.967980165616609, 8980507.514358729124069 ], [ 772455.000014664954506, 8980507.451894560828805 ], [ 772455.029837289359421, 8980507.388344638049603 ], [ 772455.057411297690123, 8980507.32378725707531 ], [ 772455.082702718675137, 8980507.258301949128509 ], [ 772455.105680393637158, 8980507.191969392821193 ], [ 772455.126316013978794, 8980507.12487130984664 ], [ 772455.144584156922065, 8980507.057090364396572 ], [ 772455.160462316009216, 8980506.988710062578321 ], [ 772455.173930929391645, 8980506.919814649969339 ], [ 772455.184973404044285, 8980506.850489001721144 ], [ 772455.193576135439798, 8980506.780818531289697 ], [ 772455.1997285252437, 8980506.710889069363475 ], [ 772455.20342299353797, 8980506.640786768868566 ], [ 772455.204654988949187, 8980506.570597996935248 ] ] ] ] } },
{ "type": "Feature", "properties": { "LAYER": "MBox", "GM_TYPE": "Unknown Area Type", "ELEVATION": null, "path": "D:/TGS GEOJSON/add data baru/Oebaba add/09_oe_ar_mbox.geojson" }, "geometry": { "type": "MultiPolygon", "coordinates": [ [ [ [ 771114.027913985657506, 8981594.666839329525828 ], [ 771114.026681990246288, 8981594.596650557592511 ], [ 771114.022987521952018, 8981594.526548257097602 ], [ 771114.016835132148117, 8981594.45661879517138 ], [ 771114.008232400752604, 8981594.386948324739933 ], [ 771113.997189926099963, 8981594.317622676491737 ], [ 771113.983721312717535, 8981594.248727263882756 ], [ 771113.967843153630383, 8981594.180346962064505 ], [ 771113.949575010687113, 8981594.112566016614437 ], [ 771113.928939390345477, 8981594.045467933639884 ], [ 771113.905961715383455, 8981593.979135377332568 ], [ 771113.880670294398442, 8981593.913650069385767 ], [ 771113.853096286067739, 8981593.849092688411474 ], [ 771113.823273661662824, 8981593.785542765632272 ], [ 771113.791239162324928, 8981593.723078597337008 ], [ 771113.757032254477963, 8981593.661777136847377 ], [ 771113.720695080934092, 8981593.601713908836246 ], [ 771113.682272408972494, 8981593.542962908744812 ], [ 771113.641811574925669, 8981593.485596520826221 ], [ 771113.599362426553853, 8981593.429685419425368 ], [ 771113.554977260995656, 8981593.375298485159874 ], [ 771113.508710760506801, 8981593.322502722963691 ], [ 771113.460619925172068, 8981593.271363178268075 ], [ 771113.410764002706856, 8981593.221942851319909 ], [ 771113.359204415464774, 8981593.174302631989121 ], [ 771113.306004684534855, 8981593.128501212224364 ], [ 771113.251230351743288, 8981593.084595015272498 ], [ 771113.194948898861185, 8981593.042638137936592 ], [ 771113.137229664251208, 8981593.002682268619537 ], [ 771113.078143757884391, 8981592.964776631444693 ], [ 771113.017763973330148, 8981592.92896793037653 ], [ 771112.956164698116481, 8981592.895300276577473 ], [ 771112.893421822343953, 8981592.863815151154995 ], [ 771112.829612644854933, 8981592.834551343694329 ], [ 771112.764815778355114, 8981592.807544907554984 ], [ 771112.699111052206717, 8981592.782829113304615 ], [ 771112.632579414406791, 8981592.760434409603477 ], [ 771112.56530283158645, 8981592.740388387814164 ], [ 771112.497364188195206, 8981592.722715746611357 ], [ 771112.428847184288315, 8981592.707438254728913 ], [ 771112.359836232499219, 8981592.694574737921357 ], [ 771112.290416354080662, 8981592.684141039848328 ], [ 771112.220673074014485, 8981592.67615001834929 ], [ 771112.150692315539345, 8981592.670611515641212 ], [ 771112.08056029479485, 8981592.667532358318567 ], [ 771112.010363413952291, 8981592.666916336864233 ], [ 771111.940188155393116, 8981592.668764211237431 ], [ 771111.870120974606834, 8981592.673073705285788 ], [ 771111.800248194136657, 8981592.679839508607984 ], [ 771111.730655896826647, 8981592.689053287729621 ], [ 771111.661429820233025, 8981592.700703689828515 ], [ 771111.592655250336975, 8981592.714776361361146 ], [ 771111.524416917120107, 8981592.731253964826465 ], [ 771111.456798890139908, 8981592.750116201117635 ], [ 771111.389884474221617, 8981592.771339831873775 ], [ 771111.323756107711233, 8981592.794898709282279 ], [ 771111.258495260495692, 8981592.820763809606433 ], [ 771111.194182333652861, 8981592.848903264850378 ], [ 771111.130896560265683, 8981592.879282411187887 ], [ 771111.068715908215381, 8981592.911863816902041 ], [ 771111.007716983789578, 8981592.946607345715165 ], [ 771110.947974937385879, 8981592.983470192179084 ], [ 771110.889563370961696, 8981593.022406941279769 ], [ 771110.832554247113876, 8981593.063369624316692 ], [ 771110.777017801068723, 8981593.106307774782181 ], [ 771110.723022453254089, 8981593.151168491691351 ], [ 771110.670634725946002, 8981593.19789650849998 ], [ 771110.619919160264544, 8981593.246434256434441 ], [ 771110.57093823782634, 8981593.296721937134862 ], [ 771110.523752302746288, 8981593.34869759529829 ], [ 771110.478419487830251, 8981593.40229719877243 ], [ 771110.434995643096045, 8981593.457454711198807 ], [ 771110.393534266389906, 8981593.51410218141973 ], [ 771110.354086437961087, 8981593.572169817984104 ], [ 771110.316700757364742, 8981593.631586082279682 ], [ 771110.281423283624463, 8981593.692277772352099 ], [ 771110.248297478305176, 8981593.754170119762421 ], [ 771110.217364152311347, 8981593.817186869680882 ], [ 771110.188661415479146, 8981593.881250388920307 ], [ 771110.162224629195407, 8981593.946281749755144 ], [ 771110.13808636367321, 8981594.012200834229589 ], [ 771110.116276356973685, 8981594.078926431015134 ], [ 771110.096821479150094, 8981594.146376332268119 ], [ 771110.079745698254555, 8981594.214467443525791 ], [ 771110.065070051816292, 8981594.283115873113275 ], [ 771110.052812619949691, 8981594.352237047627568 ], [ 771110.042988503933884, 8981594.421745812520385 ], [ 771110.035609807004221, 8981594.491556530818343 ], [ 771110.030685619567521, 8981594.561583196744323 ], [ 771110.028222008259036, 8981594.631739538162947 ], [ 771110.028222008259036, 8981594.70193912088871 ], [ 771110.030685619567521, 8981594.772095462307334 ], [ 771110.035609807004221, 8981594.842122128233314 ], [ 771110.042988503933884, 8981594.911932846531272 ], [ 771110.052812619949691, 8981594.981441611424088 ], [ 771110.065070051816292, 8981595.050562785938382 ], [ 771110.079745698254555, 8981595.119211215525866 ], [ 771110.096821479150094, 8981595.187302326783538 ], [ 771110.116276356973685, 8981595.254752228036523 ], [ 771110.13808636367321, 8981595.321477824822068 ], [ 771110.162224629195407, 8981595.387396909296513 ], [ 771110.188661415479146, 8981595.45242827013135 ], [ 771110.217364152311347, 8981595.516491789370775 ], [ 771110.248297478305176, 8981595.579508539289236 ], [ 771110.281423283624463, 8981595.641400886699557 ], [ 771110.316700757364742, 8981595.702092576771975 ], [ 771110.354086437961087, 8981595.761508841067553 ], [ 771110.393534266389906, 8981595.819576477631927 ], [ 771110.434995643096045, 8981595.87622394785285 ], [ 771110.478419487830251, 8981595.931381460279226 ], [ 771110.523752302746288, 8981595.984981063753366 ], [ 771110.57093823782634, 8981596.036956721916795 ], [ 771110.619919160264544, 8981596.087244402617216 ], [ 771110.670634725946002, 8981596.135782150551677 ], [ 771110.723022453254089, 8981596.182510167360306 ], [ 771110.777017801068723, 8981596.227370884269476 ], [ 771110.832554247113876, 8981596.270309034734964 ], [ 771110.889563370961696, 8981596.311271717771888 ], [ 771110.947974937385879, 8981596.350208466872573 ], [ 771111.007716983789578, 8981596.387071313336492 ], [ 771111.068715908215381, 8981596.421814842149615 ], [ 771111.130896560265683, 8981596.45439624786377 ], [ 771111.194182333652861, 8981596.484775394201279 ], [ 771111.258495260495692, 8981596.512914849445224 ], [ 771111.323756107711233, 8981596.538779949769378 ], [ 771111.389884474221617, 8981596.562338827177882 ], [ 771111.456798890139908, 8981596.583562457934022 ], [ 771111.524416917120107, 8981596.602424694225192 ], [ 771111.592655250336975, 8981596.618902297690511 ], [ 771111.661429820233025, 8981596.632974969223142 ], [ 771111.730655896826647, 8981596.644625371322036 ], [ 771111.800248194136657, 8981596.653839150443673 ], [ 771111.870120974606834, 8981596.660604953765869 ], [ 771111.940188155393116, 8981596.664914447814226 ], [ 771112.010363413952291, 8981596.666762322187424 ], [ 771112.08056029479485, 8981596.666146300733089 ], [ 771112.150692315539345, 8981596.663067143410444 ], [ 771112.220673074014485, 8981596.657528640702367 ], [ 771112.290416354080662, 8981596.649537619203329 ], [ 771112.359836232499219, 8981596.6391039211303 ], [ 771112.428847184288315, 8981596.626240404322743 ], [ 771112.497364188195206, 8981596.6109629124403 ], [ 771112.56530283158645, 8981596.593290271237493 ], [ 771112.632579414406791, 8981596.57324424944818 ], [ 771112.699111052206717, 8981596.550849545747042 ], [ 771112.764815778355114, 8981596.526133751496673 ], [ 771112.829612644854933, 8981596.499127315357327 ], [ 771112.893421822343953, 8981596.469863507896662 ], [ 771112.956164698116481, 8981596.438378382474184 ], [ 771113.017763973330148, 8981596.404710728675127 ], [ 771113.078143757884391, 8981596.368902027606964 ], [ 771113.137229664251208, 8981596.330996390432119 ], [ 771113.194948898861185, 8981596.291040521115065 ], [ 771113.251230351743288, 8981596.249083643779159 ], [ 771113.306004684534855, 8981596.205177446827292 ], [ 771113.359204415464774, 8981596.159376027062535 ], [ 771113.410764002706856, 8981596.111735807731748 ], [ 771113.460619925172068, 8981596.062315480783582 ], [ 771113.508710760506801, 8981596.011175936087966 ], [ 771113.554977260995656, 8981595.958380173891783 ], [ 771113.599362426553853, 8981595.903993239626288 ], [ 771113.641811574925669, 8981595.848082138225436 ], [ 771113.682272408972494, 8981595.790715750306845 ], [ 771113.720695080934092, 8981595.731964750215411 ], [ 771113.757032254477963, 8981595.67190152220428 ], [ 771113.791239162324928, 8981595.610600061714649 ], [ 771113.823273661662824, 8981595.548135893419385 ], [ 771113.853096286067739, 8981595.484585970640182 ], [ 771113.880670294398442, 8981595.42002858966589 ], [ 771113.905961715383455, 8981595.354543281719089 ], [ 771113.928939390345477, 8981595.288210725411773 ], [ 771113.949575010687113, 8981595.22111264243722 ], [ 771113.967843153630383, 8981595.153331696987152 ], [ 771113.983721312717535, 8981595.0849513951689 ], [ 771113.997189926099963, 8981595.016055982559919 ], [ 771114.008232400752604, 8981594.946730334311724 ], [ 771114.016835132148117, 8981594.877059863880277 ], [ 771114.022987521952018, 8981594.807130401954055 ], [ 771114.026681990246288, 8981594.737028101459146 ], [ 771114.027913985657506, 8981594.666839329525828 ] ] ] ] } },
{ "type": "Feature", "properties": { "LAYER": "MBox", "GM_TYPE": "Unknown Area Type", "ELEVATION": 24, "path": "D:/TGS GEOJSON/add data baru/Oebaba add/09_oe_ar_mbox.geojson" }, "geometry": { "type": "MultiPolygon", "coordinates": [ [ [ [ 771109.874014751054347, 8981432.14074301533401 ], [ 771109.872782755643129, 8981432.070554243400693 ], [ 771109.869088287348859, 8981432.000451942905784 ], [ 771109.862935897544958, 8981431.930522480979562 ], [ 771109.854333166149445, 8981431.860852010548115 ], [ 771109.843290691496804, 8981431.791526362299919 ], [ 771109.829822078114375, 8981431.722630949690938 ], [ 771109.813943919027224, 8981431.654250647872686 ], [ 771109.795675776083954, 8981431.586469702422619 ], [ 771109.775040155742317, 8981431.519371619448066 ], [ 771109.752062480780296, 8981431.45303906314075 ], [ 771109.726771059795283, 8981431.387553755193949 ], [ 771109.69919705146458, 8981431.322996374219656 ], [ 771109.669374427059665, 8981431.259446451440454 ], [ 771109.637339927721769, 8981431.196982283145189 ], [ 771109.603133019874804, 8981431.135680822655559 ], [ 771109.566795846330933, 8981431.075617594644427 ], [ 771109.528373174369335, 8981431.016866594552994 ], [ 771109.487912340322509, 8981430.959500206634402 ], [ 771109.445463191950694, 8981430.90358910523355 ], [ 771109.401078026392497, 8981430.849202170968056 ], [ 771109.354811525903642, 8981430.796406408771873 ], [ 771109.306720690568909, 8981430.745266864076257 ], [ 771109.256864768103696, 8981430.695846537128091 ], [ 771109.205305180861615, 8981430.648206317797303 ], [ 771109.152105449931696, 8981430.602404898032546 ], [ 771109.097331117140129, 8981430.55849870108068 ], [ 771109.041049664258026, 8981430.516541823744774 ], [ 771108.983330429648049, 8981430.476585954427719 ], [ 771108.924244523281232, 8981430.438680317252874 ], [ 771108.863864738726988, 8981430.402871616184711 ], [ 771108.802265463513322, 8981430.369203962385654 ], [ 771108.739522587740794, 8981430.337718836963177 ], [ 771108.675713410251774, 8981430.308455029502511 ], [ 771108.610916543751955, 8981430.281448593363166 ], [ 771108.545211817603558, 8981430.256732799112797 ], [ 771108.478680179803632, 8981430.234338095411658 ], [ 771108.411403596983291, 8981430.214292073622346 ], [ 771108.343464953592047, 8981430.196619432419538 ], [ 771108.274947949685156, 8981430.181341940537095 ], [ 771108.20593699789606, 8981430.168478423729539 ], [ 771108.136517119477503, 8981430.158044725656509 ], [ 771108.066773839411326, 8981430.150053704157472 ], [ 771107.996793080936186, 8981430.144515201449394 ], [ 771107.926661060191691, 8981430.141436044126749 ], [ 771107.856464179349132, 8981430.140820022672415 ], [ 771107.786288920789957, 8981430.142667897045612 ], [ 771107.716221740003675, 8981430.146977391093969 ], [ 771107.646348959533498, 8981430.153743194416165 ], [ 771107.576756662223488, 8981430.162956973537803 ], [ 771107.507530585629866, 8981430.174607375636697 ], [ 771107.438756015733816, 8981430.188680047169328 ], [ 771107.370517682516947, 8981430.205157650634646 ], [ 771107.302899655536748, 8981430.224019886925817 ], [ 771107.235985239618458, 8981430.245243517681956 ], [ 771107.169856873108074, 8981430.268802395090461 ], [ 771107.104596025892533, 8981430.294667495414615 ], [ 771107.040283099049702, 8981430.32280695065856 ], [ 771106.976997325662524, 8981430.353186096996069 ], [ 771106.914816673612222, 8981430.385767502710223 ], [ 771106.853817749186419, 8981430.420511031523347 ], [ 771106.79407570278272, 8981430.457373877987266 ], [ 771106.735664136358537, 8981430.496310627087951 ], [ 771106.678655012510717, 8981430.537273310124874 ], [ 771106.623118566465564, 8981430.580211460590363 ], [ 771106.56912321865093, 8981430.625072177499533 ], [ 771106.516735491342843, 8981430.671800194308162 ], [ 771106.466019925661385, 8981430.720337942242622 ], [ 771106.417039003223181, 8981430.770625622943044 ], [ 771106.369853068143129, 8981430.822601281106472 ], [ 771106.324520253227092, 8981430.876200884580612 ], [ 771106.281096408492886, 8981430.931358397006989 ], [ 771106.239635031786747, 8981430.988005867227912 ], [ 771106.200187203357928, 8981431.046073503792286 ], [ 771106.162801522761583, 8981431.105489768087864 ], [ 771106.127524049021304, 8981431.166181458160281 ], [ 771106.094398243702017, 8981431.228073805570602 ], [ 771106.063464917708188, 8981431.291090555489063 ], [ 771106.034762180875987, 8981431.355154074728489 ], [ 771106.008325394592248, 8981431.420185435563326 ], [ 771105.984187129070051, 8981431.48610452003777 ], [ 771105.962377122370526, 8981431.552830116823316 ], [ 771105.942922244546935, 8981431.620280018076301 ], [ 771105.925846463651396, 8981431.688371129333973 ], [ 771105.911170817213133, 8981431.757019558921456 ], [ 771105.898913385346532, 8981431.82614073343575 ], [ 771105.889089269330725, 8981431.895649498328567 ], [ 771105.881710572401062, 8981431.965460216626525 ], [ 771105.876786384964362, 8981432.035486882552505 ], [ 771105.874322773655877, 8981432.105643223971128 ], [ 771105.874322773655877, 8981432.175842806696892 ], [ 771105.876786384964362, 8981432.245999148115516 ], [ 771105.881710572401062, 8981432.316025814041495 ], [ 771105.889089269330725, 8981432.385836532339454 ], [ 771105.898913385346532, 8981432.45534529723227 ], [ 771105.911170817213133, 8981432.524466471746564 ], [ 771105.925846463651396, 8981432.593114901334047 ], [ 771105.942922244546935, 8981432.66120601259172 ], [ 771105.962377122370526, 8981432.728655913844705 ], [ 771105.984187129070051, 8981432.79538151063025 ], [ 771106.008325394592248, 8981432.861300595104694 ], [ 771106.034762180875987, 8981432.926331955939531 ], [ 771106.063464917708188, 8981432.990395475178957 ], [ 771106.094398243702017, 8981433.053412225097418 ], [ 771106.127524049021304, 8981433.115304572507739 ], [ 771106.162801522761583, 8981433.175996262580156 ], [ 771106.200187203357928, 8981433.235412526875734 ], [ 771106.239635031786747, 8981433.293480163440108 ], [ 771106.281096408492886, 8981433.350127633661032 ], [ 771106.324520253227092, 8981433.405285146087408 ], [ 771106.369853068143129, 8981433.458884749561548 ], [ 771106.417039003223181, 8981433.510860407724977 ], [ 771106.466019925661385, 8981433.561148088425398 ], [ 771106.516735491342843, 8981433.609685836359859 ], [ 771106.56912321865093, 8981433.656413853168488 ], [ 771106.623118566465564, 8981433.701274570077658 ], [ 771106.678655012510717, 8981433.744212720543146 ], [ 771106.735664136358537, 8981433.78517540358007 ], [ 771106.79407570278272, 8981433.824112152680755 ], [ 771106.853817749186419, 8981433.860974999144673 ], [ 771106.914816673612222, 8981433.895718527957797 ], [ 771106.976997325662524, 8981433.928299933671951 ], [ 771107.040283099049702, 8981433.95867908000946 ], [ 771107.104596025892533, 8981433.986818535253406 ], [ 771107.169856873108074, 8981434.012683635577559 ], [ 771107.235985239618458, 8981434.036242512986064 ], [ 771107.302899655536748, 8981434.057466143742204 ], [ 771107.370517682516947, 8981434.076328380033374 ], [ 771107.438756015733816, 8981434.092805983498693 ], [ 771107.507530585629866, 8981434.106878655031323 ], [ 771107.576756662223488, 8981434.118529057130218 ], [ 771107.646348959533498, 8981434.127742836251855 ], [ 771107.716221740003675, 8981434.134508639574051 ], [ 771107.786288920789957, 8981434.138818133622408 ], [ 771107.856464179349132, 8981434.140666007995605 ], [ 771107.926661060191691, 8981434.140049986541271 ], [ 771107.996793080936186, 8981434.136970829218626 ], [ 771108.066773839411326, 8981434.131432326510549 ], [ 771108.136517119477503, 8981434.123441305011511 ], [ 771108.20593699789606, 8981434.113007606938481 ], [ 771108.274947949685156, 8981434.100144090130925 ], [ 771108.343464953592047, 8981434.084866598248482 ], [ 771108.411403596983291, 8981434.067193957045674 ], [ 771108.478680179803632, 8981434.047147935256362 ], [ 771108.545211817603558, 8981434.024753231555223 ], [ 771108.610916543751955, 8981434.000037437304854 ], [ 771108.675713410251774, 8981433.973031001165509 ], [ 771108.739522587740794, 8981433.943767193704844 ], [ 771108.802265463513322, 8981433.912282068282366 ], [ 771108.863864738726988, 8981433.878614414483309 ], [ 771108.924244523281232, 8981433.842805713415146 ], [ 771108.983330429648049, 8981433.804900076240301 ], [ 771109.041049664258026, 8981433.764944206923246 ], [ 771109.097331117140129, 8981433.72298732958734 ], [ 771109.152105449931696, 8981433.679081132635474 ], [ 771109.205305180861615, 8981433.633279712870717 ], [ 771109.256864768103696, 8981433.585639493539929 ], [ 771109.306720690568909, 8981433.536219166591763 ], [ 771109.354811525903642, 8981433.485079621896148 ], [ 771109.401078026392497, 8981433.432283859699965 ], [ 771109.445463191950694, 8981433.37789692543447 ], [ 771109.487912340322509, 8981433.321985824033618 ], [ 771109.528373174369335, 8981433.264619436115026 ], [ 771109.566795846330933, 8981433.205868436023593 ], [ 771109.603133019874804, 8981433.145805208012462 ], [ 771109.637339927721769, 8981433.084503747522831 ], [ 771109.669374427059665, 8981433.022039579227567 ], [ 771109.69919705146458, 8981432.958489656448364 ], [ 771109.726771059795283, 8981432.893932275474072 ], [ 771109.752062480780296, 8981432.82844696752727 ], [ 771109.775040155742317, 8981432.762114411219954 ], [ 771109.795675776083954, 8981432.695016328245401 ], [ 771109.813943919027224, 8981432.627235382795334 ], [ 771109.829822078114375, 8981432.558855080977082 ], [ 771109.843290691496804, 8981432.489959668368101 ], [ 771109.854333166149445, 8981432.420634020119905 ], [ 771109.862935897544958, 8981432.350963549688458 ], [ 771109.869088287348859, 8981432.281034087762237 ], [ 771109.872782755643129, 8981432.210931787267327 ], [ 771109.874014751054347, 8981432.14074301533401 ] ] ] ] } },
{ "type": "Feature", "properties": { "LAYER": "MBox", "GM_TYPE": "Unknown Area Type", "ELEVATION": 24, "path": "D:/TGS GEOJSON/add data baru/Oebaba add/09_oe_ar_mbox.geojson" }, "geometry": { "type": "MultiPolygon", "coordinates": [ [ [ [ 771111.683112324681133, 8981189.812331793829799 ], [ 771111.681880329269916, 8981189.742143021896482 ], [ 771111.678185860975645, 8981189.672040721401572 ], [ 771111.672033471171744, 8981189.60211125947535 ], [ 771111.663430739776231, 8981189.532440789043903 ], [ 771111.652388265123591, 8981189.463115140795708 ], [ 771111.638919651741162, 8981189.394219728186727 ], [ 771111.623041492654011, 8981189.325839426368475 ], [ 771111.60477334971074, 8981189.258058480918407 ], [ 771111.584137729369104, 8981189.190960397943854 ], [ 771111.561160054407082, 8981189.124627841636539 ], [ 771111.535868633422069, 8981189.059142533689737 ], [ 771111.508294625091366, 8981188.994585152715445 ], [ 771111.478472000686452, 8981188.931035229936242 ], [ 771111.446437501348555, 8981188.868571061640978 ], [ 771111.41223059350159, 8981188.807269601151347 ], [ 771111.37589341995772, 8981188.747206373140216 ], [ 771111.337470747996122, 8981188.688455373048782 ], [ 771111.297009913949296, 8981188.631088985130191 ], [ 771111.25456076557748, 8981188.575177883729339 ], [ 771111.210175600019284, 8981188.520790949463844 ], [ 771111.163909099530429, 8981188.467995187267661 ], [ 771111.115818264195696, 8981188.416855642572045 ], [ 771111.065962341730483, 8981188.367435315623879 ], [ 771111.014402754488401, 8981188.319795096293092 ], [ 771110.961203023558483, 8981188.273993676528335 ], [ 771110.906428690766916, 8981188.230087479576468 ], [ 771110.850147237884812, 8981188.188130602240562 ], [ 771110.792428003274836, 8981188.148174732923508 ], [ 771110.733342096908018, 8981188.110269095748663 ], [ 771110.672962312353775, 8981188.0744603946805 ], [ 771110.611363037140109, 8981188.040792740881443 ], [ 771110.54862016136758, 8981188.009307615458965 ], [ 771110.48481098387856, 8981187.9800438079983 ], [ 771110.420014117378742, 8981187.953037371858954 ], [ 771110.354309391230345, 8981187.928321577608585 ], [ 771110.287777753430419, 8981187.905926873907447 ], [ 771110.220501170610078, 8981187.885880852118134 ], [ 771110.152562527218834, 8981187.868208210915327 ], [ 771110.084045523311943, 8981187.852930719032884 ], [ 771110.015034571522847, 8981187.840067202225327 ], [ 771109.945614693104289, 8981187.829633504152298 ], [ 771109.875871413038112, 8981187.82164248265326 ], [ 771109.805890654562972, 8981187.816103979945183 ], [ 771109.735758633818477, 8981187.813024822622538 ], [ 771109.665561752975918, 8981187.812408801168203 ], [ 771109.595386494416744, 8981187.814256675541401 ], [ 771109.525319313630462, 8981187.818566169589758 ], [ 771109.455446533160284, 8981187.825331972911954 ], [ 771109.385854235850275, 8981187.834545752033591 ], [ 771109.316628159256652, 8981187.846196154132485 ], [ 771109.247853589360602, 8981187.860268825665116 ], [ 771109.179615256143734, 8981187.876746429130435 ], [ 771109.111997229163535, 8981187.895608665421605 ], [ 771109.045082813245244, 8981187.916832296177745 ], [ 771108.978954446734861, 8981187.940391173586249 ], [ 771108.91369359951932, 8981187.966256273910403 ], [ 771108.849380672676489, 8981187.994395729154348 ], [ 771108.78609489928931, 8981188.024774875491858 ], [ 771108.723914247239009, 8981188.057356281206012 ], [ 771108.662915322813205, 8981188.092099810019135 ], [ 771108.603173276409507, 8981188.128962656483054 ], [ 771108.544761709985323, 8981188.167899405583739 ], [ 771108.487752586137503, 8981188.208862088620663 ], [ 771108.432216140092351, 8981188.251800239086151 ], [ 771108.378220792277716, 8981188.296660955995321 ], [ 771108.325833064969629, 8981188.34338897280395 ], [ 771108.275117499288172, 8981188.391926720738411 ], [ 771108.226136576849967, 8981188.442214401438832 ], [ 771108.178950641769916, 8981188.494190059602261 ], [ 771108.133617826853879, 8981188.547789663076401 ], [ 771108.090193982119672, 8981188.602947175502777 ], [ 771108.048732605413534, 8981188.659594645723701 ], [ 771108.009284776984714, 8981188.717662282288074 ], [ 771107.97189909638837, 8981188.777078546583652 ], [ 771107.93662162264809, 8981188.83777023665607 ], [ 771107.903495817328803, 8981188.899662584066391 ], [ 771107.872562491334975, 8981188.962679333984852 ], [ 771107.843859754502773, 8981189.026742853224277 ], [ 771107.817422968219034, 8981189.091774214059114 ], [ 771107.793284702696837, 8981189.157693298533559 ], [ 771107.771474695997313, 8981189.224418895319104 ], [ 771107.752019818173721, 8981189.291868796572089 ], [ 771107.734944037278183, 8981189.359959907829762 ], [ 771107.720268390839919, 8981189.428608337417245 ], [ 771107.708010958973318, 8981189.497729511931539 ], [ 771107.698186842957512, 8981189.567238276824355 ], [ 771107.690808146027848, 8981189.637048995122313 ], [ 771107.685883958591148, 8981189.707075661048293 ], [ 771107.683420347282663, 8981189.777232002466917 ], [ 771107.683420347282663, 8981189.84743158519268 ], [ 771107.685883958591148, 8981189.917587926611304 ], [ 771107.690808146027848, 8981189.987614592537284 ], [ 771107.698186842957512, 8981190.057425310835242 ], [ 771107.708010958973318, 8981190.126934075728059 ], [ 771107.720268390839919, 8981190.196055250242352 ], [ 771107.734944037278183, 8981190.264703679829836 ], [ 771107.752019818173721, 8981190.332794791087508 ], [ 771107.771474695997313, 8981190.400244692340493 ], [ 771107.793284702696837, 8981190.466970289126039 ], [ 771107.817422968219034, 8981190.532889373600483 ], [ 771107.843859754502773, 8981190.59792073443532 ], [ 771107.872562491334975, 8981190.661984253674746 ], [ 771107.903495817328803, 8981190.725001003593206 ], [ 771107.93662162264809, 8981190.786893351003528 ], [ 771107.97189909638837, 8981190.847585041075945 ], [ 771108.009284776984714, 8981190.907001305371523 ], [ 771108.048732605413534, 8981190.965068941935897 ], [ 771108.090193982119672, 8981191.02171641215682 ], [ 771108.133617826853879, 8981191.076873924583197 ], [ 771108.178950641769916, 8981191.130473528057337 ], [ 771108.226136576849967, 8981191.182449186220765 ], [ 771108.275117499288172, 8981191.232736866921186 ], [ 771108.325833064969629, 8981191.281274614855647 ], [ 771108.378220792277716, 8981191.328002631664276 ], [ 771108.432216140092351, 8981191.372863348573446 ], [ 771108.487752586137503, 8981191.415801499038935 ], [ 771108.544761709985323, 8981191.456764182075858 ], [ 771108.603173276409507, 8981191.495700931176543 ], [ 771108.662915322813205, 8981191.532563777640462 ], [ 771108.723914247239009, 8981191.567307306453586 ], [ 771108.78609489928931, 8981191.59988871216774 ], [ 771108.849380672676489, 8981191.630267858505249 ], [ 771108.91369359951932, 8981191.658407313749194 ], [ 771108.978954446734861, 8981191.684272414073348 ], [ 771109.045082813245244, 8981191.707831291481853 ], [ 771109.111997229163535, 8981191.729054922237992 ], [ 771109.179615256143734, 8981191.747917158529162 ], [ 771109.247853589360602, 8981191.764394761994481 ], [ 771109.316628159256652, 8981191.778467433527112 ], [ 771109.385854235850275, 8981191.790117835626006 ], [ 771109.455446533160284, 8981191.799331614747643 ], [ 771109.525319313630462, 8981191.806097418069839 ], [ 771109.595386494416744, 8981191.810406912118196 ], [ 771109.665561752975918, 8981191.812254786491394 ], [ 771109.735758633818477, 8981191.81163876503706 ], [ 771109.805890654562972, 8981191.808559607714415 ], [ 771109.875871413038112, 8981191.803021105006337 ], [ 771109.945614693104289, 8981191.795030083507299 ], [ 771110.015034571522847, 8981191.78459638543427 ], [ 771110.084045523311943, 8981191.771732868626714 ], [ 771110.152562527218834, 8981191.75645537674427 ], [ 771110.220501170610078, 8981191.738782735541463 ], [ 771110.287777753430419, 8981191.718736713752151 ], [ 771110.354309391230345, 8981191.696342010051012 ], [ 771110.420014117378742, 8981191.671626215800643 ], [ 771110.48481098387856, 8981191.644619779661298 ], [ 771110.54862016136758, 8981191.615355972200632 ], [ 771110.611363037140109, 8981191.583870846778154 ], [ 771110.672962312353775, 8981191.550203192979097 ], [ 771110.733342096908018, 8981191.514394491910934 ], [ 771110.792428003274836, 8981191.47648885473609 ], [ 771110.850147237884812, 8981191.436532985419035 ], [ 771110.906428690766916, 8981191.394576108083129 ], [ 771110.961203023558483, 8981191.350669911131263 ], [ 771111.014402754488401, 8981191.304868491366506 ], [ 771111.065962341730483, 8981191.257228272035718 ], [ 771111.115818264195696, 8981191.207807945087552 ], [ 771111.163909099530429, 8981191.156668400391936 ], [ 771111.210175600019284, 8981191.103872638195753 ], [ 771111.25456076557748, 8981191.049485703930259 ], [ 771111.297009913949296, 8981190.993574602529407 ], [ 771111.337470747996122, 8981190.936208214610815 ], [ 771111.37589341995772, 8981190.877457214519382 ], [ 771111.41223059350159, 8981190.81739398650825 ], [ 771111.446437501348555, 8981190.75609252601862 ], [ 771111.478472000686452, 8981190.693628357723355 ], [ 771111.508294625091366, 8981190.630078434944153 ], [ 771111.535868633422069, 8981190.56552105396986 ], [ 771111.561160054407082, 8981190.500035746023059 ], [ 771111.584137729369104, 8981190.433703189715743 ], [ 771111.60477334971074, 8981190.36660510674119 ], [ 771111.623041492654011, 8981190.298824161291122 ], [ 771111.638919651741162, 8981190.230443859472871 ], [ 771111.652388265123591, 8981190.16154844686389 ], [ 771111.663430739776231, 8981190.092222798615694 ], [ 771111.672033471171744, 8981190.022552328184247 ], [ 771111.678185860975645, 8981189.952622866258025 ], [ 771111.681880329269916, 8981189.882520565763116 ], [ 771111.683112324681133, 8981189.812331793829799 ] ] ] ] } },
{ "type": "Feature", "properties": { "LAYER": "MBox", "GM_TYPE": "Unknown Area Type", "ELEVATION": null, "path": "D:/TGS GEOJSON/add data baru/Oebaba add/09_oe_ar_mbox.geojson" }, "geometry": { "type": "MultiPolygon", "coordinates": [ [ [ [ 771607.790629601222463, 8981774.994276605546474 ], [ 771607.789397605811246, 8981774.924087833613157 ], [ 771607.785703137516975, 8981774.853985533118248 ], [ 771607.779550747713074, 8981774.784056071192026 ], [ 771607.770948016317561, 8981774.714385600760579 ], [ 771607.759905541664921, 8981774.645059952512383 ], [ 771607.746436928282492, 8981774.576164539903402 ], [ 771607.730558769195341, 8981774.507784238085151 ], [ 771607.71229062625207, 8981774.440003292635083 ], [ 771607.691655005910434, 8981774.37290520966053 ], [ 771607.668677330948412, 8981774.306572653353214 ], [ 771607.643385909963399, 8981774.241087345406413 ], [ 771607.615811901632696, 8981774.17652996443212 ], [ 771607.585989277227782, 8981774.112980041652918 ], [ 771607.553954777889885, 8981774.050515873357654 ], [ 771607.51974787004292, 8981773.989214412868023 ], [ 771607.48341069649905, 8981773.929151184856892 ], [ 771607.444988024537452, 8981773.870400184765458 ], [ 771607.404527190490626, 8981773.813033796846867 ], [ 771607.36207804211881, 8981773.757122695446014 ], [ 771607.317692876560614, 8981773.70273576118052 ], [ 771607.271426376071759, 8981773.649939998984337 ], [ 771607.223335540737025, 8981773.598800454288721 ], [ 771607.173479618271813, 8981773.549380127340555 ], [ 771607.121920031029731, 8981773.501739908009768 ], [ 771607.068720300099812, 8981773.45593848824501 ], [ 771607.013945967308246, 8981773.412032291293144 ], [ 771606.957664514426142, 8981773.370075413957238 ], [ 771606.899945279816166, 8981773.330119544640183 ], [ 771606.840859373449348, 8981773.292213907465339 ], [ 771606.780479588895105, 8981773.256405206397176 ], [ 771606.718880313681439, 8981773.222737552598119 ], [ 771606.65613743790891, 8981773.191252427175641 ], [ 771606.59232826041989, 8981773.161988619714975 ], [ 771606.527531393920071, 8981773.13498218357563 ], [ 771606.461826667771675, 8981773.110266389325261 ], [ 771606.395295029971749, 8981773.087871685624123 ], [ 771606.328018447151408, 8981773.06782566383481 ], [ 771606.260079803760163, 8981773.050153022632003 ], [ 771606.191562799853273, 8981773.034875530749559 ], [ 771606.122551848064177, 8981773.022012013942003 ], [ 771606.053131969645619, 8981773.011578315868974 ], [ 771605.983388689579442, 8981773.003587294369936 ], [ 771605.913407931104302, 8981772.998048791661859 ], [ 771605.843275910359807, 8981772.994969634339213 ], [ 771605.773079029517248, 8981772.994353612884879 ], [ 771605.702903770958073, 8981772.996201487258077 ], [ 771605.632836590171792, 8981773.000510981306434 ], [ 771605.562963809701614, 8981773.00727678462863 ], [ 771605.493371512391604, 8981773.016490563750267 ], [ 771605.424145435797982, 8981773.028140965849161 ], [ 771605.355370865901932, 8981773.042213637381792 ], [ 771605.287132532685064, 8981773.058691240847111 ], [ 771605.219514505704865, 8981773.077553477138281 ], [ 771605.152600089786574, 8981773.098777107894421 ], [ 771605.08647172327619, 8981773.122335985302925 ], [ 771605.02121087606065, 8981773.148201085627079 ], [ 771604.956897949217819, 8981773.176340540871024 ], [ 771604.89361217583064, 8981773.206719687208533 ], [ 771604.831431523780338, 8981773.239301092922688 ], [ 771604.770432599354535, 8981773.274044621735811 ], [ 771604.710690552950837, 8981773.31090746819973 ], [ 771604.652278986526653, 8981773.349844217300415 ], [ 771604.595269862678833, 8981773.390806900337338 ], [ 771604.53973341663368, 8981773.433745050802827 ], [ 771604.485738068819046, 8981773.478605767711997 ], [ 771604.433350341510959, 8981773.525333784520626 ], [ 771604.382634775829501, 8981773.573871532455087 ], [ 771604.333653853391297, 8981773.624159213155508 ], [ 771604.286467918311246, 8981773.676134871318936 ], [ 771604.241135103395209, 8981773.729734474793077 ], [ 771604.197711258661002, 8981773.784891987219453 ], [ 771604.156249881954864, 8981773.841539457440376 ], [ 771604.116802053526044, 8981773.89960709400475 ], [ 771604.0794163729297, 8981773.959023358300328 ], [ 771604.04413889918942, 8981774.019715048372746 ], [ 771604.011013093870133, 8981774.081607395783067 ], [ 771603.980079767876305, 8981774.144624145701528 ], [ 771603.951377031044103, 8981774.208687664940953 ], [ 771603.924940244760364, 8981774.27371902577579 ], [ 771603.900801979238167, 8981774.339638110250235 ], [ 771603.878991972538643, 8981774.40636370703578 ], [ 771603.859537094715051, 8981774.473813608288765 ], [ 771603.842461313819513, 8981774.541904719546437 ], [ 771603.827785667381249, 8981774.610553149133921 ], [ 771603.815528235514648, 8981774.679674323648214 ], [ 771603.805704119498841, 8981774.749183088541031 ], [ 771603.798325422569178, 8981774.818993806838989 ], [ 771603.793401235132478, 8981774.889020472764969 ], [ 771603.790937623823993, 8981774.959176814183593 ], [ 771603.790937623823993, 8981775.029376396909356 ], [ 771603.793401235132478, 8981775.09953273832798 ], [ 771603.798325422569178, 8981775.16955940425396 ], [ 771603.805704119498841, 8981775.239370122551918 ], [ 771603.815528235514648, 8981775.308878887444735 ], [ 771603.827785667381249, 8981775.378000061959028 ], [ 771603.842461313819513, 8981775.446648491546512 ], [ 771603.859537094715051, 8981775.514739602804184 ], [ 771603.878991972538643, 8981775.582189504057169 ], [ 771603.900801979238167, 8981775.648915100842714 ], [ 771603.924940244760364, 8981775.714834185317159 ], [ 771603.951377031044103, 8981775.779865546151996 ], [ 771603.980079767876305, 8981775.843929065391421 ], [ 771604.011013093870133, 8981775.906945815309882 ], [ 771604.04413889918942, 8981775.968838162720203 ], [ 771604.0794163729297, 8981776.029529852792621 ], [ 771604.116802053526044, 8981776.088946117088199 ], [ 771604.156249881954864, 8981776.147013753652573 ], [ 771604.197711258661002, 8981776.203661223873496 ], [ 771604.241135103395209, 8981776.258818736299872 ], [ 771604.286467918311246, 8981776.312418339774013 ], [ 771604.333653853391297, 8981776.364393997937441 ], [ 771604.382634775829501, 8981776.414681678637862 ], [ 771604.433350341510959, 8981776.463219426572323 ], [ 771604.485738068819046, 8981776.509947443380952 ], [ 771604.53973341663368, 8981776.554808160290122 ], [ 771604.595269862678833, 8981776.59774631075561 ], [ 771604.652278986526653, 8981776.638708993792534 ], [ 771604.710690552950837, 8981776.677645742893219 ], [ 771604.770432599354535, 8981776.714508589357138 ], [ 771604.831431523780338, 8981776.749252118170261 ], [ 771604.89361217583064, 8981776.781833523884416 ], [ 771604.956897949217819, 8981776.812212670221925 ], [ 771605.02121087606065, 8981776.84035212546587 ], [ 771605.08647172327619, 8981776.866217225790024 ], [ 771605.152600089786574, 8981776.889776103198528 ], [ 771605.219514505704865, 8981776.910999733954668 ], [ 771605.287132532685064, 8981776.929861970245838 ], [ 771605.355370865901932, 8981776.946339573711157 ], [ 771605.424145435797982, 8981776.960412245243788 ], [ 771605.493371512391604, 8981776.972062647342682 ], [ 771605.562963809701614, 8981776.981276426464319 ], [ 771605.632836590171792, 8981776.988042229786515 ], [ 771605.702903770958073, 8981776.992351723834872 ], [ 771605.773079029517248, 8981776.99419959820807 ], [ 771605.843275910359807, 8981776.993583576753736 ], [ 771605.913407931104302, 8981776.99050441943109 ], [ 771605.983388689579442, 8981776.984965916723013 ], [ 771606.053131969645619, 8981776.976974895223975 ], [ 771606.122551848064177, 8981776.966541197150946 ], [ 771606.191562799853273, 8981776.95367768034339 ], [ 771606.260079803760163, 8981776.938400188460946 ], [ 771606.328018447151408, 8981776.920727547258139 ], [ 771606.395295029971749, 8981776.900681525468826 ], [ 771606.461826667771675, 8981776.878286821767688 ], [ 771606.527531393920071, 8981776.853571027517319 ], [ 771606.59232826041989, 8981776.826564591377974 ], [ 771606.65613743790891, 8981776.797300783917308 ], [ 771606.718880313681439, 8981776.76581565849483 ], [ 771606.780479588895105, 8981776.732148004695773 ], [ 771606.840859373449348, 8981776.69633930362761 ], [ 771606.899945279816166, 8981776.658433666452765 ], [ 771606.957664514426142, 8981776.618477797135711 ], [ 771607.013945967308246, 8981776.576520919799805 ], [ 771607.068720300099812, 8981776.532614722847939 ], [ 771607.121920031029731, 8981776.486813303083181 ], [ 771607.173479618271813, 8981776.439173083752394 ], [ 771607.223335540737025, 8981776.389752756804228 ], [ 771607.271426376071759, 8981776.338613212108612 ], [ 771607.317692876560614, 8981776.285817449912429 ], [ 771607.36207804211881, 8981776.231430515646935 ], [ 771607.404527190490626, 8981776.175519414246082 ], [ 771607.444988024537452, 8981776.118153026327491 ], [ 771607.48341069649905, 8981776.059402026236057 ], [ 771607.51974787004292, 8981775.999338798224926 ], [ 771607.553954777889885, 8981775.938037337735295 ], [ 771607.585989277227782, 8981775.875573169440031 ], [ 771607.615811901632696, 8981775.812023246660829 ], [ 771607.643385909963399, 8981775.747465865686536 ], [ 771607.668677330948412, 8981775.681980557739735 ], [ 771607.691655005910434, 8981775.615648001432419 ], [ 771607.71229062625207, 8981775.548549918457866 ], [ 771607.730558769195341, 8981775.480768973007798 ], [ 771607.746436928282492, 8981775.412388671189547 ], [ 771607.759905541664921, 8981775.343493258580565 ], [ 771607.770948016317561, 8981775.27416761033237 ], [ 771607.779550747713074, 8981775.204497139900923 ], [ 771607.785703137516975, 8981775.134567677974701 ], [ 771607.789397605811246, 8981775.064465377479792 ], [ 771607.790629601222463, 8981774.994276605546474 ] ] ] ] } },
{ "type": "Feature", "properties": { "LAYER": "MBox", "GM_TYPE": "Unknown Area Type", "ELEVATION": null, "path": "D:/TGS GEOJSON/add data baru/Oebaba add/09_oe_ar_mbox.geojson" }, "geometry": { "type": "MultiPolygon", "coordinates": [ [ [ [ 771757.415131890913472, 8981748.040212519466877 ], [ 771757.413899895502254, 8981747.97002374753356 ], [ 771757.410205427207984, 8981747.899921447038651 ], [ 771757.404053037404083, 8981747.829991985112429 ], [ 771757.39545030600857, 8981747.760321514680982 ], [ 771757.384407831355929, 8981747.690995866432786 ], [ 771757.3709392179735, 8981747.622100453823805 ], [ 771757.355061058886349, 8981747.553720152005553 ], [ 771757.336792915943079, 8981747.485939206555486 ], [ 771757.316157295601442, 8981747.418841123580933 ], [ 771757.293179620639421, 8981747.352508567273617 ], [ 771757.267888199654408, 8981747.287023259326816 ], [ 771757.240314191323705, 8981747.222465878352523 ], [ 771757.21049156691879, 8981747.15891595557332 ], [ 771757.178457067580894, 8981747.096451787278056 ], [ 771757.144250159733929, 8981747.035150326788425 ], [ 771757.107912986190058, 8981746.975087098777294 ], [ 771757.06949031422846, 8981746.916336098685861 ], [ 771757.029029480181634, 8981746.858969710767269 ], [ 771756.986580331809819, 8981746.803058609366417 ], [ 771756.942195166251622, 8981746.748671675100923 ], [ 771756.895928665762767, 8981746.695875912904739 ], [ 771756.847837830428034, 8981746.644736368209124 ], [ 771756.797981907962821, 8981746.595316041260958 ], [ 771756.74642232072074, 8981746.54767582193017 ], [ 771756.693222589790821, 8981746.501874402165413 ], [ 771756.638448256999254, 8981746.457968205213547 ], [ 771756.582166804117151, 8981746.416011327877641 ], [ 771756.524447569507174, 8981746.376055458560586 ], [ 771756.465361663140357, 8981746.338149821385741 ], [ 771756.404981878586113, 8981746.302341120317578 ], [ 771756.343382603372447, 8981746.268673466518521 ], [ 771756.280639727599919, 8981746.237188341096044 ], [ 771756.216830550110899, 8981746.207924533635378 ], [ 771756.15203368361108, 8981746.180918097496033 ], [ 771756.086328957462683, 8981746.156202303245664 ], [ 771756.019797319662757, 8981746.133807599544525 ], [ 771755.952520736842416, 8981746.113761577755213 ], [ 771755.884582093451172, 8981746.096088936552405 ], [ 771755.816065089544281, 8981746.080811444669962 ], [ 771755.747054137755185, 8981746.067947927862406 ], [ 771755.677634259336628, 8981746.057514229789376 ], [ 771755.607890979270451, 8981746.049523208290339 ], [ 771755.537910220795311, 8981746.043984705582261 ], [ 771755.467778200050816, 8981746.040905548259616 ], [ 771755.397581319208257, 8981746.040289526805282 ], [ 771755.327406060649082, 8981746.042137401178479 ], [ 771755.2573388798628, 8981746.046446895226836 ], [ 771755.187466099392623, 8981746.053212698549032 ], [ 771755.117873802082613, 8981746.06242647767067 ], [ 771755.048647725488991, 8981746.074076879769564 ], [ 771754.979873155592941, 8981746.088149551302195 ], [ 771754.911634822376072, 8981746.104627154767513 ], [ 771754.844016795395873, 8981746.123489391058683 ], [ 771754.777102379477583, 8981746.144713021814823 ], [ 771754.710974012967199, 8981746.168271899223328 ], [ 771754.645713165751658, 8981746.194136999547482 ], [ 771754.581400238908827, 8981746.222276454791427 ], [ 771754.518114465521649, 8981746.252655601128936 ], [ 771754.455933813471347, 8981746.28523700684309 ], [ 771754.394934889045544, 8981746.319980535656214 ], [ 771754.335192842641845, 8981746.356843382120132 ], [ 771754.276781276217662, 8981746.395780131220818 ], [ 771754.219772152369842, 8981746.436742814257741 ], [ 771754.164235706324689, 8981746.479680964723229 ], [ 771754.110240358510055, 8981746.5245416816324 ], [ 771754.057852631201968, 8981746.571269698441029 ], [ 771754.00713706552051, 8981746.619807446375489 ], [ 771753.958156143082306, 8981746.670095127075911 ], [ 771753.910970208002254, 8981746.722070785239339 ], [ 771753.865637393086217, 8981746.775670388713479 ], [ 771753.822213548352011, 8981746.830827901139855 ], [ 771753.780752171645872, 8981746.887475371360779 ], [ 771753.741304343217053, 8981746.945543007925153 ], [ 771753.703918662620708, 8981747.004959272220731 ], [ 771753.668641188880429, 8981747.065650962293148 ], [ 771753.635515383561142, 8981747.127543309703469 ], [ 771753.604582057567313, 8981747.19056005962193 ], [ 771753.575879320735112, 8981747.254623578861356 ], [ 771753.549442534451373, 8981747.319654939696193 ], [ 771753.525304268929176, 8981747.385574024170637 ], [ 771753.503494262229651, 8981747.452299620956182 ], [ 771753.48403938440606, 8981747.519749522209167 ], [ 771753.466963603510521, 8981747.58784063346684 ], [ 771753.452287957072258, 8981747.656489063054323 ], [ 771753.440030525205657, 8981747.725610237568617 ], [ 771753.43020640918985, 8981747.795119002461433 ], [ 771753.422827712260187, 8981747.864929720759392 ], [ 771753.417903524823487, 8981747.934956386685371 ], [ 771753.415439913515002, 8981748.005112728103995 ], [ 771753.415439913515002, 8981748.075312310829759 ], [ 771753.417903524823487, 8981748.145468652248383 ], [ 771753.422827712260187, 8981748.215495318174362 ], [ 771753.43020640918985, 8981748.285306036472321 ], [ 771753.440030525205657, 8981748.354814801365137 ], [ 771753.452287957072258, 8981748.423935975879431 ], [ 771753.466963603510521, 8981748.492584405466914 ], [ 771753.48403938440606, 8981748.560675516724586 ], [ 771753.503494262229651, 8981748.628125417977571 ], [ 771753.525304268929176, 8981748.694851014763117 ], [ 771753.549442534451373, 8981748.760770099237561 ], [ 771753.575879320735112, 8981748.825801460072398 ], [ 771753.604582057567313, 8981748.889864979311824 ], [ 771753.635515383561142, 8981748.952881729230285 ], [ 771753.668641188880429, 8981749.014774076640606 ], [ 771753.703918662620708, 8981749.075465766713023 ], [ 771753.741304343217053, 8981749.134882031008601 ], [ 771753.780752171645872, 8981749.192949667572975 ], [ 771753.822213548352011, 8981749.249597137793899 ], [ 771753.865637393086217, 8981749.304754650220275 ], [ 771753.910970208002254, 8981749.358354253694415 ], [ 771753.958156143082306, 8981749.410329911857843 ], [ 771754.00713706552051, 8981749.460617592558265 ], [ 771754.057852631201968, 8981749.509155340492725 ], [ 771754.110240358510055, 8981749.555883357301354 ], [ 771754.164235706324689, 8981749.600744074210525 ], [ 771754.219772152369842, 8981749.643682224676013 ], [ 771754.276781276217662, 8981749.684644907712936 ], [ 771754.335192842641845, 8981749.723581656813622 ], [ 771754.394934889045544, 8981749.76044450327754 ], [ 771754.455933813471347, 8981749.795188032090664 ], [ 771754.518114465521649, 8981749.827769437804818 ], [ 771754.581400238908827, 8981749.858148584142327 ], [ 771754.645713165751658, 8981749.886288039386272 ], [ 771754.710974012967199, 8981749.912153139710426 ], [ 771754.777102379477583, 8981749.935712017118931 ], [ 771754.844016795395873, 8981749.956935647875071 ], [ 771754.911634822376072, 8981749.975797884166241 ], [ 771754.979873155592941, 8981749.992275487631559 ], [ 771755.048647725488991, 8981750.00634815916419 ], [ 771755.117873802082613, 8981750.017998561263084 ], [ 771755.187466099392623, 8981750.027212340384722 ], [ 771755.2573388798628, 8981750.033978143706918 ], [ 771755.327406060649082, 8981750.038287637755275 ], [ 771755.397581319208257, 8981750.040135512128472 ], [ 771755.467778200050816, 8981750.039519490674138 ], [ 771755.537910220795311, 8981750.036440333351493 ], [ 771755.607890979270451, 8981750.030901830643415 ], [ 771755.677634259336628, 8981750.022910809144378 ], [ 771755.747054137755185, 8981750.012477111071348 ], [ 771755.816065089544281, 8981749.999613594263792 ], [ 771755.884582093451172, 8981749.984336102381349 ], [ 771755.952520736842416, 8981749.966663461178541 ], [ 771756.019797319662757, 8981749.946617439389229 ], [ 771756.086328957462683, 8981749.92422273568809 ], [ 771756.15203368361108, 8981749.899506941437721 ], [ 771756.216830550110899, 8981749.872500505298376 ], [ 771756.280639727599919, 8981749.84323669783771 ], [ 771756.343382603372447, 8981749.811751572415233 ], [ 771756.404981878586113, 8981749.778083918616176 ], [ 771756.465361663140357, 8981749.742275217548013 ], [ 771756.524447569507174, 8981749.704369580373168 ], [ 771756.582166804117151, 8981749.664413711056113 ], [ 771756.638448256999254, 8981749.622456833720207 ], [ 771756.693222589790821, 8981749.578550636768341 ], [ 771756.74642232072074, 8981749.532749217003584 ], [ 771756.797981907962821, 8981749.485108997672796 ], [ 771756.847837830428034, 8981749.43568867072463 ], [ 771756.895928665762767, 8981749.384549126029015 ], [ 771756.942195166251622, 8981749.331753363832831 ], [ 771756.986580331809819, 8981749.277366429567337 ], [ 771757.029029480181634, 8981749.221455328166485 ], [ 771757.06949031422846, 8981749.164088940247893 ], [ 771757.107912986190058, 8981749.10533794015646 ], [ 771757.144250159733929, 8981749.045274712145329 ], [ 771757.178457067580894, 8981748.983973251655698 ], [ 771757.21049156691879, 8981748.921509083360434 ], [ 771757.240314191323705, 8981748.857959160581231 ], [ 771757.267888199654408, 8981748.793401779606938 ], [ 771757.293179620639421, 8981748.727916471660137 ], [ 771757.316157295601442, 8981748.661583915352821 ], [ 771757.336792915943079, 8981748.594485832378268 ], [ 771757.355061058886349, 8981748.526704886928201 ], [ 771757.3709392179735, 8981748.458324585109949 ], [ 771757.384407831355929, 8981748.389429172500968 ], [ 771757.39545030600857, 8981748.320103524252772 ], [ 771757.404053037404083, 8981748.250433053821325 ], [ 771757.410205427207984, 8981748.180503591895103 ], [ 771757.413899895502254, 8981748.110401291400194 ], [ 771757.415131890913472, 8981748.040212519466877 ] ] ] ] } },
{ "type": "Feature", "properties": { "LAYER": "MBox", "GM_TYPE": "Unknown Area Type", "ELEVATION": null, "path": "D:/TGS GEOJSON/add data baru/Oebaba add/09_oe_ar_mbox.geojson" }, "geometry": { "type": "MultiPolygon", "coordinates": [ [ [ [ 771593.424479497247376, 8979419.307986741885543 ], [ 771593.423247501836158, 8979419.237797969952226 ], [ 771593.419553033541888, 8979419.167695669457316 ], [ 771593.413400643737987, 8979419.097766207531095 ], [ 771593.404797912342474, 8979419.028095737099648 ], [ 771593.393755437689833, 8979418.958770088851452 ], [ 771593.380286824307404, 8979418.889874676242471 ], [ 771593.364408665220253, 8979418.821494374424219 ], [ 771593.346140522276983, 8979418.753713428974152 ], [ 771593.325504901935346, 8979418.686615345999599 ], [ 771593.302527226973325, 8979418.620282789692283 ], [ 771593.277235805988312, 8979418.554797481745481 ], [ 771593.249661797657609, 8979418.490240100771189 ], [ 771593.219839173252694, 8979418.426690177991986 ], [ 771593.187804673914798, 8979418.364226009696722 ], [ 771593.153597766067833, 8979418.302924549207091 ], [ 771593.117260592523962, 8979418.24286132119596 ], [ 771593.078837920562364, 8979418.184110321104527 ], [ 771593.038377086515538, 8979418.126743933185935 ], [ 771592.995927938143723, 8979418.070832831785083 ], [ 771592.951542772585526, 8979418.016445897519588 ], [ 771592.905276272096671, 8979417.963650135323405 ], [ 771592.857185436761938, 8979417.912510590627789 ], [ 771592.807329514296725, 8979417.863090263679624 ], [ 771592.755769927054644, 8979417.815450044348836 ], [ 771592.702570196124725, 8979417.769648624584079 ], [ 771592.647795863333158, 8979417.725742427632213 ], [ 771592.591514410451055, 8979417.683785550296307 ], [ 771592.533795175841078, 8979417.643829680979252 ], [ 771592.474709269474261, 8979417.605924043804407 ], [ 771592.414329484920017, 8979417.570115342736244 ], [ 771592.352730209706351, 8979417.536447688937187 ], [ 771592.289987333933823, 8979417.504962563514709 ], [ 771592.226178156444803, 8979417.475698756054044 ], [ 771592.161381289944984, 8979417.448692319914699 ], [ 771592.095676563796587, 8979417.42397652566433 ], [ 771592.029144925996661, 8979417.401581821963191 ], [ 771591.96186834317632, 8979417.381535800173879 ], [ 771591.893929699785076, 8979417.363863158971071 ], [ 771591.825412695878185, 8979417.348585667088628 ], [ 771591.756401744089089, 8979417.335722150281072 ], [ 771591.686981865670532, 8979417.325288452208042 ], [ 771591.617238585604355, 8979417.317297430709004 ], [ 771591.547257827129215, 8979417.311758928000927 ], [ 771591.47712580638472, 8979417.308679770678282 ], [ 771591.406928925542161, 8979417.308063749223948 ], [ 771591.336753666982986, 8979417.309911623597145 ], [ 771591.266686486196704, 8979417.314221117645502 ], [ 771591.196813705726527, 8979417.320986920967698 ], [ 771591.127221408416517, 8979417.330200700089335 ], [ 771591.057995331822895, 8979417.34185110218823 ], [ 771590.989220761926845, 8979417.35592377372086 ], [ 771590.920982428709976, 8979417.372401377186179 ], [ 771590.853364401729777, 8979417.391263613477349 ], [ 771590.786449985811487, 8979417.412487244233489 ], [ 771590.720321619301103, 8979417.436046121641994 ], [ 771590.655060772085562, 8979417.461911221966147 ], [ 771590.590747845242731, 8979417.490050677210093 ], [ 771590.527462071855552, 8979417.520429823547602 ], [ 771590.465281419805251, 8979417.553011229261756 ], [ 771590.404282495379448, 8979417.58775475807488 ], [ 771590.344540448975749, 8979417.624617604538798 ], [ 771590.286128882551566, 8979417.663554353639483 ], [ 771590.229119758703746, 8979417.704517036676407 ], [ 771590.173583312658593, 8979417.747455187141895 ], [ 771590.119587964843959, 8979417.792315904051065 ], [ 771590.067200237535872, 8979417.839043920859694 ], [ 771590.016484671854414, 8979417.887581668794155 ], [ 771589.96750374941621, 8979417.937869349494576 ], [ 771589.920317814336158, 8979417.989845007658005 ], [ 771589.874984999420121, 8979418.043444611132145 ], [ 771589.831561154685915, 8979418.098602123558521 ], [ 771589.790099777979776, 8979418.155249593779445 ], [ 771589.750651949550956, 8979418.213317230343819 ], [ 771589.713266268954612, 8979418.272733494639397 ], [ 771589.677988795214333, 8979418.333425184711814 ], [ 771589.644862989895046, 8979418.395317532122135 ], [ 771589.613929663901217, 8979418.458334282040596 ], [ 771589.585226927069016, 8979418.522397801280022 ], [ 771589.558790140785277, 8979418.587429162114859 ], [ 771589.53465187526308, 8979418.653348246589303 ], [ 771589.512841868563555, 8979418.720073843374848 ], [ 771589.493386990739964, 8979418.787523744627833 ], [ 771589.476311209844425, 8979418.855614855885506 ], [ 771589.461635563406162, 8979418.924263285472989 ], [ 771589.449378131539561, 8979418.993384459987283 ], [ 771589.439554015523754, 8979419.062893224880099 ], [ 771589.432175318594091, 8979419.132703943178058 ], [ 771589.427251131157391, 8979419.202730609104037 ], [ 771589.424787519848906, 8979419.272886950522661 ], [ 771589.424787519848906, 8979419.343086533248425 ], [ 771589.427251131157391, 8979419.413242874667048 ], [ 771589.432175318594091, 8979419.483269540593028 ], [ 771589.439554015523754, 8979419.553080258890986 ], [ 771589.449378131539561, 8979419.622589023783803 ], [ 771589.461635563406162, 8979419.691710198298097 ], [ 771589.476311209844425, 8979419.76035862788558 ], [ 771589.493386990739964, 8979419.828449739143252 ], [ 771589.512841868563555, 8979419.895899640396237 ], [ 771589.53465187526308, 8979419.962625237181783 ], [ 771589.558790140785277, 8979420.028544321656227 ], [ 771589.585226927069016, 8979420.093575682491064 ], [ 771589.613929663901217, 8979420.15763920173049 ], [ 771589.644862989895046, 8979420.220655951648951 ], [ 771589.677988795214333, 8979420.282548299059272 ], [ 771589.713266268954612, 8979420.343239989131689 ], [ 771589.750651949550956, 8979420.402656253427267 ], [ 771589.790099777979776, 8979420.460723889991641 ], [ 771589.831561154685915, 8979420.517371360212564 ], [ 771589.874984999420121, 8979420.572528872638941 ], [ 771589.920317814336158, 8979420.626128476113081 ], [ 771589.96750374941621, 8979420.678104134276509 ], [ 771590.016484671854414, 8979420.728391814976931 ], [ 771590.067200237535872, 8979420.776929562911391 ], [ 771590.119587964843959, 8979420.82365757972002 ], [ 771590.173583312658593, 8979420.86851829662919 ], [ 771590.229119758703746, 8979420.911456447094679 ], [ 771590.286128882551566, 8979420.952419130131602 ], [ 771590.344540448975749, 8979420.991355879232287 ], [ 771590.404282495379448, 8979421.028218725696206 ], [ 771590.465281419805251, 8979421.06296225450933 ], [ 771590.527462071855552, 8979421.095543660223484 ], [ 771590.590747845242731, 8979421.125922806560993 ], [ 771590.655060772085562, 8979421.154062261804938 ], [ 771590.720321619301103, 8979421.179927362129092 ], [ 771590.786449985811487, 8979421.203486239537597 ], [ 771590.853364401729777, 8979421.224709870293736 ], [ 771590.920982428709976, 8979421.243572106584907 ], [ 771590.989220761926845, 8979421.260049710050225 ], [ 771591.057995331822895, 8979421.274122381582856 ], [ 771591.127221408416517, 8979421.28577278368175 ], [ 771591.196813705726527, 8979421.294986562803388 ], [ 771591.266686486196704, 8979421.301752366125584 ], [ 771591.336753666982986, 8979421.306061860173941 ], [ 771591.406928925542161, 8979421.307909734547138 ], [ 771591.47712580638472, 8979421.307293713092804 ], [ 771591.547257827129215, 8979421.304214555770159 ], [ 771591.617238585604355, 8979421.298676053062081 ], [ 771591.686981865670532, 8979421.290685031563044 ], [ 771591.756401744089089, 8979421.280251333490014 ], [ 771591.825412695878185, 8979421.267387816682458 ], [ 771591.893929699785076, 8979421.252110324800014 ], [ 771591.96186834317632, 8979421.234437683597207 ], [ 771592.029144925996661, 8979421.214391661807895 ], [ 771592.095676563796587, 8979421.191996958106756 ], [ 771592.161381289944984, 8979421.167281163856387 ], [ 771592.226178156444803, 8979421.140274727717042 ], [ 771592.289987333933823, 8979421.111010920256376 ], [ 771592.352730209706351, 8979421.079525794833899 ], [ 771592.414329484920017, 8979421.045858141034842 ], [ 771592.474709269474261, 8979421.010049439966679 ], [ 771592.533795175841078, 8979420.972143802791834 ], [ 771592.591514410451055, 8979420.932187933474779 ], [ 771592.647795863333158, 8979420.890231056138873 ], [ 771592.702570196124725, 8979420.846324859187007 ], [ 771592.755769927054644, 8979420.80052343942225 ], [ 771592.807329514296725, 8979420.752883220091462 ], [ 771592.857185436761938, 8979420.703462893143296 ], [ 771592.905276272096671, 8979420.65232334844768 ], [ 771592.951542772585526, 8979420.599527586251497 ], [ 771592.995927938143723, 8979420.545140651986003 ], [ 771593.038377086515538, 8979420.489229550585151 ], [ 771593.078837920562364, 8979420.431863162666559 ], [ 771593.117260592523962, 8979420.373112162575126 ], [ 771593.153597766067833, 8979420.313048934563994 ], [ 771593.187804673914798, 8979420.251747474074364 ], [ 771593.219839173252694, 8979420.189283305779099 ], [ 771593.249661797657609, 8979420.125733382999897 ], [ 771593.277235805988312, 8979420.061176002025604 ], [ 771593.302527226973325, 8979419.995690694078803 ], [ 771593.325504901935346, 8979419.929358137771487 ], [ 771593.346140522276983, 8979419.862260054796934 ], [ 771593.364408665220253, 8979419.794479109346867 ], [ 771593.380286824307404, 8979419.726098807528615 ], [ 771593.393755437689833, 8979419.657203394919634 ], [ 771593.404797912342474, 8979419.587877746671438 ], [ 771593.413400643737987, 8979419.518207276239991 ], [ 771593.419553033541888, 8979419.448277814313769 ], [ 771593.423247501836158, 8979419.37817551381886 ], [ 771593.424479497247376, 8979419.307986741885543 ] ] ] ] } },
{ "type": "Feature", "properties": { "LAYER": "MBox", "GM_TYPE": "Unknown Area Type", "ELEVATION": null, "path": "D:/TGS GEOJSON/add data baru/Oebaba add/09_oe_ar_mbox.geojson" }, "geometry": { "type": "MultiPolygon", "coordinates": [ [ [ [ 772185.854577933438122, 8981733.194724500179291 ], [ 772185.853345938026905, 8981733.124535728245974 ], [ 772185.849651469732635, 8981733.054433427751064 ], [ 772185.843499079928733, 8981732.984503965824842 ], [ 772185.834896348533221, 8981732.914833495393395 ], [ 772185.82385387388058, 8981732.8455078471452 ], [ 772185.810385260498151, 8981732.776612434536219 ], [ 772185.794507101411, 8981732.708232132717967 ], [ 772185.776238958467729, 8981732.6404511872679 ], [ 772185.755603338126093, 8981732.573353104293346 ], [ 772185.732625663164072, 8981732.507020547986031 ], [ 772185.707334242179058, 8981732.441535240039229 ], [ 772185.679760233848356, 8981732.376977859064937 ], [ 772185.649937609443441, 8981732.313427936285734 ], [ 772185.617903110105544, 8981732.25096376799047 ], [ 772185.583696202258579, 8981732.189662307500839 ], [ 772185.547359028714709, 8981732.129599079489708 ], [ 772185.508936356753111, 8981732.070848079398274 ], [ 772185.468475522706285, 8981732.013481691479683 ], [ 772185.426026374334469, 8981731.957570590078831 ], [ 772185.381641208776273, 8981731.903183655813336 ], [ 772185.335374708287418, 8981731.850387893617153 ], [ 772185.287283872952685, 8981731.799248348921537 ], [ 772185.237427950487472, 8981731.749828021973372 ], [ 772185.18586836324539, 8981731.702187802642584 ], [ 772185.132668632315472, 8981731.656386382877827 ], [ 772185.077894299523905, 8981731.612480185925961 ], [ 772185.021612846641801, 8981731.570523308590055 ], [ 772184.963893612031825, 8981731.530567439273 ], [ 772184.904807705665007, 8981731.492661802098155 ], [ 772184.844427921110764, 8981731.456853101029992 ], [ 772184.782828645897098, 8981731.423185447230935 ], [ 772184.72008577012457, 8981731.391700321808457 ], [ 772184.65627659263555, 8981731.362436514347792 ], [ 772184.591479726135731, 8981731.335430078208447 ], [ 772184.525774999987334, 8981731.310714283958077 ], [ 772184.459243362187408, 8981731.288319580256939 ], [ 772184.391966779367067, 8981731.268273558467627 ], [ 772184.324028135975823, 8981731.250600917264819 ], [ 772184.255511132068932, 8981731.235323425382376 ], [ 772184.186500180279836, 8981731.22245990857482 ], [ 772184.117080301861279, 8981731.21202621050179 ], [ 772184.047337021795101, 8981731.204035189002752 ], [ 772183.977356263319962, 8981731.198496686294675 ], [ 772183.907224242575467, 8981731.19541752897203 ], [ 772183.837027361732908, 8981731.194801507517695 ], [ 772183.766852103173733, 8981731.196649381890893 ], [ 772183.696784922387451, 8981731.20095887593925 ], [ 772183.626912141917273, 8981731.207724679261446 ], [ 772183.557319844607264, 8981731.216938458383083 ], [ 772183.488093768013641, 8981731.228588860481977 ], [ 772183.419319198117591, 8981731.242661532014608 ], [ 772183.351080864900723, 8981731.259139135479927 ], [ 772183.283462837920524, 8981731.278001371771097 ], [ 772183.216548422002234, 8981731.299225002527237 ], [ 772183.15042005549185, 8981731.322783879935741 ], [ 772183.085159208276309, 8981731.348648980259895 ], [ 772183.020846281433478, 8981731.37678843550384 ], [ 772182.957560508046299, 8981731.40716758184135 ], [ 772182.895379855995998, 8981731.439748987555504 ], [ 772182.834380931570195, 8981731.474492516368628 ], [ 772182.774638885166496, 8981731.511355362832546 ], [ 772182.716227318742312, 8981731.550292111933231 ], [ 772182.659218194894493, 8981731.591254794970155 ], [ 772182.60368174884934, 8981731.634192945435643 ], [ 772182.549686401034705, 8981731.679053662344813 ], [ 772182.497298673726618, 8981731.725781679153442 ], [ 772182.446583108045161, 8981731.774319427087903 ], [ 772182.397602185606956, 8981731.824607107788324 ], [ 772182.350416250526905, 8981731.876582765951753 ], [ 772182.305083435610868, 8981731.930182369425893 ], [ 772182.261659590876661, 8981731.985339881852269 ], [ 772182.220198214170523, 8981732.041987352073193 ], [ 772182.180750385741703, 8981732.100054988637567 ], [ 772182.143364705145359, 8981732.159471252933145 ], [ 772182.108087231405079, 8981732.220162943005562 ], [ 772182.074961426085792, 8981732.282055290415883 ], [ 772182.044028100091964, 8981732.345072040334344 ], [ 772182.015325363259763, 8981732.40913555957377 ], [ 772181.988888576976024, 8981732.474166920408607 ], [ 772181.964750311453827, 8981732.540086004883051 ], [ 772181.942940304754302, 8981732.606811601668596 ], [ 772181.923485426930711, 8981732.674261502921581 ], [ 772181.906409646035172, 8981732.742352614179254 ], [ 772181.891733999596909, 8981732.811001043766737 ], [ 772181.879476567730308, 8981732.880122218281031 ], [ 772181.869652451714501, 8981732.949630983173847 ], [ 772181.862273754784837, 8981733.019441701471806 ], [ 772181.857349567348137, 8981733.089468367397785 ], [ 772181.854885956039652, 8981733.159624708816409 ], [ 772181.854885956039652, 8981733.229824291542172 ], [ 772181.857349567348137, 8981733.299980632960796 ], [ 772181.862273754784837, 8981733.370007298886776 ], [ 772181.869652451714501, 8981733.439818017184734 ], [ 772181.879476567730308, 8981733.509326782077551 ], [ 772181.891733999596909, 8981733.578447956591845 ], [ 772181.906409646035172, 8981733.647096386179328 ], [ 772181.923485426930711, 8981733.715187497437 ], [ 772181.942940304754302, 8981733.782637398689985 ], [ 772181.964750311453827, 8981733.849362995475531 ], [ 772181.988888576976024, 8981733.915282079949975 ], [ 772182.015325363259763, 8981733.980313440784812 ], [ 772182.044028100091964, 8981734.044376960024238 ], [ 772182.074961426085792, 8981734.107393709942698 ], [ 772182.108087231405079, 8981734.16928605735302 ], [ 772182.143364705145359, 8981734.229977747425437 ], [ 772182.180750385741703, 8981734.289394011721015 ], [ 772182.220198214170523, 8981734.347461648285389 ], [ 772182.261659590876661, 8981734.404109118506312 ], [ 772182.305083435610868, 8981734.459266630932689 ], [ 772182.350416250526905, 8981734.512866234406829 ], [ 772182.397602185606956, 8981734.564841892570257 ], [ 772182.446583108045161, 8981734.615129573270679 ], [ 772182.497298673726618, 8981734.663667321205139 ], [ 772182.549686401034705, 8981734.710395338013768 ], [ 772182.60368174884934, 8981734.755256054922938 ], [ 772182.659218194894493, 8981734.798194205388427 ], [ 772182.716227318742312, 8981734.83915688842535 ], [ 772182.774638885166496, 8981734.878093637526035 ], [ 772182.834380931570195, 8981734.914956483989954 ], [ 772182.895379855995998, 8981734.949700012803078 ], [ 772182.957560508046299, 8981734.982281418517232 ], [ 772183.020846281433478, 8981735.012660564854741 ], [ 772183.085159208276309, 8981735.040800020098686 ], [ 772183.15042005549185, 8981735.06666512042284 ], [ 772183.216548422002234, 8981735.090223997831345 ], [ 772183.283462837920524, 8981735.111447628587484 ], [ 772183.351080864900723, 8981735.130309864878654 ], [ 772183.419319198117591, 8981735.146787468343973 ], [ 772183.488093768013641, 8981735.160860139876604 ], [ 772183.557319844607264, 8981735.172510541975498 ], [ 772183.626912141917273, 8981735.181724321097136 ], [ 772183.696784922387451, 8981735.188490124419332 ], [ 772183.766852103173733, 8981735.192799618467689 ], [ 772183.837027361732908, 8981735.194647492840886 ], [ 772183.907224242575467, 8981735.194031471386552 ], [ 772183.977356263319962, 8981735.190952314063907 ], [ 772184.047337021795101, 8981735.185413811355829 ], [ 772184.117080301861279, 8981735.177422789856791 ], [ 772184.186500180279836, 8981735.166989091783762 ], [ 772184.255511132068932, 8981735.154125574976206 ], [ 772184.324028135975823, 8981735.138848083093762 ], [ 772184.391966779367067, 8981735.121175441890955 ], [ 772184.459243362187408, 8981735.101129420101643 ], [ 772184.525774999987334, 8981735.078734716400504 ], [ 772184.591479726135731, 8981735.054018922150135 ], [ 772184.65627659263555, 8981735.02701248601079 ], [ 772184.72008577012457, 8981734.997748678550124 ], [ 772184.782828645897098, 8981734.966263553127646 ], [ 772184.844427921110764, 8981734.932595899328589 ], [ 772184.904807705665007, 8981734.896787198260427 ], [ 772184.963893612031825, 8981734.858881561085582 ], [ 772185.021612846641801, 8981734.818925691768527 ], [ 772185.077894299523905, 8981734.776968814432621 ], [ 772185.132668632315472, 8981734.733062617480755 ], [ 772185.18586836324539, 8981734.687261197715998 ], [ 772185.237427950487472, 8981734.63962097838521 ], [ 772185.287283872952685, 8981734.590200651437044 ], [ 772185.335374708287418, 8981734.539061106741428 ], [ 772185.381641208776273, 8981734.486265344545245 ], [ 772185.426026374334469, 8981734.431878410279751 ], [ 772185.468475522706285, 8981734.375967308878899 ], [ 772185.508936356753111, 8981734.318600920960307 ], [ 772185.547359028714709, 8981734.259849920868874 ], [ 772185.583696202258579, 8981734.199786692857742 ], [ 772185.617903110105544, 8981734.138485232368112 ], [ 772185.649937609443441, 8981734.076021064072847 ], [ 772185.679760233848356, 8981734.012471141293645 ], [ 772185.707334242179058, 8981733.947913760319352 ], [ 772185.732625663164072, 8981733.882428452372551 ], [ 772185.755603338126093, 8981733.816095896065235 ], [ 772185.776238958467729, 8981733.748997813090682 ], [ 772185.794507101411, 8981733.681216867640615 ], [ 772185.810385260498151, 8981733.612836565822363 ], [ 772185.82385387388058, 8981733.543941153213382 ], [ 772185.834896348533221, 8981733.474615504965186 ], [ 772185.843499079928733, 8981733.404945034533739 ], [ 772185.849651469732635, 8981733.335015572607517 ], [ 772185.853345938026905, 8981733.264913272112608 ], [ 772185.854577933438122, 8981733.194724500179291 ] ] ] ] } },
{ "type": "Feature", "properties": { "LAYER": "MBox", "GM_TYPE": "Unknown Area Type", "ELEVATION": 22, "path": "D:/TGS GEOJSON/add data baru/Oebaba add/09_oe_ar_mbox.geojson" }, "geometry": { "type": "MultiPolygon", "coordinates": [ [ [ [ 772637.867759500048123, 8982625.151677906513214 ], [ 772637.866527504636906, 8982625.081489134579897 ], [ 772637.862833036342636, 8982625.011386834084988 ], [ 772637.856680646538734, 8982624.941457372158766 ], [ 772637.848077915143222, 8982624.871786901727319 ], [ 772637.837035440490581, 8982624.802461253479123 ], [ 772637.823566827108152, 8982624.733565840870142 ], [ 772637.807688668021001, 8982624.66518553905189 ], [ 772637.78942052507773, 8982624.597404593601823 ], [ 772637.768784904736094, 8982624.53030651062727 ], [ 772637.745807229774073, 8982624.463973954319954 ], [ 772637.72051580878906, 8982624.398488646373153 ], [ 772637.692941800458357, 8982624.33393126539886 ], [ 772637.663119176053442, 8982624.270381342619658 ], [ 772637.631084676715545, 8982624.207917174324393 ], [ 772637.59687776886858, 8982624.146615713834763 ], [ 772637.56054059532471, 8982624.086552485823631 ], [ 772637.522117923363112, 8982624.027801485732198 ], [ 772637.481657089316286, 8982623.970435097813606 ], [ 772637.43920794094447, 8982623.914523996412754 ], [ 772637.394822775386274, 8982623.86013706214726 ], [ 772637.348556274897419, 8982623.807341299951077 ], [ 772637.300465439562686, 8982623.756201755255461 ], [ 772637.250609517097473, 8982623.706781428307295 ], [ 772637.199049929855391, 8982623.659141208976507 ], [ 772637.145850198925473, 8982623.61333978921175 ], [ 772637.091075866133906, 8982623.569433592259884 ], [ 772637.034794413251802, 8982623.527476714923978 ], [ 772636.977075178641826, 8982623.487520845606923 ], [ 772636.917989272275008, 8982623.449615208432078 ], [ 772636.857609487720765, 8982623.413806507363915 ], [ 772636.796010212507099, 8982623.380138853564858 ], [ 772636.733267336734571, 8982623.348653728142381 ], [ 772636.669458159245551, 8982623.319389920681715 ], [ 772636.604661292745732, 8982623.29238348454237 ], [ 772636.538956566597335, 8982623.267667690292001 ], [ 772636.472424928797409, 8982623.245272986590862 ], [ 772636.405148345977068, 8982623.22522696480155 ], [ 772636.337209702585824, 8982623.207554323598742 ], [ 772636.268692698678933, 8982623.192276831716299 ], [ 772636.199681746889837, 8982623.179413314908743 ], [ 772636.13026186847128, 8982623.168979616835713 ], [ 772636.060518588405102, 8982623.160988595336676 ], [ 772635.990537829929963, 8982623.155450092628598 ], [ 772635.920405809185468, 8982623.152370935305953 ], [ 772635.850208928342909, 8982623.151754913851619 ], [ 772635.780033669783734, 8982623.153602788224816 ], [ 772635.709966488997452, 8982623.157912282273173 ], [ 772635.640093708527274, 8982623.164678085595369 ], [ 772635.570501411217265, 8982623.173891864717007 ], [ 772635.501275334623642, 8982623.185542266815901 ], [ 772635.432500764727592, 8982623.199614938348532 ], [ 772635.364262431510724, 8982623.21609254181385 ], [ 772635.296644404530525, 8982623.234954778105021 ], [ 772635.229729988612235, 8982623.25617840886116 ], [ 772635.163601622101851, 8982623.279737286269665 ], [ 772635.09834077488631, 8982623.305602386593819 ], [ 772635.034027848043479, 8982623.333741841837764 ], [ 772634.9707420746563, 8982623.364120988175273 ], [ 772634.908561422605999, 8982623.396702393889427 ], [ 772634.847562498180196, 8982623.431445922702551 ], [ 772634.787820451776497, 8982623.46830876916647 ], [ 772634.729408885352314, 8982623.507245518267155 ], [ 772634.672399761504494, 8982623.548208201304078 ], [ 772634.616863315459341, 8982623.591146351769567 ], [ 772634.562867967644706, 8982623.636007068678737 ], [ 772634.510480240336619, 8982623.682735085487366 ], [ 772634.459764674655162, 8982623.731272833421826 ], [ 772634.410783752216958, 8982623.781560514122248 ], [ 772634.363597817136906, 8982623.833536172285676 ], [ 772634.318265002220869, 8982623.887135775759816 ], [ 772634.274841157486662, 8982623.942293288186193 ], [ 772634.233379780780524, 8982623.998940758407116 ], [ 772634.193931952351704, 8982624.05700839497149 ], [ 772634.15654627175536, 8982624.116424659267068 ], [ 772634.12126879801508, 8982624.177116349339485 ], [ 772634.088142992695794, 8982624.239008696749806 ], [ 772634.057209666701965, 8982624.302025446668267 ], [ 772634.028506929869764, 8982624.366088965907693 ], [ 772634.002070143586025, 8982624.43112032674253 ], [ 772633.977931878063828, 8982624.497039411216974 ], [ 772633.956121871364303, 8982624.56376500800252 ], [ 772633.936666993540712, 8982624.631214909255505 ], [ 772633.919591212645173, 8982624.699306020513177 ], [ 772633.90491556620691, 8982624.76795445010066 ], [ 772633.892658134340309, 8982624.837075624614954 ], [ 772633.882834018324502, 8982624.906584389507771 ], [ 772633.875455321394838, 8982624.976395107805729 ], [ 772633.870531133958139, 8982625.046421773731709 ], [ 772633.868067522649653, 8982625.116578115150332 ], [ 772633.868067522649653, 8982625.186777697876096 ], [ 772633.870531133958139, 8982625.25693403929472 ], [ 772633.875455321394838, 8982625.326960705220699 ], [ 772633.882834018324502, 8982625.396771423518658 ], [ 772633.892658134340309, 8982625.466280188411474 ], [ 772633.90491556620691, 8982625.535401362925768 ], [ 772633.919591212645173, 8982625.604049792513251 ], [ 772633.936666993540712, 8982625.672140903770924 ], [ 772633.956121871364303, 8982625.739590805023909 ], [ 772633.977931878063828, 8982625.806316401809454 ], [ 772634.002070143586025, 8982625.872235486283898 ], [ 772634.028506929869764, 8982625.937266847118735 ], [ 772634.057209666701965, 8982626.001330366358161 ], [ 772634.088142992695794, 8982626.064347116276622 ], [ 772634.12126879801508, 8982626.126239463686943 ], [ 772634.15654627175536, 8982626.18693115375936 ], [ 772634.193931952351704, 8982626.246347418054938 ], [ 772634.233379780780524, 8982626.304415054619312 ], [ 772634.274841157486662, 8982626.361062524840236 ], [ 772634.318265002220869, 8982626.416220037266612 ], [ 772634.363597817136906, 8982626.469819640740752 ], [ 772634.410783752216958, 8982626.521795298904181 ], [ 772634.459764674655162, 8982626.572082979604602 ], [ 772634.510480240336619, 8982626.620620727539062 ], [ 772634.562867967644706, 8982626.667348744347692 ], [ 772634.616863315459341, 8982626.712209461256862 ], [ 772634.672399761504494, 8982626.75514761172235 ], [ 772634.729408885352314, 8982626.796110294759274 ], [ 772634.787820451776497, 8982626.835047043859959 ], [ 772634.847562498180196, 8982626.871909890323877 ], [ 772634.908561422605999, 8982626.906653419137001 ], [ 772634.9707420746563, 8982626.939234824851155 ], [ 772635.034027848043479, 8982626.969613971188664 ], [ 772635.09834077488631, 8982626.99775342643261 ], [ 772635.163601622101851, 8982627.023618526756763 ], [ 772635.229729988612235, 8982627.047177404165268 ], [ 772635.296644404530525, 8982627.068401034921408 ], [ 772635.364262431510724, 8982627.087263271212578 ], [ 772635.432500764727592, 8982627.103740874677896 ], [ 772635.501275334623642, 8982627.117813546210527 ], [ 772635.570501411217265, 8982627.129463948309422 ], [ 772635.640093708527274, 8982627.138677727431059 ], [ 772635.709966488997452, 8982627.145443530753255 ], [ 772635.780033669783734, 8982627.149753024801612 ], [ 772635.850208928342909, 8982627.151600899174809 ], [ 772635.920405809185468, 8982627.150984877720475 ], [ 772635.990537829929963, 8982627.14790572039783 ], [ 772636.060518588405102, 8982627.142367217689753 ], [ 772636.13026186847128, 8982627.134376196190715 ], [ 772636.199681746889837, 8982627.123942498117685 ], [ 772636.268692698678933, 8982627.111078981310129 ], [ 772636.337209702585824, 8982627.095801489427686 ], [ 772636.405148345977068, 8982627.078128848224878 ], [ 772636.472424928797409, 8982627.058082826435566 ], [ 772636.538956566597335, 8982627.035688122734427 ], [ 772636.604661292745732, 8982627.010972328484058 ], [ 772636.669458159245551, 8982626.983965892344713 ], [ 772636.733267336734571, 8982626.954702084884048 ], [ 772636.796010212507099, 8982626.92321695946157 ], [ 772636.857609487720765, 8982626.889549305662513 ], [ 772636.917989272275008, 8982626.85374060459435 ], [ 772636.977075178641826, 8982626.815834967419505 ], [ 772637.034794413251802, 8982626.77587909810245 ], [ 772637.091075866133906, 8982626.733922220766544 ], [ 772637.145850198925473, 8982626.690016023814678 ], [ 772637.199049929855391, 8982626.644214604049921 ], [ 772637.250609517097473, 8982626.596574384719133 ], [ 772637.300465439562686, 8982626.547154057770967 ], [ 772637.348556274897419, 8982626.496014513075352 ], [ 772637.394822775386274, 8982626.443218750879169 ], [ 772637.43920794094447, 8982626.388831816613674 ], [ 772637.481657089316286, 8982626.332920715212822 ], [ 772637.522117923363112, 8982626.27555432729423 ], [ 772637.56054059532471, 8982626.216803327202797 ], [ 772637.59687776886858, 8982626.156740099191666 ], [ 772637.631084676715545, 8982626.095438638702035 ], [ 772637.663119176053442, 8982626.032974470406771 ], [ 772637.692941800458357, 8982625.969424547627568 ], [ 772637.72051580878906, 8982625.904867166653275 ], [ 772637.745807229774073, 8982625.839381858706474 ], [ 772637.768784904736094, 8982625.773049302399158 ], [ 772637.78942052507773, 8982625.705951219424605 ], [ 772637.807688668021001, 8982625.638170273974538 ], [ 772637.823566827108152, 8982625.569789972156286 ], [ 772637.837035440490581, 8982625.500894559547305 ], [ 772637.848077915143222, 8982625.431568911299109 ], [ 772637.856680646538734, 8982625.361898440867662 ], [ 772637.862833036342636, 8982625.291968978941441 ], [ 772637.866527504636906, 8982625.221866678446531 ], [ 772637.867759500048123, 8982625.151677906513214 ] ] ] ] } },
{ "type": "Feature", "properties": { "LAYER": "MBox", "GM_TYPE": "Unknown Area Type", "ELEVATION": null, "path": "D:/TGS GEOJSON/add data baru/Oebaba add/09_oe_ar_mbox.geojson" }, "geometry": { "type": "MultiPolygon", "coordinates": [ [ [ [ 772958.741819641902111, 8983474.945152975618839 ], [ 772958.740587646490894, 8983474.874964203685522 ], [ 772958.736893178196624, 8983474.804861903190613 ], [ 772958.730740788392723, 8983474.734932441264391 ], [ 772958.72213805699721, 8983474.665261970832944 ], [ 772958.711095582344569, 8983474.595936322584748 ], [ 772958.69762696896214, 8983474.527040909975767 ], [ 772958.681748809874989, 8983474.458660608157516 ], [ 772958.663480666931719, 8983474.390879662707448 ], [ 772958.642845046590082, 8983474.323781579732895 ], [ 772958.619867371628061, 8983474.257449023425579 ], [ 772958.594575950643048, 8983474.191963715478778 ], [ 772958.567001942312345, 8983474.127406334504485 ], [ 772958.53717931790743, 8983474.063856411725283 ], [ 772958.505144818569534, 8983474.001392243430018 ], [ 772958.470937910722569, 8983473.940090782940388 ], [ 772958.434600737178698, 8983473.880027554929256 ], [ 772958.3961780652171, 8983473.821276554837823 ], [ 772958.355717231170274, 8983473.763910166919231 ], [ 772958.313268082798459, 8983473.707999065518379 ], [ 772958.268882917240262, 8983473.653612131252885 ], [ 772958.222616416751407, 8983473.600816369056702 ], [ 772958.174525581416674, 8983473.549676824361086 ], [ 772958.124669658951461, 8983473.50025649741292 ], [ 772958.07311007170938, 8983473.452616278082132 ], [ 772958.019910340779461, 8983473.406814858317375 ], [ 772957.965136007987894, 8983473.362908661365509 ], [ 772957.90885455510579, 8983473.320951784029603 ], [ 772957.851135320495814, 8983473.280995914712548 ], [ 772957.792049414128996, 8983473.243090277537704 ], [ 772957.731669629574753, 8983473.207281576469541 ], [ 772957.670070354361087, 8983473.173613922670484 ], [ 772957.607327478588559, 8983473.142128797248006 ], [ 772957.543518301099539, 8983473.11286498978734 ], [ 772957.47872143459972, 8983473.085858553647995 ], [ 772957.413016708451323, 8983473.061142759397626 ], [ 772957.346485070651397, 8983473.038748055696487 ], [ 772957.279208487831056, 8983473.018702033907175 ], [ 772957.211269844439812, 8983473.001029392704368 ], [ 772957.142752840532921, 8983472.985751900821924 ], [ 772957.073741888743825, 8983472.972888384014368 ], [ 772957.004322010325268, 8983472.962454685941339 ], [ 772956.934578730259091, 8983472.954463664442301 ], [ 772956.864597971783951, 8983472.948925161734223 ], [ 772956.794465951039456, 8983472.945846004411578 ], [ 772956.724269070196897, 8983472.945229982957244 ], [ 772956.654093811637722, 8983472.947077857330441 ], [ 772956.58402663085144, 8983472.951387351378798 ], [ 772956.514153850381263, 8983472.958153154700994 ], [ 772956.444561553071253, 8983472.967366933822632 ], [ 772956.37533547647763, 8983472.979017335921526 ], [ 772956.306560906581581, 8983472.993090007454157 ], [ 772956.238322573364712, 8983473.009567610919476 ], [ 772956.170704546384513, 8983473.028429847210646 ], [ 772956.103790130466223, 8983473.049653477966785 ], [ 772956.037661763955839, 8983473.07321235537529 ], [ 772955.972400916740298, 8983473.099077455699444 ], [ 772955.908087989897467, 8983473.127216910943389 ], [ 772955.844802216510288, 8983473.157596057280898 ], [ 772955.782621564459987, 8983473.190177462995052 ], [ 772955.721622640034184, 8983473.224920991808176 ], [ 772955.661880593630485, 8983473.261783838272095 ], [ 772955.603469027206302, 8983473.30072058737278 ], [ 772955.546459903358482, 8983473.341683270409703 ], [ 772955.490923457313329, 8983473.384621420875192 ], [ 772955.436928109498695, 8983473.429482137784362 ], [ 772955.384540382190607, 8983473.476210154592991 ], [ 772955.33382481650915, 8983473.524747902527452 ], [ 772955.284843894070946, 8983473.575035583227873 ], [ 772955.237657958990894, 8983473.627011241391301 ], [ 772955.192325144074857, 8983473.680610844865441 ], [ 772955.14890129934065, 8983473.735768357291818 ], [ 772955.107439922634512, 8983473.792415827512741 ], [ 772955.067992094205692, 8983473.850483464077115 ], [ 772955.030606413609348, 8983473.909899728372693 ], [ 772954.995328939869069, 8983473.97059141844511 ], [ 772954.962203134549782, 8983474.032483765855432 ], [ 772954.931269808555953, 8983474.095500515773892 ], [ 772954.902567071723752, 8983474.159564035013318 ], [ 772954.876130285440013, 8983474.224595395848155 ], [ 772954.851992019917816, 8983474.290514480322599 ], [ 772954.830182013218291, 8983474.357240077108145 ], [ 772954.8107271353947, 8983474.42468997836113 ], [ 772954.793651354499161, 8983474.492781089618802 ], [ 772954.778975708060898, 8983474.561429519206285 ], [ 772954.766718276194297, 8983474.630550693720579 ], [ 772954.75689416017849, 8983474.700059458613396 ], [ 772954.749515463248827, 8983474.769870176911354 ], [ 772954.744591275812127, 8983474.839896842837334 ], [ 772954.742127664503641, 8983474.910053184255958 ], [ 772954.742127664503641, 8983474.980252766981721 ], [ 772954.744591275812127, 8983475.050409108400345 ], [ 772954.749515463248827, 8983475.120435774326324 ], [ 772954.75689416017849, 8983475.190246492624283 ], [ 772954.766718276194297, 8983475.259755257517099 ], [ 772954.778975708060898, 8983475.328876432031393 ], [ 772954.793651354499161, 8983475.397524861618876 ], [ 772954.8107271353947, 8983475.465615972876549 ], [ 772954.830182013218291, 8983475.533065874129534 ], [ 772954.851992019917816, 8983475.599791470915079 ], [ 772954.876130285440013, 8983475.665710555389524 ], [ 772954.902567071723752, 8983475.73074191622436 ], [ 772954.931269808555953, 8983475.794805435463786 ], [ 772954.962203134549782, 8983475.857822185382247 ], [ 772954.995328939869069, 8983475.919714532792568 ], [ 772955.030606413609348, 8983475.980406222864985 ], [ 772955.067992094205692, 8983476.039822487160563 ], [ 772955.107439922634512, 8983476.097890123724937 ], [ 772955.14890129934065, 8983476.154537593945861 ], [ 772955.192325144074857, 8983476.209695106372237 ], [ 772955.237657958990894, 8983476.263294709846377 ], [ 772955.284843894070946, 8983476.315270368009806 ], [ 772955.33382481650915, 8983476.365558048710227 ], [ 772955.384540382190607, 8983476.414095796644688 ], [ 772955.436928109498695, 8983476.460823813453317 ], [ 772955.490923457313329, 8983476.505684530362487 ], [ 772955.546459903358482, 8983476.548622680827975 ], [ 772955.603469027206302, 8983476.589585363864899 ], [ 772955.661880593630485, 8983476.628522112965584 ], [ 772955.721622640034184, 8983476.665384959429502 ], [ 772955.782621564459987, 8983476.700128488242626 ], [ 772955.844802216510288, 8983476.73270989395678 ], [ 772955.908087989897467, 8983476.76308904029429 ], [ 772955.972400916740298, 8983476.791228495538235 ], [ 772956.037661763955839, 8983476.817093595862389 ], [ 772956.103790130466223, 8983476.840652473270893 ], [ 772956.170704546384513, 8983476.861876104027033 ], [ 772956.238322573364712, 8983476.880738340318203 ], [ 772956.306560906581581, 8983476.897215943783522 ], [ 772956.37533547647763, 8983476.911288615316153 ], [ 772956.444561553071253, 8983476.922939017415047 ], [ 772956.514153850381263, 8983476.932152796536684 ], [ 772956.58402663085144, 8983476.93891859985888 ], [ 772956.654093811637722, 8983476.943228093907237 ], [ 772956.724269070196897, 8983476.945075968280435 ], [ 772956.794465951039456, 8983476.9444599468261 ], [ 772956.864597971783951, 8983476.941380789503455 ], [ 772956.934578730259091, 8983476.935842286795378 ], [ 772957.004322010325268, 8983476.92785126529634 ], [ 772957.073741888743825, 8983476.91741756722331 ], [ 772957.142752840532921, 8983476.904554050415754 ], [ 772957.211269844439812, 8983476.889276558533311 ], [ 772957.279208487831056, 8983476.871603917330503 ], [ 772957.346485070651397, 8983476.851557895541191 ], [ 772957.413016708451323, 8983476.829163191840053 ], [ 772957.47872143459972, 8983476.804447397589684 ], [ 772957.543518301099539, 8983476.777440961450338 ], [ 772957.607327478588559, 8983476.748177153989673 ], [ 772957.670070354361087, 8983476.716692028567195 ], [ 772957.731669629574753, 8983476.683024374768138 ], [ 772957.792049414128996, 8983476.647215673699975 ], [ 772957.851135320495814, 8983476.60931003652513 ], [ 772957.90885455510579, 8983476.569354167208076 ], [ 772957.965136007987894, 8983476.527397289872169 ], [ 772958.019910340779461, 8983476.483491092920303 ], [ 772958.07311007170938, 8983476.437689673155546 ], [ 772958.124669658951461, 8983476.390049453824759 ], [ 772958.174525581416674, 8983476.340629126876593 ], [ 772958.222616416751407, 8983476.289489582180977 ], [ 772958.268882917240262, 8983476.236693819984794 ], [ 772958.313268082798459, 8983476.182306885719299 ], [ 772958.355717231170274, 8983476.126395784318447 ], [ 772958.3961780652171, 8983476.069029396399856 ], [ 772958.434600737178698, 8983476.010278396308422 ], [ 772958.470937910722569, 8983475.950215168297291 ], [ 772958.505144818569534, 8983475.88891370780766 ], [ 772958.53717931790743, 8983475.826449539512396 ], [ 772958.567001942312345, 8983475.762899616733193 ], [ 772958.594575950643048, 8983475.698342235758901 ], [ 772958.619867371628061, 8983475.632856927812099 ], [ 772958.642845046590082, 8983475.566524371504784 ], [ 772958.663480666931719, 8983475.499426288530231 ], [ 772958.681748809874989, 8983475.431645343080163 ], [ 772958.69762696896214, 8983475.363265041261911 ], [ 772958.711095582344569, 8983475.29436962865293 ], [ 772958.72213805699721, 8983475.225043980404735 ], [ 772958.730740788392723, 8983475.155373509973288 ], [ 772958.736893178196624, 8983475.085444048047066 ], [ 772958.740587646490894, 8983475.015341747552156 ], [ 772958.741819641902111, 8983474.945152975618839 ] ] ] ] } }
]
}
