{
"type": "FeatureCollection",
"name": "09_oe_ar_0",
"crs": { "type": "name", "properties": { "name": "urn:ogc:def:crs:EPSG::32751" } },
"features": [
{ "type": "Feature", "properties": { "LAYER": "0", "GM_TYPE": "Unknown Area Type", "ELEVATION": 0 }, "geometry": { "type": "MultiPolygon", "coordinates": [ [ [ [ 777663.329262796323746, 8983012.056705132126808 ], [ 777663.329262797022238, 8983016.056705132126808 ], [ 777663.329262796440162, 8983016.056705130264163 ], [ 777667.329262795858085, 8983016.056705130264163 ], [ 777667.329262795043178, 8983016.056705132126808 ], [ 777667.329262794344686, 8983012.056705132126808 ], [ 777667.329262795276009, 8983012.056705132126808 ], [ 777663.329262796207331, 8983012.056705132126808 ], [ 777663.329262796323746, 8983012.056705132126808 ] ] ] ] } },
{ "type": "Feature", "properties": { "LAYER": "0", "GM_TYPE": "Unknown Area Type", "ELEVATION": 0 }, "geometry": { "type": "MultiPolygon", "coordinates": [ [ [ [ 777679.70699874276761, 8983014.563538616523147 ], [ 777679.695668343221769, 8983014.35095164552331 ], [ 777679.661805522395298, 8983014.140773368999362 ], [ 777679.605793959693983, 8983013.935385191813111 ], [ 777679.528268288471736, 8983013.737114245072007 ], [ 777679.430106905521825, 8983013.548207016661763 ], [ 777679.312422018614598, 8983013.370803900063038 ], [ 777679.176547044538893, 8983013.206914944574237 ], [ 777679.024021500954404, 8983013.058397077023983 ], [ 777678.85657356318552, 8983012.926933065056801 ], [ 777678.676100483397022, 8983012.814012447372079 ], [ 777678.48464709369, 8983012.720914660021663 ], [ 777678.284382637473755, 8983012.648694539442658 ], [ 777678.077576190931723, 8983012.598170368000865 ], [ 777677.86657095386181, 8983012.569914601743221 ], [ 777677.65375769988168, 8983012.564247393980622 ], [ 777677.441547688213177, 8983012.581232953816652 ], [ 777677.232345342985354, 8983012.620678830891848 ], [ 777677.028521010535769, 8983012.68213808350265 ], [ 777676.832384101813659, 8983012.764914356172085 ], [ 777676.646156926522963, 8983012.868069760501385 ], [ 777676.471949512837455, 8983012.990435505285859 ], [ 777676.31173570046667, 8983013.130625136196613 ], [ 777676.167330775875598, 8983013.287050249055028 ], [ 777676.040370904607698, 8983013.457938486710191 ], [ 777675.93229459261056, 8983013.64135361276567 ], [ 777675.844326387858018, 8983013.835217466577888 ], [ 777675.777463005157188, 8983014.037333488464355 ], [ 777675.732462033280171, 8983014.245411625131965 ], [ 777675.709833351429552, 8983014.457094267010689 ], [ 777675.709833351429552, 8983014.669982966035604 ], [ 777675.732462033280171, 8983014.881665607914329 ], [ 777675.777463005157188, 8983015.089743744581938 ], [ 777675.844326387858018, 8983015.291859766468406 ], [ 777675.93229459261056, 8983015.485723620280623 ], [ 777676.040370904607698, 8983015.669138746336102 ], [ 777676.167330775875598, 8983015.840026983991265 ], [ 777676.31173570046667, 8983015.99645209684968 ], [ 777676.471949512837455, 8983016.136641727760434 ], [ 777676.646156926522963, 8983016.259007472544909 ], [ 777676.832384101813659, 8983016.362162876874208 ], [ 777677.028521010535769, 8983016.444939149543643 ], [ 777677.232345342985354, 8983016.506398402154446 ], [ 777677.441547688213177, 8983016.545844279229641 ], [ 777677.65375769988168, 8983016.562829839065671 ], [ 777677.86657095386181, 8983016.557162631303072 ], [ 777678.077576190931723, 8983016.528906865045428 ], [ 777678.284382637473755, 8983016.478382693603635 ], [ 777678.48464709369, 8983016.406162573024631 ], [ 777678.676100483397022, 8983016.313064785674214 ], [ 777678.85657356318552, 8983016.200144167989492 ], [ 777679.024021500954404, 8983016.06868015602231 ], [ 777679.176547044538893, 8983015.920162288472056 ], [ 777679.312422018614598, 8983015.756273332983255 ], [ 777679.430106905521825, 8983015.57887021638453 ], [ 777679.528268288471736, 8983015.389962987974286 ], [ 777679.605793959693983, 8983015.191692041233182 ], [ 777679.661805522395298, 8983014.986303864046931 ], [ 777679.695668343221769, 8983014.776125587522984 ], [ 777679.70699874276761, 8983014.563538616523147 ] ] ] ] } },
{ "type": "Feature", "properties": { "LAYER": "0", "GM_TYPE": "Unknown Area Type", "ELEVATION": 0 }, "geometry": { "type": "MultiPolygon", "coordinates": [ [ [ [ 777582.394747018814087, 8983022.167808815836906 ], [ 777586.394747018814087, 8983022.167808815836906 ], [ 777586.394747018814087, 8983018.167808817699552 ], [ 777582.394747018814087, 8983018.167808817699552 ], [ 777582.394747018814087, 8983022.167808815836906 ] ] ] ] } },
{ "type": "Feature", "properties": { "LAYER": "0", "GM_TYPE": "Unknown Area Type", "ELEVATION": 0 }, "geometry": { "type": "MultiPolygon", "coordinates": [ [ [ [ 775872.719634485198185, 8983019.811492025852203 ], [ 775872.708304085652344, 8983019.598905054852366 ], [ 775872.674441264825873, 8983019.388726778328419 ], [ 775872.618429702124558, 8983019.183338601142168 ], [ 775872.540904030902311, 8983018.985067654401064 ], [ 775872.4427426479524, 8983018.79616042599082 ], [ 775872.325057761045173, 8983018.618757309392095 ], [ 775872.189182786969468, 8983018.454868353903294 ], [ 775872.03665724338498, 8983018.30635048635304 ], [ 775871.869209305616096, 8983018.174886474385858 ], [ 775871.688736225827597, 8983018.061965856701136 ], [ 775871.497282836120576, 8983017.968868069350719 ], [ 775871.29701837990433, 8983017.896647948771715 ], [ 775871.090211933362298, 8983017.846123777329922 ], [ 775870.879206696292385, 8983017.817868011072278 ], [ 775870.666393442312256, 8983017.812200803309679 ], [ 775870.454183430643752, 8983017.829186363145709 ], [ 775870.24498108541593, 8983017.868632240220904 ], [ 775870.041156752966344, 8983017.930091492831707 ], [ 775869.845019844244234, 8983018.012867765501142 ], [ 775869.658792668953538, 8983018.116023169830441 ], [ 775869.48458525526803, 8983018.238388914614916 ], [ 775869.324371442897245, 8983018.37857854552567 ], [ 775869.179966518306173, 8983018.535003658384085 ], [ 775869.053006647038274, 8983018.705891896039248 ], [ 775868.944930335041136, 8983018.889307022094727 ], [ 775868.856962130288593, 8983019.083170875906944 ], [ 775868.790098747587763, 8983019.285286897793412 ], [ 775868.745097775710747, 8983019.493365034461021 ], [ 775868.722469093860127, 8983019.705047676339746 ], [ 775868.722469093860127, 8983019.917936375364661 ], [ 775868.745097775710747, 8983020.129619017243385 ], [ 775868.790098747587763, 8983020.337697153910995 ], [ 775868.856962130288593, 8983020.539813175797462 ], [ 775868.944930335041136, 8983020.73367702960968 ], [ 775869.053006647038274, 8983020.917092155665159 ], [ 775869.179966518306173, 8983021.087980393320322 ], [ 775869.324371442897245, 8983021.244405506178737 ], [ 775869.48458525526803, 8983021.384595137089491 ], [ 775869.658792668953538, 8983021.506960881873965 ], [ 775869.845019844244234, 8983021.610116286203265 ], [ 775870.041156752966344, 8983021.6928925588727 ], [ 775870.24498108541593, 8983021.754351811483502 ], [ 775870.454183430643752, 8983021.793797688558698 ], [ 775870.666393442312256, 8983021.810783248394728 ], [ 775870.879206696292385, 8983021.805116040632129 ], [ 775871.090211933362298, 8983021.776860274374485 ], [ 775871.29701837990433, 8983021.726336102932692 ], [ 775871.497282836120576, 8983021.654115982353687 ], [ 775871.688736225827597, 8983021.561018195003271 ], [ 775871.869209305616096, 8983021.448097577318549 ], [ 775872.03665724338498, 8983021.316633565351367 ], [ 775872.189182786969468, 8983021.168115697801113 ], [ 775872.325057761045173, 8983021.004226742312312 ], [ 775872.4427426479524, 8983020.826823625713587 ], [ 775872.540904030902311, 8983020.637916397303343 ], [ 775872.618429702124558, 8983020.439645450562239 ], [ 775872.674441264825873, 8983020.234257273375988 ], [ 775872.708304085652344, 8983020.02407899685204 ], [ 775872.719634485198185, 8983019.811492025852203 ] ] ] ] } },
{ "type": "Feature", "properties": { "LAYER": "0", "GM_TYPE": "Unknown Area Type", "ELEVATION": 0 }, "geometry": { "type": "MultiPolygon", "coordinates": [ [ [ [ 776065.422693872242235, 8983187.199176181107759 ], [ 776067.892129651852883, 8983190.345902565866709 ], [ 776071.038856034749188, 8983187.876466784626245 ], [ 776068.569420255254954, 8983184.729740399867296 ], [ 776065.422693872242235, 8983187.199176181107759 ] ] ] ] } },
{ "type": "Feature", "properties": { "LAYER": "0", "GM_TYPE": "Unknown Area Type", "ELEVATION": 0 }, "geometry": { "type": "MultiPolygon", "coordinates": [ [ [ [ 776352.773022623965517, 8983335.516816973686218 ], [ 776354.055787168676034, 8983339.305552270263433 ], [ 776357.844522461644374, 8983338.022787723690271 ], [ 776356.561757916817442, 8983334.234052430838346 ], [ 776352.773022623965517, 8983335.516816973686218 ] ] ] ] } },
{ "type": "Feature", "properties": { "LAYER": "0", "GM_TYPE": "Unknown Area Type", "ELEVATION": 0 }, "geometry": { "type": "MultiPolygon", "coordinates": [ [ [ [ 776581.491543566226028, 8983163.530210345983505 ], [ 776585.323301988886669, 8983162.38233083114028 ], [ 776584.175422472180799, 8983158.550572410225868 ], [ 776580.343664049520157, 8983159.698451928794384 ], [ 776581.491543566226028, 8983163.530210345983505 ] ] ] ] } },
{ "type": "Feature", "properties": { "LAYER": "0", "GM_TYPE": "Unknown Area Type", "ELEVATION": 0 }, "geometry": { "type": "MultiPolygon", "coordinates": [ [ [ [ 776851.823645803146064, 8983107.623675243929029 ], [ 776855.655404226039536, 8983106.475795727223158 ], [ 776854.507524709333666, 8983102.644037306308746 ], [ 776850.675766286556609, 8983103.791916824877262 ], [ 776851.823645803146064, 8983107.623675243929029 ] ] ] ] } },
{ "type": "Feature", "properties": { "LAYER": "0", "GM_TYPE": "Unknown Area Type", "ELEVATION": 0 }, "geometry": { "type": "MultiPolygon", "coordinates": [ [ [ [ 777234.83864996326156, 8982979.553970821201801 ], [ 777234.827319563715719, 8982979.341383850201964 ], [ 777234.793456742889248, 8982979.131205573678017 ], [ 777234.737445180187933, 8982978.925817396491766 ], [ 777234.659919508965686, 8982978.727546449750662 ], [ 777234.561758126015775, 8982978.538639221340418 ], [ 777234.444073239108548, 8982978.361236104741693 ], [ 777234.308198265032843, 8982978.197347149252892 ], [ 777234.155672721448354, 8982978.048829281702638 ], [ 777233.98822478367947, 8982977.917365269735456 ], [ 777233.807751703890972, 8982977.804444652050734 ], [ 777233.61629831418395, 8982977.711346864700317 ], [ 777233.416033857967705, 8982977.639126744121313 ], [ 777233.209227411425672, 8982977.58860257267952 ], [ 777232.99822217435576, 8982977.560346806421876 ], [ 777232.78540892037563, 8982977.554679598659277 ], [ 777232.573198908707127, 8982977.571665158495307 ], [ 777232.363996563479304, 8982977.611111035570502 ], [ 777232.160172231029719, 8982977.672570288181305 ], [ 777231.964035322307609, 8982977.755346560850739 ], [ 777231.777808147016913, 8982977.858501965180039 ], [ 777231.603600733331405, 8982977.980867709964514 ], [ 777231.44338692096062, 8982978.121057340875268 ], [ 777231.298981996369548, 8982978.277482453733683 ], [ 777231.172022125101648, 8982978.448370691388845 ], [ 777231.06394581310451, 8982978.631785817444324 ], [ 777230.975977608351968, 8982978.825649671256542 ], [ 777230.909114225651138, 8982979.02776569314301 ], [ 777230.864113253774121, 8982979.235843829810619 ], [ 777230.841484571923502, 8982979.447526471689343 ], [ 777230.841484571923502, 8982979.660415170714259 ], [ 777230.864113253774121, 8982979.872097812592983 ], [ 777230.909114225651138, 8982980.080175949260592 ], [ 777230.975977608351968, 8982980.28229197114706 ], [ 777231.06394581310451, 8982980.476155824959278 ], [ 777231.172022125101648, 8982980.659570951014757 ], [ 777231.298981996369548, 8982980.83045918866992 ], [ 777231.44338692096062, 8982980.986884301528335 ], [ 777231.603600733331405, 8982981.127073932439089 ], [ 777231.777808147016913, 8982981.249439677223563 ], [ 777231.964035322307609, 8982981.352595081552863 ], [ 777232.160172231029719, 8982981.435371354222298 ], [ 777232.363996563479304, 8982981.4968306068331 ], [ 777232.573198908707127, 8982981.536276483908296 ], [ 777232.78540892037563, 8982981.553262043744326 ], [ 777232.99822217435576, 8982981.547594835981727 ], [ 777233.209227411425672, 8982981.519339069724083 ], [ 777233.416033857967705, 8982981.46881489828229 ], [ 777233.61629831418395, 8982981.396594777703285 ], [ 777233.807751703890972, 8982981.303496990352869 ], [ 777233.98822478367947, 8982981.190576372668147 ], [ 777234.155672721448354, 8982981.059112360700965 ], [ 777234.308198265032843, 8982980.910594493150711 ], [ 777234.444073239108548, 8982980.74670553766191 ], [ 777234.561758126015775, 8982980.569302421063185 ], [ 777234.659919508965686, 8982980.380395192652941 ], [ 777234.737445180187933, 8982980.182124245911837 ], [ 777234.793456742889248, 8982979.976736068725586 ], [ 777234.827319563715719, 8982979.766557792201638 ], [ 777234.83864996326156, 8982979.553970821201801 ] ] ] ] } },
{ "type": "Feature", "properties": { "LAYER": "0", "GM_TYPE": "Unknown Area Type", "ELEVATION": 0 }, "geometry": { "type": "MultiPolygon", "coordinates": [ [ [ [ 775810.730539659736678, 8982801.966753950342536 ], [ 775810.719209260190837, 8982801.754166979342699 ], [ 775810.685346439364366, 8982801.543988702818751 ], [ 775810.629334876663052, 8982801.338600525632501 ], [ 775810.551809205440804, 8982801.140329578891397 ], [ 775810.453647822490893, 8982800.951422350481153 ], [ 775810.335962935583666, 8982800.774019233882427 ], [ 775810.200087961507961, 8982800.610130278393626 ], [ 775810.047562417923473, 8982800.461612410843372 ], [ 775809.880114480154589, 8982800.33014839887619 ], [ 775809.69964140036609, 8982800.217227781191468 ], [ 775809.508188010659069, 8982800.124129993841052 ], [ 775809.307923554442823, 8982800.051909873262048 ], [ 775809.101117107900791, 8982800.001385701820254 ], [ 775808.890111870830879, 8982799.973129935562611 ], [ 775808.677298616850749, 8982799.967462727800012 ], [ 775808.465088605182245, 8982799.984448287636042 ], [ 775808.255886259954423, 8982800.023894164711237 ], [ 775808.052061927504838, 8982800.08535341732204 ], [ 775807.855925018782727, 8982800.168129689991474 ], [ 775807.669697843492031, 8982800.271285094320774 ], [ 775807.495490429806523, 8982800.393650839105248 ], [ 775807.335276617435738, 8982800.533840470016003 ], [ 775807.190871692844667, 8982800.690265582874417 ], [ 775807.063911821576767, 8982800.86115382052958 ], [ 775806.955835509579629, 8982801.044568946585059 ], [ 775806.867867304827087, 8982801.238432800397277 ], [ 775806.801003922126256, 8982801.440548822283745 ], [ 775806.75600295024924, 8982801.648626958951354 ], [ 775806.73337426839862, 8982801.860309600830078 ], [ 775806.73337426839862, 8982802.073198299854994 ], [ 775806.75600295024924, 8982802.284880941733718 ], [ 775806.801003922126256, 8982802.492959078401327 ], [ 775806.867867304827087, 8982802.695075100287795 ], [ 775806.955835509579629, 8982802.888938954100013 ], [ 775807.063911821576767, 8982803.072354080155492 ], [ 775807.190871692844667, 8982803.243242317810655 ], [ 775807.335276617435738, 8982803.399667430669069 ], [ 775807.495490429806523, 8982803.539857061579823 ], [ 775807.669697843492031, 8982803.662222806364298 ], [ 775807.855925018782727, 8982803.765378210693598 ], [ 775808.052061927504838, 8982803.848154483363032 ], [ 775808.255886259954423, 8982803.909613735973835 ], [ 775808.465088605182245, 8982803.94905961304903 ], [ 775808.677298616850749, 8982803.96604517288506 ], [ 775808.890111870830879, 8982803.960377965122461 ], [ 775809.101117107900791, 8982803.932122198864818 ], [ 775809.307923554442823, 8982803.881598027423024 ], [ 775809.508188010659069, 8982803.80937790684402 ], [ 775809.69964140036609, 8982803.716280119493604 ], [ 775809.880114480154589, 8982803.603359501808882 ], [ 775810.047562417923473, 8982803.4718954898417 ], [ 775810.200087961507961, 8982803.323377622291446 ], [ 775810.335962935583666, 8982803.159488666802645 ], [ 775810.453647822490893, 8982802.982085550203919 ], [ 775810.551809205440804, 8982802.793178321793675 ], [ 775810.629334876663052, 8982802.594907375052571 ], [ 775810.685346439364366, 8982802.389519197866321 ], [ 775810.719209260190837, 8982802.179340921342373 ], [ 775810.730539659736678, 8982801.966753950342536 ] ] ] ] } },
{ "type": "Feature", "properties": { "LAYER": "0", "GM_TYPE": "Unknown Area Type", "ELEVATION": 0 }, "geometry": { "type": "MultiPolygon", "coordinates": [ [ [ [ 775641.973216320737265, 8982272.949053108692169 ], [ 775641.961885921191424, 8982272.736466137692332 ], [ 775641.928023100364953, 8982272.526287861168385 ], [ 775641.872011537663639, 8982272.320899683982134 ], [ 775641.794485866441391, 8982272.12262873724103 ], [ 775641.69632448349148, 8982271.933721508830786 ], [ 775641.578639596584253, 8982271.75631839223206 ], [ 775641.442764622508548, 8982271.592429436743259 ], [ 775641.29023907892406, 8982271.443911569193006 ], [ 775641.122791141155176, 8982271.312447557225823 ], [ 775640.942318061366677, 8982271.199526939541101 ], [ 775640.750864671659656, 8982271.106429152190685 ], [ 775640.55060021544341, 8982271.034209031611681 ], [ 775640.343793768901378, 8982270.983684860169888 ], [ 775640.132788531831466, 8982270.955429093912244 ], [ 775639.919975277851336, 8982270.949761886149645 ], [ 775639.707765266182832, 8982270.966747445985675 ], [ 775639.49856292095501, 8982271.00619332306087 ], [ 775639.294738588505425, 8982271.067652575671673 ], [ 775639.098601679783314, 8982271.150428848341107 ], [ 775638.912374504492618, 8982271.253584252670407 ], [ 775638.73816709080711, 8982271.375949997454882 ], [ 775638.577953278436325, 8982271.516139628365636 ], [ 775638.433548353845254, 8982271.672564741224051 ], [ 775638.306588482577354, 8982271.843452978879213 ], [ 775638.198512170580216, 8982272.026868104934692 ], [ 775638.110543965827674, 8982272.22073195874691 ], [ 775638.043680583126843, 8982272.422847980633378 ], [ 775637.998679611249827, 8982272.630926117300987 ], [ 775637.976050929399207, 8982272.842608759179711 ], [ 775637.976050929399207, 8982273.055497458204627 ], [ 775637.998679611249827, 8982273.267180100083351 ], [ 775638.043680583126843, 8982273.47525823675096 ], [ 775638.110543965827674, 8982273.677374258637428 ], [ 775638.198512170580216, 8982273.871238112449646 ], [ 775638.306588482577354, 8982274.054653238505125 ], [ 775638.433548353845254, 8982274.225541476160288 ], [ 775638.577953278436325, 8982274.381966589018703 ], [ 775638.73816709080711, 8982274.522156219929457 ], [ 775638.912374504492618, 8982274.644521964713931 ], [ 775639.098601679783314, 8982274.747677369043231 ], [ 775639.294738588505425, 8982274.830453641712666 ], [ 775639.49856292095501, 8982274.891912894323468 ], [ 775639.707765266182832, 8982274.931358771398664 ], [ 775639.919975277851336, 8982274.948344331234694 ], [ 775640.132788531831466, 8982274.942677123472095 ], [ 775640.343793768901378, 8982274.914421357214451 ], [ 775640.55060021544341, 8982274.863897185772657 ], [ 775640.750864671659656, 8982274.791677065193653 ], [ 775640.942318061366677, 8982274.698579277843237 ], [ 775641.122791141155176, 8982274.585658660158515 ], [ 775641.29023907892406, 8982274.454194648191333 ], [ 775641.442764622508548, 8982274.305676780641079 ], [ 775641.578639596584253, 8982274.141787825152278 ], [ 775641.69632448349148, 8982273.964384708553553 ], [ 775641.794485866441391, 8982273.775477480143309 ], [ 775641.872011537663639, 8982273.577206533402205 ], [ 775641.928023100364953, 8982273.371818356215954 ], [ 775641.961885921191424, 8982273.161640079692006 ], [ 775641.973216320737265, 8982272.949053108692169 ] ] ] ] } },
{ "type": "Feature", "properties": { "LAYER": "0", "GM_TYPE": "Unknown Area Type", "ELEVATION": 0 }, "geometry": { "type": "MultiPolygon", "coordinates": [ [ [ [ 775428.957765432656743, 8982815.488810330629349 ], [ 775429.65094373235479, 8982819.428290478885174 ], [ 775433.59042387874797, 8982818.735112179070711 ], [ 775432.897245580796152, 8982814.795632030814886 ], [ 775428.957765432656743, 8982815.488810330629349 ] ] ] ] } },
{ "type": "Feature", "properties": { "LAYER": "0", "GM_TYPE": "Unknown Area Type", "ELEVATION": 0 }, "geometry": { "type": "MultiPolygon", "coordinates": [ [ [ [ 775372.704574296018109, 8982710.107427880167961 ], [ 775373.397752595832571, 8982714.046908028423786 ], [ 775377.337232742225751, 8982713.353729728609324 ], [ 775376.644054444273934, 8982709.414249582216144 ], [ 775372.704574296018109, 8982710.107427880167961 ] ] ] ] } },
{ "type": "Feature", "properties": { "LAYER": "0", "GM_TYPE": "Unknown Area Type", "ELEVATION": 0 }, "geometry": { "type": "MultiPolygon", "coordinates": [ [ [ [ 775274.88385422131978, 8982204.829913038760424 ], [ 775274.642233389546163, 8982208.822608791291714 ], [ 775278.634929140447639, 8982209.064229622483253 ], [ 775278.876549973385409, 8982205.071533873677254 ], [ 775274.88385422131978, 8982204.829913038760424 ] ] ] ] } },
{ "type": "Feature", "properties": { "LAYER": "0", "GM_TYPE": "Unknown Area Type", "ELEVATION": 0 }, "geometry": { "type": "MultiPolygon", "coordinates": [ [ [ [ 775302.032459026551805, 8982210.085717007517815 ], [ 775302.021128627005965, 8982209.873130036517978 ], [ 775301.987265806179494, 8982209.66295175999403 ], [ 775301.931254243478179, 8982209.457563582807779 ], [ 775301.853728572255932, 8982209.259292636066675 ], [ 775301.755567189306021, 8982209.070385407656431 ], [ 775301.637882302398793, 8982208.892982291057706 ], [ 775301.502007328323089, 8982208.729093335568905 ], [ 775301.3494817847386, 8982208.580575468018651 ], [ 775301.182033846969716, 8982208.449111456051469 ], [ 775301.001560767181218, 8982208.336190838366747 ], [ 775300.810107377474196, 8982208.243093051016331 ], [ 775300.60984292125795, 8982208.170872930437326 ], [ 775300.403036474715918, 8982208.120348758995533 ], [ 775300.192031237646006, 8982208.092092992737889 ], [ 775299.979217983665876, 8982208.08642578497529 ], [ 775299.767007971997373, 8982208.10341134481132 ], [ 775299.55780562676955, 8982208.142857221886516 ], [ 775299.353981294319965, 8982208.204316474497318 ], [ 775299.157844385597855, 8982208.287092747166753 ], [ 775298.971617210307159, 8982208.390248151496053 ], [ 775298.79740979662165, 8982208.512613896280527 ], [ 775298.637195984250866, 8982208.652803527191281 ], [ 775298.492791059659794, 8982208.809228640049696 ], [ 775298.365831188391894, 8982208.980116877704859 ], [ 775298.257754876394756, 8982209.163532003760338 ], [ 775298.169786671642214, 8982209.357395857572556 ], [ 775298.102923288941383, 8982209.559511879459023 ], [ 775298.057922317064367, 8982209.767590016126633 ], [ 775298.035293635213748, 8982209.979272658005357 ], [ 775298.035293635213748, 8982210.192161357030272 ], [ 775298.057922317064367, 8982210.403843998908997 ], [ 775298.102923288941383, 8982210.611922135576606 ], [ 775298.169786671642214, 8982210.814038157463074 ], [ 775298.257754876394756, 8982211.007902011275291 ], [ 775298.365831188391894, 8982211.19131713733077 ], [ 775298.492791059659794, 8982211.362205374985933 ], [ 775298.637195984250866, 8982211.518630487844348 ], [ 775298.79740979662165, 8982211.658820118755102 ], [ 775298.971617210307159, 8982211.781185863539577 ], [ 775299.157844385597855, 8982211.884341267868876 ], [ 775299.353981294319965, 8982211.967117540538311 ], [ 775299.55780562676955, 8982212.028576793149114 ], [ 775299.767007971997373, 8982212.068022670224309 ], [ 775299.979217983665876, 8982212.085008230060339 ], [ 775300.192031237646006, 8982212.07934102229774 ], [ 775300.403036474715918, 8982212.051085256040096 ], [ 775300.60984292125795, 8982212.000561084598303 ], [ 775300.810107377474196, 8982211.928340964019299 ], [ 775301.001560767181218, 8982211.835243176668882 ], [ 775301.182033846969716, 8982211.72232255898416 ], [ 775301.3494817847386, 8982211.590858547016978 ], [ 775301.502007328323089, 8982211.442340679466724 ], [ 775301.637882302398793, 8982211.278451723977923 ], [ 775301.755567189306021, 8982211.101048607379198 ], [ 775301.853728572255932, 8982210.912141378968954 ], [ 775301.931254243478179, 8982210.71387043222785 ], [ 775301.987265806179494, 8982210.508482255041599 ], [ 775302.021128627005965, 8982210.298303978517652 ], [ 775302.032459026551805, 8982210.085717007517815 ] ] ] ] } },
{ "type": "Feature", "properties": { "LAYER": "0", "GM_TYPE": "Unknown Area Type", "ELEVATION": 0 }, "geometry": { "type": "MultiPolygon", "coordinates": [ [ [ [ 775323.961018237750977, 8982368.371753603219986 ], [ 775323.949687838205136, 8982368.159166632220149 ], [ 775323.915825017378666, 8982367.948988355696201 ], [ 775323.859813454677351, 8982367.743600178509951 ], [ 775323.782287783455104, 8982367.545329231768847 ], [ 775323.684126400505193, 8982367.356422003358603 ], [ 775323.566441513597965, 8982367.179018886759877 ], [ 775323.43056653952226, 8982367.015129931271076 ], [ 775323.278040995937772, 8982366.866612063720822 ], [ 775323.110593058168888, 8982366.73514805175364 ], [ 775322.93011997838039, 8982366.622227434068918 ], [ 775322.738666588673368, 8982366.529129646718502 ], [ 775322.538402132457122, 8982366.456909526139498 ], [ 775322.33159568591509, 8982366.406385354697704 ], [ 775322.120590448845178, 8982366.378129588440061 ], [ 775321.907777194865048, 8982366.372462380677462 ], [ 775321.695567183196545, 8982366.389447940513492 ], [ 775321.486364837968722, 8982366.428893817588687 ], [ 775321.282540505519137, 8982366.49035307019949 ], [ 775321.086403596797027, 8982366.573129342868924 ], [ 775320.90017642150633, 8982366.676284747198224 ], [ 775320.725969007820822, 8982366.798650491982698 ], [ 775320.565755195450038, 8982366.938840122893453 ], [ 775320.421350270858966, 8982367.095265235751867 ], [ 775320.294390399591066, 8982367.26615347340703 ], [ 775320.186314087593928, 8982367.449568599462509 ], [ 775320.098345882841386, 8982367.643432453274727 ], [ 775320.031482500140555, 8982367.845548475161195 ], [ 775319.986481528263539, 8982368.053626611828804 ], [ 775319.963852846412919, 8982368.265309253707528 ], [ 775319.963852846412919, 8982368.478197952732444 ], [ 775319.986481528263539, 8982368.689880594611168 ], [ 775320.031482500140555, 8982368.897958731278777 ], [ 775320.098345882841386, 8982369.100074753165245 ], [ 775320.186314087593928, 8982369.293938606977463 ], [ 775320.294390399591066, 8982369.477353733032942 ], [ 775320.421350270858966, 8982369.648241970688105 ], [ 775320.565755195450038, 8982369.804667083546519 ], [ 775320.725969007820822, 8982369.944856714457273 ], [ 775320.90017642150633, 8982370.067222459241748 ], [ 775321.086403596797027, 8982370.170377863571048 ], [ 775321.282540505519137, 8982370.253154136240482 ], [ 775321.486364837968722, 8982370.314613388851285 ], [ 775321.695567183196545, 8982370.35405926592648 ], [ 775321.907777194865048, 8982370.37104482576251 ], [ 775322.120590448845178, 8982370.365377617999911 ], [ 775322.33159568591509, 8982370.337121851742268 ], [ 775322.538402132457122, 8982370.286597680300474 ], [ 775322.738666588673368, 8982370.21437755972147 ], [ 775322.93011997838039, 8982370.121279772371054 ], [ 775323.110593058168888, 8982370.008359154686332 ], [ 775323.278040995937772, 8982369.87689514271915 ], [ 775323.43056653952226, 8982369.728377275168896 ], [ 775323.566441513597965, 8982369.564488319680095 ], [ 775323.684126400505193, 8982369.387085203081369 ], [ 775323.782287783455104, 8982369.198177974671125 ], [ 775323.859813454677351, 8982368.999907027930021 ], [ 775323.915825017378666, 8982368.794518850743771 ], [ 775323.949687838205136, 8982368.584340574219823 ], [ 775323.961018237750977, 8982368.371753603219986 ] ] ] ] } },
{ "type": "Feature", "properties": { "LAYER": "0", "GM_TYPE": "Unknown Area Type", "ELEVATION": 0 }, "geometry": { "type": "MultiPolygon", "coordinates": [ [ [ [ 775350.342291194363497, 8982564.851970672607422 ], [ 775351.035469494294375, 8982568.791450820863247 ], [ 775354.974949640687555, 8982568.098272521048784 ], [ 775354.281771342852153, 8982564.158792372792959 ], [ 775350.342291194363497, 8982564.851970672607422 ] ] ] ] } },
{ "type": "Feature", "properties": { "LAYER": "0", "GM_TYPE": "Unknown Area Type", "ELEVATION": 0 }, "geometry": { "type": "MultiPolygon", "coordinates": [ [ [ [ 775699.278334968723357, 8982452.588203065097332 ], [ 775699.267004569177516, 8982452.375616094097495 ], [ 775699.233141748351045, 8982452.165437817573547 ], [ 775699.17713018564973, 8982451.960049640387297 ], [ 775699.099604514427483, 8982451.761778693646193 ], [ 775699.001443131477572, 8982451.572871465235949 ], [ 775698.883758244570345, 8982451.395468348637223 ], [ 775698.74788327049464, 8982451.231579393148422 ], [ 775698.595357726910152, 8982451.083061525598168 ], [ 775698.427909789141268, 8982450.951597513630986 ], [ 775698.247436709352769, 8982450.838676895946264 ], [ 775698.055983319645748, 8982450.745579108595848 ], [ 775697.855718863429502, 8982450.673358988016844 ], [ 775697.64891241688747, 8982450.62283481657505 ], [ 775697.437907179817557, 8982450.594579050317407 ], [ 775697.225093925837427, 8982450.588911842554808 ], [ 775697.012883914168924, 8982450.605897402390838 ], [ 775696.803681568941101, 8982450.645343279466033 ], [ 775696.599857236491516, 8982450.706802532076836 ], [ 775696.403720327769406, 8982450.78957880474627 ], [ 775696.21749315247871, 8982450.89273420907557 ], [ 775696.043285738793202, 8982451.015099953860044 ], [ 775695.883071926422417, 8982451.155289584770799 ], [ 775695.738667001831345, 8982451.311714697629213 ], [ 775695.611707130563445, 8982451.482602935284376 ], [ 775695.503630818566307, 8982451.666018061339855 ], [ 775695.415662613813765, 8982451.859881915152073 ], [ 775695.348799231112935, 8982452.061997937038541 ], [ 775695.303798259235919, 8982452.27007607370615 ], [ 775695.281169577385299, 8982452.481758715584874 ], [ 775695.281169577385299, 8982452.69464741460979 ], [ 775695.303798259235919, 8982452.906330056488514 ], [ 775695.348799231112935, 8982453.114408193156123 ], [ 775695.415662613813765, 8982453.316524215042591 ], [ 775695.503630818566307, 8982453.510388068854809 ], [ 775695.611707130563445, 8982453.693803194910288 ], [ 775695.738667001831345, 8982453.864691432565451 ], [ 775695.883071926422417, 8982454.021116545423865 ], [ 775696.043285738793202, 8982454.16130617633462 ], [ 775696.21749315247871, 8982454.283671921119094 ], [ 775696.403720327769406, 8982454.386827325448394 ], [ 775696.599857236491516, 8982454.469603598117828 ], [ 775696.803681568941101, 8982454.531062850728631 ], [ 775697.012883914168924, 8982454.570508727803826 ], [ 775697.225093925837427, 8982454.587494287639856 ], [ 775697.437907179817557, 8982454.581827079877257 ], [ 775697.64891241688747, 8982454.553571313619614 ], [ 775697.855718863429502, 8982454.50304714217782 ], [ 775698.055983319645748, 8982454.430827021598816 ], [ 775698.247436709352769, 8982454.3377292342484 ], [ 775698.427909789141268, 8982454.224808616563678 ], [ 775698.595357726910152, 8982454.093344604596496 ], [ 775698.74788327049464, 8982453.944826737046242 ], [ 775698.883758244570345, 8982453.780937781557441 ], [ 775699.001443131477572, 8982453.603534664958715 ], [ 775699.099604514427483, 8982453.414627436548471 ], [ 775699.17713018564973, 8982453.216356489807367 ], [ 775699.233141748351045, 8982453.010968312621117 ], [ 775699.267004569177516, 8982452.800790036097169 ], [ 775699.278334968723357, 8982452.588203065097332 ] ] ] ] } },
{ "type": "Feature", "properties": { "LAYER": "0", "GM_TYPE": "Unknown Area Type", "ELEVATION": 0 }, "geometry": { "type": "MultiPolygon", "coordinates": [ [ [ [ 775753.479491753038019, 8982622.497104067355394 ], [ 775753.468161353492178, 8982622.284517096355557 ], [ 775753.434298532665707, 8982622.07433881983161 ], [ 775753.378286969964392, 8982621.868950642645359 ], [ 775753.300761298742145, 8982621.670679695904255 ], [ 775753.202599915792234, 8982621.481772467494011 ], [ 775753.084915028885007, 8982621.304369350895286 ], [ 775752.949040054809302, 8982621.140480395406485 ], [ 775752.796514511224814, 8982620.991962527856231 ], [ 775752.62906657345593, 8982620.860498515889049 ], [ 775752.448593493667431, 8982620.747577898204327 ], [ 775752.25714010396041, 8982620.65448011085391 ], [ 775752.056875647744164, 8982620.582259990274906 ], [ 775751.850069201202132, 8982620.531735818833113 ], [ 775751.63906396413222, 8982620.503480052575469 ], [ 775751.42625071015209, 8982620.49781284481287 ], [ 775751.214040698483586, 8982620.5147984046489 ], [ 775751.004838353255764, 8982620.554244281724095 ], [ 775750.801014020806178, 8982620.615703534334898 ], [ 775750.604877112084068, 8982620.698479807004333 ], [ 775750.418649936793372, 8982620.801635211333632 ], [ 775750.244442523107864, 8982620.924000956118107 ], [ 775750.084228710737079, 8982621.064190587028861 ], [ 775749.939823786146007, 8982621.220615699887276 ], [ 775749.812863914878108, 8982621.391503937542439 ], [ 775749.70478760288097, 8982621.574919063597918 ], [ 775749.616819398128428, 8982621.768782917410135 ], [ 775749.549956015427597, 8982621.970898939296603 ], [ 775749.504955043550581, 8982622.178977075964212 ], [ 775749.482326361699961, 8982622.390659717842937 ], [ 775749.482326361699961, 8982622.603548416867852 ], [ 775749.504955043550581, 8982622.815231058746576 ], [ 775749.549956015427597, 8982623.023309195414186 ], [ 775749.616819398128428, 8982623.225425217300653 ], [ 775749.70478760288097, 8982623.419289071112871 ], [ 775749.812863914878108, 8982623.60270419716835 ], [ 775749.939823786146007, 8982623.773592434823513 ], [ 775750.084228710737079, 8982623.930017547681928 ], [ 775750.244442523107864, 8982624.070207178592682 ], [ 775750.418649936793372, 8982624.192572923377156 ], [ 775750.604877112084068, 8982624.295728327706456 ], [ 775750.801014020806178, 8982624.378504600375891 ], [ 775751.004838353255764, 8982624.439963852986693 ], [ 775751.214040698483586, 8982624.479409730061889 ], [ 775751.42625071015209, 8982624.496395289897919 ], [ 775751.63906396413222, 8982624.49072808213532 ], [ 775751.850069201202132, 8982624.462472315877676 ], [ 775752.056875647744164, 8982624.411948144435883 ], [ 775752.25714010396041, 8982624.339728023856878 ], [ 775752.448593493667431, 8982624.246630236506462 ], [ 775752.62906657345593, 8982624.13370961882174 ], [ 775752.796514511224814, 8982624.002245606854558 ], [ 775752.949040054809302, 8982623.853727739304304 ], [ 775753.084915028885007, 8982623.689838783815503 ], [ 775753.202599915792234, 8982623.512435667216778 ], [ 775753.300761298742145, 8982623.323528438806534 ], [ 775753.378286969964392, 8982623.12525749206543 ], [ 775753.434298532665707, 8982622.919869314879179 ], [ 775753.468161353492178, 8982622.709691038355231 ], [ 775753.479491753038019, 8982622.497104067355394 ] ] ] ] } },
{ "type": "Feature", "properties": { "LAYER": "0", "GM_TYPE": "Unknown Area Type", "ELEVATION": 0 }, "geometry": { "type": "MultiPolygon", "coordinates": [ [ [ [ 774672.554549861000851, 8983000.628091413527727 ], [ 774673.247728160815313, 8983004.567571561783552 ], [ 774677.187208307324909, 8983003.874393260106444 ], [ 774676.494030009256676, 8982999.934913113713264 ], [ 774672.554549861000851, 8983000.628091413527727 ] ] ] ] } },
{ "type": "Feature", "properties": { "LAYER": "0", "GM_TYPE": "Unknown Area Type", "ELEVATION": 0 }, "geometry": { "type": "MultiPolygon", "coordinates": [ [ [ [ 774742.246590059949085, 8982613.854244196787477 ], [ 774742.235259660403244, 8982613.64165722578764 ], [ 774742.201396839576773, 8982613.431478949263692 ], [ 774742.145385276875459, 8982613.226090772077441 ], [ 774742.067859605653211, 8982613.027819825336337 ], [ 774741.9696982227033, 8982612.838912596926093 ], [ 774741.852013335796073, 8982612.661509480327368 ], [ 774741.716138361720368, 8982612.497620524838567 ], [ 774741.56361281813588, 8982612.349102657288313 ], [ 774741.396164880366996, 8982612.217638645321131 ], [ 774741.215691800578497, 8982612.104718027636409 ], [ 774741.024238410871476, 8982612.011620240285993 ], [ 774740.82397395465523, 8982611.939400119706988 ], [ 774740.617167508113198, 8982611.888875948265195 ], [ 774740.406162271043286, 8982611.860620182007551 ], [ 774740.193349017063156, 8982611.854952974244952 ], [ 774739.981139005394652, 8982611.871938534080982 ], [ 774739.77193666016683, 8982611.911384411156178 ], [ 774739.568112327717245, 8982611.97284366376698 ], [ 774739.371975418995135, 8982612.055619936436415 ], [ 774739.185748243704438, 8982612.158775340765715 ], [ 774739.01154083001893, 8982612.281141085550189 ], [ 774738.851327017648146, 8982612.421330716460943 ], [ 774738.706922093057074, 8982612.577755829319358 ], [ 774738.579962221789174, 8982612.748644066974521 ], [ 774738.471885909792036, 8982612.93205919303 ], [ 774738.383917705039494, 8982613.125923046842217 ], [ 774738.317054322338663, 8982613.328039068728685 ], [ 774738.272053350461647, 8982613.536117205396295 ], [ 774738.249424668611027, 8982613.747799847275019 ], [ 774738.249424668611027, 8982613.960688546299934 ], [ 774738.272053350461647, 8982614.172371188178658 ], [ 774738.317054322338663, 8982614.380449324846268 ], [ 774738.383917705039494, 8982614.582565346732736 ], [ 774738.471885909792036, 8982614.776429200544953 ], [ 774738.579962221789174, 8982614.959844326600432 ], [ 774738.706922093057074, 8982615.130732564255595 ], [ 774738.851327017648146, 8982615.28715767711401 ], [ 774739.01154083001893, 8982615.427347308024764 ], [ 774739.185748243704438, 8982615.549713052809238 ], [ 774739.371975418995135, 8982615.652868457138538 ], [ 774739.568112327717245, 8982615.735644729807973 ], [ 774739.77193666016683, 8982615.797103982418776 ], [ 774739.981139005394652, 8982615.836549859493971 ], [ 774740.193349017063156, 8982615.853535419330001 ], [ 774740.406162271043286, 8982615.847868211567402 ], [ 774740.617167508113198, 8982615.819612445309758 ], [ 774740.82397395465523, 8982615.769088273867965 ], [ 774741.024238410871476, 8982615.69686815328896 ], [ 774741.215691800578497, 8982615.603770365938544 ], [ 774741.396164880366996, 8982615.490849748253822 ], [ 774741.56361281813588, 8982615.35938573628664 ], [ 774741.716138361720368, 8982615.210867868736386 ], [ 774741.852013335796073, 8982615.046978913247585 ], [ 774741.9696982227033, 8982614.86957579664886 ], [ 774742.067859605653211, 8982614.680668568238616 ], [ 774742.145385276875459, 8982614.482397621497512 ], [ 774742.201396839576773, 8982614.277009444311261 ], [ 774742.235259660403244, 8982614.066831167787313 ], [ 774742.246590059949085, 8982613.854244196787477 ] ] ] ] } },
{ "type": "Feature", "properties": { "LAYER": "0", "GM_TYPE": "Unknown Area Type", "ELEVATION": 0 }, "geometry": { "type": "MultiPolygon", "coordinates": [ [ [ [ 774702.569747817353345, 8982821.136658225208521 ], [ 774701.913138006348163, 8982825.082398150116205 ], [ 774705.858877930324525, 8982825.739007962867618 ], [ 774706.515487741329707, 8982821.793268036097288 ], [ 774702.569747817353345, 8982821.136658225208521 ] ] ] ] } },
{ "type": "Feature", "properties": { "LAYER": "0", "GM_TYPE": "Unknown Area Type", "ELEVATION": 0 }, "geometry": { "type": "MultiPolygon", "coordinates": [ [ [ [ 774775.674954703659751, 8982419.351992640644312 ], [ 774775.66362430411391, 8982419.139405669644475 ], [ 774775.629761483287439, 8982418.929227393120527 ], [ 774775.573749920586124, 8982418.723839215934277 ], [ 774775.496224249363877, 8982418.525568269193172 ], [ 774775.398062866413966, 8982418.336661040782928 ], [ 774775.280377979506738, 8982418.159257924184203 ], [ 774775.144503005431034, 8982417.995368968695402 ], [ 774774.991977461846545, 8982417.846851101145148 ], [ 774774.824529524077661, 8982417.715387089177966 ], [ 774774.644056444289163, 8982417.602466471493244 ], [ 774774.452603054582141, 8982417.509368684142828 ], [ 774774.252338598365895, 8982417.437148563563824 ], [ 774774.045532151823863, 8982417.38662439212203 ], [ 774773.834526914753951, 8982417.358368625864387 ], [ 774773.621713660773821, 8982417.352701418101788 ], [ 774773.409503649105318, 8982417.369686977937818 ], [ 774773.200301303877495, 8982417.409132855013013 ], [ 774772.99647697142791, 8982417.470592107623816 ], [ 774772.8003400627058, 8982417.55336838029325 ], [ 774772.614112887415104, 8982417.65652378462255 ], [ 774772.439905473729596, 8982417.778889529407024 ], [ 774772.279691661358811, 8982417.919079160317779 ], [ 774772.135286736767739, 8982418.075504273176193 ], [ 774772.008326865499839, 8982418.246392510831356 ], [ 774771.900250553502701, 8982418.429807636886835 ], [ 774771.812282348750159, 8982418.623671490699053 ], [ 774771.745418966049328, 8982418.825787512585521 ], [ 774771.700417994172312, 8982419.03386564925313 ], [ 774771.677789312321693, 8982419.245548291131854 ], [ 774771.677789312321693, 8982419.45843699015677 ], [ 774771.700417994172312, 8982419.670119632035494 ], [ 774771.745418966049328, 8982419.878197768703103 ], [ 774771.812282348750159, 8982420.080313790589571 ], [ 774771.900250553502701, 8982420.274177644401789 ], [ 774772.008326865499839, 8982420.457592770457268 ], [ 774772.135286736767739, 8982420.628481008112431 ], [ 774772.279691661358811, 8982420.784906120970845 ], [ 774772.439905473729596, 8982420.925095751881599 ], [ 774772.614112887415104, 8982421.047461496666074 ], [ 774772.8003400627058, 8982421.150616900995374 ], [ 774772.99647697142791, 8982421.233393173664808 ], [ 774773.200301303877495, 8982421.294852426275611 ], [ 774773.409503649105318, 8982421.334298303350806 ], [ 774773.621713660773821, 8982421.351283863186836 ], [ 774773.834526914753951, 8982421.345616655424237 ], [ 774774.045532151823863, 8982421.317360889166594 ], [ 774774.252338598365895, 8982421.2668367177248 ], [ 774774.452603054582141, 8982421.194616597145796 ], [ 774774.644056444289163, 8982421.10151880979538 ], [ 774774.824529524077661, 8982420.988598192110658 ], [ 774774.991977461846545, 8982420.857134180143476 ], [ 774775.144503005431034, 8982420.708616312593222 ], [ 774775.280377979506738, 8982420.544727357104421 ], [ 774775.398062866413966, 8982420.367324240505695 ], [ 774775.496224249363877, 8982420.178417012095451 ], [ 774775.573749920586124, 8982419.980146065354347 ], [ 774775.629761483287439, 8982419.774757888168097 ], [ 774775.66362430411391, 8982419.564579611644149 ], [ 774775.674954703659751, 8982419.351992640644312 ] ] ] ] } },
{ "type": "Feature", "properties": { "LAYER": "0", "GM_TYPE": "Unknown Area Type", "ELEVATION": 0 }, "geometry": { "type": "MultiPolygon", "coordinates": [ [ [ [ 775337.994165921816602, 8982573.972158543765545 ], [ 775337.982835522270761, 8982573.759571572765708 ], [ 775337.948972701444291, 8982573.54939329624176 ], [ 775337.892961138742976, 8982573.34400511905551 ], [ 775337.815435467520729, 8982573.145734172314405 ], [ 775337.717274084570818, 8982572.956826943904161 ], [ 775337.59958919766359, 8982572.779423827305436 ], [ 775337.463714223587885, 8982572.615534871816635 ], [ 775337.311188680003397, 8982572.467017004266381 ], [ 775337.143740742234513, 8982572.335552992299199 ], [ 775336.963267662446015, 8982572.222632374614477 ], [ 775336.771814272738993, 8982572.129534587264061 ], [ 775336.571549816522747, 8982572.057314466685057 ], [ 775336.364743369980715, 8982572.006790295243263 ], [ 775336.153738132910803, 8982571.97853452898562 ], [ 775335.940924878930673, 8982571.972867321223021 ], [ 775335.72871486726217, 8982571.989852881059051 ], [ 775335.519512522034347, 8982572.029298758134246 ], [ 775335.315688189584762, 8982572.090758010745049 ], [ 775335.119551280862652, 8982572.173534283414483 ], [ 775334.933324105571955, 8982572.276689687743783 ], [ 775334.759116691886447, 8982572.399055432528257 ], [ 775334.598902879515663, 8982572.539245063439012 ], [ 775334.454497954924591, 8982572.695670176297426 ], [ 775334.327538083656691, 8982572.866558413952589 ], [ 775334.219461771659553, 8982573.049973540008068 ], [ 775334.131493566907011, 8982573.243837393820286 ], [ 775334.06463018420618, 8982573.445953415706754 ], [ 775334.019629212329164, 8982573.654031552374363 ], [ 775333.997000530478545, 8982573.865714194253087 ], [ 775333.997000530478545, 8982574.078602893278003 ], [ 775334.019629212329164, 8982574.290285535156727 ], [ 775334.06463018420618, 8982574.498363671824336 ], [ 775334.131493566907011, 8982574.700479693710804 ], [ 775334.219461771659553, 8982574.894343547523022 ], [ 775334.327538083656691, 8982575.077758673578501 ], [ 775334.454497954924591, 8982575.248646911233664 ], [ 775334.598902879515663, 8982575.405072024092078 ], [ 775334.759116691886447, 8982575.545261655002832 ], [ 775334.933324105571955, 8982575.667627399787307 ], [ 775335.119551280862652, 8982575.770782804116607 ], [ 775335.315688189584762, 8982575.853559076786041 ], [ 775335.519512522034347, 8982575.915018329396844 ], [ 775335.72871486726217, 8982575.954464206472039 ], [ 775335.940924878930673, 8982575.971449766308069 ], [ 775336.153738132910803, 8982575.96578255854547 ], [ 775336.364743369980715, 8982575.937526792287827 ], [ 775336.571549816522747, 8982575.887002620846033 ], [ 775336.771814272738993, 8982575.814782500267029 ], [ 775336.963267662446015, 8982575.721684712916613 ], [ 775337.143740742234513, 8982575.608764095231891 ], [ 775337.311188680003397, 8982575.477300083264709 ], [ 775337.463714223587885, 8982575.328782215714455 ], [ 775337.59958919766359, 8982575.164893260225654 ], [ 775337.717274084570818, 8982574.987490143626928 ], [ 775337.815435467520729, 8982574.798582915216684 ], [ 775337.892961138742976, 8982574.60031196847558 ], [ 775337.948972701444291, 8982574.39492379128933 ], [ 775337.982835522270761, 8982574.184745514765382 ], [ 775337.994165921816602, 8982573.972158543765545 ] ] ] ] } },
{ "type": "Feature", "properties": { "LAYER": "0", "GM_TYPE": "Unknown Area Type", "ELEVATION": 0 }, "geometry": { "type": "MultiPolygon", "coordinates": [ [ [ [ 775360.935833921190351, 8982714.412622256204486 ], [ 775360.92450352164451, 8982714.200035285204649 ], [ 775360.890640700818039, 8982713.989857008680701 ], [ 775360.834629138116725, 8982713.784468831494451 ], [ 775360.757103466894478, 8982713.586197884753346 ], [ 775360.658942083944567, 8982713.397290656343102 ], [ 775360.541257197037339, 8982713.219887539744377 ], [ 775360.405382222961634, 8982713.055998584255576 ], [ 775360.252856679377146, 8982712.907480716705322 ], [ 775360.085408741608262, 8982712.77601670473814 ], [ 775359.904935661819763, 8982712.663096087053418 ], [ 775359.713482272112742, 8982712.569998299703002 ], [ 775359.513217815896496, 8982712.497778179123998 ], [ 775359.306411369354464, 8982712.447254007682204 ], [ 775359.095406132284552, 8982712.418998241424561 ], [ 775358.882592878304422, 8982712.413331033661962 ], [ 775358.670382866635919, 8982712.430316593497992 ], [ 775358.461180521408096, 8982712.469762470573187 ], [ 775358.257356188958511, 8982712.53122172318399 ], [ 775358.061219280236401, 8982712.613997995853424 ], [ 775357.874992104945704, 8982712.717153400182724 ], [ 775357.700784691260196, 8982712.839519144967198 ], [ 775357.540570878889412, 8982712.979708775877953 ], [ 775357.39616595429834, 8982713.136133888736367 ], [ 775357.26920608303044, 8982713.30702212639153 ], [ 775357.161129771033302, 8982713.490437252447009 ], [ 775357.07316156628076, 8982713.684301106259227 ], [ 775357.006298183579929, 8982713.886417128145695 ], [ 775356.961297211702913, 8982714.094495264813304 ], [ 775356.938668529852293, 8982714.306177906692028 ], [ 775356.938668529852293, 8982714.519066605716944 ], [ 775356.961297211702913, 8982714.730749247595668 ], [ 775357.006298183579929, 8982714.938827384263277 ], [ 775357.07316156628076, 8982715.140943406149745 ], [ 775357.161129771033302, 8982715.334807259961963 ], [ 775357.26920608303044, 8982715.518222386017442 ], [ 775357.39616595429834, 8982715.689110623672605 ], [ 775357.540570878889412, 8982715.845535736531019 ], [ 775357.700784691260196, 8982715.985725367441773 ], [ 775357.874992104945704, 8982716.108091112226248 ], [ 775358.061219280236401, 8982716.211246516555548 ], [ 775358.257356188958511, 8982716.294022789224982 ], [ 775358.461180521408096, 8982716.355482041835785 ], [ 775358.670382866635919, 8982716.39492791891098 ], [ 775358.882592878304422, 8982716.41191347874701 ], [ 775359.095406132284552, 8982716.406246270984411 ], [ 775359.306411369354464, 8982716.377990504726768 ], [ 775359.513217815896496, 8982716.327466333284974 ], [ 775359.713482272112742, 8982716.25524621270597 ], [ 775359.904935661819763, 8982716.162148425355554 ], [ 775360.085408741608262, 8982716.049227807670832 ], [ 775360.252856679377146, 8982715.91776379570365 ], [ 775360.405382222961634, 8982715.769245928153396 ], [ 775360.541257197037339, 8982715.605356972664595 ], [ 775360.658942083944567, 8982715.427953856065869 ], [ 775360.757103466894478, 8982715.239046627655625 ], [ 775360.834629138116725, 8982715.040775680914521 ], [ 775360.890640700818039, 8982714.835387503728271 ], [ 775360.92450352164451, 8982714.625209227204323 ], [ 775360.935833921190351, 8982714.412622256204486 ] ] ] ] } },
{ "type": "Feature", "properties": { "LAYER": "0", "GM_TYPE": "Unknown Area Type", "ELEVATION": 0 }, "geometry": { "type": "MultiPolygon", "coordinates": [ [ [ [ 775378.643638126086444, 8982851.827075576409698 ], [ 775379.336816425900906, 8982855.766555722802877 ], [ 775383.276296572294086, 8982855.073377422988415 ], [ 775382.583118274342269, 8982851.13389727473259 ], [ 775378.643638126086444, 8982851.827075576409698 ] ] ] ] } },
{ "type": "Feature", "properties": { "LAYER": "0", "GM_TYPE": "Unknown Area Type", "ELEVATION": 0 }, "geometry": { "type": "MultiPolygon", "coordinates": [ [ [ [ 774839.334956535836682, 8982049.960143651813269 ], [ 774839.323626136290841, 8982049.747556680813432 ], [ 774839.28976331546437, 8982049.537378404289484 ], [ 774839.233751752763055, 8982049.331990227103233 ], [ 774839.156226081540808, 8982049.133719280362129 ], [ 774839.058064698590897, 8982048.944812051951885 ], [ 774838.94037981168367, 8982048.76740893535316 ], [ 774838.804504837607965, 8982048.603519979864359 ], [ 774838.651979294023477, 8982048.455002112314105 ], [ 774838.484531356254593, 8982048.323538100346923 ], [ 774838.304058276466094, 8982048.210617482662201 ], [ 774838.112604886759073, 8982048.117519695311785 ], [ 774837.912340430542827, 8982048.04529957473278 ], [ 774837.705533984000795, 8982047.994775403290987 ], [ 774837.494528746930882, 8982047.966519637033343 ], [ 774837.281715492950752, 8982047.960852429270744 ], [ 774837.069505481282249, 8982047.977837989106774 ], [ 774836.860303136054426, 8982048.01728386618197 ], [ 774836.656478803604841, 8982048.078743118792772 ], [ 774836.460341894882731, 8982048.161519391462207 ], [ 774836.274114719592035, 8982048.264674795791507 ], [ 774836.099907305906527, 8982048.387040540575981 ], [ 774835.939693493535742, 8982048.527230171486735 ], [ 774835.79528856894467, 8982048.68365528434515 ], [ 774835.66832869767677, 8982048.854543522000313 ], [ 774835.560252385679632, 8982049.037958648055792 ], [ 774835.47228418092709, 8982049.23182250186801 ], [ 774835.40542079822626, 8982049.433938523754478 ], [ 774835.360419826349244, 8982049.642016660422087 ], [ 774835.337791144498624, 8982049.853699302300811 ], [ 774835.337791144498624, 8982050.066588001325727 ], [ 774835.360419826349244, 8982050.278270643204451 ], [ 774835.40542079822626, 8982050.48634877987206 ], [ 774835.47228418092709, 8982050.688464801758528 ], [ 774835.560252385679632, 8982050.882328655570745 ], [ 774835.66832869767677, 8982051.065743781626225 ], [ 774835.79528856894467, 8982051.236632019281387 ], [ 774835.939693493535742, 8982051.393057132139802 ], [ 774836.099907305906527, 8982051.533246763050556 ], [ 774836.274114719592035, 8982051.655612507835031 ], [ 774836.460341894882731, 8982051.75876791216433 ], [ 774836.656478803604841, 8982051.841544184833765 ], [ 774836.860303136054426, 8982051.903003437444568 ], [ 774837.069505481282249, 8982051.942449314519763 ], [ 774837.281715492950752, 8982051.959434874355793 ], [ 774837.494528746930882, 8982051.953767666593194 ], [ 774837.705533984000795, 8982051.92551190033555 ], [ 774837.912340430542827, 8982051.874987728893757 ], [ 774838.112604886759073, 8982051.802767608314753 ], [ 774838.304058276466094, 8982051.709669820964336 ], [ 774838.484531356254593, 8982051.596749203279614 ], [ 774838.651979294023477, 8982051.465285191312432 ], [ 774838.804504837607965, 8982051.316767323762178 ], [ 774838.94037981168367, 8982051.152878368273377 ], [ 774839.058064698590897, 8982050.975475251674652 ], [ 774839.156226081540808, 8982050.786568023264408 ], [ 774839.233751752763055, 8982050.588297076523304 ], [ 774839.28976331546437, 8982050.382908899337053 ], [ 774839.323626136290841, 8982050.172730622813106 ], [ 774839.334956535836682, 8982049.960143651813269 ] ] ] ] } },
{ "type": "Feature", "properties": { "LAYER": "0", "GM_TYPE": "Unknown Area Type", "ELEVATION": 0 }, "geometry": { "type": "MultiPolygon", "coordinates": [ [ [ [ 775265.682190108578652, 8982016.478271286934614 ], [ 775265.670859709032811, 8982016.265684315934777 ], [ 775265.63699688820634, 8982016.05550603941083 ], [ 775265.580985325505026, 8982015.850117862224579 ], [ 775265.503459654282779, 8982015.651846915483475 ], [ 775265.405298271332867, 8982015.462939687073231 ], [ 775265.28761338442564, 8982015.285536570474505 ], [ 775265.151738410349935, 8982015.121647614985704 ], [ 775264.999212866765447, 8982014.973129747435451 ], [ 775264.831764928996563, 8982014.841665735468268 ], [ 775264.651291849208064, 8982014.728745117783546 ], [ 775264.459838459501043, 8982014.63564733043313 ], [ 775264.259574003284797, 8982014.563427209854126 ], [ 775264.052767556742765, 8982014.512903038412333 ], [ 775263.841762319672853, 8982014.484647272154689 ], [ 775263.628949065692723, 8982014.47898006439209 ], [ 775263.41673905402422, 8982014.49596562422812 ], [ 775263.207536708796397, 8982014.535411501303315 ], [ 775263.003712376346812, 8982014.596870753914118 ], [ 775262.807575467624702, 8982014.679647026583552 ], [ 775262.621348292334005, 8982014.782802430912852 ], [ 775262.447140878648497, 8982014.905168175697327 ], [ 775262.286927066277713, 8982015.045357806608081 ], [ 775262.142522141686641, 8982015.201782919466496 ], [ 775262.015562270418741, 8982015.372671157121658 ], [ 775261.907485958421603, 8982015.556086283177137 ], [ 775261.819517753669061, 8982015.749950136989355 ], [ 775261.75265437096823, 8982015.952066158875823 ], [ 775261.707653399091214, 8982016.160144295543432 ], [ 775261.685024717240594, 8982016.371826937422156 ], [ 775261.685024717240594, 8982016.584715636447072 ], [ 775261.707653399091214, 8982016.796398278325796 ], [ 775261.75265437096823, 8982017.004476414993405 ], [ 775261.819517753669061, 8982017.206592436879873 ], [ 775261.907485958421603, 8982017.400456290692091 ], [ 775262.015562270418741, 8982017.58387141674757 ], [ 775262.142522141686641, 8982017.754759654402733 ], [ 775262.286927066277713, 8982017.911184767261147 ], [ 775262.447140878648497, 8982018.051374398171902 ], [ 775262.621348292334005, 8982018.173740142956376 ], [ 775262.807575467624702, 8982018.276895547285676 ], [ 775263.003712376346812, 8982018.359671819955111 ], [ 775263.207536708796397, 8982018.421131072565913 ], [ 775263.41673905402422, 8982018.460576949641109 ], [ 775263.628949065692723, 8982018.477562509477139 ], [ 775263.841762319672853, 8982018.47189530171454 ], [ 775264.052767556742765, 8982018.443639535456896 ], [ 775264.259574003284797, 8982018.393115364015102 ], [ 775264.459838459501043, 8982018.320895243436098 ], [ 775264.651291849208064, 8982018.227797456085682 ], [ 775264.831764928996563, 8982018.11487683840096 ], [ 775264.999212866765447, 8982017.983412826433778 ], [ 775265.151738410349935, 8982017.834894958883524 ], [ 775265.28761338442564, 8982017.671006003394723 ], [ 775265.405298271332867, 8982017.493602886795998 ], [ 775265.503459654282779, 8982017.304695658385754 ], [ 775265.580985325505026, 8982017.10642471164465 ], [ 775265.63699688820634, 8982016.901036534458399 ], [ 775265.670859709032811, 8982016.690858257934451 ], [ 775265.682190108578652, 8982016.478271286934614 ] ] ] ] } },
{ "type": "Feature", "properties": { "LAYER": "0", "GM_TYPE": "Unknown Area Type", "ELEVATION": 0 }, "geometry": { "type": "MultiPolygon", "coordinates": [ [ [ [ 774478.764674424892291, 8983442.524945620447397 ], [ 774475.495748569956049, 8983444.830183949321508 ], [ 774477.800986898946576, 8983448.099109804257751 ], [ 774481.069912753766403, 8983445.793871473520994 ], [ 774478.764674424892291, 8983442.524945620447397 ] ] ] ] } },
{ "type": "Feature", "properties": { "LAYER": "0", "GM_TYPE": "Unknown Area Type", "ELEVATION": 0 }, "geometry": { "type": "MultiPolygon", "coordinates": [ [ [ [ 773901.980364575749263, 8983735.96083895675838 ], [ 773901.969034176203422, 8983735.748251985758543 ], [ 773901.935171355376951, 8983735.538073709234595 ], [ 773901.879159792675637, 8983735.332685532048345 ], [ 773901.80163412145339, 8983735.13441458530724 ], [ 773901.703472738503478, 8983734.945507356896996 ], [ 773901.585787851596251, 8983734.768104240298271 ], [ 773901.449912877520546, 8983734.60421528480947 ], [ 773901.297387333936058, 8983734.455697417259216 ], [ 773901.129939396167174, 8983734.324233405292034 ], [ 773900.949466316378675, 8983734.211312787607312 ], [ 773900.758012926671654, 8983734.118215000256896 ], [ 773900.557748470455408, 8983734.045994879677892 ], [ 773900.350942023913376, 8983733.995470708236098 ], [ 773900.139936786843464, 8983733.967214941978455 ], [ 773899.927123532863334, 8983733.961547734215856 ], [ 773899.714913521194831, 8983733.978533294051886 ], [ 773899.505711175967008, 8983734.017979171127081 ], [ 773899.301886843517423, 8983734.079438423737884 ], [ 773899.105749934795313, 8983734.162214696407318 ], [ 773898.919522759504616, 8983734.265370100736618 ], [ 773898.745315345819108, 8983734.387735845521092 ], [ 773898.585101533448324, 8983734.527925476431847 ], [ 773898.440696608857252, 8983734.684350589290261 ], [ 773898.313736737589352, 8983734.855238826945424 ], [ 773898.205660425592214, 8983735.038653953000903 ], [ 773898.117692220839672, 8983735.232517806813121 ], [ 773898.050828838138841, 8983735.434633828699589 ], [ 773898.005827866261825, 8983735.642711965367198 ], [ 773897.983199184411205, 8983735.854394607245922 ], [ 773897.983199184411205, 8983736.067283306270838 ], [ 773898.005827866261825, 8983736.278965948149562 ], [ 773898.050828838138841, 8983736.487044084817171 ], [ 773898.117692220839672, 8983736.689160106703639 ], [ 773898.205660425592214, 8983736.883023960515857 ], [ 773898.313736737589352, 8983737.066439086571336 ], [ 773898.440696608857252, 8983737.237327324226499 ], [ 773898.585101533448324, 8983737.393752437084913 ], [ 773898.745315345819108, 8983737.533942067995667 ], [ 773898.919522759504616, 8983737.656307812780142 ], [ 773899.105749934795313, 8983737.759463217109442 ], [ 773899.301886843517423, 8983737.842239489778876 ], [ 773899.505711175967008, 8983737.903698742389679 ], [ 773899.714913521194831, 8983737.943144619464874 ], [ 773899.927123532863334, 8983737.960130179300904 ], [ 773900.139936786843464, 8983737.954462971538305 ], [ 773900.350942023913376, 8983737.926207205280662 ], [ 773900.557748470455408, 8983737.875683033838868 ], [ 773900.758012926671654, 8983737.803462913259864 ], [ 773900.949466316378675, 8983737.710365125909448 ], [ 773901.129939396167174, 8983737.597444508224726 ], [ 773901.297387333936058, 8983737.465980496257544 ], [ 773901.449912877520546, 8983737.31746262870729 ], [ 773901.585787851596251, 8983737.153573673218489 ], [ 773901.703472738503478, 8983736.976170556619763 ], [ 773901.80163412145339, 8983736.787263328209519 ], [ 773901.879159792675637, 8983736.588992381468415 ], [ 773901.935171355376951, 8983736.383604204282165 ], [ 773901.969034176203422, 8983736.173425927758217 ], [ 773901.980364575749263, 8983735.96083895675838 ] ] ] ] } },
{ "type": "Feature", "properties": { "LAYER": "0", "GM_TYPE": "Unknown Area Type", "ELEVATION": 0 }, "geometry": { "type": "MultiPolygon", "coordinates": [ [ [ [ 774152.119332855567336, 8983787.35990908741951 ], [ 774152.108002456021495, 8983787.147322116419673 ], [ 774152.074139635195024, 8983786.937143839895725 ], [ 774152.01812807249371, 8983786.731755662709475 ], [ 774151.940602401271462, 8983786.53348471596837 ], [ 774151.842441018321551, 8983786.344577487558126 ], [ 774151.724756131414324, 8983786.167174370959401 ], [ 774151.588881157338619, 8983786.0032854154706 ], [ 774151.436355613754131, 8983785.854767547920346 ], [ 774151.268907675985247, 8983785.723303535953164 ], [ 774151.088434596196748, 8983785.610382918268442 ], [ 774150.896981206489727, 8983785.517285130918026 ], [ 774150.696716750273481, 8983785.445065010339022 ], [ 774150.489910303731449, 8983785.394540838897228 ], [ 774150.278905066661537, 8983785.366285072639585 ], [ 774150.066091812681407, 8983785.360617864876986 ], [ 774149.853881801012903, 8983785.377603424713016 ], [ 774149.644679455785081, 8983785.417049301788211 ], [ 774149.440855123335496, 8983785.478508554399014 ], [ 774149.244718214613385, 8983785.561284827068448 ], [ 774149.058491039322689, 8983785.664440231397748 ], [ 774148.884283625637181, 8983785.786805976182222 ], [ 774148.724069813266397, 8983785.926995607092977 ], [ 774148.579664888675325, 8983786.083420719951391 ], [ 774148.452705017407425, 8983786.254308957606554 ], [ 774148.344628705410287, 8983786.437724083662033 ], [ 774148.256660500657745, 8983786.631587937474251 ], [ 774148.189797117956914, 8983786.833703959360719 ], [ 774148.144796146079898, 8983787.041782096028328 ], [ 774148.122167464229278, 8983787.253464737907052 ], [ 774148.122167464229278, 8983787.466353436931968 ], [ 774148.144796146079898, 8983787.678036078810692 ], [ 774148.189797117956914, 8983787.886114215478301 ], [ 774148.256660500657745, 8983788.088230237364769 ], [ 774148.344628705410287, 8983788.282094091176987 ], [ 774148.452705017407425, 8983788.465509217232466 ], [ 774148.579664888675325, 8983788.636397454887629 ], [ 774148.724069813266397, 8983788.792822567746043 ], [ 774148.884283625637181, 8983788.933012198656797 ], [ 774149.058491039322689, 8983789.055377943441272 ], [ 774149.244718214613385, 8983789.158533347770572 ], [ 774149.440855123335496, 8983789.241309620440006 ], [ 774149.644679455785081, 8983789.302768873050809 ], [ 774149.853881801012903, 8983789.342214750126004 ], [ 774150.066091812681407, 8983789.359200309962034 ], [ 774150.278905066661537, 8983789.353533102199435 ], [ 774150.489910303731449, 8983789.325277335941792 ], [ 774150.696716750273481, 8983789.274753164499998 ], [ 774150.896981206489727, 8983789.202533043920994 ], [ 774151.088434596196748, 8983789.109435256570578 ], [ 774151.268907675985247, 8983788.996514638885856 ], [ 774151.436355613754131, 8983788.865050626918674 ], [ 774151.588881157338619, 8983788.71653275936842 ], [ 774151.724756131414324, 8983788.552643803879619 ], [ 774151.842441018321551, 8983788.375240687280893 ], [ 774151.940602401271462, 8983788.186333458870649 ], [ 774152.01812807249371, 8983787.988062512129545 ], [ 774152.074139635195024, 8983787.782674334943295 ], [ 774152.108002456021495, 8983787.572496058419347 ], [ 774152.119332855567336, 8983787.35990908741951 ] ] ] ] } },
{ "type": "Feature", "properties": { "LAYER": "0", "GM_TYPE": "Unknown Area Type", "ELEVATION": 0 }, "geometry": { "type": "MultiPolygon", "coordinates": [ [ [ [ 774320.695999301970005, 8983576.366176603361964 ], [ 774322.919328335556202, 8983573.04099871776998 ], [ 774319.594150444492698, 8983570.817669682204723 ], [ 774317.370821410790086, 8983574.142847575247288 ], [ 774320.695999301970005, 8983576.366176603361964 ] ] ] ] } },
{ "type": "Feature", "properties": { "LAYER": "0", "GM_TYPE": "Unknown Area Type", "ELEVATION": 0 }, "geometry": { "type": "MultiPolygon", "coordinates": [ [ [ [ 773375.647180282277986, 8983132.729671958833933 ], [ 773374.965199798112735, 8983136.671106038615108 ], [ 773378.90663387789391, 8983137.353086518123746 ], [ 773379.588614363106899, 8983133.411652438342571 ], [ 773375.647180282277986, 8983132.729671958833933 ] ] ] ] } },
{ "type": "Feature", "properties": { "LAYER": "0", "GM_TYPE": "Unknown Area Type", "ELEVATION": 0 }, "geometry": { "type": "MultiPolygon", "coordinates": [ [ [ [ 773717.844059057999402, 8982369.389607898890972 ], [ 773714.34169798437506, 8982367.457389770075679 ], [ 773712.409479861264117, 8982370.959750840440392 ], [ 773715.911840933375061, 8982372.891968976706266 ], [ 773717.844059057999402, 8982369.389607898890972 ] ] ] ] } },
{ "type": "Feature", "properties": { "LAYER": "0", "GM_TYPE": "Unknown Area Type", "ELEVATION": 0 }, "geometry": { "type": "MultiPolygon", "coordinates": [ [ [ [ 772847.678792289807461, 8981697.707348642870784 ], [ 772848.64236295898445, 8981701.589555691927671 ], [ 772852.524570008157752, 8981700.625985018908978 ], [ 772851.560999336885288, 8981696.743777967989445 ], [ 772847.678792289807461, 8981697.707348642870784 ] ] ] ] } },
{ "type": "Feature", "properties": { "LAYER": "0", "GM_TYPE": "Unknown Area Type", "ELEVATION": 0 }, "geometry": { "type": "MultiPolygon", "coordinates": [ [ [ [ 773169.243406838155352, 8981999.276881340891123 ], [ 773172.477594972122461, 8982001.630607560276985 ], [ 773174.831321193370968, 8981998.396419426426291 ], [ 773171.597133059403859, 8981996.042693205177784 ], [ 773169.243406838155352, 8981999.276881340891123 ] ] ] ] } },
{ "type": "Feature", "properties": { "LAYER": "0", "GM_TYPE": "Unknown Area Type", "ELEVATION": 0 }, "geometry": { "type": "MultiPolygon", "coordinates": [ [ [ [ 772839.70896641141735, 8982119.890487346798182 ], [ 772839.697636011871509, 8982119.677900375798345 ], [ 772839.663773191045038, 8982119.467722099274397 ], [ 772839.607761628343724, 8982119.262333922088146 ], [ 772839.530235957121477, 8982119.064062975347042 ], [ 772839.432074574171565, 8982118.875155746936798 ], [ 772839.314389687264338, 8982118.697752630338073 ], [ 772839.178514713188633, 8982118.533863674849272 ], [ 772839.025989169604145, 8982118.385345807299018 ], [ 772838.858541231835261, 8982118.253881795331836 ], [ 772838.678068152046762, 8982118.140961177647114 ], [ 772838.486614762339741, 8982118.047863390296698 ], [ 772838.286350306123495, 8982117.975643269717693 ], [ 772838.079543859581463, 8982117.9251190982759 ], [ 772837.868538622511551, 8982117.896863332018256 ], [ 772837.655725368531421, 8982117.891196124255657 ], [ 772837.443515356862918, 8982117.908181684091687 ], [ 772837.234313011635095, 8982117.947627561166883 ], [ 772837.03048867918551, 8982118.009086813777685 ], [ 772836.8343517704634, 8982118.09186308644712 ], [ 772836.648124595172703, 8982118.19501849077642 ], [ 772836.473917181487195, 8982118.317384235560894 ], [ 772836.313703369116411, 8982118.457573866471648 ], [ 772836.169298444525339, 8982118.613998979330063 ], [ 772836.042338573257439, 8982118.784887216985226 ], [ 772835.934262261260301, 8982118.968302343040705 ], [ 772835.846294056507759, 8982119.162166196852922 ], [ 772835.779430673806928, 8982119.36428221873939 ], [ 772835.734429701929912, 8982119.572360355407 ], [ 772835.711801020079292, 8982119.784042997285724 ], [ 772835.711801020079292, 8982119.996931696310639 ], [ 772835.734429701929912, 8982120.208614338189363 ], [ 772835.779430673806928, 8982120.416692474856973 ], [ 772835.846294056507759, 8982120.618808496743441 ], [ 772835.934262261260301, 8982120.812672350555658 ], [ 772836.042338573257439, 8982120.996087476611137 ], [ 772836.169298444525339, 8982121.1669757142663 ], [ 772836.313703369116411, 8982121.323400827124715 ], [ 772836.473917181487195, 8982121.463590458035469 ], [ 772836.648124595172703, 8982121.585956202819943 ], [ 772836.8343517704634, 8982121.689111607149243 ], [ 772837.03048867918551, 8982121.771887879818678 ], [ 772837.234313011635095, 8982121.833347132429481 ], [ 772837.443515356862918, 8982121.872793009504676 ], [ 772837.655725368531421, 8982121.889778569340706 ], [ 772837.868538622511551, 8982121.884111361578107 ], [ 772838.079543859581463, 8982121.855855595320463 ], [ 772838.286350306123495, 8982121.80533142387867 ], [ 772838.486614762339741, 8982121.733111303299665 ], [ 772838.678068152046762, 8982121.640013515949249 ], [ 772838.858541231835261, 8982121.527092898264527 ], [ 772839.025989169604145, 8982121.395628886297345 ], [ 772839.178514713188633, 8982121.247111018747091 ], [ 772839.314389687264338, 8982121.08322206325829 ], [ 772839.432074574171565, 8982120.905818946659565 ], [ 772839.530235957121477, 8982120.716911718249321 ], [ 772839.607761628343724, 8982120.518640771508217 ], [ 772839.663773191045038, 8982120.313252594321966 ], [ 772839.697636011871509, 8982120.103074317798018 ], [ 772839.70896641141735, 8982119.890487346798182 ] ] ] ] } },
{ "type": "Feature", "properties": { "LAYER": "0", "GM_TYPE": "Unknown Area Type", "ELEVATION": 0 }, "geometry": { "type": "MultiPolygon", "coordinates": [ [ [ [ 772845.799470657599159, 8982276.959643166512251 ], [ 772845.788140258053318, 8982276.747056195512414 ], [ 772845.754277437226847, 8982276.536877918988466 ], [ 772845.698265874525532, 8982276.331489741802216 ], [ 772845.620740203303285, 8982276.133218795061111 ], [ 772845.522578820353374, 8982275.944311566650867 ], [ 772845.404893933446147, 8982275.766908450052142 ], [ 772845.269018959370442, 8982275.603019494563341 ], [ 772845.116493415785953, 8982275.454501627013087 ], [ 772844.949045478017069, 8982275.323037615045905 ], [ 772844.768572398228571, 8982275.210116997361183 ], [ 772844.577119008521549, 8982275.117019210010767 ], [ 772844.376854552305304, 8982275.044799089431763 ], [ 772844.170048105763271, 8982274.994274917989969 ], [ 772843.959042868693359, 8982274.966019151732326 ], [ 772843.746229614713229, 8982274.960351943969727 ], [ 772843.534019603044726, 8982274.977337503805757 ], [ 772843.324817257816903, 8982275.016783380880952 ], [ 772843.120992925367318, 8982275.078242633491755 ], [ 772842.924856016645208, 8982275.161018906161189 ], [ 772842.738628841354512, 8982275.264174310490489 ], [ 772842.564421427669004, 8982275.386540055274963 ], [ 772842.404207615298219, 8982275.526729686185718 ], [ 772842.259802690707147, 8982275.683154799044132 ], [ 772842.132842819439247, 8982275.854043036699295 ], [ 772842.024766507442109, 8982276.037458162754774 ], [ 772841.936798302689567, 8982276.231322016566992 ], [ 772841.869934919988737, 8982276.43343803845346 ], [ 772841.82493394811172, 8982276.641516175121069 ], [ 772841.802305266261101, 8982276.853198816999793 ], [ 772841.802305266261101, 8982277.066087516024709 ], [ 772841.82493394811172, 8982277.277770157903433 ], [ 772841.869934919988737, 8982277.485848294571042 ], [ 772841.936798302689567, 8982277.68796431645751 ], [ 772842.024766507442109, 8982277.881828170269728 ], [ 772842.132842819439247, 8982278.065243296325207 ], [ 772842.259802690707147, 8982278.23613153398037 ], [ 772842.404207615298219, 8982278.392556646838784 ], [ 772842.564421427669004, 8982278.532746277749538 ], [ 772842.738628841354512, 8982278.655112022534013 ], [ 772842.924856016645208, 8982278.758267426863313 ], [ 772843.120992925367318, 8982278.841043699532747 ], [ 772843.324817257816903, 8982278.90250295214355 ], [ 772843.534019603044726, 8982278.941948829218745 ], [ 772843.746229614713229, 8982278.958934389054775 ], [ 772843.959042868693359, 8982278.953267181292176 ], [ 772844.170048105763271, 8982278.925011415034533 ], [ 772844.376854552305304, 8982278.874487243592739 ], [ 772844.577119008521549, 8982278.802267123013735 ], [ 772844.768572398228571, 8982278.709169335663319 ], [ 772844.949045478017069, 8982278.596248717978597 ], [ 772845.116493415785953, 8982278.464784706011415 ], [ 772845.269018959370442, 8982278.316266838461161 ], [ 772845.404893933446147, 8982278.15237788297236 ], [ 772845.522578820353374, 8982277.974974766373634 ], [ 772845.620740203303285, 8982277.78606753796339 ], [ 772845.698265874525532, 8982277.587796591222286 ], [ 772845.754277437226847, 8982277.382408414036036 ], [ 772845.788140258053318, 8982277.172230137512088 ], [ 772845.799470657599159, 8982276.959643166512251 ] ] ] ] } },
{ "type": "Feature", "properties": { "LAYER": "0", "GM_TYPE": "Unknown Area Type", "ELEVATION": 0 }, "geometry": { "type": "MultiPolygon", "coordinates": [ [ [ [ 772852.685873821377754, 8982418.649631142616272 ], [ 772852.674543421831913, 8982418.437044171616435 ], [ 772852.640680601005442, 8982418.226865895092487 ], [ 772852.584669038304128, 8982418.021477717906237 ], [ 772852.507143367081881, 8982417.823206771165133 ], [ 772852.40898198413197, 8982417.634299542754889 ], [ 772852.291297097224742, 8982417.456896426156163 ], [ 772852.155422123149037, 8982417.293007470667362 ], [ 772852.002896579564549, 8982417.144489603117108 ], [ 772851.835448641795665, 8982417.013025591149926 ], [ 772851.654975562007166, 8982416.900104973465204 ], [ 772851.463522172300145, 8982416.807007186114788 ], [ 772851.263257716083899, 8982416.734787065535784 ], [ 772851.056451269541867, 8982416.68426289409399 ], [ 772850.845446032471955, 8982416.656007127836347 ], [ 772850.632632778491825, 8982416.650339920073748 ], [ 772850.420422766823322, 8982416.667325479909778 ], [ 772850.211220421595499, 8982416.706771356984973 ], [ 772850.007396089145914, 8982416.768230609595776 ], [ 772849.811259180423804, 8982416.85100688226521 ], [ 772849.625032005133107, 8982416.95416228659451 ], [ 772849.450824591447599, 8982417.076528031378984 ], [ 772849.290610779076815, 8982417.216717662289739 ], [ 772849.146205854485743, 8982417.373142775148153 ], [ 772849.019245983217843, 8982417.544031012803316 ], [ 772848.911169671220705, 8982417.727446138858795 ], [ 772848.823201466468163, 8982417.921309992671013 ], [ 772848.756338083767332, 8982418.123426014557481 ], [ 772848.711337111890316, 8982418.33150415122509 ], [ 772848.688708430039696, 8982418.543186793103814 ], [ 772848.688708430039696, 8982418.75607549212873 ], [ 772848.711337111890316, 8982418.967758134007454 ], [ 772848.756338083767332, 8982419.175836270675063 ], [ 772848.823201466468163, 8982419.377952292561531 ], [ 772848.911169671220705, 8982419.571816146373749 ], [ 772849.019245983217843, 8982419.755231272429228 ], [ 772849.146205854485743, 8982419.926119510084391 ], [ 772849.290610779076815, 8982420.082544622942805 ], [ 772849.450824591447599, 8982420.222734253853559 ], [ 772849.625032005133107, 8982420.345099998638034 ], [ 772849.811259180423804, 8982420.448255402967334 ], [ 772850.007396089145914, 8982420.531031675636768 ], [ 772850.211220421595499, 8982420.592490928247571 ], [ 772850.420422766823322, 8982420.631936805322766 ], [ 772850.632632778491825, 8982420.648922365158796 ], [ 772850.845446032471955, 8982420.643255157396197 ], [ 772851.056451269541867, 8982420.614999391138554 ], [ 772851.263257716083899, 8982420.56447521969676 ], [ 772851.463522172300145, 8982420.492255099117756 ], [ 772851.654975562007166, 8982420.39915731176734 ], [ 772851.835448641795665, 8982420.286236694082618 ], [ 772852.002896579564549, 8982420.154772682115436 ], [ 772852.155422123149037, 8982420.006254814565182 ], [ 772852.291297097224742, 8982419.842365859076381 ], [ 772852.40898198413197, 8982419.664962742477655 ], [ 772852.507143367081881, 8982419.476055514067411 ], [ 772852.584669038304128, 8982419.277784567326307 ], [ 772852.640680601005442, 8982419.072396390140057 ], [ 772852.674543421831913, 8982418.862218113616109 ], [ 772852.685873821377754, 8982418.649631142616272 ] ] ] ] } },
{ "type": "Feature", "properties": { "LAYER": "0", "GM_TYPE": "Unknown Area Type", "ELEVATION": 0 }, "geometry": { "type": "MultiPolygon", "coordinates": [ [ [ [ 772902.32778227259405, 8982618.523062031716108 ], [ 772906.325401476817206, 8982618.385074019432068 ], [ 772906.187413460691459, 8982614.387454813346267 ], [ 772902.189794252859429, 8982614.525442831218243 ], [ 772902.32778227259405, 8982618.523062031716108 ] ] ] ] } },
{ "type": "Feature", "properties": { "LAYER": "0", "GM_TYPE": "Unknown Area Type", "ELEVATION": 0 }, "geometry": { "type": "MultiPolygon", "coordinates": [ [ [ [ 772945.572940047248267, 8982849.390655117109418 ], [ 772945.792388570844196, 8982853.384630875661969 ], [ 772949.786364325555041, 8982853.165182344615459 ], [ 772949.566915801842697, 8982849.171206589788198 ], [ 772945.572940047248267, 8982849.390655117109418 ] ] ] ] } },
{ "type": "Feature", "properties": { "LAYER": "0", "GM_TYPE": "Unknown Area Type", "ELEVATION": 0 }, "geometry": { "type": "MultiPolygon", "coordinates": [ [ [ [ 773621.582115369732492, 8982584.013968523591757 ], [ 773621.570784970186651, 8982583.80138155259192 ], [ 773621.53692214936018, 8982583.591203276067972 ], [ 773621.480910586658865, 8982583.385815098881721 ], [ 773621.403384915436618, 8982583.187544152140617 ], [ 773621.305223532486707, 8982582.998636923730373 ], [ 773621.18753864557948, 8982582.821233807131648 ], [ 773621.051663671503775, 8982582.657344851642847 ], [ 773620.899138127919286, 8982582.508826984092593 ], [ 773620.731690190150402, 8982582.377362972125411 ], [ 773620.551217110361904, 8982582.264442354440689 ], [ 773620.359763720654882, 8982582.171344567090273 ], [ 773620.159499264438637, 8982582.099124446511269 ], [ 773619.952692817896605, 8982582.048600275069475 ], [ 773619.741687580826692, 8982582.020344508811831 ], [ 773619.528874326846562, 8982582.014677301049232 ], [ 773619.316664315178059, 8982582.031662860885262 ], [ 773619.107461969950236, 8982582.071108737960458 ], [ 773618.903637637500651, 8982582.13256799057126 ], [ 773618.707500728778541, 8982582.215344263240695 ], [ 773618.521273553487845, 8982582.318499667569995 ], [ 773618.347066139802337, 8982582.440865412354469 ], [ 773618.186852327431552, 8982582.581055043265224 ], [ 773618.04244740284048, 8982582.737480156123638 ], [ 773617.91548753157258, 8982582.908368393778801 ], [ 773617.807411219575442, 8982583.09178351983428 ], [ 773617.7194430148229, 8982583.285647373646498 ], [ 773617.65257963212207, 8982583.487763395532966 ], [ 773617.607578660245053, 8982583.695841532200575 ], [ 773617.584949978394434, 8982583.907524174079299 ], [ 773617.584949978394434, 8982584.120412873104215 ], [ 773617.607578660245053, 8982584.332095514982939 ], [ 773617.65257963212207, 8982584.540173651650548 ], [ 773617.7194430148229, 8982584.742289673537016 ], [ 773617.807411219575442, 8982584.936153527349234 ], [ 773617.91548753157258, 8982585.119568653404713 ], [ 773618.04244740284048, 8982585.290456891059875 ], [ 773618.186852327431552, 8982585.44688200391829 ], [ 773618.347066139802337, 8982585.587071634829044 ], [ 773618.521273553487845, 8982585.709437379613519 ], [ 773618.707500728778541, 8982585.812592783942819 ], [ 773618.903637637500651, 8982585.895369056612253 ], [ 773619.107461969950236, 8982585.956828309223056 ], [ 773619.316664315178059, 8982585.996274186298251 ], [ 773619.528874326846562, 8982586.013259746134281 ], [ 773619.741687580826692, 8982586.007592538371682 ], [ 773619.952692817896605, 8982585.979336772114038 ], [ 773620.159499264438637, 8982585.928812600672245 ], [ 773620.359763720654882, 8982585.856592480093241 ], [ 773620.551217110361904, 8982585.763494692742825 ], [ 773620.731690190150402, 8982585.650574075058103 ], [ 773620.899138127919286, 8982585.51911006309092 ], [ 773621.051663671503775, 8982585.370592195540667 ], [ 773621.18753864557948, 8982585.206703240051866 ], [ 773621.305223532486707, 8982585.02930012345314 ], [ 773621.403384915436618, 8982584.840392895042896 ], [ 773621.480910586658865, 8982584.642121948301792 ], [ 773621.53692214936018, 8982584.436733771115541 ], [ 773621.570784970186651, 8982584.226555494591594 ], [ 773621.582115369732492, 8982584.013968523591757 ] ] ] ] } },
{ "type": "Feature", "properties": { "LAYER": "0", "GM_TYPE": "Unknown Area Type", "ELEVATION": 0 }, "geometry": { "type": "MultiPolygon", "coordinates": [ [ [ [ 773490.060248752706684, 8982846.716067982837558 ], [ 773487.960529049742036, 8982850.120649769902229 ], [ 773491.365110840415582, 8982852.220369469374418 ], [ 773493.464830543613061, 8982848.815787680447102 ], [ 773490.060248752706684, 8982846.716067982837558 ] ] ] ] } },
{ "type": "Feature", "properties": { "LAYER": "0", "GM_TYPE": "Unknown Area Type", "ELEVATION": 0 }, "geometry": { "type": "MultiPolygon", "coordinates": [ [ [ [ 773390.179925493663177, 8983128.989941345527768 ], [ 773386.91099963884335, 8983131.295179672539234 ], [ 773389.216237967601046, 8983134.564105525612831 ], [ 773392.485163822537288, 8983132.25886719673872 ], [ 773390.179925493663177, 8983128.989941345527768 ] ] ] ] } },
{ "type": "Feature", "properties": { "LAYER": "0", "GM_TYPE": "Unknown Area Type", "ELEVATION": 0 }, "geometry": { "type": "MultiPolygon", "coordinates": [ [ [ [ 773722.00203641410917, 8982379.218035683035851 ], [ 773718.012367111630738, 8982379.505331438034773 ], [ 773718.299662874080241, 8982383.49500073865056 ], [ 773722.289332174696028, 8982383.207704983651638 ], [ 773722.00203641410917, 8982379.218035683035851 ] ] ] ] } },
{ "type": "Feature", "properties": { "LAYER": "0", "GM_TYPE": "Unknown Area Type", "ELEVATION": 0 }, "geometry": { "type": "MultiPolygon", "coordinates": [ [ [ [ 772776.315870069665834, 8980769.376419145613909 ], [ 772776.304539670119993, 8980769.163832174614072 ], [ 772776.270676849293523, 8980768.953653898090124 ], [ 772776.214665286592208, 8980768.748265720903873 ], [ 772776.137139615369961, 8980768.549994774162769 ], [ 772776.03897823242005, 8980768.361087545752525 ], [ 772775.921293345512822, 8980768.1836844291538 ], [ 772775.785418371437117, 8980768.019795473664999 ], [ 772775.632892827852629, 8980767.871277606114745 ], [ 772775.465444890083745, 8980767.739813594147563 ], [ 772775.284971810295247, 8980767.626892976462841 ], [ 772775.093518420588225, 8980767.533795189112425 ], [ 772774.893253964371979, 8980767.461575068533421 ], [ 772774.686447517829947, 8980767.411050897091627 ], [ 772774.475442280760035, 8980767.382795130833983 ], [ 772774.262629026779905, 8980767.377127923071384 ], [ 772774.050419015111402, 8980767.394113482907414 ], [ 772773.841216669883579, 8980767.43355935998261 ], [ 772773.637392337433994, 8980767.495018612593412 ], [ 772773.441255428711884, 8980767.577794885262847 ], [ 772773.255028253421187, 8980767.680950289592147 ], [ 772773.080820839735679, 8980767.803316034376621 ], [ 772772.920607027364895, 8980767.943505665287375 ], [ 772772.776202102773823, 8980768.09993077814579 ], [ 772772.649242231505923, 8980768.270819015800953 ], [ 772772.541165919508785, 8980768.454234141856432 ], [ 772772.453197714756243, 8980768.64809799566865 ], [ 772772.386334332055412, 8980768.850214017555118 ], [ 772772.341333360178396, 8980769.058292154222727 ], [ 772772.318704678327776, 8980769.269974796101451 ], [ 772772.318704678327776, 8980769.482863495126367 ], [ 772772.341333360178396, 8980769.694546137005091 ], [ 772772.386334332055412, 8980769.9026242736727 ], [ 772772.453197714756243, 8980770.104740295559168 ], [ 772772.541165919508785, 8980770.298604149371386 ], [ 772772.649242231505923, 8980770.482019275426865 ], [ 772772.776202102773823, 8980770.652907513082027 ], [ 772772.920607027364895, 8980770.809332625940442 ], [ 772773.080820839735679, 8980770.949522256851196 ], [ 772773.255028253421187, 8980771.071888001635671 ], [ 772773.441255428711884, 8980771.175043405964971 ], [ 772773.637392337433994, 8980771.257819678634405 ], [ 772773.841216669883579, 8980771.319278931245208 ], [ 772774.050419015111402, 8980771.358724808320403 ], [ 772774.262629026779905, 8980771.375710368156433 ], [ 772774.475442280760035, 8980771.370043160393834 ], [ 772774.686447517829947, 8980771.34178739413619 ], [ 772774.893253964371979, 8980771.291263222694397 ], [ 772775.093518420588225, 8980771.219043102115393 ], [ 772775.284971810295247, 8980771.125945314764977 ], [ 772775.465444890083745, 8980771.013024697080255 ], [ 772775.632892827852629, 8980770.881560685113072 ], [ 772775.785418371437117, 8980770.733042817562819 ], [ 772775.921293345512822, 8980770.569153862074018 ], [ 772776.03897823242005, 8980770.391750745475292 ], [ 772776.137139615369961, 8980770.202843517065048 ], [ 772776.214665286592208, 8980770.004572570323944 ], [ 772776.270676849293523, 8980769.799184393137693 ], [ 772776.304539670119993, 8980769.589006116613746 ], [ 772776.315870069665834, 8980769.376419145613909 ] ] ] ] } },
{ "type": "Feature", "properties": { "LAYER": "0", "GM_TYPE": "Unknown Area Type", "ELEVATION": 0 }, "geometry": { "type": "MultiPolygon", "coordinates": [ [ [ [ 772766.536644838750362, 8980554.928561873733997 ], [ 772766.525314439204521, 8980554.71597490273416 ], [ 772766.491451618378051, 8980554.505796626210213 ], [ 772766.435440055676736, 8980554.300408449023962 ], [ 772766.357914384454489, 8980554.102137502282858 ], [ 772766.259753001504578, 8980553.913230273872614 ], [ 772766.14206811459735, 8980553.735827157273889 ], [ 772766.006193140521646, 8980553.571938201785088 ], [ 772765.853667596937157, 8980553.423420334234834 ], [ 772765.686219659168273, 8980553.291956322267652 ], [ 772765.505746579379775, 8980553.17903570458293 ], [ 772765.314293189672753, 8980553.085937917232513 ], [ 772765.114028733456507, 8980553.013717796653509 ], [ 772764.907222286914475, 8980552.963193625211716 ], [ 772764.696217049844563, 8980552.934937858954072 ], [ 772764.483403795864433, 8980552.929270651191473 ], [ 772764.27119378419593, 8980552.946256211027503 ], [ 772764.061991438968107, 8980552.985702088102698 ], [ 772763.858167106518522, 8980553.047161340713501 ], [ 772763.662030197796412, 8980553.129937613382936 ], [ 772763.475803022505715, 8980553.233093017712235 ], [ 772763.301595608820207, 8980553.35545876249671 ], [ 772763.141381796449423, 8980553.495648393407464 ], [ 772762.996976871858351, 8980553.652073506265879 ], [ 772762.870017000590451, 8980553.822961743921041 ], [ 772762.761940688593313, 8980554.006376869976521 ], [ 772762.673972483840771, 8980554.200240723788738 ], [ 772762.60710910113994, 8980554.402356745675206 ], [ 772762.562108129262924, 8980554.610434882342815 ], [ 772762.539479447412305, 8980554.822117524221539 ], [ 772762.539479447412305, 8980555.035006223246455 ], [ 772762.562108129262924, 8980555.246688865125179 ], [ 772762.60710910113994, 8980555.454767001792789 ], [ 772762.673972483840771, 8980555.656883023679256 ], [ 772762.761940688593313, 8980555.850746877491474 ], [ 772762.870017000590451, 8980556.034162003546953 ], [ 772762.996976871858351, 8980556.205050241202116 ], [ 772763.141381796449423, 8980556.361475354060531 ], [ 772763.301595608820207, 8980556.501664984971285 ], [ 772763.475803022505715, 8980556.624030729755759 ], [ 772763.662030197796412, 8980556.727186134085059 ], [ 772763.858167106518522, 8980556.809962406754494 ], [ 772764.061991438968107, 8980556.871421659365296 ], [ 772764.27119378419593, 8980556.910867536440492 ], [ 772764.483403795864433, 8980556.927853096276522 ], [ 772764.696217049844563, 8980556.922185888513923 ], [ 772764.907222286914475, 8980556.893930122256279 ], [ 772765.114028733456507, 8980556.843405950814486 ], [ 772765.314293189672753, 8980556.771185830235481 ], [ 772765.505746579379775, 8980556.678088042885065 ], [ 772765.686219659168273, 8980556.565167425200343 ], [ 772765.853667596937157, 8980556.433703413233161 ], [ 772766.006193140521646, 8980556.285185545682907 ], [ 772766.14206811459735, 8980556.121296590194106 ], [ 772766.259753001504578, 8980555.943893473595381 ], [ 772766.357914384454489, 8980555.754986245185137 ], [ 772766.435440055676736, 8980555.556715298444033 ], [ 772766.491451618378051, 8980555.351327121257782 ], [ 772766.525314439204521, 8980555.141148844733834 ], [ 772766.536644838750362, 8980554.928561873733997 ] ] ] ] } },
{ "type": "Feature", "properties": { "LAYER": "0", "GM_TYPE": "Unknown Area Type", "ELEVATION": 0 }, "geometry": { "type": "MultiPolygon", "coordinates": [ [ [ [ 772795.660898107569665, 8981281.899945352226496 ], [ 772795.660898107569665, 8981285.899945350363851 ], [ 772799.660898107569665, 8981285.899945350363851 ], [ 772799.660898107569665, 8981281.899945352226496 ], [ 772795.660898107569665, 8981281.899945352226496 ] ] ] ] } },
{ "type": "Feature", "properties": { "LAYER": "0", "GM_TYPE": "Unknown Area Type", "ELEVATION": 0 }, "geometry": { "type": "MultiPolygon", "coordinates": [ [ [ [ 772784.061497859540395, 8981021.444138936698437 ], [ 772784.061497859540395, 8981025.444138936698437 ], [ 772788.061497859540395, 8981025.444138936698437 ], [ 772788.061497859540395, 8981021.444138936698437 ], [ 772784.061497859540395, 8981021.444138936698437 ] ] ] ] } },
{ "type": "Feature", "properties": { "LAYER": "0", "GM_TYPE": "Unknown Area Type", "ELEVATION": 0 }, "geometry": { "type": "MultiPolygon", "coordinates": [ [ [ [ 773561.638970291242003, 8981939.850162154063582 ], [ 773561.627639891696163, 8981939.637575183063745 ], [ 773561.593777070869692, 8981939.427396906539798 ], [ 773561.537765508168377, 8981939.222008729353547 ], [ 773561.46023983694613, 8981939.023737782612443 ], [ 773561.362078453996219, 8981938.834830554202199 ], [ 773561.244393567088991, 8981938.657427437603474 ], [ 773561.108518593013287, 8981938.493538482114673 ], [ 773560.955993049428798, 8981938.345020614564419 ], [ 773560.788545111659914, 8981938.213556602597237 ], [ 773560.608072031871416, 8981938.100635984912515 ], [ 773560.416618642164394, 8981938.007538197562099 ], [ 773560.216354185948148, 8981937.935318076983094 ], [ 773560.009547739406116, 8981937.884793905541301 ], [ 773559.798542502336204, 8981937.856538139283657 ], [ 773559.585729248356074, 8981937.850870931521058 ], [ 773559.373519236687571, 8981937.867856491357088 ], [ 773559.164316891459748, 8981937.907302368432283 ], [ 773558.960492559010163, 8981937.968761621043086 ], [ 773558.764355650288053, 8981938.051537893712521 ], [ 773558.578128474997357, 8981938.154693298041821 ], [ 773558.403921061311848, 8981938.277059042826295 ], [ 773558.243707248941064, 8981938.417248673737049 ], [ 773558.099302324349992, 8981938.573673786595464 ], [ 773557.972342453082092, 8981938.744562024250627 ], [ 773557.864266141084954, 8981938.927977150306106 ], [ 773557.776297936332412, 8981939.121841004118323 ], [ 773557.709434553631581, 8981939.323957026004791 ], [ 773557.664433581754565, 8981939.5320351626724 ], [ 773557.641804899903946, 8981939.743717804551125 ], [ 773557.641804899903946, 8981939.95660650357604 ], [ 773557.664433581754565, 8981940.168289145454764 ], [ 773557.709434553631581, 8981940.376367282122374 ], [ 773557.776297936332412, 8981940.578483304008842 ], [ 773557.864266141084954, 8981940.772347157821059 ], [ 773557.972342453082092, 8981940.955762283876538 ], [ 773558.099302324349992, 8981941.126650521531701 ], [ 773558.243707248941064, 8981941.283075634390116 ], [ 773558.403921061311848, 8981941.42326526530087 ], [ 773558.578128474997357, 8981941.545631010085344 ], [ 773558.764355650288053, 8981941.648786414414644 ], [ 773558.960492559010163, 8981941.731562687084079 ], [ 773559.164316891459748, 8981941.793021939694881 ], [ 773559.373519236687571, 8981941.832467816770077 ], [ 773559.585729248356074, 8981941.849453376606107 ], [ 773559.798542502336204, 8981941.843786168843508 ], [ 773560.009547739406116, 8981941.815530402585864 ], [ 773560.216354185948148, 8981941.765006231144071 ], [ 773560.416618642164394, 8981941.692786110565066 ], [ 773560.608072031871416, 8981941.59968832321465 ], [ 773560.788545111659914, 8981941.486767705529928 ], [ 773560.955993049428798, 8981941.355303693562746 ], [ 773561.108518593013287, 8981941.206785826012492 ], [ 773561.244393567088991, 8981941.042896870523691 ], [ 773561.362078453996219, 8981940.865493753924966 ], [ 773561.46023983694613, 8981940.676586525514722 ], [ 773561.537765508168377, 8981940.478315578773618 ], [ 773561.593777070869692, 8981940.272927401587367 ], [ 773561.627639891696163, 8981940.062749125063419 ], [ 773561.638970291242003, 8981939.850162154063582 ] ] ] ] } },
{ "type": "Feature", "properties": { "LAYER": "0", "GM_TYPE": "Unknown Area Type", "ELEVATION": 0 }, "geometry": { "type": "MultiPolygon", "coordinates": [ [ [ [ 773798.432074752170593, 8981574.988990843296051 ], [ 773798.420744352624752, 8981574.776403872296214 ], [ 773798.386881531798281, 8981574.566225595772266 ], [ 773798.330869969096966, 8981574.360837418586016 ], [ 773798.253344297874719, 8981574.162566471844912 ], [ 773798.155182914924808, 8981573.973659243434668 ], [ 773798.037498028017581, 8981573.796256126835942 ], [ 773797.901623053941876, 8981573.632367171347141 ], [ 773797.749097510357387, 8981573.483849303796887 ], [ 773797.581649572588503, 8981573.352385291829705 ], [ 773797.401176492800005, 8981573.239464674144983 ], [ 773797.209723103092983, 8981573.146366886794567 ], [ 773797.009458646876737, 8981573.074146766215563 ], [ 773796.802652200334705, 8981573.023622594773769 ], [ 773796.591646963264793, 8981572.995366828516126 ], [ 773796.378833709284663, 8981572.989699620753527 ], [ 773796.16662369761616, 8981573.006685180589557 ], [ 773795.957421352388337, 8981573.046131057664752 ], [ 773795.753597019938752, 8981573.107590310275555 ], [ 773795.557460111216642, 8981573.190366582944989 ], [ 773795.371232935925946, 8981573.293521987274289 ], [ 773795.197025522240438, 8981573.415887732058764 ], [ 773795.036811709869653, 8981573.556077362969518 ], [ 773794.892406785278581, 8981573.712502475827932 ], [ 773794.765446914010681, 8981573.883390713483095 ], [ 773794.657370602013543, 8981574.066805839538574 ], [ 773794.569402397261001, 8981574.260669693350792 ], [ 773794.50253901456017, 8981574.46278571523726 ], [ 773794.457538042683154, 8981574.670863851904869 ], [ 773794.434909360832535, 8981574.882546493783593 ], [ 773794.434909360832535, 8981575.095435192808509 ], [ 773794.457538042683154, 8981575.307117834687233 ], [ 773794.50253901456017, 8981575.515195971354842 ], [ 773794.569402397261001, 8981575.71731199324131 ], [ 773794.657370602013543, 8981575.911175847053528 ], [ 773794.765446914010681, 8981576.094590973109007 ], [ 773794.892406785278581, 8981576.26547921076417 ], [ 773795.036811709869653, 8981576.421904323622584 ], [ 773795.197025522240438, 8981576.562093954533339 ], [ 773795.371232935925946, 8981576.684459699317813 ], [ 773795.557460111216642, 8981576.787615103647113 ], [ 773795.753597019938752, 8981576.870391376316547 ], [ 773795.957421352388337, 8981576.93185062892735 ], [ 773796.16662369761616, 8981576.971296506002545 ], [ 773796.378833709284663, 8981576.988282065838575 ], [ 773796.591646963264793, 8981576.982614858075976 ], [ 773796.802652200334705, 8981576.954359091818333 ], [ 773797.009458646876737, 8981576.903834920376539 ], [ 773797.209723103092983, 8981576.831614799797535 ], [ 773797.401176492800005, 8981576.738517012447119 ], [ 773797.581649572588503, 8981576.625596394762397 ], [ 773797.749097510357387, 8981576.494132382795215 ], [ 773797.901623053941876, 8981576.345614515244961 ], [ 773798.037498028017581, 8981576.18172555975616 ], [ 773798.155182914924808, 8981576.004322443157434 ], [ 773798.253344297874719, 8981575.81541521474719 ], [ 773798.330869969096966, 8981575.617144268006086 ], [ 773798.386881531798281, 8981575.411756090819836 ], [ 773798.420744352624752, 8981575.201577814295888 ], [ 773798.432074752170593, 8981574.988990843296051 ] ] ] ] } },
{ "type": "Feature", "properties": { "LAYER": "0", "GM_TYPE": "Unknown Area Type", "ELEVATION": 0 }, "geometry": { "type": "MultiPolygon", "coordinates": [ [ [ [ 773788.066155213746242, 8981036.611267928034067 ], [ 773786.672029573353939, 8981040.360456332564354 ], [ 773790.421217978815548, 8981041.754581972956657 ], [ 773791.815343619207852, 8981038.005393568426371 ], [ 773788.066155213746242, 8981036.611267928034067 ] ] ] ] } },
{ "type": "Feature", "properties": { "LAYER": "0", "GM_TYPE": "Unknown Area Type", "ELEVATION": 0 }, "geometry": { "type": "MultiPolygon", "coordinates": [ [ [ [ 773794.176393238944001, 8981032.66894856095314 ], [ 773794.176393238944001, 8981036.66894856095314 ], [ 773798.176393238944001, 8981036.66894856095314 ], [ 773798.176393238944001, 8981032.66894856095314 ], [ 773794.176393238944001, 8981032.66894856095314 ] ] ] ] } },
{ "type": "Feature", "properties": { "LAYER": "0", "GM_TYPE": "Unknown Area Type", "ELEVATION": 0 }, "geometry": { "type": "MultiPolygon", "coordinates": [ [ [ [ 774069.539748299866915, 8981228.874272026121616 ], [ 774069.528417900321074, 8981228.661685055121779 ], [ 774069.494555079494603, 8981228.451506778597832 ], [ 774069.438543516793288, 8981228.246118601411581 ], [ 774069.361017845571041, 8981228.047847654670477 ], [ 774069.26285646262113, 8981227.858940426260233 ], [ 774069.145171575713903, 8981227.681537309661508 ], [ 774069.009296601638198, 8981227.517648354172707 ], [ 774068.85677105805371, 8981227.369130486622453 ], [ 774068.689323120284826, 8981227.237666474655271 ], [ 774068.508850040496327, 8981227.124745856970549 ], [ 774068.317396650789306, 8981227.031648069620132 ], [ 774068.11713219457306, 8981226.959427949041128 ], [ 774067.910325748031028, 8981226.908903777599335 ], [ 774067.699320510961115, 8981226.880648011341691 ], [ 774067.486507256980985, 8981226.874980803579092 ], [ 774067.274297245312482, 8981226.891966363415122 ], [ 774067.065094900084659, 8981226.931412240490317 ], [ 774066.861270567635074, 8981226.99287149310112 ], [ 774066.665133658912964, 8981227.075647765770555 ], [ 774066.478906483622268, 8981227.178803170099854 ], [ 774066.30469906993676, 8981227.301168914884329 ], [ 774066.144485257565975, 8981227.441358545795083 ], [ 774066.000080332974903, 8981227.597783658653498 ], [ 774065.873120461707003, 8981227.768671896308661 ], [ 774065.765044149709865, 8981227.95208702236414 ], [ 774065.677075944957323, 8981228.145950876176357 ], [ 774065.610212562256493, 8981228.348066898062825 ], [ 774065.565211590379477, 8981228.556145034730434 ], [ 774065.542582908528857, 8981228.767827676609159 ], [ 774065.542582908528857, 8981228.980716375634074 ], [ 774065.565211590379477, 8981229.192399017512798 ], [ 774065.610212562256493, 8981229.400477154180408 ], [ 774065.677075944957323, 8981229.602593176066875 ], [ 774065.765044149709865, 8981229.796457029879093 ], [ 774065.873120461707003, 8981229.979872155934572 ], [ 774066.000080332974903, 8981230.150760393589735 ], [ 774066.144485257565975, 8981230.30718550644815 ], [ 774066.30469906993676, 8981230.447375137358904 ], [ 774066.478906483622268, 8981230.569740882143378 ], [ 774066.665133658912964, 8981230.672896286472678 ], [ 774066.861270567635074, 8981230.755672559142113 ], [ 774067.065094900084659, 8981230.817131811752915 ], [ 774067.274297245312482, 8981230.856577688828111 ], [ 774067.486507256980985, 8981230.873563248664141 ], [ 774067.699320510961115, 8981230.867896040901542 ], [ 774067.910325748031028, 8981230.839640274643898 ], [ 774068.11713219457306, 8981230.789116103202105 ], [ 774068.317396650789306, 8981230.7168959826231 ], [ 774068.508850040496327, 8981230.623798195272684 ], [ 774068.689323120284826, 8981230.510877577587962 ], [ 774068.85677105805371, 8981230.37941356562078 ], [ 774069.009296601638198, 8981230.230895698070526 ], [ 774069.145171575713903, 8981230.067006742581725 ], [ 774069.26285646262113, 8981229.889603625983 ], [ 774069.361017845571041, 8981229.700696397572756 ], [ 774069.438543516793288, 8981229.502425450831652 ], [ 774069.494555079494603, 8981229.297037273645401 ], [ 774069.528417900321074, 8981229.086858997121453 ], [ 774069.539748299866915, 8981228.874272026121616 ] ] ] ] } },
{ "type": "Feature", "properties": { "LAYER": "0", "GM_TYPE": "Unknown Area Type", "ELEVATION": 0 }, "geometry": { "type": "MultiPolygon", "coordinates": [ [ [ [ 773812.563783884281293, 8981293.209922922775149 ], [ 773812.552453484735452, 8981292.997335951775312 ], [ 773812.518590663908981, 8981292.787157675251365 ], [ 773812.462579101207666, 8981292.581769498065114 ], [ 773812.385053429985419, 8981292.38349855132401 ], [ 773812.286892047035508, 8981292.194591322913766 ], [ 773812.169207160128281, 8981292.017188206315041 ], [ 773812.033332186052576, 8981291.85329925082624 ], [ 773811.880806642468087, 8981291.704781383275986 ], [ 773811.713358704699203, 8981291.573317371308804 ], [ 773811.532885624910705, 8981291.460396753624082 ], [ 773811.341432235203683, 8981291.367298966273665 ], [ 773811.141167778987437, 8981291.295078845694661 ], [ 773810.934361332445405, 8981291.244554674252868 ], [ 773810.723356095375493, 8981291.216298907995224 ], [ 773810.510542841395363, 8981291.210631700232625 ], [ 773810.29833282972686, 8981291.227617260068655 ], [ 773810.089130484499037, 8981291.26706313714385 ], [ 773809.885306152049452, 8981291.328522389754653 ], [ 773809.689169243327342, 8981291.411298662424088 ], [ 773809.502942068036646, 8981291.514454066753387 ], [ 773809.328734654351138, 8981291.636819811537862 ], [ 773809.168520841980353, 8981291.777009442448616 ], [ 773809.024115917389281, 8981291.933434555307031 ], [ 773808.897156046121381, 8981292.104322792962193 ], [ 773808.789079734124243, 8981292.287737919017673 ], [ 773808.701111529371701, 8981292.48160177282989 ], [ 773808.63424814667087, 8981292.683717794716358 ], [ 773808.589247174793854, 8981292.891795931383967 ], [ 773808.566618492943235, 8981293.103478573262691 ], [ 773808.566618492943235, 8981293.316367272287607 ], [ 773808.589247174793854, 8981293.528049914166331 ], [ 773808.63424814667087, 8981293.736128050833941 ], [ 773808.701111529371701, 8981293.938244072720408 ], [ 773808.789079734124243, 8981294.132107926532626 ], [ 773808.897156046121381, 8981294.315523052588105 ], [ 773809.024115917389281, 8981294.486411290243268 ], [ 773809.168520841980353, 8981294.642836403101683 ], [ 773809.328734654351138, 8981294.783026034012437 ], [ 773809.502942068036646, 8981294.905391778796911 ], [ 773809.689169243327342, 8981295.008547183126211 ], [ 773809.885306152049452, 8981295.091323455795646 ], [ 773810.089130484499037, 8981295.152782708406448 ], [ 773810.29833282972686, 8981295.192228585481644 ], [ 773810.510542841395363, 8981295.209214145317674 ], [ 773810.723356095375493, 8981295.203546937555075 ], [ 773810.934361332445405, 8981295.175291171297431 ], [ 773811.141167778987437, 8981295.124766999855638 ], [ 773811.341432235203683, 8981295.052546879276633 ], [ 773811.532885624910705, 8981294.959449091926217 ], [ 773811.713358704699203, 8981294.846528474241495 ], [ 773811.880806642468087, 8981294.715064462274313 ], [ 773812.033332186052576, 8981294.566546594724059 ], [ 773812.169207160128281, 8981294.402657639235258 ], [ 773812.286892047035508, 8981294.225254522636533 ], [ 773812.385053429985419, 8981294.036347294226289 ], [ 773812.462579101207666, 8981293.838076347485185 ], [ 773812.518590663908981, 8981293.632688170298934 ], [ 773812.552453484735452, 8981293.422509893774986 ], [ 773812.563783884281293, 8981293.209922922775149 ] ] ] ] } },
{ "type": "Feature", "properties": { "LAYER": "0", "GM_TYPE": "Unknown Area Type", "ELEVATION": 0 }, "geometry": { "type": "MultiPolygon", "coordinates": [ [ [ [ 774171.104946317384019, 8981485.668534411117435 ], [ 774171.093615917838179, 8981485.455947440117598 ], [ 774171.059753097011708, 8981485.24576916359365 ], [ 774171.003741534310393, 8981485.040380986407399 ], [ 774170.926215863088146, 8981484.842110039666295 ], [ 774170.828054480138235, 8981484.653202811256051 ], [ 774170.710369593231007, 8981484.475799694657326 ], [ 774170.574494619155303, 8981484.311910739168525 ], [ 774170.421969075570814, 8981484.163392871618271 ], [ 774170.25452113780193, 8981484.031928859651089 ], [ 774170.074048058013432, 8981483.919008241966367 ], [ 774169.88259466830641, 8981483.825910454615951 ], [ 774169.682330212090164, 8981483.753690334036946 ], [ 774169.475523765548132, 8981483.703166162595153 ], [ 774169.26451852847822, 8981483.674910396337509 ], [ 774169.05170527449809, 8981483.66924318857491 ], [ 774168.839495262829587, 8981483.68622874841094 ], [ 774168.630292917601764, 8981483.725674625486135 ], [ 774168.426468585152179, 8981483.787133878096938 ], [ 774168.230331676430069, 8981483.869910150766373 ], [ 774168.044104501139373, 8981483.973065555095673 ], [ 774167.869897087453865, 8981484.095431299880147 ], [ 774167.70968327508308, 8981484.235620930790901 ], [ 774167.565278350492008, 8981484.392046043649316 ], [ 774167.438318479224108, 8981484.562934281304479 ], [ 774167.33024216722697, 8981484.746349407359958 ], [ 774167.242273962474428, 8981484.940213261172175 ], [ 774167.175410579773597, 8981485.142329283058643 ], [ 774167.130409607896581, 8981485.350407419726253 ], [ 774167.107780926045962, 8981485.562090061604977 ], [ 774167.107780926045962, 8981485.774978760629892 ], [ 774167.130409607896581, 8981485.986661402508616 ], [ 774167.175410579773597, 8981486.194739539176226 ], [ 774167.242273962474428, 8981486.396855561062694 ], [ 774167.33024216722697, 8981486.590719414874911 ], [ 774167.438318479224108, 8981486.77413454093039 ], [ 774167.565278350492008, 8981486.945022778585553 ], [ 774167.70968327508308, 8981487.101447891443968 ], [ 774167.869897087453865, 8981487.241637522354722 ], [ 774168.044104501139373, 8981487.364003267139196 ], [ 774168.230331676430069, 8981487.467158671468496 ], [ 774168.426468585152179, 8981487.549934944137931 ], [ 774168.630292917601764, 8981487.611394196748734 ], [ 774168.839495262829587, 8981487.650840073823929 ], [ 774169.05170527449809, 8981487.667825633659959 ], [ 774169.26451852847822, 8981487.66215842589736 ], [ 774169.475523765548132, 8981487.633902659639716 ], [ 774169.682330212090164, 8981487.583378488197923 ], [ 774169.88259466830641, 8981487.511158367618918 ], [ 774170.074048058013432, 8981487.418060580268502 ], [ 774170.25452113780193, 8981487.30513996258378 ], [ 774170.421969075570814, 8981487.173675950616598 ], [ 774170.574494619155303, 8981487.025158083066344 ], [ 774170.710369593231007, 8981486.861269127577543 ], [ 774170.828054480138235, 8981486.683866010978818 ], [ 774170.926215863088146, 8981486.494958782568574 ], [ 774171.003741534310393, 8981486.29668783582747 ], [ 774171.059753097011708, 8981486.091299658641219 ], [ 774171.093615917838179, 8981485.881121382117271 ], [ 774171.104946317384019, 8981485.668534411117435 ] ] ] ] } },
{ "type": "Feature", "properties": { "LAYER": "0", "GM_TYPE": "Unknown Area Type", "ELEVATION": 0 }, "geometry": { "type": "MultiPolygon", "coordinates": [ [ [ [ 773819.397841580677778, 8981575.873581444844604 ], [ 773815.408172278199345, 8981576.160877197980881 ], [ 773815.695468040648848, 8981580.150546498596668 ], [ 773819.685137341264635, 8981579.863250743597746 ], [ 773819.397841580677778, 8981575.873581444844604 ] ] ] ] } },
{ "type": "Feature", "properties": { "LAYER": "0", "GM_TYPE": "Unknown Area Type", "ELEVATION": 0 }, "geometry": { "type": "MultiPolygon", "coordinates": [ [ [ [ 774104.880490718409419, 8981790.296320013701916 ], [ 774104.869160318863578, 8981790.083733042702079 ], [ 774104.835297498037107, 8981789.873554766178131 ], [ 774104.779285935335793, 8981789.66816658899188 ], [ 774104.701760264113545, 8981789.469895642250776 ], [ 774104.603598881163634, 8981789.280988413840532 ], [ 774104.485913994256407, 8981789.103585297241807 ], [ 774104.350039020180702, 8981788.939696341753006 ], [ 774104.197513476596214, 8981788.791178474202752 ], [ 774104.03006553882733, 8981788.65971446223557 ], [ 774103.849592459038831, 8981788.546793844550848 ], [ 774103.65813906933181, 8981788.453696057200432 ], [ 774103.457874613115564, 8981788.381475936621428 ], [ 774103.251068166573532, 8981788.330951765179634 ], [ 774103.04006292950362, 8981788.30269599892199 ], [ 774102.82724967552349, 8981788.297028791159391 ], [ 774102.615039663854986, 8981788.314014350995421 ], [ 774102.405837318627164, 8981788.353460228070617 ], [ 774102.202012986177579, 8981788.414919480681419 ], [ 774102.005876077455468, 8981788.497695753350854 ], [ 774101.819648902164772, 8981788.600851157680154 ], [ 774101.645441488479264, 8981788.723216902464628 ], [ 774101.485227676108479, 8981788.863406533375382 ], [ 774101.340822751517408, 8981789.019831646233797 ], [ 774101.213862880249508, 8981789.19071988388896 ], [ 774101.10578656825237, 8981789.374135009944439 ], [ 774101.017818363499828, 8981789.567998863756657 ], [ 774100.950954980798997, 8981789.770114885643125 ], [ 774100.905954008921981, 8981789.978193022310734 ], [ 774100.883325327071361, 8981790.189875664189458 ], [ 774100.883325327071361, 8981790.402764363214374 ], [ 774100.905954008921981, 8981790.614447005093098 ], [ 774100.950954980798997, 8981790.822525141760707 ], [ 774101.017818363499828, 8981791.024641163647175 ], [ 774101.10578656825237, 8981791.218505017459393 ], [ 774101.213862880249508, 8981791.401920143514872 ], [ 774101.340822751517408, 8981791.572808381170034 ], [ 774101.485227676108479, 8981791.729233494028449 ], [ 774101.645441488479264, 8981791.869423124939203 ], [ 774101.819648902164772, 8981791.991788869723678 ], [ 774102.005876077455468, 8981792.094944274052978 ], [ 774102.202012986177579, 8981792.177720546722412 ], [ 774102.405837318627164, 8981792.239179799333215 ], [ 774102.615039663854986, 8981792.27862567640841 ], [ 774102.82724967552349, 8981792.29561123624444 ], [ 774103.04006292950362, 8981792.289944028481841 ], [ 774103.251068166573532, 8981792.261688262224197 ], [ 774103.457874613115564, 8981792.211164090782404 ], [ 774103.65813906933181, 8981792.1389439702034 ], [ 774103.849592459038831, 8981792.045846182852983 ], [ 774104.03006553882733, 8981791.932925565168262 ], [ 774104.197513476596214, 8981791.801461553201079 ], [ 774104.350039020180702, 8981791.652943685650826 ], [ 774104.485913994256407, 8981791.489054730162024 ], [ 774104.603598881163634, 8981791.311651613563299 ], [ 774104.701760264113545, 8981791.122744385153055 ], [ 774104.779285935335793, 8981790.924473438411951 ], [ 774104.835297498037107, 8981790.7190852612257 ], [ 774104.869160318863578, 8981790.508906984701753 ], [ 774104.880490718409419, 8981790.296320013701916 ] ] ] ] } },
{ "type": "Feature", "properties": { "LAYER": "0", "GM_TYPE": "Unknown Area Type", "ELEVATION": 0 }, "geometry": { "type": "MultiPolygon", "coordinates": [ [ [ [ 773808.088623713701963, 8981841.084023408591747 ], [ 773808.077293314156123, 8981840.87143643759191 ], [ 773808.043430493329652, 8981840.661258161067963 ], [ 773807.987418930628337, 8981840.455869983881712 ], [ 773807.90989325940609, 8981840.257599037140608 ], [ 773807.811731876456179, 8981840.068691808730364 ], [ 773807.694046989548951, 8981839.891288692131639 ], [ 773807.558172015473247, 8981839.727399736642838 ], [ 773807.405646471888758, 8981839.578881869092584 ], [ 773807.238198534119874, 8981839.447417857125401 ], [ 773807.057725454331376, 8981839.33449723944068 ], [ 773806.866272064624354, 8981839.241399452090263 ], [ 773806.666007608408108, 8981839.169179331511259 ], [ 773806.459201161866076, 8981839.118655160069466 ], [ 773806.248195924796164, 8981839.090399393811822 ], [ 773806.035382670816034, 8981839.084732186049223 ], [ 773805.823172659147531, 8981839.101717745885253 ], [ 773805.613970313919708, 8981839.141163622960448 ], [ 773805.410145981470123, 8981839.202622875571251 ], [ 773805.214009072748013, 8981839.285399148240685 ], [ 773805.027781897457317, 8981839.388554552569985 ], [ 773804.853574483771808, 8981839.51092029735446 ], [ 773804.693360671401024, 8981839.651109928265214 ], [ 773804.548955746809952, 8981839.807535041123629 ], [ 773804.421995875542052, 8981839.978423278778791 ], [ 773804.313919563544914, 8981840.16183840483427 ], [ 773804.225951358792372, 8981840.355702258646488 ], [ 773804.159087976091541, 8981840.557818280532956 ], [ 773804.114087004214525, 8981840.765896417200565 ], [ 773804.091458322363906, 8981840.977579059079289 ], [ 773804.091458322363906, 8981841.190467758104205 ], [ 773804.114087004214525, 8981841.402150399982929 ], [ 773804.159087976091541, 8981841.610228536650538 ], [ 773804.225951358792372, 8981841.812344558537006 ], [ 773804.313919563544914, 8981842.006208412349224 ], [ 773804.421995875542052, 8981842.189623538404703 ], [ 773804.548955746809952, 8981842.360511776059866 ], [ 773804.693360671401024, 8981842.516936888918281 ], [ 773804.853574483771808, 8981842.657126519829035 ], [ 773805.027781897457317, 8981842.779492264613509 ], [ 773805.214009072748013, 8981842.882647668942809 ], [ 773805.410145981470123, 8981842.965423941612244 ], [ 773805.613970313919708, 8981843.026883194223046 ], [ 773805.823172659147531, 8981843.066329071298242 ], [ 773806.035382670816034, 8981843.083314631134272 ], [ 773806.248195924796164, 8981843.077647423371673 ], [ 773806.459201161866076, 8981843.049391657114029 ], [ 773806.666007608408108, 8981842.998867485672235 ], [ 773806.866272064624354, 8981842.926647365093231 ], [ 773807.057725454331376, 8981842.833549577742815 ], [ 773807.238198534119874, 8981842.720628960058093 ], [ 773807.405646471888758, 8981842.589164948090911 ], [ 773807.558172015473247, 8981842.440647080540657 ], [ 773807.694046989548951, 8981842.276758125051856 ], [ 773807.811731876456179, 8981842.099355008453131 ], [ 773807.90989325940609, 8981841.910447780042887 ], [ 773807.987418930628337, 8981841.712176833301783 ], [ 773808.043430493329652, 8981841.506788656115532 ], [ 773808.077293314156123, 8981841.296610379591584 ], [ 773808.088623713701963, 8981841.084023408591747 ] ] ] ] } },
{ "type": "Feature", "properties": { "LAYER": "0", "GM_TYPE": "Unknown Area Type", "ELEVATION": 0 }, "geometry": { "type": "MultiPolygon", "coordinates": [ [ [ [ 773829.214546220959164, 8981857.076733212918043 ], [ 773825.224876918480732, 8981857.364028967916965 ], [ 773825.51217268104665, 8981861.353698268532753 ], [ 773829.501841981546022, 8981861.066402513533831 ], [ 773829.214546220959164, 8981857.076733212918043 ] ] ] ] } },
{ "type": "Feature", "properties": { "LAYER": "0", "GM_TYPE": "Unknown Area Type", "ELEVATION": 0 }, "geometry": { "type": "MultiPolygon", "coordinates": [ [ [ [ 773817.283349356381223, 8982164.498674105852842 ], [ 773814.246072648908012, 8982161.895800657570362 ], [ 773811.643199206097052, 8982164.933077365159988 ], [ 773814.680475911824033, 8982167.535950817167759 ], [ 773817.283349356381223, 8982164.498674105852842 ] ] ] ] } },
{ "type": "Feature", "properties": { "LAYER": "0", "GM_TYPE": "Unknown Area Type", "ELEVATION": 0 }, "geometry": { "type": "MultiPolygon", "coordinates": [ [ [ [ 774026.848974477266893, 8982144.943452030420303 ], [ 774026.837644077721052, 8982144.730865059420466 ], [ 774026.803781256894581, 8982144.520686782896519 ], [ 774026.747769694193266, 8982144.315298605710268 ], [ 774026.670244022971019, 8982144.117027658969164 ], [ 774026.572082640021108, 8982143.92812043055892 ], [ 774026.454397753113881, 8982143.750717313960195 ], [ 774026.318522779038176, 8982143.586828358471394 ], [ 774026.165997235453688, 8982143.43831049092114 ], [ 774025.998549297684804, 8982143.306846478953958 ], [ 774025.818076217896305, 8982143.193925861269236 ], [ 774025.626622828189284, 8982143.100828073918819 ], [ 774025.426358371973038, 8982143.028607953339815 ], [ 774025.219551925431006, 8982142.978083781898022 ], [ 774025.008546688361093, 8982142.949828015640378 ], [ 774024.795733434380963, 8982142.944160807877779 ], [ 774024.58352342271246, 8982142.961146367713809 ], [ 774024.374321077484637, 8982143.000592244789004 ], [ 774024.170496745035052, 8982143.062051497399807 ], [ 774023.974359836312942, 8982143.144827770069242 ], [ 774023.788132661022246, 8982143.247983174398541 ], [ 774023.613925247336738, 8982143.370348919183016 ], [ 774023.453711434965953, 8982143.51053855009377 ], [ 774023.309306510374881, 8982143.666963662952185 ], [ 774023.182346639106981, 8982143.837851900607347 ], [ 774023.074270327109843, 8982144.021267026662827 ], [ 774022.986302122357301, 8982144.215130880475044 ], [ 774022.919438739656471, 8982144.417246902361512 ], [ 774022.874437767779455, 8982144.625325039029121 ], [ 774022.851809085928835, 8982144.837007680907845 ], [ 774022.851809085928835, 8982145.049896379932761 ], [ 774022.874437767779455, 8982145.261579021811485 ], [ 774022.919438739656471, 8982145.469657158479095 ], [ 774022.986302122357301, 8982145.671773180365562 ], [ 774023.074270327109843, 8982145.86563703417778 ], [ 774023.182346639106981, 8982146.049052160233259 ], [ 774023.309306510374881, 8982146.219940397888422 ], [ 774023.453711434965953, 8982146.376365510746837 ], [ 774023.613925247336738, 8982146.516555141657591 ], [ 774023.788132661022246, 8982146.638920886442065 ], [ 774023.974359836312942, 8982146.742076290771365 ], [ 774024.170496745035052, 8982146.8248525634408 ], [ 774024.374321077484637, 8982146.886311816051602 ], [ 774024.58352342271246, 8982146.925757693126798 ], [ 774024.795733434380963, 8982146.942743252962828 ], [ 774025.008546688361093, 8982146.937076045200229 ], [ 774025.219551925431006, 8982146.908820278942585 ], [ 774025.426358371973038, 8982146.858296107500792 ], [ 774025.626622828189284, 8982146.786075986921787 ], [ 774025.818076217896305, 8982146.692978199571371 ], [ 774025.998549297684804, 8982146.580057581886649 ], [ 774026.165997235453688, 8982146.448593569919467 ], [ 774026.318522779038176, 8982146.300075702369213 ], [ 774026.454397753113881, 8982146.136186746880412 ], [ 774026.572082640021108, 8982145.958783630281687 ], [ 774026.670244022971019, 8982145.769876401871443 ], [ 774026.747769694193266, 8982145.571605455130339 ], [ 774026.803781256894581, 8982145.366217277944088 ], [ 774026.837644077721052, 8982145.15603900142014 ], [ 774026.848974477266893, 8982144.943452030420303 ] ] ] ] } },
{ "type": "Feature", "properties": { "LAYER": "0", "GM_TYPE": "Unknown Area Type", "ELEVATION": 0 }, "geometry": { "type": "MultiPolygon", "coordinates": [ [ [ [ 773840.943377981428057, 8982203.886791102588177 ], [ 773836.953708678949624, 8982204.174086857587099 ], [ 773837.241004441399127, 8982208.163756158202887 ], [ 773841.230673742014915, 8982207.876460403203964 ], [ 773840.943377981428057, 8982203.886791102588177 ] ] ] ] } },
{ "type": "Feature", "properties": { "LAYER": "0", "GM_TYPE": "Unknown Area Type", "ELEVATION": 0 }, "geometry": { "type": "MultiPolygon", "coordinates": [ [ [ [ 773848.912667844211683, 8982368.169358970597386 ], [ 773844.92299854173325, 8982368.456654723733664 ], [ 773845.210294304182753, 8982372.446324024349451 ], [ 773849.19996360479854, 8982372.159028269350529 ], [ 773848.912667844211683, 8982368.169358970597386 ] ] ] ] } },
{ "type": "Feature", "properties": { "LAYER": "0", "GM_TYPE": "Unknown Area Type", "ELEVATION": 0 }, "geometry": { "type": "MultiPolygon", "coordinates": [ [ [ [ 773252.047638379619457, 8980563.58891448751092 ], [ 773248.129125634673983, 8980564.392193924635649 ], [ 773248.932405071682297, 8980568.310706669464707 ], [ 773252.850917816627771, 8980567.507427234202623 ], [ 773252.047638379619457, 8980563.58891448751092 ] ] ] ] } },
{ "type": "Feature", "properties": { "LAYER": "0", "GM_TYPE": "Unknown Area Type", "ELEVATION": 0 }, "geometry": { "type": "MultiPolygon", "coordinates": [ [ [ [ 773773.111282254802063, 8980817.260285589843988 ], [ 773773.111282254802063, 8980821.260285591706634 ], [ 773777.111282254918478, 8980821.260285591706634 ], [ 773777.111282254918478, 8980817.260285589843988 ], [ 773773.111282254802063, 8980817.260285589843988 ] ] ] ] } },
{ "type": "Feature", "properties": { "LAYER": "0", "GM_TYPE": "Unknown Area Type", "ELEVATION": 0 }, "geometry": { "type": "MultiPolygon", "coordinates": [ [ [ [ 773754.695407780120149, 8980556.901920557022095 ], [ 773754.695407780120149, 8980560.90192055888474 ], [ 773758.695407780120149, 8980560.90192055888474 ], [ 773758.695407780120149, 8980556.901920557022095 ], [ 773754.695407780120149, 8980556.901920557022095 ] ] ] ] } },
{ "type": "Feature", "properties": { "LAYER": "0", "GM_TYPE": "Unknown Area Type", "ELEVATION": 0 }, "geometry": { "type": "MultiPolygon", "coordinates": [ [ [ [ 773693.022864783531986, 8980348.436124753206968 ], [ 773693.011534383986145, 8980348.223537782207131 ], [ 773692.977671563159674, 8980348.013359505683184 ], [ 773692.92166000045836, 8980347.807971328496933 ], [ 773692.844134329236113, 8980347.609700381755829 ], [ 773692.745972946286201, 8980347.420793153345585 ], [ 773692.628288059378974, 8980347.24339003674686 ], [ 773692.492413085303269, 8980347.079501081258059 ], [ 773692.339887541718781, 8980346.930983213707805 ], [ 773692.172439603949897, 8980346.799519201740623 ], [ 773691.991966524161398, 8980346.686598584055901 ], [ 773691.800513134454377, 8980346.593500796705484 ], [ 773691.600248678238131, 8980346.52128067612648 ], [ 773691.393442231696099, 8980346.470756504684687 ], [ 773691.182436994626187, 8980346.442500738427043 ], [ 773690.969623740646057, 8980346.436833530664444 ], [ 773690.757413728977554, 8980346.453819090500474 ], [ 773690.548211383749731, 8980346.493264967575669 ], [ 773690.344387051300146, 8980346.554724220186472 ], [ 773690.148250142578036, 8980346.637500492855906 ], [ 773689.962022967287339, 8980346.740655897185206 ], [ 773689.787815553601831, 8980346.863021641969681 ], [ 773689.627601741231047, 8980347.003211272880435 ], [ 773689.483196816639975, 8980347.15963638573885 ], [ 773689.356236945372075, 8980347.330524623394012 ], [ 773689.248160633374937, 8980347.513939749449492 ], [ 773689.160192428622395, 8980347.707803603261709 ], [ 773689.093329045921564, 8980347.909919625148177 ], [ 773689.048328074044548, 8980348.117997761815786 ], [ 773689.025699392193928, 8980348.32968040369451 ], [ 773689.025699392193928, 8980348.542569102719426 ], [ 773689.048328074044548, 8980348.75425174459815 ], [ 773689.093329045921564, 8980348.962329881265759 ], [ 773689.160192428622395, 8980349.164445903152227 ], [ 773689.248160633374937, 8980349.358309756964445 ], [ 773689.356236945372075, 8980349.541724883019924 ], [ 773689.483196816639975, 8980349.712613120675087 ], [ 773689.627601741231047, 8980349.869038233533502 ], [ 773689.787815553601831, 8980350.009227864444256 ], [ 773689.962022967287339, 8980350.13159360922873 ], [ 773690.148250142578036, 8980350.23474901355803 ], [ 773690.344387051300146, 8980350.317525286227465 ], [ 773690.548211383749731, 8980350.378984538838267 ], [ 773690.757413728977554, 8980350.418430415913463 ], [ 773690.969623740646057, 8980350.435415975749493 ], [ 773691.182436994626187, 8980350.429748767986894 ], [ 773691.393442231696099, 8980350.40149300172925 ], [ 773691.600248678238131, 8980350.350968830287457 ], [ 773691.800513134454377, 8980350.278748709708452 ], [ 773691.991966524161398, 8980350.185650922358036 ], [ 773692.172439603949897, 8980350.072730304673314 ], [ 773692.339887541718781, 8980349.941266292706132 ], [ 773692.492413085303269, 8980349.792748425155878 ], [ 773692.628288059378974, 8980349.628859469667077 ], [ 773692.745972946286201, 8980349.451456353068352 ], [ 773692.844134329236113, 8980349.262549124658108 ], [ 773692.92166000045836, 8980349.064278177917004 ], [ 773692.977671563159674, 8980348.858890000730753 ], [ 773693.011534383986145, 8980348.648711724206805 ], [ 773693.022864783531986, 8980348.436124753206968 ] ] ] ] } },
{ "type": "Feature", "properties": { "LAYER": "0", "GM_TYPE": "Unknown Area Type", "ELEVATION": 0 }, "geometry": { "type": "MultiPolygon", "coordinates": [ [ [ [ 773630.779586841119453, 8980146.918550308793783 ], [ 773630.768256441573612, 8980146.705963337793946 ], [ 773630.734393620747142, 8980146.495785061269999 ], [ 773630.678382058045827, 8980146.290396884083748 ], [ 773630.60085638682358, 8980146.092125937342644 ], [ 773630.502695003873669, 8980145.9032187089324 ], [ 773630.385010116966441, 8980145.725815592333674 ], [ 773630.249135142890736, 8980145.561926636844873 ], [ 773630.096609599306248, 8980145.41340876929462 ], [ 773629.929161661537364, 8980145.281944757327437 ], [ 773629.748688581748866, 8980145.169024139642715 ], [ 773629.557235192041844, 8980145.075926352292299 ], [ 773629.356970735825598, 8980145.003706231713295 ], [ 773629.150164289283566, 8980144.953182060271502 ], [ 773628.939159052213654, 8980144.924926294013858 ], [ 773628.726345798233524, 8980144.919259086251259 ], [ 773628.514135786565021, 8980144.936244646087289 ], [ 773628.304933441337198, 8980144.975690523162484 ], [ 773628.101109108887613, 8980145.037149775773287 ], [ 773627.904972200165503, 8980145.119926048442721 ], [ 773627.718745024874806, 8980145.223081452772021 ], [ 773627.544537611189298, 8980145.345447197556496 ], [ 773627.384323798818514, 8980145.48563682846725 ], [ 773627.239918874227442, 8980145.642061941325665 ], [ 773627.112959002959542, 8980145.812950178980827 ], [ 773627.004882690962404, 8980145.996365305036306 ], [ 773626.916914486209862, 8980146.190229158848524 ], [ 773626.850051103509031, 8980146.392345180734992 ], [ 773626.805050131632015, 8980146.600423317402601 ], [ 773626.782421449781395, 8980146.812105959281325 ], [ 773626.782421449781395, 8980147.024994658306241 ], [ 773626.805050131632015, 8980147.236677300184965 ], [ 773626.850051103509031, 8980147.444755436852574 ], [ 773626.916914486209862, 8980147.646871458739042 ], [ 773627.004882690962404, 8980147.84073531255126 ], [ 773627.112959002959542, 8980148.024150438606739 ], [ 773627.239918874227442, 8980148.195038676261902 ], [ 773627.384323798818514, 8980148.351463789120317 ], [ 773627.544537611189298, 8980148.491653420031071 ], [ 773627.718745024874806, 8980148.614019164815545 ], [ 773627.904972200165503, 8980148.717174569144845 ], [ 773628.101109108887613, 8980148.79995084181428 ], [ 773628.304933441337198, 8980148.861410094425082 ], [ 773628.514135786565021, 8980148.900855971500278 ], [ 773628.726345798233524, 8980148.917841531336308 ], [ 773628.939159052213654, 8980148.912174323573709 ], [ 773629.150164289283566, 8980148.883918557316065 ], [ 773629.356970735825598, 8980148.833394385874271 ], [ 773629.557235192041844, 8980148.761174265295267 ], [ 773629.748688581748866, 8980148.668076477944851 ], [ 773629.929161661537364, 8980148.555155860260129 ], [ 773630.096609599306248, 8980148.423691848292947 ], [ 773630.249135142890736, 8980148.275173980742693 ], [ 773630.385010116966441, 8980148.111285025253892 ], [ 773630.502695003873669, 8980147.933881908655167 ], [ 773630.60085638682358, 8980147.744974680244923 ], [ 773630.678382058045827, 8980147.546703733503819 ], [ 773630.734393620747142, 8980147.341315556317568 ], [ 773630.768256441573612, 8980147.13113727979362 ], [ 773630.779586841119453, 8980146.918550308793783 ] ] ] ] } },
{ "type": "Feature", "properties": { "LAYER": "0", "GM_TYPE": "Unknown Area Type", "ELEVATION": 0 }, "geometry": { "type": "MultiPolygon", "coordinates": [ [ [ [ 773157.86001939768903, 8980435.171910582110286 ], [ 773157.848688998143189, 8980434.959323611110449 ], [ 773157.814826177316718, 8980434.749145334586501 ], [ 773157.758814614615403, 8980434.54375715740025 ], [ 773157.681288943393156, 8980434.345486210659146 ], [ 773157.583127560443245, 8980434.156578982248902 ], [ 773157.465442673536018, 8980433.979175865650177 ], [ 773157.329567699460313, 8980433.815286910161376 ], [ 773157.177042155875824, 8980433.666769042611122 ], [ 773157.00959421810694, 8980433.53530503064394 ], [ 773156.829121138318442, 8980433.422384412959218 ], [ 773156.63766774861142, 8980433.329286625608802 ], [ 773156.437403292395175, 8980433.257066505029798 ], [ 773156.230596845853142, 8980433.206542333588004 ], [ 773156.01959160878323, 8980433.17828656733036 ], [ 773155.8067783548031, 8980433.172619359567761 ], [ 773155.594568343134597, 8980433.189604919403791 ], [ 773155.385365997906774, 8980433.229050796478987 ], [ 773155.181541665457189, 8980433.290510049089789 ], [ 773154.985404756735079, 8980433.373286321759224 ], [ 773154.799177581444383, 8980433.476441726088524 ], [ 773154.624970167758875, 8980433.598807470872998 ], [ 773154.46475635538809, 8980433.738997101783752 ], [ 773154.320351430797018, 8980433.895422214642167 ], [ 773154.193391559529118, 8980434.06631045229733 ], [ 773154.08531524753198, 8980434.249725578352809 ], [ 773153.997347042779438, 8980434.443589432165027 ], [ 773153.930483660078607, 8980434.645705454051495 ], [ 773153.885482688201591, 8980434.853783590719104 ], [ 773153.862854006350972, 8980435.065466232597828 ], [ 773153.862854006350972, 8980435.278354931622744 ], [ 773153.885482688201591, 8980435.490037573501468 ], [ 773153.930483660078607, 8980435.698115710169077 ], [ 773153.997347042779438, 8980435.900231732055545 ], [ 773154.08531524753198, 8980436.094095585867763 ], [ 773154.193391559529118, 8980436.277510711923242 ], [ 773154.320351430797018, 8980436.448398949578404 ], [ 773154.46475635538809, 8980436.604824062436819 ], [ 773154.624970167758875, 8980436.745013693347573 ], [ 773154.799177581444383, 8980436.867379438132048 ], [ 773154.985404756735079, 8980436.970534842461348 ], [ 773155.181541665457189, 8980437.053311115130782 ], [ 773155.385365997906774, 8980437.114770367741585 ], [ 773155.594568343134597, 8980437.15421624481678 ], [ 773155.8067783548031, 8980437.17120180465281 ], [ 773156.01959160878323, 8980437.165534596890211 ], [ 773156.230596845853142, 8980437.137278830632567 ], [ 773156.437403292395175, 8980437.086754659190774 ], [ 773156.63766774861142, 8980437.01453453861177 ], [ 773156.829121138318442, 8980436.921436751261353 ], [ 773157.00959421810694, 8980436.808516133576632 ], [ 773157.177042155875824, 8980436.677052121609449 ], [ 773157.329567699460313, 8980436.528534254059196 ], [ 773157.465442673536018, 8980436.364645298570395 ], [ 773157.583127560443245, 8980436.187242181971669 ], [ 773157.681288943393156, 8980435.998334953561425 ], [ 773157.758814614615403, 8980435.800064006820321 ], [ 773157.814826177316718, 8980435.59467582963407 ], [ 773157.848688998143189, 8980435.384497553110123 ], [ 773157.86001939768903, 8980435.171910582110286 ] ] ] ] } },
{ "type": "Feature", "properties": { "LAYER": "0", "GM_TYPE": "Unknown Area Type", "ELEVATION": 0 }, "geometry": { "type": "MultiPolygon", "coordinates": [ [ [ [ 774915.458119504270144, 8980306.662446897476912 ], [ 774915.446789104724303, 8980306.449859926477075 ], [ 774915.412926283897832, 8980306.239681649953127 ], [ 774915.356914721196517, 8980306.034293472766876 ], [ 774915.27938904997427, 8980305.836022526025772 ], [ 774915.181227667024359, 8980305.647115297615528 ], [ 774915.063542780117132, 8980305.469712181016803 ], [ 774914.927667806041427, 8980305.305823225528002 ], [ 774914.775142262456939, 8980305.157305357977748 ], [ 774914.607694324688055, 8980305.025841346010566 ], [ 774914.427221244899556, 8980304.912920728325844 ], [ 774914.235767855192535, 8980304.819822940975428 ], [ 774914.035503398976289, 8980304.747602820396423 ], [ 774913.828696952434257, 8980304.69707864895463 ], [ 774913.617691715364344, 8980304.668822882696986 ], [ 774913.404878461384214, 8980304.663155674934387 ], [ 774913.192668449715711, 8980304.680141234770417 ], [ 774912.983466104487889, 8980304.719587111845613 ], [ 774912.779641772038303, 8980304.781046364456415 ], [ 774912.583504863316193, 8980304.86382263712585 ], [ 774912.397277688025497, 8980304.96697804145515 ], [ 774912.223070274339989, 8980305.089343786239624 ], [ 774912.062856461969204, 8980305.229533417150378 ], [ 774911.918451537378132, 8980305.385958530008793 ], [ 774911.791491666110232, 8980305.556846767663956 ], [ 774911.683415354113095, 8980305.740261893719435 ], [ 774911.595447149360552, 8980305.934125747531652 ], [ 774911.528583766659722, 8980306.13624176941812 ], [ 774911.483582794782706, 8980306.34431990608573 ], [ 774911.460954112932086, 8980306.556002547964454 ], [ 774911.460954112932086, 8980306.768891246989369 ], [ 774911.483582794782706, 8980306.980573888868093 ], [ 774911.528583766659722, 8980307.188652025535703 ], [ 774911.595447149360552, 8980307.390768047422171 ], [ 774911.683415354113095, 8980307.584631901234388 ], [ 774911.791491666110232, 8980307.768047027289867 ], [ 774911.918451537378132, 8980307.93893526494503 ], [ 774912.062856461969204, 8980308.095360377803445 ], [ 774912.223070274339989, 8980308.235550008714199 ], [ 774912.397277688025497, 8980308.357915753498673 ], [ 774912.583504863316193, 8980308.461071157827973 ], [ 774912.779641772038303, 8980308.543847430497408 ], [ 774912.983466104487889, 8980308.605306683108211 ], [ 774913.192668449715711, 8980308.644752560183406 ], [ 774913.404878461384214, 8980308.661738120019436 ], [ 774913.617691715364344, 8980308.656070912256837 ], [ 774913.828696952434257, 8980308.627815145999193 ], [ 774914.035503398976289, 8980308.5772909745574 ], [ 774914.235767855192535, 8980308.505070853978395 ], [ 774914.427221244899556, 8980308.411973066627979 ], [ 774914.607694324688055, 8980308.299052448943257 ], [ 774914.775142262456939, 8980308.167588436976075 ], [ 774914.927667806041427, 8980308.019070569425821 ], [ 774915.063542780117132, 8980307.85518161393702 ], [ 774915.181227667024359, 8980307.677778497338295 ], [ 774915.27938904997427, 8980307.488871268928051 ], [ 774915.356914721196517, 8980307.290600322186947 ], [ 774915.412926283897832, 8980307.085212145000696 ], [ 774915.446789104724303, 8980306.875033868476748 ], [ 774915.458119504270144, 8980306.662446897476912 ] ] ] ] } },
{ "type": "Feature", "properties": { "LAYER": "0", "GM_TYPE": "Unknown Area Type", "ELEVATION": 0 }, "geometry": { "type": "MultiPolygon", "coordinates": [ [ [ [ 776570.915203849901445, 8980108.609472114592791 ], [ 776570.903873450355604, 8980108.396885143592954 ], [ 776570.870010629529133, 8980108.186706867069006 ], [ 776570.813999066827819, 8980107.981318689882755 ], [ 776570.736473395605572, 8980107.783047743141651 ], [ 776570.638312012655661, 8980107.594140514731407 ], [ 776570.520627125748433, 8980107.416737398132682 ], [ 776570.384752151672728, 8980107.252848442643881 ], [ 776570.23222660808824, 8980107.104330575093627 ], [ 776570.064778670319356, 8980106.972866563126445 ], [ 776569.884305590530857, 8980106.859945945441723 ], [ 776569.692852200823836, 8980106.766848158091307 ], [ 776569.49258774460759, 8980106.694628037512302 ], [ 776569.285781298065558, 8980106.644103866070509 ], [ 776569.074776060995646, 8980106.615848099812865 ], [ 776568.861962807015516, 8980106.610180892050266 ], [ 776568.649752795347013, 8980106.627166451886296 ], [ 776568.44055045011919, 8980106.666612328961492 ], [ 776568.236726117669605, 8980106.728071581572294 ], [ 776568.040589208947495, 8980106.810847854241729 ], [ 776567.854362033656798, 8980106.914003258571029 ], [ 776567.68015461997129, 8980107.036369003355503 ], [ 776567.519940807600506, 8980107.176558634266257 ], [ 776567.375535883009434, 8980107.332983747124672 ], [ 776567.248576011741534, 8980107.503871984779835 ], [ 776567.140499699744396, 8980107.687287110835314 ], [ 776567.052531494991854, 8980107.881150964647532 ], [ 776566.985668112291023, 8980108.083266986533999 ], [ 776566.940667140414007, 8980108.291345123201609 ], [ 776566.918038458563387, 8980108.503027765080333 ], [ 776566.918038458563387, 8980108.715916464105248 ], [ 776566.940667140414007, 8980108.927599105983973 ], [ 776566.985668112291023, 8980109.135677242651582 ], [ 776567.052531494991854, 8980109.33779326453805 ], [ 776567.140499699744396, 8980109.531657118350267 ], [ 776567.248576011741534, 8980109.715072244405746 ], [ 776567.375535883009434, 8980109.885960482060909 ], [ 776567.519940807600506, 8980110.042385594919324 ], [ 776567.68015461997129, 8980110.182575225830078 ], [ 776567.854362033656798, 8980110.304940970614552 ], [ 776568.040589208947495, 8980110.408096374943852 ], [ 776568.236726117669605, 8980110.490872647613287 ], [ 776568.44055045011919, 8980110.55233190022409 ], [ 776568.649752795347013, 8980110.591777777299285 ], [ 776568.861962807015516, 8980110.608763337135315 ], [ 776569.074776060995646, 8980110.603096129372716 ], [ 776569.285781298065558, 8980110.574840363115072 ], [ 776569.49258774460759, 8980110.524316191673279 ], [ 776569.692852200823836, 8980110.452096071094275 ], [ 776569.884305590530857, 8980110.358998283743858 ], [ 776570.064778670319356, 8980110.246077666059136 ], [ 776570.23222660808824, 8980110.114613654091954 ], [ 776570.384752151672728, 8980109.9660957865417 ], [ 776570.520627125748433, 8980109.802206831052899 ], [ 776570.638312012655661, 8980109.624803714454174 ], [ 776570.736473395605572, 8980109.43589648604393 ], [ 776570.813999066827819, 8980109.237625539302826 ], [ 776570.870010629529133, 8980109.032237362116575 ], [ 776570.903873450355604, 8980108.822059085592628 ], [ 776570.915203849901445, 8980108.609472114592791 ] ] ] ] } },
{ "type": "Feature", "properties": { "LAYER": "0", "GM_TYPE": "Unknown Area Type", "ELEVATION": 0 }, "geometry": { "type": "MultiPolygon", "coordinates": [ [ [ [ 776582.764063497656025, 8980106.600954573601484 ], [ 776582.752733098110184, 8980106.388367602601647 ], [ 776582.718870277283713, 8980106.1781893260777 ], [ 776582.662858714582399, 8980105.972801148891449 ], [ 776582.585333043360151, 8980105.774530202150345 ], [ 776582.48717166041024, 8980105.585622973740101 ], [ 776582.369486773503013, 8980105.408219857141376 ], [ 776582.233611799427308, 8980105.244330901652575 ], [ 776582.08108625584282, 8980105.095813034102321 ], [ 776581.913638318073936, 8980104.964349022135139 ], [ 776581.733165238285437, 8980104.851428404450417 ], [ 776581.541711848578416, 8980104.7583306171 ], [ 776581.34144739236217, 8980104.686110496520996 ], [ 776581.134640945820138, 8980104.635586325079203 ], [ 776580.923635708750226, 8980104.607330558821559 ], [ 776580.710822454770096, 8980104.60166335105896 ], [ 776580.498612443101592, 8980104.61864891089499 ], [ 776580.28941009787377, 8980104.658094787970185 ], [ 776580.085585765424185, 8980104.719554040580988 ], [ 776579.889448856702074, 8980104.802330313250422 ], [ 776579.703221681411378, 8980104.905485717579722 ], [ 776579.52901426772587, 8980105.027851462364197 ], [ 776579.368800455355085, 8980105.168041093274951 ], [ 776579.224395530764014, 8980105.324466206133366 ], [ 776579.097435659496114, 8980105.495354443788528 ], [ 776578.989359347498976, 8980105.678769569844007 ], [ 776578.901391142746434, 8980105.872633423656225 ], [ 776578.834527760045603, 8980106.074749445542693 ], [ 776578.789526788168587, 8980106.282827582210302 ], [ 776578.766898106317967, 8980106.494510224089026 ], [ 776578.766898106317967, 8980106.707398923113942 ], [ 776578.789526788168587, 8980106.919081564992666 ], [ 776578.834527760045603, 8980107.127159701660275 ], [ 776578.901391142746434, 8980107.329275723546743 ], [ 776578.989359347498976, 8980107.523139577358961 ], [ 776579.097435659496114, 8980107.70655470341444 ], [ 776579.224395530764014, 8980107.877442941069603 ], [ 776579.368800455355085, 8980108.033868053928018 ], [ 776579.52901426772587, 8980108.174057684838772 ], [ 776579.703221681411378, 8980108.296423429623246 ], [ 776579.889448856702074, 8980108.399578833952546 ], [ 776580.085585765424185, 8980108.482355106621981 ], [ 776580.28941009787377, 8980108.543814359232783 ], [ 776580.498612443101592, 8980108.583260236307979 ], [ 776580.710822454770096, 8980108.600245796144009 ], [ 776580.923635708750226, 8980108.59457858838141 ], [ 776581.134640945820138, 8980108.566322822123766 ], [ 776581.34144739236217, 8980108.515798650681973 ], [ 776581.541711848578416, 8980108.443578530102968 ], [ 776581.733165238285437, 8980108.350480742752552 ], [ 776581.913638318073936, 8980108.23756012506783 ], [ 776582.08108625584282, 8980108.106096113100648 ], [ 776582.233611799427308, 8980107.957578245550394 ], [ 776582.369486773503013, 8980107.793689290061593 ], [ 776582.48717166041024, 8980107.616286173462868 ], [ 776582.585333043360151, 8980107.427378945052624 ], [ 776582.662858714582399, 8980107.22910799831152 ], [ 776582.718870277283713, 8980107.023719821125269 ], [ 776582.752733098110184, 8980106.813541544601321 ], [ 776582.764063497656025, 8980106.600954573601484 ] ] ] ] } },
{ "type": "Feature", "properties": { "LAYER": "0", "GM_TYPE": "Unknown Area Type", "ELEVATION": 0 }, "geometry": { "type": "MultiPolygon", "coordinates": [ [ [ [ 776913.496568333473988, 8980671.926658671349287 ], [ 776913.485237933928147, 8980671.71407170034945 ], [ 776913.451375113101676, 8980671.503893423825502 ], [ 776913.395363550400361, 8980671.298505246639252 ], [ 776913.317837879178114, 8980671.100234299898148 ], [ 776913.219676496228203, 8980670.911327071487904 ], [ 776913.101991609320976, 8980670.733923954889178 ], [ 776912.966116635245271, 8980670.570034999400377 ], [ 776912.813591091660783, 8980670.421517131850123 ], [ 776912.646143153891899, 8980670.290053119882941 ], [ 776912.4656700741034, 8980670.177132502198219 ], [ 776912.274216684396379, 8980670.084034714847803 ], [ 776912.073952228180133, 8980670.011814594268799 ], [ 776911.867145781638101, 8980669.961290422827005 ], [ 776911.656140544568188, 8980669.933034656569362 ], [ 776911.443327290588059, 8980669.927367448806763 ], [ 776911.231117278919555, 8980669.944353008642793 ], [ 776911.021914933691733, 8980669.983798885717988 ], [ 776910.818090601242147, 8980670.045258138328791 ], [ 776910.621953692520037, 8980670.128034410998225 ], [ 776910.435726517229341, 8980670.231189815327525 ], [ 776910.261519103543833, 8980670.353555560112 ], [ 776910.101305291173048, 8980670.493745191022754 ], [ 776909.956900366581976, 8980670.650170303881168 ], [ 776909.829940495314077, 8980670.821058541536331 ], [ 776909.721864183316939, 8980671.00447366759181 ], [ 776909.633895978564397, 8980671.198337521404028 ], [ 776909.567032595863566, 8980671.400453543290496 ], [ 776909.52203162398655, 8980671.608531679958105 ], [ 776909.49940294213593, 8980671.820214321836829 ], [ 776909.49940294213593, 8980672.033103020861745 ], [ 776909.52203162398655, 8980672.244785662740469 ], [ 776909.567032595863566, 8980672.452863799408078 ], [ 776909.633895978564397, 8980672.654979821294546 ], [ 776909.721864183316939, 8980672.848843675106764 ], [ 776909.829940495314077, 8980673.032258801162243 ], [ 776909.956900366581976, 8980673.203147038817406 ], [ 776910.101305291173048, 8980673.35957215167582 ], [ 776910.261519103543833, 8980673.499761782586575 ], [ 776910.435726517229341, 8980673.622127527371049 ], [ 776910.621953692520037, 8980673.725282931700349 ], [ 776910.818090601242147, 8980673.808059204369783 ], [ 776911.021914933691733, 8980673.869518456980586 ], [ 776911.231117278919555, 8980673.908964334055781 ], [ 776911.443327290588059, 8980673.925949893891811 ], [ 776911.656140544568188, 8980673.920282686129212 ], [ 776911.867145781638101, 8980673.892026919871569 ], [ 776912.073952228180133, 8980673.841502748429775 ], [ 776912.274216684396379, 8980673.769282627850771 ], [ 776912.4656700741034, 8980673.676184840500355 ], [ 776912.646143153891899, 8980673.563264222815633 ], [ 776912.813591091660783, 8980673.431800210848451 ], [ 776912.966116635245271, 8980673.283282343298197 ], [ 776913.101991609320976, 8980673.119393387809396 ], [ 776913.219676496228203, 8980672.94199027121067 ], [ 776913.317837879178114, 8980672.753083042800426 ], [ 776913.395363550400361, 8980672.554812096059322 ], [ 776913.451375113101676, 8980672.349423918873072 ], [ 776913.485237933928147, 8980672.139245642349124 ], [ 776913.496568333473988, 8980671.926658671349287 ] ] ] ] } },
{ "type": "Feature", "properties": { "LAYER": "0", "GM_TYPE": "Unknown Area Type", "ELEVATION": 0 }, "geometry": { "type": "MultiPolygon", "coordinates": [ [ [ [ 776641.573971181176603, 8980684.817614234983921 ], [ 776641.573971181176603, 8980688.817614233121276 ], [ 776645.573971181176603, 8980688.817614233121276 ], [ 776645.573971181176603, 8980684.817614234983921 ], [ 776641.573971181176603, 8980684.817614234983921 ] ] ] ] } },
{ "type": "Feature", "properties": { "LAYER": "0", "GM_TYPE": "Unknown Area Type", "ELEVATION": 0 }, "geometry": { "type": "MultiPolygon", "coordinates": [ [ [ [ 776629.806922420859337, 8980680.901551257818937 ], [ 776628.166709333658218, 8980684.549797555431724 ], [ 776631.81495562940836, 8980686.190010642632842 ], [ 776633.455168715678155, 8980682.541764345020056 ], [ 776629.806922420859337, 8980680.901551257818937 ] ] ] ] } },
{ "type": "Feature", "properties": { "LAYER": "0", "GM_TYPE": "Unknown Area Type", "ELEVATION": 0 }, "geometry": { "type": "MultiPolygon", "coordinates": [ [ [ [ 776677.619772602571175, 8981184.144156936556101 ], [ 776677.608442203025334, 8981183.931569965556264 ], [ 776677.574579382198863, 8981183.721391689032316 ], [ 776677.518567819497548, 8981183.516003511846066 ], [ 776677.441042148275301, 8981183.317732565104961 ], [ 776677.34288076532539, 8981183.128825336694717 ], [ 776677.225195878418162, 8981182.951422220095992 ], [ 776677.089320904342458, 8981182.787533264607191 ], [ 776676.936795360757969, 8981182.639015397056937 ], [ 776676.769347422989085, 8981182.507551385089755 ], [ 776676.588874343200587, 8981182.394630767405033 ], [ 776676.397420953493565, 8981182.301532980054617 ], [ 776676.197156497277319, 8981182.229312859475613 ], [ 776675.990350050735287, 8981182.178788688033819 ], [ 776675.779344813665375, 8981182.150532921776175 ], [ 776675.566531559685245, 8981182.144865714013577 ], [ 776675.354321548016742, 8981182.161851273849607 ], [ 776675.145119202788919, 8981182.201297150924802 ], [ 776674.941294870339334, 8981182.262756403535604 ], [ 776674.745157961617224, 8981182.345532676205039 ], [ 776674.558930786326528, 8981182.448688080534339 ], [ 776674.38472337264102, 8981182.571053825318813 ], [ 776674.224509560270235, 8981182.711243456229568 ], [ 776674.080104635679163, 8981182.867668569087982 ], [ 776673.953144764411263, 8981183.038556806743145 ], [ 776673.845068452414125, 8981183.221971932798624 ], [ 776673.757100247661583, 8981183.415835786610842 ], [ 776673.690236864960752, 8981183.61795180849731 ], [ 776673.645235893083736, 8981183.826029945164919 ], [ 776673.622607211233117, 8981184.037712587043643 ], [ 776673.622607211233117, 8981184.250601286068559 ], [ 776673.645235893083736, 8981184.462283927947283 ], [ 776673.690236864960752, 8981184.670362064614892 ], [ 776673.757100247661583, 8981184.87247808650136 ], [ 776673.845068452414125, 8981185.066341940313578 ], [ 776673.953144764411263, 8981185.249757066369057 ], [ 776674.080104635679163, 8981185.42064530402422 ], [ 776674.224509560270235, 8981185.577070416882634 ], [ 776674.38472337264102, 8981185.717260047793388 ], [ 776674.558930786326528, 8981185.839625792577863 ], [ 776674.745157961617224, 8981185.942781196907163 ], [ 776674.941294870339334, 8981186.025557469576597 ], [ 776675.145119202788919, 8981186.0870167221874 ], [ 776675.354321548016742, 8981186.126462599262595 ], [ 776675.566531559685245, 8981186.143448159098625 ], [ 776675.779344813665375, 8981186.137780951336026 ], [ 776675.990350050735287, 8981186.109525185078382 ], [ 776676.197156497277319, 8981186.059001013636589 ], [ 776676.397420953493565, 8981185.986780893057585 ], [ 776676.588874343200587, 8981185.893683105707169 ], [ 776676.769347422989085, 8981185.780762488022447 ], [ 776676.936795360757969, 8981185.649298476055264 ], [ 776677.089320904342458, 8981185.500780608505011 ], [ 776677.225195878418162, 8981185.33689165301621 ], [ 776677.34288076532539, 8981185.159488536417484 ], [ 776677.441042148275301, 8981184.97058130800724 ], [ 776677.518567819497548, 8981184.772310361266136 ], [ 776677.574579382198863, 8981184.566922184079885 ], [ 776677.608442203025334, 8981184.356743907555938 ], [ 776677.619772602571175, 8981184.144156936556101 ] ] ] ] } },
{ "type": "Feature", "properties": { "LAYER": "0", "GM_TYPE": "Unknown Area Type", "ELEVATION": 0 }, "geometry": { "type": "MultiPolygon", "coordinates": [ [ [ [ 776668.540531191625632, 8981011.124514296650887 ], [ 776668.529200792079791, 8981010.91192732565105 ], [ 776668.495337971253321, 8981010.701749049127102 ], [ 776668.439326408552006, 8981010.496360871940851 ], [ 776668.361800737329759, 8981010.298089925199747 ], [ 776668.263639354379848, 8981010.109182696789503 ], [ 776668.14595446747262, 8981009.931779580190778 ], [ 776668.010079493396915, 8981009.767890624701977 ], [ 776667.857553949812427, 8981009.619372757151723 ], [ 776667.690106012043543, 8981009.487908745184541 ], [ 776667.509632932255045, 8981009.374988127499819 ], [ 776667.318179542548023, 8981009.281890340149403 ], [ 776667.117915086331777, 8981009.209670219570398 ], [ 776666.911108639789745, 8981009.159146048128605 ], [ 776666.700103402719833, 8981009.130890281870961 ], [ 776666.487290148739703, 8981009.125223074108362 ], [ 776666.2750801370712, 8981009.142208633944392 ], [ 776666.065877791843377, 8981009.181654511019588 ], [ 776665.862053459393792, 8981009.24311376363039 ], [ 776665.665916550671682, 8981009.325890036299825 ], [ 776665.479689375380985, 8981009.429045440629125 ], [ 776665.305481961695477, 8981009.551411185413599 ], [ 776665.145268149324693, 8981009.691600816324353 ], [ 776665.000863224733621, 8981009.848025929182768 ], [ 776664.873903353465721, 8981010.018914166837931 ], [ 776664.765827041468583, 8981010.20232929289341 ], [ 776664.677858836716041, 8981010.396193146705627 ], [ 776664.61099545401521, 8981010.598309168592095 ], [ 776664.565994482138194, 8981010.806387305259705 ], [ 776664.543365800287575, 8981011.018069947138429 ], [ 776664.543365800287575, 8981011.230958646163344 ], [ 776664.565994482138194, 8981011.442641288042068 ], [ 776664.61099545401521, 8981011.650719424709678 ], [ 776664.677858836716041, 8981011.852835446596146 ], [ 776664.765827041468583, 8981012.046699300408363 ], [ 776664.873903353465721, 8981012.230114426463842 ], [ 776665.000863224733621, 8981012.401002664119005 ], [ 776665.145268149324693, 8981012.55742777697742 ], [ 776665.305481961695477, 8981012.697617407888174 ], [ 776665.479689375380985, 8981012.819983152672648 ], [ 776665.665916550671682, 8981012.923138557001948 ], [ 776665.862053459393792, 8981013.005914829671383 ], [ 776666.065877791843377, 8981013.067374082282186 ], [ 776666.2750801370712, 8981013.106819959357381 ], [ 776666.487290148739703, 8981013.123805519193411 ], [ 776666.700103402719833, 8981013.118138311430812 ], [ 776666.911108639789745, 8981013.089882545173168 ], [ 776667.117915086331777, 8981013.039358373731375 ], [ 776667.318179542548023, 8981012.96713825315237 ], [ 776667.509632932255045, 8981012.874040465801954 ], [ 776667.690106012043543, 8981012.761119848117232 ], [ 776667.857553949812427, 8981012.62965583615005 ], [ 776668.010079493396915, 8981012.481137968599796 ], [ 776668.14595446747262, 8981012.317249013110995 ], [ 776668.263639354379848, 8981012.13984589651227 ], [ 776668.361800737329759, 8981011.950938668102026 ], [ 776668.439326408552006, 8981011.752667721360922 ], [ 776668.495337971253321, 8981011.547279544174671 ], [ 776668.529200792079791, 8981011.337101267650723 ], [ 776668.540531191625632, 8981011.124514296650887 ] ] ] ] } },
{ "type": "Feature", "properties": { "LAYER": "0", "GM_TYPE": "Unknown Area Type", "ELEVATION": 0 }, "geometry": { "type": "MultiPolygon", "coordinates": [ [ [ [ 777080.841881103347987, 8980995.196549065411091 ], [ 777080.830550703802146, 8980994.983962094411254 ], [ 777080.796687882975675, 8980994.773783817887306 ], [ 777080.74067632027436, 8980994.568395640701056 ], [ 777080.663150649052113, 8980994.370124693959951 ], [ 777080.564989266102202, 8980994.181217465549707 ], [ 777080.447304379194975, 8980994.003814348950982 ], [ 777080.31142940511927, 8980993.839925393462181 ], [ 777080.158903861534782, 8980993.691407525911927 ], [ 777079.991455923765898, 8980993.559943513944745 ], [ 777079.810982843977399, 8980993.447022896260023 ], [ 777079.619529454270378, 8980993.353925108909607 ], [ 777079.419264998054132, 8980993.281704988330603 ], [ 777079.2124585515121, 8980993.231180816888809 ], [ 777079.001453314442188, 8980993.202925050631166 ], [ 777078.788640060462058, 8980993.197257842868567 ], [ 777078.576430048793554, 8980993.214243402704597 ], [ 777078.367227703565732, 8980993.253689279779792 ], [ 777078.163403371116146, 8980993.315148532390594 ], [ 777077.967266462394036, 8980993.397924805060029 ], [ 777077.78103928710334, 8980993.501080209389329 ], [ 777077.606831873417832, 8980993.623445954173803 ], [ 777077.446618061047047, 8980993.763635585084558 ], [ 777077.302213136455975, 8980993.920060697942972 ], [ 777077.175253265188076, 8980994.090948935598135 ], [ 777077.067176953190938, 8980994.274364061653614 ], [ 777076.979208748438396, 8980994.468227915465832 ], [ 777076.912345365737565, 8980994.6703439373523 ], [ 777076.867344393860549, 8980994.878422074019909 ], [ 777076.844715712009929, 8980995.090104715898633 ], [ 777076.844715712009929, 8980995.302993414923549 ], [ 777076.867344393860549, 8980995.514676056802273 ], [ 777076.912345365737565, 8980995.722754193469882 ], [ 777076.979208748438396, 8980995.92487021535635 ], [ 777077.067176953190938, 8980996.118734069168568 ], [ 777077.175253265188076, 8980996.302149195224047 ], [ 777077.302213136455975, 8980996.47303743287921 ], [ 777077.446618061047047, 8980996.629462545737624 ], [ 777077.606831873417832, 8980996.769652176648378 ], [ 777077.78103928710334, 8980996.892017921432853 ], [ 777077.967266462394036, 8980996.995173325762153 ], [ 777078.163403371116146, 8980997.077949598431587 ], [ 777078.367227703565732, 8980997.13940885104239 ], [ 777078.576430048793554, 8980997.178854728117585 ], [ 777078.788640060462058, 8980997.195840287953615 ], [ 777079.001453314442188, 8980997.190173080191016 ], [ 777079.2124585515121, 8980997.161917313933372 ], [ 777079.419264998054132, 8980997.111393142491579 ], [ 777079.619529454270378, 8980997.039173021912575 ], [ 777079.810982843977399, 8980996.946075234562159 ], [ 777079.991455923765898, 8980996.833154616877437 ], [ 777080.158903861534782, 8980996.701690604910254 ], [ 777080.31142940511927, 8980996.553172737360001 ], [ 777080.447304379194975, 8980996.3892837818712 ], [ 777080.564989266102202, 8980996.211880665272474 ], [ 777080.663150649052113, 8980996.02297343686223 ], [ 777080.74067632027436, 8980995.824702490121126 ], [ 777080.796687882975675, 8980995.619314312934875 ], [ 777080.830550703802146, 8980995.409136036410928 ], [ 777080.841881103347987, 8980995.196549065411091 ] ] ] ] } },
{ "type": "Feature", "properties": { "LAYER": "0", "GM_TYPE": "Unknown Area Type", "ELEVATION": 0 }, "geometry": { "type": "MultiPolygon", "coordinates": [ [ [ [ 777090.653943486511707, 8981169.512633988633752 ], [ 777090.642613086965866, 8981169.300047017633915 ], [ 777090.608750266139396, 8981169.089868741109967 ], [ 777090.552738703438081, 8981168.884480563923717 ], [ 777090.475213032215834, 8981168.686209617182612 ], [ 777090.377051649265923, 8981168.497302388772368 ], [ 777090.259366762358695, 8981168.319899272173643 ], [ 777090.12349178828299, 8981168.156010316684842 ], [ 777089.970966244698502, 8981168.007492449134588 ], [ 777089.803518306929618, 8981167.876028437167406 ], [ 777089.62304522714112, 8981167.763107819482684 ], [ 777089.431591837434098, 8981167.670010032132268 ], [ 777089.231327381217852, 8981167.597789911553264 ], [ 777089.02452093467582, 8981167.54726574011147 ], [ 777088.813515697605908, 8981167.519009973853827 ], [ 777088.600702443625778, 8981167.513342766091228 ], [ 777088.388492431957275, 8981167.530328325927258 ], [ 777088.179290086729452, 8981167.569774203002453 ], [ 777087.975465754279867, 8981167.631233455613256 ], [ 777087.779328845557757, 8981167.71400972828269 ], [ 777087.59310167026706, 8981167.81716513261199 ], [ 777087.418894256581552, 8981167.939530877396464 ], [ 777087.258680444210768, 8981168.079720508307219 ], [ 777087.114275519619696, 8981168.236145621165633 ], [ 777086.987315648351796, 8981168.407033858820796 ], [ 777086.879239336354658, 8981168.590448984876275 ], [ 777086.791271131602116, 8981168.784312838688493 ], [ 777086.724407748901285, 8981168.986428860574961 ], [ 777086.679406777024269, 8981169.19450699724257 ], [ 777086.656778095173649, 8981169.406189639121294 ], [ 777086.656778095173649, 8981169.61907833814621 ], [ 777086.679406777024269, 8981169.830760980024934 ], [ 777086.724407748901285, 8981170.038839116692543 ], [ 777086.791271131602116, 8981170.240955138579011 ], [ 777086.879239336354658, 8981170.434818992391229 ], [ 777086.987315648351796, 8981170.618234118446708 ], [ 777087.114275519619696, 8981170.789122356101871 ], [ 777087.258680444210768, 8981170.945547468960285 ], [ 777087.418894256581552, 8981171.085737099871039 ], [ 777087.59310167026706, 8981171.208102844655514 ], [ 777087.779328845557757, 8981171.311258248984814 ], [ 777087.975465754279867, 8981171.394034521654248 ], [ 777088.179290086729452, 8981171.455493774265051 ], [ 777088.388492431957275, 8981171.494939651340246 ], [ 777088.600702443625778, 8981171.511925211176276 ], [ 777088.813515697605908, 8981171.506258003413677 ], [ 777089.02452093467582, 8981171.478002237156034 ], [ 777089.231327381217852, 8981171.42747806571424 ], [ 777089.431591837434098, 8981171.355257945135236 ], [ 777089.62304522714112, 8981171.26216015778482 ], [ 777089.803518306929618, 8981171.149239540100098 ], [ 777089.970966244698502, 8981171.017775528132915 ], [ 777090.12349178828299, 8981170.869257660582662 ], [ 777090.259366762358695, 8981170.705368705093861 ], [ 777090.377051649265923, 8981170.527965588495135 ], [ 777090.475213032215834, 8981170.339058360084891 ], [ 777090.552738703438081, 8981170.140787413343787 ], [ 777090.608750266139396, 8981169.935399236157537 ], [ 777090.642613086965866, 8981169.725220959633589 ], [ 777090.653943486511707, 8981169.512633988633752 ] ] ] ] } },
{ "type": "Feature", "properties": { "LAYER": "0", "GM_TYPE": "Unknown Area Type", "ELEVATION": 0 }, "geometry": { "type": "MultiPolygon", "coordinates": [ [ [ [ 777095.72646035021171, 8981331.291651248931885 ], [ 777095.72646035021171, 8981335.29165125079453 ], [ 777099.726460350328125, 8981335.29165125079453 ], [ 777099.726460350328125, 8981331.291651248931885 ], [ 777095.72646035021171, 8981331.291651248931885 ] ] ] ] } },
{ "type": "Feature", "properties": { "LAYER": "0", "GM_TYPE": "Unknown Area Type", "ELEVATION": 0 }, "geometry": { "type": "MultiPolygon", "coordinates": [ [ [ [ 776666.099832325009629, 8981347.392771769315004 ], [ 776666.099832325009629, 8981351.392771769315004 ], [ 776670.099832325009629, 8981351.392771769315004 ], [ 776670.099832325009629, 8981347.392771769315004 ], [ 776666.099832325009629, 8981347.392771769315004 ] ] ] ] } },
{ "type": "Feature", "properties": { "LAYER": "0", "GM_TYPE": "Unknown Area Type", "ELEVATION": 0 }, "geometry": { "type": "MultiPolygon", "coordinates": [ [ [ [ 776683.719380470342003, 8981355.61488401889801 ], [ 776683.719380470342003, 8981359.61488401889801 ], [ 776687.719380470342003, 8981359.61488401889801 ], [ 776687.719380470342003, 8981355.61488401889801 ], [ 776683.719380470342003, 8981355.61488401889801 ] ] ] ] } },
{ "type": "Feature", "properties": { "LAYER": "0", "GM_TYPE": "Unknown Area Type", "ELEVATION": 0 }, "geometry": { "type": "MultiPolygon", "coordinates": [ [ [ [ 776692.298508276930079, 8981501.311514742672443 ], [ 776692.298508276930079, 8981505.311514742672443 ], [ 776696.298508276930079, 8981505.311514742672443 ], [ 776696.298508276930079, 8981501.311514742672443 ], [ 776692.298508276930079, 8981501.311514742672443 ] ] ] ] } },
{ "type": "Feature", "properties": { "LAYER": "0", "GM_TYPE": "Unknown Area Type", "ELEVATION": 0 }, "geometry": { "type": "MultiPolygon", "coordinates": [ [ [ [ 776575.016767472145148, 8981519.336417751386762 ], [ 776575.005437072599307, 8981519.123830780386925 ], [ 776574.971574251772836, 8981518.913652503862977 ], [ 776574.915562689071521, 8981518.708264326676726 ], [ 776574.838037017849274, 8981518.509993379935622 ], [ 776574.739875634899363, 8981518.321086151525378 ], [ 776574.622190747992136, 8981518.143683034926653 ], [ 776574.486315773916431, 8981517.979794079437852 ], [ 776574.333790230331942, 8981517.831276211887598 ], [ 776574.166342292563058, 8981517.699812199920416 ], [ 776573.98586921277456, 8981517.586891582235694 ], [ 776573.794415823067538, 8981517.493793794885278 ], [ 776573.594151366851293, 8981517.421573674306273 ], [ 776573.38734492030926, 8981517.37104950286448 ], [ 776573.176339683239348, 8981517.342793736606836 ], [ 776572.963526429259218, 8981517.337126528844237 ], [ 776572.751316417590715, 8981517.354112088680267 ], [ 776572.542114072362892, 8981517.393557965755463 ], [ 776572.338289739913307, 8981517.455017218366265 ], [ 776572.142152831191197, 8981517.5377934910357 ], [ 776571.955925655900501, 8981517.640948895365 ], [ 776571.781718242214993, 8981517.763314640149474 ], [ 776571.621504429844208, 8981517.903504271060228 ], [ 776571.477099505253136, 8981518.059929383918643 ], [ 776571.350139633985236, 8981518.230817621573806 ], [ 776571.242063321988098, 8981518.414232747629285 ], [ 776571.154095117235556, 8981518.608096601441503 ], [ 776571.087231734534726, 8981518.810212623327971 ], [ 776571.042230762657709, 8981519.01829075999558 ], [ 776571.01960208080709, 8981519.229973401874304 ], [ 776571.01960208080709, 8981519.44286210089922 ], [ 776571.042230762657709, 8981519.654544742777944 ], [ 776571.087231734534726, 8981519.862622879445553 ], [ 776571.154095117235556, 8981520.064738901332021 ], [ 776571.242063321988098, 8981520.258602755144238 ], [ 776571.350139633985236, 8981520.442017881199718 ], [ 776571.477099505253136, 8981520.61290611885488 ], [ 776571.621504429844208, 8981520.769331231713295 ], [ 776571.781718242214993, 8981520.909520862624049 ], [ 776571.955925655900501, 8981521.031886607408524 ], [ 776572.142152831191197, 8981521.135042011737823 ], [ 776572.338289739913307, 8981521.217818284407258 ], [ 776572.542114072362892, 8981521.279277537018061 ], [ 776572.751316417590715, 8981521.318723414093256 ], [ 776572.963526429259218, 8981521.335708973929286 ], [ 776573.176339683239348, 8981521.330041766166687 ], [ 776573.38734492030926, 8981521.301786 ], [ 776573.594151366851293, 8981521.25126182846725 ], [ 776573.794415823067538, 8981521.179041707888246 ], [ 776573.98586921277456, 8981521.085943920537829 ], [ 776574.166342292563058, 8981520.973023302853107 ], [ 776574.333790230331942, 8981520.841559290885925 ], [ 776574.486315773916431, 8981520.693041423335671 ], [ 776574.622190747992136, 8981520.52915246784687 ], [ 776574.739875634899363, 8981520.351749351248145 ], [ 776574.838037017849274, 8981520.162842122837901 ], [ 776574.915562689071521, 8981519.964571176096797 ], [ 776574.971574251772836, 8981519.759182998910546 ], [ 776575.005437072599307, 8981519.549004722386599 ], [ 776575.016767472145148, 8981519.336417751386762 ] ] ] ] } },
{ "type": "Feature", "properties": { "LAYER": "0", "GM_TYPE": "Unknown Area Type", "ELEVATION": 0 }, "geometry": { "type": "MultiPolygon", "coordinates": [ [ [ [ 776159.589109404827468, 8981537.663226034492254 ], [ 776159.589109404827468, 8981541.663226034492254 ], [ 776163.589109404827468, 8981541.663226034492254 ], [ 776163.589109404827468, 8981537.663226034492254 ], [ 776159.589109404827468, 8981537.663226034492254 ] ] ] ] } },
{ "type": "Feature", "properties": { "LAYER": "0", "GM_TYPE": "Unknown Area Type", "ELEVATION": 0 }, "geometry": { "type": "MultiPolygon", "coordinates": [ [ [ [ 775942.859779855934903, 8981322.892235524952412 ], [ 775942.859779855934903, 8981326.892235524952412 ], [ 775946.859779855934903, 8981326.892235524952412 ], [ 775946.859779855934903, 8981322.892235524952412 ], [ 775942.859779855934903, 8981322.892235524952412 ] ] ] ] } },
{ "type": "Feature", "properties": { "LAYER": "0", "GM_TYPE": "Unknown Area Type", "ELEVATION": 0 }, "geometry": { "type": "MultiPolygon", "coordinates": [ [ [ [ 775930.838454437325709, 8981137.388556528836489 ], [ 775930.838454437325709, 8981141.388556530699134 ], [ 775934.838454437325709, 8981141.388556530699134 ], [ 775934.838454437325709, 8981137.388556528836489 ], [ 775930.838454437325709, 8981137.388556528836489 ] ] ] ] } },
{ "type": "Feature", "properties": { "LAYER": "0", "GM_TYPE": "Unknown Area Type", "ELEVATION": 0 }, "geometry": { "type": "MultiPolygon", "coordinates": [ [ [ [ 775245.144598515238613, 8981588.954345721751451 ], [ 775245.133268115692772, 8981588.741758750751615 ], [ 775245.099405294866301, 8981588.531580474227667 ], [ 775245.043393732164986, 8981588.326192297041416 ], [ 775244.965868060942739, 8981588.127921350300312 ], [ 775244.867706677992828, 8981587.939014121890068 ], [ 775244.750021791085601, 8981587.761611005291343 ], [ 775244.614146817009896, 8981587.597722049802542 ], [ 775244.461621273425408, 8981587.449204182252288 ], [ 775244.294173335656524, 8981587.317740170285106 ], [ 775244.113700255868025, 8981587.204819552600384 ], [ 775243.922246866161004, 8981587.111721765249968 ], [ 775243.721982409944758, 8981587.039501644670963 ], [ 775243.515175963402726, 8981586.98897747322917 ], [ 775243.304170726332814, 8981586.960721706971526 ], [ 775243.091357472352684, 8981586.955054499208927 ], [ 775242.87914746068418, 8981586.972040059044957 ], [ 775242.669945115456358, 8981587.011485936120152 ], [ 775242.466120783006772, 8981587.072945188730955 ], [ 775242.269983874284662, 8981587.15572146140039 ], [ 775242.083756698993966, 8981587.25887686572969 ], [ 775241.909549285308458, 8981587.381242610514164 ], [ 775241.749335472937673, 8981587.521432241424918 ], [ 775241.604930548346601, 8981587.677857354283333 ], [ 775241.477970677078702, 8981587.848745591938496 ], [ 775241.369894365081564, 8981588.032160717993975 ], [ 775241.281926160329022, 8981588.226024571806192 ], [ 775241.215062777628191, 8981588.42814059369266 ], [ 775241.170061805751175, 8981588.63621873036027 ], [ 775241.147433123900555, 8981588.847901372238994 ], [ 775241.147433123900555, 8981589.060790071263909 ], [ 775241.170061805751175, 8981589.272472713142633 ], [ 775241.215062777628191, 8981589.480550849810243 ], [ 775241.281926160329022, 8981589.682666871696711 ], [ 775241.369894365081564, 8981589.876530725508928 ], [ 775241.477970677078702, 8981590.059945851564407 ], [ 775241.604930548346601, 8981590.23083408921957 ], [ 775241.749335472937673, 8981590.387259202077985 ], [ 775241.909549285308458, 8981590.527448832988739 ], [ 775242.083756698993966, 8981590.649814577773213 ], [ 775242.269983874284662, 8981590.752969982102513 ], [ 775242.466120783006772, 8981590.835746254771948 ], [ 775242.669945115456358, 8981590.897205507382751 ], [ 775242.87914746068418, 8981590.936651384457946 ], [ 775243.091357472352684, 8981590.953636944293976 ], [ 775243.304170726332814, 8981590.947969736531377 ], [ 775243.515175963402726, 8981590.919713970273733 ], [ 775243.721982409944758, 8981590.86918979883194 ], [ 775243.922246866161004, 8981590.796969678252935 ], [ 775244.113700255868025, 8981590.703871890902519 ], [ 775244.294173335656524, 8981590.590951273217797 ], [ 775244.461621273425408, 8981590.459487261250615 ], [ 775244.614146817009896, 8981590.310969393700361 ], [ 775244.750021791085601, 8981590.14708043821156 ], [ 775244.867706677992828, 8981589.969677321612835 ], [ 775244.965868060942739, 8981589.780770093202591 ], [ 775245.043393732164986, 8981589.582499146461487 ], [ 775245.099405294866301, 8981589.377110969275236 ], [ 775245.133268115692772, 8981589.166932692751288 ], [ 775245.144598515238613, 8981588.954345721751451 ] ] ] ] } },
{ "type": "Feature", "properties": { "LAYER": "0", "GM_TYPE": "Unknown Area Type", "ELEVATION": 0 }, "geometry": { "type": "MultiPolygon", "coordinates": [ [ [ [ 775247.769152482156642, 8981351.740687228739262 ], [ 775247.757822082610801, 8981351.528100257739425 ], [ 775247.72395926178433, 8981351.317921981215477 ], [ 775247.667947699083015, 8981351.112533804029226 ], [ 775247.590422027860768, 8981350.914262857288122 ], [ 775247.492260644910857, 8981350.725355628877878 ], [ 775247.37457575800363, 8981350.547952512279153 ], [ 775247.238700783927925, 8981350.384063556790352 ], [ 775247.086175240343437, 8981350.235545689240098 ], [ 775246.918727302574553, 8981350.104081677272916 ], [ 775246.738254222786054, 8981349.991161059588194 ], [ 775246.546800833079033, 8981349.898063272237778 ], [ 775246.346536376862787, 8981349.825843151658773 ], [ 775246.139729930320755, 8981349.77531898021698 ], [ 775245.928724693250842, 8981349.747063213959336 ], [ 775245.715911439270712, 8981349.741396006196737 ], [ 775245.503701427602209, 8981349.758381566032767 ], [ 775245.294499082374386, 8981349.797827443107963 ], [ 775245.090674749924801, 8981349.859286695718765 ], [ 775244.894537841202691, 8981349.9420629683882 ], [ 775244.708310665911995, 8981350.0452183727175 ], [ 775244.534103252226487, 8981350.167584117501974 ], [ 775244.373889439855702, 8981350.307773748412728 ], [ 775244.22948451526463, 8981350.464198861271143 ], [ 775244.10252464399673, 8981350.635087098926306 ], [ 775243.994448331999592, 8981350.818502224981785 ], [ 775243.90648012724705, 8981351.012366078794003 ], [ 775243.83961674454622, 8981351.21448210068047 ], [ 775243.794615772669204, 8981351.42256023734808 ], [ 775243.771987090818584, 8981351.634242879226804 ], [ 775243.771987090818584, 8981351.847131578251719 ], [ 775243.794615772669204, 8981352.058814220130444 ], [ 775243.83961674454622, 8981352.266892356798053 ], [ 775243.90648012724705, 8981352.469008378684521 ], [ 775243.994448331999592, 8981352.662872232496738 ], [ 775244.10252464399673, 8981352.846287358552217 ], [ 775244.22948451526463, 8981353.01717559620738 ], [ 775244.373889439855702, 8981353.173600709065795 ], [ 775244.534103252226487, 8981353.313790339976549 ], [ 775244.708310665911995, 8981353.436156084761024 ], [ 775244.894537841202691, 8981353.539311489090323 ], [ 775245.090674749924801, 8981353.622087761759758 ], [ 775245.294499082374386, 8981353.683547014370561 ], [ 775245.503701427602209, 8981353.722992891445756 ], [ 775245.715911439270712, 8981353.739978451281786 ], [ 775245.928724693250842, 8981353.734311243519187 ], [ 775246.139729930320755, 8981353.706055477261543 ], [ 775246.346536376862787, 8981353.65553130581975 ], [ 775246.546800833079033, 8981353.583311185240746 ], [ 775246.738254222786054, 8981353.490213397890329 ], [ 775246.918727302574553, 8981353.377292780205607 ], [ 775247.086175240343437, 8981353.245828768238425 ], [ 775247.238700783927925, 8981353.097310900688171 ], [ 775247.37457575800363, 8981352.93342194519937 ], [ 775247.492260644910857, 8981352.756018828600645 ], [ 775247.590422027860768, 8981352.567111600190401 ], [ 775247.667947699083015, 8981352.368840653449297 ], [ 775247.72395926178433, 8981352.163452476263046 ], [ 775247.757822082610801, 8981351.953274199739099 ], [ 775247.769152482156642, 8981351.740687228739262 ] ] ] ] } },
{ "type": "Feature", "properties": { "LAYER": "0", "GM_TYPE": "Unknown Area Type", "ELEVATION": 0 }, "geometry": { "type": "MultiPolygon", "coordinates": [ [ [ [ 775232.653554826742038, 8981356.904468011111021 ], [ 775232.653554826742038, 8981360.904468011111021 ], [ 775236.653554826742038, 8981360.904468011111021 ], [ 775236.653554826742038, 8981356.904468011111021 ], [ 775232.653554826742038, 8981356.904468011111021 ] ] ] ] } },
{ "type": "Feature", "properties": { "LAYER": "0", "GM_TYPE": "Unknown Area Type", "ELEVATION": 0 }, "geometry": { "type": "MultiPolygon", "coordinates": [ [ [ [ 775220.410748886875808, 8981144.037899322807789 ], [ 775220.410748886875808, 8981148.037899322807789 ], [ 775224.410748886875808, 8981148.037899322807789 ], [ 775224.410748886875808, 8981144.037899322807789 ], [ 775220.410748886875808, 8981144.037899322807789 ] ] ] ] } },
{ "type": "Feature", "properties": { "LAYER": "0", "GM_TYPE": "Unknown Area Type", "ELEVATION": 0 }, "geometry": { "type": "MultiPolygon", "coordinates": [ [ [ [ 775208.78515089082066, 8980895.642426557838917 ], [ 775208.773820491274819, 8980895.42983958683908 ], [ 775208.739957670448348, 8980895.219661310315132 ], [ 775208.683946107747033, 8980895.014273133128881 ], [ 775208.606420436524786, 8980894.816002186387777 ], [ 775208.508259053574875, 8980894.627094957977533 ], [ 775208.390574166667648, 8980894.449691841378808 ], [ 775208.254699192591943, 8980894.285802885890007 ], [ 775208.102173649007455, 8980894.137285018339753 ], [ 775207.934725711238571, 8980894.005821006372571 ], [ 775207.754252631450072, 8980893.892900388687849 ], [ 775207.562799241743051, 8980893.799802601337433 ], [ 775207.362534785526805, 8980893.727582480758429 ], [ 775207.155728338984773, 8980893.677058309316635 ], [ 775206.94472310191486, 8980893.648802543058991 ], [ 775206.73190984793473, 8980893.643135335296392 ], [ 775206.519699836266227, 8980893.660120895132422 ], [ 775206.310497491038404, 8980893.699566772207618 ], [ 775206.106673158588819, 8980893.76102602481842 ], [ 775205.910536249866709, 8980893.843802297487855 ], [ 775205.724309074576013, 8980893.946957701817155 ], [ 775205.550101660890505, 8980894.069323446601629 ], [ 775205.38988784851972, 8980894.209513077512383 ], [ 775205.245482923928648, 8980894.365938190370798 ], [ 775205.118523052660748, 8980894.536826428025961 ], [ 775205.01044674066361, 8980894.72024155408144 ], [ 775204.922478535911068, 8980894.914105407893658 ], [ 775204.855615153210238, 8980895.116221429780126 ], [ 775204.810614181333221, 8980895.324299566447735 ], [ 775204.787985499482602, 8980895.535982208326459 ], [ 775204.787985499482602, 8980895.748870907351375 ], [ 775204.810614181333221, 8980895.960553549230099 ], [ 775204.855615153210238, 8980896.168631685897708 ], [ 775204.922478535911068, 8980896.370747707784176 ], [ 775205.01044674066361, 8980896.564611561596394 ], [ 775205.118523052660748, 8980896.748026687651873 ], [ 775205.245482923928648, 8980896.918914925307035 ], [ 775205.38988784851972, 8980897.07534003816545 ], [ 775205.550101660890505, 8980897.215529669076204 ], [ 775205.724309074576013, 8980897.337895413860679 ], [ 775205.910536249866709, 8980897.441050818189979 ], [ 775206.106673158588819, 8980897.523827090859413 ], [ 775206.310497491038404, 8980897.585286343470216 ], [ 775206.519699836266227, 8980897.624732220545411 ], [ 775206.73190984793473, 8980897.641717780381441 ], [ 775206.94472310191486, 8980897.636050572618842 ], [ 775207.155728338984773, 8980897.607794806361198 ], [ 775207.362534785526805, 8980897.557270634919405 ], [ 775207.562799241743051, 8980897.485050514340401 ], [ 775207.754252631450072, 8980897.391952726989985 ], [ 775207.934725711238571, 8980897.279032109305263 ], [ 775208.102173649007455, 8980897.14756809733808 ], [ 775208.254699192591943, 8980896.999050229787827 ], [ 775208.390574166667648, 8980896.835161274299026 ], [ 775208.508259053574875, 8980896.6577581577003 ], [ 775208.606420436524786, 8980896.468850929290056 ], [ 775208.683946107747033, 8980896.270579982548952 ], [ 775208.739957670448348, 8980896.065191805362701 ], [ 775208.773820491274819, 8980895.855013528838754 ], [ 775208.78515089082066, 8980895.642426557838917 ] ] ] ] } },
{ "type": "Feature", "properties": { "LAYER": "0", "GM_TYPE": "Unknown Area Type", "ELEVATION": 0 }, "geometry": { "type": "MultiPolygon", "coordinates": [ [ [ [ 775199.463889670441858, 8980604.307794820517302 ], [ 775199.463889670441858, 8980608.307794820517302 ], [ 775203.463889670441858, 8980608.307794820517302 ], [ 775203.463889670441858, 8980604.307794820517302 ], [ 775199.463889670441858, 8980604.307794820517302 ] ] ] ] } },
{ "type": "Feature", "properties": { "LAYER": "0", "GM_TYPE": "Unknown Area Type", "ELEVATION": 0 }, "geometry": { "type": "MultiPolygon", "coordinates": [ [ [ [ 775187.753098463523202, 8980608.971098642796278 ], [ 775187.753098463523202, 8980612.971098642796278 ], [ 775191.753098463406786, 8980612.971098642796278 ], [ 775191.753098463406786, 8980608.971098642796278 ], [ 775187.753098463523202, 8980608.971098642796278 ] ] ] ] } },
{ "type": "Feature", "properties": { "LAYER": "0", "GM_TYPE": "Unknown Area Type", "ELEVATION": 0 }, "geometry": { "type": "MultiPolygon", "coordinates": [ [ [ [ 775164.824004784924909, 8980343.241529315710068 ], [ 775164.824004784924909, 8980347.241529315710068 ], [ 775168.824004784924909, 8980347.241529315710068 ], [ 775168.824004784924909, 8980343.241529315710068 ], [ 775164.824004784924909, 8980343.241529315710068 ] ] ] ] } },
{ "type": "Feature", "properties": { "LAYER": "0", "GM_TYPE": "Unknown Area Type", "ELEVATION": 0 }, "geometry": { "type": "MultiPolygon", "coordinates": [ [ [ [ 775142.176272864686325, 8980142.855376893654466 ], [ 775142.164942465140484, 8980142.642789922654629 ], [ 775142.131079644314013, 8980142.432611646130681 ], [ 775142.075068081612699, 8980142.22722346894443 ], [ 775141.997542410390452, 8980142.028952522203326 ], [ 775141.89938102744054, 8980141.840045293793082 ], [ 775141.781696140533313, 8980141.662642177194357 ], [ 775141.645821166457608, 8980141.498753221705556 ], [ 775141.49329562287312, 8980141.350235354155302 ], [ 775141.325847685104236, 8980141.21877134218812 ], [ 775141.145374605315737, 8980141.105850724503398 ], [ 775140.953921215608716, 8980141.012752937152982 ], [ 775140.75365675939247, 8980140.940532816573977 ], [ 775140.546850312850438, 8980140.890008645132184 ], [ 775140.335845075780526, 8980140.86175287887454 ], [ 775140.123031821800396, 8980140.856085671111941 ], [ 775139.910821810131893, 8980140.873071230947971 ], [ 775139.70161946490407, 8980140.912517108023167 ], [ 775139.497795132454485, 8980140.973976360633969 ], [ 775139.301658223732375, 8980141.056752633303404 ], [ 775139.115431048441678, 8980141.159908037632704 ], [ 775138.94122363475617, 8980141.282273782417178 ], [ 775138.781009822385386, 8980141.422463413327932 ], [ 775138.636604897794314, 8980141.578888526186347 ], [ 775138.509645026526414, 8980141.74977676384151 ], [ 775138.401568714529276, 8980141.933191889896989 ], [ 775138.313600509776734, 8980142.127055743709207 ], [ 775138.246737127075903, 8980142.329171765595675 ], [ 775138.201736155198887, 8980142.537249902263284 ], [ 775138.179107473348267, 8980142.748932544142008 ], [ 775138.179107473348267, 8980142.961821243166924 ], [ 775138.201736155198887, 8980143.173503885045648 ], [ 775138.246737127075903, 8980143.381582021713257 ], [ 775138.313600509776734, 8980143.583698043599725 ], [ 775138.401568714529276, 8980143.777561897411942 ], [ 775138.509645026526414, 8980143.960977023467422 ], [ 775138.636604897794314, 8980144.131865261122584 ], [ 775138.781009822385386, 8980144.288290373980999 ], [ 775138.94122363475617, 8980144.428480004891753 ], [ 775139.115431048441678, 8980144.550845749676228 ], [ 775139.301658223732375, 8980144.654001154005527 ], [ 775139.497795132454485, 8980144.736777426674962 ], [ 775139.70161946490407, 8980144.798236679285765 ], [ 775139.910821810131893, 8980144.83768255636096 ], [ 775140.123031821800396, 8980144.85466811619699 ], [ 775140.335845075780526, 8980144.849000908434391 ], [ 775140.546850312850438, 8980144.820745142176747 ], [ 775140.75365675939247, 8980144.770220970734954 ], [ 775140.953921215608716, 8980144.69800085015595 ], [ 775141.145374605315737, 8980144.604903062805533 ], [ 775141.325847685104236, 8980144.491982445120811 ], [ 775141.49329562287312, 8980144.360518433153629 ], [ 775141.645821166457608, 8980144.212000565603375 ], [ 775141.781696140533313, 8980144.048111610114574 ], [ 775141.89938102744054, 8980143.870708493515849 ], [ 775141.997542410390452, 8980143.681801265105605 ], [ 775142.075068081612699, 8980143.483530318364501 ], [ 775142.131079644314013, 8980143.27814214117825 ], [ 775142.164942465140484, 8980143.067963864654303 ], [ 775142.176272864686325, 8980142.855376893654466 ] ] ] ] } },
{ "type": "Feature", "properties": { "LAYER": "0", "GM_TYPE": "Unknown Area Type", "ELEVATION": 0 }, "geometry": { "type": "MultiPolygon", "coordinates": [ [ [ [ 774860.243545672157779, 8980081.167081570252776 ], [ 774860.232215272611938, 8980080.954494599252939 ], [ 774860.198352451785468, 8980080.744316322728992 ], [ 774860.142340889084153, 8980080.538928145542741 ], [ 774860.064815217861906, 8980080.340657198801637 ], [ 774859.966653834911995, 8980080.151749970391393 ], [ 774859.848968948004767, 8980079.974346853792667 ], [ 774859.713093973929062, 8980079.810457898303866 ], [ 774859.560568430344574, 8980079.661940030753613 ], [ 774859.39312049257569, 8980079.53047601878643 ], [ 774859.212647412787192, 8980079.417555401101708 ], [ 774859.02119402308017, 8980079.324457613751292 ], [ 774858.820929566863924, 8980079.252237493172288 ], [ 774858.614123120321892, 8980079.201713321730494 ], [ 774858.40311788325198, 8980079.173457555472851 ], [ 774858.19030462927185, 8980079.167790347710252 ], [ 774857.978094617603347, 8980079.184775907546282 ], [ 774857.768892272375524, 8980079.224221784621477 ], [ 774857.565067939925939, 8980079.28568103723228 ], [ 774857.368931031203829, 8980079.368457309901714 ], [ 774857.182703855913132, 8980079.471612714231014 ], [ 774857.008496442227624, 8980079.593978459015489 ], [ 774856.84828262985684, 8980079.734168089926243 ], [ 774856.703877705265768, 8980079.890593202784657 ], [ 774856.576917833997868, 8980080.06148144043982 ], [ 774856.46884152200073, 8980080.244896566495299 ], [ 774856.380873317248188, 8980080.438760420307517 ], [ 774856.314009934547357, 8980080.640876442193985 ], [ 774856.269008962670341, 8980080.848954578861594 ], [ 774856.246380280819722, 8980081.060637220740318 ], [ 774856.246380280819722, 8980081.273525919765234 ], [ 774856.269008962670341, 8980081.485208561643958 ], [ 774856.314009934547357, 8980081.693286698311567 ], [ 774856.380873317248188, 8980081.895402720198035 ], [ 774856.46884152200073, 8980082.089266574010253 ], [ 774856.576917833997868, 8980082.272681700065732 ], [ 774856.703877705265768, 8980082.443569937720895 ], [ 774856.84828262985684, 8980082.599995050579309 ], [ 774857.008496442227624, 8980082.740184681490064 ], [ 774857.182703855913132, 8980082.862550426274538 ], [ 774857.368931031203829, 8980082.965705830603838 ], [ 774857.565067939925939, 8980083.048482103273273 ], [ 774857.768892272375524, 8980083.109941355884075 ], [ 774857.978094617603347, 8980083.14938723295927 ], [ 774858.19030462927185, 8980083.1663727927953 ], [ 774858.40311788325198, 8980083.160705585032701 ], [ 774858.614123120321892, 8980083.132449818775058 ], [ 774858.820929566863924, 8980083.081925647333264 ], [ 774859.02119402308017, 8980083.00970552675426 ], [ 774859.212647412787192, 8980082.916607739403844 ], [ 774859.39312049257569, 8980082.803687121719122 ], [ 774859.560568430344574, 8980082.67222310975194 ], [ 774859.713093973929062, 8980082.523705242201686 ], [ 774859.848968948004767, 8980082.359816286712885 ], [ 774859.966653834911995, 8980082.18241317011416 ], [ 774860.064815217861906, 8980081.993505941703916 ], [ 774860.142340889084153, 8980081.795234994962811 ], [ 774860.198352451785468, 8980081.589846817776561 ], [ 774860.232215272611938, 8980081.379668541252613 ], [ 774860.243545672157779, 8980081.167081570252776 ] ] ] ] } },
{ "type": "Feature", "properties": { "LAYER": "0", "GM_TYPE": "Unknown Area Type", "ELEVATION": 0 }, "geometry": { "type": "MultiPolygon", "coordinates": [ [ [ [ 777124.526955703273416, 8982503.607111014425755 ], [ 777122.699609249830246, 8982500.048908531665802 ], [ 777119.141406763345003, 8982501.876254983246326 ], [ 777120.968753216671757, 8982505.434457469731569 ], [ 777124.526955703273416, 8982503.607111014425755 ] ] ] ] } },
{ "type": "Feature", "properties": { "LAYER": "0", "GM_TYPE": "Unknown Area Type", "ELEVATION": 0 }, "geometry": { "type": "MultiPolygon", "coordinates": [ [ [ [ 776707.902626835042611, 8982039.95854820869863 ], [ 776711.713265929720365, 8982041.174701858311892 ], [ 776712.929419579333626, 8982037.364062763750553 ], [ 776709.118780486518517, 8982036.147909112274647 ], [ 776707.902626835042611, 8982039.95854820869863 ] ] ] ] } },
{ "type": "Feature", "properties": { "LAYER": "0", "GM_TYPE": "Unknown Area Type", "ELEVATION": 0 }, "geometry": { "type": "MultiPolygon", "coordinates": [ [ [ [ 776728.195970338652842, 8982029.917296202853322 ], [ 776728.184639939107001, 8982029.704709231853485 ], [ 776728.15077711828053, 8982029.494530955329537 ], [ 776728.094765555579215, 8982029.289142778143287 ], [ 776728.017239884356968, 8982029.090871831402183 ], [ 776727.919078501407057, 8982028.901964602991939 ], [ 776727.80139361449983, 8982028.724561486393213 ], [ 776727.665518640424125, 8982028.560672530904412 ], [ 776727.512993096839637, 8982028.412154663354158 ], [ 776727.345545159070753, 8982028.280690651386976 ], [ 776727.165072079282254, 8982028.167770033702254 ], [ 776726.973618689575233, 8982028.074672246351838 ], [ 776726.773354233358987, 8982028.002452125772834 ], [ 776726.566547786816955, 8982027.95192795433104 ], [ 776726.355542549747042, 8982027.923672188073397 ], [ 776726.142729295766912, 8982027.918004980310798 ], [ 776725.930519284098409, 8982027.934990540146828 ], [ 776725.721316938870586, 8982027.974436417222023 ], [ 776725.517492606421001, 8982028.035895669832826 ], [ 776725.321355697698891, 8982028.11867194250226 ], [ 776725.135128522408195, 8982028.22182734683156 ], [ 776724.960921108722687, 8982028.344193091616035 ], [ 776724.800707296351902, 8982028.484382722526789 ], [ 776724.65630237176083, 8982028.640807835385203 ], [ 776724.52934250049293, 8982028.811696073040366 ], [ 776724.421266188495792, 8982028.995111199095845 ], [ 776724.33329798374325, 8982029.188975052908063 ], [ 776724.26643460104242, 8982029.391091074794531 ], [ 776724.221433629165404, 8982029.59916921146214 ], [ 776724.198804947314784, 8982029.810851853340864 ], [ 776724.198804947314784, 8982030.02374055236578 ], [ 776724.221433629165404, 8982030.235423194244504 ], [ 776724.26643460104242, 8982030.443501330912113 ], [ 776724.33329798374325, 8982030.645617352798581 ], [ 776724.421266188495792, 8982030.839481206610799 ], [ 776724.52934250049293, 8982031.022896332666278 ], [ 776724.65630237176083, 8982031.193784570321441 ], [ 776724.800707296351902, 8982031.350209683179855 ], [ 776724.960921108722687, 8982031.49039931409061 ], [ 776725.135128522408195, 8982031.612765058875084 ], [ 776725.321355697698891, 8982031.715920463204384 ], [ 776725.517492606421001, 8982031.798696735873818 ], [ 776725.721316938870586, 8982031.860155988484621 ], [ 776725.930519284098409, 8982031.899601865559816 ], [ 776726.142729295766912, 8982031.916587425395846 ], [ 776726.355542549747042, 8982031.910920217633247 ], [ 776726.566547786816955, 8982031.882664451375604 ], [ 776726.773354233358987, 8982031.83214027993381 ], [ 776726.973618689575233, 8982031.759920159354806 ], [ 776727.165072079282254, 8982031.66682237200439 ], [ 776727.345545159070753, 8982031.553901754319668 ], [ 776727.512993096839637, 8982031.422437742352486 ], [ 776727.665518640424125, 8982031.273919874802232 ], [ 776727.80139361449983, 8982031.110030919313431 ], [ 776727.919078501407057, 8982030.932627802714705 ], [ 776728.017239884356968, 8982030.743720574304461 ], [ 776728.094765555579215, 8982030.545449627563357 ], [ 776728.15077711828053, 8982030.340061450377107 ], [ 776728.184639939107001, 8982030.129883173853159 ], [ 776728.195970338652842, 8982029.917296202853322 ] ] ] ] } },
{ "type": "Feature", "properties": { "LAYER": "0", "GM_TYPE": "Unknown Area Type", "ELEVATION": 0 }, "geometry": { "type": "MultiPolygon", "coordinates": [ [ [ [ 777131.311726739280857, 8982496.667612597346306 ], [ 777132.891578569542617, 8982492.992824416607618 ], [ 777129.216790388803929, 8982491.412972580641508 ], [ 777127.636938554816879, 8982495.087760761380196 ], [ 777131.311726739280857, 8982496.667612597346306 ] ] ] ] } },
{ "type": "Feature", "properties": { "LAYER": "0", "GM_TYPE": "Unknown Area Type", "ELEVATION": 0 }, "geometry": { "type": "MultiPolygon", "coordinates": [ [ [ [ 777088.905255765421316, 8982854.043216118589044 ], [ 777088.893925365875475, 8982853.830629147589207 ], [ 777088.860062545049004, 8982853.620450871065259 ], [ 777088.80405098234769, 8982853.415062693879008 ], [ 777088.726525311125442, 8982853.216791747137904 ], [ 777088.628363928175531, 8982853.02788451872766 ], [ 777088.510679041268304, 8982852.850481402128935 ], [ 777088.374804067192599, 8982852.686592446640134 ], [ 777088.222278523608111, 8982852.53807457908988 ], [ 777088.054830585839227, 8982852.406610567122698 ], [ 777087.874357506050728, 8982852.293689949437976 ], [ 777087.682904116343707, 8982852.20059216208756 ], [ 777087.482639660127461, 8982852.128372041508555 ], [ 777087.275833213585429, 8982852.077847870066762 ], [ 777087.064827976515517, 8982852.049592103809118 ], [ 777086.852014722535387, 8982852.043924896046519 ], [ 777086.639804710866883, 8982852.060910455882549 ], [ 777086.430602365639061, 8982852.100356332957745 ], [ 777086.226778033189476, 8982852.161815585568547 ], [ 777086.030641124467365, 8982852.244591858237982 ], [ 777085.844413949176669, 8982852.347747262567282 ], [ 777085.670206535491161, 8982852.470113007351756 ], [ 777085.509992723120376, 8982852.61030263826251 ], [ 777085.365587798529305, 8982852.766727751120925 ], [ 777085.238627927261405, 8982852.937615988776088 ], [ 777085.130551615264267, 8982853.121031114831567 ], [ 777085.042583410511725, 8982853.314894968643785 ], [ 777084.975720027810894, 8982853.517010990530252 ], [ 777084.930719055933878, 8982853.725089127197862 ], [ 777084.908090374083258, 8982853.936771769076586 ], [ 777084.908090374083258, 8982854.149660468101501 ], [ 777084.930719055933878, 8982854.361343109980226 ], [ 777084.975720027810894, 8982854.569421246647835 ], [ 777085.042583410511725, 8982854.771537268534303 ], [ 777085.130551615264267, 8982854.96540112234652 ], [ 777085.238627927261405, 8982855.148816248401999 ], [ 777085.365587798529305, 8982855.319704486057162 ], [ 777085.509992723120376, 8982855.476129598915577 ], [ 777085.670206535491161, 8982855.616319229826331 ], [ 777085.844413949176669, 8982855.738684974610806 ], [ 777086.030641124467365, 8982855.841840378940105 ], [ 777086.226778033189476, 8982855.92461665160954 ], [ 777086.430602365639061, 8982855.986075904220343 ], [ 777086.639804710866883, 8982856.025521781295538 ], [ 777086.852014722535387, 8982856.042507341131568 ], [ 777087.064827976515517, 8982856.036840133368969 ], [ 777087.275833213585429, 8982856.008584367111325 ], [ 777087.482639660127461, 8982855.958060195669532 ], [ 777087.682904116343707, 8982855.885840075090528 ], [ 777087.874357506050728, 8982855.792742287740111 ], [ 777088.054830585839227, 8982855.679821670055389 ], [ 777088.222278523608111, 8982855.548357658088207 ], [ 777088.374804067192599, 8982855.399839790537953 ], [ 777088.510679041268304, 8982855.235950835049152 ], [ 777088.628363928175531, 8982855.058547718450427 ], [ 777088.726525311125442, 8982854.869640490040183 ], [ 777088.80405098234769, 8982854.671369543299079 ], [ 777088.860062545049004, 8982854.465981366112828 ], [ 777088.893925365875475, 8982854.255803089588881 ], [ 777088.905255765421316, 8982854.043216118589044 ] ] ] ] } },
{ "type": "Feature", "properties": { "LAYER": "0", "GM_TYPE": "Unknown Area Type", "ELEVATION": 0 }, "geometry": { "type": "MultiPolygon", "coordinates": [ [ [ [ 775395.207542651100084, 8980139.128285311162472 ], [ 775395.196212251554243, 8980138.915698340162635 ], [ 775395.162349430727772, 8980138.705520063638687 ], [ 775395.106337868026458, 8980138.500131886452436 ], [ 775395.028812196804211, 8980138.301860939711332 ], [ 775394.930650813854299, 8980138.112953711301088 ], [ 775394.812965926947072, 8980137.935550594702363 ], [ 775394.677090952871367, 8980137.771661639213562 ], [ 775394.524565409286879, 8980137.623143771663308 ], [ 775394.357117471517995, 8980137.491679759696126 ], [ 775394.176644391729496, 8980137.378759142011404 ], [ 775393.985191002022475, 8980137.285661354660988 ], [ 775393.784926545806229, 8980137.213441234081984 ], [ 775393.578120099264197, 8980137.16291706264019 ], [ 775393.367114862194285, 8980137.134661296382546 ], [ 775393.154301608214155, 8980137.128994088619947 ], [ 775392.942091596545652, 8980137.145979648455977 ], [ 775392.732889251317829, 8980137.185425525531173 ], [ 775392.529064918868244, 8980137.246884778141975 ], [ 775392.332928010146134, 8980137.32966105081141 ], [ 775392.146700834855437, 8980137.43281645514071 ], [ 775391.972493421169929, 8980137.555182199925184 ], [ 775391.812279608799145, 8980137.695371830835938 ], [ 775391.667874684208073, 8980137.851796943694353 ], [ 775391.540914812940173, 8980138.022685181349516 ], [ 775391.432838500943035, 8980138.206100307404995 ], [ 775391.344870296190493, 8980138.399964161217213 ], [ 775391.278006913489662, 8980138.602080183103681 ], [ 775391.233005941612646, 8980138.81015831977129 ], [ 775391.210377259762026, 8980139.021840961650014 ], [ 775391.210377259762026, 8980139.23472966067493 ], [ 775391.233005941612646, 8980139.446412302553654 ], [ 775391.278006913489662, 8980139.654490439221263 ], [ 775391.344870296190493, 8980139.856606461107731 ], [ 775391.432838500943035, 8980140.050470314919949 ], [ 775391.540914812940173, 8980140.233885440975428 ], [ 775391.667874684208073, 8980140.40477367863059 ], [ 775391.812279608799145, 8980140.561198791489005 ], [ 775391.972493421169929, 8980140.701388422399759 ], [ 775392.146700834855437, 8980140.823754167184234 ], [ 775392.332928010146134, 8980140.926909571513534 ], [ 775392.529064918868244, 8980141.009685844182968 ], [ 775392.732889251317829, 8980141.071145096793771 ], [ 775392.942091596545652, 8980141.110590973868966 ], [ 775393.154301608214155, 8980141.127576533704996 ], [ 775393.367114862194285, 8980141.121909325942397 ], [ 775393.578120099264197, 8980141.093653559684753 ], [ 775393.784926545806229, 8980141.04312938824296 ], [ 775393.985191002022475, 8980140.970909267663956 ], [ 775394.176644391729496, 8980140.87781148031354 ], [ 775394.357117471517995, 8980140.764890862628818 ], [ 775394.524565409286879, 8980140.633426850661635 ], [ 775394.677090952871367, 8980140.484908983111382 ], [ 775394.812965926947072, 8980140.321020027622581 ], [ 775394.930650813854299, 8980140.143616911023855 ], [ 775395.028812196804211, 8980139.954709682613611 ], [ 775395.106337868026458, 8980139.756438735872507 ], [ 775395.162349430727772, 8980139.551050558686256 ], [ 775395.196212251554243, 8980139.340872282162309 ], [ 775395.207542651100084, 8980139.128285311162472 ] ] ] ] } },
{ "type": "Feature", "properties": { "LAYER": "0", "GM_TYPE": "Unknown Area Type", "ELEVATION": 0 }, "geometry": { "type": "MultiPolygon", "coordinates": [ [ [ [ 775384.830656821257435, 8980531.680945470929146 ], [ 775384.819326421711594, 8980531.468358499929309 ], [ 775384.785463600885123, 8980531.258180223405361 ], [ 775384.729452038183808, 8980531.05279204621911 ], [ 775384.651926366961561, 8980530.854521099478006 ], [ 775384.55376498401165, 8980530.665613871067762 ], [ 775384.436080097104423, 8980530.488210754469037 ], [ 775384.300205123028718, 8980530.324321798980236 ], [ 775384.14767957944423, 8980530.175803931429982 ], [ 775383.980231641675346, 8980530.0443399194628 ], [ 775383.799758561886847, 8980529.931419301778078 ], [ 775383.608305172179826, 8980529.838321514427662 ], [ 775383.40804071596358, 8980529.766101393848658 ], [ 775383.201234269421548, 8980529.715577222406864 ], [ 775382.990229032351635, 8980529.68732145614922 ], [ 775382.777415778371505, 8980529.681654248386621 ], [ 775382.565205766703002, 8980529.698639808222651 ], [ 775382.356003421475179, 8980529.738085685297847 ], [ 775382.152179089025594, 8980529.799544937908649 ], [ 775381.956042180303484, 8980529.882321210578084 ], [ 775381.769815005012788, 8980529.985476614907384 ], [ 775381.59560759132728, 8980530.107842359691858 ], [ 775381.435393778956495, 8980530.248031990602612 ], [ 775381.290988854365423, 8980530.404457103461027 ], [ 775381.164028983097523, 8980530.57534534111619 ], [ 775381.055952671100385, 8980530.758760467171669 ], [ 775380.967984466347843, 8980530.952624320983887 ], [ 775380.901121083647013, 8980531.154740342870355 ], [ 775380.856120111769997, 8980531.362818479537964 ], [ 775380.833491429919377, 8980531.574501121416688 ], [ 775380.833491429919377, 8980531.787389820441604 ], [ 775380.856120111769997, 8980531.999072462320328 ], [ 775380.901121083647013, 8980532.207150598987937 ], [ 775380.967984466347843, 8980532.409266620874405 ], [ 775381.055952671100385, 8980532.603130474686623 ], [ 775381.164028983097523, 8980532.786545600742102 ], [ 775381.290988854365423, 8980532.957433838397264 ], [ 775381.435393778956495, 8980533.113858951255679 ], [ 775381.59560759132728, 8980533.254048582166433 ], [ 775381.769815005012788, 8980533.376414326950908 ], [ 775381.956042180303484, 8980533.479569731280208 ], [ 775382.152179089025594, 8980533.562346003949642 ], [ 775382.356003421475179, 8980533.623805256560445 ], [ 775382.565205766703002, 8980533.66325113363564 ], [ 775382.777415778371505, 8980533.68023669347167 ], [ 775382.990229032351635, 8980533.674569485709071 ], [ 775383.201234269421548, 8980533.646313719451427 ], [ 775383.40804071596358, 8980533.595789548009634 ], [ 775383.608305172179826, 8980533.52356942743063 ], [ 775383.799758561886847, 8980533.430471640080214 ], [ 775383.980231641675346, 8980533.317551022395492 ], [ 775384.14767957944423, 8980533.186087010428309 ], [ 775384.300205123028718, 8980533.037569142878056 ], [ 775384.436080097104423, 8980532.873680187389255 ], [ 775384.55376498401165, 8980532.696277070790529 ], [ 775384.651926366961561, 8980532.507369842380285 ], [ 775384.729452038183808, 8980532.309098895639181 ], [ 775384.785463600885123, 8980532.10371071845293 ], [ 775384.819326421711594, 8980531.893532441928983 ], [ 775384.830656821257435, 8980531.680945470929146 ] ] ] ] } },
{ "type": "Feature", "properties": { "LAYER": "0", "GM_TYPE": "Unknown Area Type", "ELEVATION": 0 }, "geometry": { "type": "MultiPolygon", "coordinates": [ [ [ [ 775156.837784430710599, 8980166.427266182377934 ], [ 775156.826454031164758, 8980166.214679211378098 ], [ 775156.792591210338287, 8980166.00450093485415 ], [ 775156.736579647636972, 8980165.799112757667899 ], [ 775156.659053976414725, 8980165.600841810926795 ], [ 775156.560892593464814, 8980165.411934582516551 ], [ 775156.443207706557587, 8980165.234531465917826 ], [ 775156.307332732481882, 8980165.070642510429025 ], [ 775156.154807188897394, 8980164.922124642878771 ], [ 775155.98735925112851, 8980164.790660630911589 ], [ 775155.806886171340011, 8980164.677740013226867 ], [ 775155.61543278163299, 8980164.584642225876451 ], [ 775155.415168325416744, 8980164.512422105297446 ], [ 775155.208361878874712, 8980164.461897933855653 ], [ 775154.997356641804799, 8980164.433642167598009 ], [ 775154.784543387824669, 8980164.42797495983541 ], [ 775154.572333376156166, 8980164.44496051967144 ], [ 775154.363131030928344, 8980164.484406396746635 ], [ 775154.159306698478758, 8980164.545865649357438 ], [ 775153.963169789756648, 8980164.628641922026873 ], [ 775153.776942614465952, 8980164.731797326356173 ], [ 775153.602735200780444, 8980164.854163071140647 ], [ 775153.442521388409659, 8980164.994352702051401 ], [ 775153.298116463818587, 8980165.150777814909816 ], [ 775153.171156592550687, 8980165.321666052564979 ], [ 775153.06308028055355, 8980165.505081178620458 ], [ 775152.975112075801007, 8980165.698945032432675 ], [ 775152.908248693100177, 8980165.901061054319143 ], [ 775152.863247721223161, 8980166.109139190986753 ], [ 775152.840619039372541, 8980166.320821832865477 ], [ 775152.840619039372541, 8980166.533710531890392 ], [ 775152.863247721223161, 8980166.745393173769116 ], [ 775152.908248693100177, 8980166.953471310436726 ], [ 775152.975112075801007, 8980167.155587332323194 ], [ 775153.06308028055355, 8980167.349451186135411 ], [ 775153.171156592550687, 8980167.53286631219089 ], [ 775153.298116463818587, 8980167.703754549846053 ], [ 775153.442521388409659, 8980167.860179662704468 ], [ 775153.602735200780444, 8980168.000369293615222 ], [ 775153.776942614465952, 8980168.122735038399696 ], [ 775153.963169789756648, 8980168.225890442728996 ], [ 775154.159306698478758, 8980168.308666715398431 ], [ 775154.363131030928344, 8980168.370125968009233 ], [ 775154.572333376156166, 8980168.409571845084429 ], [ 775154.784543387824669, 8980168.426557404920459 ], [ 775154.997356641804799, 8980168.42089019715786 ], [ 775155.208361878874712, 8980168.392634430900216 ], [ 775155.415168325416744, 8980168.342110259458423 ], [ 775155.61543278163299, 8980168.269890138879418 ], [ 775155.806886171340011, 8980168.176792351529002 ], [ 775155.98735925112851, 8980168.06387173384428 ], [ 775156.154807188897394, 8980167.932407721877098 ], [ 775156.307332732481882, 8980167.783889854326844 ], [ 775156.443207706557587, 8980167.620000898838043 ], [ 775156.560892593464814, 8980167.442597782239318 ], [ 775156.659053976414725, 8980167.253690553829074 ], [ 775156.736579647636972, 8980167.05541960708797 ], [ 775156.792591210338287, 8980166.850031429901719 ], [ 775156.826454031164758, 8980166.639853153377771 ], [ 775156.837784430710599, 8980166.427266182377934 ] ] ] ] } },
{ "type": "Feature", "properties": { "LAYER": "0", "GM_TYPE": "Unknown Area Type", "ELEVATION": -28 }, "geometry": { "type": "MultiPolygon", "coordinates": [ [ [ [ 776554.244503941852599, 8982315.430796397849917 ], [ 776550.934411601279862, 8982317.67652316018939 ], [ 776550.934411601629108, 8982317.676523162052035 ], [ 776553.180138364434242, 8982320.986615503206849 ], [ 776553.180138364434242, 8982320.986615501344204 ], [ 776556.490230706636794, 8982318.740888737142086 ], [ 776556.490230706403963, 8982318.740888737142086 ], [ 776554.244503941852599, 8982315.430796397849917 ] ] ] ] } },
{ "type": "Feature", "properties": { "LAYER": "0", "GM_TYPE": "Unknown Area Type", "ELEVATION": -48 }, "geometry": { "type": "MultiPolygon", "coordinates": [ [ [ [ 776779.616762248449959, 8982138.169619670137763 ], [ 776779.61676224891562, 8982138.169619670137763 ], [ 776781.603948196978308, 8982141.641087947413325 ], [ 776781.603948195814155, 8982141.64108794182539 ], [ 776785.075416475650854, 8982139.653901992365718 ], [ 776785.075416477629915, 8982139.653901994228363 ], [ 776783.088230528053828, 8982136.182433718815446 ], [ 776783.088230527471751, 8982136.182433722540736 ], [ 776779.616762248449959, 8982138.169619670137763 ] ] ] ] } },
{ "type": "Feature", "properties": { "LAYER": "0", "GM_TYPE": "Unknown Area Type", "ELEVATION": -48 }, "geometry": { "type": "MultiPolygon", "coordinates": [ [ [ [ 777054.962152587017044, 8981986.879039380699396 ], [ 777054.962152587249875, 8981986.879039382562041 ], [ 777057.172377051902004, 8981990.21294217184186 ], [ 777057.172377049340867, 8981990.212942166253924 ], [ 777060.506279841298237, 8981988.002717699855566 ], [ 777060.506279843742959, 8981988.002717703580856 ], [ 777058.296055377810262, 8981984.668814914301038 ], [ 777058.296055378043093, 8981984.668814914301038 ], [ 777054.962152587017044, 8981986.879039380699396 ] ] ] ] } },
{ "type": "Feature", "properties": { "LAYER": "0", "GM_TYPE": "Unknown Area Type", "ELEVATION": 0 }, "geometry": { "type": "MultiPolygon", "coordinates": [ [ [ [ 777290.751095302170143, 8981834.287295438349247 ], [ 777290.739764902624302, 8981834.07470846734941 ], [ 777290.705902081914246, 8981833.864530190825462 ], [ 777290.649890519212931, 8981833.659142015501857 ], [ 777290.5723648481071, 8981833.460871068760753 ], [ 777290.474203465390019, 8981833.271963838487864 ], [ 777290.356518578599207, 8981833.094560723751783 ], [ 777290.220643604756333, 8981832.930671768262982 ], [ 777290.06811806128826, 8981832.782153900712729 ], [ 777289.900670123868622, 8981832.650689888745546 ], [ 777289.720197044429369, 8981832.537769271060824 ], [ 777289.528743654955178, 8981832.444671485573053 ], [ 777289.328479198971763, 8981832.372451364994049 ], [ 777289.121672752778977, 8981832.32192719168961 ], [ 777288.910667516058311, 8981832.293671427294612 ], [ 777288.697854262427427, 8981832.288004219532013 ], [ 777288.485644250991754, 8981832.304989779368043 ], [ 777288.276441906229593, 8981832.344435654580593 ], [ 777288.072617574012838, 8981832.405894907191396 ], [ 777287.876480665639974, 8981832.48867117986083 ], [ 777287.690253490582108, 8981832.591826586052775 ], [ 777287.516046077129431, 8981832.714192328974605 ], [ 777287.355832264991477, 8981832.854381959885359 ], [ 777287.211427340633236, 8981833.010807072743773 ], [ 777287.084467469598167, 8981833.181695308536291 ], [ 777286.976391157717444, 8981833.365110436454415 ], [ 777286.888422953081317, 8981833.558974288403988 ], [ 777286.821559570496902, 8981833.761090310290456 ], [ 777286.776558598736301, 8981833.969168446958065 ], [ 777286.753929916885681, 8981834.180851088836789 ], [ 777286.753929916885681, 8981834.393739787861705 ], [ 777286.776558598736301, 8981834.605422429740429 ], [ 777286.821559570496902, 8981834.813500566408038 ], [ 777286.888422953081317, 8981835.015616588294506 ], [ 777286.976391157717444, 8981835.209480440244079 ], [ 777287.084467469598167, 8981835.392895568162203 ], [ 777287.211427340633236, 8981835.56378380395472 ], [ 777287.355832264991477, 8981835.720208916813135 ], [ 777287.516046077129431, 8981835.860398547723889 ], [ 777287.690253490582108, 8981835.982764290645719 ], [ 777287.876480665639974, 8981836.085919696837664 ], [ 777288.072617574012838, 8981836.168695969507098 ], [ 777288.276441906229593, 8981836.230155222117901 ], [ 777288.485644250991754, 8981836.269601097330451 ], [ 777288.697854262427427, 8981836.286586657166481 ], [ 777288.910667516058311, 8981836.280919449403882 ], [ 777289.121672752778977, 8981836.252663685008883 ], [ 777289.328479198971763, 8981836.202139511704445 ], [ 777289.528743654955178, 8981836.129919391125441 ], [ 777289.720197044429369, 8981836.03682160563767 ], [ 777289.900670123868622, 8981835.923900987952948 ], [ 777290.06811806128826, 8981835.792436975985765 ], [ 777290.220643604756333, 8981835.643919108435512 ], [ 777290.356518578599207, 8981835.480030152946711 ], [ 777290.474203465390019, 8981835.30262703821063 ], [ 777290.5723648481071, 8981835.113719807937741 ], [ 777290.649890519212931, 8981834.915448861196637 ], [ 777290.705902081914246, 8981834.710060685873032 ], [ 777290.739764902624302, 8981834.499882409349084 ], [ 777290.751095302170143, 8981834.287295438349247 ] ] ] ] } },
{ "type": "Feature", "properties": { "LAYER": "0", "GM_TYPE": "Unknown Area Type", "ELEVATION": -52 }, "geometry": { "type": "MultiPolygon", "coordinates": [ [ [ [ 776756.745905388845131, 8982178.044050220400095 ], [ 776753.435813048388809, 8982180.289776986464858 ], [ 776753.435813048738055, 8982180.289776986464858 ], [ 776755.681539811543189, 8982183.599869327619672 ], [ 776755.681539811543189, 8982183.599869325757027 ], [ 776758.991632153745741, 8982181.354142561554909 ], [ 776758.99163215351291, 8982181.354142561554909 ], [ 776756.745905388845131, 8982178.044050220400095 ] ] ] ] } },
{ "type": "Feature", "properties": { "LAYER": "0", "GM_TYPE": "Unknown Area Type", "ELEVATION": -18 }, "geometry": { "type": "MultiPolygon", "coordinates": [ [ [ [ 776851.021077086916193, 8982622.463983036577702 ], [ 776851.009746687370352, 8982622.251396065577865 ], [ 776850.975883866543882, 8982622.041217789053917 ], [ 776850.919872303842567, 8982621.835829611867666 ], [ 776850.84234663262032, 8982621.637558665126562 ], [ 776850.744185249670409, 8982621.448651436716318 ], [ 776850.626500362763181, 8982621.271248320117593 ], [ 776850.490625388687477, 8982621.107359364628792 ], [ 776850.338099845102988, 8982620.958841497078538 ], [ 776850.170651907334104, 8982620.827377485111356 ], [ 776849.990178827545606, 8982620.714456867426634 ], [ 776849.798725437838584, 8982620.621359080076218 ], [ 776849.598460981622338, 8982620.549138959497213 ], [ 776849.391654535080306, 8982620.49861478805542 ], [ 776849.180649298010394, 8982620.470359021797776 ], [ 776848.967836044030264, 8982620.464691814035177 ], [ 776848.755626032361761, 8982620.481677373871207 ], [ 776848.546423687133938, 8982620.521123250946403 ], [ 776848.342599354684353, 8982620.582582503557205 ], [ 776848.146462445962243, 8982620.66535877622664 ], [ 776847.960235270671546, 8982620.76851418055594 ], [ 776847.786027856986038, 8982620.890879925340414 ], [ 776847.625814044615254, 8982621.031069556251168 ], [ 776847.481409120024182, 8982621.187494669109583 ], [ 776847.354449248756282, 8982621.358382906764746 ], [ 776847.246372936759144, 8982621.541798032820225 ], [ 776847.158404732006602, 8982621.735661886632442 ], [ 776847.091541349305771, 8982621.93777790851891 ], [ 776847.046540377428755, 8982622.14585604518652 ], [ 776847.023911695578136, 8982622.357538687065244 ], [ 776847.023911695578136, 8982622.570427386090159 ], [ 776847.046540377428755, 8982622.782110027968884 ], [ 776847.091541349305771, 8982622.990188164636493 ], [ 776847.158404732006602, 8982623.192304186522961 ], [ 776847.246372936759144, 8982623.386168040335178 ], [ 776847.354449248756282, 8982623.569583166390657 ], [ 776847.481409120024182, 8982623.74047140404582 ], [ 776847.625814044615254, 8982623.896896516904235 ], [ 776847.786027856986038, 8982624.037086147814989 ], [ 776847.960235270671546, 8982624.159451892599463 ], [ 776848.146462445962243, 8982624.262607296928763 ], [ 776848.342599354684353, 8982624.345383569598198 ], [ 776848.546423687133938, 8982624.406842822209001 ], [ 776848.755626032361761, 8982624.446288699284196 ], [ 776848.967836044030264, 8982624.463274259120226 ], [ 776849.180649298010394, 8982624.457607051357627 ], [ 776849.391654535080306, 8982624.429351285099983 ], [ 776849.598460981622338, 8982624.37882711365819 ], [ 776849.798725437838584, 8982624.306606993079185 ], [ 776849.990178827545606, 8982624.213509205728769 ], [ 776850.170651907334104, 8982624.100588588044047 ], [ 776850.338099845102988, 8982623.969124576076865 ], [ 776850.490625388687477, 8982623.820606708526611 ], [ 776850.626500362763181, 8982623.65671775303781 ], [ 776850.744185249670409, 8982623.479314636439085 ], [ 776850.84234663262032, 8982623.290407408028841 ], [ 776850.919872303842567, 8982623.092136461287737 ], [ 776850.975883866543882, 8982622.886748284101486 ], [ 776851.009746687370352, 8982622.676570007577538 ], [ 776851.021077086916193, 8982622.463983036577702 ] ] ] ] } },
{ "type": "Feature", "properties": { "LAYER": "0", "GM_TYPE": "Unknown Area Type", "ELEVATION": 0 }, "geometry": { "type": "MultiPolygon", "coordinates": [ [ [ [ 772177.909995692200027, 8982144.643924601376057 ], [ 772177.909995692200027, 8982148.643924601376057 ], [ 772181.909995692083612, 8982148.643924601376057 ], [ 772181.909995692083612, 8982144.643924601376057 ], [ 772177.909995692200027, 8982144.643924601376057 ] ] ] ] } },
{ "type": "Feature", "properties": { "LAYER": "0", "GM_TYPE": "Unknown Area Type", "ELEVATION": 0 }, "geometry": { "type": "MultiPolygon", "coordinates": [ [ [ [ 771768.129780463990755, 8981927.141753699630499 ], [ 771768.129780463990755, 8981931.141753701493144 ], [ 771772.129780463990755, 8981931.141753701493144 ], [ 771772.129780463990755, 8981927.141753699630499 ], [ 771768.129780463990755, 8981927.141753699630499 ] ] ] ] } },
{ "type": "Feature", "properties": { "LAYER": "0", "GM_TYPE": "Unknown Area Type", "ELEVATION": 0 }, "geometry": { "type": "MultiPolygon", "coordinates": [ [ [ [ 772146.985157433780842, 8981305.495687087997794 ], [ 772146.985157433780842, 8981309.495687089860439 ], [ 772150.985157433780842, 8981309.495687089860439 ], [ 772150.985157433780842, 8981305.495687087997794 ], [ 772146.985157433780842, 8981305.495687087997794 ] ] ] ] } },
{ "type": "Feature", "properties": { "LAYER": "0", "GM_TYPE": "Unknown Area Type", "ELEVATION": 0 }, "geometry": { "type": "MultiPolygon", "coordinates": [ [ [ [ 772020.536028189817443, 8981304.134202832356095 ], [ 772020.536028189817443, 8981308.134202832356095 ], [ 772024.536028189701028, 8981308.134202832356095 ], [ 772024.536028189701028, 8981304.134202832356095 ], [ 772020.536028189817443, 8981304.134202832356095 ] ] ] ] } },
{ "type": "Feature", "properties": { "LAYER": "0", "GM_TYPE": "Unknown Area Type", "ELEVATION": 0 }, "geometry": { "type": "MultiPolygon", "coordinates": [ [ [ [ 771756.358044875320047, 8981256.550075640901923 ], [ 771756.358044875320047, 8981260.550075640901923 ], [ 771760.358044875203632, 8981260.550075640901923 ], [ 771760.358044875203632, 8981256.550075640901923 ], [ 771756.358044875320047, 8981256.550075640901923 ] ] ] ] } },
{ "type": "Feature", "properties": { "LAYER": "0", "GM_TYPE": "Unknown Area Type", "ELEVATION": 0 }, "geometry": { "type": "MultiPolygon", "coordinates": [ [ [ [ 771519.53257702360861, 8981080.378080490976572 ], [ 771517.005746606038883, 8981083.47890748642385 ], [ 771517.005746606504545, 8981083.47890748642385 ], [ 771520.106573599623516, 8981086.005737902596593 ], [ 771520.106573600089177, 8981086.005737902596593 ], [ 771522.63340401777532, 8981082.90491090901196 ], [ 771522.633404017076828, 8981082.90491090901196 ], [ 771519.532577024190687, 8981080.378080490976572 ], [ 771519.53257702360861, 8981080.378080490976572 ] ] ] ] } },
{ "type": "Feature", "properties": { "LAYER": "0", "GM_TYPE": "Unknown Area Type", "ELEVATION": 0 }, "geometry": { "type": "MultiPolygon", "coordinates": [ [ [ [ 771675.734549016691744, 8980872.404544396325946 ], [ 771672.78099451190792, 8980869.707042628899217 ], [ 771672.780994512257166, 8980869.707042627036572 ], [ 771670.08349274424836, 8980872.660597134381533 ], [ 771670.083492744714022, 8980872.660597134381533 ], [ 771673.037047249614261, 8980875.358098899945617 ], [ 771673.037047249265015, 8980875.358098901808262 ], [ 771675.734549017157406, 8980872.404544396325946 ], [ 771675.734549016691744, 8980872.404544396325946 ] ] ] ] } },
{ "type": "Feature", "properties": { "LAYER": "0", "GM_TYPE": "Unknown Area Type", "ELEVATION": 0 }, "geometry": { "type": "MultiPolygon", "coordinates": [ [ [ [ 772156.067179655423388, 8981075.991458334028721 ], [ 772156.067179655423388, 8981079.991458335891366 ], [ 772160.067179655423388, 8981079.991458335891366 ], [ 772160.067179655423388, 8981075.991458334028721 ], [ 772156.067179655423388, 8981075.991458334028721 ] ] ] ] } },
{ "type": "Feature", "properties": { "LAYER": "0", "GM_TYPE": "Unknown Area Type", "ELEVATION": 0 }, "geometry": { "type": "MultiPolygon", "coordinates": [ [ [ [ 772291.033771278918721, 8980874.121773894876242 ], [ 772287.59893183899112, 8980872.071925602853298 ], [ 772287.598931839223951, 8980872.071925602853298 ], [ 772285.549083546735346, 8980875.506765043362975 ], [ 772285.54908354615327, 8980875.506765043362975 ], [ 772288.98392298608087, 8980877.556613335385919 ], [ 772288.983922985848039, 8980877.556613335385919 ], [ 772291.033771278453059, 8980874.121773894876242 ], [ 772291.033771278918721, 8980874.121773894876242 ] ] ] ] } },
{ "type": "Feature", "properties": { "LAYER": "0", "GM_TYPE": "Unknown Area Type", "ELEVATION": 0 }, "geometry": { "type": "MultiPolygon", "coordinates": [ [ [ [ 772390.885454068542458, 8980719.130194492638111 ], [ 772387.742416383000091, 8980716.656065532937646 ], [ 772387.742416384397075, 8980716.656065532937646 ], [ 772385.268287425162271, 8980719.79910321906209 ], [ 772385.268287426442839, 8980719.79910321906209 ], [ 772388.411325112101622, 8980722.2732321806252 ], [ 772388.411325111635961, 8980722.2732321806252 ], [ 772390.885454070870765, 8980719.130194492638111 ], [ 772390.885454068542458, 8980719.130194492638111 ] ] ] ] } },
{ "type": "Feature", "properties": { "LAYER": "0", "GM_TYPE": "Unknown Area Type", "ELEVATION": 0 }, "geometry": { "type": "MultiPolygon", "coordinates": [ [ [ [ 770890.439600681187585, 8980636.649930592626333 ], [ 770890.439600681187585, 8980640.649930592626333 ], [ 770894.439600681187585, 8980640.649930592626333 ], [ 770894.439600681187585, 8980636.649930592626333 ], [ 770890.439600681187585, 8980636.649930592626333 ] ] ] ] } },
{ "type": "Feature", "properties": { "LAYER": "0", "GM_TYPE": "Unknown Area Type", "ELEVATION": 0 }, "geometry": { "type": "MultiPolygon", "coordinates": [ [ [ [ 770865.949878003448248, 8980433.045339940115809 ], [ 770865.949878003448248, 8980437.045339940115809 ], [ 770869.949878003448248, 8980437.045339940115809 ], [ 770869.949878003448248, 8980433.045339940115809 ], [ 770865.949878003448248, 8980433.045339940115809 ] ] ] ] } },
{ "type": "Feature", "properties": { "LAYER": "0", "GM_TYPE": "Unknown Area Type", "ELEVATION": 0 }, "geometry": { "type": "MultiPolygon", "coordinates": [ [ [ [ 771049.22050615621265, 8980227.534344198182225 ], [ 771049.22050615621265, 8980231.534344198182225 ], [ 771053.220506156329066, 8980231.534344198182225 ], [ 771053.220506156329066, 8980227.534344198182225 ], [ 771049.22050615621265, 8980227.534344198182225 ] ] ] ] } },
{ "type": "Feature", "properties": { "LAYER": "0", "GM_TYPE": "Unknown Area Type", "ELEVATION": 0 }, "geometry": { "type": "MultiPolygon", "coordinates": [ [ [ [ 771204.57824058982078, 8979974.083961371332407 ], [ 771204.57824058982078, 8979978.083961371332407 ], [ 771208.578240589937195, 8979978.083961371332407 ], [ 771208.578240589937195, 8979974.083961371332407 ], [ 771204.57824058982078, 8979974.083961371332407 ] ] ] ] } },
{ "type": "Feature", "properties": { "LAYER": "0", "GM_TYPE": "Unknown Area Type", "ELEVATION": 0 }, "geometry": { "type": "MultiPolygon", "coordinates": [ [ [ [ 771311.689981098636054, 8979816.164557872340083 ], [ 771308.38674934906885, 8979813.908752027899027 ], [ 771308.386749348952435, 8979813.908752026036382 ], [ 771306.130943504045717, 8979817.21198377572 ], [ 771306.130943504394963, 8979817.21198377572 ], [ 771309.434175253845751, 8979819.467789620161057 ], [ 771309.434175254078582, 8979819.467789620161057 ], [ 771311.689981098752469, 8979816.164557870477438 ], [ 771311.689981098636054, 8979816.164557872340083 ] ] ] ] } },
{ "type": "Feature", "properties": { "LAYER": "0", "GM_TYPE": "Unknown Area Type", "ELEVATION": 0 }, "geometry": { "type": "MultiPolygon", "coordinates": [ [ [ [ 771904.204151549027301, 8979496.000729247927666 ], [ 771904.19282114948146, 8979495.788142276927829 ], [ 771904.15895832865499, 8979495.577964000403881 ], [ 771904.102946765953675, 8979495.37257582321763 ], [ 771904.025421094731428, 8979495.174304876476526 ], [ 771903.927259711781517, 8979494.985397648066282 ], [ 771903.809574824874289, 8979494.807994531467557 ], [ 771903.673699850798585, 8979494.644105575978756 ], [ 771903.521174307214096, 8979494.495587708428502 ], [ 771903.353726369445212, 8979494.36412369646132 ], [ 771903.173253289656714, 8979494.251203078776598 ], [ 771902.981799899949692, 8979494.158105291426182 ], [ 771902.781535443733446, 8979494.085885170847178 ], [ 771902.574728997191414, 8979494.035360999405384 ], [ 771902.363723760121502, 8979494.00710523314774 ], [ 771902.150910506141372, 8979494.001438025385141 ], [ 771901.938700494472869, 8979494.018423585221171 ], [ 771901.729498149245046, 8979494.057869462296367 ], [ 771901.525673816795461, 8979494.119328714907169 ], [ 771901.329536908073351, 8979494.202104987576604 ], [ 771901.143309732782654, 8979494.305260391905904 ], [ 771900.969102319097146, 8979494.427626136690378 ], [ 771900.808888506726362, 8979494.567815767601132 ], [ 771900.66448358213529, 8979494.724240880459547 ], [ 771900.53752371086739, 8979494.89512911811471 ], [ 771900.429447398870252, 8979495.078544244170189 ], [ 771900.34147919411771, 8979495.272408097982407 ], [ 771900.274615811416879, 8979495.474524119868875 ], [ 771900.229614839539863, 8979495.682602256536484 ], [ 771900.206986157689244, 8979495.894284898415208 ], [ 771900.206986157689244, 8979496.107173597440124 ], [ 771900.229614839539863, 8979496.318856239318848 ], [ 771900.274615811416879, 8979496.526934375986457 ], [ 771900.34147919411771, 8979496.729050397872925 ], [ 771900.429447398870252, 8979496.922914251685143 ], [ 771900.53752371086739, 8979497.106329377740622 ], [ 771900.66448358213529, 8979497.277217615395784 ], [ 771900.808888506726362, 8979497.433642728254199 ], [ 771900.969102319097146, 8979497.573832359164953 ], [ 771901.143309732782654, 8979497.696198103949428 ], [ 771901.329536908073351, 8979497.799353508278728 ], [ 771901.525673816795461, 8979497.882129780948162 ], [ 771901.729498149245046, 8979497.943589033558965 ], [ 771901.938700494472869, 8979497.98303491063416 ], [ 771902.150910506141372, 8979498.00002047047019 ], [ 771902.363723760121502, 8979497.994353262707591 ], [ 771902.574728997191414, 8979497.966097496449947 ], [ 771902.781535443733446, 8979497.915573325008154 ], [ 771902.981799899949692, 8979497.84335320442915 ], [ 771903.173253289656714, 8979497.750255417078733 ], [ 771903.353726369445212, 8979497.637334799394011 ], [ 771903.521174307214096, 8979497.505870787426829 ], [ 771903.673699850798585, 8979497.357352919876575 ], [ 771903.809574824874289, 8979497.193463964387774 ], [ 771903.927259711781517, 8979497.016060847789049 ], [ 771904.025421094731428, 8979496.827153619378805 ], [ 771904.102946765953675, 8979496.628882672637701 ], [ 771904.15895832865499, 8979496.42349449545145 ], [ 771904.19282114948146, 8979496.213316218927503 ], [ 771904.204151549027301, 8979496.000729247927666 ] ] ] ] } },
{ "type": "Feature", "properties": { "LAYER": "0", "GM_TYPE": "Unknown Area Type", "ELEVATION": 0 }, "geometry": { "type": "MultiPolygon", "coordinates": [ [ [ [ 772320.022054109023884, 8979570.087064104154706 ], [ 772320.010723709478043, 8979569.874477133154869 ], [ 772319.976860888651572, 8979569.664298856630921 ], [ 772319.920849325950257, 8979569.458910679444671 ], [ 772319.84332365472801, 8979569.260639732703567 ], [ 772319.745162271778099, 8979569.071732504293323 ], [ 772319.627477384870872, 8979568.894329387694597 ], [ 772319.491602410795167, 8979568.730440432205796 ], [ 772319.339076867210679, 8979568.581922564655542 ], [ 772319.171628929441795, 8979568.45045855268836 ], [ 772318.991155849653296, 8979568.337537935003638 ], [ 772318.799702459946275, 8979568.244440147653222 ], [ 772318.599438003730029, 8979568.172220027074218 ], [ 772318.392631557187997, 8979568.121695855632424 ], [ 772318.181626320118085, 8979568.093440089374781 ], [ 772317.968813066137955, 8979568.087772881612182 ], [ 772317.756603054469451, 8979568.104758441448212 ], [ 772317.547400709241629, 8979568.144204318523407 ], [ 772317.343576376792043, 8979568.20566357113421 ], [ 772317.147439468069933, 8979568.288439843803644 ], [ 772316.961212292779237, 8979568.391595248132944 ], [ 772316.787004879093729, 8979568.513960992917418 ], [ 772316.626791066722944, 8979568.654150623828173 ], [ 772316.482386142131872, 8979568.810575736686587 ], [ 772316.355426270863973, 8979568.98146397434175 ], [ 772316.247349958866835, 8979569.164879100397229 ], [ 772316.159381754114293, 8979569.358742954209447 ], [ 772316.092518371413462, 8979569.560858976095915 ], [ 772316.047517399536446, 8979569.768937112763524 ], [ 772316.024888717685826, 8979569.980619754642248 ], [ 772316.024888717685826, 8979570.193508453667164 ], [ 772316.047517399536446, 8979570.405191095545888 ], [ 772316.092518371413462, 8979570.613269232213497 ], [ 772316.159381754114293, 8979570.815385254099965 ], [ 772316.247349958866835, 8979571.009249107912183 ], [ 772316.355426270863973, 8979571.192664233967662 ], [ 772316.482386142131872, 8979571.363552471622825 ], [ 772316.626791066722944, 8979571.519977584481239 ], [ 772316.787004879093729, 8979571.660167215391994 ], [ 772316.961212292779237, 8979571.782532960176468 ], [ 772317.147439468069933, 8979571.885688364505768 ], [ 772317.343576376792043, 8979571.968464637175202 ], [ 772317.547400709241629, 8979572.029923889786005 ], [ 772317.756603054469451, 8979572.0693697668612 ], [ 772317.968813066137955, 8979572.08635532669723 ], [ 772318.181626320118085, 8979572.080688118934631 ], [ 772318.392631557187997, 8979572.052432352676988 ], [ 772318.599438003730029, 8979572.001908181235194 ], [ 772318.799702459946275, 8979571.92968806065619 ], [ 772318.991155849653296, 8979571.836590273305774 ], [ 772319.171628929441795, 8979571.723669655621052 ], [ 772319.339076867210679, 8979571.59220564365387 ], [ 772319.491602410795167, 8979571.443687776103616 ], [ 772319.627477384870872, 8979571.279798820614815 ], [ 772319.745162271778099, 8979571.102395704016089 ], [ 772319.84332365472801, 8979570.913488475605845 ], [ 772319.920849325950257, 8979570.715217528864741 ], [ 772319.976860888651572, 8979570.509829351678491 ], [ 772320.010723709478043, 8979570.299651075154543 ], [ 772320.022054109023884, 8979570.087064104154706 ] ] ] ] } },
{ "type": "Feature", "properties": { "LAYER": "0", "GM_TYPE": "Unknown Area Type", "ELEVATION": 0 }, "geometry": { "type": "MultiPolygon", "coordinates": [ [ [ [ 771626.989683105493896, 8979891.968365581706166 ], [ 771626.978352705948055, 8979891.755778610706329 ], [ 771626.944489885121584, 8979891.545600334182382 ], [ 771626.888478322420269, 8979891.340212156996131 ], [ 771626.810952651198022, 8979891.141941210255027 ], [ 771626.712791268248111, 8979890.953033981844783 ], [ 771626.595106381340884, 8979890.775630865246058 ], [ 771626.459231407265179, 8979890.611741909757257 ], [ 771626.306705863680691, 8979890.463224042207003 ], [ 771626.139257925911807, 8979890.33176003023982 ], [ 771625.958784846123308, 8979890.218839412555099 ], [ 771625.767331456416287, 8979890.125741625204682 ], [ 771625.567067000200041, 8979890.053521504625678 ], [ 771625.360260553658009, 8979890.002997333183885 ], [ 771625.149255316588096, 8979889.974741566926241 ], [ 771624.936442062607966, 8979889.969074359163642 ], [ 771624.724232050939463, 8979889.986059918999672 ], [ 771624.51502970571164, 8979890.025505796074867 ], [ 771624.311205373262055, 8979890.08696504868567 ], [ 771624.115068464539945, 8979890.169741321355104 ], [ 771623.928841289249249, 8979890.272896725684404 ], [ 771623.754633875563741, 8979890.395262470468879 ], [ 771623.594420063192956, 8979890.535452101379633 ], [ 771623.450015138601884, 8979890.691877214238048 ], [ 771623.323055267333984, 8979890.86276545189321 ], [ 771623.214978955336846, 8979891.046180577948689 ], [ 771623.127010750584304, 8979891.240044431760907 ], [ 771623.060147367883474, 8979891.442160453647375 ], [ 771623.015146396006458, 8979891.650238590314984 ], [ 771622.992517714155838, 8979891.861921232193708 ], [ 771622.992517714155838, 8979892.074809931218624 ], [ 771623.015146396006458, 8979892.286492573097348 ], [ 771623.060147367883474, 8979892.494570709764957 ], [ 771623.127010750584304, 8979892.696686731651425 ], [ 771623.214978955336846, 8979892.890550585463643 ], [ 771623.323055267333984, 8979893.073965711519122 ], [ 771623.450015138601884, 8979893.244853949174285 ], [ 771623.594420063192956, 8979893.4012790620327 ], [ 771623.754633875563741, 8979893.541468692943454 ], [ 771623.928841289249249, 8979893.663834437727928 ], [ 771624.115068464539945, 8979893.766989842057228 ], [ 771624.311205373262055, 8979893.849766114726663 ], [ 771624.51502970571164, 8979893.911225367337465 ], [ 771624.724232050939463, 8979893.950671244412661 ], [ 771624.936442062607966, 8979893.967656804248691 ], [ 771625.149255316588096, 8979893.961989596486092 ], [ 771625.360260553658009, 8979893.933733830228448 ], [ 771625.567067000200041, 8979893.883209658786654 ], [ 771625.767331456416287, 8979893.81098953820765 ], [ 771625.958784846123308, 8979893.717891750857234 ], [ 771626.139257925911807, 8979893.604971133172512 ], [ 771626.306705863680691, 8979893.47350712120533 ], [ 771626.459231407265179, 8979893.324989253655076 ], [ 771626.595106381340884, 8979893.161100298166275 ], [ 771626.712791268248111, 8979892.98369718156755 ], [ 771626.810952651198022, 8979892.794789953157306 ], [ 771626.888478322420269, 8979892.596519006416202 ], [ 771626.944489885121584, 8979892.391130829229951 ], [ 771626.978352705948055, 8979892.180952552706003 ], [ 771626.989683105493896, 8979891.968365581706166 ] ] ] ] } },
{ "type": "Feature", "properties": { "LAYER": "0", "GM_TYPE": "Unknown Area Type", "ELEVATION": 0 }, "geometry": { "type": "MultiPolygon", "coordinates": [ [ [ [ 771446.248048961861059, 8980557.354148391634226 ], [ 771446.236718562315218, 8980557.141561420634389 ], [ 771446.202855741488747, 8980556.931383144110441 ], [ 771446.146844178787433, 8980556.725994966924191 ], [ 771446.069318507565185, 8980556.527724020183086 ], [ 771445.971157124615274, 8980556.338816791772842 ], [ 771445.853472237708047, 8980556.161413675174117 ], [ 771445.717597263632342, 8980555.997524719685316 ], [ 771445.565071720047854, 8980555.849006852135062 ], [ 771445.39762378227897, 8980555.71754284016788 ], [ 771445.217150702490471, 8980555.604622222483158 ], [ 771445.02569731278345, 8980555.511524435132742 ], [ 771444.825432856567204, 8980555.439304314553738 ], [ 771444.618626410025172, 8980555.388780143111944 ], [ 771444.40762117295526, 8980555.3605243768543 ], [ 771444.19480791897513, 8980555.354857169091702 ], [ 771443.982597907306626, 8980555.371842728927732 ], [ 771443.773395562078804, 8980555.411288606002927 ], [ 771443.569571229629219, 8980555.472747858613729 ], [ 771443.373434320907108, 8980555.555524131283164 ], [ 771443.187207145616412, 8980555.658679535612464 ], [ 771443.012999731930904, 8980555.781045280396938 ], [ 771442.85278591956012, 8980555.921234911307693 ], [ 771442.708380994969048, 8980556.077660024166107 ], [ 771442.581421123701148, 8980556.24854826182127 ], [ 771442.47334481170401, 8980556.431963387876749 ], [ 771442.385376606951468, 8980556.625827241688967 ], [ 771442.318513224250637, 8980556.827943263575435 ], [ 771442.273512252373621, 8980557.036021400243044 ], [ 771442.250883570523001, 8980557.247704042121768 ], [ 771442.250883570523001, 8980557.460592741146684 ], [ 771442.273512252373621, 8980557.672275383025408 ], [ 771442.318513224250637, 8980557.880353519693017 ], [ 771442.385376606951468, 8980558.082469541579485 ], [ 771442.47334481170401, 8980558.276333395391703 ], [ 771442.581421123701148, 8980558.459748521447182 ], [ 771442.708380994969048, 8980558.630636759102345 ], [ 771442.85278591956012, 8980558.787061871960759 ], [ 771443.012999731930904, 8980558.927251502871513 ], [ 771443.187207145616412, 8980559.049617247655988 ], [ 771443.373434320907108, 8980559.152772651985288 ], [ 771443.569571229629219, 8980559.235548924654722 ], [ 771443.773395562078804, 8980559.297008177265525 ], [ 771443.982597907306626, 8980559.33645405434072 ], [ 771444.19480791897513, 8980559.35343961417675 ], [ 771444.40762117295526, 8980559.347772406414151 ], [ 771444.618626410025172, 8980559.319516640156507 ], [ 771444.825432856567204, 8980559.268992468714714 ], [ 771445.02569731278345, 8980559.19677234813571 ], [ 771445.217150702490471, 8980559.103674560785294 ], [ 771445.39762378227897, 8980558.990753943100572 ], [ 771445.565071720047854, 8980558.859289931133389 ], [ 771445.717597263632342, 8980558.710772063583136 ], [ 771445.853472237708047, 8980558.546883108094335 ], [ 771445.971157124615274, 8980558.369479991495609 ], [ 771446.069318507565185, 8980558.180572763085365 ], [ 771446.146844178787433, 8980557.982301816344261 ], [ 771446.202855741488747, 8980557.77691363915801 ], [ 771446.236718562315218, 8980557.566735362634063 ], [ 771446.248048961861059, 8980557.354148391634226 ] ] ] ] } },
{ "type": "Feature", "properties": { "LAYER": "0", "GM_TYPE": "Unknown Area Type", "ELEVATION": 0 }, "geometry": { "type": "MultiPolygon", "coordinates": [ [ [ [ 771897.794655978912488, 8980562.769059294834733 ], [ 771897.783325579366647, 8980562.556472323834896 ], [ 771897.749462758540176, 8980562.346294047310948 ], [ 771897.693451195838861, 8980562.140905870124698 ], [ 771897.615925524616614, 8980561.942634923383594 ], [ 771897.517764141666703, 8980561.75372769497335 ], [ 771897.400079254759476, 8980561.576324578374624 ], [ 771897.264204280683771, 8980561.412435622885823 ], [ 771897.111678737099282, 8980561.263917755335569 ], [ 771896.944230799330398, 8980561.132453743368387 ], [ 771896.7637577195419, 8980561.019533125683665 ], [ 771896.572304329834878, 8980560.926435338333249 ], [ 771896.372039873618633, 8980560.854215217754245 ], [ 771896.1652334270766, 8980560.803691046312451 ], [ 771895.954228190006688, 8980560.775435280054808 ], [ 771895.741414936026558, 8980560.769768072292209 ], [ 771895.529204924358055, 8980560.786753632128239 ], [ 771895.320002579130232, 8980560.826199509203434 ], [ 771895.116178246680647, 8980560.887658761814237 ], [ 771894.920041337958537, 8980560.970435034483671 ], [ 771894.733814162667841, 8980561.073590438812971 ], [ 771894.559606748982333, 8980561.195956183597445 ], [ 771894.399392936611548, 8980561.3361458145082 ], [ 771894.254988012020476, 8980561.492570927366614 ], [ 771894.128028140752576, 8980561.663459165021777 ], [ 771894.019951828755438, 8980561.846874291077256 ], [ 771893.931983624002896, 8980562.040738144889474 ], [ 771893.865120241302066, 8980562.242854166775942 ], [ 771893.820119269425049, 8980562.450932303443551 ], [ 771893.79749058757443, 8980562.662614945322275 ], [ 771893.79749058757443, 8980562.875503644347191 ], [ 771893.820119269425049, 8980563.087186286225915 ], [ 771893.865120241302066, 8980563.295264422893524 ], [ 771893.931983624002896, 8980563.497380444779992 ], [ 771894.019951828755438, 8980563.69124429859221 ], [ 771894.128028140752576, 8980563.874659424647689 ], [ 771894.254988012020476, 8980564.045547662302852 ], [ 771894.399392936611548, 8980564.201972775161266 ], [ 771894.559606748982333, 8980564.342162406072021 ], [ 771894.733814162667841, 8980564.464528150856495 ], [ 771894.920041337958537, 8980564.567683555185795 ], [ 771895.116178246680647, 8980564.650459827855229 ], [ 771895.320002579130232, 8980564.711919080466032 ], [ 771895.529204924358055, 8980564.751364957541227 ], [ 771895.741414936026558, 8980564.768350517377257 ], [ 771895.954228190006688, 8980564.762683309614658 ], [ 771896.1652334270766, 8980564.734427543357015 ], [ 771896.372039873618633, 8980564.683903371915221 ], [ 771896.572304329834878, 8980564.611683251336217 ], [ 771896.7637577195419, 8980564.518585463985801 ], [ 771896.944230799330398, 8980564.405664846301079 ], [ 771897.111678737099282, 8980564.274200834333897 ], [ 771897.264204280683771, 8980564.125682966783643 ], [ 771897.400079254759476, 8980563.961794011294842 ], [ 771897.517764141666703, 8980563.784390894696116 ], [ 771897.615925524616614, 8980563.595483666285872 ], [ 771897.693451195838861, 8980563.397212719544768 ], [ 771897.749462758540176, 8980563.191824542358518 ], [ 771897.783325579366647, 8980562.98164626583457 ], [ 771897.794655978912488, 8980562.769059294834733 ] ] ] ] } },
{ "type": "Feature", "properties": { "LAYER": "0", "GM_TYPE": "Unknown Area Type", "ELEVATION": 0 }, "geometry": { "type": "MultiPolygon", "coordinates": [ [ [ [ 772455.204654988949187, 8980506.570597996935248 ], [ 772455.193324589403346, 8980506.358011025935411 ], [ 772455.159461768576875, 8980506.147832749411464 ], [ 772455.103450205875561, 8980505.942444572225213 ], [ 772455.025924534653313, 8980505.744173625484109 ], [ 772454.927763151703402, 8980505.555266397073865 ], [ 772454.810078264796175, 8980505.37786328047514 ], [ 772454.67420329072047, 8980505.213974324986339 ], [ 772454.521677747135982, 8980505.065456457436085 ], [ 772454.354229809367098, 8980504.933992445468903 ], [ 772454.173756729578599, 8980504.821071827784181 ], [ 772453.982303339871578, 8980504.727974040433764 ], [ 772453.782038883655332, 8980504.65575391985476 ], [ 772453.5752324371133, 8980504.605229748412967 ], [ 772453.364227200043388, 8980504.576973982155323 ], [ 772453.151413946063258, 8980504.571306774392724 ], [ 772452.939203934394754, 8980504.588292334228754 ], [ 772452.730001589166932, 8980504.627738211303949 ], [ 772452.526177256717347, 8980504.689197463914752 ], [ 772452.330040347995237, 8980504.771973736584187 ], [ 772452.14381317270454, 8980504.875129140913486 ], [ 772451.969605759019032, 8980504.997494885697961 ], [ 772451.809391946648248, 8980505.137684516608715 ], [ 772451.664987022057176, 8980505.29410962946713 ], [ 772451.538027150789276, 8980505.464997867122293 ], [ 772451.429950838792138, 8980505.648412993177772 ], [ 772451.341982634039596, 8980505.842276846989989 ], [ 772451.275119251338765, 8980506.044392868876457 ], [ 772451.230118279461749, 8980506.252471005544066 ], [ 772451.207489597611129, 8980506.464153647422791 ], [ 772451.207489597611129, 8980506.677042346447706 ], [ 772451.230118279461749, 8980506.88872498832643 ], [ 772451.275119251338765, 8980507.09680312499404 ], [ 772451.341982634039596, 8980507.298919146880507 ], [ 772451.429950838792138, 8980507.492783000692725 ], [ 772451.538027150789276, 8980507.676198126748204 ], [ 772451.664987022057176, 8980507.847086364403367 ], [ 772451.809391946648248, 8980508.003511477261782 ], [ 772451.969605759019032, 8980508.143701108172536 ], [ 772452.14381317270454, 8980508.26606685295701 ], [ 772452.330040347995237, 8980508.36922225728631 ], [ 772452.526177256717347, 8980508.451998529955745 ], [ 772452.730001589166932, 8980508.513457782566547 ], [ 772452.939203934394754, 8980508.552903659641743 ], [ 772453.151413946063258, 8980508.569889219477773 ], [ 772453.364227200043388, 8980508.564222011715174 ], [ 772453.5752324371133, 8980508.53596624545753 ], [ 772453.782038883655332, 8980508.485442074015737 ], [ 772453.982303339871578, 8980508.413221953436732 ], [ 772454.173756729578599, 8980508.320124166086316 ], [ 772454.354229809367098, 8980508.207203548401594 ], [ 772454.521677747135982, 8980508.075739536434412 ], [ 772454.67420329072047, 8980507.927221668884158 ], [ 772454.810078264796175, 8980507.763332713395357 ], [ 772454.927763151703402, 8980507.585929596796632 ], [ 772455.025924534653313, 8980507.397022368386388 ], [ 772455.103450205875561, 8980507.198751421645284 ], [ 772455.159461768576875, 8980506.993363244459033 ], [ 772455.193324589403346, 8980506.783184967935085 ], [ 772455.204654988949187, 8980506.570597996935248 ] ] ] ] } },
{ "type": "Feature", "properties": { "LAYER": "0", "GM_TYPE": "Unknown Area Type", "ELEVATION": 24 }, "geometry": { "type": "MultiPolygon", "coordinates": [ [ [ [ 771117.925959719344974, 8981591.866018330678344 ], [ 771117.925959719344974, 8981595.866018328815699 ], [ 771121.925959719344974, 8981595.866018328815699 ], [ 771121.925959719344974, 8981591.866018330678344 ], [ 771117.925959719344974, 8981591.866018330678344 ] ] ] ] } },
{ "type": "Feature", "properties": { "LAYER": "0", "GM_TYPE": "Unknown Area Type", "ELEVATION": 24 }, "geometry": { "type": "MultiPolygon", "coordinates": [ [ [ [ 771113.785010577528737, 8981429.846609326079488 ], [ 771113.785010577528737, 8981433.846609324216843 ], [ 771117.785010577412322, 8981433.846609324216843 ], [ 771117.785010577412322, 8981429.846609326079488 ], [ 771113.785010577528737, 8981429.846609326079488 ] ] ] ] } },
{ "type": "Feature", "properties": { "LAYER": "0", "GM_TYPE": "Unknown Area Type", "ELEVATION": 0 }, "geometry": { "type": "MultiPolygon", "coordinates": [ [ [ [ 771114.027913985657506, 8981594.666839329525828 ], [ 771114.016583586111665, 8981594.454252358525991 ], [ 771113.982720765285194, 8981594.244074082002044 ], [ 771113.926709202583879, 8981594.038685904815793 ], [ 771113.849183531361632, 8981593.840414958074689 ], [ 771113.751022148411721, 8981593.651507729664445 ], [ 771113.633337261504494, 8981593.47410461306572 ], [ 771113.497462287428789, 8981593.310215657576919 ], [ 771113.344936743844301, 8981593.161697790026665 ], [ 771113.177488806075417, 8981593.030233778059483 ], [ 771112.997015726286918, 8981592.917313160374761 ], [ 771112.805562336579897, 8981592.824215373024344 ], [ 771112.605297880363651, 8981592.75199525244534 ], [ 771112.398491433821619, 8981592.701471081003547 ], [ 771112.187486196751706, 8981592.673215314745903 ], [ 771111.974672942771576, 8981592.667548106983304 ], [ 771111.762462931103073, 8981592.684533666819334 ], [ 771111.55326058587525, 8981592.723979543894529 ], [ 771111.349436253425665, 8981592.785438796505332 ], [ 771111.153299344703555, 8981592.868215069174767 ], [ 771110.967072169412859, 8981592.971370473504066 ], [ 771110.792864755727351, 8981593.093736218288541 ], [ 771110.632650943356566, 8981593.233925849199295 ], [ 771110.488246018765494, 8981593.39035096205771 ], [ 771110.361286147497594, 8981593.561239199712873 ], [ 771110.253209835500456, 8981593.744654325768352 ], [ 771110.165241630747914, 8981593.938518179580569 ], [ 771110.098378248047084, 8981594.140634201467037 ], [ 771110.053377276170067, 8981594.348712338134646 ], [ 771110.030748594319448, 8981594.560394980013371 ], [ 771110.030748594319448, 8981594.773283679038286 ], [ 771110.053377276170067, 8981594.98496632091701 ], [ 771110.098378248047084, 8981595.19304445758462 ], [ 771110.165241630747914, 8981595.395160479471087 ], [ 771110.253209835500456, 8981595.589024333283305 ], [ 771110.361286147497594, 8981595.772439459338784 ], [ 771110.488246018765494, 8981595.943327696993947 ], [ 771110.632650943356566, 8981596.099752809852362 ], [ 771110.792864755727351, 8981596.239942440763116 ], [ 771110.967072169412859, 8981596.36230818554759 ], [ 771111.153299344703555, 8981596.46546358987689 ], [ 771111.349436253425665, 8981596.548239862546325 ], [ 771111.55326058587525, 8981596.609699115157127 ], [ 771111.762462931103073, 8981596.649144992232323 ], [ 771111.974672942771576, 8981596.666130552068353 ], [ 771112.187486196751706, 8981596.660463344305754 ], [ 771112.398491433821619, 8981596.63220757804811 ], [ 771112.605297880363651, 8981596.581683406606317 ], [ 771112.805562336579897, 8981596.509463286027312 ], [ 771112.997015726286918, 8981596.416365498676896 ], [ 771113.177488806075417, 8981596.303444880992174 ], [ 771113.344936743844301, 8981596.171980869024992 ], [ 771113.497462287428789, 8981596.023463001474738 ], [ 771113.633337261504494, 8981595.859574045985937 ], [ 771113.751022148411721, 8981595.682170929387212 ], [ 771113.849183531361632, 8981595.493263700976968 ], [ 771113.926709202583879, 8981595.294992754235864 ], [ 771113.982720765285194, 8981595.089604577049613 ], [ 771114.016583586111665, 8981594.879426300525665 ], [ 771114.027913985657506, 8981594.666839329525828 ] ] ] ] } },
{ "type": "Feature", "properties": { "LAYER": "0", "GM_TYPE": "Unknown Area Type", "ELEVATION": 24 }, "geometry": { "type": "MultiPolygon", "coordinates": [ [ [ [ 771109.874014751054347, 8981432.14074301533401 ], [ 771109.862684351508506, 8981431.928156044334173 ], [ 771109.828821530682035, 8981431.717977767810225 ], [ 771109.77280996798072, 8981431.512589590623975 ], [ 771109.695284296758473, 8981431.314318643882871 ], [ 771109.597122913808562, 8981431.125411415472627 ], [ 771109.479438026901335, 8981430.948008298873901 ], [ 771109.34356305282563, 8981430.7841193433851 ], [ 771109.191037509241141, 8981430.635601475834846 ], [ 771109.023589571472257, 8981430.504137463867664 ], [ 771108.843116491683759, 8981430.391216846182942 ], [ 771108.651663101976737, 8981430.298119058832526 ], [ 771108.451398645760491, 8981430.225898938253522 ], [ 771108.244592199218459, 8981430.175374766811728 ], [ 771108.033586962148547, 8981430.147119000554085 ], [ 771107.820773708168417, 8981430.141451792791486 ], [ 771107.608563696499914, 8981430.158437352627516 ], [ 771107.399361351272091, 8981430.197883229702711 ], [ 771107.195537018822506, 8981430.259342482313514 ], [ 771106.999400110100396, 8981430.342118754982948 ], [ 771106.8131729348097, 8981430.445274159312248 ], [ 771106.638965521124192, 8981430.567639904096723 ], [ 771106.478751708753407, 8981430.707829535007477 ], [ 771106.334346784162335, 8981430.864254647865891 ], [ 771106.207386912894435, 8981431.035142885521054 ], [ 771106.099310600897297, 8981431.218558011576533 ], [ 771106.011342396144755, 8981431.412421865388751 ], [ 771105.944479013443924, 8981431.614537887275219 ], [ 771105.899478041566908, 8981431.822616023942828 ], [ 771105.876849359716289, 8981432.034298665821552 ], [ 771105.876849359716289, 8981432.247187364846468 ], [ 771105.899478041566908, 8981432.458870006725192 ], [ 771105.944479013443924, 8981432.666948143392801 ], [ 771106.011342396144755, 8981432.869064165279269 ], [ 771106.099310600897297, 8981433.062928019091487 ], [ 771106.207386912894435, 8981433.246343145146966 ], [ 771106.334346784162335, 8981433.417231382802129 ], [ 771106.478751708753407, 8981433.573656495660543 ], [ 771106.638965521124192, 8981433.713846126571298 ], [ 771106.8131729348097, 8981433.836211871355772 ], [ 771106.999400110100396, 8981433.939367275685072 ], [ 771107.195537018822506, 8981434.022143548354506 ], [ 771107.399361351272091, 8981434.083602800965309 ], [ 771107.608563696499914, 8981434.123048678040504 ], [ 771107.820773708168417, 8981434.140034237876534 ], [ 771108.033586962148547, 8981434.134367030113935 ], [ 771108.244592199218459, 8981434.106111263856292 ], [ 771108.451398645760491, 8981434.055587092414498 ], [ 771108.651663101976737, 8981433.983366971835494 ], [ 771108.843116491683759, 8981433.890269184485078 ], [ 771109.023589571472257, 8981433.777348566800356 ], [ 771109.191037509241141, 8981433.645884554833174 ], [ 771109.34356305282563, 8981433.49736668728292 ], [ 771109.479438026901335, 8981433.333477731794119 ], [ 771109.597122913808562, 8981433.156074615195394 ], [ 771109.695284296758473, 8981432.96716738678515 ], [ 771109.77280996798072, 8981432.768896440044045 ], [ 771109.828821530682035, 8981432.563508262857795 ], [ 771109.862684351508506, 8981432.353329986333847 ], [ 771109.874014751054347, 8981432.14074301533401 ] ] ] ] } },
{ "type": "Feature", "properties": { "LAYER": "0", "GM_TYPE": "Unknown Area Type", "ELEVATION": 24 }, "geometry": { "type": "MultiPolygon", "coordinates": [ [ [ [ 771111.683112324681133, 8981189.812331793829799 ], [ 771111.671781925135292, 8981189.599744822829962 ], [ 771111.637919104308821, 8981189.389566546306014 ], [ 771111.581907541607507, 8981189.184178369119763 ], [ 771111.504381870385259, 8981188.985907422378659 ], [ 771111.406220487435348, 8981188.797000193968415 ], [ 771111.288535600528121, 8981188.61959707736969 ], [ 771111.152660626452416, 8981188.455708121880889 ], [ 771111.000135082867928, 8981188.307190254330635 ], [ 771110.832687145099044, 8981188.175726242363453 ], [ 771110.652214065310545, 8981188.062805624678731 ], [ 771110.460760675603524, 8981187.969707837328315 ], [ 771110.260496219387278, 8981187.89748771674931 ], [ 771110.053689772845246, 8981187.846963545307517 ], [ 771109.842684535775334, 8981187.818707779049873 ], [ 771109.629871281795204, 8981187.813040571287274 ], [ 771109.4176612701267, 8981187.830026131123304 ], [ 771109.208458924898878, 8981187.8694720081985 ], [ 771109.004634592449293, 8981187.930931260809302 ], [ 771108.808497683727182, 8981188.013707533478737 ], [ 771108.622270508436486, 8981188.116862937808037 ], [ 771108.448063094750978, 8981188.239228682592511 ], [ 771108.287849282380193, 8981188.379418313503265 ], [ 771108.143444357789122, 8981188.53584342636168 ], [ 771108.016484486521222, 8981188.706731664016843 ], [ 771107.908408174524084, 8981188.890146790072322 ], [ 771107.820439969771542, 8981189.08401064388454 ], [ 771107.753576587070711, 8981189.286126665771008 ], [ 771107.708575615193695, 8981189.494204802438617 ], [ 771107.685946933343075, 8981189.705887444317341 ], [ 771107.685946933343075, 8981189.918776143342257 ], [ 771107.708575615193695, 8981190.130458785220981 ], [ 771107.753576587070711, 8981190.33853692188859 ], [ 771107.820439969771542, 8981190.540652943775058 ], [ 771107.908408174524084, 8981190.734516797587276 ], [ 771108.016484486521222, 8981190.917931923642755 ], [ 771108.143444357789122, 8981191.088820161297917 ], [ 771108.287849282380193, 8981191.245245274156332 ], [ 771108.448063094750978, 8981191.385434905067086 ], [ 771108.622270508436486, 8981191.507800649851561 ], [ 771108.808497683727182, 8981191.610956054180861 ], [ 771109.004634592449293, 8981191.693732326850295 ], [ 771109.208458924898878, 8981191.755191579461098 ], [ 771109.4176612701267, 8981191.794637456536293 ], [ 771109.629871281795204, 8981191.811623016372323 ], [ 771109.842684535775334, 8981191.805955808609724 ], [ 771110.053689772845246, 8981191.77770004235208 ], [ 771110.260496219387278, 8981191.727175870910287 ], [ 771110.460760675603524, 8981191.654955750331283 ], [ 771110.652214065310545, 8981191.561857962980866 ], [ 771110.832687145099044, 8981191.448937345296144 ], [ 771111.000135082867928, 8981191.317473333328962 ], [ 771111.152660626452416, 8981191.168955465778708 ], [ 771111.288535600528121, 8981191.005066510289907 ], [ 771111.406220487435348, 8981190.827663393691182 ], [ 771111.504381870385259, 8981190.638756165280938 ], [ 771111.581907541607507, 8981190.440485218539834 ], [ 771111.637919104308821, 8981190.235097041353583 ], [ 771111.671781925135292, 8981190.024918764829636 ], [ 771111.683112324681133, 8981189.812331793829799 ] ] ] ] } },
{ "type": "Feature", "properties": { "LAYER": "0", "GM_TYPE": "Unknown Area Type", "ELEVATION": 48 }, "geometry": { "type": "MultiPolygon", "coordinates": [ [ [ [ 771080.666966295451857, 8981022.391502190381289 ], [ 771084.520442457054742, 8981021.318785328418016 ], [ 771084.52044245833531, 8981021.318785328418016 ], [ 771083.447725593927316, 8981017.465309167280793 ], [ 771083.447725592646748, 8981017.465309167280793 ], [ 771079.594249430927448, 8981018.53802603110671 ], [ 771079.594249429646879, 8981018.53802603110671 ], [ 771080.666966294054873, 8981022.391502190381289 ], [ 771080.666966295451857, 8981022.391502190381289 ] ] ] ] } },
{ "type": "Feature", "properties": { "LAYER": "0", "GM_TYPE": "Unknown Area Type", "ELEVATION": -24 }, "geometry": { "type": "MultiPolygon", "coordinates": [ [ [ [ 771264.85380346304737, 8980855.212103681638837 ], [ 771262.326973045361228, 8980858.31293067522347 ], [ 771262.326973045943305, 8980858.31293067522347 ], [ 771265.427800039178692, 8980860.839761093258858 ], [ 771265.427800039644353, 8980860.839761093258858 ], [ 771267.954630456981249, 8980857.738934099674225 ], [ 771267.954630456748419, 8980857.738934099674225 ], [ 771264.853803463513032, 8980855.212103681638837 ], [ 771264.85380346304737, 8980855.212103681638837 ] ] ] ] } },
{ "type": "Feature", "properties": { "LAYER": "0", "GM_TYPE": "Unknown Area Type", "ELEVATION": 0 }, "geometry": { "type": "MultiPolygon", "coordinates": [ [ [ [ 771607.790629601222463, 8981774.994276605546474 ], [ 771607.779299201676622, 8981774.781689634546638 ], [ 771607.745436380850151, 8981774.57151135802269 ], [ 771607.689424818148836, 8981774.366123180836439 ], [ 771607.611899146926589, 8981774.167852234095335 ], [ 771607.513737763976678, 8981773.978945005685091 ], [ 771607.396052877069451, 8981773.801541889086366 ], [ 771607.260177902993746, 8981773.637652933597565 ], [ 771607.107652359409258, 8981773.489135066047311 ], [ 771606.940204421640374, 8981773.357671054080129 ], [ 771606.759731341851875, 8981773.244750436395407 ], [ 771606.568277952144854, 8981773.151652649044991 ], [ 771606.368013495928608, 8981773.079432528465986 ], [ 771606.161207049386576, 8981773.028908357024193 ], [ 771605.950201812316664, 8981773.000652590766549 ], [ 771605.737388558336534, 8981772.99498538300395 ], [ 771605.52517854666803, 8981773.01197094283998 ], [ 771605.315976201440208, 8981773.051416819915175 ], [ 771605.112151868990622, 8981773.112876072525978 ], [ 771604.916014960268512, 8981773.195652345195413 ], [ 771604.729787784977816, 8981773.298807749524713 ], [ 771604.555580371292308, 8981773.421173494309187 ], [ 771604.395366558921523, 8981773.561363125219941 ], [ 771604.250961634330451, 8981773.717788238078356 ], [ 771604.124001763062552, 8981773.888676475733519 ], [ 771604.015925451065414, 8981774.072091601788998 ], [ 771603.927957246312872, 8981774.265955455601215 ], [ 771603.861093863612041, 8981774.468071477487683 ], [ 771603.816092891735025, 8981774.676149614155293 ], [ 771603.793464209884405, 8981774.887832256034017 ], [ 771603.793464209884405, 8981775.100720955058932 ], [ 771603.816092891735025, 8981775.312403596937656 ], [ 771603.861093863612041, 8981775.520481733605266 ], [ 771603.927957246312872, 8981775.722597755491734 ], [ 771604.015925451065414, 8981775.916461609303951 ], [ 771604.124001763062552, 8981776.09987673535943 ], [ 771604.250961634330451, 8981776.270764973014593 ], [ 771604.395366558921523, 8981776.427190085873008 ], [ 771604.555580371292308, 8981776.567379716783762 ], [ 771604.729787784977816, 8981776.689745461568236 ], [ 771604.916014960268512, 8981776.792900865897536 ], [ 771605.112151868990622, 8981776.875677138566971 ], [ 771605.315976201440208, 8981776.937136391177773 ], [ 771605.52517854666803, 8981776.976582268252969 ], [ 771605.737388558336534, 8981776.993567828088999 ], [ 771605.950201812316664, 8981776.9879006203264 ], [ 771606.161207049386576, 8981776.959644854068756 ], [ 771606.368013495928608, 8981776.909120682626963 ], [ 771606.568277952144854, 8981776.836900562047958 ], [ 771606.759731341851875, 8981776.743802774697542 ], [ 771606.940204421640374, 8981776.63088215701282 ], [ 771607.107652359409258, 8981776.499418145045638 ], [ 771607.260177902993746, 8981776.350900277495384 ], [ 771607.396052877069451, 8981776.187011322006583 ], [ 771607.513737763976678, 8981776.009608205407858 ], [ 771607.611899146926589, 8981775.820700976997614 ], [ 771607.689424818148836, 8981775.62243003025651 ], [ 771607.745436380850151, 8981775.417041853070259 ], [ 771607.779299201676622, 8981775.206863576546311 ], [ 771607.790629601222463, 8981774.994276605546474 ] ] ] ] } },
{ "type": "Feature", "properties": { "LAYER": "0", "GM_TYPE": "Unknown Area Type", "ELEVATION": 0 }, "geometry": { "type": "MultiPolygon", "coordinates": [ [ [ [ 771757.415131890913472, 8981748.040212519466877 ], [ 771757.403801491367631, 8981747.82762554846704 ], [ 771757.36993867054116, 8981747.617447271943092 ], [ 771757.313927107839845, 8981747.412059094756842 ], [ 771757.236401436617598, 8981747.213788148015738 ], [ 771757.138240053667687, 8981747.024880919605494 ], [ 771757.02055516676046, 8981746.847477803006768 ], [ 771756.884680192684755, 8981746.683588847517967 ], [ 771756.732154649100266, 8981746.535070979967713 ], [ 771756.564706711331382, 8981746.403606968000531 ], [ 771756.384233631542884, 8981746.290686350315809 ], [ 771756.192780241835862, 8981746.197588562965393 ], [ 771755.992515785619617, 8981746.125368442386389 ], [ 771755.785709339077584, 8981746.074844270944595 ], [ 771755.574704102007672, 8981746.046588504686952 ], [ 771755.361890848027542, 8981746.040921296924353 ], [ 771755.149680836359039, 8981746.057906856760383 ], [ 771754.940478491131216, 8981746.097352733835578 ], [ 771754.736654158681631, 8981746.158811986446381 ], [ 771754.540517249959521, 8981746.241588259115815 ], [ 771754.354290074668825, 8981746.344743663445115 ], [ 771754.180082660983317, 8981746.467109408229589 ], [ 771754.019868848612532, 8981746.607299039140344 ], [ 771753.87546392402146, 8981746.763724151998758 ], [ 771753.74850405275356, 8981746.934612389653921 ], [ 771753.640427740756422, 8981747.1180275157094 ], [ 771753.55245953600388, 8981747.311891369521618 ], [ 771753.48559615330305, 8981747.514007391408086 ], [ 771753.440595181426033, 8981747.722085528075695 ], [ 771753.417966499575414, 8981747.933768169954419 ], [ 771753.417966499575414, 8981748.146656868979335 ], [ 771753.440595181426033, 8981748.358339510858059 ], [ 771753.48559615330305, 8981748.566417647525668 ], [ 771753.55245953600388, 8981748.768533669412136 ], [ 771753.640427740756422, 8981748.962397523224354 ], [ 771753.74850405275356, 8981749.145812649279833 ], [ 771753.87546392402146, 8981749.316700886934996 ], [ 771754.019868848612532, 8981749.47312599979341 ], [ 771754.180082660983317, 8981749.613315630704165 ], [ 771754.354290074668825, 8981749.735681375488639 ], [ 771754.540517249959521, 8981749.838836779817939 ], [ 771754.736654158681631, 8981749.921613052487373 ], [ 771754.940478491131216, 8981749.983072305098176 ], [ 771755.149680836359039, 8981750.022518182173371 ], [ 771755.361890848027542, 8981750.039503742009401 ], [ 771755.574704102007672, 8981750.033836534246802 ], [ 771755.785709339077584, 8981750.005580767989159 ], [ 771755.992515785619617, 8981749.955056596547365 ], [ 771756.192780241835862, 8981749.882836475968361 ], [ 771756.384233631542884, 8981749.789738688617945 ], [ 771756.564706711331382, 8981749.676818070933223 ], [ 771756.732154649100266, 8981749.545354058966041 ], [ 771756.884680192684755, 8981749.396836191415787 ], [ 771757.02055516676046, 8981749.232947235926986 ], [ 771757.138240053667687, 8981749.05554411932826 ], [ 771757.236401436617598, 8981748.866636890918016 ], [ 771757.313927107839845, 8981748.668365944176912 ], [ 771757.36993867054116, 8981748.462977766990662 ], [ 771757.403801491367631, 8981748.252799490466714 ], [ 771757.415131890913472, 8981748.040212519466877 ] ] ] ] } },
{ "type": "Feature", "properties": { "LAYER": "0", "GM_TYPE": "Unknown Area Type", "ELEVATION": 0 }, "geometry": { "type": "MultiPolygon", "coordinates": [ [ [ [ 771412.641916942433454, 8979607.090686343610287 ], [ 771408.692871155450121, 8979606.454260878264904 ], [ 771408.692871153936721, 8979606.454260878264904 ], [ 771408.056445690104738, 8979610.403306666761637 ], [ 771408.056445690570399, 8979610.403306666761637 ], [ 771412.005491477553733, 8979611.039732130244374 ], [ 771412.005491478135809, 8979611.039732130244374 ], [ 771412.641916941851377, 8979607.090686343610287 ], [ 771412.641916942433454, 8979607.090686343610287 ] ] ] ] } },
{ "type": "Feature", "properties": { "LAYER": "0", "GM_TYPE": "Unknown Area Type", "ELEVATION": 0 }, "geometry": { "type": "MultiPolygon", "coordinates": [ [ [ [ 771593.424479497247376, 8979419.307986741885543 ], [ 771593.413149097701535, 8979419.095399770885706 ], [ 771593.379286276875064, 8979418.885221494361758 ], [ 771593.323274714173749, 8979418.679833317175508 ], [ 771593.245749042951502, 8979418.481562370434403 ], [ 771593.147587660001591, 8979418.292655142024159 ], [ 771593.029902773094364, 8979418.115252025425434 ], [ 771592.894027799018659, 8979417.951363069936633 ], [ 771592.74150225543417, 8979417.802845202386379 ], [ 771592.574054317665286, 8979417.671381190419197 ], [ 771592.393581237876788, 8979417.558460572734475 ], [ 771592.202127848169766, 8979417.465362785384059 ], [ 771592.00186339195352, 8979417.393142664805055 ], [ 771591.795056945411488, 8979417.342618493363261 ], [ 771591.584051708341576, 8979417.314362727105618 ], [ 771591.371238454361446, 8979417.308695519343019 ], [ 771591.159028442692943, 8979417.325681079179049 ], [ 771590.94982609746512, 8979417.365126956254244 ], [ 771590.746001765015535, 8979417.426586208865047 ], [ 771590.549864856293425, 8979417.509362481534481 ], [ 771590.363637681002729, 8979417.612517885863781 ], [ 771590.189430267317221, 8979417.734883630648255 ], [ 771590.029216454946436, 8979417.87507326155901 ], [ 771589.884811530355364, 8979418.031498374417424 ], [ 771589.757851659087464, 8979418.202386612072587 ], [ 771589.649775347090326, 8979418.385801738128066 ], [ 771589.561807142337784, 8979418.579665591940284 ], [ 771589.494943759636953, 8979418.781781613826752 ], [ 771589.449942787759937, 8979418.989859750494361 ], [ 771589.427314105909318, 8979419.201542392373085 ], [ 771589.427314105909318, 8979419.414431091398001 ], [ 771589.449942787759937, 8979419.626113733276725 ], [ 771589.494943759636953, 8979419.834191869944334 ], [ 771589.561807142337784, 8979420.036307891830802 ], [ 771589.649775347090326, 8979420.23017174564302 ], [ 771589.757851659087464, 8979420.413586871698499 ], [ 771589.884811530355364, 8979420.584475109353662 ], [ 771590.029216454946436, 8979420.740900222212076 ], [ 771590.189430267317221, 8979420.88108985312283 ], [ 771590.363637681002729, 8979421.003455597907305 ], [ 771590.549864856293425, 8979421.106611002236605 ], [ 771590.746001765015535, 8979421.189387274906039 ], [ 771590.94982609746512, 8979421.250846527516842 ], [ 771591.159028442692943, 8979421.290292404592037 ], [ 771591.371238454361446, 8979421.307277964428067 ], [ 771591.584051708341576, 8979421.301610756665468 ], [ 771591.795056945411488, 8979421.273354990407825 ], [ 771592.00186339195352, 8979421.222830818966031 ], [ 771592.202127848169766, 8979421.150610698387027 ], [ 771592.393581237876788, 8979421.057512911036611 ], [ 771592.574054317665286, 8979420.944592293351889 ], [ 771592.74150225543417, 8979420.813128281384706 ], [ 771592.894027799018659, 8979420.664610413834453 ], [ 771593.029902773094364, 8979420.500721458345652 ], [ 771593.147587660001591, 8979420.323318341746926 ], [ 771593.245749042951502, 8979420.134411113336682 ], [ 771593.323274714173749, 8979419.936140166595578 ], [ 771593.379286276875064, 8979419.730751989409328 ], [ 771593.413149097701535, 8979419.52057371288538 ], [ 771593.424479497247376, 8979419.307986741885543 ] ] ] ] } },
{ "type": "Feature", "properties": { "LAYER": "0", "GM_TYPE": "Unknown Area Type", "ELEVATION": 0 }, "geometry": { "type": "MultiPolygon", "coordinates": [ [ [ [ 772203.674501106608659, 8982146.657585348933935 ], [ 772203.674501106608659, 8982150.65758534707129 ], [ 772207.674501106492244, 8982150.65758534707129 ], [ 772207.674501106492244, 8982146.657585348933935 ], [ 772203.674501106608659, 8982146.657585348933935 ] ] ] ] } },
{ "type": "Feature", "properties": { "LAYER": "0", "GM_TYPE": "Unknown Area Type", "ELEVATION": 0 }, "geometry": { "type": "MultiPolygon", "coordinates": [ [ [ [ 772191.738993605249561, 8981941.339317431673408 ], [ 772191.738993605249561, 8981945.339317431673408 ], [ 772195.738993605249561, 8981945.339317431673408 ], [ 772195.738993605249561, 8981941.339317431673408 ], [ 772191.738993605249561, 8981941.339317431673408 ] ] ] ] } },
{ "type": "Feature", "properties": { "LAYER": "0", "GM_TYPE": "Unknown Area Type", "ELEVATION": 0 }, "geometry": { "type": "MultiPolygon", "coordinates": [ [ [ [ 772185.854577933438122, 8981733.194724500179291 ], [ 772185.843247533892281, 8981732.982137529179454 ], [ 772185.809384713065811, 8981732.771959252655506 ], [ 772185.753373150364496, 8981732.566571075469255 ], [ 772185.675847479142249, 8981732.368300128728151 ], [ 772185.577686096192338, 8981732.179392900317907 ], [ 772185.46000120928511, 8981732.001989783719182 ], [ 772185.324126235209405, 8981731.838100828230381 ], [ 772185.171600691624917, 8981731.689582960680127 ], [ 772185.004152753856033, 8981731.558118948712945 ], [ 772184.823679674067535, 8981731.445198331028223 ], [ 772184.632226284360513, 8981731.352100543677807 ], [ 772184.431961828144267, 8981731.279880423098803 ], [ 772184.225155381602235, 8981731.229356251657009 ], [ 772184.014150144532323, 8981731.201100485399365 ], [ 772183.801336890552193, 8981731.195433277636766 ], [ 772183.58912687888369, 8981731.212418837472796 ], [ 772183.379924533655867, 8981731.251864714547992 ], [ 772183.176100201206282, 8981731.313323967158794 ], [ 772182.979963292484172, 8981731.396100239828229 ], [ 772182.793736117193475, 8981731.499255644157529 ], [ 772182.619528703507967, 8981731.621621388942003 ], [ 772182.459314891137183, 8981731.761811019852757 ], [ 772182.314909966546111, 8981731.918236132711172 ], [ 772182.187950095278211, 8981732.089124370366335 ], [ 772182.079873783281073, 8981732.272539496421814 ], [ 772181.991905578528531, 8981732.466403350234032 ], [ 772181.9250421958277, 8981732.6685193721205 ], [ 772181.880041223950684, 8981732.876597508788109 ], [ 772181.857412542100064, 8981733.088280150666833 ], [ 772181.857412542100064, 8981733.301168849691749 ], [ 772181.880041223950684, 8981733.512851491570473 ], [ 772181.9250421958277, 8981733.720929628238082 ], [ 772181.991905578528531, 8981733.92304565012455 ], [ 772182.079873783281073, 8981734.116909503936768 ], [ 772182.187950095278211, 8981734.300324629992247 ], [ 772182.314909966546111, 8981734.471212867647409 ], [ 772182.459314891137183, 8981734.627637980505824 ], [ 772182.619528703507967, 8981734.767827611416578 ], [ 772182.793736117193475, 8981734.890193356201053 ], [ 772182.979963292484172, 8981734.993348760530353 ], [ 772183.176100201206282, 8981735.076125033199787 ], [ 772183.379924533655867, 8981735.13758428581059 ], [ 772183.58912687888369, 8981735.177030162885785 ], [ 772183.801336890552193, 8981735.194015722721815 ], [ 772184.014150144532323, 8981735.188348514959216 ], [ 772184.225155381602235, 8981735.160092748701572 ], [ 772184.431961828144267, 8981735.109568577259779 ], [ 772184.632226284360513, 8981735.037348456680775 ], [ 772184.823679674067535, 8981734.944250669330359 ], [ 772185.004152753856033, 8981734.831330051645637 ], [ 772185.171600691624917, 8981734.699866039678454 ], [ 772185.324126235209405, 8981734.551348172128201 ], [ 772185.46000120928511, 8981734.3874592166394 ], [ 772185.577686096192338, 8981734.210056100040674 ], [ 772185.675847479142249, 8981734.02114887163043 ], [ 772185.753373150364496, 8981733.822877924889326 ], [ 772185.809384713065811, 8981733.617489747703075 ], [ 772185.843247533892281, 8981733.407311471179128 ], [ 772185.854577933438122, 8981733.194724500179291 ] ] ] ] } },
{ "type": "Feature", "properties": { "LAYER": "0", "GM_TYPE": "Unknown Area Type", "ELEVATION": 22 }, "geometry": { "type": "MultiPolygon", "coordinates": [ [ [ [ 772637.867759500048123, 8982625.151677906513214 ], [ 772637.856429100502282, 8982624.939090935513377 ], [ 772637.822566279675812, 8982624.728912658989429 ], [ 772637.766554716974497, 8982624.523524481803179 ], [ 772637.68902904575225, 8982624.325253535062075 ], [ 772637.590867662802339, 8982624.136346306651831 ], [ 772637.473182775895111, 8982623.958943190053105 ], [ 772637.337307801819406, 8982623.795054234564304 ], [ 772637.184782258234918, 8982623.64653636701405 ], [ 772637.017334320466034, 8982623.515072355046868 ], [ 772636.836861240677536, 8982623.402151737362146 ], [ 772636.645407850970514, 8982623.30905395001173 ], [ 772636.445143394754268, 8982623.236833829432726 ], [ 772636.238336948212236, 8982623.186309657990932 ], [ 772636.027331711142324, 8982623.158053891733289 ], [ 772635.814518457162194, 8982623.15238668397069 ], [ 772635.602308445493691, 8982623.16937224380672 ], [ 772635.393106100265868, 8982623.208818120881915 ], [ 772635.189281767816283, 8982623.270277373492718 ], [ 772634.993144859094173, 8982623.353053646162152 ], [ 772634.806917683803476, 8982623.456209050491452 ], [ 772634.632710270117968, 8982623.578574795275927 ], [ 772634.472496457747184, 8982623.718764426186681 ], [ 772634.328091533156112, 8982623.875189539045095 ], [ 772634.201131661888212, 8982624.046077776700258 ], [ 772634.093055349891074, 8982624.229492902755737 ], [ 772634.005087145138532, 8982624.423356756567955 ], [ 772633.938223762437701, 8982624.625472778454423 ], [ 772633.893222790560685, 8982624.833550915122032 ], [ 772633.870594108710065, 8982625.045233557000756 ], [ 772633.870594108710065, 8982625.258122256025672 ], [ 772633.893222790560685, 8982625.469804897904396 ], [ 772633.938223762437701, 8982625.677883034572005 ], [ 772634.005087145138532, 8982625.879999056458473 ], [ 772634.093055349891074, 8982626.073862910270691 ], [ 772634.201131661888212, 8982626.25727803632617 ], [ 772634.328091533156112, 8982626.428166273981333 ], [ 772634.472496457747184, 8982626.584591386839747 ], [ 772634.632710270117968, 8982626.724781017750502 ], [ 772634.806917683803476, 8982626.847146762534976 ], [ 772634.993144859094173, 8982626.950302166864276 ], [ 772635.189281767816283, 8982627.03307843953371 ], [ 772635.393106100265868, 8982627.094537692144513 ], [ 772635.602308445493691, 8982627.133983569219708 ], [ 772635.814518457162194, 8982627.150969129055738 ], [ 772636.027331711142324, 8982627.145301921293139 ], [ 772636.238336948212236, 8982627.117046155035496 ], [ 772636.445143394754268, 8982627.066521983593702 ], [ 772636.645407850970514, 8982626.994301863014698 ], [ 772636.836861240677536, 8982626.901204075664282 ], [ 772637.017334320466034, 8982626.78828345797956 ], [ 772637.184782258234918, 8982626.656819446012378 ], [ 772637.337307801819406, 8982626.508301578462124 ], [ 772637.473182775895111, 8982626.344412622973323 ], [ 772637.590867662802339, 8982626.167009506374598 ], [ 772637.68902904575225, 8982625.978102277964354 ], [ 772637.766554716974497, 8982625.779831331223249 ], [ 772637.822566279675812, 8982625.574443154036999 ], [ 772637.856429100502282, 8982625.364264877513051 ], [ 772637.867759500048123, 8982625.151677906513214 ] ] ] ] } },
{ "type": "Feature", "properties": { "LAYER": "0", "GM_TYPE": "Unknown Area Type", "ELEVATION": 0 }, "geometry": { "type": "MultiPolygon", "coordinates": [ [ [ [ 772645.054817897733301, 8982623.097980439662933 ], [ 772645.054817897733301, 8982627.097980439662933 ], [ 772649.054817897616886, 8982627.097980439662933 ], [ 772649.054817897616886, 8982623.097980439662933 ], [ 772645.054817897733301, 8982623.097980439662933 ] ] ] ] } },
{ "type": "Feature", "properties": { "LAYER": "0", "GM_TYPE": "Unknown Area Type", "ELEVATION": 0 }, "geometry": { "type": "MultiPolygon", "coordinates": [ [ [ [ 773861.025518260663375, 8983919.768301885575056 ], [ 773857.756592405843548, 8983922.073540214449167 ], [ 773860.061830734601244, 8983925.342466067522764 ], [ 773863.330756589537486, 8983923.037227738648653 ], [ 773861.025518260663375, 8983919.768301885575056 ] ] ] ] } },
{ "type": "Feature", "properties": { "LAYER": "0", "GM_TYPE": "Unknown Area Type", "ELEVATION": 0 }, "geometry": { "type": "MultiPolygon", "coordinates": [ [ [ [ 773344.85903726995457, 8983544.925720209255815 ], [ 773341.590111415134743, 8983547.230958538129926 ], [ 773343.895349743892439, 8983550.499884391203523 ], [ 773347.164275598828681, 8983548.194646062329412 ], [ 773344.85903726995457, 8983544.925720209255815 ] ] ] ] } }
]
}
