{
"type": "FeatureCollection",
"name": "09_oe_po_ket",
"crs": { "type": "name", "properties": { "name": "urn:ogc:def:crs:EPSG::32751" } },
"features": [
{ "type": "Feature", "properties": { "NAME": "as sal", "LAYER": "Ket", "GM_TYPE": "Text", "ELEVATION": 0 }, "geometry": { "type": "Point", "coordinates": [ 778057.875998173141852, 8983579.984257763251662 ] } },
{ "type": "Feature", "properties": { "NAME": "as sal", "LAYER": "Ket", "GM_TYPE": "Text", "ELEVATION": 0 }, "geometry": { "type": "Point", "coordinates": [ 778053.532364996033721, 8983585.324356133118272 ] } },
{ "type": "Feature", "properties": { "NAME": "aliran tgl 28 Peb 09", "LAYER": "Ket", "GM_TYPE": "Text", "ELEVATION": 0 }, "geometry": { "type": "Point", "coordinates": [ 778190.292647733003832, 8983412.056102463975549 ] } },
{ "type": "Feature", "properties": { "NAME": "aliran tgl 28 Peb 09", "LAYER": "Ket", "GM_TYPE": "Text", "ELEVATION": 0 }, "geometry": { "type": "Point", "coordinates": [ 778205.162624235963449, 8983393.129978744313121 ] } },
{ "type": "Feature", "properties": { "NAME": "aliran tgl 28 Peb 09", "LAYER": "Ket", "GM_TYPE": "Text", "ELEVATION": 0 }, "geometry": { "type": "Point", "coordinates": [ 778263.302187147201039, 8983319.146793384104967 ] } },
{ "type": "Feature", "properties": { "NAME": "aliran tgl 28 Peb 09", "LAYER": "Ket", "GM_TYPE": "Text", "ELEVATION": 0 }, "geometry": { "type": "Point", "coordinates": [ 778290.944146644091234, 8983283.958567593246698 ] } },
{ "type": "Feature", "properties": { "NAME": "as al", "LAYER": "Ket", "GM_TYPE": "Text", "ELEVATION": 0 }, "geometry": { "type": "Point", "coordinates": [ 778308.259455702849664, 8983261.927129454910755 ] } },
{ "type": "Feature", "properties": { "NAME": "as", "LAYER": "Ket", "GM_TYPE": "Text", "ELEVATION": 0 }, "geometry": { "type": "Point", "coordinates": [ 778018.815642051049508, 8983550.60728951357305 ] } },
{ "type": "Feature", "properties": { "NAME": "aliran tgl 28 Peb 09", "LAYER": "Ket", "GM_TYPE": "Text", "ELEVATION": 0 }, "geometry": { "type": "Point", "coordinates": [ 778229.602768111042678, 8983280.119055662304163 ] } },
{ "type": "Feature", "properties": { "NAME": "aliran tgl 28 Peb 09", "LAYER": "Ket", "GM_TYPE": "Text", "ELEVATION": 0 }, "geometry": { "type": "Point", "coordinates": [ 778265.241321997949854, 8983234.475848654285073 ] } },
{ "type": "Feature", "properties": { "NAME": "tp kl", "LAYER": "Ket", "GM_TYPE": "Text", "ELEVATION": 0 }, "geometry": { "type": "Point", "coordinates": [ 778051.538642585044727, 8983426.949805164709687 ] } },
{ "type": "Feature", "properties": { "NAME": "tp kl", "LAYER": "Ket", "GM_TYPE": "Text", "ELEVATION": 0 }, "geometry": { "type": "Point", "coordinates": [ 778054.202546082087792, 8983422.873889073729515 ] } },
{ "type": "Feature", "properties": { "NAME": "aliran tgl 28 Peb 09", "LAYER": "Ket", "GM_TYPE": "Text", "ELEVATION": 0 }, "geometry": { "type": "Point", "coordinates": [ 778178.288014490157366, 8983258.290100263431668 ] } },
{ "type": "Feature", "properties": { "NAME": "tp kl", "LAYER": "Ket", "GM_TYPE": "Text", "ELEVATION": 0 }, "geometry": { "type": "Point", "coordinates": [ 778227.155434437911026, 8983198.801247993484139 ] } },
{ "type": "Feature", "properties": { "NAME": "aliran tgl 28 Peb 09", "LAYER": "Ket", "GM_TYPE": "Text", "ELEVATION": 0 }, "geometry": { "type": "Point", "coordinates": [ 778226.165007557021454, 8983200.381473183631897 ] } },
{ "type": "Feature", "properties": { "NAME": "aliran tgl 28 Peb 09", "LAYER": "Ket", "GM_TYPE": "Text", "ELEVATION": 0 }, "geometry": { "type": "Point", "coordinates": [ 778225.542458637151867, 8983199.823355633765459 ] } },
{ "type": "Feature", "properties": { "NAME": "brjg", "LAYER": "Ket", "GM_TYPE": "Text", "ELEVATION": 0 }, "geometry": { "type": "Point", "coordinates": [ 777998.943190564052202, 8983416.319546913728118 ] } },
{ "type": "Feature", "properties": { "NAME": "brjg", "LAYER": "Ket", "GM_TYPE": "Text", "ELEVATION": 0 }, "geometry": { "type": "Point", "coordinates": [ 777999.002845786977559, 8983416.238418325781822 ] } },
{ "type": "Feature", "properties": { "NAME": "aliran tgl 28 Peb 09", "LAYER": "Ket", "GM_TYPE": "Text", "ELEVATION": 0 }, "geometry": { "type": "Point", "coordinates": [ 778230.053206089069135, 8983279.200417073443532 ] } },
{ "type": "Feature", "properties": { "NAME": "aliran tgl 28 Peb 09", "LAYER": "Ket", "GM_TYPE": "Text", "ELEVATION": 0 }, "geometry": { "type": "Point", "coordinates": [ 778281.223218852188438, 8983261.45582128316164 ] } },
{ "type": "Feature", "properties": { "NAME": "tp kl", "LAYER": "Ket", "GM_TYPE": "Text", "ELEVATION": 0 }, "geometry": { "type": "Point", "coordinates": [ 778283.035267202067189, 8983261.356666604056954 ] } },
{ "type": "Feature", "properties": { "NAME": "tp kl", "LAYER": "Ket", "GM_TYPE": "Text", "ELEVATION": 0 }, "geometry": { "type": "Point", "coordinates": [ 778283.24111303279642, 8983261.462049202993512 ] } },
{ "type": "Feature", "properties": { "NAME": "as sal", "LAYER": "Ket", "GM_TYPE": "Text", "ELEVATION": 0 }, "geometry": { "type": "Point", "coordinates": [ 778313.20845640799962, 8983246.906903153285384 ] } },
{ "type": "Feature", "properties": { "NAME": "brjg", "LAYER": "Ket", "GM_TYPE": "Text", "ELEVATION": 0 }, "geometry": { "type": "Point", "coordinates": [ 777983.822140151984058, 8983369.044237211346626 ] } },
{ "type": "Feature", "properties": { "NAME": "aliran tgl 28 Peb 09", "LAYER": "Ket", "GM_TYPE": "Text", "ELEVATION": 0 }, "geometry": { "type": "Point", "coordinates": [ 778211.952963289106265, 8983269.448708824813366 ] } },
{ "type": "Feature", "properties": { "NAME": "aliran tgl 28 Peb 09", "LAYER": "Ket", "GM_TYPE": "Text", "ELEVATION": 0 }, "geometry": { "type": "Point", "coordinates": [ 778272.367774495156482, 8983246.178830841556191 ] } },
{ "type": "Feature", "properties": { "NAME": "brj", "LAYER": "Ket", "GM_TYPE": "Text", "ELEVATION": 0 }, "geometry": { "type": "Point", "coordinates": [ 777979.528727589873597, 8983361.249606063589454 ] } },
{ "type": "Feature", "properties": { "NAME": "tp kl", "LAYER": "Ket", "GM_TYPE": "Text", "ELEVATION": 0 }, "geometry": { "type": "Point", "coordinates": [ 778306.482406720984727, 8983232.528116093948483 ] } },
{ "type": "Feature", "properties": { "NAME": "as kl", "LAYER": "Ket", "GM_TYPE": "Text", "ELEVATION": 0 }, "geometry": { "type": "Point", "coordinates": [ 778316.796391102019697, 8983228.408096544444561 ] } },
{ "type": "Feature", "properties": { "NAME": "as kl", "LAYER": "Ket", "GM_TYPE": "Text", "ELEVATION": 0 }, "geometry": { "type": "Point", "coordinates": [ 778316.702923231991008, 8983228.308125553652644 ] } },
{ "type": "Feature", "properties": { "NAME": "tp kl", "LAYER": "Ket", "GM_TYPE": "Text", "ELEVATION": 0 }, "geometry": { "type": "Point", "coordinates": [ 778324.75690153602045, 8983224.454768603667617 ] } },
{ "type": "Feature", "properties": { "NAME": "as jln msk", "LAYER": "Ket", "GM_TYPE": "Text", "ELEVATION": 0 }, "geometry": { "type": "Point", "coordinates": [ 777967.645561082987115, 8983376.087512563914061 ] } },
{ "type": "Feature", "properties": { "NAME": "aliran", "LAYER": "Ket", "GM_TYPE": "Text", "ELEVATION": 0 }, "geometry": { "type": "Point", "coordinates": [ 778088.713758602039889, 8983271.245001723989844 ] } },
{ "type": "Feature", "properties": { "NAME": "as sal", "LAYER": "Ket", "GM_TYPE": "Text", "ELEVATION": 0 }, "geometry": { "type": "Point", "coordinates": [ 777956.283865184057504, 8983292.060231814160943 ] } },
{ "type": "Feature", "properties": { "NAME": "as sal", "LAYER": "Ket", "GM_TYPE": "Text", "ELEVATION": 0 }, "geometry": { "type": "Point", "coordinates": [ 777955.275664772954769, 8983294.134377973154187 ] } },
{ "type": "Feature", "properties": { "NAME": "as sal", "LAYER": "Ket", "GM_TYPE": "Text", "ELEVATION": 0 }, "geometry": { "type": "Point", "coordinates": [ 777957.65103829302825, 8983295.098740354180336 ] } },
{ "type": "Feature", "properties": { "NAME": "as sal", "LAYER": "Ket", "GM_TYPE": "Text", "ELEVATION": 0 }, "geometry": { "type": "Point", "coordinates": [ 777958.684312249068171, 8983293.061993034556508 ] } },
{ "type": "Feature", "properties": { "NAME": "as pgrs", "LAYER": "Ket", "GM_TYPE": "Text", "ELEVATION": 0 }, "geometry": { "type": "Point", "coordinates": [ 777960.632595972041599, 8983290.92387218400836 ] } },
{ "type": "Feature", "properties": { "NAME": "dex pgrs", "LAYER": "Ket", "GM_TYPE": "Text", "ELEVATION": 0 }, "geometry": { "type": "Point", "coordinates": [ 777964.353619058034383, 8983290.209501355886459 ] } },
{ "type": "Feature", "properties": { "NAME": "DEX.BNG.", "LAYER": "Ket", "GM_TYPE": "Text", "ELEVATION": 0 }, "geometry": { "type": "Point", "coordinates": [ 777959.350227719987743, 8983292.352783614769578 ] } },
{ "type": "Feature", "properties": { "NAME": "DEX.BNG.", "LAYER": "Ket", "GM_TYPE": "Text", "ELEVATION": 0 }, "geometry": { "type": "Point", "coordinates": [ 777952.728640377987176, 8983289.211603056639433 ] } },
{ "type": "Feature", "properties": { "NAME": "DEX.BNG.", "LAYER": "Ket", "GM_TYPE": "Text", "ELEVATION": 0 }, "geometry": { "type": "Point", "coordinates": [ 777958.446458435966633, 8983294.545357564464211 ] } },
{ "type": "Feature", "properties": { "NAME": "AS.SL.BG", "LAYER": "Ket", "GM_TYPE": "Text", "ELEVATION": 0 }, "geometry": { "type": "Point", "coordinates": [ 777950.980631927843206, 8983289.138981016352773 ] } },
{ "type": "Feature", "properties": { "NAME": "tp kl", "LAYER": "Ket", "GM_TYPE": "Text", "ELEVATION": 0 }, "geometry": { "type": "Point", "coordinates": [ 777900.191526046022773, 8983190.368334084749222 ] } },
{ "type": "Feature", "properties": { "NAME": "air", "LAYER": "Ket", "GM_TYPE": "Text", "ELEVATION": 0 }, "geometry": { "type": "Point", "coordinates": [ 777954.577094079111703, 8983163.176714953035116 ] } },
{ "type": "Feature", "properties": { "NAME": "tb kl", "LAYER": "Ket", "GM_TYPE": "Text", "ELEVATION": 0 }, "geometry": { "type": "Point", "coordinates": [ 777875.973381815012544, 8983202.401682181283832 ] } },
{ "type": "Feature", "properties": { "NAME": "tp kl", "LAYER": "Ket", "GM_TYPE": "Text", "ELEVATION": 0 }, "geometry": { "type": "Point", "coordinates": [ 777875.281620809226297, 8983202.692972933873534 ] } },
{ "type": "Feature", "properties": { "NAME": "tp kl", "LAYER": "Ket", "GM_TYPE": "Text", "ELEVATION": 0 }, "geometry": { "type": "Point", "coordinates": [ 777870.45584036805667, 8983204.839091653004289 ] } },
{ "type": "Feature", "properties": { "NAME": "tb kl", "LAYER": "Ket", "GM_TYPE": "Text", "ELEVATION": 0 }, "geometry": { "type": "Point", "coordinates": [ 777869.575711732031778, 8983205.089240893721581 ] } },
{ "type": "Feature", "properties": { "NAME": "tb kl", "LAYER": "Ket", "GM_TYPE": "Text", "ELEVATION": 0 }, "geometry": { "type": "Point", "coordinates": [ 777853.235625445959158, 8983213.721183864399791 ] } },
{ "type": "Feature", "properties": { "NAME": "as sal", "LAYER": "Ket", "GM_TYPE": "Text", "ELEVATION": 0 }, "geometry": { "type": "Point", "coordinates": [ 777850.383814411005005, 8983215.240968853235245 ] } },
{ "type": "Feature", "properties": { "NAME": "penguras", "LAYER": "Ket", "GM_TYPE": "Text", "ELEVATION": 0 }, "geometry": { "type": "Point", "coordinates": [ 777859.796673050965182, 8983155.348524024710059 ] } },
{ "type": "Feature", "properties": { "NAME": "tp kl", "LAYER": "Ket", "GM_TYPE": "Text", "ELEVATION": 0 }, "geometry": { "type": "Point", "coordinates": [ 777874.893811577931046, 8983147.053067373111844 ] } },
{ "type": "Feature", "properties": { "NAME": "tp kl", "LAYER": "Ket", "GM_TYPE": "Text", "ELEVATION": 0 }, "geometry": { "type": "Point", "coordinates": [ 777875.591207150020637, 8983146.668436063453555 ] } },
{ "type": "Feature", "properties": { "NAME": "tp kl", "LAYER": "Ket", "GM_TYPE": "Text", "ELEVATION": 0 }, "geometry": { "type": "Point", "coordinates": [ 777879.345956369070336, 8983144.597463294863701 ] } },
{ "type": "Feature", "properties": { "NAME": "aliran tgl 28 Peb 09", "LAYER": "Ket", "GM_TYPE": "Text", "ELEVATION": 0 }, "geometry": { "type": "Point", "coordinates": [ 777882.263798514846712, 8983145.89139124378562 ] } },
{ "type": "Feature", "properties": { "NAME": "aliran tgl 28 Peb 09", "LAYER": "Ket", "GM_TYPE": "Text", "ELEVATION": 0 }, "geometry": { "type": "Point", "coordinates": [ 777897.586966471862979, 8983134.581437034532428 ] } },
{ "type": "Feature", "properties": { "NAME": "tp kl", "LAYER": "Ket", "GM_TYPE": "Text", "ELEVATION": 0 }, "geometry": { "type": "Point", "coordinates": [ 777951.327631530934013, 8983104.658859675750136 ] } },
{ "type": "Feature", "properties": { "NAME": "tp kl", "LAYER": "Ket", "GM_TYPE": "Text", "ELEVATION": 0 }, "geometry": { "type": "Point", "coordinates": [ 777954.74282720091287, 8983102.887336626648903 ] } },
{ "type": "Feature", "properties": { "NAME": "akhir jbtn", "LAYER": "Ket", "GM_TYPE": "Text", "ELEVATION": 0 }, "geometry": { "type": "Point", "coordinates": [ 777859.146780552109703, 8983159.153969073668122 ] } },
{ "type": "Feature", "properties": { "NAME": "akhir jbtn", "LAYER": "Ket", "GM_TYPE": "Text", "ELEVATION": 0 }, "geometry": { "type": "Point", "coordinates": [ 777858.200336460140534, 8983163.559791805222631 ] } },
{ "type": "Feature", "properties": { "NAME": "awal jbtn", "LAYER": "Ket", "GM_TYPE": "Text", "ELEVATION": 0 }, "geometry": { "type": "Point", "coordinates": [ 777855.711227779858746, 8983160.324642714112997 ] } },
{ "type": "Feature", "properties": { "NAME": "tp jln", "LAYER": "Ket", "GM_TYPE": "Text", "ELEVATION": 0 }, "geometry": { "type": "Point", "coordinates": [ 777840.861411079065874, 8983165.836706984788179 ] } },
{ "type": "Feature", "properties": { "NAME": "tp jln", "LAYER": "Ket", "GM_TYPE": "Text", "ELEVATION": 0 }, "geometry": { "type": "Point", "coordinates": [ 777839.12894216098357, 8983166.79810874350369 ] } },
{ "type": "Feature", "properties": { "NAME": "as sal", "LAYER": "Ket", "GM_TYPE": "Text", "ELEVATION": 0 }, "geometry": { "type": "Point", "coordinates": [ 777788.893500654958189, 8983194.485833294689655 ] } },
{ "type": "Feature", "properties": { "NAME": "as penguras", "LAYER": "Ket", "GM_TYPE": "Text", "ELEVATION": 0 }, "geometry": { "type": "Point", "coordinates": [ 777860.567179415025748, 8983143.490840714424849 ] } },
{ "type": "Feature", "properties": { "NAME": "as sal", "LAYER": "Ket", "GM_TYPE": "Text", "ELEVATION": 0 }, "geometry": { "type": "Point", "coordinates": [ 777840.817290545906872, 8983154.371989324688911 ] } },
{ "type": "Feature", "properties": { "NAME": "tp jln", "LAYER": "Ket", "GM_TYPE": "Text", "ELEVATION": 0 }, "geometry": { "type": "Point", "coordinates": [ 777837.751179152051918, 8983156.061837973073125 ] } },
{ "type": "Feature", "properties": { "NAME": "tp jln", "LAYER": "Ket", "GM_TYPE": "Text", "ELEVATION": 0 }, "geometry": { "type": "Point", "coordinates": [ 777833.950668902951293, 8983158.155936861410737 ] } },
{ "type": "Feature", "properties": { "NAME": "as sal", "LAYER": "Ket", "GM_TYPE": "Text", "ELEVATION": 0 }, "geometry": { "type": "Point", "coordinates": [ 777794.019166794139892, 8983179.962922863662243 ] } },
{ "type": "Feature", "properties": { "NAME": "as sal", "LAYER": "Ket", "GM_TYPE": "Text", "ELEVATION": 0 }, "geometry": { "type": "Point", "coordinates": [ 777785.757601734949276, 8983184.516091153025627 ] } },
{ "type": "Feature", "properties": { "NAME": "tp kl", "LAYER": "Ket", "GM_TYPE": "Text", "ELEVATION": 0 }, "geometry": { "type": "Point", "coordinates": [ 777870.757776587968692, 8983137.916248133406043 ] } },
{ "type": "Feature", "properties": { "NAME": "aliran tgl 28 peb 09", "LAYER": "Ket", "GM_TYPE": "Text", "ELEVATION": 0 }, "geometry": { "type": "Point", "coordinates": [ 777873.9983261579182, 8983136.213611505925655 ] } },
{ "type": "Feature", "properties": { "NAME": "aliran tgl 28 peb 09", "LAYER": "Ket", "GM_TYPE": "Text", "ELEVATION": 0 }, "geometry": { "type": "Point", "coordinates": [ 777885.807323302142322, 8983129.803848266601562 ] } },
{ "type": "Feature", "properties": { "NAME": "tp kl", "LAYER": "Ket", "GM_TYPE": "Text", "ELEVATION": 0 }, "geometry": { "type": "Point", "coordinates": [ 777940.081238120095804, 8983099.608188824728131 ] } },
{ "type": "Feature", "properties": { "NAME": "tp kl", "LAYER": "Ket", "GM_TYPE": "Text", "ELEVATION": 0 }, "geometry": { "type": "Point", "coordinates": [ 777950.092449790914543, 8983093.895082592964172 ] } },
{ "type": "Feature", "properties": { "NAME": "tb pngrs", "LAYER": "Ket", "GM_TYPE": "Text", "ELEVATION": 0 }, "geometry": { "type": "Point", "coordinates": [ 777861.736015132861212, 8983131.635044334456325 ] } },
{ "type": "Feature", "properties": { "NAME": "tp pngrs", "LAYER": "Ket", "GM_TYPE": "Text", "ELEVATION": 0 }, "geometry": { "type": "Point", "coordinates": [ 777864.893967977026477, 8983129.960514744743705 ] } },
{ "type": "Feature", "properties": { "NAME": "tp sal", "LAYER": "Ket", "GM_TYPE": "Text", "ELEVATION": 0 }, "geometry": { "type": "Point", "coordinates": [ 777833.945057470002212, 8983146.458084901794791 ] } },
{ "type": "Feature", "properties": { "NAME": "tp jln", "LAYER": "Ket", "GM_TYPE": "Text", "ELEVATION": 0 }, "geometry": { "type": "Point", "coordinates": [ 777830.057970655849203, 8983148.533750923350453 ] } },
{ "type": "Feature", "properties": { "NAME": "tb al", "LAYER": "Ket", "GM_TYPE": "Text", "ELEVATION": 0 }, "geometry": { "type": "Point", "coordinates": [ 777813.511088300962001, 8983157.373526103794575 ] } },
{ "type": "Feature", "properties": { "NAME": "tp al", "LAYER": "Ket", "GM_TYPE": "Text", "ELEVATION": 0 }, "geometry": { "type": "Point", "coordinates": [ 777811.650893955025822, 8983158.364938734099269 ] } },
{ "type": "Feature", "properties": { "NAME": "tb al", "LAYER": "Ket", "GM_TYPE": "Text", "ELEVATION": 0 }, "geometry": { "type": "Point", "coordinates": [ 777808.132442403002642, 8983160.242913102731109 ] } },
{ "type": "Feature", "properties": { "NAME": "tp aliran tgl 28/2", "LAYER": "Ket", "GM_TYPE": "Text", "ELEVATION": 0 }, "geometry": { "type": "Point", "coordinates": [ 777918.440165463136509, 8983101.465079752728343 ] } },
{ "type": "Feature", "properties": { "NAME": "tp aliran tgl 28/2", "LAYER": "Ket", "GM_TYPE": "Text", "ELEVATION": 0 }, "geometry": { "type": "Point", "coordinates": [ 777927.316577619989403, 8983096.741059634834528 ] } },
{ "type": "Feature", "properties": { "NAME": "tp aliran tgl 28/2", "LAYER": "Ket", "GM_TYPE": "Text", "ELEVATION": 0 }, "geometry": { "type": "Point", "coordinates": [ 777935.406459608115256, 8983092.435630304738879 ] } },
{ "type": "Feature", "properties": { "NAME": "tp kl", "LAYER": "Ket", "GM_TYPE": "Text", "ELEVATION": 0 }, "geometry": { "type": "Point", "coordinates": [ 777946.653785952134058, 8983086.452262923121452 ] } },
{ "type": "Feature", "properties": { "NAME": "tb kl", "LAYER": "Ket", "GM_TYPE": "Text", "ELEVATION": 0 }, "geometry": { "type": "Point", "coordinates": [ 777950.360893716104329, 8983084.47945817373693 ] } },
{ "type": "Feature", "properties": { "NAME": "tb kl", "LAYER": "Ket", "GM_TYPE": "Text", "ELEVATION": 0 }, "geometry": { "type": "Point", "coordinates": [ 777956.847412344068289, 8983081.010926563292742 ] } },
{ "type": "Feature", "properties": { "NAME": "tb kl", "LAYER": "Ket", "GM_TYPE": "Text", "ELEVATION": 0 }, "geometry": { "type": "Point", "coordinates": [ 777963.409110810025595, 8983077.523720933124423 ] } },
{ "type": "Feature", "properties": { "NAME": "tp jln", "LAYER": "Ket", "GM_TYPE": "Text", "ELEVATION": 0 }, "geometry": { "type": "Point", "coordinates": [ 777821.953420437057503, 8983130.988180043175817 ] } },
{ "type": "Feature", "properties": { "NAME": "tp aliran tgl 28/2", "LAYER": "Ket", "GM_TYPE": "Text", "ELEVATION": 0 }, "geometry": { "type": "Point", "coordinates": [ 777855.357619434013031, 8983111.744119893759489 ] } },
{ "type": "Feature", "properties": { "NAME": "tp aliran tgl 28/2", "LAYER": "Ket", "GM_TYPE": "Text", "ELEVATION": 0 }, "geometry": { "type": "Point", "coordinates": [ 777875.558171303127892, 8983099.762420093640685 ] } },
{ "type": "Feature", "properties": { "NAME": "tp aliran tgl 28/2", "LAYER": "Ket", "GM_TYPE": "Text", "ELEVATION": 0 }, "geometry": { "type": "Point", "coordinates": [ 777894.76936669589486, 8983088.36839671432972 ] } },
{ "type": "Feature", "properties": { "NAME": "tp aliran tgl 28/2", "LAYER": "Ket", "GM_TYPE": "Text", "ELEVATION": 0 }, "geometry": { "type": "Point", "coordinates": [ 777902.566097845090553, 8983083.743751723319292 ] } },
{ "type": "Feature", "properties": { "NAME": "as al", "LAYER": "Ket", "GM_TYPE": "Text", "ELEVATION": 0 }, "geometry": { "type": "Point", "coordinates": [ 777807.240547313122079, 8983139.699811743572354 ] } },
{ "type": "Feature", "properties": { "NAME": "as al", "LAYER": "Ket", "GM_TYPE": "Text", "ELEVATION": 0 }, "geometry": { "type": "Point", "coordinates": [ 777788.598499533138238, 8983149.553408663719893 ] } },
{ "type": "Feature", "properties": { "NAME": "tp aliran tgl 28/2", "LAYER": "Ket", "GM_TYPE": "Text", "ELEVATION": 0 }, "geometry": { "type": "Point", "coordinates": [ 777874.977412343025208, 8983070.479799874126911 ] } },
{ "type": "Feature", "properties": { "NAME": "tp jln", "LAYER": "Ket", "GM_TYPE": "Text", "ELEVATION": 0 }, "geometry": { "type": "Point", "coordinates": [ 777829.860081456019543, 8983118.162398794665933 ] } },
{ "type": "Feature", "properties": { "NAME": "tp jln", "LAYER": "Ket", "GM_TYPE": "Text", "ELEVATION": 0 }, "geometry": { "type": "Point", "coordinates": [ 777826.753123345901258, 8983121.446355214342475 ] } },
{ "type": "Feature", "properties": { "NAME": "tp sal", "LAYER": "Ket", "GM_TYPE": "Text", "ELEVATION": 0 }, "geometry": { "type": "Point", "coordinates": [ 777823.51639775687363, 8983124.867010964080691 ] } },
{ "type": "Feature", "properties": { "NAME": "as sal", "LAYER": "Ket", "GM_TYPE": "Text", "ELEVATION": 0 }, "geometry": { "type": "Point", "coordinates": [ 777823.55785507906694, 8983124.823197793215513 ] } },
{ "type": "Feature", "properties": { "NAME": "tp aliran", "LAYER": "Ket", "GM_TYPE": "Text", "ELEVATION": 0 }, "geometry": { "type": "Point", "coordinates": [ 777857.073337610112503, 8983074.94614970125258 ] } },
{ "type": "Feature", "properties": { "NAME": "tp aliran", "LAYER": "Ket", "GM_TYPE": "Text", "ELEVATION": 0 }, "geometry": { "type": "Point", "coordinates": [ 777918.305930695962161, 8983009.789148103445768 ] } },
{ "type": "Feature", "properties": { "NAME": "tp aliran", "LAYER": "Ket", "GM_TYPE": "Text", "ELEVATION": 0 }, "geometry": { "type": "Point", "coordinates": [ 777920.152148640132509, 8983007.797452714294195 ] } },
{ "type": "Feature", "properties": { "NAME": "as", "LAYER": "Ket", "GM_TYPE": "Text", "ELEVATION": 0 }, "geometry": { "type": "Point", "coordinates": [ 777802.393802762846462, 8983133.962591605260968 ] } },
{ "type": "Feature", "properties": { "NAME": "as", "LAYER": "Ket", "GM_TYPE": "Text", "ELEVATION": 0 }, "geometry": { "type": "Point", "coordinates": [ 777797.992202019086108, 8983138.524904545396566 ] } },
{ "type": "Feature", "properties": { "NAME": "as", "LAYER": "Ket", "GM_TYPE": "Text", "ELEVATION": 0 }, "geometry": { "type": "Point", "coordinates": [ 777791.717097759945318, 8983146.261278234422207 ] } },
{ "type": "Feature", "properties": { "NAME": "sal", "LAYER": "Ket", "GM_TYPE": "Text", "ELEVATION": 0 }, "geometry": { "type": "Point", "coordinates": [ 777790.900831007049419, 8983151.763461405411363 ] } },
{ "type": "Feature", "properties": { "NAME": "sal", "LAYER": "Ket", "GM_TYPE": "Text", "ELEVATION": 0 }, "geometry": { "type": "Point", "coordinates": [ 777788.633548492914997, 8983155.124341394752264 ] } },
{ "type": "Feature", "properties": { "NAME": "tp kl", "LAYER": "Ket", "GM_TYPE": "Text", "ELEVATION": 0 }, "geometry": { "type": "Point", "coordinates": [ 777826.569742900901474, 8983092.592751864343882 ] } },
{ "type": "Feature", "properties": { "NAME": "tp kl", "LAYER": "Ket", "GM_TYPE": "Text", "ELEVATION": 0 }, "geometry": { "type": "Point", "coordinates": [ 777841.347822872921824, 8983077.602637566626072 ] } },
{ "type": "Feature", "properties": { "NAME": "tp kl", "LAYER": "Ket", "GM_TYPE": "Text", "ELEVATION": 0 }, "geometry": { "type": "Point", "coordinates": [ 777911.689599666860886, 8983002.111169693991542 ] } },
{ "type": "Feature", "properties": { "NAME": "tp kl", "LAYER": "Ket", "GM_TYPE": "Text", "ELEVATION": 0 }, "geometry": { "type": "Point", "coordinates": [ 777913.941488582990132, 8982998.795357763767242 ] } },
{ "type": "Feature", "properties": { "NAME": "as jln", "LAYER": "Ket", "GM_TYPE": "Text", "ELEVATION": 0 }, "geometry": { "type": "Point", "coordinates": [ 777818.626616482972167, 8983101.127364713698626 ] } },
{ "type": "Feature", "properties": { "NAME": "as jln", "LAYER": "Ket", "GM_TYPE": "Text", "ELEVATION": 0 }, "geometry": { "type": "Point", "coordinates": [ 777816.195550381089561, 8983103.807936824858189 ] } },
{ "type": "Feature", "properties": { "NAME": "as sal", "LAYER": "Ket", "GM_TYPE": "Text", "ELEVATION": 0 }, "geometry": { "type": "Point", "coordinates": [ 777811.639046713011339, 8983108.575568102300167 ] } },
{ "type": "Feature", "properties": { "NAME": "as sal", "LAYER": "Ket", "GM_TYPE": "Text", "ELEVATION": 0 }, "geometry": { "type": "Point", "coordinates": [ 777801.880900498945266, 8983119.065821066498756 ] } },
{ "type": "Feature", "properties": { "NAME": "as", "LAYER": "Ket", "GM_TYPE": "Text", "ELEVATION": 0 }, "geometry": { "type": "Point", "coordinates": [ 777795.450884504942223, 8983126.16189556568861 ] } },
{ "type": "Feature", "properties": { "NAME": "tp kl", "LAYER": "Ket", "GM_TYPE": "Text", "ELEVATION": 0 }, "geometry": { "type": "Point", "coordinates": [ 777818.038546902942471, 8983086.976605303585529 ] } },
{ "type": "Feature", "properties": { "NAME": "tp kl", "LAYER": "Ket", "GM_TYPE": "Text", "ELEVATION": 0 }, "geometry": { "type": "Point", "coordinates": [ 777813.768023127922788, 8983082.107441211119294 ] } },
{ "type": "Feature", "properties": { "NAME": "tp kl", "LAYER": "Ket", "GM_TYPE": "Text", "ELEVATION": 0 }, "geometry": { "type": "Point", "coordinates": [ 777822.466662757913582, 8983089.861435253173113 ] } },
{ "type": "Feature", "properties": { "NAME": "tp kl", "LAYER": "Ket", "GM_TYPE": "Text", "ELEVATION": 0 }, "geometry": { "type": "Point", "coordinates": [ 777824.433186557842419, 8983089.004553453996778 ] } },
{ "type": "Feature", "properties": { "NAME": "tp kl", "LAYER": "Ket", "GM_TYPE": "Text", "ELEVATION": 0 }, "geometry": { "type": "Point", "coordinates": [ 777827.742889108019881, 8983076.876224743202329 ] } },
{ "type": "Feature", "properties": { "NAME": "tp kl", "LAYER": "Ket", "GM_TYPE": "Text", "ELEVATION": 0 }, "geometry": { "type": "Point", "coordinates": [ 777835.006236821995117, 8983069.590033654123545 ] } },
{ "type": "Feature", "properties": { "NAME": "tp kl", "LAYER": "Ket", "GM_TYPE": "Text", "ELEVATION": 0 }, "geometry": { "type": "Point", "coordinates": [ 777912.602882171049714, 8982988.327984184026718 ] } },
{ "type": "Feature", "properties": { "NAME": "tp kl", "LAYER": "Ket", "GM_TYPE": "Text", "ELEVATION": 0 }, "geometry": { "type": "Point", "coordinates": [ 777913.537947791046463, 8982987.56589974462986 ] } },
{ "type": "Feature", "properties": { "NAME": "as jln", "LAYER": "Ket", "GM_TYPE": "Text", "ELEVATION": 0 }, "geometry": { "type": "Point", "coordinates": [ 777811.196587380953133, 8983093.962941013276577 ] } },
{ "type": "Feature", "properties": { "NAME": "as sal", "LAYER": "Ket", "GM_TYPE": "Text", "ELEVATION": 0 }, "geometry": { "type": "Point", "coordinates": [ 777807.098879682016559, 8983097.947126524522901 ] } },
{ "type": "Feature", "properties": { "NAME": "as jln", "LAYER": "Ket", "GM_TYPE": "Text", "ELEVATION": 0 }, "geometry": { "type": "Point", "coordinates": [ 777800.895680701010861, 8983104.327606754377484 ] } },
{ "type": "Feature", "properties": { "NAME": "sal", "LAYER": "Ket", "GM_TYPE": "Text", "ELEVATION": 0 }, "geometry": { "type": "Point", "coordinates": [ 777794.620603462914005, 8983110.973611183464527 ] } },
{ "type": "Feature", "properties": { "NAME": "as", "LAYER": "Ket", "GM_TYPE": "Text", "ELEVATION": 0 }, "geometry": { "type": "Point", "coordinates": [ 777794.016962695983239, 8983111.683044284582138 ] } },
{ "type": "Feature", "properties": { "NAME": "as", "LAYER": "Ket", "GM_TYPE": "Text", "ELEVATION": 0 }, "geometry": { "type": "Point", "coordinates": [ 777781.523854209110141, 8983124.330783264711499 ] } },
{ "type": "Feature", "properties": { "NAME": "as", "LAYER": "Ket", "GM_TYPE": "Text", "ELEVATION": 0 }, "geometry": { "type": "Point", "coordinates": [ 777781.283813414978795, 8983124.472655743360519 ] } },
{ "type": "Feature", "properties": { "NAME": "tp aliran tgl 28/2", "LAYER": "Ket", "GM_TYPE": "Text", "ELEVATION": 0 }, "geometry": { "type": "Point", "coordinates": [ 777825.101246884092689, 8983065.278502123430371 ] } },
{ "type": "Feature", "properties": { "NAME": "tp aliran tgl 28/2", "LAYER": "Ket", "GM_TYPE": "Text", "ELEVATION": 0 }, "geometry": { "type": "Point", "coordinates": [ 777827.050667046103626, 8983062.953764604404569 ] } },
{ "type": "Feature", "properties": { "NAME": "tp aliran tgl 28/2", "LAYER": "Ket", "GM_TYPE": "Text", "ELEVATION": 0 }, "geometry": { "type": "Point", "coordinates": [ 777848.709035104140639, 8983040.066921161487699 ] } },
{ "type": "Feature", "properties": { "NAME": "tp aliran tgl 28/2", "LAYER": "Ket", "GM_TYPE": "Text", "ELEVATION": 0 }, "geometry": { "type": "Point", "coordinates": [ 777853.958841077052057, 8983034.519343113526702 ] } },
{ "type": "Feature", "properties": { "NAME": "tp jln", "LAYER": "Ket", "GM_TYPE": "Text", "ELEVATION": 0 }, "geometry": { "type": "Point", "coordinates": [ 777807.327336209127679, 8983083.807451505213976 ] } },
{ "type": "Feature", "properties": { "NAME": "tp jln", "LAYER": "Ket", "GM_TYPE": "Text", "ELEVATION": 0 }, "geometry": { "type": "Point", "coordinates": [ 777805.200731175020337, 8983086.066254543140531 ] } },
{ "type": "Feature", "properties": { "NAME": "as sal", "LAYER": "Ket", "GM_TYPE": "Text", "ELEVATION": 0 }, "geometry": { "type": "Point", "coordinates": [ 777800.051373869995587, 8983091.536007223650813 ] } },
{ "type": "Feature", "properties": { "NAME": "tp jln", "LAYER": "Ket", "GM_TYPE": "Text", "ELEVATION": 0 }, "geometry": { "type": "Point", "coordinates": [ 777797.547214168007486, 8983094.196035664528608 ] } },
{ "type": "Feature", "properties": { "NAME": "tp jln", "LAYER": "Ket", "GM_TYPE": "Text", "ELEVATION": 0 }, "geometry": { "type": "Point", "coordinates": [ 777794.900864240946248, 8983097.007002163678408 ] } },
{ "type": "Feature", "properties": { "NAME": "as sal", "LAYER": "Ket", "GM_TYPE": "Text", "ELEVATION": 0 }, "geometry": { "type": "Point", "coordinates": [ 777792.109991354052909, 8983099.971481705084443 ] } },
{ "type": "Feature", "properties": { "NAME": "as sal", "LAYER": "Ket", "GM_TYPE": "Text", "ELEVATION": 0 }, "geometry": { "type": "Point", "coordinates": [ 777775.944206272950396, 8983117.926725653931499 ] } },
{ "type": "Feature", "properties": { "NAME": "tp sal", "LAYER": "Ket", "GM_TYPE": "Text", "ELEVATION": 0 }, "geometry": { "type": "Point", "coordinates": [ 777803.279495280003175, 8983073.652469394728541 ] } },
{ "type": "Feature", "properties": { "NAME": "tp sal", "LAYER": "Ket", "GM_TYPE": "Text", "ELEVATION": 0 }, "geometry": { "type": "Point", "coordinates": [ 777804.456644345889799, 8983072.408245893195271 ] } },
{ "type": "Feature", "properties": { "NAME": "tb sal", "LAYER": "Ket", "GM_TYPE": "Text", "ELEVATION": 0 }, "geometry": { "type": "Point", "coordinates": [ 777805.272025997051969, 8983071.405567094683647 ] } },
{ "type": "Feature", "properties": { "NAME": "tb sal", "LAYER": "Ket", "GM_TYPE": "Text", "ELEVATION": 0 }, "geometry": { "type": "Point", "coordinates": [ 777806.506156194955111, 8983070.27247922308743 ] } },
{ "type": "Feature", "properties": { "NAME": "tp kl", "LAYER": "Ket", "GM_TYPE": "Text", "ELEVATION": 0 }, "geometry": { "type": "Point", "coordinates": [ 777912.926806594943628, 8982956.700228922069073 ] } },
{ "type": "Feature", "properties": { "NAME": "tp jln", "LAYER": "Ket", "GM_TYPE": "Text", "ELEVATION": 0 }, "geometry": { "type": "Point", "coordinates": [ 777796.347597734071314, 8983081.268419584259391 ] } },
{ "type": "Feature", "properties": { "NAME": "tp jln", "LAYER": "Ket", "GM_TYPE": "Text", "ELEVATION": 0 }, "geometry": { "type": "Point", "coordinates": [ 777792.710761930909939, 8983085.154652543365955 ] } },
{ "type": "Feature", "properties": { "NAME": "dex", "LAYER": "Ket", "GM_TYPE": "Text", "ELEVATION": 0 }, "geometry": { "type": "Point", "coordinates": [ 777796.616556923137978, 8983084.913756484165788 ] } },
{ "type": "Feature", "properties": { "NAME": "as pintu", "LAYER": "Ket", "GM_TYPE": "Text", "ELEVATION": 0 }, "geometry": { "type": "Point", "coordinates": [ 777796.20547718484886, 8983085.319180613383651 ] } },
{ "type": "Feature", "properties": { "NAME": "DEXPNT.B", "LAYER": "Ket", "GM_TYPE": "Text", "ELEVATION": 0 }, "geometry": { "type": "Point", "coordinates": [ 777799.943734369124286, 8983084.133467392995954 ] } },
{ "type": "Feature", "properties": { "NAME": "jbtn", "LAYER": "Ket", "GM_TYPE": "Text", "ELEVATION": 0 }, "geometry": { "type": "Point", "coordinates": [ 777797.043204242945649, 8983082.189424373209476 ] } },
{ "type": "Feature", "properties": { "NAME": "jbtn", "LAYER": "Ket", "GM_TYPE": "Text", "ELEVATION": 0 }, "geometry": { "type": "Point", "coordinates": [ 777793.09411937801633, 8983084.954690702259541 ] } },
{ "type": "Feature", "properties": { "NAME": "jbtn", "LAYER": "Ket", "GM_TYPE": "Text", "ELEVATION": 0 }, "geometry": { "type": "Point", "coordinates": [ 777791.52160385902971, 8983082.500394534319639 ] } },
{ "type": "Feature", "properties": { "NAME": "jbtn", "LAYER": "Ket", "GM_TYPE": "Text", "ELEVATION": 0 }, "geometry": { "type": "Point", "coordinates": [ 777795.234349324950017, 8983079.903210621327162 ] } },
{ "type": "Feature", "properties": { "NAME": "tp kl", "LAYER": "Ket", "GM_TYPE": "Text", "ELEVATION": 0 }, "geometry": { "type": "Point", "coordinates": [ 777782.144436406088062, 8983023.017184574157 ] } },
{ "type": "Feature", "properties": { "NAME": "tp kl", "LAYER": "Ket", "GM_TYPE": "Text", "ELEVATION": 0 }, "geometry": { "type": "Point", "coordinates": [ 777822.797074740054086, 8982981.357955902814865 ] } },
{ "type": "Feature", "properties": { "NAME": "as", "LAYER": "Ket", "GM_TYPE": "Text", "ELEVATION": 0 }, "geometry": { "type": "Point", "coordinates": [ 777763.78522582014557, 8983041.592560874298215 ] } },
{ "type": "Feature", "properties": { "NAME": "as jln", "LAYER": "Ket", "GM_TYPE": "Text", "ELEVATION": 0 }, "geometry": { "type": "Point", "coordinates": [ 777758.613761577056721, 8983047.094818854704499 ] } },
{ "type": "Feature", "properties": { "NAME": "as jln", "LAYER": "Ket", "GM_TYPE": "Text", "ELEVATION": 0 }, "geometry": { "type": "Point", "coordinates": [ 777754.027917796862312, 8983052.054330924525857 ] } },
{ "type": "Feature", "properties": { "NAME": "as jln", "LAYER": "Ket", "GM_TYPE": "Text", "ELEVATION": 0 }, "geometry": { "type": "Point", "coordinates": [ 777738.853987447917461, 8983068.236969821155071 ] } },
{ "type": "Feature", "properties": { "NAME": "tb kl", "LAYER": "Ket", "GM_TYPE": "Text", "ELEVATION": 0 }, "geometry": { "type": "Point", "coordinates": [ 777753.519650919944979, 8982990.973219765350223 ] } },
{ "type": "Feature", "properties": { "NAME": "tp aliran tgl 28/2", "LAYER": "Ket", "GM_TYPE": "Text", "ELEVATION": 0 }, "geometry": { "type": "Point", "coordinates": [ 777796.435886261053383, 8982976.789788883179426 ] } },
{ "type": "Feature", "properties": { "NAME": "tp kl", "LAYER": "Ket", "GM_TYPE": "Text", "ELEVATION": 0 }, "geometry": { "type": "Point", "coordinates": [ 777915.711325904005207, 8982937.370588384568691 ] } },
{ "type": "Feature", "properties": { "NAME": "tb al", "LAYER": "Ket", "GM_TYPE": "Text", "ELEVATION": 0 }, "geometry": { "type": "Point", "coordinates": [ 777716.585266680922359, 8983003.179526733234525 ] } },
{ "type": "Feature", "properties": { "NAME": "tp al", "LAYER": "Ket", "GM_TYPE": "Text", "ELEVATION": 0 }, "geometry": { "type": "Point", "coordinates": [ 777714.609817874152213, 8983003.83334226347506 ] } },
{ "type": "Feature", "properties": { "NAME": "as sal", "LAYER": "Ket", "GM_TYPE": "Text", "ELEVATION": 0 }, "geometry": { "type": "Point", "coordinates": [ 777712.772985607036389, 8983004.438441904261708 ] } },
{ "type": "Feature", "properties": { "NAME": "tp jln", "LAYER": "Ket", "GM_TYPE": "Text", "ELEVATION": 0 }, "geometry": { "type": "Point", "coordinates": [ 777703.703947419067845, 8983007.436658864840865 ] } },
{ "type": "Feature", "properties": { "NAME": "aliran tgl 28 peb 09", "LAYER": "Ket", "GM_TYPE": "Text", "ELEVATION": 0 }, "geometry": { "type": "Point", "coordinates": [ 777776.569089410942979, 8982930.640203043818474 ] } },
{ "type": "Feature", "properties": { "NAME": "tb kl", "LAYER": "Ket", "GM_TYPE": "Text", "ELEVATION": 0 }, "geometry": { "type": "Point", "coordinates": [ 777922.295060797943734, 8982882.495070053264499 ] } },
{ "type": "Feature", "properties": { "NAME": "tb kl", "LAYER": "Ket", "GM_TYPE": "Text", "ELEVATION": 0 }, "geometry": { "type": "Point", "coordinates": [ 777726.15465347096324, 8982891.533914024010301 ] } },
{ "type": "Feature", "properties": { "NAME": "aliran tgl 28 peb 09", "LAYER": "Ket", "GM_TYPE": "Text", "ELEVATION": 0 }, "geometry": { "type": "Point", "coordinates": [ 777785.817534217145294, 8982848.947883404791355 ] } },
{ "type": "Feature", "properties": { "NAME": "tp al", "LAYER": "Ket", "GM_TYPE": "Text", "ELEVATION": 0 }, "geometry": { "type": "Point", "coordinates": [ 777708.407998564071022, 8982880.963961403816938 ] } },
{ "type": "Feature", "properties": { "NAME": "as al", "LAYER": "Ket", "GM_TYPE": "Text", "ELEVATION": 0 }, "geometry": { "type": "Point", "coordinates": [ 777706.954123854055069, 8982878.297346394509077 ] } },
{ "type": "Feature", "properties": { "NAME": "tp al", "LAYER": "Ket", "GM_TYPE": "Text", "ELEVATION": 0 }, "geometry": { "type": "Point", "coordinates": [ 777705.367644984973595, 8982876.082310363650322 ] } },
{ "type": "Feature", "properties": { "NAME": "bts banjir", "LAYER": "Ket", "GM_TYPE": "Text", "ELEVATION": 0 }, "geometry": { "type": "Point", "coordinates": [ 777709.755457989056595, 8982843.107942122966051 ] } },
{ "type": "Feature", "properties": { "NAME": "aliran tgl 28 peb 09", "LAYER": "Ket", "GM_TYPE": "Text", "ELEVATION": 0 }, "geometry": { "type": "Point", "coordinates": [ 777796.11787753214594, 8982781.26453179307282 ] } },
{ "type": "Feature", "properties": { "NAME": "rata", "LAYER": "Ket", "GM_TYPE": "Text", "ELEVATION": 0 }, "geometry": { "type": "Point", "coordinates": [ 778079.662646154989488, 8982570.709837794303894 ] } },
{ "type": "Feature", "properties": { "NAME": "aliran tgl 28 peb 09", "LAYER": "Ket", "GM_TYPE": "Text", "ELEVATION": 0 }, "geometry": { "type": "Point", "coordinates": [ 777710.349645302048884, 8982776.629836492240429 ] } },
{ "type": "Feature", "properties": { "NAME": "aliran tgl 28 peb 09", "LAYER": "Ket", "GM_TYPE": "Text", "ELEVATION": 0 }, "geometry": { "type": "Point", "coordinates": [ 777830.293030495988205, 8982660.320878434926271 ] } },
{ "type": "Feature", "properties": { "NAME": "as sal", "LAYER": "Ket", "GM_TYPE": "Text", "ELEVATION": 0 }, "geometry": { "type": "Point", "coordinates": [ 777710.990538037847728, 8982856.681889286264777 ] } },
{ "type": "Feature", "properties": { "NAME": "as sal", "LAYER": "Ket", "GM_TYPE": "Text", "ELEVATION": 0 }, "geometry": { "type": "Point", "coordinates": [ 777683.275978010962717, 8982836.80699522420764 ] } },
{ "type": "Feature", "properties": { "NAME": "as sal rkyt", "LAYER": "Ket", "GM_TYPE": "Text", "ELEVATION": 0 }, "geometry": { "type": "Point", "coordinates": [ 777651.81843659421429, 8982831.681592602282763 ] } },
{ "type": "Feature", "properties": { "NAME": "as sal", "LAYER": "Ket", "GM_TYPE": "Text", "ELEVATION": 0 }, "geometry": { "type": "Point", "coordinates": [ 777608.949990854947828, 8982868.624156413599849 ] } },
{ "type": "Feature", "properties": { "NAME": "tp kl", "LAYER": "Ket", "GM_TYPE": "Text", "ELEVATION": 0 }, "geometry": { "type": "Point", "coordinates": [ 777688.882218992919661, 8982753.992118725553155 ] } },
{ "type": "Feature", "properties": { "NAME": "tp kl", "LAYER": "Ket", "GM_TYPE": "Text", "ELEVATION": 0 }, "geometry": { "type": "Point", "coordinates": [ 777701.686331780976616, 8982750.877267753705382 ] } },
{ "type": "Feature", "properties": { "NAME": "tp kl", "LAYER": "Ket", "GM_TYPE": "Text", "ELEVATION": 0 }, "geometry": { "type": "Point", "coordinates": [ 777736.488545957952738, 8982742.059044253081083 ] } },
{ "type": "Feature", "properties": { "NAME": "tp kl", "LAYER": "Ket", "GM_TYPE": "Text", "ELEVATION": 0 }, "geometry": { "type": "Point", "coordinates": [ 777800.226879679015838, 8982726.03387938439846 ] } },
{ "type": "Feature", "properties": { "NAME": "tp kl", "LAYER": "Ket", "GM_TYPE": "Text", "ELEVATION": 0 }, "geometry": { "type": "Point", "coordinates": [ 777813.142766547971405, 8982722.863182244822383 ] } },
{ "type": "Feature", "properties": { "NAME": "tp kl", "LAYER": "Ket", "GM_TYPE": "Text", "ELEVATION": 0 }, "geometry": { "type": "Point", "coordinates": [ 777816.139879424124956, 8982722.312151363119483 ] } },
{ "type": "Feature", "properties": { "NAME": "tp kl", "LAYER": "Ket", "GM_TYPE": "Text", "ELEVATION": 0 }, "geometry": { "type": "Point", "coordinates": [ 777625.747587481047958, 8982769.962011994794011 ] } },
{ "type": "Feature", "properties": { "NAME": "tp kl", "LAYER": "Ket", "GM_TYPE": "Text", "ELEVATION": 0 }, "geometry": { "type": "Point", "coordinates": [ 777625.250539382919669, 8982770.17758278362453 ] } },
{ "type": "Feature", "properties": { "NAME": "as sal", "LAYER": "Ket", "GM_TYPE": "Text", "ELEVATION": 0 }, "geometry": { "type": "Point", "coordinates": [ 777599.010108966031112, 8982777.380727153271437 ] } },
{ "type": "Feature", "properties": { "NAME": "as sal", "LAYER": "Ket", "GM_TYPE": "Text", "ELEVATION": 0 }, "geometry": { "type": "Point", "coordinates": [ 777598.149264681036584, 8982777.672785993665457 ] } },
{ "type": "Feature", "properties": { "NAME": "bts banjir", "LAYER": "Ket", "GM_TYPE": "Text", "ELEVATION": 0 }, "geometry": { "type": "Point", "coordinates": [ 777717.648300945875235, 8982695.989421313628554 ] } },
{ "type": "Feature", "properties": { "NAME": "tb sal", "LAYER": "Ket", "GM_TYPE": "Text", "ELEVATION": 0 }, "geometry": { "type": "Point", "coordinates": [ 777596.986144260154106, 8982726.458372136577964 ] } },
{ "type": "Feature", "properties": { "NAME": "tb sal", "LAYER": "Ket", "GM_TYPE": "Text", "ELEVATION": 0 }, "geometry": { "type": "Point", "coordinates": [ 777595.302037960966118, 8982727.03929915651679 ] } },
{ "type": "Feature", "properties": { "NAME": "aliran tgl 28 peb 09", "LAYER": "Ket", "GM_TYPE": "Text", "ELEVATION": 0 }, "geometry": { "type": "Point", "coordinates": [ 777670.099906860152259, 8982656.289402943104506 ] } },
{ "type": "Feature", "properties": { "NAME": "aliran tgl 28 peb 09", "LAYER": "Ket", "GM_TYPE": "Text", "ELEVATION": 0 }, "geometry": { "type": "Point", "coordinates": [ 777793.814679628005251, 8982625.559219393879175 ] } },
{ "type": "Feature", "properties": { "NAME": "0000TBKL", "LAYER": "Ket", "GM_TYPE": "Text", "ELEVATION": 0 }, "geometry": { "type": "Point", "coordinates": [ 777862.70517591596581, 8982608.452416663989425 ] } },
{ "type": "Feature", "properties": { "NAME": "dlm air", "LAYER": "Ket", "GM_TYPE": "Text", "ELEVATION": 0 }, "geometry": { "type": "Point", "coordinates": [ 777853.655778752057813, 8983097.849122194573283 ] } },
{ "type": "Feature", "properties": { "NAME": "tp air 14 maret 09", "LAYER": "Ket", "GM_TYPE": "Text", "ELEVATION": 0 }, "geometry": { "type": "Point", "coordinates": [ 777866.403431653045118, 8983088.33191854134202 ] } },
{ "type": "Feature", "properties": { "NAME": "tp air 14 maret 09", "LAYER": "Ket", "GM_TYPE": "Text", "ELEVATION": 0 }, "geometry": { "type": "Point", "coordinates": [ 777887.564207255025394, 8983072.52712519466877 ] } },
{ "type": "Feature", "properties": { "NAME": "tp air 14 maret 09", "LAYER": "Ket", "GM_TYPE": "Text", "ELEVATION": 0 }, "geometry": { "type": "Point", "coordinates": [ 777890.672362285898998, 8983070.034220604225993 ] } },
{ "type": "Feature", "properties": { "NAME": "tp kl", "LAYER": "Ket", "GM_TYPE": "Text", "ELEVATION": 0 }, "geometry": { "type": "Point", "coordinates": [ 777922.595064925961196, 8983044.760260984301567 ] } },
{ "type": "Feature", "properties": { "NAME": "tb kl", "LAYER": "Ket", "GM_TYPE": "Text", "ELEVATION": 0 }, "geometry": { "type": "Point", "coordinates": [ 777924.89822286600247, 8983043.289440415799618 ] } },
{ "type": "Feature", "properties": { "NAME": "ex Banjir", "LAYER": "Ket", "GM_TYPE": "Text", "ELEVATION": 0 }, "geometry": { "type": "Point", "coordinates": [ 777934.936314554070123, 8983035.974908331409097 ] } },
{ "type": "Feature", "properties": { "NAME": "ex Banjir as", "LAYER": "Ket", "GM_TYPE": "Text", "ELEVATION": 0 }, "geometry": { "type": "Point", "coordinates": [ 777928.205414072843269, 8983013.679355345666409 ] } },
{ "type": "Feature", "properties": { "NAME": "ex Banjir d/s.1", "LAYER": "Ket", "GM_TYPE": "Text", "ELEVATION": 0 }, "geometry": { "type": "Point", "coordinates": [ 777918.933597024995834, 8983008.930088525637984 ] } },
{ "type": "Feature", "properties": { "NAME": "ex Banjir d/s.2", "LAYER": "Ket", "GM_TYPE": "Text", "ELEVATION": 0 }, "geometry": { "type": "Point", "coordinates": [ 777909.370350640150718, 8982994.581988824531436 ] } },
{ "type": "Feature", "properties": { "NAME": "ex Banjir d/s.3", "LAYER": "Ket", "GM_TYPE": "Text", "ELEVATION": 0 }, "geometry": { "type": "Point", "coordinates": [ 777911.881772511987947, 8982979.247869504615664 ] } },
{ "type": "Feature", "properties": { "NAME": "ex Banjir d/s.4", "LAYER": "Ket", "GM_TYPE": "Text", "ELEVATION": 0 }, "geometry": { "type": "Point", "coordinates": [ 777912.648179745883681, 8982965.969286933541298 ] } },
{ "type": "Feature", "properties": { "NAME": "ex Banjir d/s.5", "LAYER": "Ket", "GM_TYPE": "Text", "ELEVATION": 0 }, "geometry": { "type": "Point", "coordinates": [ 777910.438381984946318, 8982955.128950783982873 ] } },
{ "type": "Feature", "properties": { "NAME": "ex Banjir u/s.1", "LAYER": "Ket", "GM_TYPE": "Text", "ELEVATION": 0 }, "geometry": { "type": "Point", "coordinates": [ 777951.661841284949332, 8983054.280571883544326 ] } },
{ "type": "Feature", "properties": { "NAME": "ex Banjir u/s.2", "LAYER": "Ket", "GM_TYPE": "Text", "ELEVATION": 0 }, "geometry": { "type": "Point", "coordinates": [ 777956.265543245943263, 8983059.051339723169804 ] } },
{ "type": "Feature", "properties": { "NAME": "ex Banjir u/s.3", "LAYER": "Ket", "GM_TYPE": "Text", "ELEVATION": 0 }, "geometry": { "type": "Point", "coordinates": [ 777951.64762384200003, 8983093.228464705869555 ] } },
{ "type": "Feature", "properties": { "NAME": "ex Banjir u/s.4", "LAYER": "Ket", "GM_TYPE": "Text", "ELEVATION": 0 }, "geometry": { "type": "Point", "coordinates": [ 777951.689340364071541, 8983093.108459573239088 ] } },
{ "type": "Feature", "properties": { "NAME": "ex Banjir u/s.5", "LAYER": "Ket", "GM_TYPE": "Text", "ELEVATION": 0 }, "geometry": { "type": "Point", "coordinates": [ 777955.294269029982388, 8983104.606440274044871 ] } },
{ "type": "Feature", "properties": { "NAME": "as", "LAYER": "Ket", "GM_TYPE": "Text", "ELEVATION": 0 }, "geometry": { "type": "Point", "coordinates": [ 777768.010738338110968, 8983046.544994343072176 ] } },
{ "type": "Feature", "properties": { "NAME": "as", "LAYER": "Ket", "GM_TYPE": "Text", "ELEVATION": 0 }, "geometry": { "type": "Point", "coordinates": [ 777741.858157151029445, 8983005.114200424402952 ] } },
{ "type": "Feature", "properties": { "NAME": "tp kl", "LAYER": "Ket", "GM_TYPE": "Text", "ELEVATION": 0 }, "geometry": { "type": "Point", "coordinates": [ 777750.246450652019121, 8982985.396118834614754 ] } },
{ "type": "Feature", "properties": { "NAME": "as", "LAYER": "Ket", "GM_TYPE": "Text", "ELEVATION": 0 }, "geometry": { "type": "Point", "coordinates": [ 777737.414280787925236, 8983015.536303574219346 ] } },
{ "type": "Feature", "properties": { "NAME": "B.Terjun", "LAYER": "Ket", "GM_TYPE": "Text", "ELEVATION": 0 }, "geometry": { "type": "Point", "coordinates": [ 777710.185735727194697, 8983010.488686844706535 ] } },
{ "type": "Feature", "properties": { "NAME": "as drop", "LAYER": "Ket", "GM_TYPE": "Text", "ELEVATION": 0 }, "geometry": { "type": "Point", "coordinates": [ 777710.18553489795886, 8983016.465585993602872 ] } },
{ "type": "Feature", "properties": { "NAME": "plat", "LAYER": "Ket", "GM_TYPE": "Text", "ELEVATION": 0 }, "geometry": { "type": "Point", "coordinates": [ 777709.70011173421517, 8983016.388115184381604 ] } },
{ "type": "Feature", "properties": { "NAME": "as sal", "LAYER": "Ket", "GM_TYPE": "Text", "ELEVATION": 0 }, "geometry": { "type": "Point", "coordinates": [ 777710.361819364945404, 8983005.32422717474401 ] } },
{ "type": "Feature", "properties": { "NAME": "as sal", "LAYER": "Ket", "GM_TYPE": "Text", "ELEVATION": 0 }, "geometry": { "type": "Point", "coordinates": [ 777710.387121657957323, 8983004.794512623921037 ] } },
{ "type": "Feature", "properties": { "NAME": "tp jln", "LAYER": "Ket", "GM_TYPE": "Text", "ELEVATION": 0 }, "geometry": { "type": "Point", "coordinates": [ 777690.281906869844534, 8983009.396816503256559 ] } },
{ "type": "Feature", "properties": { "NAME": "tp jln", "LAYER": "Ket", "GM_TYPE": "Text", "ELEVATION": 0 }, "geometry": { "type": "Point", "coordinates": [ 777690.346239628037438, 8983011.195420084521174 ] } },
{ "type": "Feature", "properties": { "NAME": "tb al", "LAYER": "Ket", "GM_TYPE": "Text", "ELEVATION": 0 }, "geometry": { "type": "Point", "coordinates": [ 777690.198965077986941, 8983007.075148934498429 ] } },
{ "type": "Feature", "properties": { "NAME": "tb al", "LAYER": "Ket", "GM_TYPE": "Text", "ELEVATION": 0 }, "geometry": { "type": "Point", "coordinates": [ 777690.171908230055124, 8983006.31818481348455 ] } },
{ "type": "Feature", "properties": { "NAME": "tp jln", "LAYER": "Ket", "GM_TYPE": "Text", "ELEVATION": 0 }, "geometry": { "type": "Point", "coordinates": [ 777690.364698172081262, 8983011.712182063609362 ] } },
{ "type": "Feature", "properties": { "NAME": "tb sal", "LAYER": "Ket", "GM_TYPE": "Text", "ELEVATION": 0 }, "geometry": { "type": "Point", "coordinates": [ 777690.410300965886563, 8983012.990088893100619 ] } },
{ "type": "Feature", "properties": { "NAME": "tb al", "LAYER": "Ket", "GM_TYPE": "Text", "ELEVATION": 0 }, "geometry": { "type": "Point", "coordinates": [ 777640.179241655976512, 8983009.446621183305979 ] } },
{ "type": "Feature", "properties": { "NAME": "as sal", "LAYER": "Ket", "GM_TYPE": "Text", "ELEVATION": 0 }, "geometry": { "type": "Point", "coordinates": [ 777640.969750268035568, 8983020.610377624630928 ] } },
{ "type": "Feature", "properties": { "NAME": "Gr2", "LAYER": "Ket", "GM_TYPE": "Text", "ELEVATION": 0 }, "geometry": { "type": "Point", "coordinates": [ 777588.708856478100643, 8983018.253380134701729 ] } },
{ "type": "Feature", "properties": { "NAME": "tp jln", "LAYER": "Ket", "GM_TYPE": "Text", "ELEVATION": 0 }, "geometry": { "type": "Point", "coordinates": [ 777588.57647698209621, 8983016.074754243716598 ] } },
{ "type": "Feature", "properties": { "NAME": "tb gr", "LAYER": "Ket", "GM_TYPE": "Text", "ELEVATION": 0 }, "geometry": { "type": "Point", "coordinates": [ 777588.480061645852402, 8983014.48498809337616 ] } },
{ "type": "Feature", "properties": { "NAME": "as sal", "LAYER": "Ket", "GM_TYPE": "Text", "ELEVATION": 0 }, "geometry": { "type": "Point", "coordinates": [ 777588.116417950135656, 8983008.499460784718394 ] } },
{ "type": "Feature", "properties": { "NAME": "tb gr", "LAYER": "Ket", "GM_TYPE": "Text", "ELEVATION": 0 }, "geometry": { "type": "Point", "coordinates": [ 777589.31621257995721, 8983028.260920133441687 ] } },
{ "type": "Feature", "properties": { "NAME": "tb gr", "LAYER": "Ket", "GM_TYPE": "Text", "ELEVATION": 0 }, "geometry": { "type": "Point", "coordinates": [ 777589.474055245053023, 8983029.021532764658332 ] } },
{ "type": "Feature", "properties": { "NAME": "tb al", "LAYER": "Ket", "GM_TYPE": "Text", "ELEVATION": 0 }, "geometry": { "type": "Point", "coordinates": [ 777589.464592471020296, 8983029.309022534638643 ] } },
{ "type": "Feature", "properties": { "NAME": "as sal", "LAYER": "Ket", "GM_TYPE": "Text", "ELEVATION": 0 }, "geometry": { "type": "Point", "coordinates": [ 777589.787032524123788, 8983034.042865805327892 ] } },
{ "type": "Feature", "properties": { "NAME": "tb al", "LAYER": "Ket", "GM_TYPE": "Text", "ELEVATION": 0 }, "geometry": { "type": "Point", "coordinates": [ 777589.85529980994761, 8983035.042614733800292 ] } },
{ "type": "Feature", "properties": { "NAME": "tp jln", "LAYER": "Ket", "GM_TYPE": "Text", "ELEVATION": 0 }, "geometry": { "type": "Point", "coordinates": [ 777555.32210372807458, 8983019.531287455931306 ] } },
{ "type": "Feature", "properties": { "NAME": "as sal", "LAYER": "Ket", "GM_TYPE": "Text", "ELEVATION": 0 }, "geometry": { "type": "Point", "coordinates": [ 777553.665811870014295, 8983025.305087134242058 ] } },
{ "type": "Feature", "properties": { "NAME": "tb sl", "LAYER": "Ket", "GM_TYPE": "Text", "ELEVATION": 0 }, "geometry": { "type": "Point", "coordinates": [ 777550.589473307132721, 8983036.106738675385714 ] } },
{ "type": "Feature", "properties": { "NAME": "as", "LAYER": "Ket", "GM_TYPE": "Text", "ELEVATION": 0 }, "geometry": { "type": "Point", "coordinates": [ 777543.164716315921396, 8983006.853804923593998 ] } },
{ "type": "Feature", "properties": { "NAME": "as", "LAYER": "Ket", "GM_TYPE": "Text", "ELEVATION": 0 }, "geometry": { "type": "Point", "coordinates": [ 777535.972030161996372, 8983016.056435054168105 ] } },
{ "type": "Feature", "properties": { "NAME": "as", "LAYER": "Ket", "GM_TYPE": "Text", "ELEVATION": 0 }, "geometry": { "type": "Point", "coordinates": [ 777530.159118849085644, 8983023.347608694806695 ] } },
{ "type": "Feature", "properties": { "NAME": "as", "LAYER": "Ket", "GM_TYPE": "Text", "ELEVATION": 0 }, "geometry": { "type": "Point", "coordinates": [ 777504.068731538951397, 8982975.706027623265982 ] } },
{ "type": "Feature", "properties": { "NAME": "as", "LAYER": "Ket", "GM_TYPE": "Text", "ELEVATION": 0 }, "geometry": { "type": "Point", "coordinates": [ 777514.72564987000078, 8982963.132469953969121 ] } },
{ "type": "Feature", "properties": { "NAME": "as", "LAYER": "Ket", "GM_TYPE": "Text", "ELEVATION": 0 }, "geometry": { "type": "Point", "coordinates": [ 777497.348822425934486, 8982983.679395664483309 ] } },
{ "type": "Feature", "properties": { "NAME": "as", "LAYER": "Ket", "GM_TYPE": "Text", "ELEVATION": 0 }, "geometry": { "type": "Point", "coordinates": [ 777490.826792935142294, 8982990.747585503384471 ] } },
{ "type": "Feature", "properties": { "NAME": "B.Terjun", "LAYER": "Ket", "GM_TYPE": "Text", "ELEVATION": 0 }, "geometry": { "type": "Point", "coordinates": [ 777482.103777137119323, 8982963.944413483142853 ] } },
{ "type": "Feature", "properties": { "NAME": "as", "LAYER": "Ket", "GM_TYPE": "Text", "ELEVATION": 0 }, "geometry": { "type": "Point", "coordinates": [ 777485.646612070850097, 8982960.62974844314158 ] } },
{ "type": "Feature", "properties": { "NAME": "as", "LAYER": "Ket", "GM_TYPE": "Text", "ELEVATION": 0 }, "geometry": { "type": "Point", "coordinates": [ 777485.704060125048272, 8982960.614128984510899 ] } },
{ "type": "Feature", "properties": { "NAME": "as", "LAYER": "Ket", "GM_TYPE": "Text", "ELEVATION": 0 }, "geometry": { "type": "Point", "coordinates": [ 777478.986289517953992, 8982968.706643514335155 ] } },
{ "type": "Feature", "properties": { "NAME": "plat", "LAYER": "Ket", "GM_TYPE": "Text", "ELEVATION": 0 }, "geometry": { "type": "Point", "coordinates": [ 777478.588516119052656, 8982968.372749855741858 ] } },
{ "type": "Feature", "properties": { "NAME": "as", "LAYER": "Ket", "GM_TYPE": "Text", "ELEVATION": 0 }, "geometry": { "type": "Point", "coordinates": [ 777473.301516802050173, 8982978.144460402429104 ] } },
{ "type": "Feature", "properties": { "NAME": "as jln", "LAYER": "Ket", "GM_TYPE": "Text", "ELEVATION": 0 }, "geometry": { "type": "Point", "coordinates": [ 777475.575312771019526, 8982956.163439413532615 ] } },
{ "type": "Feature", "properties": { "NAME": "olakan", "LAYER": "Ket", "GM_TYPE": "Text", "ELEVATION": 0 }, "geometry": { "type": "Point", "coordinates": [ 777469.409217312000692, 8982961.529077183455229 ] } },
{ "type": "Feature", "properties": { "NAME": "as sal", "LAYER": "Ket", "GM_TYPE": "Text", "ELEVATION": 0 }, "geometry": { "type": "Point", "coordinates": [ 777374.69904556311667, 8982924.663502283394337 ] } },
{ "type": "Feature", "properties": { "NAME": "as sal", "LAYER": "Ket", "GM_TYPE": "Text", "ELEVATION": 0 }, "geometry": { "type": "Point", "coordinates": [ 777374.63998517813161, 8982924.45070469379425 ] } },
{ "type": "Feature", "properties": { "NAME": "as sal", "LAYER": "Ket", "GM_TYPE": "Text", "ELEVATION": 0 }, "geometry": { "type": "Point", "coordinates": [ 777377.540996215888299, 8982934.779498314484954 ] } },
{ "type": "Feature", "properties": { "NAME": "as sal", "LAYER": "Ket", "GM_TYPE": "Text", "ELEVATION": 0 }, "geometry": { "type": "Point", "coordinates": [ 777379.631242995150387, 8982942.135474264621735 ] } },
{ "type": "Feature", "properties": { "NAME": "B.Terjun", "LAYER": "Ket", "GM_TYPE": "Text", "ELEVATION": 0 }, "geometry": { "type": "Point", "coordinates": [ 777328.808269710978493, 8982945.549579124897718 ] } },
{ "type": "Feature", "properties": { "NAME": "as sal", "LAYER": "Ket", "GM_TYPE": "Text", "ELEVATION": 0 }, "geometry": { "type": "Point", "coordinates": [ 777327.026481632143259, 8982940.360066723078489 ] } },
{ "type": "Feature", "properties": { "NAME": "plat", "LAYER": "Ket", "GM_TYPE": "Text", "ELEVATION": 0 }, "geometry": { "type": "Point", "coordinates": [ 777330.379880447057076, 8982951.541910884901881 ] } },
{ "type": "Feature", "properties": { "NAME": "plat", "LAYER": "Ket", "GM_TYPE": "Text", "ELEVATION": 0 }, "geometry": { "type": "Point", "coordinates": [ 777330.317199132055975, 8982949.966962065547705 ] } },
{ "type": "Feature", "properties": { "NAME": "as sal", "LAYER": "Ket", "GM_TYPE": "Text", "ELEVATION": 0 }, "geometry": { "type": "Point", "coordinates": [ 777332.393398785847239, 8982957.882628394290805 ] } },
{ "type": "Feature", "properties": { "NAME": "as sal", "LAYER": "Ket", "GM_TYPE": "Text", "ELEVATION": 0 }, "geometry": { "type": "Point", "coordinates": [ 777335.004748915904202, 8982966.871992794796824 ] } },
{ "type": "Feature", "properties": { "NAME": "as sal", "LAYER": "Ket", "GM_TYPE": "Text", "ELEVATION": 0 }, "geometry": { "type": "Point", "coordinates": [ 777335.112000138964504, 8982967.324145954102278 ] } },
{ "type": "Feature", "properties": { "NAME": "drop", "LAYER": "Ket", "GM_TYPE": "Text", "ELEVATION": 0 }, "geometry": { "type": "Point", "coordinates": [ 777327.815887365024537, 8982955.260660793632269 ] } },
{ "type": "Feature", "properties": { "NAME": "as sal", "LAYER": "Ket", "GM_TYPE": "Text", "ELEVATION": 0 }, "geometry": { "type": "Point", "coordinates": [ 777320.645045588025823, 8982953.480853414162993 ] } },
{ "type": "Feature", "properties": { "NAME": "drop", "LAYER": "Ket", "GM_TYPE": "Text", "ELEVATION": 0 }, "geometry": { "type": "Point", "coordinates": [ 777320.200967793003656, 8982953.765286054462194 ] } },
{ "type": "Feature", "properties": { "NAME": "as sal", "LAYER": "Ket", "GM_TYPE": "Text", "ELEVATION": 0 }, "geometry": { "type": "Point", "coordinates": [ 777279.950789788970724, 8982954.874409584328532 ] } },
{ "type": "Feature", "properties": { "NAME": "as sal", "LAYER": "Ket", "GM_TYPE": "Text", "ELEVATION": 0 }, "geometry": { "type": "Point", "coordinates": [ 777279.854774443083443, 8982954.559291053563356 ] } },
{ "type": "Feature", "properties": { "NAME": "as sal", "LAYER": "Ket", "GM_TYPE": "Text", "ELEVATION": 0 }, "geometry": { "type": "Point", "coordinates": [ 777283.137506240862422, 8982965.440954193472862 ] } },
{ "type": "Feature", "properties": { "NAME": "as sal", "LAYER": "Ket", "GM_TYPE": "Text", "ELEVATION": 0 }, "geometry": { "type": "Point", "coordinates": [ 777285.709449659101665, 8982972.805728374049067 ] } },
{ "type": "Feature", "properties": { "NAME": "tp jln", "LAYER": "Ket", "GM_TYPE": "Text", "ELEVATION": 0 }, "geometry": { "type": "Point", "coordinates": [ 777233.223768040072173, 8982973.248339956626296 ] } },
{ "type": "Feature", "properties": { "NAME": "as sal", "LAYER": "Ket", "GM_TYPE": "Text", "ELEVATION": 0 }, "geometry": { "type": "Point", "coordinates": [ 777090.586771362926811, 8983018.950829524546862 ] } },
{ "type": "Feature", "properties": { "NAME": "rm", "LAYER": "Ket", "GM_TYPE": "Text", "ELEVATION": 0 }, "geometry": { "type": "Point", "coordinates": [ 777090.103526661056094, 8983017.433677393943071 ] } },
{ "type": "Feature", "properties": { "NAME": "rm", "LAYER": "Ket", "GM_TYPE": "Text", "ELEVATION": 0 }, "geometry": { "type": "Point", "coordinates": [ 777089.733768050093204, 8983016.553712943568826 ] } },
{ "type": "Feature", "properties": { "NAME": "as sal", "LAYER": "Ket", "GM_TYPE": "Text", "ELEVATION": 0 }, "geometry": { "type": "Point", "coordinates": [ 777092.863335727946833, 8983026.25923534296453 ] } },
{ "type": "Feature", "properties": { "NAME": "as sal", "LAYER": "Ket", "GM_TYPE": "Text", "ELEVATION": 0 }, "geometry": { "type": "Point", "coordinates": [ 777093.590374346007593, 8983028.306689314544201 ] } },
{ "type": "Feature", "properties": { "NAME": "as sal", "LAYER": "Ket", "GM_TYPE": "Text", "ELEVATION": 0 }, "geometry": { "type": "Point", "coordinates": [ 777041.426193734980188, 8983030.718250634148717 ] } },
{ "type": "Feature", "properties": { "NAME": "as sal", "LAYER": "Ket", "GM_TYPE": "Text", "ELEVATION": 0 }, "geometry": { "type": "Point", "coordinates": [ 777041.235088904039003, 8983029.385868864133954 ] } },
{ "type": "Feature", "properties": { "NAME": "as sal", "LAYER": "Ket", "GM_TYPE": "Text", "ELEVATION": 0 }, "geometry": { "type": "Point", "coordinates": [ 777040.308378353132866, 8983026.802688023075461 ] } },
{ "type": "Feature", "properties": { "NAME": "as sal", "LAYER": "Ket", "GM_TYPE": "Text", "ELEVATION": 0 }, "geometry": { "type": "Point", "coordinates": [ 777045.75705447094515, 8983043.751165673136711 ] } },
{ "type": "Feature", "properties": { "NAME": "as sal", "LAYER": "Ket", "GM_TYPE": "Text", "ELEVATION": 0 }, "geometry": { "type": "Point", "coordinates": [ 776992.463259483105503, 8983040.589612463489175 ] } },
{ "type": "Feature", "properties": { "NAME": "as sal", "LAYER": "Ket", "GM_TYPE": "Text", "ELEVATION": 0 }, "geometry": { "type": "Point", "coordinates": [ 776992.318390381988138, 8983040.142086615785956 ] } },
{ "type": "Feature", "properties": { "NAME": "as sal", "LAYER": "Ket", "GM_TYPE": "Text", "ELEVATION": 0 }, "geometry": { "type": "Point", "coordinates": [ 776998.002804894116707, 8983059.659718913957477 ] } },
{ "type": "Feature", "properties": { "NAME": "Gr2", "LAYER": "Ket", "GM_TYPE": "Text", "ELEVATION": 0 }, "geometry": { "type": "Point", "coordinates": [ 776868.287427415139973, 8983099.50571147352457 ] } },
{ "type": "Feature", "properties": { "NAME": "tp jln", "LAYER": "Ket", "GM_TYPE": "Text", "ELEVATION": 0 }, "geometry": { "type": "Point", "coordinates": [ 776867.300440812949091, 8983096.266575334593654 ] } },
{ "type": "Feature", "properties": { "NAME": "tb gr2", "LAYER": "Ket", "GM_TYPE": "Text", "ELEVATION": 0 }, "geometry": { "type": "Point", "coordinates": [ 776866.298822387005202, 8983092.979419823735952 ] } },
{ "type": "Feature", "properties": { "NAME": "tp al", "LAYER": "Ket", "GM_TYPE": "Text", "ELEVATION": 0 }, "geometry": { "type": "Point", "coordinates": [ 776865.968283207039349, 8983091.89464177377522 ] } },
{ "type": "Feature", "properties": { "NAME": "as sal", "LAYER": "Ket", "GM_TYPE": "Text", "ELEVATION": 0 }, "geometry": { "type": "Point", "coordinates": [ 776865.615596611984074, 8983090.737179353833199 ] } },
{ "type": "Feature", "properties": { "NAME": "tp al", "LAYER": "Ket", "GM_TYPE": "Text", "ELEVATION": 0 }, "geometry": { "type": "Point", "coordinates": [ 776865.440658246981911, 8983090.163058914244175 ] } },
{ "type": "Feature", "properties": { "NAME": "top psg", "LAYER": "Ket", "GM_TYPE": "Text", "ELEVATION": 0 }, "geometry": { "type": "Point", "coordinates": [ 776868.364213590975851, 8983099.758612943813205 ] } },
{ "type": "Feature", "properties": { "NAME": "top psg", "LAYER": "Ket", "GM_TYPE": "Text", "ELEVATION": 0 }, "geometry": { "type": "Point", "coordinates": [ 776870.363044927944429, 8983106.342521401122212 ] } },
{ "type": "Feature", "properties": { "NAME": "top psg", "LAYER": "Ket", "GM_TYPE": "Text", "ELEVATION": 0 }, "geometry": { "type": "Point", "coordinates": [ 776870.452218545950018, 8983106.636247523128986 ] } },
{ "type": "Feature", "properties": { "NAME": "tb gr2", "LAYER": "Ket", "GM_TYPE": "Text", "ELEVATION": 0 }, "geometry": { "type": "Point", "coordinates": [ 776871.043249337002635, 8983108.583024883642793 ] } },
{ "type": "Feature", "properties": { "NAME": "tp al", "LAYER": "Ket", "GM_TYPE": "Text", "ELEVATION": 0 }, "geometry": { "type": "Point", "coordinates": [ 776872.085413572145626, 8983111.983126232400537 ] } },
{ "type": "Feature", "properties": { "NAME": "as sal", "LAYER": "Ket", "GM_TYPE": "Text", "ELEVATION": 0 }, "geometry": { "type": "Point", "coordinates": [ 776872.932220515911467, 8983114.498571703210473 ] } },
{ "type": "Feature", "properties": { "NAME": "tp al", "LAYER": "Ket", "GM_TYPE": "Text", "ELEVATION": 0 }, "geometry": { "type": "Point", "coordinates": [ 776873.373309114947915, 8983116.022869234904647 ] } },
{ "type": "Feature", "properties": { "NAME": "tp al", "LAYER": "Ket", "GM_TYPE": "Text", "ELEVATION": 0 }, "geometry": { "type": "Point", "coordinates": [ 776873.718804791104048, 8983117.255004344508052 ] } },
{ "type": "Feature", "properties": { "NAME": "P25 TPJL", "LAYER": "Ket", "GM_TYPE": "Text", "ELEVATION": 0 }, "geometry": { "type": "Point", "coordinates": [ 776853.108242942020297, 8983088.926646774634719 ] } },
{ "type": "Feature", "properties": { "NAME": "P25 TPJL", "LAYER": "Ket", "GM_TYPE": "Text", "ELEVATION": 0 }, "geometry": { "type": "Point", "coordinates": [ 776856.120380175882019, 8983103.495868664234877 ] } },
{ "type": "Feature", "properties": { "NAME": "as sal", "LAYER": "Ket", "GM_TYPE": "Text", "ELEVATION": 0 }, "geometry": { "type": "Point", "coordinates": [ 776756.062576413969509, 8983107.757036283612251 ] } },
{ "type": "Feature", "properties": { "NAME": "as sal", "LAYER": "Ket", "GM_TYPE": "Text", "ELEVATION": 0 }, "geometry": { "type": "Point", "coordinates": [ 776759.755634443135932, 8983132.469308385625482 ] } },
{ "type": "Feature", "properties": { "NAME": "as sal", "LAYER": "Ket", "GM_TYPE": "Text", "ELEVATION": 0 }, "geometry": { "type": "Point", "coordinates": [ 776705.375256250030361, 8983109.827503953129053 ] } },
{ "type": "Feature", "properties": { "NAME": "as sal", "LAYER": "Ket", "GM_TYPE": "Text", "ELEVATION": 0 }, "geometry": { "type": "Point", "coordinates": [ 776705.235302482964471, 8983109.038647703826427 ] } },
{ "type": "Feature", "properties": { "NAME": "as sal", "LAYER": "Ket", "GM_TYPE": "Text", "ELEVATION": 0 }, "geometry": { "type": "Point", "coordinates": [ 776710.829312420915812, 8983140.951914083212614 ] } },
{ "type": "Feature", "properties": { "NAME": "jbtn", "LAYER": "Ket", "GM_TYPE": "Text", "ELEVATION": 0 }, "geometry": { "type": "Point", "coordinates": [ 776586.737870169105008, 8983156.549082854762673 ] } },
{ "type": "Feature", "properties": { "NAME": "top psg", "LAYER": "Ket", "GM_TYPE": "Text", "ELEVATION": 0 }, "geometry": { "type": "Point", "coordinates": [ 776587.40513072500471, 8983160.614736132323742 ] } },
{ "type": "Feature", "properties": { "NAME": "00000PGR", "LAYER": "Ket", "GM_TYPE": "Text", "ELEVATION": 0 }, "geometry": { "type": "Point", "coordinates": [ 776513.209328942932189, 8983168.135257784277201 ] } },
{ "type": "Feature", "properties": { "NAME": "00P.33-3", "LAYER": "Ket", "GM_TYPE": "Text", "ELEVATION": 0 }, "geometry": { "type": "Point", "coordinates": [ 776512.589871997945011, 8983165.156527584418654 ] } },
{ "type": "Feature", "properties": { "NAME": "as sal", "LAYER": "Ket", "GM_TYPE": "Text", "ELEVATION": 0 }, "geometry": { "type": "Point", "coordinates": [ 776514.313415699987672, 8983174.074597774073482 ] } },
{ "type": "Feature", "properties": { "NAME": "as sal", "LAYER": "Ket", "GM_TYPE": "Text", "ELEVATION": 0 }, "geometry": { "type": "Point", "coordinates": [ 776514.632876412943006, 8983176.551959663629532 ] } },
{ "type": "Feature", "properties": { "NAME": "kmp", "LAYER": "Ket", "GM_TYPE": "Text", "ELEVATION": 0 }, "geometry": { "type": "Point", "coordinates": [ 776516.440653636003844, 8983188.339786404743791 ] } },
{ "type": "Feature", "properties": { "NAME": "as sal", "LAYER": "Ket", "GM_TYPE": "Text", "ELEVATION": 0 }, "geometry": { "type": "Point", "coordinates": [ 776460.06968167994637, 8983177.537747083231807 ] } },
{ "type": "Feature", "properties": { "NAME": "as sal", "LAYER": "Ket", "GM_TYPE": "Text", "ELEVATION": 0 }, "geometry": { "type": "Point", "coordinates": [ 776470.302391055040061, 8983191.457948153838515 ] } },
{ "type": "Feature", "properties": { "NAME": "tbg", "LAYER": "Ket", "GM_TYPE": "Text", "ELEVATION": 0 }, "geometry": { "type": "Point", "coordinates": [ 776469.325354608125053, 8983203.243099184706807 ] } },
{ "type": "Feature", "properties": { "NAME": "as sal", "LAYER": "Ket", "GM_TYPE": "Text", "ELEVATION": 0 }, "geometry": { "type": "Point", "coordinates": [ 776443.682962573133409, 8983228.88402222469449 ] } },
{ "type": "Feature", "properties": { "NAME": "Gr2", "LAYER": "Ket", "GM_TYPE": "Text", "ELEVATION": 0 }, "geometry": { "type": "Point", "coordinates": [ 776361.413981259218417, 8983335.200699733570218 ] } },
{ "type": "Feature", "properties": { "NAME": "tb gr2", "LAYER": "Ket", "GM_TYPE": "Text", "ELEVATION": 0 }, "geometry": { "type": "Point", "coordinates": [ 776358.807151260902174, 8983331.322250394150615 ] } },
{ "type": "Feature", "properties": { "NAME": "as sal", "LAYER": "Ket", "GM_TYPE": "Text", "ELEVATION": 0 }, "geometry": { "type": "Point", "coordinates": [ 776369.066257220110856, 8983346.587566934525967 ] } },
{ "type": "Feature", "properties": { "NAME": "as sal", "LAYER": "Ket", "GM_TYPE": "Text", "ELEVATION": 0 }, "geometry": { "type": "Point", "coordinates": [ 776371.8647494741017, 8983350.751826003193855 ] } },
{ "type": "Feature", "properties": { "NAME": "tp jln", "LAYER": "Ket", "GM_TYPE": "Text", "ELEVATION": 0 }, "geometry": { "type": "Point", "coordinates": [ 776312.732947279233485, 8983346.451402653008699 ] } },
{ "type": "Feature", "properties": { "NAME": "as sal", "LAYER": "Ket", "GM_TYPE": "Text", "ELEVATION": 0 }, "geometry": { "type": "Point", "coordinates": [ 776265.26961600210052, 8983359.535491064190865 ] } },
{ "type": "Feature", "properties": { "NAME": "as sal", "LAYER": "Ket", "GM_TYPE": "Text", "ELEVATION": 0 }, "geometry": { "type": "Point", "coordinates": [ 776265.639588025980629, 8983361.665907114744186 ] } },
{ "type": "Feature", "properties": { "NAME": "as sal", "LAYER": "Ket", "GM_TYPE": "Text", "ELEVATION": 0 }, "geometry": { "type": "Point", "coordinates": [ 776242.920276924036443, 8983353.298609033226967 ] } },
{ "type": "Feature", "properties": { "NAME": "as sal", "LAYER": "Ket", "GM_TYPE": "Text", "ELEVATION": 0 }, "geometry": { "type": "Point", "coordinates": [ 776245.783258737879805, 8983364.291773593053222 ] } },
{ "type": "Feature", "properties": { "NAME": "as tg", "LAYER": "Ket", "GM_TYPE": "Text", "ELEVATION": 0 }, "geometry": { "type": "Point", "coordinates": [ 776249.930447050137445, 8983379.22179558314383 ] } },
{ "type": "Feature", "properties": { "NAME": "as sal", "LAYER": "Ket", "GM_TYPE": "Text", "ELEVATION": 0 }, "geometry": { "type": "Point", "coordinates": [ 776245.4809720920166, 8983366.136943081393838 ] } },
{ "type": "Feature", "properties": { "NAME": "as sal", "LAYER": "Ket", "GM_TYPE": "Text", "ELEVATION": 0 }, "geometry": { "type": "Point", "coordinates": [ 776217.960897707147524, 8983364.073685875162482 ] } },
{ "type": "Feature", "properties": { "NAME": "as sal", "LAYER": "Ket", "GM_TYPE": "Text", "ELEVATION": 0 }, "geometry": { "type": "Point", "coordinates": [ 776216.891051984042861, 8983366.504352213814855 ] } },
{ "type": "Feature", "properties": { "NAME": "tp jln", "LAYER": "Ket", "GM_TYPE": "Text", "ELEVATION": 0 }, "geometry": { "type": "Point", "coordinates": [ 776155.032376912073232, 8983283.142095185816288 ] } },
{ "type": "Feature", "properties": { "NAME": "tp jln", "LAYER": "Ket", "GM_TYPE": "Text", "ELEVATION": 0 }, "geometry": { "type": "Point", "coordinates": [ 776154.149073495995253, 8983283.903873566538095 ] } },
{ "type": "Feature", "properties": { "NAME": "as sal", "LAYER": "Ket", "GM_TYPE": "Text", "ELEVATION": 0 }, "geometry": { "type": "Point", "coordinates": [ 776087.018822597106919, 8983211.096229171380401 ] } },
{ "type": "Feature", "properties": { "NAME": "as sal", "LAYER": "Ket", "GM_TYPE": "Text", "ELEVATION": 0 }, "geometry": { "type": "Point", "coordinates": [ 776085.145417639054358, 8983213.090002594515681 ] } },
{ "type": "Feature", "properties": { "NAME": "jbtn", "LAYER": "Ket", "GM_TYPE": "Text", "ELEVATION": 0 }, "geometry": { "type": "Point", "coordinates": [ 776078.934063299093395, 8983192.081326153129339 ] } },
{ "type": "Feature", "properties": { "NAME": "outlet", "LAYER": "Ket", "GM_TYPE": "Text", "ELEVATION": 0 }, "geometry": { "type": "Point", "coordinates": [ 776081.508133079973049, 8983189.930663354694843 ] } },
{ "type": "Feature", "properties": { "NAME": "inlet", "LAYER": "Ket", "GM_TYPE": "Text", "ELEVATION": 0 }, "geometry": { "type": "Point", "coordinates": [ 776084.148705912055448, 8983188.119457213208079 ] } },
{ "type": "Feature", "properties": { "NAME": "inlet", "LAYER": "Ket", "GM_TYPE": "Text", "ELEVATION": 0 }, "geometry": { "type": "Point", "coordinates": [ 776064.070933793089353, 8983209.482246754691005 ] } },
{ "type": "Feature", "properties": { "NAME": "as sal", "LAYER": "Ket", "GM_TYPE": "Text", "ELEVATION": 0 }, "geometry": { "type": "Point", "coordinates": [ 776054.381239064969122, 8983172.91492698341608 ] } },
{ "type": "Feature", "properties": { "NAME": "as sal", "LAYER": "Ket", "GM_TYPE": "Text", "ELEVATION": 0 }, "geometry": { "type": "Point", "coordinates": [ 775912.023987913038582, 8983042.415997376665473 ] } },
{ "type": "Feature", "properties": { "NAME": "as sal", "LAYER": "Ket", "GM_TYPE": "Text", "ELEVATION": 0 }, "geometry": { "type": "Point", "coordinates": [ 775911.449591255164705, 8983043.889064233750105 ] } },
{ "type": "Feature", "properties": { "NAME": "tlg silg", "LAYER": "Ket", "GM_TYPE": "Text", "ELEVATION": 0 }, "geometry": { "type": "Point", "coordinates": [ 775877.409000157960691, 8983021.333418734371662 ] } },
{ "type": "Feature", "properties": { "NAME": "tlg silg", "LAYER": "Ket", "GM_TYPE": "Text", "ELEVATION": 0 }, "geometry": { "type": "Point", "coordinates": [ 775878.352318555931561, 8983019.555272925645113 ] } },
{ "type": "Feature", "properties": { "NAME": "tlg silg", "LAYER": "Ket", "GM_TYPE": "Text", "ELEVATION": 0 }, "geometry": { "type": "Point", "coordinates": [ 775875.798235098016448, 8983025.134930504485965 ] } },
{ "type": "Feature", "properties": { "NAME": "as sal", "LAYER": "Ket", "GM_TYPE": "Text", "ELEVATION": 0 }, "geometry": { "type": "Point", "coordinates": [ 775875.560112613020465, 8983025.578446893021464 ] } },
{ "type": "Feature", "properties": { "NAME": "tlg silg", "LAYER": "Ket", "GM_TYPE": "Text", "ELEVATION": 0 }, "geometry": { "type": "Point", "coordinates": [ 775873.739211676991545, 8983030.114997744560242 ] } },
{ "type": "Feature", "properties": { "NAME": "pas", "LAYER": "Ket", "GM_TYPE": "Text", "ELEVATION": 0 }, "geometry": { "type": "Point", "coordinates": [ 775863.609758405946195, 8983026.9375992231071 ] } },
{ "type": "Feature", "properties": { "NAME": "as sal", "LAYER": "Ket", "GM_TYPE": "Text", "ELEVATION": 0 }, "geometry": { "type": "Point", "coordinates": [ 775863.660253166104667, 8983026.895100453868508 ] } },
{ "type": "Feature", "properties": { "NAME": "as sal", "LAYER": "Ket", "GM_TYPE": "Text", "ELEVATION": 0 }, "geometry": { "type": "Point", "coordinates": [ 775863.988458850770257, 8983026.185499474406242 ] } },
{ "type": "Feature", "properties": { "NAME": "as sal", "LAYER": "Ket", "GM_TYPE": "Text", "ELEVATION": 0 }, "geometry": { "type": "Point", "coordinates": [ 775866.760879070847295, 8983021.119827734306455 ] } },
{ "type": "Feature", "properties": { "NAME": "awl shipon", "LAYER": "Ket", "GM_TYPE": "Text", "ELEVATION": 0 }, "geometry": { "type": "Point", "coordinates": [ 775686.871147440979257, 8982934.437010753899813 ] } },
{ "type": "Feature", "properties": { "NAME": "top psg", "LAYER": "Ket", "GM_TYPE": "Text", "ELEVATION": 0 }, "geometry": { "type": "Point", "coordinates": [ 775685.969558626995422, 8982936.344744233414531 ] } },
{ "type": "Feature", "properties": { "NAME": "top psg", "LAYER": "Ket", "GM_TYPE": "Text", "ELEVATION": 0 }, "geometry": { "type": "Point", "coordinates": [ 775685.809166137943976, 8982936.684129673987627 ] } },
{ "type": "Feature", "properties": { "NAME": "top psg", "LAYER": "Ket", "GM_TYPE": "Text", "ELEVATION": 0 }, "geometry": { "type": "Point", "coordinates": [ 775685.800545905949548, 8982936.702511973679066 ] } },
{ "type": "Feature", "properties": { "NAME": "top psg", "LAYER": "Ket", "GM_TYPE": "Text", "ELEVATION": 0 }, "geometry": { "type": "Point", "coordinates": [ 775682.374934874009341, 8982943.950854664668441 ] } },
{ "type": "Feature", "properties": { "NAME": "tb kl", "LAYER": "Ket", "GM_TYPE": "Text", "ELEVATION": 0 }, "geometry": { "type": "Point", "coordinates": [ 775676.758230360923335, 8982955.835624184459448 ] } },
{ "type": "Feature", "properties": { "NAME": "as kl", "LAYER": "Ket", "GM_TYPE": "Text", "ELEVATION": 0 }, "geometry": { "type": "Point", "coordinates": [ 775675.493137345882133, 8982928.252771174535155 ] } },
{ "type": "Feature", "properties": { "NAME": "as sal", "LAYER": "Ket", "GM_TYPE": "Text", "ELEVATION": 0 }, "geometry": { "type": "Point", "coordinates": [ 775681.329584731021896, 8982939.051153961569071 ] } },
{ "type": "Feature", "properties": { "NAME": "psg", "LAYER": "Ket", "GM_TYPE": "Text", "ELEVATION": 0 }, "geometry": { "type": "Point", "coordinates": [ 775680.763460979098454, 8982938.993932193145156 ] } },
{ "type": "Feature", "properties": { "NAME": "kali", "LAYER": "Ket", "GM_TYPE": "Text", "ELEVATION": 0 }, "geometry": { "type": "Point", "coordinates": [ 775680.741765317856334, 8982938.905277213081717 ] } },
{ "type": "Feature", "properties": { "NAME": "kali", "LAYER": "Ket", "GM_TYPE": "Text", "ELEVATION": 0 }, "geometry": { "type": "Point", "coordinates": [ 775680.677454619086348, 8982938.704621933400631 ] } },
{ "type": "Feature", "properties": { "NAME": "kali", "LAYER": "Ket", "GM_TYPE": "Text", "ELEVATION": 0 }, "geometry": { "type": "Point", "coordinates": [ 775680.699063670006581, 8982938.672572202980518 ] } },
{ "type": "Feature", "properties": { "NAME": "kali", "LAYER": "Ket", "GM_TYPE": "Text", "ELEVATION": 0 }, "geometry": { "type": "Point", "coordinates": [ 775669.536388800130226, 8982934.162358863279223 ] } },
{ "type": "Feature", "properties": { "NAME": "kali", "LAYER": "Ket", "GM_TYPE": "Text", "ELEVATION": 0 }, "geometry": { "type": "Point", "coordinates": [ 775667.797215679078363, 8982933.322599686682224 ] } },
{ "type": "Feature", "properties": { "NAME": "pas", "LAYER": "Ket", "GM_TYPE": "Text", "ELEVATION": 0 }, "geometry": { "type": "Point", "coordinates": [ 775661.363403220893815, 8982925.666647724807262 ] } },
{ "type": "Feature", "properties": { "NAME": "ahir shipon", "LAYER": "Ket", "GM_TYPE": "Text", "ELEVATION": 0 }, "geometry": { "type": "Point", "coordinates": [ 775661.194477543001994, 8982924.002129193395376 ] } },
{ "type": "Feature", "properties": { "NAME": "ASOUTLET", "LAYER": "Ket", "GM_TYPE": "Text", "ELEVATION": 0 }, "geometry": { "type": "Point", "coordinates": [ 775658.115899326978251, 8982930.023356273770332 ] } },
{ "type": "Feature", "properties": { "NAME": "ASOUTLET", "LAYER": "Ket", "GM_TYPE": "Text", "ELEVATION": 0 }, "geometry": { "type": "Point", "coordinates": [ 775658.683218725025654, 8982928.914177753031254 ] } },
{ "type": "Feature", "properties": { "NAME": "as", "LAYER": "Ket", "GM_TYPE": "Text", "ELEVATION": 0 }, "geometry": { "type": "Point", "coordinates": [ 775638.035366605035961, 8982920.194347154349089 ] } },
{ "type": "Feature", "properties": { "NAME": "as", "LAYER": "Ket", "GM_TYPE": "Text", "ELEVATION": 0 }, "geometry": { "type": "Point", "coordinates": [ 775594.158643562928773, 8982895.964470224454999 ] } },
{ "type": "Feature", "properties": { "NAME": "as", "LAYER": "Ket", "GM_TYPE": "Text", "ELEVATION": 0 }, "geometry": { "type": "Point", "coordinates": [ 775592.65199323091656, 8982898.926539823412895 ] } },
{ "type": "Feature", "properties": { "NAME": "as sal", "LAYER": "Ket", "GM_TYPE": "Text", "ELEVATION": 0 }, "geometry": { "type": "Point", "coordinates": [ 775456.837236078106798, 8982836.49939452111721 ] } },
{ "type": "Feature", "properties": { "NAME": "Sadap", "LAYER": "Ket", "GM_TYPE": "Text", "ELEVATION": 0 }, "geometry": { "type": "Point", "coordinates": [ 775415.976970212999731, 8982826.669688884168863 ] } },
{ "type": "Feature", "properties": { "NAME": "as", "LAYER": "Ket", "GM_TYPE": "Text", "ELEVATION": 0 }, "geometry": { "type": "Point", "coordinates": [ 775419.738762403954752, 8982830.926053894683719 ] } },
{ "type": "Feature", "properties": { "NAME": "as", "LAYER": "Ket", "GM_TYPE": "Text", "ELEVATION": 0 }, "geometry": { "type": "Point", "coordinates": [ 775421.822789879981428, 8982833.159449014812708 ] } },
{ "type": "Feature", "properties": { "NAME": "pintu", "LAYER": "Ket", "GM_TYPE": "Text", "ELEVATION": 0 }, "geometry": { "type": "Point", "coordinates": [ 775429.255487116985023, 8982841.567300474271178 ] } },
{ "type": "Feature", "properties": { "NAME": "pintu", "LAYER": "Ket", "GM_TYPE": "Text", "ELEVATION": 0 }, "geometry": { "type": "Point", "coordinates": [ 775426.685312084038742, 8982826.969457004219294 ] } },
{ "type": "Feature", "properties": { "NAME": "plat", "LAYER": "Ket", "GM_TYPE": "Text", "ELEVATION": 0 }, "geometry": { "type": "Point", "coordinates": [ 775425.364639147184789, 8982824.849711423739791 ] } },
{ "type": "Feature", "properties": { "NAME": "plat", "LAYER": "Ket", "GM_TYPE": "Text", "ELEVATION": 0 }, "geometry": { "type": "Point", "coordinates": [ 775426.207863662973978, 8982827.458542114123702 ] } },
{ "type": "Feature", "properties": { "NAME": "plat", "LAYER": "Ket", "GM_TYPE": "Text", "ELEVATION": 0 }, "geometry": { "type": "Point", "coordinates": [ 775425.079259361955337, 8982824.90375561453402 ] } },
{ "type": "Feature", "properties": { "NAME": "plat", "LAYER": "Ket", "GM_TYPE": "Text", "ELEVATION": 0 }, "geometry": { "type": "Point", "coordinates": [ 775425.674662562087178, 8982822.457519974559546 ] } },
{ "type": "Feature", "properties": { "NAME": "sal ke trans", "LAYER": "Ket", "GM_TYPE": "Text", "ELEVATION": 0 }, "geometry": { "type": "Point", "coordinates": [ 775425.785320590133779, 8982822.221320904791355 ] } },
{ "type": "Feature", "properties": { "NAME": "sal ke trans", "LAYER": "Ket", "GM_TYPE": "Text", "ELEVATION": 0 }, "geometry": { "type": "Point", "coordinates": [ 775415.280449677957222, 8982818.239463983103633 ] } },
{ "type": "Feature", "properties": { "NAME": "Gr2", "LAYER": "Ket", "GM_TYPE": "Text", "ELEVATION": 0 }, "geometry": { "type": "Point", "coordinates": [ 775392.078909966978244, 8982861.020033983513713 ] } },
{ "type": "Feature", "properties": { "NAME": "jln trans", "LAYER": "Ket", "GM_TYPE": "Text", "ELEVATION": 0 }, "geometry": { "type": "Point", "coordinates": [ 775388.212815488106571, 8982856.358661364763975 ] } },
{ "type": "Feature", "properties": { "NAME": "jln trans", "LAYER": "Ket", "GM_TYPE": "Text", "ELEVATION": 0 }, "geometry": { "type": "Point", "coordinates": [ 775390.132709879078902, 8982858.673303984105587 ] } },
{ "type": "Feature", "properties": { "NAME": "as", "LAYER": "Ket", "GM_TYPE": "Text", "ELEVATION": 0 }, "geometry": { "type": "Point", "coordinates": [ 775393.752744647092186, 8982863.011044774204493 ] } },
{ "type": "Feature", "properties": { "NAME": "as", "LAYER": "Ket", "GM_TYPE": "Text", "ELEVATION": 0 }, "geometry": { "type": "Point", "coordinates": [ 775397.059316195896827, 8982866.944472463801503 ] } },
{ "type": "Feature", "properties": { "NAME": "as jbtn", "LAYER": "Ket", "GM_TYPE": "Text", "ELEVATION": 0 }, "geometry": { "type": "Point", "coordinates": [ 775394.648744410951622, 8982871.77144143357873 ] } },
{ "type": "Feature", "properties": { "NAME": "as jln", "LAYER": "Ket", "GM_TYPE": "Text", "ELEVATION": 0 }, "geometry": { "type": "Point", "coordinates": [ 775391.871032744995318, 8982872.027322834357619 ] } },
{ "type": "Feature", "properties": { "NAME": "as jln", "LAYER": "Ket", "GM_TYPE": "Text", "ELEVATION": 0 }, "geometry": { "type": "Point", "coordinates": [ 775385.241692635114305, 8982833.021059483289719 ] } },
{ "type": "Feature", "properties": { "NAME": "as jln", "LAYER": "Ket", "GM_TYPE": "Text", "ELEVATION": 0 }, "geometry": { "type": "Point", "coordinates": [ 775386.01176140003372, 8982840.490568673238158 ] } },
{ "type": "Feature", "properties": { "NAME": "tp jln", "LAYER": "Ket", "GM_TYPE": "Text", "ELEVATION": 0 }, "geometry": { "type": "Point", "coordinates": [ 775391.754352609044872, 8982882.702842153608799 ] } },
{ "type": "Feature", "properties": { "NAME": "as jln", "LAYER": "Ket", "GM_TYPE": "Text", "ELEVATION": 0 }, "geometry": { "type": "Point", "coordinates": [ 775392.618581800139509, 8982884.473885644227266 ] } },
{ "type": "Feature", "properties": { "NAME": "as", "LAYER": "Ket", "GM_TYPE": "Text", "ELEVATION": 0 }, "geometry": { "type": "Point", "coordinates": [ 775291.459263417054899, 8982883.865210153162479 ] } },
{ "type": "Feature", "properties": { "NAME": "as", "LAYER": "Ket", "GM_TYPE": "Text", "ELEVATION": 0 }, "geometry": { "type": "Point", "coordinates": [ 775291.164043369120918, 8982885.834309294819832 ] } },
{ "type": "Feature", "properties": { "NAME": "as", "LAYER": "Ket", "GM_TYPE": "Text", "ELEVATION": 0 }, "geometry": { "type": "Point", "coordinates": [ 775242.922339145909064, 8982871.627541413530707 ] } },
{ "type": "Feature", "properties": { "NAME": "as", "LAYER": "Ket", "GM_TYPE": "Text", "ELEVATION": 0 }, "geometry": { "type": "Point", "coordinates": [ 775240.613301418023184, 8982880.281462714076042 ] } },
{ "type": "Feature", "properties": { "NAME": "as", "LAYER": "Ket", "GM_TYPE": "Text", "ELEVATION": 0 }, "geometry": { "type": "Point", "coordinates": [ 775191.536431880085729, 8982873.512259926646948 ] } },
{ "type": "Feature", "properties": { "NAME": "as", "LAYER": "Ket", "GM_TYPE": "Text", "ELEVATION": 0 }, "geometry": { "type": "Point", "coordinates": [ 774907.776404385920614, 8982900.951904574409127 ] } },
{ "type": "Feature", "properties": { "NAME": "as sal", "LAYER": "Ket", "GM_TYPE": "Text", "ELEVATION": 0 }, "geometry": { "type": "Point", "coordinates": [ 774863.72314458922483, 8982924.354919834062457 ] } },
{ "type": "Feature", "properties": { "NAME": "as sal", "LAYER": "Ket", "GM_TYPE": "Text", "ELEVATION": 0 }, "geometry": { "type": "Point", "coordinates": [ 774864.651795394951478, 8982926.474137544631958 ] } },
{ "type": "Feature", "properties": { "NAME": "as sal", "LAYER": "Ket", "GM_TYPE": "Text", "ELEVATION": 0 }, "geometry": { "type": "Point", "coordinates": [ 774819.599120954051614, 8982948.685042763128877 ] } },
{ "type": "Feature", "properties": { "NAME": "as", "LAYER": "Ket", "GM_TYPE": "Text", "ELEVATION": 0 }, "geometry": { "type": "Point", "coordinates": [ 774632.37884398305323, 8983021.685276184231043 ] } },
{ "type": "Feature", "properties": { "NAME": "as", "LAYER": "Ket", "GM_TYPE": "Text", "ELEVATION": 0 }, "geometry": { "type": "Point", "coordinates": [ 774585.637170212925412, 8983039.042699713259935 ] } },
{ "type": "Feature", "properties": { "NAME": "as", "LAYER": "Ket", "GM_TYPE": "Text", "ELEVATION": 0 }, "geometry": { "type": "Point", "coordinates": [ 774540.993989112088457, 8983054.023030325770378 ] } },
{ "type": "Feature", "properties": { "NAME": "as", "LAYER": "Ket", "GM_TYPE": "Text", "ELEVATION": 0 }, "geometry": { "type": "Point", "coordinates": [ 774542.769173220032826, 8983056.121671624481678 ] } },
{ "type": "Feature", "properties": { "NAME": "tp jln", "LAYER": "Ket", "GM_TYPE": "Text", "ELEVATION": 0 }, "geometry": { "type": "Point", "coordinates": [ 774495.63575207197573, 8983132.534194743260741 ] } },
{ "type": "Feature", "properties": { "NAME": "as sal", "LAYER": "Ket", "GM_TYPE": "Text", "ELEVATION": 0 }, "geometry": { "type": "Point", "coordinates": [ 774506.438503060140647, 8983231.796656314283609 ] } },
{ "type": "Feature", "properties": { "NAME": "as sal", "LAYER": "Ket", "GM_TYPE": "Text", "ELEVATION": 0 }, "geometry": { "type": "Point", "coordinates": [ 774507.691302645020187, 8983231.913080265745521 ] } },
{ "type": "Feature", "properties": { "NAME": "as sal", "LAYER": "Ket", "GM_TYPE": "Text", "ELEVATION": 0 }, "geometry": { "type": "Point", "coordinates": [ 774506.808693129220046, 8983282.265251221135259 ] } },
{ "type": "Feature", "properties": { "NAME": "as sal", "LAYER": "Ket", "GM_TYPE": "Text", "ELEVATION": 0 }, "geometry": { "type": "Point", "coordinates": [ 774508.206577920936979, 8983282.209225373342633 ] } },
{ "type": "Feature", "properties": { "NAME": "kbn", "LAYER": "Ket", "GM_TYPE": "Text", "ELEVATION": 0 }, "geometry": { "type": "Point", "coordinates": [ 774491.401872857939452, 8983332.566476034000516 ] } },
{ "type": "Feature", "properties": { "NAME": "kbn", "LAYER": "Ket", "GM_TYPE": "Text", "ELEVATION": 0 }, "geometry": { "type": "Point", "coordinates": [ 774495.861512959236279, 8983332.355471804738045 ] } },
{ "type": "Feature", "properties": { "NAME": "as", "LAYER": "Ket", "GM_TYPE": "Text", "ELEVATION": 0 }, "geometry": { "type": "Point", "coordinates": [ 774500.240601567085832, 8983332.300303304567933 ] } },
{ "type": "Feature", "properties": { "NAME": "as", "LAYER": "Ket", "GM_TYPE": "Text", "ELEVATION": 0 }, "geometry": { "type": "Point", "coordinates": [ 774508.485001697088592, 8983332.225225834175944 ] } },
{ "type": "Feature", "properties": { "NAME": "as sal", "LAYER": "Ket", "GM_TYPE": "Text", "ELEVATION": 0 }, "geometry": { "type": "Point", "coordinates": [ 774511.166553928982466, 8983332.119886865839362 ] } },
{ "type": "Feature", "properties": { "NAME": "as kl", "LAYER": "Ket", "GM_TYPE": "Text", "ELEVATION": 0 }, "geometry": { "type": "Point", "coordinates": [ 774510.420040207100101, 8983412.164400603622198 ] } },
{ "type": "Feature", "properties": { "NAME": "as kl", "LAYER": "Ket", "GM_TYPE": "Text", "ELEVATION": 0 }, "geometry": { "type": "Point", "coordinates": [ 774516.114763387944549, 8983414.030463993549347 ] } },
{ "type": "Feature", "properties": { "NAME": "as kl", "LAYER": "Ket", "GM_TYPE": "Text", "ELEVATION": 0 }, "geometry": { "type": "Point", "coordinates": [ 774520.622792907059193, 8983416.705300204455853 ] } },
{ "type": "Feature", "properties": { "NAME": "as kl", "LAYER": "Ket", "GM_TYPE": "Text", "ELEVATION": 0 }, "geometry": { "type": "Point", "coordinates": [ 774526.56423011503648, 8983417.830527333542705 ] } },
{ "type": "Feature", "properties": { "NAME": "as kl", "LAYER": "Ket", "GM_TYPE": "Text", "ELEVATION": 0 }, "geometry": { "type": "Point", "coordinates": [ 774536.446546867955476, 8983416.493080476298928 ] } },
{ "type": "Feature", "properties": { "NAME": "as kl", "LAYER": "Ket", "GM_TYPE": "Text", "ELEVATION": 0 }, "geometry": { "type": "Point", "coordinates": [ 774547.109045912045985, 8983414.861832493916154 ] } },
{ "type": "Feature", "properties": { "NAME": "tp kl", "LAYER": "Ket", "GM_TYPE": "Text", "ELEVATION": 0 }, "geometry": { "type": "Point", "coordinates": [ 774546.184062386048026, 8983411.968333933502436 ] } },
{ "type": "Feature", "properties": { "NAME": "tb kl", "LAYER": "Ket", "GM_TYPE": "Text", "ELEVATION": 0 }, "geometry": { "type": "Point", "coordinates": [ 774546.469662184128538, 8983410.238189954310656 ] } },
{ "type": "Feature", "properties": { "NAME": "tb kl", "LAYER": "Ket", "GM_TYPE": "Text", "ELEVATION": 0 }, "geometry": { "type": "Point", "coordinates": [ 774541.494716997956857, 8983411.923767823725939 ] } },
{ "type": "Feature", "properties": { "NAME": "tp kl", "LAYER": "Ket", "GM_TYPE": "Text", "ELEVATION": 0 }, "geometry": { "type": "Point", "coordinates": [ 774542.641791112953797, 8983413.69964393414557 ] } },
{ "type": "Feature", "properties": { "NAME": "tp kl", "LAYER": "Ket", "GM_TYPE": "Text", "ELEVATION": 0 }, "geometry": { "type": "Point", "coordinates": [ 774529.393597153015435, 8983415.661886993795633 ] } },
{ "type": "Feature", "properties": { "NAME": "tb kl", "LAYER": "Ket", "GM_TYPE": "Text", "ELEVATION": 0 }, "geometry": { "type": "Point", "coordinates": [ 774529.263841250911355, 8983414.740673493593931 ] } },
{ "type": "Feature", "properties": { "NAME": "tp kl", "LAYER": "Ket", "GM_TYPE": "Text", "ELEVATION": 0 }, "geometry": { "type": "Point", "coordinates": [ 774520.425193094997667, 8983412.303418723866343 ] } },
{ "type": "Feature", "properties": { "NAME": "tb kl", "LAYER": "Ket", "GM_TYPE": "Text", "ELEVATION": 0 }, "geometry": { "type": "Point", "coordinates": [ 774522.003696750150993, 8983411.225360296666622 ] } },
{ "type": "Feature", "properties": { "NAME": "tb kl", "LAYER": "Ket", "GM_TYPE": "Text", "ELEVATION": 0 }, "geometry": { "type": "Point", "coordinates": [ 774512.694956089137122, 8983410.908327404409647 ] } },
{ "type": "Feature", "properties": { "NAME": "tp kl", "LAYER": "Ket", "GM_TYPE": "Text", "ELEVATION": 0 }, "geometry": { "type": "Point", "coordinates": [ 774512.379939320147969, 8983411.247225435450673 ] } },
{ "type": "Feature", "properties": { "NAME": "tp kl", "LAYER": "Ket", "GM_TYPE": "Text", "ELEVATION": 0 }, "geometry": { "type": "Point", "coordinates": [ 774505.716666797990911, 8983411.056656513363123 ] } },
{ "type": "Feature", "properties": { "NAME": "tb kl", "LAYER": "Ket", "GM_TYPE": "Text", "ELEVATION": 0 }, "geometry": { "type": "Point", "coordinates": [ 774505.902785061858594, 8983410.737553814426064 ] } },
{ "type": "Feature", "properties": { "NAME": "tb kl", "LAYER": "Ket", "GM_TYPE": "Text", "ELEVATION": 0 }, "geometry": { "type": "Point", "coordinates": [ 774505.998837016057223, 8983414.43358663469553 ] } },
{ "type": "Feature", "properties": { "NAME": "tp kl", "LAYER": "Ket", "GM_TYPE": "Text", "ELEVATION": 0 }, "geometry": { "type": "Point", "coordinates": [ 774506.181853457004763, 8983413.90145668387413 ] } },
{ "type": "Feature", "properties": { "NAME": "tp kl", "LAYER": "Ket", "GM_TYPE": "Text", "ELEVATION": 0 }, "geometry": { "type": "Point", "coordinates": [ 774517.235782449133694, 8983415.388807844370604 ] } },
{ "type": "Feature", "properties": { "NAME": "tb kl", "LAYER": "Ket", "GM_TYPE": "Text", "ELEVATION": 0 }, "geometry": { "type": "Point", "coordinates": [ 774516.991943854955025, 8983415.531192263588309 ] } },
{ "type": "Feature", "properties": { "NAME": "tb kl", "LAYER": "Ket", "GM_TYPE": "Text", "ELEVATION": 0 }, "geometry": { "type": "Point", "coordinates": [ 774526.353641269030049, 8983419.831167144700885 ] } },
{ "type": "Feature", "properties": { "NAME": "tp kl", "LAYER": "Ket", "GM_TYPE": "Text", "ELEVATION": 0 }, "geometry": { "type": "Point", "coordinates": [ 774526.255205735098571, 8983419.407107595354319 ] } },
{ "type": "Feature", "properties": { "NAME": "tp kl", "LAYER": "Ket", "GM_TYPE": "Text", "ELEVATION": 0 }, "geometry": { "type": "Point", "coordinates": [ 774521.35601124598179, 8983418.414509864524007 ] } },
{ "type": "Feature", "properties": { "NAME": "Sadap", "LAYER": "Ket", "GM_TYPE": "Text", "ELEVATION": 0 }, "geometry": { "type": "Point", "coordinates": [ 774487.831894696108066, 8983442.006851654499769 ] } },
{ "type": "Feature", "properties": { "NAME": "as", "LAYER": "Ket", "GM_TYPE": "Text", "ELEVATION": 0 }, "geometry": { "type": "Point", "coordinates": [ 774494.014075097977184, 8983440.686242703348398 ] } },
{ "type": "Feature", "properties": { "NAME": "pintu", "LAYER": "Ket", "GM_TYPE": "Text", "ELEVATION": 0 }, "geometry": { "type": "Point", "coordinates": [ 774490.234591539134271, 8983443.967473274096847 ] } },
{ "type": "Feature", "properties": { "NAME": "pintu", "LAYER": "Ket", "GM_TYPE": "Text", "ELEVATION": 0 }, "geometry": { "type": "Point", "coordinates": [ 774490.234585648053326, 8983443.967487873509526 ] } },
{ "type": "Feature", "properties": { "NAME": "pintu", "LAYER": "Ket", "GM_TYPE": "Text", "ELEVATION": 0 }, "geometry": { "type": "Point", "coordinates": [ 774489.186440957942978, 8983442.717326633632183 ] } },
{ "type": "Feature", "properties": { "NAME": "plat", "LAYER": "Ket", "GM_TYPE": "Text", "ELEVATION": 0 }, "geometry": { "type": "Point", "coordinates": [ 774488.799517298000865, 8983440.189443914219737 ] } },
{ "type": "Feature", "properties": { "NAME": "as", "LAYER": "Ket", "GM_TYPE": "Text", "ELEVATION": 0 }, "geometry": { "type": "Point", "coordinates": [ 774465.106196749140508, 8983458.028256764635444 ] } },
{ "type": "Feature", "properties": { "NAME": "Jbt Orang", "LAYER": "Ket", "GM_TYPE": "Text", "ELEVATION": 0 }, "geometry": { "type": "Point", "coordinates": [ 774432.592427199007943, 8983471.160928793251514 ] } },
{ "type": "Feature", "properties": { "NAME": "pgr", "LAYER": "Ket", "GM_TYPE": "Text", "ELEVATION": 0 }, "geometry": { "type": "Point", "coordinates": [ 774429.730206712149084, 8983465.619803883135319 ] } },
{ "type": "Feature", "properties": { "NAME": "pgr", "LAYER": "Ket", "GM_TYPE": "Text", "ELEVATION": 0 }, "geometry": { "type": "Point", "coordinates": [ 774427.865127745899372, 8983461.907561713829637 ] } },
{ "type": "Feature", "properties": { "NAME": "as kl", "LAYER": "Ket", "GM_TYPE": "Text", "ELEVATION": 0 }, "geometry": { "type": "Point", "coordinates": [ 774433.672855827142484, 8983473.095920564606786 ] } },
{ "type": "Feature", "properties": { "NAME": "kmp", "LAYER": "Ket", "GM_TYPE": "Text", "ELEVATION": 0 }, "geometry": { "type": "Point", "coordinates": [ 774436.556018184055574, 8983477.882048115134239 ] } },
{ "type": "Feature", "properties": { "NAME": "jbtn", "LAYER": "Ket", "GM_TYPE": "Text", "ELEVATION": 0 }, "geometry": { "type": "Point", "coordinates": [ 774439.714106114115566, 8983483.153399713337421 ] } },
{ "type": "Feature", "properties": { "NAME": "as sal", "LAYER": "Ket", "GM_TYPE": "Text", "ELEVATION": 0 }, "geometry": { "type": "Point", "coordinates": [ 774432.874897422036156, 8983474.603708373382688 ] } },
{ "type": "Feature", "properties": { "NAME": "as", "LAYER": "Ket", "GM_TYPE": "Text", "ELEVATION": 0 }, "geometry": { "type": "Point", "coordinates": [ 774294.194790244102478, 8983609.561926394701004 ] } },
{ "type": "Feature", "properties": { "NAME": "as", "LAYER": "Ket", "GM_TYPE": "Text", "ELEVATION": 0 }, "geometry": { "type": "Point", "coordinates": [ 774295.205450124107301, 8983610.498298671096563 ] } },
{ "type": "Feature", "properties": { "NAME": "as", "LAYER": "Ket", "GM_TYPE": "Text", "ELEVATION": 0 }, "geometry": { "type": "Point", "coordinates": [ 774264.3797144331038, 8983649.310014434158802 ] } },
{ "type": "Feature", "properties": { "NAME": "as", "LAYER": "Ket", "GM_TYPE": "Text", "ELEVATION": 0 }, "geometry": { "type": "Point", "coordinates": [ 774232.08442617894616, 8983687.726957984268665 ] } },
{ "type": "Feature", "properties": { "NAME": "Gr2", "LAYER": "Ket", "GM_TYPE": "Text", "ELEVATION": 0 }, "geometry": { "type": "Point", "coordinates": [ 774153.64010432001669, 8983783.501777324825525 ] } },
{ "type": "Feature", "properties": { "NAME": "tb gr2", "LAYER": "Ket", "GM_TYPE": "Text", "ELEVATION": 0 }, "geometry": { "type": "Point", "coordinates": [ 774149.936719269142486, 8983780.596161475405097 ] } },
{ "type": "Feature", "properties": { "NAME": "tp gr2", "LAYER": "Ket", "GM_TYPE": "Text", "ELEVATION": 0 }, "geometry": { "type": "Point", "coordinates": [ 774149.248027622001246, 8983780.055653164163232 ] } },
{ "type": "Feature", "properties": { "NAME": "as sal", "LAYER": "Ket", "GM_TYPE": "Text", "ELEVATION": 0 }, "geometry": { "type": "Point", "coordinates": [ 774147.852567759109661, 8983778.824789194390178 ] } },
{ "type": "Feature", "properties": { "NAME": "as sal", "LAYER": "Ket", "GM_TYPE": "Text", "ELEVATION": 0 }, "geometry": { "type": "Point", "coordinates": [ 774146.31035766704008, 8983777.834050614386797 ] } },
{ "type": "Feature", "properties": { "NAME": "as sal", "LAYER": "Ket", "GM_TYPE": "Text", "ELEVATION": 0 }, "geometry": { "type": "Point", "coordinates": [ 774139.781872567953542, 8983806.507285393774509 ] } },
{ "type": "Feature", "properties": { "NAME": "as sal", "LAYER": "Ket", "GM_TYPE": "Text", "ELEVATION": 0 }, "geometry": { "type": "Point", "coordinates": [ 774074.126017822884023, 8983857.32499267347157 ] } },
{ "type": "Feature", "properties": { "NAME": "as sal", "LAYER": "Ket", "GM_TYPE": "Text", "ELEVATION": 0 }, "geometry": { "type": "Point", "coordinates": [ 774074.696675765095279, 8983858.792360594496131 ] } },
{ "type": "Feature", "properties": { "NAME": "as sal", "LAYER": "Ket", "GM_TYPE": "Text", "ELEVATION": 0 }, "geometry": { "type": "Point", "coordinates": [ 774021.264519045013003, 8983853.804305296391249 ] } },
{ "type": "Feature", "properties": { "NAME": "as sal", "LAYER": "Ket", "GM_TYPE": "Text", "ELEVATION": 0 }, "geometry": { "type": "Point", "coordinates": [ 774020.308676205924712, 8983856.164477294310927 ] } },
{ "type": "Feature", "properties": { "NAME": "as sal", "LAYER": "Ket", "GM_TYPE": "Text", "ELEVATION": 0 }, "geometry": { "type": "Point", "coordinates": [ 774000.460359995951876, 8983839.296558374539018 ] } },
{ "type": "Feature", "properties": { "NAME": "as sal", "LAYER": "Ket", "GM_TYPE": "Text", "ELEVATION": 0 }, "geometry": { "type": "Point", "coordinates": [ 773999.661866817157716, 8983840.862382836639881 ] } },
{ "type": "Feature", "properties": { "NAME": "as sal", "LAYER": "Ket", "GM_TYPE": "Text", "ELEVATION": 0 }, "geometry": { "type": "Point", "coordinates": [ 773981.523346976027824, 8983822.133611511439085 ] } },
{ "type": "Feature", "properties": { "NAME": "as sal", "LAYER": "Ket", "GM_TYPE": "Text", "ELEVATION": 0 }, "geometry": { "type": "Point", "coordinates": [ 773947.244844416039996, 8983787.116461105644703 ] } },
{ "type": "Feature", "properties": { "NAME": "as sal", "LAYER": "Ket", "GM_TYPE": "Text", "ELEVATION": 0 }, "geometry": { "type": "Point", "coordinates": [ 773912.951955125899985, 8983752.023801984265447 ] } },
{ "type": "Feature", "properties": { "NAME": "gr2", "LAYER": "Ket", "GM_TYPE": "Text", "ELEVATION": 0 }, "geometry": { "type": "Point", "coordinates": [ 773903.957742270780727, 8983738.371376633644104 ] } },
{ "type": "Feature", "properties": { "NAME": "tb gr2", "LAYER": "Ket", "GM_TYPE": "Text", "ELEVATION": 0 }, "geometry": { "type": "Point", "coordinates": [ 773905.897297864081338, 8983736.032753424718976 ] } },
{ "type": "Feature", "properties": { "NAME": "as sal", "LAYER": "Ket", "GM_TYPE": "Text", "ELEVATION": 0 }, "geometry": { "type": "Point", "coordinates": [ 773901.676104228128679, 8983741.122330766171217 ] } },
{ "type": "Feature", "properties": { "NAME": "tp jln", "LAYER": "Ket", "GM_TYPE": "Text", "ELEVATION": 0 }, "geometry": { "type": "Point", "coordinates": [ 773899.32123759703245, 8983743.961576076224446 ] } },
{ "type": "Feature", "properties": { "NAME": "tb gr2", "LAYER": "Ket", "GM_TYPE": "Text", "ELEVATION": 0 }, "geometry": { "type": "Point", "coordinates": [ 773895.409954275935888, 8983748.676873072981834 ] } },
{ "type": "Feature", "properties": { "NAME": "tp gr2", "LAYER": "Ket", "GM_TYPE": "Text", "ELEVATION": 0 }, "geometry": { "type": "Point", "coordinates": [ 773895.073802139027975, 8983749.056822555139661 ] } },
{ "type": "Feature", "properties": { "NAME": "tp gr2", "LAYER": "Ket", "GM_TYPE": "Text", "ELEVATION": 0 }, "geometry": { "type": "Point", "coordinates": [ 773890.048005582066253, 8983755.082799913361669 ] } },
{ "type": "Feature", "properties": { "NAME": "sw", "LAYER": "Ket", "GM_TYPE": "Text", "ELEVATION": 0 }, "geometry": { "type": "Point", "coordinates": [ 773892.185760842985474, 8983752.514459924772382 ] } },
{ "type": "Feature", "properties": { "NAME": "as sal", "LAYER": "Ket", "GM_TYPE": "Text", "ELEVATION": 0 }, "geometry": { "type": "Point", "coordinates": [ 773879.724642214132473, 8983720.718015793710947 ] } },
{ "type": "Feature", "properties": { "NAME": "as sal", "LAYER": "Ket", "GM_TYPE": "Text", "ELEVATION": 0 }, "geometry": { "type": "Point", "coordinates": [ 773879.240517059108242, 8983722.237286031246185 ] } },
{ "type": "Feature", "properties": { "NAME": "as sal", "LAYER": "Ket", "GM_TYPE": "Text", "ELEVATION": 0 }, "geometry": { "type": "Point", "coordinates": [ 773840.676078349235468, 8983713.905171724036336 ] } },
{ "type": "Feature", "properties": { "NAME": "as sal", "LAYER": "Ket", "GM_TYPE": "Text", "ELEVATION": 0 }, "geometry": { "type": "Point", "coordinates": [ 773840.576456059236079, 8983715.130268543958664 ] } },
{ "type": "Feature", "properties": { "NAME": "as sal", "LAYER": "Ket", "GM_TYPE": "Text", "ELEVATION": 0 }, "geometry": { "type": "Point", "coordinates": [ 773840.556819162913598, 8983726.93639163300395 ] } },
{ "type": "Feature", "properties": { "NAME": "as sal", "LAYER": "Ket", "GM_TYPE": "Text", "ELEVATION": 0 }, "geometry": { "type": "Point", "coordinates": [ 773791.585618412937038, 8983716.060809355229139 ] } },
{ "type": "Feature", "properties": { "NAME": "as sal", "LAYER": "Ket", "GM_TYPE": "Text", "ELEVATION": 0 }, "geometry": { "type": "Point", "coordinates": [ 773791.714098594849929, 8983717.566630421206355 ] } },
{ "type": "Feature", "properties": { "NAME": "as sal", "LAYER": "Ket", "GM_TYPE": "Text", "ELEVATION": 0 }, "geometry": { "type": "Point", "coordinates": [ 773740.705507857957855, 8983719.405221603810787 ] } },
{ "type": "Feature", "properties": { "NAME": "tp jln", "LAYER": "Ket", "GM_TYPE": "Text", "ELEVATION": 0 }, "geometry": { "type": "Point", "coordinates": [ 773740.881995472009294, 8983723.151853784918785 ] } },
{ "type": "Feature", "properties": { "NAME": "gr2", "LAYER": "Ket", "GM_TYPE": "Text", "ELEVATION": 0 }, "geometry": { "type": "Point", "coordinates": [ 773711.690926706884056, 8983712.208007274195552 ] } },
{ "type": "Feature", "properties": { "NAME": "as sal", "LAYER": "Ket", "GM_TYPE": "Text", "ELEVATION": 0 }, "geometry": { "type": "Point", "coordinates": [ 773710.89005519694183, 8983714.801572134718299 ] } },
{ "type": "Feature", "properties": { "NAME": "as sal", "LAYER": "Ket", "GM_TYPE": "Text", "ELEVATION": 0 }, "geometry": { "type": "Point", "coordinates": [ 773691.324502759147435, 8983702.991763124242425 ] } },
{ "type": "Feature", "properties": { "NAME": "tp jln", "LAYER": "Ket", "GM_TYPE": "Text", "ELEVATION": 0 }, "geometry": { "type": "Point", "coordinates": [ 773689.501307629863732, 8983705.583435812965035 ] } },
{ "type": "Feature", "properties": { "NAME": "as sal", "LAYER": "Ket", "GM_TYPE": "Text", "ELEVATION": 0 }, "geometry": { "type": "Point", "coordinates": [ 773666.386576008051634, 8983675.205085594207048 ] } },
{ "type": "Feature", "properties": { "NAME": "tp jln", "LAYER": "Ket", "GM_TYPE": "Text", "ELEVATION": 0 }, "geometry": { "type": "Point", "coordinates": [ 773663.900829056976363, 8983677.275042304769158 ] } },
{ "type": "Feature", "properties": { "NAME": "as sal", "LAYER": "Ket", "GM_TYPE": "Text", "ELEVATION": 0 }, "geometry": { "type": "Point", "coordinates": [ 773637.107194025884382, 8983634.443303726613522 ] } },
{ "type": "Feature", "properties": { "NAME": "as sal", "LAYER": "Ket", "GM_TYPE": "Text", "ELEVATION": 0 }, "geometry": { "type": "Point", "coordinates": [ 773636.312566565116867, 8983635.053101345896721 ] } },
{ "type": "Feature", "properties": { "NAME": "as sal", "LAYER": "Ket", "GM_TYPE": "Text", "ELEVATION": 0 }, "geometry": { "type": "Point", "coordinates": [ 773608.135692810057662, 8983593.185483256354928 ] } },
{ "type": "Feature", "properties": { "NAME": "gr2 pb", "LAYER": "Ket", "GM_TYPE": "Text", "ELEVATION": 0 }, "geometry": { "type": "Point", "coordinates": [ 773600.432925865054131, 8983561.392395753413439 ] } },
{ "type": "Feature", "properties": { "NAME": "outlet", "LAYER": "Ket", "GM_TYPE": "Text", "ELEVATION": 0 }, "geometry": { "type": "Point", "coordinates": [ 773603.405010672984645, 8983560.315491914749146 ] } },
{ "type": "Feature", "properties": { "NAME": "inlet", "LAYER": "Ket", "GM_TYPE": "Text", "ELEVATION": 0 }, "geometry": { "type": "Point", "coordinates": [ 773588.031249908031896, 8983564.655545273795724 ] } },
{ "type": "Feature", "properties": { "NAME": "as sal", "LAYER": "Ket", "GM_TYPE": "Text", "ELEVATION": 0 }, "geometry": { "type": "Point", "coordinates": [ 773595.938679402926937, 8983562.180558633059263 ] } },
{ "type": "Feature", "properties": { "NAME": "as sal", "LAYER": "Ket", "GM_TYPE": "Text", "ELEVATION": 0 }, "geometry": { "type": "Point", "coordinates": [ 773597.313178792945109, 8983561.915563823655248 ] } },
{ "type": "Feature", "properties": { "NAME": "as sal", "LAYER": "Ket", "GM_TYPE": "Text", "ELEVATION": 0 }, "geometry": { "type": "Point", "coordinates": [ 773593.936480402946472, 8983544.807689793407917 ] } },
{ "type": "Feature", "properties": { "NAME": "tp jln", "LAYER": "Ket", "GM_TYPE": "Text", "ELEVATION": 0 }, "geometry": { "type": "Point", "coordinates": [ 773590.518258300842717, 8983545.398997813463211 ] } },
{ "type": "Feature", "properties": { "NAME": "as sal", "LAYER": "Ket", "GM_TYPE": "Text", "ELEVATION": 0 }, "geometry": { "type": "Point", "coordinates": [ 773585.052008550963365, 8983495.943311152979732 ] } },
{ "type": "Feature", "properties": { "NAME": "tp jln", "LAYER": "Ket", "GM_TYPE": "Text", "ELEVATION": 0 }, "geometry": { "type": "Point", "coordinates": [ 773582.020928085898049, 8983496.626075893640518 ] } },
{ "type": "Feature", "properties": { "NAME": "as sal", "LAYER": "Ket", "GM_TYPE": "Text", "ELEVATION": 0 }, "geometry": { "type": "Point", "coordinates": [ 773575.633974110009149, 8983446.853363171219826 ] } },
{ "type": "Feature", "properties": { "NAME": "as sal", "LAYER": "Ket", "GM_TYPE": "Text", "ELEVATION": 0 }, "geometry": { "type": "Point", "coordinates": [ 773564.764197562937625, 8983397.916680904105306 ] } },
{ "type": "Feature", "properties": { "NAME": "tp jln", "LAYER": "Ket", "GM_TYPE": "Text", "ELEVATION": 0 }, "geometry": { "type": "Point", "coordinates": [ 773561.16831236705184, 8983398.794257864356041 ] } },
{ "type": "Feature", "properties": { "NAME": "tp pemb", "LAYER": "Ket", "GM_TYPE": "Text", "ELEVATION": 0 }, "geometry": { "type": "Point", "coordinates": [ 773569.641414169105701, 8983376.737611573189497 ] } },
{ "type": "Feature", "properties": { "NAME": "tp pemb", "LAYER": "Ket", "GM_TYPE": "Text", "ELEVATION": 0 }, "geometry": { "type": "Point", "coordinates": [ 773573.305418572155759, 8983374.796667883172631 ] } },
{ "type": "Feature", "properties": { "NAME": "tp pemb", "LAYER": "Ket", "GM_TYPE": "Text", "ELEVATION": 0 }, "geometry": { "type": "Point", "coordinates": [ 773574.66781047009863, 8983373.983461553230882 ] } },
{ "type": "Feature", "properties": { "NAME": "as pemb", "LAYER": "Ket", "GM_TYPE": "Text", "ELEVATION": 0 }, "geometry": { "type": "Point", "coordinates": [ 773577.88904211577028, 8983370.715281004086137 ] } },
{ "type": "Feature", "properties": { "NAME": "tp pemb", "LAYER": "Ket", "GM_TYPE": "Text", "ELEVATION": 0 }, "geometry": { "type": "Point", "coordinates": [ 773579.350333925103769, 8983365.84181366302073 ] } },
{ "type": "Feature", "properties": { "NAME": "tb pemb", "LAYER": "Ket", "GM_TYPE": "Text", "ELEVATION": 0 }, "geometry": { "type": "Point", "coordinates": [ 773579.570183737087063, 8983363.986076604574919 ] } },
{ "type": "Feature", "properties": { "NAME": "tb sal", "LAYER": "Ket", "GM_TYPE": "Text", "ELEVATION": 0 }, "geometry": { "type": "Point", "coordinates": [ 773579.16042498301249, 8983361.21789419464767 ] } },
{ "type": "Feature", "properties": { "NAME": "tb pemb", "LAYER": "Ket", "GM_TYPE": "Text", "ELEVATION": 0 }, "geometry": { "type": "Point", "coordinates": [ 773551.418170075048693, 8983386.567313423380256 ] } },
{ "type": "Feature", "properties": { "NAME": "tb pemb", "LAYER": "Ket", "GM_TYPE": "Text", "ELEVATION": 0 }, "geometry": { "type": "Point", "coordinates": [ 773546.092366421944462, 8983382.689861653372645 ] } },
{ "type": "Feature", "properties": { "NAME": "timbunan", "LAYER": "Ket", "GM_TYPE": "Text", "ELEVATION": 0 }, "geometry": { "type": "Point", "coordinates": [ 773548.038467503036372, 8983370.80931961350143 ] } },
{ "type": "Feature", "properties": { "NAME": "timbunan", "LAYER": "Ket", "GM_TYPE": "Text", "ELEVATION": 0 }, "geometry": { "type": "Point", "coordinates": [ 773546.045350168016739, 8983373.824492553249002 ] } },
{ "type": "Feature", "properties": { "NAME": "timbunan", "LAYER": "Ket", "GM_TYPE": "Text", "ELEVATION": 0 }, "geometry": { "type": "Point", "coordinates": [ 773543.977728515048511, 8983377.26037092320621 ] } },
{ "type": "Feature", "properties": { "NAME": "timbunan", "LAYER": "Ket", "GM_TYPE": "Text", "ELEVATION": 0 }, "geometry": { "type": "Point", "coordinates": [ 773543.233366201049648, 8983378.928623292595148 ] } },
{ "type": "Feature", "properties": { "NAME": "tb pemb", "LAYER": "Ket", "GM_TYPE": "Text", "ELEVATION": 0 }, "geometry": { "type": "Point", "coordinates": [ 773540.006379387923516, 8983386.373289313167334 ] } },
{ "type": "Feature", "properties": { "NAME": "tb pemb", "LAYER": "Ket", "GM_TYPE": "Text", "ELEVATION": 0 }, "geometry": { "type": "Point", "coordinates": [ 773533.281052588135935, 8983388.389901906251907 ] } },
{ "type": "Feature", "properties": { "NAME": "air", "LAYER": "Ket", "GM_TYPE": "Text", "ELEVATION": 0 }, "geometry": { "type": "Point", "coordinates": [ 773542.30579856201075, 8983378.662620514631271 ] } },
{ "type": "Feature", "properties": { "NAME": "air", "LAYER": "Ket", "GM_TYPE": "Text", "ELEVATION": 0 }, "geometry": { "type": "Point", "coordinates": [ 773544.630113022984006, 8983374.700859703123569 ] } },
{ "type": "Feature", "properties": { "NAME": "air", "LAYER": "Ket", "GM_TYPE": "Text", "ELEVATION": 0 }, "geometry": { "type": "Point", "coordinates": [ 773546.067575562046841, 8983371.799932762980461 ] } },
{ "type": "Feature", "properties": { "NAME": "as mola", "LAYER": "Ket", "GM_TYPE": "Text", "ELEVATION": 0 }, "geometry": { "type": "Point", "coordinates": [ 773545.382140630856156, 8983371.108388334512711 ] } },
{ "type": "Feature", "properties": { "NAME": "tp pemb", "LAYER": "Ket", "GM_TYPE": "Text", "ELEVATION": 0 }, "geometry": { "type": "Point", "coordinates": [ 773556.4187823520042, 8983374.772396383807063 ] } },
{ "type": "Feature", "properties": { "NAME": "as pemb", "LAYER": "Ket", "GM_TYPE": "Text", "ELEVATION": 0 }, "geometry": { "type": "Point", "coordinates": [ 773557.299013327923603, 8983376.680988373234868 ] } },
{ "type": "Feature", "properties": { "NAME": "tp pemb", "LAYER": "Ket", "GM_TYPE": "Text", "ELEVATION": 0 }, "geometry": { "type": "Point", "coordinates": [ 773558.843417902011424, 8983380.029573921114206 ] } },
{ "type": "Feature", "properties": { "NAME": "as pemb", "LAYER": "Ket", "GM_TYPE": "Text", "ELEVATION": 0 }, "geometry": { "type": "Point", "coordinates": [ 773563.482673460035585, 8983374.896402474492788 ] } },
{ "type": "Feature", "properties": { "NAME": "as pemb", "LAYER": "Ket", "GM_TYPE": "Text", "ELEVATION": 0 }, "geometry": { "type": "Point", "coordinates": [ 773552.565294467960484, 8983380.12243277579546 ] } },
{ "type": "Feature", "properties": { "NAME": "as sal", "LAYER": "Ket", "GM_TYPE": "Text", "ELEVATION": 0 }, "geometry": { "type": "Point", "coordinates": [ 773565.482670385041274, 8983365.275940263643861 ] } },
{ "type": "Feature", "properties": { "NAME": "as sal", "LAYER": "Ket", "GM_TYPE": "Text", "ELEVATION": 0 }, "geometry": { "type": "Point", "coordinates": [ 773561.082829957013018, 8983364.576458094641566 ] } },
{ "type": "Feature", "properties": { "NAME": "as sal", "LAYER": "Ket", "GM_TYPE": "Text", "ELEVATION": 0 }, "geometry": { "type": "Point", "coordinates": [ 773548.279851553030312, 8983369.561021534726024 ] } },
{ "type": "Feature", "properties": { "NAME": "as sal", "LAYER": "Ket", "GM_TYPE": "Text", "ELEVATION": 0 }, "geometry": { "type": "Point", "coordinates": [ 773555.101547390106134, 8983366.129418453201652 ] } },
{ "type": "Feature", "properties": { "NAME": "tgl", "LAYER": "Ket", "GM_TYPE": "Text", "ELEVATION": 0 }, "geometry": { "type": "Point", "coordinates": [ 773554.524489875882864, 8983363.717292413115501 ] } },
{ "type": "Feature", "properties": { "NAME": "tgl", "LAYER": "Ket", "GM_TYPE": "Text", "ELEVATION": 0 }, "geometry": { "type": "Point", "coordinates": [ 773551.782113815890625, 8983365.496625136584044 ] } },
{ "type": "Feature", "properties": { "NAME": "tgl", "LAYER": "Ket", "GM_TYPE": "Text", "ELEVATION": 0 }, "geometry": { "type": "Point", "coordinates": [ 773549.75105399498716, 8983366.456656025722623 ] } },
{ "type": "Feature", "properties": { "NAME": "tgl", "LAYER": "Ket", "GM_TYPE": "Text", "ELEVATION": 0 }, "geometry": { "type": "Point", "coordinates": [ 773546.447577448096126, 8983360.339376823976636 ] } },
{ "type": "Feature", "properties": { "NAME": "as sal", "LAYER": "Ket", "GM_TYPE": "Text", "ELEVATION": 0 }, "geometry": { "type": "Point", "coordinates": [ 773513.31353576015681, 8983310.754186883568764 ] } },
{ "type": "Feature", "properties": { "NAME": "as sal", "LAYER": "Ket", "GM_TYPE": "Text", "ELEVATION": 0 }, "geometry": { "type": "Point", "coordinates": [ 773512.518016063142568, 8983311.315413093194366 ] } },
{ "type": "Feature", "properties": { "NAME": "as sal", "LAYER": "Ket", "GM_TYPE": "Text", "ELEVATION": 0 }, "geometry": { "type": "Point", "coordinates": [ 773483.341184802935459, 8983272.254863454028964 ] } },
{ "type": "Feature", "properties": { "NAME": "as sal", "LAYER": "Ket", "GM_TYPE": "Text", "ELEVATION": 0 }, "geometry": { "type": "Point", "coordinates": [ 773453.826505339122377, 8983232.060118334367871 ] } },
{ "type": "Feature", "properties": { "NAME": "as sal", "LAYER": "Ket", "GM_TYPE": "Text", "ELEVATION": 0 }, "geometry": { "type": "Point", "coordinates": [ 773425.831113943131641, 8983193.580401934683323 ] } },
{ "type": "Feature", "properties": { "NAME": "as sal", "LAYER": "Ket", "GM_TYPE": "Text", "ELEVATION": 0 }, "geometry": { "type": "Point", "coordinates": [ 773396.226165732135996, 8983153.501880273222923 ] } },
{ "type": "Feature", "properties": { "NAME": "Sadap", "LAYER": "Ket", "GM_TYPE": "Text", "ELEVATION": 0 }, "geometry": { "type": "Point", "coordinates": [ 773385.820960846031085, 8983132.491627244278789 ] } },
{ "type": "Feature", "properties": { "NAME": "top psg", "LAYER": "Ket", "GM_TYPE": "Text", "ELEVATION": 0 }, "geometry": { "type": "Point", "coordinates": [ 773386.835558656021021, 8983131.707622744143009 ] } },
{ "type": "Feature", "properties": { "NAME": "pintu", "LAYER": "Ket", "GM_TYPE": "Text", "ELEVATION": 0 }, "geometry": { "type": "Point", "coordinates": [ 773386.43498002004344, 8983134.992203606292605 ] } },
{ "type": "Feature", "properties": { "NAME": "plat", "LAYER": "Ket", "GM_TYPE": "Text", "ELEVATION": 0 }, "geometry": { "type": "Point", "coordinates": [ 773386.48326917423401, 8983134.434893723577261 ] } },
{ "type": "Feature", "properties": { "NAME": "plat", "LAYER": "Ket", "GM_TYPE": "Text", "ELEVATION": 0 }, "geometry": { "type": "Point", "coordinates": [ 773382.339044225984253, 8983134.634365843608975 ] } },
{ "type": "Feature", "properties": { "NAME": "plat", "LAYER": "Ket", "GM_TYPE": "Text", "ELEVATION": 0 }, "geometry": { "type": "Point", "coordinates": [ 773381.333687469945289, 8983138.402373811230063 ] } },
{ "type": "Feature", "properties": { "NAME": "plat", "LAYER": "Ket", "GM_TYPE": "Text", "ELEVATION": 0 }, "geometry": { "type": "Point", "coordinates": [ 773373.524308354943059, 8983139.133770123124123 ] } },
{ "type": "Feature", "properties": { "NAME": "pintu", "LAYER": "Ket", "GM_TYPE": "Text", "ELEVATION": 0 }, "geometry": { "type": "Point", "coordinates": [ 773373.29106031905394, 8983139.132394662126899 ] } },
{ "type": "Feature", "properties": { "NAME": "as sal", "LAYER": "Ket", "GM_TYPE": "Text", "ELEVATION": 0 }, "geometry": { "type": "Point", "coordinates": [ 773367.854150227969512, 8983111.671389453113079 ] } },
{ "type": "Feature", "properties": { "NAME": "as sal", "LAYER": "Ket", "GM_TYPE": "Text", "ELEVATION": 0 }, "geometry": { "type": "Point", "coordinates": [ 773369.256167238112539, 8983111.269445454701781 ] } },
{ "type": "Feature", "properties": { "NAME": "Drop", "LAYER": "Ket", "GM_TYPE": "Text", "ELEVATION": 0 }, "geometry": { "type": "Point", "coordinates": [ 773385.091586915892549, 8983061.497367842122912 ] } },
{ "type": "Feature", "properties": { "NAME": "top psg", "LAYER": "Ket", "GM_TYPE": "Text", "ELEVATION": 0 }, "geometry": { "type": "Point", "coordinates": [ 773384.205320879118517, 8983061.107706014066935 ] } },
{ "type": "Feature", "properties": { "NAME": "as sal", "LAYER": "Ket", "GM_TYPE": "Text", "ELEVATION": 0 }, "geometry": { "type": "Point", "coordinates": [ 773382.895231537055224, 8983060.531703114509583 ] } },
{ "type": "Feature", "properties": { "NAME": "top psg", "LAYER": "Ket", "GM_TYPE": "Text", "ELEVATION": 0 }, "geometry": { "type": "Point", "coordinates": [ 773382.01621539099142, 8983060.145228823646903 ] } },
{ "type": "Feature", "properties": { "NAME": "as jbtn", "LAYER": "Ket", "GM_TYPE": "Text", "ELEVATION": 0 }, "geometry": { "type": "Point", "coordinates": [ 773383.339651220012456, 8983059.703648503869772 ] } },
{ "type": "Feature", "properties": { "NAME": "top psg", "LAYER": "Ket", "GM_TYPE": "Text", "ELEVATION": 0 }, "geometry": { "type": "Point", "coordinates": [ 775425.984280130942352, 8982821.633308164775372 ] } },
{ "type": "Feature", "properties": { "NAME": "top psg", "LAYER": "Ket", "GM_TYPE": "Text", "ELEVATION": 0 }, "geometry": { "type": "Point", "coordinates": [ 775425.937990310951136, 8982821.894375702366233 ] } },
{ "type": "Feature", "properties": { "NAME": "top psg", "LAYER": "Ket", "GM_TYPE": "Text", "ELEVATION": 0 }, "geometry": { "type": "Point", "coordinates": [ 775425.923227998078801, 8982821.884938513860106 ] } },
{ "type": "Feature", "properties": { "NAME": "top psg", "LAYER": "Ket", "GM_TYPE": "Text", "ELEVATION": 0 }, "geometry": { "type": "Point", "coordinates": [ 775425.310009506996721, 8982823.353043934330344 ] } },
{ "type": "Feature", "properties": { "NAME": "ATSINLET", "LAYER": "Ket", "GM_TYPE": "Text", "ELEVATION": 0 }, "geometry": { "type": "Point", "coordinates": [ 775421.849607871030457, 8982820.791295614093542 ] } },
{ "type": "Feature", "properties": { "NAME": "as sal", "LAYER": "Ket", "GM_TYPE": "Text", "ELEVATION": 0 }, "geometry": { "type": "Point", "coordinates": [ 775388.132840318023227, 8982805.67107243463397 ] } },
{ "type": "Feature", "properties": { "NAME": "tp jln", "LAYER": "Ket", "GM_TYPE": "Text", "ELEVATION": 0 }, "geometry": { "type": "Point", "coordinates": [ 775381.15620360604953, 8982811.649189354851842 ] } },
{ "type": "Feature", "properties": { "NAME": "as plat", "LAYER": "Ket", "GM_TYPE": "Text", "ELEVATION": 0 }, "geometry": { "type": "Point", "coordinates": [ 775384.139520545955747, 8982796.305333873257041 ] } },
{ "type": "Feature", "properties": { "NAME": "lantai", "LAYER": "Ket", "GM_TYPE": "Text", "ELEVATION": 0 }, "geometry": { "type": "Point", "coordinates": [ 775384.351459466968663, 8982797.105279913172126 ] } },
{ "type": "Feature", "properties": { "NAME": "as sal", "LAYER": "Ket", "GM_TYPE": "Text", "ELEVATION": 0 }, "geometry": { "type": "Point", "coordinates": [ 775377.616990310139954, 8982760.717408565804362 ] } },
{ "type": "Feature", "properties": { "NAME": "as sal", "LAYER": "Ket", "GM_TYPE": "Text", "ELEVATION": 0 }, "geometry": { "type": "Point", "coordinates": [ 775378.587244589230977, 8982760.595018234103918 ] } },
{ "type": "Feature", "properties": { "NAME": "tp jln", "LAYER": "Ket", "GM_TYPE": "Text", "ELEVATION": 0 }, "geometry": { "type": "Point", "coordinates": [ 775396.058704817085527, 8982758.687795413658023 ] } },
{ "type": "Feature", "properties": { "NAME": "tp jln", "LAYER": "Ket", "GM_TYPE": "Text", "ELEVATION": 0 }, "geometry": { "type": "Point", "coordinates": [ 775372.552249428001232, 8982761.354960974305868 ] } },
{ "type": "Feature", "properties": { "NAME": "as sal", "LAYER": "Ket", "GM_TYPE": "Text", "ELEVATION": 0 }, "geometry": { "type": "Point", "coordinates": [ 775370.161837551975623, 8982711.334156984463334 ] } },
{ "type": "Feature", "properties": { "NAME": "as sal", "LAYER": "Ket", "GM_TYPE": "Text", "ELEVATION": 0 }, "geometry": { "type": "Point", "coordinates": [ 775371.118794447043911, 8982711.190555673092604 ] } },
{ "type": "Feature", "properties": { "NAME": "as jln", "LAYER": "Ket", "GM_TYPE": "Text", "ELEVATION": 0 }, "geometry": { "type": "Point", "coordinates": [ 775366.094798502977937, 8982711.94734968431294 ] } },
{ "type": "Feature", "properties": { "NAME": "tp jln", "LAYER": "Ket", "GM_TYPE": "Text", "ELEVATION": 0 }, "geometry": { "type": "Point", "coordinates": [ 775364.46776733698789, 8982712.168067552149296 ] } },
{ "type": "Feature", "properties": { "NAME": "as sal", "LAYER": "Ket", "GM_TYPE": "Text", "ELEVATION": 0 }, "geometry": { "type": "Point", "coordinates": [ 775362.230181365157478, 8982668.428799413144588 ] } },
{ "type": "Feature", "properties": { "NAME": "drop", "LAYER": "Ket", "GM_TYPE": "Text", "ELEVATION": 0 }, "geometry": { "type": "Point", "coordinates": [ 775380.811477125040255, 8982663.535269394516945 ] } },
{ "type": "Feature", "properties": { "NAME": "psg", "LAYER": "Ket", "GM_TYPE": "Text", "ELEVATION": 0 }, "geometry": { "type": "Point", "coordinates": [ 775362.860640990780666, 8982667.642296744510531 ] } },
{ "type": "Feature", "properties": { "NAME": "psg", "LAYER": "Ket", "GM_TYPE": "Text", "ELEVATION": 0 }, "geometry": { "type": "Point", "coordinates": [ 775363.018449683091603, 8982667.977484323084354 ] } },
{ "type": "Feature", "properties": { "NAME": "sal", "LAYER": "Ket", "GM_TYPE": "Text", "ELEVATION": 0 }, "geometry": { "type": "Point", "coordinates": [ 775364.764529659179971, 8982667.255462994799018 ] } },
{ "type": "Feature", "properties": { "NAME": "as sal", "LAYER": "Ket", "GM_TYPE": "Text", "ELEVATION": 0 }, "geometry": { "type": "Point", "coordinates": [ 775356.17435656208545, 8982619.820858666673303 ] } },
{ "type": "Feature", "properties": { "NAME": "as sal", "LAYER": "Ket", "GM_TYPE": "Text", "ELEVATION": 0 }, "geometry": { "type": "Point", "coordinates": [ 775357.15698763099499, 8982619.679429134353995 ] } },
{ "type": "Feature", "properties": { "NAME": "sal", "LAYER": "Ket", "GM_TYPE": "Text", "ELEVATION": 0 }, "geometry": { "type": "Point", "coordinates": [ 775361.764187625842169, 8982618.775576254352927 ] } },
{ "type": "Feature", "properties": { "NAME": "top psg", "LAYER": "Ket", "GM_TYPE": "Text", "ELEVATION": 0 }, "geometry": { "type": "Point", "coordinates": [ 775353.818145922152326, 8982607.193864202126861 ] } },
{ "type": "Feature", "properties": { "NAME": "as sal", "LAYER": "Ket", "GM_TYPE": "Text", "ELEVATION": 0 }, "geometry": { "type": "Point", "coordinates": [ 775354.926570627954789, 8982606.980502393096685 ] } },
{ "type": "Feature", "properties": { "NAME": "top psg", "LAYER": "Ket", "GM_TYPE": "Text", "ELEVATION": 0 }, "geometry": { "type": "Point", "coordinates": [ 775355.604627219960093, 8982606.849791292101145 ] } },
{ "type": "Feature", "properties": { "NAME": "plat", "LAYER": "Ket", "GM_TYPE": "Text", "ELEVATION": 0 }, "geometry": { "type": "Point", "coordinates": [ 775355.082934915786609, 8982608.156878544017673 ] } },
{ "type": "Feature", "properties": { "NAME": "as sal", "LAYER": "Ket", "GM_TYPE": "Text", "ELEVATION": 0 }, "geometry": { "type": "Point", "coordinates": [ 775349.534305242006667, 8982570.531502274796367 ] } },
{ "type": "Feature", "properties": { "NAME": "as sal", "LAYER": "Ket", "GM_TYPE": "Text", "ELEVATION": 0 }, "geometry": { "type": "Point", "coordinates": [ 775341.958849845919758, 8982521.401110494509339 ] } },
{ "type": "Feature", "properties": { "NAME": "as sal", "LAYER": "Ket", "GM_TYPE": "Text", "ELEVATION": 0 }, "geometry": { "type": "Point", "coordinates": [ 775334.249037649133243, 8982472.018501026555896 ] } },
{ "type": "Feature", "properties": { "NAME": "as sal", "LAYER": "Ket", "GM_TYPE": "Text", "ELEVATION": 0 }, "geometry": { "type": "Point", "coordinates": [ 775339.105630394071341, 8982471.218880411237478 ] } },
{ "type": "Feature", "properties": { "NAME": "as sal", "LAYER": "Ket", "GM_TYPE": "Text", "ELEVATION": 0 }, "geometry": { "type": "Point", "coordinates": [ 775324.468160690972582, 8982473.67237133346498 ] } },
{ "type": "Feature", "properties": { "NAME": "as sal", "LAYER": "Ket", "GM_TYPE": "Text", "ELEVATION": 0 }, "geometry": { "type": "Point", "coordinates": [ 775324.323243628023192, 8982413.145325103774667 ] } },
{ "type": "Feature", "properties": { "NAME": "as sal", "LAYER": "Ket", "GM_TYPE": "Text", "ELEVATION": 0 }, "geometry": { "type": "Point", "coordinates": [ 775324.950253597926348, 8982412.957701394334435 ] } },
{ "type": "Feature", "properties": { "NAME": "sal", "LAYER": "Ket", "GM_TYPE": "Text", "ELEVATION": 0 }, "geometry": { "type": "Point", "coordinates": [ 775332.568025465123355, 8982411.394686244428158 ] } },
{ "type": "Feature", "properties": { "NAME": "sal", "LAYER": "Ket", "GM_TYPE": "Text", "ELEVATION": 0 }, "geometry": { "type": "Point", "coordinates": [ 775314.688530620886013, 8982414.977139374241233 ] } },
{ "type": "Feature", "properties": { "NAME": "plat", "LAYER": "Ket", "GM_TYPE": "Text", "ELEVATION": 0 }, "geometry": { "type": "Point", "coordinates": [ 775303.260298628010787, 8982417.72040063329041 ] } },
{ "type": "Feature", "properties": { "NAME": "drop", "LAYER": "Ket", "GM_TYPE": "Text", "ELEVATION": 0 }, "geometry": { "type": "Point", "coordinates": [ 775324.822253379970789, 8982412.365870993584394 ] } },
{ "type": "Feature", "properties": { "NAME": "as sal", "LAYER": "Ket", "GM_TYPE": "Text", "ELEVATION": 0 }, "geometry": { "type": "Point", "coordinates": [ 775316.43022434215527, 8982365.261688193306327 ] } },
{ "type": "Feature", "properties": { "NAME": "as sal", "LAYER": "Ket", "GM_TYPE": "Text", "ELEVATION": 0 }, "geometry": { "type": "Point", "coordinates": [ 775317.688345537055284, 8982365.11974142305553 ] } },
{ "type": "Feature", "properties": { "NAME": "as al", "LAYER": "Ket", "GM_TYPE": "Text", "ELEVATION": 0 }, "geometry": { "type": "Point", "coordinates": [ 775320.485468982951716, 8982364.637022333219647 ] } },
{ "type": "Feature", "properties": { "NAME": "as al", "LAYER": "Ket", "GM_TYPE": "Text", "ELEVATION": 0 }, "geometry": { "type": "Point", "coordinates": [ 775321.93823620909825, 8982364.317705564200878 ] } },
{ "type": "Feature", "properties": { "NAME": "as sal", "LAYER": "Ket", "GM_TYPE": "Text", "ELEVATION": 0 }, "geometry": { "type": "Point", "coordinates": [ 775310.276565792155452, 8982316.170290293172002 ] } },
{ "type": "Feature", "properties": { "NAME": "tp jln", "LAYER": "Ket", "GM_TYPE": "Text", "ELEVATION": 0 }, "geometry": { "type": "Point", "coordinates": [ 775303.852914341026917, 8982317.482669975608587 ] } },
{ "type": "Feature", "properties": { "NAME": "as sal", "LAYER": "Ket", "GM_TYPE": "Text", "ELEVATION": 0 }, "geometry": { "type": "Point", "coordinates": [ 775302.267358775017783, 8982267.042735632508993 ] } },
{ "type": "Feature", "properties": { "NAME": "top psg", "LAYER": "Ket", "GM_TYPE": "Text", "ELEVATION": 0 }, "geometry": { "type": "Point", "coordinates": [ 775292.251396848005243, 8982213.909386863932014 ] } },
{ "type": "Feature", "properties": { "NAME": "as sal", "LAYER": "Ket", "GM_TYPE": "Text", "ELEVATION": 0 }, "geometry": { "type": "Point", "coordinates": [ 775293.780558514059521, 8982213.616917744278908 ] } },
{ "type": "Feature", "properties": { "NAME": "top psg", "LAYER": "Ket", "GM_TYPE": "Text", "ELEVATION": 0 }, "geometry": { "type": "Point", "coordinates": [ 775294.921938467072323, 8982213.39861617423594 ] } },
{ "type": "Feature", "properties": { "NAME": "tp jln", "LAYER": "Ket", "GM_TYPE": "Text", "ELEVATION": 0 }, "geometry": { "type": "Point", "coordinates": [ 775286.456074972054921, 8982215.033282173797488 ] } },
{ "type": "Feature", "properties": { "NAME": "tp jln", "LAYER": "Ket", "GM_TYPE": "Text", "ELEVATION": 0 }, "geometry": { "type": "Point", "coordinates": [ 775284.742521413136274, 8982215.392451083287597 ] } },
{ "type": "Feature", "properties": { "NAME": "tp jln", "LAYER": "Ket", "GM_TYPE": "Text", "ELEVATION": 0 }, "geometry": { "type": "Point", "coordinates": [ 775284.594805727014318, 8982215.423407435417175 ] } },
{ "type": "Feature", "properties": { "NAME": "tp jln", "LAYER": "Ket", "GM_TYPE": "Text", "ELEVATION": 0 }, "geometry": { "type": "Point", "coordinates": [ 775282.28404240089003, 8982215.907794464379549 ] } },
{ "type": "Feature", "properties": { "NAME": "tp jln", "LAYER": "Ket", "GM_TYPE": "Text", "ELEVATION": 0 }, "geometry": { "type": "Point", "coordinates": [ 775280.54104492708575, 8982216.258057674393058 ] } },
{ "type": "Feature", "properties": { "NAME": "ASPNTUTR", "LAYER": "Ket", "GM_TYPE": "Text", "ELEVATION": 0 }, "geometry": { "type": "Point", "coordinates": [ 775291.884470148943365, 8982213.428369583562016 ] } },
{ "type": "Feature", "properties": { "NAME": "ASPNTUTR", "LAYER": "Ket", "GM_TYPE": "Text", "ELEVATION": 0 }, "geometry": { "type": "Point", "coordinates": [ 775295.355466392124072, 8982211.736024623736739 ] } },
{ "type": "Feature", "properties": { "NAME": "as pintu", "LAYER": "Ket", "GM_TYPE": "Text", "ELEVATION": 0 }, "geometry": { "type": "Point", "coordinates": [ 775293.541430106968619, 8982211.193507483229041 ] } },
{ "type": "Feature", "properties": { "NAME": "as drop", "LAYER": "Ket", "GM_TYPE": "Text", "ELEVATION": 0 }, "geometry": { "type": "Point", "coordinates": [ 775293.145638584042899, 8982208.183414904400706 ] } },
{ "type": "Feature", "properties": { "NAME": "plat", "LAYER": "Ket", "GM_TYPE": "Text", "ELEVATION": 0 }, "geometry": { "type": "Point", "coordinates": [ 775296.143748963135295, 8982211.080088322982192 ] } },
{ "type": "Feature", "properties": { "NAME": "as sal", "LAYER": "Ket", "GM_TYPE": "Text", "ELEVATION": 0 }, "geometry": { "type": "Point", "coordinates": [ 775286.970460274955258, 8982164.357788264751434 ] } },
{ "type": "Feature", "properties": { "NAME": "as sal", "LAYER": "Ket", "GM_TYPE": "Text", "ELEVATION": 0 }, "geometry": { "type": "Point", "coordinates": [ 775282.661495545879006, 8982114.347276084125042 ] } },
{ "type": "Feature", "properties": { "NAME": "as sal", "LAYER": "Ket", "GM_TYPE": "Text", "ELEVATION": 0 }, "geometry": { "type": "Point", "coordinates": [ 775283.385329146985896, 8982114.312599334865808 ] } },
{ "type": "Feature", "properties": { "NAME": "sal", "LAYER": "Ket", "GM_TYPE": "Text", "ELEVATION": 0 }, "geometry": { "type": "Point", "coordinates": [ 775290.347980887047015, 8982113.815542005002499 ] } },
{ "type": "Feature", "properties": { "NAME": "plat", "LAYER": "Ket", "GM_TYPE": "Text", "ELEVATION": 0 }, "geometry": { "type": "Point", "coordinates": [ 775260.849256727960892, 8982116.632583135738969 ] } },
{ "type": "Feature", "properties": { "NAME": "as sal", "LAYER": "Ket", "GM_TYPE": "Text", "ELEVATION": 0 }, "geometry": { "type": "Point", "coordinates": [ 775281.560745420050807, 8982064.034788891673088 ] } },
{ "type": "Feature", "properties": { "NAME": "sal", "LAYER": "Ket", "GM_TYPE": "Text", "ELEVATION": 0 }, "geometry": { "type": "Point", "coordinates": [ 775283.288851902005263, 8982063.909745873883367 ] } },
{ "type": "Feature", "properties": { "NAME": "sal", "LAYER": "Ket", "GM_TYPE": "Text", "ELEVATION": 0 }, "geometry": { "type": "Point", "coordinates": [ 775285.75293968594633, 8982063.771860523149371 ] } },
{ "type": "Feature", "properties": { "NAME": "sal", "LAYER": "Ket", "GM_TYPE": "Text", "ELEVATION": 0 }, "geometry": { "type": "Point", "coordinates": [ 775270.367614142945968, 8982064.68011855147779 ] } },
{ "type": "Feature", "properties": { "NAME": "sal", "LAYER": "Ket", "GM_TYPE": "Text", "ELEVATION": 0 }, "geometry": { "type": "Point", "coordinates": [ 775269.435457369079813, 8982064.921377761289477 ] } },
{ "type": "Feature", "properties": { "NAME": "as sal", "LAYER": "Ket", "GM_TYPE": "Text", "ELEVATION": 0 }, "geometry": { "type": "Point", "coordinates": [ 775277.655061112949625, 8982014.143199663609266 ] } },
{ "type": "Feature", "properties": { "NAME": "as sal", "LAYER": "Ket", "GM_TYPE": "Text", "ELEVATION": 0 }, "geometry": { "type": "Point", "coordinates": [ 775278.557738644187339, 8982014.111528331413865 ] } },
{ "type": "Feature", "properties": { "NAME": "sal", "LAYER": "Ket", "GM_TYPE": "Text", "ELEVATION": 0 }, "geometry": { "type": "Point", "coordinates": [ 775268.722970709088258, 8982014.995462913066149 ] } },
{ "type": "Feature", "properties": { "NAME": "sal", "LAYER": "Ket", "GM_TYPE": "Text", "ELEVATION": 0 }, "geometry": { "type": "Point", "coordinates": [ 775268.28553517209366, 8982014.90555208362639 ] } },
{ "type": "Feature", "properties": { "NAME": "tp jln", "LAYER": "Ket", "GM_TYPE": "Text", "ELEVATION": 0 }, "geometry": { "type": "Point", "coordinates": [ 775272.154838970862329, 8981965.369638433679938 ] } },
{ "type": "Feature", "properties": { "NAME": "as sal", "LAYER": "Ket", "GM_TYPE": "Text", "ELEVATION": 0 }, "geometry": { "type": "Point", "coordinates": [ 775275.747485102037899, 8981965.176928721368313 ] } },
{ "type": "Feature", "properties": { "NAME": "tp jln", "LAYER": "Ket", "GM_TYPE": "Text", "ELEVATION": 0 }, "geometry": { "type": "Point", "coordinates": [ 775268.825712815974839, 8981965.548309814184904 ] } },
{ "type": "Feature", "properties": { "NAME": "as sal", "LAYER": "Ket", "GM_TYPE": "Text", "ELEVATION": 0 }, "geometry": { "type": "Point", "coordinates": [ 775273.105361939058639, 8981914.940603533759713 ] } },
{ "type": "Feature", "properties": { "NAME": "as sal", "LAYER": "Ket", "GM_TYPE": "Text", "ELEVATION": 0 }, "geometry": { "type": "Point", "coordinates": [ 775270.864899837062694, 8981865.066230934113264 ] } },
{ "type": "Feature", "properties": { "NAME": "as sal", "LAYER": "Ket", "GM_TYPE": "Text", "ELEVATION": 0 }, "geometry": { "type": "Point", "coordinates": [ 775268.110168964019977, 8981815.102947376668453 ] } },
{ "type": "Feature", "properties": { "NAME": "sal", "LAYER": "Ket", "GM_TYPE": "Text", "ELEVATION": 0 }, "geometry": { "type": "Point", "coordinates": [ 775279.873929760884494, 8981813.235968524590135 ] } },
{ "type": "Feature", "properties": { "NAME": "tp jln", "LAYER": "Ket", "GM_TYPE": "Text", "ELEVATION": 0 }, "geometry": { "type": "Point", "coordinates": [ 775262.144428816973232, 8981815.611135253682733 ] } },
{ "type": "Feature", "properties": { "NAME": "as sal", "LAYER": "Ket", "GM_TYPE": "Text", "ELEVATION": 0 }, "geometry": { "type": "Point", "coordinates": [ 775265.261396502959542, 8981764.724288193508983 ] } },
{ "type": "Feature", "properties": { "NAME": "tp jln", "LAYER": "Ket", "GM_TYPE": "Text", "ELEVATION": 0 }, "geometry": { "type": "Point", "coordinates": [ 775259.468198242015205, 8981765.120813334360719 ] } },
{ "type": "Feature", "properties": { "NAME": "tp jln", "LAYER": "Ket", "GM_TYPE": "Text", "ELEVATION": 0 }, "geometry": { "type": "Point", "coordinates": [ 775256.828461075900123, 8981765.301494562998414 ] } },
{ "type": "Feature", "properties": { "NAME": "tp jln", "LAYER": "Ket", "GM_TYPE": "Text", "ELEVATION": 0 }, "geometry": { "type": "Point", "coordinates": [ 775253.2126589929685, 8981765.548984182998538 ] } },
{ "type": "Feature", "properties": { "NAME": "tp jln", "LAYER": "Ket", "GM_TYPE": "Text", "ELEVATION": 0 }, "geometry": { "type": "Point", "coordinates": [ 775250.107783296029083, 8981765.761502593755722 ] } },
{ "type": "Feature", "properties": { "NAME": "tp jln", "LAYER": "Ket", "GM_TYPE": "Text", "ELEVATION": 0 }, "geometry": { "type": "Point", "coordinates": [ 775259.136109394952655, 8981715.257726222276688 ] } },
{ "type": "Feature", "properties": { "NAME": "as sal", "LAYER": "Ket", "GM_TYPE": "Text", "ELEVATION": 0 }, "geometry": { "type": "Point", "coordinates": [ 775262.37644143588841, 8981715.205704944208264 ] } },
{ "type": "Feature", "properties": { "NAME": "as sal", "LAYER": "Ket", "GM_TYPE": "Text", "ELEVATION": 0 }, "geometry": { "type": "Point", "coordinates": [ 775259.604809464071877, 8981665.055664921179414 ] } },
{ "type": "Feature", "properties": { "NAME": "brj", "LAYER": "Ket", "GM_TYPE": "Text", "ELEVATION": 0 }, "geometry": { "type": "Point", "coordinates": [ 775248.228634040919133, 8981634.189871773123741 ] } },
{ "type": "Feature", "properties": { "NAME": "brj", "LAYER": "Ket", "GM_TYPE": "Text", "ELEVATION": 0 }, "geometry": { "type": "Point", "coordinates": [ 775241.744477999978699, 8981633.999225966632366 ] } },
{ "type": "Feature", "properties": { "NAME": "as jln", "LAYER": "Ket", "GM_TYPE": "Text", "ELEVATION": 0 }, "geometry": { "type": "Point", "coordinates": [ 775235.372215099050663, 8981633.306636534631252 ] } },
{ "type": "Feature", "properties": { "NAME": "tp jln", "LAYER": "Ket", "GM_TYPE": "Text", "ELEVATION": 0 }, "geometry": { "type": "Point", "coordinates": [ 775268.342542065889575, 8981591.31531204469502 ] } },
{ "type": "Feature", "properties": { "NAME": "tp jln", "LAYER": "Ket", "GM_TYPE": "Text", "ELEVATION": 0 }, "geometry": { "type": "Point", "coordinates": [ 775274.886273380019702, 8981590.770797714591026 ] } },
{ "type": "Feature", "properties": { "NAME": "in gr2", "LAYER": "Ket", "GM_TYPE": "Text", "ELEVATION": 0 }, "geometry": { "type": "Point", "coordinates": [ 775234.110458035953343, 8981593.934082293882966 ] } },
{ "type": "Feature", "properties": { "NAME": "as gr2", "LAYER": "Ket", "GM_TYPE": "Text", "ELEVATION": 0 }, "geometry": { "type": "Point", "coordinates": [ 775257.650222437805496, 8981598.228789364919066 ] } },
{ "type": "Feature", "properties": { "NAME": "dex", "LAYER": "Ket", "GM_TYPE": "Text", "ELEVATION": 0 }, "geometry": { "type": "Point", "coordinates": [ 775258.098097221110947, 8981594.853735873475671 ] } },
{ "type": "Feature", "properties": { "NAME": "out gr2", "LAYER": "Ket", "GM_TYPE": "Text", "ELEVATION": 0 }, "geometry": { "type": "Point", "coordinates": [ 775257.758432431030087, 8981589.84804967418313 ] } },
{ "type": "Feature", "properties": { "NAME": "as sal", "LAYER": "Ket", "GM_TYPE": "Text", "ELEVATION": 0 }, "geometry": { "type": "Point", "coordinates": [ 775253.756242134142667, 8981567.395200174301863 ] } },
{ "type": "Feature", "properties": { "NAME": "as sal", "LAYER": "Ket", "GM_TYPE": "Text", "ELEVATION": 0 }, "geometry": { "type": "Point", "coordinates": [ 775254.269348051049747, 8981567.348880333825946 ] } },
{ "type": "Feature", "properties": { "NAME": "swh", "LAYER": "Ket", "GM_TYPE": "Text", "ELEVATION": 0 }, "geometry": { "type": "Point", "coordinates": [ 775255.106833175057545, 8981567.24782201461494 ] } },
{ "type": "Feature", "properties": { "NAME": "swh", "LAYER": "Ket", "GM_TYPE": "Text", "ELEVATION": 0 }, "geometry": { "type": "Point", "coordinates": [ 775260.378450914053246, 8981567.495672583580017 ] } },
{ "type": "Feature", "properties": { "NAME": "swh", "LAYER": "Ket", "GM_TYPE": "Text", "ELEVATION": 0 }, "geometry": { "type": "Point", "coordinates": [ 775265.956773224985227, 8981567.687965633347631 ] } },
{ "type": "Feature", "properties": { "NAME": "swh", "LAYER": "Ket", "GM_TYPE": "Text", "ELEVATION": 0 }, "geometry": { "type": "Point", "coordinates": [ 775271.236466313130222, 8981567.555440602824092 ] } },
{ "type": "Feature", "properties": { "NAME": "as sal", "LAYER": "Ket", "GM_TYPE": "Text", "ELEVATION": 0 }, "geometry": { "type": "Point", "coordinates": [ 775252.638598185847513, 8981542.339299345389009 ] } },
{ "type": "Feature", "properties": { "NAME": "tp jln", "LAYER": "Ket", "GM_TYPE": "Text", "ELEVATION": 0 }, "geometry": { "type": "Point", "coordinates": [ 775247.741482049110346, 8981492.913008533418179 ] } },
{ "type": "Feature", "properties": { "NAME": "tp jln", "LAYER": "Ket", "GM_TYPE": "Text", "ELEVATION": 0 }, "geometry": { "type": "Point", "coordinates": [ 775248.834537829970941, 8981492.83622358366847 ] } },
{ "type": "Feature", "properties": { "NAME": "tp jln", "LAYER": "Ket", "GM_TYPE": "Text", "ELEVATION": 0 }, "geometry": { "type": "Point", "coordinates": [ 775249.489154967013747, 8981492.790429934859276 ] } },
{ "type": "Feature", "properties": { "NAME": "as sal", "LAYER": "Ket", "GM_TYPE": "Text", "ELEVATION": 0 }, "geometry": { "type": "Point", "coordinates": [ 775250.227668655919842, 8981492.73841131478548 ] } },
{ "type": "Feature", "properties": { "NAME": "as sal", "LAYER": "Ket", "GM_TYPE": "Text", "ELEVATION": 0 }, "geometry": { "type": "Point", "coordinates": [ 775247.521708372980356, 8981443.409210363402963 ] } },
{ "type": "Feature", "properties": { "NAME": "as sal", "LAYER": "Ket", "GM_TYPE": "Text", "ELEVATION": 0 }, "geometry": { "type": "Point", "coordinates": [ 775244.797866050968878, 8981393.661000076681376 ] } },
{ "type": "Feature", "properties": { "NAME": "plat", "LAYER": "Ket", "GM_TYPE": "Text", "ELEVATION": 0 }, "geometry": { "type": "Point", "coordinates": [ 775240.657543367124163, 8981362.455766735598445 ] } },
{ "type": "Feature", "properties": { "NAME": "pintu", "LAYER": "Ket", "GM_TYPE": "Text", "ELEVATION": 0 }, "geometry": { "type": "Point", "coordinates": [ 775240.687368522048928, 8981362.454309023916721 ] } },
{ "type": "Feature", "properties": { "NAME": "as sal", "LAYER": "Ket", "GM_TYPE": "Text", "ELEVATION": 0 }, "geometry": { "type": "Point", "coordinates": [ 775242.699217201094143, 8981362.356001483276486 ] } },
{ "type": "Feature", "properties": { "NAME": "pintu", "LAYER": "Ket", "GM_TYPE": "Text", "ELEVATION": 0 }, "geometry": { "type": "Point", "coordinates": [ 775244.156332170008682, 8981362.284820834174752 ] } },
{ "type": "Feature", "properties": { "NAME": "plat", "LAYER": "Ket", "GM_TYPE": "Text", "ELEVATION": 0 }, "geometry": { "type": "Point", "coordinates": [ 775244.896347545785829, 8981362.194487005472183 ] } },
{ "type": "Feature", "properties": { "NAME": "pintu", "LAYER": "Ket", "GM_TYPE": "Text", "ELEVATION": 0 }, "geometry": { "type": "Point", "coordinates": [ 775242.65802455006633, 8981361.54240945354104 ] } },
{ "type": "Feature", "properties": { "NAME": "plat", "LAYER": "Ket", "GM_TYPE": "Text", "ELEVATION": 0 }, "geometry": { "type": "Point", "coordinates": [ 775242.63736050913576, 8981360.669948484748602 ] } },
{ "type": "Feature", "properties": { "NAME": "sal", "LAYER": "Ket", "GM_TYPE": "Text", "ELEVATION": 0 }, "geometry": { "type": "Point", "coordinates": [ 775245.520347277051769, 8981361.045432383194566 ] } },
{ "type": "Feature", "properties": { "NAME": "sal", "LAYER": "Ket", "GM_TYPE": "Text", "ELEVATION": 0 }, "geometry": { "type": "Point", "coordinates": [ 775242.503095564083196, 8981360.020261034369469 ] } },
{ "type": "Feature", "properties": { "NAME": "as sal", "LAYER": "Ket", "GM_TYPE": "Text", "ELEVATION": 0 }, "geometry": { "type": "Point", "coordinates": [ 775241.442707774112932, 8981343.1258465051651 ] } },
{ "type": "Feature", "properties": { "NAME": "sal", "LAYER": "Ket", "GM_TYPE": "Text", "ELEVATION": 0 }, "geometry": { "type": "Point", "coordinates": [ 775231.969413880957291, 8981343.831288494169712 ] } },
{ "type": "Feature", "properties": { "NAME": "as sal", "LAYER": "Ket", "GM_TYPE": "Text", "ELEVATION": 0 }, "geometry": { "type": "Point", "coordinates": [ 775238.603525427053683, 8981293.242560774087906 ] } },
{ "type": "Feature", "properties": { "NAME": "as sal", "LAYER": "Ket", "GM_TYPE": "Text", "ELEVATION": 0 }, "geometry": { "type": "Point", "coordinates": [ 775235.175729549024254, 8981243.058103354647756 ] } },
{ "type": "Feature", "properties": { "NAME": "tp jln", "LAYER": "Ket", "GM_TYPE": "Text", "ELEVATION": 0 }, "geometry": { "type": "Point", "coordinates": [ 775230.876898747985251, 8981218.572299053892493 ] } },
{ "type": "Feature", "properties": { "NAME": "top psg", "LAYER": "Ket", "GM_TYPE": "Text", "ELEVATION": 0 }, "geometry": { "type": "Point", "coordinates": [ 775233.070091094006784, 8981218.504523724317551 ] } },
{ "type": "Feature", "properties": { "NAME": "as sal", "LAYER": "Ket", "GM_TYPE": "Text", "ELEVATION": 0 }, "geometry": { "type": "Point", "coordinates": [ 775234.193616252043284, 8981218.469803884625435 ] } },
{ "type": "Feature", "properties": { "NAME": "top psg", "LAYER": "Ket", "GM_TYPE": "Text", "ELEVATION": 0 }, "geometry": { "type": "Point", "coordinates": [ 775234.863941293093376, 8981218.449089104309678 ] } },
{ "type": "Feature", "properties": { "NAME": "plat", "LAYER": "Ket", "GM_TYPE": "Text", "ELEVATION": 0 }, "geometry": { "type": "Point", "coordinates": [ 775233.946006454993039, 8981217.249613983556628 ] } },
{ "type": "Feature", "properties": { "NAME": "as sal", "LAYER": "Ket", "GM_TYPE": "Text", "ELEVATION": 0 }, "geometry": { "type": "Point", "coordinates": [ 775231.314441977185197, 8981194.079125344753265 ] } },
{ "type": "Feature", "properties": { "NAME": "as sal", "LAYER": "Ket", "GM_TYPE": "Text", "ELEVATION": 0 }, "geometry": { "type": "Point", "coordinates": [ 775228.726192277157679, 8981144.372164133936167 ] } },
{ "type": "Feature", "properties": { "NAME": "as sal", "LAYER": "Ket", "GM_TYPE": "Text", "ELEVATION": 0 }, "geometry": { "type": "Point", "coordinates": [ 775230.131633190903813, 8981144.433921113610268 ] } },
{ "type": "Feature", "properties": { "NAME": "as sal", "LAYER": "Ket", "GM_TYPE": "Text", "ELEVATION": 0 }, "geometry": { "type": "Point", "coordinates": [ 775227.308172864024527, 8981094.803954323753715 ] } },
{ "type": "Feature", "properties": { "NAME": "as sal", "LAYER": "Ket", "GM_TYPE": "Text", "ELEVATION": 0 }, "geometry": { "type": "Point", "coordinates": [ 775220.947150059044361, 8980994.021978413686156 ] } },
{ "type": "Feature", "properties": { "NAME": "as sal", "LAYER": "Ket", "GM_TYPE": "Text", "ELEVATION": 0 }, "geometry": { "type": "Point", "coordinates": [ 775218.1426842501387, 8980944.44596322439611 ] } },
{ "type": "Feature", "properties": { "NAME": "as sal", "LAYER": "Ket", "GM_TYPE": "Text", "ELEVATION": 0 }, "geometry": { "type": "Point", "coordinates": [ 775215.899515012046322, 8980920.964983953163028 ] } },
{ "type": "Feature", "properties": { "NAME": "as sal", "LAYER": "Ket", "GM_TYPE": "Text", "ELEVATION": 0 }, "geometry": { "type": "Point", "coordinates": [ 775216.43342161597684, 8980920.767659403383732 ] } },
{ "type": "Feature", "properties": { "NAME": "drop", "LAYER": "Ket", "GM_TYPE": "Text", "ELEVATION": 0 }, "geometry": { "type": "Point", "coordinates": [ 775216.259330168017186, 8980916.200468454509974 ] } },
{ "type": "Feature", "properties": { "NAME": "drop", "LAYER": "Ket", "GM_TYPE": "Text", "ELEVATION": 0 }, "geometry": { "type": "Point", "coordinates": [ 775216.266619695117697, 8980916.198485504835844 ] } },
{ "type": "Feature", "properties": { "NAME": "as sal", "LAYER": "Ket", "GM_TYPE": "Text", "ELEVATION": 0 }, "geometry": { "type": "Point", "coordinates": [ 775214.781713654985651, 8980893.992139654234052 ] } },
{ "type": "Feature", "properties": { "NAME": "as sal", "LAYER": "Ket", "GM_TYPE": "Text", "ELEVATION": 0 }, "geometry": { "type": "Point", "coordinates": [ 775214.497024039970711, 8980844.363869693130255 ] } },
{ "type": "Feature", "properties": { "NAME": "as sal", "LAYER": "Ket", "GM_TYPE": "Text", "ELEVATION": 0 }, "geometry": { "type": "Point", "coordinates": [ 775212.36685183213558, 8980844.45134424418211 ] } },
{ "type": "Feature", "properties": { "NAME": "as sal", "LAYER": "Ket", "GM_TYPE": "Text", "ELEVATION": 0 }, "geometry": { "type": "Point", "coordinates": [ 775208.343221546034329, 8980795.80916391313076 ] } },
{ "type": "Feature", "properties": { "NAME": "as sal", "LAYER": "Ket", "GM_TYPE": "Text", "ELEVATION": 0 }, "geometry": { "type": "Point", "coordinates": [ 775206.044373441953212, 8980744.28748931363225 ] } },
{ "type": "Feature", "properties": { "NAME": "as sal", "LAYER": "Ket", "GM_TYPE": "Text", "ELEVATION": 0 }, "geometry": { "type": "Point", "coordinates": [ 775203.229216914973222, 8980694.00367727316916 ] } },
{ "type": "Feature", "properties": { "NAME": "as sal", "LAYER": "Ket", "GM_TYPE": "Text", "ELEVATION": 0 }, "geometry": { "type": "Point", "coordinates": [ 775200.438374278950505, 8980643.645916242152452 ] } },
{ "type": "Feature", "properties": { "NAME": "as sal", "LAYER": "Ket", "GM_TYPE": "Text", "ELEVATION": 0 }, "geometry": { "type": "Point", "coordinates": [ 775198.203166060033254, 8980616.788044214248657 ] } },
{ "type": "Feature", "properties": { "NAME": "pintu", "LAYER": "Ket", "GM_TYPE": "Text", "ELEVATION": 0 }, "geometry": { "type": "Point", "coordinates": [ 775177.365701679140329, 8980617.84072726406157 ] } },
{ "type": "Feature", "properties": { "NAME": "pintu", "LAYER": "Ket", "GM_TYPE": "Text", "ELEVATION": 0 }, "geometry": { "type": "Point", "coordinates": [ 775198.363477682927623, 8980615.608767131343484 ] } },
{ "type": "Feature", "properties": { "NAME": "pintu", "LAYER": "Ket", "GM_TYPE": "Text", "ELEVATION": 0 }, "geometry": { "type": "Point", "coordinates": [ 775196.488814995973371, 8980616.321548512205482 ] } },
{ "type": "Feature", "properties": { "NAME": "plat", "LAYER": "Ket", "GM_TYPE": "Text", "ELEVATION": 0 }, "geometry": { "type": "Point", "coordinates": [ 775200.317614775849506, 8980616.179502563551068 ] } },
{ "type": "Feature", "properties": { "NAME": "plat", "LAYER": "Ket", "GM_TYPE": "Text", "ELEVATION": 0 }, "geometry": { "type": "Point", "coordinates": [ 775200.57476074504666, 8980615.751527104526758 ] } },
{ "type": "Feature", "properties": { "NAME": "plat", "LAYER": "Ket", "GM_TYPE": "Text", "ELEVATION": 0 }, "geometry": { "type": "Point", "coordinates": [ 775198.156495032017119, 8980614.675585074350238 ] } },
{ "type": "Feature", "properties": { "NAME": "as sal", "LAYER": "Ket", "GM_TYPE": "Text", "ELEVATION": 0 }, "geometry": { "type": "Point", "coordinates": [ 775195.85591029911302, 8980616.073314223438501 ] } },
{ "type": "Feature", "properties": { "NAME": "as sal", "LAYER": "Ket", "GM_TYPE": "Text", "ELEVATION": 0 }, "geometry": { "type": "Point", "coordinates": [ 775189.348981657996774, 8980613.079532915726304 ] } },
{ "type": "Feature", "properties": { "NAME": "as sal", "LAYER": "Ket", "GM_TYPE": "Text", "ELEVATION": 0 }, "geometry": { "type": "Point", "coordinates": [ 775198.35362936090678, 8980613.759897973388433 ] } },
{ "type": "Feature", "properties": { "NAME": "as sal", "LAYER": "Ket", "GM_TYPE": "Text", "ELEVATION": 0 }, "geometry": { "type": "Point", "coordinates": [ 775212.938976824865676, 8980591.95083244331181 ] } },
{ "type": "Feature", "properties": { "NAME": "as sal", "LAYER": "Ket", "GM_TYPE": "Text", "ELEVATION": 0 }, "geometry": { "type": "Point", "coordinates": [ 775197.070176537963562, 8980592.663654433563352 ] } },
{ "type": "Feature", "properties": { "NAME": "as sal", "LAYER": "Ket", "GM_TYPE": "Text", "ELEVATION": 0 }, "geometry": { "type": "Point", "coordinates": [ 775192.889208514941856, 8980543.442769294604659 ] } },
{ "type": "Feature", "properties": { "NAME": "as sal", "LAYER": "Ket", "GM_TYPE": "Text", "ELEVATION": 0 }, "geometry": { "type": "Point", "coordinates": [ 775187.851927575888112, 8980493.916913613677025 ] } },
{ "type": "Feature", "properties": { "NAME": "as sal", "LAYER": "Ket", "GM_TYPE": "Text", "ELEVATION": 0 }, "geometry": { "type": "Point", "coordinates": [ 775181.746975595946424, 8980444.319635504856706 ] } },
{ "type": "Feature", "properties": { "NAME": "as sal", "LAYER": "Ket", "GM_TYPE": "Text", "ELEVATION": 0 }, "geometry": { "type": "Point", "coordinates": [ 775176.359575145994313, 8980395.419917372986674 ] } },
{ "type": "Feature", "properties": { "NAME": "as sal", "LAYER": "Ket", "GM_TYPE": "Text", "ELEVATION": 0 }, "geometry": { "type": "Point", "coordinates": [ 775173.250795679865405, 8980370.859809404239058 ] } },
{ "type": "Feature", "properties": { "NAME": "as sal", "LAYER": "Ket", "GM_TYPE": "Text", "ELEVATION": 0 }, "geometry": { "type": "Point", "coordinates": [ 775173.726497782045044, 8980370.776170933619142 ] } },
{ "type": "Feature", "properties": { "NAME": "plat", "LAYER": "Ket", "GM_TYPE": "Text", "ELEVATION": 0 }, "geometry": { "type": "Point", "coordinates": [ 775172.586673132027499, 8980366.39209982380271 ] } },
{ "type": "Feature", "properties": { "NAME": "as sal", "LAYER": "Ket", "GM_TYPE": "Text", "ELEVATION": 0 }, "geometry": { "type": "Point", "coordinates": [ 775175.013729419093579, 8980342.73173107393086 ] } },
{ "type": "Feature", "properties": { "NAME": "as sal", "LAYER": "Ket", "GM_TYPE": "Text", "ELEVATION": 0 }, "geometry": { "type": "Point", "coordinates": [ 775174.810757137020119, 8980342.816834483295679 ] } },
{ "type": "Feature", "properties": { "NAME": "as sal", "LAYER": "Ket", "GM_TYPE": "Text", "ELEVATION": 0 }, "geometry": { "type": "Point", "coordinates": [ 775164.173796760151163, 8980294.33112289570272 ] } },
{ "type": "Feature", "properties": { "NAME": "as sal", "LAYER": "Ket", "GM_TYPE": "Text", "ELEVATION": 0 }, "geometry": { "type": "Point", "coordinates": [ 775164.898814059095457, 8980294.284931102767587 ] } },
{ "type": "Feature", "properties": { "NAME": "as sal", "LAYER": "Ket", "GM_TYPE": "Text", "ELEVATION": 0 }, "geometry": { "type": "Point", "coordinates": [ 775159.627462520962581, 8980243.81845286488533 ] } },
{ "type": "Feature", "properties": { "NAME": "as sal", "LAYER": "Ket", "GM_TYPE": "Text", "ELEVATION": 0 }, "geometry": { "type": "Point", "coordinates": [ 775154.081235709949397, 8980194.734171761199832 ] } },
{ "type": "Feature", "properties": { "NAME": "as sal", "LAYER": "Ket", "GM_TYPE": "Text", "ELEVATION": 0 }, "geometry": { "type": "Point", "coordinates": [ 775148.572478945134208, 8980144.916544374078512 ] } },
{ "type": "Feature", "properties": { "NAME": "as sal", "LAYER": "Ket", "GM_TYPE": "Text", "ELEVATION": 0 }, "geometry": { "type": "Point", "coordinates": [ 775143.228896760148928, 8980094.30061643384397 ] } },
{ "type": "Feature", "properties": { "NAME": "as sal", "LAYER": "Ket", "GM_TYPE": "Text", "ELEVATION": 0 }, "geometry": { "type": "Point", "coordinates": [ 775137.765866100089625, 8980045.64156405441463 ] } },
{ "type": "Feature", "properties": { "NAME": "as sal", "LAYER": "Ket", "GM_TYPE": "Text", "ELEVATION": 0 }, "geometry": { "type": "Point", "coordinates": [ 775133.368812792003155, 8980003.220024984329939 ] } },
{ "type": "Feature", "properties": { "NAME": "as sal", "LAYER": "Ket", "GM_TYPE": "Text", "ELEVATION": 0 }, "geometry": { "type": "Point", "coordinates": [ 775128.086255599977449, 8979953.765334624797106 ] } },
{ "type": "Feature", "properties": { "NAME": "as sal", "LAYER": "Ket", "GM_TYPE": "Text", "ELEVATION": 0 }, "geometry": { "type": "Point", "coordinates": [ 775122.347229480044916, 8979903.549290234223008 ] } },
{ "type": "Feature", "properties": { "NAME": "top psg", "LAYER": "Ket", "GM_TYPE": "Text", "ELEVATION": 0 }, "geometry": { "type": "Point", "coordinates": [ 775117.965090194018558, 8979874.091184493154287 ] } },
{ "type": "Feature", "properties": { "NAME": "as sal", "LAYER": "Ket", "GM_TYPE": "Text", "ELEVATION": 0 }, "geometry": { "type": "Point", "coordinates": [ 775119.075034377048723, 8979873.95445135422051 ] } },
{ "type": "Feature", "properties": { "NAME": "as pt utr", "LAYER": "Ket", "GM_TYPE": "Text", "ELEVATION": 0 }, "geometry": { "type": "Point", "coordinates": [ 775120.19046254712157, 8979871.634098913520575 ] } },
{ "type": "Feature", "properties": { "NAME": "plat", "LAYER": "Ket", "GM_TYPE": "Text", "ELEVATION": 0 }, "geometry": { "type": "Point", "coordinates": [ 775120.915636629215442, 8979871.018512485548854 ] } },
{ "type": "Feature", "properties": { "NAME": "as pt tg", "LAYER": "Ket", "GM_TYPE": "Text", "ELEVATION": 0 }, "geometry": { "type": "Point", "coordinates": [ 775118.683237020042725, 8979870.564469216391444 ] } },
{ "type": "Feature", "properties": { "NAME": "plat", "LAYER": "Ket", "GM_TYPE": "Text", "ELEVATION": 0 }, "geometry": { "type": "Point", "coordinates": [ 775118.498177503002807, 8979869.656911183148623 ] } },
{ "type": "Feature", "properties": { "NAME": "as pt utr", "LAYER": "Ket", "GM_TYPE": "Text", "ELEVATION": 0 }, "geometry": { "type": "Point", "coordinates": [ 775117.201275596977212, 8979871.82676899433136 ] } },
{ "type": "Feature", "properties": { "NAME": "plat", "LAYER": "Ket", "GM_TYPE": "Text", "ELEVATION": 0 }, "geometry": { "type": "Point", "coordinates": [ 775116.447251104167663, 8979871.508058734238148 ] } },
{ "type": "Feature", "properties": { "NAME": "BM PTU.3", "LAYER": "Ket", "GM_TYPE": "Text", "ELEVATION": 0 }, "geometry": { "type": "Point", "coordinates": [ 775115.082713817013428, 8979872.53228036314249 ] } },
{ "type": "Feature", "properties": { "NAME": "aas sal", "LAYER": "Ket", "GM_TYPE": "Text", "ELEVATION": 0 }, "geometry": { "type": "Point", "coordinates": [ 772873.482108969124965, 8983032.020807851105928 ] } },
{ "type": "Feature", "properties": { "NAME": "aas sal", "LAYER": "Ket", "GM_TYPE": "Text", "ELEVATION": 0 }, "geometry": { "type": "Point", "coordinates": [ 772875.716810409212485, 8983031.859259653836489 ] } },
{ "type": "Feature", "properties": { "NAME": "lahan trans", "LAYER": "Ket", "GM_TYPE": "Text", "ELEVATION": 0 }, "geometry": { "type": "Point", "coordinates": [ 775631.318894376046956, 8979966.11237882450223 ] } },
{ "type": "Feature", "properties": { "NAME": "as jln", "LAYER": "Ket", "GM_TYPE": "Text", "ELEVATION": 0 }, "geometry": { "type": "Point", "coordinates": [ 775896.727048321859911, 8980382.348763784393668 ] } },
{ "type": "Feature", "properties": { "NAME": "as jln", "LAYER": "Ket", "GM_TYPE": "Text", "ELEVATION": 0 }, "geometry": { "type": "Point", "coordinates": [ 775893.349204257014208, 8980324.885909974575043 ] } },
{ "type": "Feature", "properties": { "NAME": "as jln", "LAYER": "Ket", "GM_TYPE": "Text", "ELEVATION": 0 }, "geometry": { "type": "Point", "coordinates": [ 775907.562412010040134, 8980574.794427026063204 ] } },
{ "type": "Feature", "properties": { "NAME": "as jln", "LAYER": "Ket", "GM_TYPE": "Text", "ELEVATION": 0 }, "geometry": { "type": "Point", "coordinates": [ 775905.301667220890522, 8980538.523392073810101 ] } },
{ "type": "Feature", "properties": { "NAME": "as jln", "LAYER": "Ket", "GM_TYPE": "Text", "ELEVATION": 0 }, "geometry": { "type": "Point", "coordinates": [ 775903.100492884055711, 8980506.015619434416294 ] } },
{ "type": "Feature", "properties": { "NAME": "as jln", "LAYER": "Ket", "GM_TYPE": "Text", "ELEVATION": 0 }, "geometry": { "type": "Point", "coordinates": [ 775918.504977859091014, 8980769.634044883772731 ] } },
{ "type": "Feature", "properties": { "NAME": "as jln", "LAYER": "Ket", "GM_TYPE": "Text", "ELEVATION": 0 }, "geometry": { "type": "Point", "coordinates": [ 775915.223939844989218, 8980724.72703599371016 ] } },
{ "type": "Feature", "properties": { "NAME": "as jln", "LAYER": "Ket", "GM_TYPE": "Text", "ELEVATION": 0 }, "geometry": { "type": "Point", "coordinates": [ 775926.158140322891995, 8980888.211519023403525 ] } },
{ "type": "Feature", "properties": { "NAME": "as jln", "LAYER": "Ket", "GM_TYPE": "Text", "ELEVATION": 0 }, "geometry": { "type": "Point", "coordinates": [ 775925.112456504954025, 8980856.401763744652271 ] } },
{ "type": "Feature", "properties": { "NAME": "as jln", "LAYER": "Ket", "GM_TYPE": "Text", "ELEVATION": 0 }, "geometry": { "type": "Point", "coordinates": [ 775923.504555677995086, 8980825.429408323019743 ] } },
{ "type": "Feature", "properties": { "NAME": "as jln", "LAYER": "Ket", "GM_TYPE": "Text", "ELEVATION": 0 }, "geometry": { "type": "Point", "coordinates": [ 775905.94579735212028, 8980927.789771545678377 ] } },
{ "type": "Feature", "properties": { "NAME": "as jln", "LAYER": "Ket", "GM_TYPE": "Text", "ELEVATION": 0 }, "geometry": { "type": "Point", "coordinates": [ 775877.480612738057971, 8980929.597673153504729 ] } },
{ "type": "Feature", "properties": { "NAME": "as jln", "LAYER": "Ket", "GM_TYPE": "Text", "ELEVATION": 0 }, "geometry": { "type": "Point", "coordinates": [ 775830.367754588136449, 8980933.522049473598599 ] } },
{ "type": "Feature", "properties": { "NAME": "as jln", "LAYER": "Ket", "GM_TYPE": "Text", "ELEVATION": 0 }, "geometry": { "type": "Point", "coordinates": [ 775937.879680117126554, 8981122.126142023131251 ] } },
{ "type": "Feature", "properties": { "NAME": "as jln", "LAYER": "Ket", "GM_TYPE": "Text", "ELEVATION": 0 }, "geometry": { "type": "Point", "coordinates": [ 775935.753395606996492, 8981083.852581264451146 ] } },
{ "type": "Feature", "properties": { "NAME": "as jln", "LAYER": "Ket", "GM_TYPE": "Text", "ELEVATION": 0 }, "geometry": { "type": "Point", "coordinates": [ 775932.695073780952953, 8981036.603842033073306 ] } },
{ "type": "Feature", "properties": { "NAME": "as jln", "LAYER": "Ket", "GM_TYPE": "Text", "ELEVATION": 0 }, "geometry": { "type": "Point", "coordinates": [ 775947.514809322194196, 8981268.811504933983088 ] } },
{ "type": "Feature", "properties": { "NAME": "as jln", "LAYER": "Ket", "GM_TYPE": "Text", "ELEVATION": 0 }, "geometry": { "type": "Point", "coordinates": [ 775944.910250755841844, 8981222.166134253144264 ] } },
{ "type": "Feature", "properties": { "NAME": "as jln", "LAYER": "Ket", "GM_TYPE": "Text", "ELEVATION": 0 }, "geometry": { "type": "Point", "coordinates": [ 775960.994853239040822, 8981477.817422153428197 ] } },
{ "type": "Feature", "properties": { "NAME": "as jln", "LAYER": "Ket", "GM_TYPE": "Text", "ELEVATION": 0 }, "geometry": { "type": "Point", "coordinates": [ 775957.507338425144553, 8981428.3478520847857 ] } },
{ "type": "Feature", "properties": { "NAME": "as jln", "LAYER": "Ket", "GM_TYPE": "Text", "ELEVATION": 0 }, "geometry": { "type": "Point", "coordinates": [ 775954.478657129104249, 8981380.837789103388786 ] } },
{ "type": "Feature", "properties": { "NAME": "as jln", "LAYER": "Ket", "GM_TYPE": "Text", "ELEVATION": 0 }, "geometry": { "type": "Point", "coordinates": [ 775951.834918322041631, 8981336.742480974644423 ] } },
{ "type": "Feature", "properties": { "NAME": "as jln", "LAYER": "Ket", "GM_TYPE": "Text", "ELEVATION": 0 }, "geometry": { "type": "Point", "coordinates": [ 775964.535517500014976, 8981536.752185344696045 ] } },
{ "type": "Feature", "properties": { "NAME": "as jln", "LAYER": "Ket", "GM_TYPE": "Text", "ELEVATION": 0 }, "geometry": { "type": "Point", "coordinates": [ 775895.618901732028462, 8981558.506422434002161 ] } },
{ "type": "Feature", "properties": { "NAME": "as jln", "LAYER": "Ket", "GM_TYPE": "Text", "ELEVATION": 0 }, "geometry": { "type": "Point", "coordinates": [ 775911.996624869992957, 8981557.527507595717907 ] } },
{ "type": "Feature", "properties": { "NAME": "as jln", "LAYER": "Ket", "GM_TYPE": "Text", "ELEVATION": 0 }, "geometry": { "type": "Point", "coordinates": [ 775252.030794770922512, 8981607.168274493888021 ] } },
{ "type": "Feature", "properties": { "NAME": "as jln", "LAYER": "Ket", "GM_TYPE": "Text", "ELEVATION": 0 }, "geometry": { "type": "Point", "coordinates": [ 775253.509268219117075, 8981598.596433034166694 ] } },
{ "type": "Feature", "properties": { "NAME": "as jln", "LAYER": "Ket", "GM_TYPE": "Text", "ELEVATION": 0 }, "geometry": { "type": "Point", "coordinates": [ 775260.462120432988741, 8981594.093295434489846 ] } },
{ "type": "Feature", "properties": { "NAME": "as jln", "LAYER": "Ket", "GM_TYPE": "Text", "ELEVATION": 0 }, "geometry": { "type": "Point", "coordinates": [ 775304.113024454098195, 8981591.186199693009257 ] } },
{ "type": "Feature", "properties": { "NAME": "as jln", "LAYER": "Ket", "GM_TYPE": "Text", "ELEVATION": 0 }, "geometry": { "type": "Point", "coordinates": [ 775459.692104822956026, 8981581.211381264030933 ] } },
{ "type": "Feature", "properties": { "NAME": "as jln", "LAYER": "Ket", "GM_TYPE": "Text", "ELEVATION": 0 }, "geometry": { "type": "Point", "coordinates": [ 775745.152747042942792, 8981565.883042914792895 ] } },
{ "type": "Feature", "properties": { "NAME": "as jln", "LAYER": "Ket", "GM_TYPE": "Text", "ELEVATION": 0 }, "geometry": { "type": "Point", "coordinates": [ 775798.79810078185983, 8981563.052105074748397 ] } },
{ "type": "Feature", "properties": { "NAME": "as jln", "LAYER": "Ket", "GM_TYPE": "Text", "ELEVATION": 0 }, "geometry": { "type": "Point", "coordinates": [ 776105.709757921984419, 8981546.748816484585404 ] } },
{ "type": "Feature", "properties": { "NAME": "as jln", "LAYER": "Ket", "GM_TYPE": "Text", "ELEVATION": 0 }, "geometry": { "type": "Point", "coordinates": [ 776145.834547882084735, 8981544.301866494119167 ] } },
{ "type": "Feature", "properties": { "NAME": "as jln", "LAYER": "Ket", "GM_TYPE": "Text", "ELEVATION": 0 }, "geometry": { "type": "Point", "coordinates": [ 776188.129062259104103, 8981541.822294194251299 ] } },
{ "type": "Feature", "properties": { "NAME": "as jln", "LAYER": "Ket", "GM_TYPE": "Text", "ELEVATION": 0 }, "geometry": { "type": "Point", "coordinates": [ 776219.393945862073451, 8981539.756148343905807 ] } },
{ "type": "Feature", "properties": { "NAME": "as jln", "LAYER": "Ket", "GM_TYPE": "Text", "ELEVATION": 0 }, "geometry": { "type": "Point", "coordinates": [ 776273.198703709058464, 8981538.213802233338356 ] } },
{ "type": "Feature", "properties": { "NAME": "as jln", "LAYER": "Ket", "GM_TYPE": "Text", "ELEVATION": 0 }, "geometry": { "type": "Point", "coordinates": [ 776289.412164009059779, 8981537.517701895907521 ] } },
{ "type": "Feature", "properties": { "NAME": "as jln", "LAYER": "Ket", "GM_TYPE": "Text", "ELEVATION": 0 }, "geometry": { "type": "Point", "coordinates": [ 776304.499319614144042, 8981536.611915402114391 ] } },
{ "type": "Feature", "properties": { "NAME": "as jln", "LAYER": "Ket", "GM_TYPE": "Text", "ELEVATION": 0 }, "geometry": { "type": "Point", "coordinates": [ 776453.324497665977105, 8981526.850556161254644 ] } },
{ "type": "Feature", "properties": { "NAME": "as jln.kl", "LAYER": "Ket", "GM_TYPE": "Text", "ELEVATION": 0 }, "geometry": { "type": "Point", "coordinates": [ 776461.48921932594385, 8981526.172510413452983 ] } },
{ "type": "Feature", "properties": { "NAME": "as jln", "LAYER": "Ket", "GM_TYPE": "Text", "ELEVATION": 0 }, "geometry": { "type": "Point", "coordinates": [ 776468.236132788006216, 8981526.780491523444653 ] } },
{ "type": "Feature", "properties": { "NAME": "as jln", "LAYER": "Ket", "GM_TYPE": "Text", "ELEVATION": 0 }, "geometry": { "type": "Point", "coordinates": [ 776481.764225555001758, 8981527.549151945859194 ] } },
{ "type": "Feature", "properties": { "NAME": "as jln", "LAYER": "Ket", "GM_TYPE": "Text", "ELEVATION": 0 }, "geometry": { "type": "Point", "coordinates": [ 776562.61678789195139, 8981523.344756383448839 ] } },
{ "type": "Feature", "properties": { "NAME": "as jln", "LAYER": "Ket", "GM_TYPE": "Text", "ELEVATION": 0 }, "geometry": { "type": "Point", "coordinates": [ 776598.785891321953386, 8981521.631895143538713 ] } },
{ "type": "Feature", "properties": { "NAME": "as jln", "LAYER": "Ket", "GM_TYPE": "Text", "ELEVATION": 0 }, "geometry": { "type": "Point", "coordinates": [ 776640.313752255984582, 8981519.264040563255548 ] } },
{ "type": "Feature", "properties": { "NAME": "as jln", "LAYER": "Ket", "GM_TYPE": "Text", "ELEVATION": 0 }, "geometry": { "type": "Point", "coordinates": [ 776685.471944547025487, 8981544.858309224247932 ] } },
{ "type": "Feature", "properties": { "NAME": "as jln", "LAYER": "Ket", "GM_TYPE": "Text", "ELEVATION": 0 }, "geometry": { "type": "Point", "coordinates": [ 776683.285652314079925, 8981498.589078733697534 ] } },
{ "type": "Feature", "properties": { "NAME": "as jln", "LAYER": "Ket", "GM_TYPE": "Text", "ELEVATION": 0 }, "geometry": { "type": "Point", "coordinates": [ 776679.81886276404839, 8981447.873204974457622 ] } },
{ "type": "Feature", "properties": { "NAME": "as jln", "LAYER": "Ket", "GM_TYPE": "Text", "ELEVATION": 0 }, "geometry": { "type": "Point", "coordinates": [ 776678.824767219950445, 8981425.157396543771029 ] } },
{ "type": "Feature", "properties": { "NAME": "as jln", "LAYER": "Ket", "GM_TYPE": "Text", "ELEVATION": 0 }, "geometry": { "type": "Point", "coordinates": [ 776676.717948590987362, 8981396.544708296656609 ] } },
{ "type": "Feature", "properties": { "NAME": "as jln", "LAYER": "Ket", "GM_TYPE": "Text", "ELEVATION": 0 }, "geometry": { "type": "Point", "coordinates": [ 776734.080252599203959, 8981513.410623133182526 ] } },
{ "type": "Feature", "properties": { "NAME": "as jln", "LAYER": "Ket", "GM_TYPE": "Text", "ELEVATION": 0 }, "geometry": { "type": "Point", "coordinates": [ 776802.642004885128699, 8981509.584713224321604 ] } },
{ "type": "Feature", "properties": { "NAME": "tb kl", "LAYER": "Ket", "GM_TYPE": "Text", "ELEVATION": 0 }, "geometry": { "type": "Point", "coordinates": [ 777574.948001745855436, 8981280.333560533821583 ] } },
{ "type": "Feature", "properties": { "NAME": "Tp kl", "LAYER": "Ket", "GM_TYPE": "Text", "ELEVATION": 0 }, "geometry": { "type": "Point", "coordinates": [ 777575.19422190298792, 8981220.631730813533068 ] } },
{ "type": "Feature", "properties": { "NAME": "Tp kl", "LAYER": "Ket", "GM_TYPE": "Text", "ELEVATION": 0 }, "geometry": { "type": "Point", "coordinates": [ 777518.437998024979606, 8980849.944937564432621 ] } },
{ "type": "Feature", "properties": { "NAME": "tb kl", "LAYER": "Ket", "GM_TYPE": "Text", "ELEVATION": 0 }, "geometry": { "type": "Point", "coordinates": [ 777521.654486920917407, 8980746.389558307826519 ] } },
{ "type": "Feature", "properties": { "NAME": "Tp kl", "LAYER": "Ket", "GM_TYPE": "Text", "ELEVATION": 0 }, "geometry": { "type": "Point", "coordinates": [ 777675.220178637071513, 8981549.588364716619253 ] } },
{ "type": "Feature", "properties": { "NAME": "tb kl", "LAYER": "Ket", "GM_TYPE": "Text", "ELEVATION": 0 }, "geometry": { "type": "Point", "coordinates": [ 777366.216157414019108, 8982101.626664813607931 ] } },
{ "type": "Feature", "properties": { "NAME": "tb kl", "LAYER": "Ket", "GM_TYPE": "Text", "ELEVATION": 0 }, "geometry": { "type": "Point", "coordinates": [ 777344.830222873133607, 8982027.431477474048734 ] } },
{ "type": "Feature", "properties": { "NAME": "tb kl", "LAYER": "Ket", "GM_TYPE": "Text", "ELEVATION": 0 }, "geometry": { "type": "Point", "coordinates": [ 777572.348936960916035, 8981797.985238593071699 ] } },
{ "type": "Feature", "properties": { "NAME": "tb kl", "LAYER": "Ket", "GM_TYPE": "Text", "ELEVATION": 0 }, "geometry": { "type": "Point", "coordinates": [ 777595.180323997046798, 8981679.889484144747257 ] } },
{ "type": "Feature", "properties": { "NAME": "tb kl", "LAYER": "Ket", "GM_TYPE": "Text", "ELEVATION": 0 }, "geometry": { "type": "Point", "coordinates": [ 777316.937890256871469, 8982291.581113964319229 ] } },
{ "type": "Feature", "properties": { "NAME": "tb kl", "LAYER": "Ket", "GM_TYPE": "Text", "ELEVATION": 0 }, "geometry": { "type": "Point", "coordinates": [ 777354.579407521989197, 8982266.878936782479286 ] } },
{ "type": "Feature", "properties": { "NAME": "tb kl", "LAYER": "Ket", "GM_TYPE": "Text", "ELEVATION": 0 }, "geometry": { "type": "Point", "coordinates": [ 777468.765052326954901, 8982613.942233633249998 ] } },
{ "type": "Feature", "properties": { "NAME": "tb kl", "LAYER": "Ket", "GM_TYPE": "Text", "ELEVATION": 0 }, "geometry": { "type": "Point", "coordinates": [ 777389.524655121029355, 8982501.853034622967243 ] } },
{ "type": "Feature", "properties": { "NAME": "tb kl", "LAYER": "Ket", "GM_TYPE": "Text", "ELEVATION": 0 }, "geometry": { "type": "Point", "coordinates": [ 777359.712435384048149, 8982447.408762734383345 ] } },
{ "type": "Feature", "properties": { "NAME": "tb kl", "LAYER": "Ket", "GM_TYPE": "Text", "ELEVATION": 0 }, "geometry": { "type": "Point", "coordinates": [ 777319.268359137931839, 8982342.49280890263617 ] } },
{ "type": "Feature", "properties": { "NAME": "al", "LAYER": "Ket", "GM_TYPE": "Text", "ELEVATION": 0 }, "geometry": { "type": "Point", "coordinates": [ 776718.680754172964953, 8982051.620856933295727 ] } },
{ "type": "Feature", "properties": { "NAME": "as jl tr", "LAYER": "Ket", "GM_TYPE": "Text", "ELEVATION": 0 }, "geometry": { "type": "Point", "coordinates": [ 776725.27983790403232, 8982073.13305065408349 ] } },
{ "type": "Feature", "properties": { "NAME": "sal ryt", "LAYER": "Ket", "GM_TYPE": "Text", "ELEVATION": 0 }, "geometry": { "type": "Point", "coordinates": [ 776781.40763288794551, 8982571.42293743416667 ] } },
{ "type": "Feature", "properties": { "NAME": "tb kl", "LAYER": "Ket", "GM_TYPE": "Text", "ELEVATION": 0 }, "geometry": { "type": "Point", "coordinates": [ 775686.608221702976152, 8982874.892827874049544 ] } },
{ "type": "Feature", "properties": { "NAME": "Tp kl", "LAYER": "Ket", "GM_TYPE": "Text", "ELEVATION": 0 }, "geometry": { "type": "Point", "coordinates": [ 775690.111962875933386, 8982876.048634853214025 ] } },
{ "type": "Feature", "properties": { "NAME": "as kl", "LAYER": "Ket", "GM_TYPE": "Text", "ELEVATION": 0 }, "geometry": { "type": "Point", "coordinates": [ 775697.149342044140212, 8982879.302740843966603 ] } },
{ "type": "Feature", "properties": { "NAME": "Tp kl", "LAYER": "Ket", "GM_TYPE": "Text", "ELEVATION": 0 }, "geometry": { "type": "Point", "coordinates": [ 775702.9085951220477, 8982883.053000215440989 ] } },
{ "type": "Feature", "properties": { "NAME": "as kl", "LAYER": "Ket", "GM_TYPE": "Text", "ELEVATION": 0 }, "geometry": { "type": "Point", "coordinates": [ 775753.873628974193707, 8982844.218657314777374 ] } },
{ "type": "Feature", "properties": { "NAME": "Tp kl", "LAYER": "Ket", "GM_TYPE": "Text", "ELEVATION": 0 }, "geometry": { "type": "Point", "coordinates": [ 775751.787236892967485, 8982839.158510453999043 ] } },
{ "type": "Feature", "properties": { "NAME": "tb kl", "LAYER": "Ket", "GM_TYPE": "Text", "ELEVATION": 0 }, "geometry": { "type": "Point", "coordinates": [ 775750.530688515980728, 8982835.327344393357635 ] } },
{ "type": "Feature", "properties": { "NAME": "Tp kl", "LAYER": "Ket", "GM_TYPE": "Text", "ELEVATION": 0 }, "geometry": { "type": "Point", "coordinates": [ 775754.888716970919631, 8982847.929179396480322 ] } },
{ "type": "Feature", "properties": { "NAME": "as kl", "LAYER": "Ket", "GM_TYPE": "Text", "ELEVATION": 0 }, "geometry": { "type": "Point", "coordinates": [ 775844.28540261904709, 8982800.935559144243598 ] } },
{ "type": "Feature", "properties": { "NAME": "Tp kl", "LAYER": "Ket", "GM_TYPE": "Text", "ELEVATION": 0 }, "geometry": { "type": "Point", "coordinates": [ 775797.099353335914202, 8982840.292563365772367 ] } },
{ "type": "Feature", "properties": { "NAME": "tb kl", "LAYER": "Ket", "GM_TYPE": "Text", "ELEVATION": 0 }, "geometry": { "type": "Point", "coordinates": [ 775796.138876571087167, 8982844.292516024783254 ] } },
{ "type": "Feature", "properties": { "NAME": "Tp kl", "LAYER": "Ket", "GM_TYPE": "Text", "ELEVATION": 0 }, "geometry": { "type": "Point", "coordinates": [ 775811.027682202053256, 8982822.357946513220668 ] } },
{ "type": "Feature", "properties": { "NAME": "tb kl", "LAYER": "Ket", "GM_TYPE": "Text", "ELEVATION": 0 }, "geometry": { "type": "Point", "coordinates": [ 775809.074125400045887, 8982820.065428074449301 ] } },
{ "type": "Feature", "properties": { "NAME": "as kl", "LAYER": "Ket", "GM_TYPE": "Text", "ELEVATION": 0 }, "geometry": { "type": "Point", "coordinates": [ 775811.349269635044038, 8982826.305603293702006 ] } },
{ "type": "Feature", "properties": { "NAME": "Tp kl", "LAYER": "Ket", "GM_TYPE": "Text", "ELEVATION": 0 }, "geometry": { "type": "Point", "coordinates": [ 775812.702732749050483, 8982831.638793583959341 ] } },
{ "type": "Feature", "properties": { "NAME": "tb kl", "LAYER": "Ket", "GM_TYPE": "Text", "ELEVATION": 0 }, "geometry": { "type": "Point", "coordinates": [ 775906.684574510902166, 8982765.31391267478466 ] } },
{ "type": "Feature", "properties": { "NAME": "as kl", "LAYER": "Ket", "GM_TYPE": "Text", "ELEVATION": 0 }, "geometry": { "type": "Point", "coordinates": [ 775904.520736405043863, 8982762.377877583727241 ] } },
{ "type": "Feature", "properties": { "NAME": "Tp kl", "LAYER": "Ket", "GM_TYPE": "Text", "ELEVATION": 0 }, "geometry": { "type": "Point", "coordinates": [ 775902.05934181495104, 8982759.491441434249282 ] } },
{ "type": "Feature", "properties": { "NAME": "Tp kl", "LAYER": "Ket", "GM_TYPE": "Text", "ELEVATION": 0 }, "geometry": { "type": "Point", "coordinates": [ 775854.575695698033087, 8982784.168398613110185 ] } },
{ "type": "Feature", "properties": { "NAME": "tb kl", "LAYER": "Ket", "GM_TYPE": "Text", "ELEVATION": 0 }, "geometry": { "type": "Point", "coordinates": [ 775900.636459522880614, 8982757.345564354211092 ] } },
{ "type": "Feature", "properties": { "NAME": "as kl", "LAYER": "Ket", "GM_TYPE": "Text", "ELEVATION": 0 }, "geometry": { "type": "Point", "coordinates": [ 775960.090578328003176, 8982725.585446963086724 ] } },
{ "type": "Feature", "properties": { "NAME": "tb kl", "LAYER": "Ket", "GM_TYPE": "Text", "ELEVATION": 0 }, "geometry": { "type": "Point", "coordinates": [ 775955.805603104061447, 8982721.498951133340597 ] } },
{ "type": "Feature", "properties": { "NAME": "Tp kl", "LAYER": "Ket", "GM_TYPE": "Text", "ELEVATION": 0 }, "geometry": { "type": "Point", "coordinates": [ 775962.282611884176731, 8982727.185735113918781 ] } },
{ "type": "Feature", "properties": { "NAME": "tb kl", "LAYER": "Ket", "GM_TYPE": "Text", "ELEVATION": 0 }, "geometry": { "type": "Point", "coordinates": [ 775963.177908290992491, 8982728.534826753661036 ] } },
{ "type": "Feature", "properties": { "NAME": "Tp kl", "LAYER": "Ket", "GM_TYPE": "Text", "ELEVATION": 0 }, "geometry": { "type": "Point", "coordinates": [ 775848.322958244010806, 8982800.984312234446406 ] } },
{ "type": "Feature", "properties": { "NAME": "as kl", "LAYER": "Ket", "GM_TYPE": "Text", "ELEVATION": 0 }, "geometry": { "type": "Point", "coordinates": [ 776003.138417764101177, 8982694.646255964413285 ] } },
{ "type": "Feature", "properties": { "NAME": "Tp kl", "LAYER": "Ket", "GM_TYPE": "Text", "ELEVATION": 0 }, "geometry": { "type": "Point", "coordinates": [ 776005.53652396495454, 8982688.225138323381543 ] } },
{ "type": "Feature", "properties": { "NAME": "tb kl", "LAYER": "Ket", "GM_TYPE": "Text", "ELEVATION": 0 }, "geometry": { "type": "Point", "coordinates": [ 776005.023891769116744, 8982687.373845934867859 ] } },
{ "type": "Feature", "properties": { "NAME": "Tp kl", "LAYER": "Ket", "GM_TYPE": "Text", "ELEVATION": 0 }, "geometry": { "type": "Point", "coordinates": [ 776010.415123453945853, 8982694.87950480543077 ] } },
{ "type": "Feature", "properties": { "NAME": "tb kl", "LAYER": "Ket", "GM_TYPE": "Text", "ELEVATION": 0 }, "geometry": { "type": "Point", "coordinates": [ 776011.64073163701687, 8982694.683156123384833 ] } },
{ "type": "Feature", "properties": { "NAME": "as kl", "LAYER": "Ket", "GM_TYPE": "Text", "ELEVATION": 0 }, "geometry": { "type": "Point", "coordinates": [ 776038.89382674312219, 8982670.221143733710051 ] } },
{ "type": "Feature", "properties": { "NAME": "Tp kl", "LAYER": "Ket", "GM_TYPE": "Text", "ELEVATION": 0 }, "geometry": { "type": "Point", "coordinates": [ 776037.421576439053752, 8982667.954266743734479 ] } },
{ "type": "Feature", "properties": { "NAME": "tb kl", "LAYER": "Ket", "GM_TYPE": "Text", "ELEVATION": 0 }, "geometry": { "type": "Point", "coordinates": [ 776036.300251113018021, 8982666.520385194569826 ] } },
{ "type": "Feature", "properties": { "NAME": "Tp kl", "LAYER": "Ket", "GM_TYPE": "Text", "ELEVATION": 0 }, "geometry": { "type": "Point", "coordinates": [ 775997.973407670971937, 8982694.03037928417325 ] } },
{ "type": "Feature", "properties": { "NAME": "tb kl", "LAYER": "Ket", "GM_TYPE": "Text", "ELEVATION": 0 }, "geometry": { "type": "Point", "coordinates": [ 775998.129825384006836, 8982691.355479143559933 ] } },
{ "type": "Feature", "properties": { "NAME": "Tp kl", "LAYER": "Ket", "GM_TYPE": "Text", "ELEVATION": 0 }, "geometry": { "type": "Point", "coordinates": [ 776041.079608564148657, 8982673.357023503631353 ] } },
{ "type": "Feature", "properties": { "NAME": "Tp kl", "LAYER": "Ket", "GM_TYPE": "Text", "ELEVATION": 0 }, "geometry": { "type": "Point", "coordinates": [ 775990.824321568012238, 8982697.79269084148109 ] } },
{ "type": "Feature", "properties": { "NAME": "Tp kl", "LAYER": "Ket", "GM_TYPE": "Text", "ELEVATION": 0 }, "geometry": { "type": "Point", "coordinates": [ 775994.067432741983794, 8982704.262655785307288 ] } },
{ "type": "Feature", "properties": { "NAME": "as kl", "LAYER": "Ket", "GM_TYPE": "Text", "ELEVATION": 0 }, "geometry": { "type": "Point", "coordinates": [ 776146.996513549122028, 8982606.566966243088245 ] } },
{ "type": "Feature", "properties": { "NAME": "Tp kl", "LAYER": "Ket", "GM_TYPE": "Text", "ELEVATION": 0 }, "geometry": { "type": "Point", "coordinates": [ 776145.552815240924247, 8982602.898352183401585 ] } },
{ "type": "Feature", "properties": { "NAME": "tb kl", "LAYER": "Ket", "GM_TYPE": "Text", "ELEVATION": 0 }, "geometry": { "type": "Point", "coordinates": [ 776144.196107242954895, 8982601.532539995387197 ] } },
{ "type": "Feature", "properties": { "NAME": "Tp kl", "LAYER": "Ket", "GM_TYPE": "Text", "ELEVATION": 0 }, "geometry": { "type": "Point", "coordinates": [ 776148.155207208124921, 8982609.313398314639926 ] } },
{ "type": "Feature", "properties": { "NAME": "tb kl", "LAYER": "Ket", "GM_TYPE": "Text", "ELEVATION": 0 }, "geometry": { "type": "Point", "coordinates": [ 776149.051706844125874, 8982611.024818733334541 ] } },
{ "type": "Feature", "properties": { "NAME": "Tp kl", "LAYER": "Ket", "GM_TYPE": "Text", "ELEVATION": 0 }, "geometry": { "type": "Point", "coordinates": [ 776109.521018645958975, 8982620.865663953125477 ] } },
{ "type": "Feature", "properties": { "NAME": "tb kl", "LAYER": "Ket", "GM_TYPE": "Text", "ELEVATION": 0 }, "geometry": { "type": "Point", "coordinates": [ 776110.580742595018819, 8982616.906195603311062 ] } },
{ "type": "Feature", "properties": { "NAME": "as kl", "LAYER": "Ket", "GM_TYPE": "Text", "ELEVATION": 0 }, "geometry": { "type": "Point", "coordinates": [ 776180.302550698048435, 8982583.509771583601832 ] } },
{ "type": "Feature", "properties": { "NAME": "Tp kl", "LAYER": "Ket", "GM_TYPE": "Text", "ELEVATION": 0 }, "geometry": { "type": "Point", "coordinates": [ 776182.028141622198746, 8982586.17700158432126 ] } },
{ "type": "Feature", "properties": { "NAME": "tb kl", "LAYER": "Ket", "GM_TYPE": "Text", "ELEVATION": 0 }, "geometry": { "type": "Point", "coordinates": [ 776183.208335507079028, 8982587.306152604520321 ] } },
{ "type": "Feature", "properties": { "NAME": "Tp kl", "LAYER": "Ket", "GM_TYPE": "Text", "ELEVATION": 0 }, "geometry": { "type": "Point", "coordinates": [ 776177.981564076035284, 8982581.116981353610754 ] } },
{ "type": "Feature", "properties": { "NAME": "tb kl", "LAYER": "Ket", "GM_TYPE": "Text", "ELEVATION": 0 }, "geometry": { "type": "Point", "coordinates": [ 776177.059399673133157, 8982579.567796014249325 ] } },
{ "type": "Feature", "properties": { "NAME": "as kl", "LAYER": "Ket", "GM_TYPE": "Text", "ELEVATION": 0 }, "geometry": { "type": "Point", "coordinates": [ 776158.419635770842433, 8982598.227606443688273 ] } },
{ "type": "Feature", "properties": { "NAME": "as kl", "LAYER": "Ket", "GM_TYPE": "Text", "ELEVATION": 0 }, "geometry": { "type": "Point", "coordinates": [ 776198.106713042012416, 8982569.137679364532232 ] } },
{ "type": "Feature", "properties": { "NAME": "Tp kl", "LAYER": "Ket", "GM_TYPE": "Text", "ELEVATION": 0 }, "geometry": { "type": "Point", "coordinates": [ 776198.826507614110596, 8982570.658463034778833 ] } },
{ "type": "Feature", "properties": { "NAME": "tb kl", "LAYER": "Ket", "GM_TYPE": "Text", "ELEVATION": 0 }, "geometry": { "type": "Point", "coordinates": [ 776198.9449051291449, 8982572.048191323876381 ] } },
{ "type": "Feature", "properties": { "NAME": "Tp kl", "LAYER": "Ket", "GM_TYPE": "Text", "ELEVATION": 0 }, "geometry": { "type": "Point", "coordinates": [ 776195.740671959007159, 8982567.06286584213376 ] } },
{ "type": "Feature", "properties": { "NAME": "tb kl", "LAYER": "Ket", "GM_TYPE": "Text", "ELEVATION": 0 }, "geometry": { "type": "Point", "coordinates": [ 776194.59952568996232, 8982566.06010721437633 ] } },
{ "type": "Feature", "properties": { "NAME": "Tp kl", "LAYER": "Ket", "GM_TYPE": "Text", "ELEVATION": 0 }, "geometry": { "type": "Point", "coordinates": [ 776154.589422119199298, 8982595.407265925779939 ] } },
{ "type": "Feature", "properties": { "NAME": "as kl", "LAYER": "Ket", "GM_TYPE": "Text", "ELEVATION": 0 }, "geometry": { "type": "Point", "coordinates": [ 776222.562069769017398, 8982551.849636983126402 ] } },
{ "type": "Feature", "properties": { "NAME": "Tp kl", "LAYER": "Ket", "GM_TYPE": "Text", "ELEVATION": 0 }, "geometry": { "type": "Point", "coordinates": [ 776220.911909391987137, 8982549.419586094096303 ] } },
{ "type": "Feature", "properties": { "NAME": "tb kl", "LAYER": "Ket", "GM_TYPE": "Text", "ELEVATION": 0 }, "geometry": { "type": "Point", "coordinates": [ 776219.946239970973693, 8982548.242745004594326 ] } },
{ "type": "Feature", "properties": { "NAME": "Tp kl", "LAYER": "Ket", "GM_TYPE": "Text", "ELEVATION": 0 }, "geometry": { "type": "Point", "coordinates": [ 776224.259594144066796, 8982554.068932173773646 ] } },
{ "type": "Feature", "properties": { "NAME": "as kl", "LAYER": "Ket", "GM_TYPE": "Text", "ELEVATION": 0 }, "geometry": { "type": "Point", "coordinates": [ 776263.303457549074665, 8982525.59155697375536 ] } },
{ "type": "Feature", "properties": { "NAME": "Tp kl", "LAYER": "Ket", "GM_TYPE": "Text", "ELEVATION": 0 }, "geometry": { "type": "Point", "coordinates": [ 776262.258759672986344, 8982523.84022387303412 ] } },
{ "type": "Feature", "properties": { "NAME": "tb kl", "LAYER": "Ket", "GM_TYPE": "Text", "ELEVATION": 0 }, "geometry": { "type": "Point", "coordinates": [ 776261.282477271975949, 8982522.695076743140817 ] } },
{ "type": "Feature", "properties": { "NAME": "as kl", "LAYER": "Ket", "GM_TYPE": "Text", "ELEVATION": 0 }, "geometry": { "type": "Point", "coordinates": [ 776286.241791374050081, 8982512.576348382979631 ] } },
{ "type": "Feature", "properties": { "NAME": "Tp kl", "LAYER": "Ket", "GM_TYPE": "Text", "ELEVATION": 0 }, "geometry": { "type": "Point", "coordinates": [ 776284.856775925960392, 8982510.339355444535613 ] } },
{ "type": "Feature", "properties": { "NAME": "as cb kl", "LAYER": "Ket", "GM_TYPE": "Text", "ELEVATION": 0 }, "geometry": { "type": "Point", "coordinates": [ 776385.371448087971658, 8982444.312507113441825 ] } },
{ "type": "Feature", "properties": { "NAME": "as kl", "LAYER": "Ket", "GM_TYPE": "Text", "ELEVATION": 0 }, "geometry": { "type": "Point", "coordinates": [ 776402.169534173095599, 8982433.92803274653852 ] } },
{ "type": "Feature", "properties": { "NAME": "tb kl", "LAYER": "Ket", "GM_TYPE": "Text", "ELEVATION": 0 }, "geometry": { "type": "Point", "coordinates": [ 776409.603782651945949, 8982405.581967674195766 ] } },
{ "type": "Feature", "properties": { "NAME": "Tp kl", "LAYER": "Ket", "GM_TYPE": "Text", "ELEVATION": 0 }, "geometry": { "type": "Point", "coordinates": [ 776409.185608938103542, 8982405.087102523073554 ] } },
{ "type": "Feature", "properties": { "NAME": "tb kl", "LAYER": "Ket", "GM_TYPE": "Text", "ELEVATION": 0 }, "geometry": { "type": "Point", "coordinates": [ 776634.151768626994453, 8982389.233500763773918 ] } },
{ "type": "Feature", "properties": { "NAME": "tb kl", "LAYER": "Ket", "GM_TYPE": "Text", "ELEVATION": 0 }, "geometry": { "type": "Point", "coordinates": [ 776524.671976929996163, 8982358.995568813756108 ] } },
{ "type": "Feature", "properties": { "NAME": "tb kl", "LAYER": "Ket", "GM_TYPE": "Text", "ELEVATION": 0 }, "geometry": { "type": "Point", "coordinates": [ 776557.039430888020433, 8982333.812857754528522 ] } },
{ "type": "Feature", "properties": { "NAME": "Tp kl", "LAYER": "Ket", "GM_TYPE": "Text", "ELEVATION": 0 }, "geometry": { "type": "Point", "coordinates": [ 776556.798730170936324, 8982333.238714741542935 ] } },
{ "type": "Feature", "properties": { "NAME": "as kl", "LAYER": "Ket", "GM_TYPE": "Text", "ELEVATION": 0 }, "geometry": { "type": "Point", "coordinates": [ 776556.053652979084291, 8982330.973875794559717 ] } },
{ "type": "Feature", "properties": { "NAME": "Tp kl", "LAYER": "Ket", "GM_TYPE": "Text", "ELEVATION": 0 }, "geometry": { "type": "Point", "coordinates": [ 776555.247645379044116, 8982329.119846273213625 ] } },
{ "type": "Feature", "properties": { "NAME": "tb kl", "LAYER": "Ket", "GM_TYPE": "Text", "ELEVATION": 0 }, "geometry": { "type": "Point", "coordinates": [ 776554.493039008113556, 8982326.860585574060678 ] } },
{ "type": "Feature", "properties": { "NAME": "tb kl", "LAYER": "Ket", "GM_TYPE": "Text", "ELEVATION": 0 }, "geometry": { "type": "Point", "coordinates": [ 776643.628643469070084, 8982265.258029585704207 ] } },
{ "type": "Feature", "properties": { "NAME": "Tp kl", "LAYER": "Ket", "GM_TYPE": "Text", "ELEVATION": 0 }, "geometry": { "type": "Point", "coordinates": [ 776645.703620409942232, 8982268.295249663293362 ] } },
{ "type": "Feature", "properties": { "NAME": "as kl", "LAYER": "Ket", "GM_TYPE": "Text", "ELEVATION": 0 }, "geometry": { "type": "Point", "coordinates": [ 776647.267023919965141, 8982270.310187224298716 ] } },
{ "type": "Feature", "properties": { "NAME": "Tp kl", "LAYER": "Ket", "GM_TYPE": "Text", "ELEVATION": 0 }, "geometry": { "type": "Point", "coordinates": [ 776648.830092336982489, 8982272.236642073839903 ] } },
{ "type": "Feature", "properties": { "NAME": "ahir kl", "LAYER": "Ket", "GM_TYPE": "Text", "ELEVATION": 0 }, "geometry": { "type": "Point", "coordinates": [ 776659.178663598140702, 8982224.302987454459071 ] } },
{ "type": "Feature", "properties": { "NAME": "as sal", "LAYER": "Ket", "GM_TYPE": "Text", "ELEVATION": 0 }, "geometry": { "type": "Point", "coordinates": [ 776961.893113385885954, 8983051.315446093678474 ] } },
{ "type": "Feature", "properties": { "NAME": "as sal", "LAYER": "Ket", "GM_TYPE": "Text", "ELEVATION": 0 }, "geometry": { "type": "Point", "coordinates": [ 776940.099035013117827, 8983000.870611405000091 ] } },
{ "type": "Feature", "properties": { "NAME": "as sal", "LAYER": "Ket", "GM_TYPE": "Text", "ELEVATION": 0 }, "geometry": { "type": "Point", "coordinates": [ 776906.639652999932878, 8982921.638640526682138 ] } },
{ "type": "Feature", "properties": { "NAME": "as sal", "LAYER": "Ket", "GM_TYPE": "Text", "ELEVATION": 0 }, "geometry": { "type": "Point", "coordinates": [ 776885.421063740970567, 8982882.973984653130174 ] } },
{ "type": "Feature", "properties": { "NAME": "as sal", "LAYER": "Ket", "GM_TYPE": "Text", "ELEVATION": 0 }, "geometry": { "type": "Point", "coordinates": [ 776858.597507552010939, 8983029.01875676587224 ] } },
{ "type": "Feature", "properties": { "NAME": "as sal", "LAYER": "Ket", "GM_TYPE": "Text", "ELEVATION": 0 }, "geometry": { "type": "Point", "coordinates": [ 776861.056568150990643, 8983070.078374233096838 ] } },
{ "type": "Feature", "properties": { "NAME": "as sal", "LAYER": "Ket", "GM_TYPE": "Text", "ELEVATION": 0 }, "geometry": { "type": "Point", "coordinates": [ 776829.33941528305877, 8982996.334167314693332 ] } },
{ "type": "Feature", "properties": { "NAME": "as al", "LAYER": "Ket", "GM_TYPE": "Text", "ELEVATION": 0 }, "geometry": { "type": "Point", "coordinates": [ 776425.152969579095952, 8983207.906358363106847 ] } },
{ "type": "Feature", "properties": { "NAME": "as al", "LAYER": "Ket", "GM_TYPE": "Text", "ELEVATION": 0 }, "geometry": { "type": "Point", "coordinates": [ 776407.918081180891022, 8983202.080011254176497 ] } },
{ "type": "Feature", "properties": { "NAME": "as al", "LAYER": "Ket", "GM_TYPE": "Text", "ELEVATION": 0 }, "geometry": { "type": "Point", "coordinates": [ 776317.513432863052003, 8983167.604190152138472 ] } },
{ "type": "Feature", "properties": { "NAME": "as al", "LAYER": "Ket", "GM_TYPE": "Text", "ELEVATION": 0 }, "geometry": { "type": "Point", "coordinates": [ 776242.092016522074118, 8983093.815306963399053 ] } },
{ "type": "Feature", "properties": { "NAME": "as", "LAYER": "Ket", "GM_TYPE": "Text", "ELEVATION": 0 }, "geometry": { "type": "Point", "coordinates": [ 776293.601148420013487, 8982149.283789483830333 ] } },
{ "type": "Feature", "properties": { "NAME": "ahir", "LAYER": "Ket", "GM_TYPE": "Text", "ELEVATION": 0 }, "geometry": { "type": "Point", "coordinates": [ 776186.224212155910209, 8981842.192325543612242 ] } },
{ "type": "Feature", "properties": { "NAME": "as", "LAYER": "Ket", "GM_TYPE": "Text", "ELEVATION": 0 }, "geometry": { "type": "Point", "coordinates": [ 775869.615834722993895, 8981880.270699594169855 ] } },
{ "type": "Feature", "properties": { "NAME": "as", "LAYER": "Ket", "GM_TYPE": "Text", "ELEVATION": 0 }, "geometry": { "type": "Point", "coordinates": [ 775838.153341298107989, 8981873.232710976153612 ] } },
{ "type": "Feature", "properties": { "NAME": "as jln", "LAYER": "Ket", "GM_TYPE": "Text", "ELEVATION": 0 }, "geometry": { "type": "Point", "coordinates": [ 775744.921116534969769, 8981566.769246403127909 ] } },
{ "type": "Feature", "properties": { "NAME": "as", "LAYER": "Ket", "GM_TYPE": "Text", "ELEVATION": 0 }, "geometry": { "type": "Point", "coordinates": [ 775783.596392065868713, 8981773.830706654116511 ] } },
{ "type": "Feature", "properties": { "NAME": "as", "LAYER": "Ket", "GM_TYPE": "Text", "ELEVATION": 0 }, "geometry": { "type": "Point", "coordinates": [ 775769.840779484016821, 8981765.555832294747233 ] } },
{ "type": "Feature", "properties": { "NAME": "ex kali", "LAYER": "Ket", "GM_TYPE": "Text", "ELEVATION": 0 }, "geometry": { "type": "Point", "coordinates": [ 777138.202592124114744, 8982765.47518253326416 ] } },
{ "type": "Feature", "properties": { "NAME": "al", "LAYER": "Ket", "GM_TYPE": "Text", "ELEVATION": 0 }, "geometry": { "type": "Point", "coordinates": [ 777134.090780739090405, 8982023.569640824571252 ] } },
{ "type": "Feature", "properties": { "NAME": "bts sp.1-2", "LAYER": "Ket", "GM_TYPE": "Text", "ELEVATION": 0 }, "geometry": { "type": "Point", "coordinates": [ 777075.341115504037589, 8981038.48345885425806 ] } },
{ "type": "Feature", "properties": { "NAME": "pantai", "LAYER": "Ket", "GM_TYPE": "Text", "ELEVATION": 0 }, "geometry": { "type": "Point", "coordinates": [ 777046.717803350882605, 8979768.15718394331634 ] } },
{ "type": "Feature", "properties": { "NAME": "tb kl", "LAYER": "Ket", "GM_TYPE": "Text", "ELEVATION": 0 }, "geometry": { "type": "Point", "coordinates": [ 775241.847664069966413, 8981629.077607303857803 ] } },
{ "type": "Feature", "properties": { "NAME": "Tp kl", "LAYER": "Ket", "GM_TYPE": "Text", "ELEVATION": 0 }, "geometry": { "type": "Point", "coordinates": [ 775239.591771797975525, 8981632.454402465373278 ] } },
{ "type": "Feature", "properties": { "NAME": "as", "LAYER": "Ket", "GM_TYPE": "Text", "ELEVATION": 0 }, "geometry": { "type": "Point", "coordinates": [ 775235.803017935017124, 8981632.612025763839483 ] } },
{ "type": "Feature", "properties": { "NAME": "as", "LAYER": "Ket", "GM_TYPE": "Text", "ELEVATION": 0 }, "geometry": { "type": "Point", "coordinates": [ 775232.389056965010241, 8981628.487156134098768 ] } },
{ "type": "Feature", "properties": { "NAME": "as", "LAYER": "Ket", "GM_TYPE": "Text", "ELEVATION": 0 }, "geometry": { "type": "Point", "coordinates": [ 775238.409592555952258, 8981635.71427801437676 ] } },
{ "type": "Feature", "properties": { "NAME": "tb kl", "LAYER": "Ket", "GM_TYPE": "Text", "ELEVATION": 0 }, "geometry": { "type": "Point", "coordinates": [ 775237.925416920916177, 8981637.875057224184275 ] } },
{ "type": "Feature", "properties": { "NAME": "Tp kl", "LAYER": "Ket", "GM_TYPE": "Text", "ELEVATION": 0 }, "geometry": { "type": "Point", "coordinates": [ 775234.374282259028405, 8981635.782783083617687 ] } },
{ "type": "Feature", "properties": { "NAME": "tb kl", "LAYER": "Ket", "GM_TYPE": "Text", "ELEVATION": 0 }, "geometry": { "type": "Point", "coordinates": [ 775231.159514436032623, 8981635.001262793317437 ] } },
{ "type": "Feature", "properties": { "NAME": "as", "LAYER": "Ket", "GM_TYPE": "Text", "ELEVATION": 0 }, "geometry": { "type": "Point", "coordinates": [ 775243.935754008009098, 8981635.392656583338976 ] } },
{ "type": "Feature", "properties": { "NAME": "Tp kl", "LAYER": "Ket", "GM_TYPE": "Text", "ELEVATION": 0 }, "geometry": { "type": "Point", "coordinates": [ 775205.647976525942795, 8981612.192546656355262 ] } },
{ "type": "Feature", "properties": { "NAME": "as", "LAYER": "Ket", "GM_TYPE": "Text", "ELEVATION": 0 }, "geometry": { "type": "Point", "coordinates": [ 775204.887586134951562, 8981612.699646325781941 ] } },
{ "type": "Feature", "properties": { "NAME": "Tp kl", "LAYER": "Ket", "GM_TYPE": "Text", "ELEVATION": 0 }, "geometry": { "type": "Point", "coordinates": [ 775204.415790993138216, 8981613.297286273911595 ] } },
{ "type": "Feature", "properties": { "NAME": "tb kl", "LAYER": "Ket", "GM_TYPE": "Text", "ELEVATION": 0 }, "geometry": { "type": "Point", "coordinates": [ 775098.022168737952597, 8981556.833780093118548 ] } },
{ "type": "Feature", "properties": { "NAME": "as", "LAYER": "Ket", "GM_TYPE": "Text", "ELEVATION": 0 }, "geometry": { "type": "Point", "coordinates": [ 775097.888196405139752, 8981551.127299163490534 ] } },
{ "type": "Feature", "properties": { "NAME": "tb kl", "LAYER": "Ket", "GM_TYPE": "Text", "ELEVATION": 0 }, "geometry": { "type": "Point", "coordinates": [ 775123.111536261974834, 8981558.150457054376602 ] } },
{ "type": "Feature", "properties": { "NAME": "as", "LAYER": "Ket", "GM_TYPE": "Text", "ELEVATION": 0 }, "geometry": { "type": "Point", "coordinates": [ 775121.679573927074671, 8981560.198611233383417 ] } },
{ "type": "Feature", "properties": { "NAME": "tb kl", "LAYER": "Ket", "GM_TYPE": "Text", "ELEVATION": 0 }, "geometry": { "type": "Point", "coordinates": [ 775089.072198724141344, 8981544.648550353944302 ] } },
{ "type": "Feature", "properties": { "NAME": "tb kl", "LAYER": "Ket", "GM_TYPE": "Text", "ELEVATION": 0 }, "geometry": { "type": "Point", "coordinates": [ 775051.790899177081883, 8981538.516707392409444 ] } },
{ "type": "Feature", "properties": { "NAME": "as", "LAYER": "Ket", "GM_TYPE": "Text", "ELEVATION": 0 }, "geometry": { "type": "Point", "coordinates": [ 775057.623501896043308, 8981534.982110384851694 ] } },
{ "type": "Feature", "properties": { "NAME": "tb kl", "LAYER": "Ket", "GM_TYPE": "Text", "ELEVATION": 0 }, "geometry": { "type": "Point", "coordinates": [ 775002.44143286102917, 8981517.781721834093332 ] } },
{ "type": "Feature", "properties": { "NAME": "as", "LAYER": "Ket", "GM_TYPE": "Text", "ELEVATION": 0 }, "geometry": { "type": "Point", "coordinates": [ 775004.092151322052814, 8981512.004667734727263 ] } },
{ "type": "Feature", "properties": { "NAME": "as", "LAYER": "Ket", "GM_TYPE": "Text", "ELEVATION": 0 }, "geometry": { "type": "Point", "coordinates": [ 774966.543287213076837, 8981490.249171894043684 ] } },
{ "type": "Feature", "properties": { "NAME": "tb kl", "LAYER": "Ket", "GM_TYPE": "Text", "ELEVATION": 0 }, "geometry": { "type": "Point", "coordinates": [ 774941.566452006110922, 8981459.462321992963552 ] } },
{ "type": "Feature", "properties": { "NAME": "as", "LAYER": "Ket", "GM_TYPE": "Text", "ELEVATION": 0 }, "geometry": { "type": "Point", "coordinates": [ 774914.153787047951482, 8981427.223382093012333 ] } },
{ "type": "Feature", "properties": { "NAME": "tb kl", "LAYER": "Ket", "GM_TYPE": "Text", "ELEVATION": 0 }, "geometry": { "type": "Point", "coordinates": [ 774886.765888983034529, 8981418.028798194602132 ] } },
{ "type": "Feature", "properties": { "NAME": "Tp kl", "LAYER": "Ket", "GM_TYPE": "Text", "ELEVATION": 0 }, "geometry": { "type": "Point", "coordinates": [ 774886.696857394068502, 8981415.272285383194685 ] } },
{ "type": "Feature", "properties": { "NAME": "Pet mola", "LAYER": "Ket", "GM_TYPE": "Text", "ELEVATION": 0 }, "geometry": { "type": "Point", "coordinates": [ 774886.184432312962599, 8981413.243269233033061 ] } },
{ "type": "Feature", "properties": { "NAME": "tb kl", "LAYER": "Ket", "GM_TYPE": "Text", "ELEVATION": 0 }, "geometry": { "type": "Point", "coordinates": [ 774890.227269997121766, 8981408.0192328132689 ] } },
{ "type": "Feature", "properties": { "NAME": "as mola", "LAYER": "Ket", "GM_TYPE": "Text", "ELEVATION": 0 }, "geometry": { "type": "Point", "coordinates": [ 774882.958996439119801, 8981421.013122474774718 ] } },
{ "type": "Feature", "properties": { "NAME": "Tp kl", "LAYER": "Ket", "GM_TYPE": "Text", "ELEVATION": 0 }, "geometry": { "type": "Point", "coordinates": [ 774886.321347350021824, 8981410.376064084470272 ] } },
{ "type": "Feature", "properties": { "NAME": "Tp kl", "LAYER": "Ket", "GM_TYPE": "Text", "ELEVATION": 0 }, "geometry": { "type": "Point", "coordinates": [ 774882.187106615165249, 8981402.94387480430305 ] } },
{ "type": "Feature", "properties": { "NAME": "as", "LAYER": "Ket", "GM_TYPE": "Text", "ELEVATION": 0 }, "geometry": { "type": "Point", "coordinates": [ 774881.434655064134859, 8981404.030460564419627 ] } },
{ "type": "Feature", "properties": { "NAME": "as mola", "LAYER": "Ket", "GM_TYPE": "Text", "ELEVATION": 0 }, "geometry": { "type": "Point", "coordinates": [ 774877.556508889072575, 8981421.00378237478435 ] } },
{ "type": "Feature", "properties": { "NAME": "tb kl", "LAYER": "Ket", "GM_TYPE": "Text", "ELEVATION": 0 }, "geometry": { "type": "Point", "coordinates": [ 774886.174351810012013, 8981398.481236394494772 ] } },
{ "type": "Feature", "properties": { "NAME": "tb kl", "LAYER": "Ket", "GM_TYPE": "Text", "ELEVATION": 0 }, "geometry": { "type": "Point", "coordinates": [ 774851.871703917044215, 8981358.512985503301024 ] } },
{ "type": "Feature", "properties": { "NAME": "tb kl", "LAYER": "Ket", "GM_TYPE": "Text", "ELEVATION": 0 }, "geometry": { "type": "Point", "coordinates": [ 774862.355071972007863, 8981378.93907936476171 ] } },
{ "type": "Feature", "properties": { "NAME": "as", "LAYER": "Ket", "GM_TYPE": "Text", "ELEVATION": 0 }, "geometry": { "type": "Point", "coordinates": [ 774853.242753075086512, 8981355.238524692133069 ] } },
{ "type": "Feature", "properties": { "NAME": "tb kl", "LAYER": "Ket", "GM_TYPE": "Text", "ELEVATION": 0 }, "geometry": { "type": "Point", "coordinates": [ 774834.471941419993527, 8981327.38788372464478 ] } },
{ "type": "Feature", "properties": { "NAME": "as", "LAYER": "Ket", "GM_TYPE": "Text", "ELEVATION": 0 }, "geometry": { "type": "Point", "coordinates": [ 774837.469392349128611, 8981322.988366072997451 ] } },
{ "type": "Feature", "properties": { "NAME": "tb kl", "LAYER": "Ket", "GM_TYPE": "Text", "ELEVATION": 0 }, "geometry": { "type": "Point", "coordinates": [ 774838.717999477055855, 8981314.540730664506555 ] } },
{ "type": "Feature", "properties": { "NAME": "as", "LAYER": "Ket", "GM_TYPE": "Text", "ELEVATION": 0 }, "geometry": { "type": "Point", "coordinates": [ 774815.83931378100533, 8981271.878368314355612 ] } },
{ "type": "Feature", "properties": { "NAME": "tb kl", "LAYER": "Ket", "GM_TYPE": "Text", "ELEVATION": 0 }, "geometry": { "type": "Point", "coordinates": [ 774812.395064719952643, 8981279.552774602547288 ] } },
{ "type": "Feature", "properties": { "NAME": "as", "LAYER": "Ket", "GM_TYPE": "Text", "ELEVATION": 0 }, "geometry": { "type": "Point", "coordinates": [ 774797.462441558018327, 8981217.428445685654879 ] } },
{ "type": "Feature", "properties": { "NAME": "as", "LAYER": "Ket", "GM_TYPE": "Text", "ELEVATION": 0 }, "geometry": { "type": "Point", "coordinates": [ 774783.588891592924483, 8981178.983129195868969 ] } },
{ "type": "Feature", "properties": { "NAME": "tb kl", "LAYER": "Ket", "GM_TYPE": "Text", "ELEVATION": 0 }, "geometry": { "type": "Point", "coordinates": [ 774777.703296615043655, 8981180.258630653843284 ] } },
{ "type": "Feature", "properties": { "NAME": "as", "LAYER": "Ket", "GM_TYPE": "Text", "ELEVATION": 0 }, "geometry": { "type": "Point", "coordinates": [ 774715.91254379588645, 8980998.639625754207373 ] } },
{ "type": "Feature", "properties": { "NAME": "tb kl", "LAYER": "Ket", "GM_TYPE": "Text", "ELEVATION": 0 }, "geometry": { "type": "Point", "coordinates": [ 774699.580093380995095, 8980963.40538551658392 ] } },
{ "type": "Feature", "properties": { "NAME": "tb kl", "LAYER": "Ket", "GM_TYPE": "Text", "ELEVATION": 0 }, "geometry": { "type": "Point", "coordinates": [ 774704.640242840861902, 8980953.319543473422527 ] } },
{ "type": "Feature", "properties": { "NAME": "as", "LAYER": "Ket", "GM_TYPE": "Text", "ELEVATION": 0 }, "geometry": { "type": "Point", "coordinates": [ 774704.828087615896948, 8980963.196137864142656 ] } },
{ "type": "Feature", "properties": { "NAME": "tb kl", "LAYER": "Ket", "GM_TYPE": "Text", "ELEVATION": 0 }, "geometry": { "type": "Point", "coordinates": [ 774687.21639801422134, 8980932.742920914664865 ] } },
{ "type": "Feature", "properties": { "NAME": "tb kl", "LAYER": "Ket", "GM_TYPE": "Text", "ELEVATION": 0 }, "geometry": { "type": "Point", "coordinates": [ 774657.300560837029479, 8980894.666615212336183 ] } },
{ "type": "Feature", "properties": { "NAME": "as", "LAYER": "Ket", "GM_TYPE": "Text", "ELEVATION": 0 }, "geometry": { "type": "Point", "coordinates": [ 774584.692005137912929, 8980779.680439444258809 ] } },
{ "type": "Feature", "properties": { "NAME": "tb kl", "LAYER": "Ket", "GM_TYPE": "Text", "ELEVATION": 0 }, "geometry": { "type": "Point", "coordinates": [ 774581.329569334862754, 8980788.247998874634504 ] } },
{ "type": "Feature", "properties": { "NAME": "Tp mola", "LAYER": "Ket", "GM_TYPE": "Text", "ELEVATION": 0 }, "geometry": { "type": "Point", "coordinates": [ 774357.174526534043252, 8982049.071357034146786 ] } },
{ "type": "Feature", "properties": { "NAME": "as al", "LAYER": "Ket", "GM_TYPE": "Text", "ELEVATION": 0 }, "geometry": { "type": "Point", "coordinates": [ 774537.527858570101671, 8980655.880994653329253 ] } },
{ "type": "Feature", "properties": { "NAME": "tb al", "LAYER": "Ket", "GM_TYPE": "Text", "ELEVATION": 0 }, "geometry": { "type": "Point", "coordinates": [ 774524.460008099093102, 8980628.729284202679992 ] } },
{ "type": "Feature", "properties": { "NAME": "as al", "LAYER": "Ket", "GM_TYPE": "Text", "ELEVATION": 0 }, "geometry": { "type": "Point", "coordinates": [ 774516.235874839127064, 8980598.292630333453417 ] } },
{ "type": "Feature", "properties": { "NAME": "tb al", "LAYER": "Ket", "GM_TYPE": "Text", "ELEVATION": 0 }, "geometry": { "type": "Point", "coordinates": [ 774465.207308540120721, 8980418.746767733246088 ] } },
{ "type": "Feature", "properties": { "NAME": "as al", "LAYER": "Ket", "GM_TYPE": "Text", "ELEVATION": 0 }, "geometry": { "type": "Point", "coordinates": [ 774467.522757800994441, 8980417.996299872174859 ] } },
{ "type": "Feature", "properties": { "NAME": "tb al", "LAYER": "Ket", "GM_TYPE": "Text", "ELEVATION": 0 }, "geometry": { "type": "Point", "coordinates": [ 774447.965066860779189, 8980360.252483695745468 ] } },
{ "type": "Feature", "properties": { "NAME": "as al", "LAYER": "Ket", "GM_TYPE": "Text", "ELEVATION": 0 }, "geometry": { "type": "Point", "coordinates": [ 774438.030556375975721, 8980332.97817025333643 ] } },
{ "type": "Feature", "properties": { "NAME": "as al", "LAYER": "Ket", "GM_TYPE": "Text", "ELEVATION": 0 }, "geometry": { "type": "Point", "coordinates": [ 774386.903387001017109, 8980257.101339463144541 ] } },
{ "type": "Feature", "properties": { "NAME": "as al", "LAYER": "Ket", "GM_TYPE": "Text", "ELEVATION": 0 }, "geometry": { "type": "Point", "coordinates": [ 774358.733914072974585, 8980220.40697799436748 ] } },
{ "type": "Feature", "properties": { "NAME": "tb al", "LAYER": "Ket", "GM_TYPE": "Text", "ELEVATION": 0 }, "geometry": { "type": "Point", "coordinates": [ 774353.709327535005286, 8980219.986577676609159 ] } },
{ "type": "Feature", "properties": { "NAME": "tb al", "LAYER": "Ket", "GM_TYPE": "Text", "ELEVATION": 0 }, "geometry": { "type": "Point", "coordinates": [ 774355.097981979139149, 8980223.487302223220468 ] } },
{ "type": "Feature", "properties": { "NAME": "as al", "LAYER": "Ket", "GM_TYPE": "Text", "ELEVATION": 0 }, "geometry": { "type": "Point", "coordinates": [ 774345.794662277912721, 8980220.488199204206467 ] } },
{ "type": "Feature", "properties": { "NAME": "tb al", "LAYER": "Ket", "GM_TYPE": "Text", "ELEVATION": 0 }, "geometry": { "type": "Point", "coordinates": [ 774323.181007345905527, 8980214.440464803948998 ] } },
{ "type": "Feature", "properties": { "NAME": "tb al", "LAYER": "Ket", "GM_TYPE": "Text", "ELEVATION": 0 }, "geometry": { "type": "Point", "coordinates": [ 774225.404962725006044, 8980031.042521273717284 ] } },
{ "type": "Feature", "properties": { "NAME": "as al", "LAYER": "Ket", "GM_TYPE": "Text", "ELEVATION": 0 }, "geometry": { "type": "Point", "coordinates": [ 774226.546807372942567, 8980032.108909793198109 ] } },
{ "type": "Feature", "properties": { "NAME": "as al", "LAYER": "Ket", "GM_TYPE": "Text", "ELEVATION": 0 }, "geometry": { "type": "Point", "coordinates": [ 774233.214343443047255, 8980039.006823744624853 ] } },
{ "type": "Feature", "properties": { "NAME": "tb al", "LAYER": "Ket", "GM_TYPE": "Text", "ELEVATION": 0 }, "geometry": { "type": "Point", "coordinates": [ 774197.864937369944528, 8980025.566221743822098 ] } },
{ "type": "Feature", "properties": { "NAME": "as al", "LAYER": "Ket", "GM_TYPE": "Text", "ELEVATION": 0 }, "geometry": { "type": "Point", "coordinates": [ 774197.438752698013559, 8980026.204166244715452 ] } },
{ "type": "Feature", "properties": { "NAME": "as al", "LAYER": "Ket", "GM_TYPE": "Text", "ELEVATION": 0 }, "geometry": { "type": "Point", "coordinates": [ 774182.795861536986195, 8979966.117191353812814 ] } },
{ "type": "Feature", "properties": { "NAME": "as al", "LAYER": "Ket", "GM_TYPE": "Text", "ELEVATION": 0 }, "geometry": { "type": "Point", "coordinates": [ 774168.695571360993199, 8979944.553747393190861 ] } },
{ "type": "Feature", "properties": { "NAME": "tb al", "LAYER": "Ket", "GM_TYPE": "Text", "ELEVATION": 0 }, "geometry": { "type": "Point", "coordinates": [ 774166.321754229953513, 8979943.623784944415092 ] } },
{ "type": "Feature", "properties": { "NAME": "as sal", "LAYER": "Ket", "GM_TYPE": "Text", "ELEVATION": 0 }, "geometry": { "type": "Point", "coordinates": [ 772925.68923190201167, 8982624.391017904505134 ] } },
{ "type": "Feature", "properties": { "NAME": "as sal", "LAYER": "Ket", "GM_TYPE": "Text", "ELEVATION": 0 }, "geometry": { "type": "Point", "coordinates": [ 772976.061125145992264, 8982622.378668174147606 ] } },
{ "type": "Feature", "properties": { "NAME": "as sal", "LAYER": "Ket", "GM_TYPE": "Text", "ELEVATION": 0 }, "geometry": { "type": "Point", "coordinates": [ 773048.966461430885829, 8982618.587177274748683 ] } },
{ "type": "Feature", "properties": { "NAME": "as jln", "LAYER": "Ket", "GM_TYPE": "Text", "ELEVATION": 0 }, "geometry": { "type": "Point", "coordinates": [ 772847.499597333022393, 8982483.484499253332615 ] } },
{ "type": "Feature", "properties": { "NAME": "as jln", "LAYER": "Ket", "GM_TYPE": "Text", "ELEVATION": 0 }, "geometry": { "type": "Point", "coordinates": [ 772834.020884327939712, 8982204.383803393691778 ] } },
{ "type": "Feature", "properties": { "NAME": "as jln", "LAYER": "Ket", "GM_TYPE": "Text", "ELEVATION": 0 }, "geometry": { "type": "Point", "coordinates": [ 772952.128903199220076, 8982120.42009093426168 ] } },
{ "type": "Feature", "properties": { "NAME": "as jln", "LAYER": "Ket", "GM_TYPE": "Text", "ELEVATION": 0 }, "geometry": { "type": "Point", "coordinates": [ 773112.029848519945517, 8982112.887489784508944 ] } },
{ "type": "Feature", "properties": { "NAME": "as jln", "LAYER": "Ket", "GM_TYPE": "Text", "ELEVATION": 0 }, "geometry": { "type": "Point", "coordinates": [ 772827.703749527106993, 8982076.453332716599107 ] } },
{ "type": "Feature", "properties": { "NAME": "as jln", "LAYER": "Ket", "GM_TYPE": "Text", "ELEVATION": 0 }, "geometry": { "type": "Point", "coordinates": [ 772824.086935182102025, 8981999.710380744189024 ] } },
{ "type": "Feature", "properties": { "NAME": "as jln", "LAYER": "Ket", "GM_TYPE": "Text", "ELEVATION": 0 }, "geometry": { "type": "Point", "coordinates": [ 772821.151650932035409, 8981942.361449873074889 ] } },
{ "type": "Feature", "properties": { "NAME": "as jln", "LAYER": "Ket", "GM_TYPE": "Text", "ELEVATION": 0 }, "geometry": { "type": "Point", "coordinates": [ 772817.970652845920995, 8981870.134741172194481 ] } },
{ "type": "Feature", "properties": { "NAME": "as jln", "LAYER": "Ket", "GM_TYPE": "Text", "ELEVATION": 0 }, "geometry": { "type": "Point", "coordinates": [ 772814.344007514999248, 8981799.362387984991074 ] } },
{ "type": "Feature", "properties": { "NAME": "Sklh", "LAYER": "Ket", "GM_TYPE": "Text", "ELEVATION": 0 }, "geometry": { "type": "Point", "coordinates": [ 772861.81352257495746, 8982090.825823614373803 ] } },
{ "type": "Feature", "properties": { "NAME": "Sklh", "LAYER": "Ket", "GM_TYPE": "Text", "ELEVATION": 0 }, "geometry": { "type": "Point", "coordinates": [ 772859.968253378057852, 8982099.582322973757982 ] } },
{ "type": "Feature", "properties": { "NAME": "Sklh", "LAYER": "Ket", "GM_TYPE": "Text", "ELEVATION": 0 }, "geometry": { "type": "Point", "coordinates": [ 772893.101682094042189, 8982101.701281003654003 ] } },
{ "type": "Feature", "properties": { "NAME": "as jln", "LAYER": "Ket", "GM_TYPE": "Text", "ELEVATION": 0 }, "geometry": { "type": "Point", "coordinates": [ 772934.651450310950167, 8981961.120469391345978 ] } },
{ "type": "Feature", "properties": { "NAME": "as jln", "LAYER": "Ket", "GM_TYPE": "Text", "ELEVATION": 0 }, "geometry": { "type": "Point", "coordinates": [ 773022.289922424126416, 8981957.934198623523116 ] } },
{ "type": "Feature", "properties": { "NAME": "as jln", "LAYER": "Ket", "GM_TYPE": "Text", "ELEVATION": 0 }, "geometry": { "type": "Point", "coordinates": [ 772922.745966393034905, 8981854.851619243621826 ] } },
{ "type": "Feature", "properties": { "NAME": "as jln", "LAYER": "Ket", "GM_TYPE": "Text", "ELEVATION": 0 }, "geometry": { "type": "Point", "coordinates": [ 772950.273599611013196, 8981697.056465994566679 ] } },
{ "type": "Feature", "properties": { "NAME": "as jln", "LAYER": "Ket", "GM_TYPE": "Text", "ELEVATION": 0 }, "geometry": { "type": "Point", "coordinates": [ 772954.270275630056858, 8981697.856500534340739 ] } },
{ "type": "Feature", "properties": { "NAME": "as jln", "LAYER": "Ket", "GM_TYPE": "Text", "ELEVATION": 0 }, "geometry": { "type": "Point", "coordinates": [ 772807.346502032945864, 8981654.038482133299112 ] } },
{ "type": "Feature", "properties": { "NAME": "as jln", "LAYER": "Ket", "GM_TYPE": "Text", "ELEVATION": 0 }, "geometry": { "type": "Point", "coordinates": [ 772803.076601531007327, 8981557.581194523721933 ] } },
{ "type": "Feature", "properties": { "NAME": "as jln", "LAYER": "Ket", "GM_TYPE": "Text", "ELEVATION": 0 }, "geometry": { "type": "Point", "coordinates": [ 772797.867606000043452, 8981438.80270211212337 ] } },
{ "type": "Feature", "properties": { "NAME": "as jln", "LAYER": "Ket", "GM_TYPE": "Text", "ELEVATION": 0 }, "geometry": { "type": "Point", "coordinates": [ 772938.8830164790852, 8981282.708957862108946 ] } },
{ "type": "Feature", "properties": { "NAME": "as jln", "LAYER": "Ket", "GM_TYPE": "Text", "ELEVATION": 0 }, "geometry": { "type": "Point", "coordinates": [ 772788.584004686097614, 8981236.473350854590535 ] } },
{ "type": "Feature", "properties": { "NAME": "as jln", "LAYER": "Ket", "GM_TYPE": "Text", "ELEVATION": 0 }, "geometry": { "type": "Point", "coordinates": [ 772784.89020518923644, 8981160.122389253228903 ] } },
{ "type": "Feature", "properties": { "NAME": "as jln", "LAYER": "Ket", "GM_TYPE": "Text", "ELEVATION": 0 }, "geometry": { "type": "Point", "coordinates": [ 772781.703631227952428, 8981081.529545713216066 ] } },
{ "type": "Feature", "properties": { "NAME": "as jln", "LAYER": "Ket", "GM_TYPE": "Text", "ELEVATION": 0 }, "geometry": { "type": "Point", "coordinates": [ 772997.629264467046596, 8981280.355329222977161 ] } },
{ "type": "Feature", "properties": { "NAME": "as jln", "LAYER": "Ket", "GM_TYPE": "Text", "ELEVATION": 0 }, "geometry": { "type": "Point", "coordinates": [ 773047.984707659110427, 8981277.809469565749168 ] } },
{ "type": "Feature", "properties": { "NAME": "as jln", "LAYER": "Ket", "GM_TYPE": "Text", "ELEVATION": 0 }, "geometry": { "type": "Point", "coordinates": [ 773100.952043132972904, 8981275.139062274247408 ] } },
{ "type": "Feature", "properties": { "NAME": "as jln", "LAYER": "Ket", "GM_TYPE": "Text", "ELEVATION": 0 }, "geometry": { "type": "Point", "coordinates": [ 773151.474542397074401, 8981272.934256764128804 ] } },
{ "type": "Feature", "properties": { "NAME": "as jln", "LAYER": "Ket", "GM_TYPE": "Text", "ELEVATION": 0 }, "geometry": { "type": "Point", "coordinates": [ 773217.200446277856827, 8981270.137227304279804 ] } },
{ "type": "Feature", "properties": { "NAME": "as jln", "LAYER": "Ket", "GM_TYPE": "Text", "ELEVATION": 0 }, "geometry": { "type": "Point", "coordinates": [ 772776.33676743588876, 8980946.021898293867707 ] } },
{ "type": "Feature", "properties": { "NAME": "as jln", "LAYER": "Ket", "GM_TYPE": "Text", "ELEVATION": 0 }, "geometry": { "type": "Point", "coordinates": [ 772772.87330736219883, 8980879.046967664733529 ] } },
{ "type": "Feature", "properties": { "NAME": "as jln", "LAYER": "Ket", "GM_TYPE": "Text", "ELEVATION": 0 }, "geometry": { "type": "Point", "coordinates": [ 772769.999507510918193, 8980813.233656793832779 ] } },
{ "type": "Feature", "properties": { "NAME": "as jln", "LAYER": "Ket", "GM_TYPE": "Text", "ELEVATION": 0 }, "geometry": { "type": "Point", "coordinates": [ 772766.584165891981684, 8980743.54715615324676 ] } },
{ "type": "Feature", "properties": { "NAME": "as jln", "LAYER": "Ket", "GM_TYPE": "Text", "ELEVATION": 0 }, "geometry": { "type": "Point", "coordinates": [ 772763.911780860042199, 8980672.861068753525615 ] } },
{ "type": "Feature", "properties": { "NAME": "as jln", "LAYER": "Ket", "GM_TYPE": "Text", "ELEVATION": 0 }, "geometry": { "type": "Point", "coordinates": [ 772755.125399127951823, 8980495.28154263459146 ] } },
{ "type": "Feature", "properties": { "NAME": "as jln", "LAYER": "Ket", "GM_TYPE": "Text", "ELEVATION": 0 }, "geometry": { "type": "Point", "coordinates": [ 772751.641204674961045, 8980409.785493874922395 ] } },
{ "type": "Feature", "properties": { "NAME": "as jln", "LAYER": "Ket", "GM_TYPE": "Text", "ELEVATION": 0 }, "geometry": { "type": "Point", "coordinates": [ 772743.231873675948009, 8980229.244713513180614 ] } },
{ "type": "Feature", "properties": { "NAME": "tgl mola", "LAYER": "Ket", "GM_TYPE": "Text", "ELEVATION": 0 }, "geometry": { "type": "Point", "coordinates": [ 773563.061021524947137, 8983358.952967634424567 ] } },
{ "type": "Feature", "properties": { "NAME": "tgl mola", "LAYER": "Ket", "GM_TYPE": "Text", "ELEVATION": 0 }, "geometry": { "type": "Point", "coordinates": [ 773611.646639139042236, 8983349.353280963376164 ] } },
{ "type": "Feature", "properties": { "NAME": "tgl mola", "LAYER": "Ket", "GM_TYPE": "Text", "ELEVATION": 0 }, "geometry": { "type": "Point", "coordinates": [ 773666.503911386942491, 8983338.288958003744483 ] } },
{ "type": "Feature", "properties": { "NAME": "tgl mola", "LAYER": "Ket", "GM_TYPE": "Text", "ELEVATION": 0 }, "geometry": { "type": "Point", "coordinates": [ 773699.844820079975761, 8983329.864755304530263 ] } },
{ "type": "Feature", "properties": { "NAME": "tgl mola", "LAYER": "Ket", "GM_TYPE": "Text", "ELEVATION": 0 }, "geometry": { "type": "Point", "coordinates": [ 773711.32920583919622, 8983319.585315043106675 ] } },
{ "type": "Feature", "properties": { "NAME": "tgl mola", "LAYER": "Ket", "GM_TYPE": "Text", "ELEVATION": 0 }, "geometry": { "type": "Point", "coordinates": [ 773692.88521805498749, 8983322.986464094370604 ] } },
{ "type": "Feature", "properties": { "NAME": "Tp atas", "LAYER": "Ket", "GM_TYPE": "Text", "ELEVATION": 0 }, "geometry": { "type": "Point", "coordinates": [ 772895.45557343296241, 8983030.190124513581395 ] } },
{ "type": "Feature", "properties": { "NAME": "as sal.1", "LAYER": "Ket", "GM_TYPE": "Text", "ELEVATION": 0 }, "geometry": { "type": "Point", "coordinates": [ 772888.471176789957099, 8983064.946171004325151 ] } },
{ "type": "Feature", "properties": { "NAME": "as sal.1", "LAYER": "Ket", "GM_TYPE": "Text", "ELEVATION": 0 }, "geometry": { "type": "Point", "coordinates": [ 772892.294541934970766, 8983158.208570202812552 ] } },
{ "type": "Feature", "properties": { "NAME": "as sal.1", "LAYER": "Ket", "GM_TYPE": "Text", "ELEVATION": 0 }, "geometry": { "type": "Point", "coordinates": [ 772895.6090848071035, 8983204.275085164234042 ] } },
{ "type": "Feature", "properties": { "NAME": "as sal.1", "LAYER": "Ket", "GM_TYPE": "Text", "ELEVATION": 0 }, "geometry": { "type": "Point", "coordinates": [ 772955.09898856212385, 8982989.769268063828349 ] } },
{ "type": "Feature", "properties": { "NAME": "as sal.1", "LAYER": "Ket", "GM_TYPE": "Text", "ELEVATION": 0 }, "geometry": { "type": "Point", "coordinates": [ 772953.588411562959664, 8982957.635731343179941 ] } },
{ "type": "Feature", "properties": { "NAME": "as sal.1", "LAYER": "Ket", "GM_TYPE": "Text", "ELEVATION": 0 }, "geometry": { "type": "Point", "coordinates": [ 772946.506009200005792, 8982831.051380023360252 ] } },
{ "type": "Feature", "properties": { "NAME": "tgl", "LAYER": "Ket", "GM_TYPE": "Text", "ELEVATION": 0 }, "geometry": { "type": "Point", "coordinates": [ 773795.866254289052449, 8983305.727912183851004 ] } },
{ "type": "Feature", "properties": { "NAME": "tgl", "LAYER": "Ket", "GM_TYPE": "Text", "ELEVATION": 0 }, "geometry": { "type": "Point", "coordinates": [ 773850.28435207309667, 8983299.352110713720322 ] } },
{ "type": "Feature", "properties": { "NAME": "as mola", "LAYER": "Ket", "GM_TYPE": "Text", "ELEVATION": 0 }, "geometry": { "type": "Point", "coordinates": [ 773919.546003005933017, 8983303.870746893808246 ] } },
{ "type": "Feature", "properties": { "NAME": "tgl", "LAYER": "Ket", "GM_TYPE": "Text", "ELEVATION": 0 }, "geometry": { "type": "Point", "coordinates": [ 773945.923909179051407, 8983296.395443113520741 ] } },
{ "type": "Feature", "properties": { "NAME": "tgl", "LAYER": "Ket", "GM_TYPE": "Text", "ELEVATION": 0 }, "geometry": { "type": "Point", "coordinates": [ 774001.863284134073183, 8983278.040944844484329 ] } },
{ "type": "Feature", "properties": { "NAME": "tgl", "LAYER": "Ket", "GM_TYPE": "Text", "ELEVATION": 0 }, "geometry": { "type": "Point", "coordinates": [ 774053.638844643137418, 8983271.259608993306756 ] } },
{ "type": "Feature", "properties": { "NAME": "tgl", "LAYER": "Ket", "GM_TYPE": "Text", "ELEVATION": 0 }, "geometry": { "type": "Point", "coordinates": [ 774089.267098232987337, 8983258.65549816377461 ] } },
{ "type": "Feature", "properties": { "NAME": "tgl", "LAYER": "Ket", "GM_TYPE": "Text", "ELEVATION": 0 }, "geometry": { "type": "Point", "coordinates": [ 774125.465368099045008, 8983242.61344476416707 ] } },
{ "type": "Feature", "properties": { "NAME": "tgl", "LAYER": "Ket", "GM_TYPE": "Text", "ELEVATION": 0 }, "geometry": { "type": "Point", "coordinates": [ 774150.325406519230455, 8983207.394431514665484 ] } },
{ "type": "Feature", "properties": { "NAME": "tgl", "LAYER": "Ket", "GM_TYPE": "Text", "ELEVATION": 0 }, "geometry": { "type": "Point", "coordinates": [ 774173.22367552598007, 8983163.946718813851476 ] } },
{ "type": "Feature", "properties": { "NAME": "tgl", "LAYER": "Ket", "GM_TYPE": "Text", "ELEVATION": 0 }, "geometry": { "type": "Point", "coordinates": [ 774192.48693073913455, 8983102.367762882262468 ] } },
{ "type": "Feature", "properties": { "NAME": "tgl", "LAYER": "Ket", "GM_TYPE": "Text", "ELEVATION": 0 }, "geometry": { "type": "Point", "coordinates": [ 774198.357888389145955, 8983030.867014674469829 ] } },
{ "type": "Feature", "properties": { "NAME": "tgl", "LAYER": "Ket", "GM_TYPE": "Text", "ELEVATION": 0 }, "geometry": { "type": "Point", "coordinates": [ 774200.587086849031039, 8982977.603207683190703 ] } },
{ "type": "Feature", "properties": { "NAME": "tgl", "LAYER": "Ket", "GM_TYPE": "Text", "ELEVATION": 0 }, "geometry": { "type": "Point", "coordinates": [ 774198.10539055801928, 8982907.327495794743299 ] } },
{ "type": "Feature", "properties": { "NAME": "tgl", "LAYER": "Ket", "GM_TYPE": "Text", "ELEVATION": 0 }, "geometry": { "type": "Point", "coordinates": [ 774192.983862528111786, 8982816.942916596308351 ] } },
{ "type": "Feature", "properties": { "NAME": "tgl", "LAYER": "Ket", "GM_TYPE": "Text", "ELEVATION": 0 }, "geometry": { "type": "Point", "coordinates": [ 774198.498536892002448, 8982786.610646773129702 ] } },
{ "type": "Feature", "properties": { "NAME": "tgl", "LAYER": "Ket", "GM_TYPE": "Text", "ELEVATION": 0 }, "geometry": { "type": "Point", "coordinates": [ 774215.710771084064618, 8982678.344173334538937 ] } },
{ "type": "Feature", "properties": { "NAME": "tgl", "LAYER": "Ket", "GM_TYPE": "Text", "ELEVATION": 0 }, "geometry": { "type": "Point", "coordinates": [ 774224.274776030913927, 8982593.1821991764009 ] } },
{ "type": "Feature", "properties": { "NAME": "tgl pert", "LAYER": "Ket", "GM_TYPE": "Text", "ELEVATION": 0 }, "geometry": { "type": "Point", "coordinates": [ 774220.601087394170463, 8982568.971704734489322 ] } },
{ "type": "Feature", "properties": { "NAME": "tgl pb", "LAYER": "Ket", "GM_TYPE": "Text", "ELEVATION": 0 }, "geometry": { "type": "Point", "coordinates": [ 773916.736297612194903, 8982584.126915413886309 ] } },
{ "type": "Feature", "properties": { "NAME": "tgl pb", "LAYER": "Ket", "GM_TYPE": "Text", "ELEVATION": 0 }, "geometry": { "type": "Point", "coordinates": [ 773826.441384060890414, 8982591.752666374668479 ] } },
{ "type": "Feature", "properties": { "NAME": "as sal.2", "LAYER": "Ket", "GM_TYPE": "Text", "ELEVATION": 0 }, "geometry": { "type": "Point", "coordinates": [ 772893.085353794042021, 8983176.694003431126475 ] } },
{ "type": "Feature", "properties": { "NAME": "as sal.2", "LAYER": "Ket", "GM_TYPE": "Text", "ELEVATION": 0 }, "geometry": { "type": "Point", "coordinates": [ 772889.325841626967303, 8983118.357171703130007 ] } },
{ "type": "Feature", "properties": { "NAME": "as sal.2", "LAYER": "Ket", "GM_TYPE": "Text", "ELEVATION": 0 }, "geometry": { "type": "Point", "coordinates": [ 772886.363771328004077, 8983064.506172306835651 ] } },
{ "type": "Feature", "properties": { "NAME": "as sal.2", "LAYER": "Ket", "GM_TYPE": "Text", "ELEVATION": 0 }, "geometry": { "type": "Point", "coordinates": [ 772884.563345080940053, 8983031.245029103010893 ] } },
{ "type": "Feature", "properties": { "NAME": "as sal.3", "LAYER": "Ket", "GM_TYPE": "Text", "ELEVATION": 0 }, "geometry": { "type": "Point", "coordinates": [ 772875.569631499121897, 8983031.933658024296165 ] } },
{ "type": "Feature", "properties": { "NAME": "as sal.3", "LAYER": "Ket", "GM_TYPE": "Text", "ELEVATION": 0 }, "geometry": { "type": "Point", "coordinates": [ 772908.426289207884111, 8983029.65507784485817 ] } },
{ "type": "Feature", "properties": { "NAME": "as sal.3", "LAYER": "Ket", "GM_TYPE": "Text", "ELEVATION": 0 }, "geometry": { "type": "Point", "coordinates": [ 772956.322112040012144, 8983027.025614833459258 ] } },
{ "type": "Feature", "properties": { "NAME": "as sal.3", "LAYER": "Ket", "GM_TYPE": "Text", "ELEVATION": 0 }, "geometry": { "type": "Point", "coordinates": [ 773073.16027752996888, 8983020.362514194101095 ] } },
{ "type": "Feature", "properties": { "NAME": "as sal.3", "LAYER": "Ket", "GM_TYPE": "Text", "ELEVATION": 0 }, "geometry": { "type": "Point", "coordinates": [ 773080.684074426069856, 8983019.848636174574494 ] } },
{ "type": "Feature", "properties": { "NAME": "as sal", "LAYER": "Ket", "GM_TYPE": "Text", "ELEVATION": 0 }, "geometry": { "type": "Point", "coordinates": [ 772898.304599025053903, 8983260.257330995053053 ] } },
{ "type": "Feature", "properties": { "NAME": "as sal", "LAYER": "Ket", "GM_TYPE": "Text", "ELEVATION": 0 }, "geometry": { "type": "Point", "coordinates": [ 772900.520451694959775, 8983302.952206406742334 ] } },
{ "type": "Feature", "properties": { "NAME": "as sal", "LAYER": "Ket", "GM_TYPE": "Text", "ELEVATION": 0 }, "geometry": { "type": "Point", "coordinates": [ 772902.485363935120404, 8983383.726534912362695 ] } },
{ "type": "Feature", "properties": { "NAME": "smp", "LAYER": "Ket", "GM_TYPE": "Text", "ELEVATION": 0 }, "geometry": { "type": "Point", "coordinates": [ 772944.894965477054939, 8983306.624852614477277 ] } },
{ "type": "Feature", "properties": { "NAME": "smp", "LAYER": "Ket", "GM_TYPE": "Text", "ELEVATION": 0 }, "geometry": { "type": "Point", "coordinates": [ 772944.956608649110422, 8983313.736325804144144 ] } },
{ "type": "Feature", "properties": { "NAME": "smp", "LAYER": "Ket", "GM_TYPE": "Text", "ELEVATION": 0 }, "geometry": { "type": "Point", "coordinates": [ 772928.943739491864108, 8983267.535550082102418 ] } },
{ "type": "Feature", "properties": { "NAME": "smp", "LAYER": "Ket", "GM_TYPE": "Text", "ELEVATION": 0 }, "geometry": { "type": "Point", "coordinates": [ 772930.215082614216954, 8983289.75205616466701 ] } },
{ "type": "Feature", "properties": { "NAME": "smp", "LAYER": "Ket", "GM_TYPE": "Text", "ELEVATION": 0 }, "geometry": { "type": "Point", "coordinates": [ 772929.276532109011896, 8983276.812805984169245 ] } },
{ "type": "Feature", "properties": { "NAME": "smp", "LAYER": "Ket", "GM_TYPE": "Text", "ELEVATION": 0 }, "geometry": { "type": "Point", "coordinates": [ 772921.493022024980746, 8983277.320445923134685 ] } },
{ "type": "Feature", "properties": { "NAME": "smp", "LAYER": "Ket", "GM_TYPE": "Text", "ELEVATION": 0 }, "geometry": { "type": "Point", "coordinates": [ 772921.64673631999176, 8983280.739590764045715 ] } },
{ "type": "Feature", "properties": { "NAME": "smp", "LAYER": "Ket", "GM_TYPE": "Text", "ELEVATION": 0 }, "geometry": { "type": "Point", "coordinates": [ 772941.387654150952585, 8983235.745929563418031 ] } },
{ "type": "Feature", "properties": { "NAME": "smp", "LAYER": "Ket", "GM_TYPE": "Text", "ELEVATION": 0 }, "geometry": { "type": "Point", "coordinates": [ 772941.801376007962972, 8983244.967976592481136 ] } },
{ "type": "Feature", "properties": { "NAME": "smp", "LAYER": "Ket", "GM_TYPE": "Text", "ELEVATION": 0 }, "geometry": { "type": "Point", "coordinates": [ 772968.929421246051788, 8983243.572770573198795 ] } },
{ "type": "Feature", "properties": { "NAME": "as jln", "LAYER": "Ket", "GM_TYPE": "Text", "ELEVATION": 0 }, "geometry": { "type": "Point", "coordinates": [ 772888.340008277096786, 8983330.647357994690537 ] } },
{ "type": "Feature", "properties": { "NAME": "as jln", "LAYER": "Ket", "GM_TYPE": "Text", "ELEVATION": 0 }, "geometry": { "type": "Point", "coordinates": [ 772892.119080189964734, 8983407.474314853549004 ] } },
{ "type": "Feature", "properties": { "NAME": "as ml", "LAYER": "Ket", "GM_TYPE": "Text", "ELEVATION": 0 }, "geometry": { "type": "Point", "coordinates": [ 772876.937855310970917, 8983482.974464034661651 ] } },
{ "type": "Feature", "properties": { "NAME": "as jln", "LAYER": "Ket", "GM_TYPE": "Text", "ELEVATION": 0 }, "geometry": { "type": "Point", "coordinates": [ 772895.603567927144468, 8983475.984746633097529 ] } },
{ "type": "Feature", "properties": { "NAME": "as ml", "LAYER": "Ket", "GM_TYPE": "Text", "ELEVATION": 0 }, "geometry": { "type": "Point", "coordinates": [ 772909.837434376007877, 8983473.615210812538862 ] } },
{ "type": "Feature", "properties": { "NAME": "as jln", "LAYER": "Ket", "GM_TYPE": "Text", "ELEVATION": 0 }, "geometry": { "type": "Point", "coordinates": [ 772896.216374480049126, 8983488.278712535277009 ] } },
{ "type": "Feature", "properties": { "NAME": "as jln", "LAYER": "Ket", "GM_TYPE": "Text", "ELEVATION": 0 }, "geometry": { "type": "Point", "coordinates": [ 772897.185913254856132, 8983508.331517953425646 ] } },
{ "type": "Feature", "properties": { "NAME": "as jln", "LAYER": "Ket", "GM_TYPE": "Text", "ELEVATION": 0 }, "geometry": { "type": "Point", "coordinates": [ 772898.863164120004512, 8983551.405806306749582 ] } },
{ "type": "Feature", "properties": { "NAME": "as gr", "LAYER": "Ket", "GM_TYPE": "Text", "ELEVATION": 0 }, "geometry": { "type": "Point", "coordinates": [ 772908.510173470131122, 8983681.825292123481631 ] } },
{ "type": "Feature", "properties": { "NAME": "ASGOR&AS", "LAYER": "Ket", "GM_TYPE": "Text", "ELEVATION": 0 }, "geometry": { "type": "Point", "coordinates": [ 772904.681882033008151, 8983682.983099291101098 ] } },
{ "type": "Feature", "properties": { "NAME": "as inlet", "LAYER": "Ket", "GM_TYPE": "Text", "ELEVATION": 0 }, "geometry": { "type": "Point", "coordinates": [ 772901.43715570284985, 8983684.230171453207731 ] } },
{ "type": "Feature", "properties": { "NAME": "as sal", "LAYER": "Ket", "GM_TYPE": "Text", "ELEVATION": 0 }, "geometry": { "type": "Point", "coordinates": [ 772917.068292964017019, 8983682.794649444520473 ] } },
{ "type": "Feature", "properties": { "NAME": "as sal", "LAYER": "Ket", "GM_TYPE": "Text", "ELEVATION": 0 }, "geometry": { "type": "Point", "coordinates": [ 772902.435814116033725, 8983534.886305434629321 ] } },
{ "type": "Feature", "properties": { "NAME": "as sal", "LAYER": "Ket", "GM_TYPE": "Text", "ELEVATION": 0 }, "geometry": { "type": "Point", "coordinates": [ 772905.023282121052034, 8983588.084839364513755 ] } },
{ "type": "Feature", "properties": { "NAME": "as sal", "LAYER": "Ket", "GM_TYPE": "Text", "ELEVATION": 0 }, "geometry": { "type": "Point", "coordinates": [ 772963.151853204122745, 8983683.739481404423714 ] } },
{ "type": "Feature", "properties": { "NAME": "tgl ml", "LAYER": "Ket", "GM_TYPE": "Text", "ELEVATION": 0 }, "geometry": { "type": "Point", "coordinates": [ 772942.83563694707118, 8983480.661541003733873 ] } },
{ "type": "Feature", "properties": { "NAME": "as sal", "LAYER": "Ket", "GM_TYPE": "Text", "ELEVATION": 0 }, "geometry": { "type": "Point", "coordinates": [ 773012.57411804003641, 8983684.84410759434104 ] } },
{ "type": "Feature", "properties": { "NAME": "tgl ml", "LAYER": "Ket", "GM_TYPE": "Text", "ELEVATION": 0 }, "geometry": { "type": "Point", "coordinates": [ 772993.442870582104661, 8983477.627286784350872 ] } },
{ "type": "Feature", "properties": { "NAME": "as sal", "LAYER": "Ket", "GM_TYPE": "Text", "ELEVATION": 0 }, "geometry": { "type": "Point", "coordinates": [ 773037.08029736590106, 8983696.780941834673285 ] } },
{ "type": "Feature", "properties": { "NAME": "tgl ml", "LAYER": "Ket", "GM_TYPE": "Text", "ELEVATION": 0 }, "geometry": { "type": "Point", "coordinates": [ 773039.870897787041031, 8983466.377655433490872 ] } },
{ "type": "Feature", "properties": { "NAME": "as al", "LAYER": "Ket", "GM_TYPE": "Text", "ELEVATION": 0 }, "geometry": { "type": "Point", "coordinates": [ 773075.902091458905488, 8983683.940187124535441 ] } },
{ "type": "Feature", "properties": { "NAME": "tgl ml", "LAYER": "Ket", "GM_TYPE": "Text", "ELEVATION": 0 }, "geometry": { "type": "Point", "coordinates": [ 773116.508520084084012, 8983454.320355804637074 ] } },
{ "type": "Feature", "properties": { "NAME": "as sal", "LAYER": "Ket", "GM_TYPE": "Text", "ELEVATION": 0 }, "geometry": { "type": "Point", "coordinates": [ 773133.327171681099571, 8983661.314847493544221 ] } },
{ "type": "Feature", "properties": { "NAME": "tgl ml", "LAYER": "Ket", "GM_TYPE": "Text", "ELEVATION": 0 }, "geometry": { "type": "Point", "coordinates": [ 773174.646664523985237, 8983445.960009893402457 ] } },
{ "type": "Feature", "properties": { "NAME": "tgl ml", "LAYER": "Ket", "GM_TYPE": "Text", "ELEVATION": 0 }, "geometry": { "type": "Point", "coordinates": [ 773174.661415195791051, 8983445.968082323670387 ] } },
{ "type": "Feature", "properties": { "NAME": "tgl ml", "LAYER": "Ket", "GM_TYPE": "Text", "ELEVATION": 0 }, "geometry": { "type": "Point", "coordinates": [ 773210.767528460128233, 8983441.682247713208199 ] } },
{ "type": "Feature", "properties": { "NAME": "as sal", "LAYER": "Ket", "GM_TYPE": "Text", "ELEVATION": 0 }, "geometry": { "type": "Point", "coordinates": [ 773148.690865294076502, 8983636.06869856454432 ] } },
{ "type": "Feature", "properties": { "NAME": "as sal", "LAYER": "Ket", "GM_TYPE": "Text", "ELEVATION": 0 }, "geometry": { "type": "Point", "coordinates": [ 773150.853018754045479, 8983606.663192423060536 ] } },
{ "type": "Feature", "properties": { "NAME": "tgl ml", "LAYER": "Ket", "GM_TYPE": "Text", "ELEVATION": 0 }, "geometry": { "type": "Point", "coordinates": [ 773174.384467468946241, 8983440.888537984341383 ] } },
{ "type": "Feature", "properties": { "NAME": "tgl ml", "LAYER": "Ket", "GM_TYPE": "Text", "ELEVATION": 0 }, "geometry": { "type": "Point", "coordinates": [ 773295.921090953052044, 8983424.505543533712626 ] } },
{ "type": "Feature", "properties": { "NAME": "tgl ml", "LAYER": "Ket", "GM_TYPE": "Text", "ELEVATION": 0 }, "geometry": { "type": "Point", "coordinates": [ 773364.494796495768242, 8983415.165902193635702 ] } },
{ "type": "Feature", "properties": { "NAME": "tgl ml", "LAYER": "Ket", "GM_TYPE": "Text", "ELEVATION": 0 }, "geometry": { "type": "Point", "coordinates": [ 773402.992750333040021, 8983406.644414905458689 ] } },
{ "type": "Feature", "properties": { "NAME": "B.Rakayat", "LAYER": "Ket", "GM_TYPE": "Text", "ELEVATION": 0 }, "geometry": { "type": "Point", "coordinates": [ 773375.519411087967455, 8982603.024514444172382 ] } },
{ "type": "Feature", "properties": { "NAME": "as bdn", "LAYER": "Ket", "GM_TYPE": "Text", "ELEVATION": 0 }, "geometry": { "type": "Point", "coordinates": [ 773374.057360372855328, 8982608.758917894214392 ] } },
{ "type": "Feature", "properties": { "NAME": "bdn", "LAYER": "Ket", "GM_TYPE": "Text", "ELEVATION": 0 }, "geometry": { "type": "Point", "coordinates": [ 773372.523061600863002, 8982611.005714304745197 ] } },
{ "type": "Feature", "properties": { "NAME": "as prt", "LAYER": "Ket", "GM_TYPE": "Text", "ELEVATION": 0 }, "geometry": { "type": "Point", "coordinates": [ 773367.779942562920041, 8982600.662446463480592 ] } },
{ "type": "Feature", "properties": { "NAME": "as prt", "LAYER": "Ket", "GM_TYPE": "Text", "ELEVATION": 0 }, "geometry": { "type": "Point", "coordinates": [ 773377.038774833083153, 8982595.860451774671674 ] } },
{ "type": "Feature", "properties": { "NAME": "as", "LAYER": "Ket", "GM_TYPE": "Text", "ELEVATION": 0 }, "geometry": { "type": "Point", "coordinates": [ 773381.346895390888676, 8982589.856894923374057 ] } },
{ "type": "Feature", "properties": { "NAME": "tb sal", "LAYER": "Ket", "GM_TYPE": "Text", "ELEVATION": 0 }, "geometry": { "type": "Point", "coordinates": [ 773402.991982613108121, 8982589.2632089946419 ] } },
{ "type": "Feature", "properties": { "NAME": "tb sal mola", "LAYER": "Ket", "GM_TYPE": "Text", "ELEVATION": 0 }, "geometry": { "type": "Point", "coordinates": [ 773388.201026097987778, 8982602.01627760566771 ] } },
{ "type": "Feature", "properties": { "NAME": "tb sal", "LAYER": "Ket", "GM_TYPE": "Text", "ELEVATION": 0 }, "geometry": { "type": "Point", "coordinates": [ 773427.645886499085464, 8982585.135989513248205 ] } },
{ "type": "Feature", "properties": { "NAME": "tb sal mola", "LAYER": "Ket", "GM_TYPE": "Text", "ELEVATION": 0 }, "geometry": { "type": "Point", "coordinates": [ 773427.322156372014433, 8982599.50317589379847 ] } },
{ "type": "Feature", "properties": { "NAME": "tb sal", "LAYER": "Ket", "GM_TYPE": "Text", "ELEVATION": 0 }, "geometry": { "type": "Point", "coordinates": [ 773426.879140694974922, 8982548.056124063208699 ] } },
{ "type": "Feature", "properties": { "NAME": "as", "LAYER": "Ket", "GM_TYPE": "Text", "ELEVATION": 0 }, "geometry": { "type": "Point", "coordinates": [ 773426.499317590845749, 8982548.269448593258858 ] } },
{ "type": "Feature", "properties": { "NAME": "tb ml", "LAYER": "Ket", "GM_TYPE": "Text", "ELEVATION": 0 }, "geometry": { "type": "Point", "coordinates": [ 773333.359816050040536, 8982603.318224243819714 ] } },
{ "type": "Feature", "properties": { "NAME": "tb sl", "LAYER": "Ket", "GM_TYPE": "Text", "ELEVATION": 0 }, "geometry": { "type": "Point", "coordinates": [ 773424.955240260111168, 8982499.599570443853736 ] } },
{ "type": "Feature", "properties": { "NAME": "as", "LAYER": "Ket", "GM_TYPE": "Text", "ELEVATION": 0 }, "geometry": { "type": "Point", "coordinates": [ 773424.590982540044934, 8982499.738921314477921 ] } },
{ "type": "Feature", "properties": { "NAME": "tb ml", "LAYER": "Ket", "GM_TYPE": "Text", "ELEVATION": 0 }, "geometry": { "type": "Point", "coordinates": [ 773458.973814380005933, 8982596.468965703621507 ] } },
{ "type": "Feature", "properties": { "NAME": "tb sl", "LAYER": "Ket", "GM_TYPE": "Text", "ELEVATION": 0 }, "geometry": { "type": "Point", "coordinates": [ 773421.916964172036387, 8982442.277179794386029 ] } },
{ "type": "Feature", "properties": { "NAME": "as", "LAYER": "Ket", "GM_TYPE": "Text", "ELEVATION": 0 }, "geometry": { "type": "Point", "coordinates": [ 773422.568201121990569, 8982442.385982612147927 ] } },
{ "type": "Feature", "properties": { "NAME": "tb ml", "LAYER": "Ket", "GM_TYPE": "Text", "ELEVATION": 0 }, "geometry": { "type": "Point", "coordinates": [ 773508.755643365089782, 8982596.641253413632512 ] } },
{ "type": "Feature", "properties": { "NAME": "tb sl", "LAYER": "Ket", "GM_TYPE": "Text", "ELEVATION": 0 }, "geometry": { "type": "Point", "coordinates": [ 773420.533898489084095, 8982388.539167305454612 ] } },
{ "type": "Feature", "properties": { "NAME": "as", "LAYER": "Ket", "GM_TYPE": "Text", "ELEVATION": 0 }, "geometry": { "type": "Point", "coordinates": [ 773421.167885940056294, 8982388.494457313790917 ] } },
{ "type": "Feature", "properties": { "NAME": "tb ml", "LAYER": "Ket", "GM_TYPE": "Text", "ELEVATION": 0 }, "geometry": { "type": "Point", "coordinates": [ 773552.614438000950031, 8982594.379258444532752 ] } },
{ "type": "Feature", "properties": { "NAME": "tb sl", "LAYER": "Ket", "GM_TYPE": "Text", "ELEVATION": 0 }, "geometry": { "type": "Point", "coordinates": [ 773416.216848229058087, 8982312.190359121188521 ] } },
{ "type": "Feature", "properties": { "NAME": "tb sl", "LAYER": "Ket", "GM_TYPE": "Text", "ELEVATION": 0 }, "geometry": { "type": "Point", "coordinates": [ 773415.992444347124547, 8982292.415154514834285 ] } },
{ "type": "Feature", "properties": { "NAME": "tb sl2", "LAYER": "Ket", "GM_TYPE": "Text", "ELEVATION": 0 }, "geometry": { "type": "Point", "coordinates": [ 773332.015581030980684, 8982602.502852184697986 ] } },
{ "type": "Feature", "properties": { "NAME": "as sal.2", "LAYER": "Ket", "GM_TYPE": "Text", "ELEVATION": 0 }, "geometry": { "type": "Point", "coordinates": [ 773330.031029527075589, 8982595.988315684720874 ] } },
{ "type": "Feature", "properties": { "NAME": "tb sl2", "LAYER": "Ket", "GM_TYPE": "Text", "ELEVATION": 0 }, "geometry": { "type": "Point", "coordinates": [ 773350.765947032952681, 8982591.258446032181382 ] } },
{ "type": "Feature", "properties": { "NAME": "as sal.2", "LAYER": "Ket", "GM_TYPE": "Text", "ELEVATION": 0 }, "geometry": { "type": "Point", "coordinates": [ 773352.033544967067428, 8982578.725038032978773 ] } },
{ "type": "Feature", "properties": { "NAME": "as", "LAYER": "Ket", "GM_TYPE": "Text", "ELEVATION": 0 }, "geometry": { "type": "Point", "coordinates": [ 773406.798501722980291, 8982195.722623784095049 ] } },
{ "type": "Feature", "properties": { "NAME": "as", "LAYER": "Ket", "GM_TYPE": "Text", "ELEVATION": 0 }, "geometry": { "type": "Point", "coordinates": [ 773364.253388420911506, 8982196.876983515918255 ] } },
{ "type": "Feature", "properties": { "NAME": "as sal.2", "LAYER": "Ket", "GM_TYPE": "Text", "ELEVATION": 0 }, "geometry": { "type": "Point", "coordinates": [ 773349.557810769882053, 8982514.240225583314896 ] } },
{ "type": "Feature", "properties": { "NAME": "as 2pert", "LAYER": "Ket", "GM_TYPE": "Text", "ELEVATION": 0 }, "geometry": { "type": "Point", "coordinates": [ 773336.960011587943882, 8982197.567076964303851 ] } },
{ "type": "Feature", "properties": { "NAME": "as sal.2", "LAYER": "Ket", "GM_TYPE": "Text", "ELEVATION": 0 }, "geometry": { "type": "Point", "coordinates": [ 773347.801128210150637, 8982458.566279204562306 ] } },
{ "type": "Feature", "properties": { "NAME": "as sal.2", "LAYER": "Ket", "GM_TYPE": "Text", "ELEVATION": 0 }, "geometry": { "type": "Point", "coordinates": [ 773340.10993685410358, 8982251.333113223314285 ] } },
{ "type": "Feature", "properties": { "NAME": "as sal.2", "LAYER": "Ket", "GM_TYPE": "Text", "ELEVATION": 0 }, "geometry": { "type": "Point", "coordinates": [ 773345.817394364974461, 8982394.389151265844703 ] } },
{ "type": "Feature", "properties": { "NAME": "as sal.2", "LAYER": "Ket", "GM_TYPE": "Text", "ELEVATION": 0 }, "geometry": { "type": "Point", "coordinates": [ 773344.316927915904671, 8982348.651920814067125 ] } },
{ "type": "Feature", "properties": { "NAME": "as sal.2", "LAYER": "Ket", "GM_TYPE": "Text", "ELEVATION": 0 }, "geometry": { "type": "Point", "coordinates": [ 773342.383925044094212, 8982293.532914225012064 ] } },
{ "type": "Feature", "properties": { "NAME": "as sal.2", "LAYER": "Ket", "GM_TYPE": "Text", "ELEVATION": 0 }, "geometry": { "type": "Point", "coordinates": [ 773340.669975365861319, 8982247.728916672989726 ] } },
{ "type": "Feature", "properties": { "NAME": "as sal.1", "LAYER": "Ket", "GM_TYPE": "Text", "ELEVATION": 0 }, "geometry": { "type": "Point", "coordinates": [ 773412.134376281988807, 8982175.965719863772392 ] } },
{ "type": "Feature", "properties": { "NAME": "as sal.1", "LAYER": "Ket", "GM_TYPE": "Text", "ELEVATION": 0 }, "geometry": { "type": "Point", "coordinates": [ 773411.497190495138057, 8982152.459543354809284 ] } },
{ "type": "Feature", "properties": { "NAME": "as sal.1", "LAYER": "Ket", "GM_TYPE": "Text", "ELEVATION": 0 }, "geometry": { "type": "Point", "coordinates": [ 773409.864162795129232, 8982113.835911173373461 ] } },
{ "type": "Feature", "properties": { "NAME": "as sal.2", "LAYER": "Ket", "GM_TYPE": "Text", "ELEVATION": 0 }, "geometry": { "type": "Point", "coordinates": [ 773337.932523149996996, 8982175.209677813574672 ] } },
{ "type": "Feature", "properties": { "NAME": "as sal.2", "LAYER": "Ket", "GM_TYPE": "Text", "ELEVATION": 0 }, "geometry": { "type": "Point", "coordinates": [ 773335.930247865151614, 8982122.643723284825683 ] } },
{ "type": "Feature", "properties": { "NAME": "as sal.1", "LAYER": "Ket", "GM_TYPE": "Text", "ELEVATION": 0 }, "geometry": { "type": "Point", "coordinates": [ 773408.898183269076981, 8982082.716845463961363 ] } },
{ "type": "Feature", "properties": { "NAME": "as sal.1", "LAYER": "Ket", "GM_TYPE": "Text", "ELEVATION": 0 }, "geometry": { "type": "Point", "coordinates": [ 773407.032454684027471, 8982030.166757794097066 ] } },
{ "type": "Feature", "properties": { "NAME": "as sal.2", "LAYER": "Ket", "GM_TYPE": "Text", "ELEVATION": 0 }, "geometry": { "type": "Point", "coordinates": [ 773332.690750468056649, 8982061.599651645869017 ] } },
{ "type": "Feature", "properties": { "NAME": "as sal.2", "LAYER": "Ket", "GM_TYPE": "Text", "ELEVATION": 0 }, "geometry": { "type": "Point", "coordinates": [ 773330.03416852792725, 8981971.401903674006462 ] } },
{ "type": "Feature", "properties": { "NAME": "as sal.1", "LAYER": "Ket", "GM_TYPE": "Text", "ELEVATION": 0 }, "geometry": { "type": "Point", "coordinates": [ 773405.634382607182488, 8981991.790079832077026 ] } },
{ "type": "Feature", "properties": { "NAME": "as sal.2", "LAYER": "Ket", "GM_TYPE": "Text", "ELEVATION": 0 }, "geometry": { "type": "Point", "coordinates": [ 773328.797800097963773, 8981921.624699594452977 ] } },
{ "type": "Feature", "properties": { "NAME": "as sal.2", "LAYER": "Ket", "GM_TYPE": "Text", "ELEVATION": 0 }, "geometry": { "type": "Point", "coordinates": [ 773328.393133519100957, 8981899.110497124493122 ] } },
{ "type": "Feature", "properties": { "NAME": "as.1hbs", "LAYER": "Ket", "GM_TYPE": "Text", "ELEVATION": 0 }, "geometry": { "type": "Point", "coordinates": [ 773392.360738293034956, 8981893.668754745274782 ] } },
{ "type": "Feature", "properties": { "NAME": "as sal.2", "LAYER": "Ket", "GM_TYPE": "Text", "ELEVATION": 0 }, "geometry": { "type": "Point", "coordinates": [ 773328.928682535886765, 8981897.013506213203073 ] } },
{ "type": "Feature", "properties": { "NAME": "as sal.3", "LAYER": "Ket", "GM_TYPE": "Text", "ELEVATION": 0 }, "geometry": { "type": "Point", "coordinates": [ 773252.649608256993815, 8981903.196240564808249 ] } },
{ "type": "Feature", "properties": { "NAME": "as sal.4", "LAYER": "Ket", "GM_TYPE": "Text", "ELEVATION": 0 }, "geometry": { "type": "Point", "coordinates": [ 773119.652464120881632, 8981960.551786594092846 ] } },
{ "type": "Feature", "properties": { "NAME": "as sal.4", "LAYER": "Ket", "GM_TYPE": "Text", "ELEVATION": 0 }, "geometry": { "type": "Point", "coordinates": [ 773109.117628679960035, 8982007.596585853025317 ] } },
{ "type": "Feature", "properties": { "NAME": "as sal.3", "LAYER": "Ket", "GM_TYPE": "Text", "ELEVATION": 0 }, "geometry": { "type": "Point", "coordinates": [ 773256.239561684196815, 8981993.390298493206501 ] } },
{ "type": "Feature", "properties": { "NAME": "as sal.3", "LAYER": "Ket", "GM_TYPE": "Text", "ELEVATION": 0 }, "geometry": { "type": "Point", "coordinates": [ 773257.015027459012344, 8982055.619761934503913 ] } },
{ "type": "Feature", "properties": { "NAME": "as sal.3", "LAYER": "Ket", "GM_TYPE": "Text", "ELEVATION": 0 }, "geometry": { "type": "Point", "coordinates": [ 773259.97298533085268, 8982103.326326884329319 ] } },
{ "type": "Feature", "properties": { "NAME": "as sal.3", "LAYER": "Ket", "GM_TYPE": "Text", "ELEVATION": 0 }, "geometry": { "type": "Point", "coordinates": [ 773261.294336055987515, 8982156.254133444279432 ] } },
{ "type": "Feature", "properties": { "NAME": "as sal.3", "LAYER": "Ket", "GM_TYPE": "Text", "ELEVATION": 0 }, "geometry": { "type": "Point", "coordinates": [ 773264.40851661900524, 8982231.738648755475879 ] } },
{ "type": "Feature", "properties": { "NAME": "as sal.3", "LAYER": "Ket", "GM_TYPE": "Text", "ELEVATION": 0 }, "geometry": { "type": "Point", "coordinates": [ 773267.54725373594556, 8982331.764448093250394 ] } },
{ "type": "Feature", "properties": { "NAME": "as sal.3", "LAYER": "Ket", "GM_TYPE": "Text", "ELEVATION": 0 }, "geometry": { "type": "Point", "coordinates": [ 773267.864462464116514, 8982401.002803502604365 ] } },
{ "type": "Feature", "properties": { "NAME": "as sal.3", "LAYER": "Ket", "GM_TYPE": "Text", "ELEVATION": 0 }, "geometry": { "type": "Point", "coordinates": [ 773273.220677886041813, 8982469.67771059460938 ] } },
{ "type": "Feature", "properties": { "NAME": "as sal.3", "LAYER": "Ket", "GM_TYPE": "Text", "ELEVATION": 0 }, "geometry": { "type": "Point", "coordinates": [ 773275.601408080896363, 8982528.318918963894248 ] } },
{ "type": "Feature", "properties": { "NAME": "as sal.3", "LAYER": "Ket", "GM_TYPE": "Text", "ELEVATION": 0 }, "geometry": { "type": "Point", "coordinates": [ 773276.700740390922874, 8982573.380261434242129 ] } },
{ "type": "Feature", "properties": { "NAME": "as sal.5", "LAYER": "Ket", "GM_TYPE": "Text", "ELEVATION": 0 }, "geometry": { "type": "Point", "coordinates": [ 773128.1899348750012, 8982600.075269263237715 ] } },
{ "type": "Feature", "properties": { "NAME": "tp ml", "LAYER": "Ket", "GM_TYPE": "Text", "ELEVATION": 0 }, "geometry": { "type": "Point", "coordinates": [ 773308.750012652017176, 8982611.099664365872741 ] } },
{ "type": "Feature", "properties": { "NAME": "as sal.6", "LAYER": "Ket", "GM_TYPE": "Text", "ELEVATION": 0 }, "geometry": { "type": "Point", "coordinates": [ 773216.391882907017134, 8982767.98793569393456 ] } },
{ "type": "Feature", "properties": { "NAME": "as sal.6", "LAYER": "Ket", "GM_TYPE": "Text", "ELEVATION": 0 }, "geometry": { "type": "Point", "coordinates": [ 773207.956193550955504, 8982727.046607414260507 ] } },
{ "type": "Feature", "properties": { "NAME": "as sal.6", "LAYER": "Ket", "GM_TYPE": "Text", "ELEVATION": 0 }, "geometry": { "type": "Point", "coordinates": [ 773164.900890094228089, 8982726.890850553289056 ] } },
{ "type": "Feature", "properties": { "NAME": "as sal.6", "LAYER": "Ket", "GM_TYPE": "Text", "ELEVATION": 0 }, "geometry": { "type": "Point", "coordinates": [ 773114.285772705916315, 8982719.935397414490581 ] } },
{ "type": "Feature", "properties": { "NAME": "as sal.6", "LAYER": "Ket", "GM_TYPE": "Text", "ELEVATION": 0 }, "geometry": { "type": "Point", "coordinates": [ 773090.228441818035208, 8982720.06506871432066 ] } },
{ "type": "Feature", "properties": { "NAME": "as sal.6", "LAYER": "Ket", "GM_TYPE": "Text", "ELEVATION": 0 }, "geometry": { "type": "Point", "coordinates": [ 773030.279063552967273, 8982720.626088934019208 ] } },
{ "type": "Feature", "properties": { "NAME": "as sal.6", "LAYER": "Ket", "GM_TYPE": "Text", "ELEVATION": 0 }, "geometry": { "type": "Point", "coordinates": [ 772940.188583125011064, 8982731.076995484530926 ] } },
{ "type": "Feature", "properties": { "NAME": "tb sal", "LAYER": "Ket", "GM_TYPE": "Text", "ELEVATION": 0 }, "geometry": { "type": "Point", "coordinates": [ 774025.059986527077854, 8979767.873549645766616 ] } },
{ "type": "Feature", "properties": { "NAME": "as", "LAYER": "Ket", "GM_TYPE": "Text", "ELEVATION": 0 }, "geometry": { "type": "Point", "coordinates": [ 774026.470761064090766, 8979768.894940843805671 ] } },
{ "type": "Feature", "properties": { "NAME": "tb sal", "LAYER": "Ket", "GM_TYPE": "Text", "ELEVATION": 0 }, "geometry": { "type": "Point", "coordinates": [ 774027.955177359981462, 8979769.584812903776765 ] } },
{ "type": "Feature", "properties": { "NAME": "as", "LAYER": "Ket", "GM_TYPE": "Text", "ELEVATION": 0 }, "geometry": { "type": "Point", "coordinates": [ 774027.008750754990615, 8979757.923452651128173 ] } },
{ "type": "Feature", "properties": { "NAME": "tb sal", "LAYER": "Ket", "GM_TYPE": "Text", "ELEVATION": 0 }, "geometry": { "type": "Point", "coordinates": [ 774025.575082162977196, 8979757.492685934528708 ] } },
{ "type": "Feature", "properties": { "NAME": "as", "LAYER": "Ket", "GM_TYPE": "Text", "ELEVATION": 0 }, "geometry": { "type": "Point", "coordinates": [ 774029.283269054954872, 8979746.070817964151502 ] } },
{ "type": "Feature", "properties": { "NAME": "tp mola", "LAYER": "Ket", "GM_TYPE": "Text", "ELEVATION": 0 }, "geometry": { "type": "Point", "coordinates": [ 773571.380270074121654, 8982592.876570124179125 ] } },
{ "type": "Feature", "properties": { "NAME": "tp mola", "LAYER": "Ket", "GM_TYPE": "Text", "ELEVATION": 0 }, "geometry": { "type": "Point", "coordinates": [ 773387.356591242947616, 8982607.294683644548059 ] } },
{ "type": "Feature", "properties": { "NAME": "as mola", "LAYER": "Ket", "GM_TYPE": "Text", "ELEVATION": 0 }, "geometry": { "type": "Point", "coordinates": [ 773439.63855707005132, 8982604.143416734412313 ] } },
{ "type": "Feature", "properties": { "NAME": "as mola", "LAYER": "Ket", "GM_TYPE": "Text", "ELEVATION": 0 }, "geometry": { "type": "Point", "coordinates": [ 773485.443945294944569, 8982601.123858826234937 ] } },
{ "type": "Feature", "properties": { "NAME": "as mola", "LAYER": "Ket", "GM_TYPE": "Text", "ELEVATION": 0 }, "geometry": { "type": "Point", "coordinates": [ 773492.302910189144313, 8982693.83105012588203 ] } },
{ "type": "Feature", "properties": { "NAME": "as mola pb", "LAYER": "Ket", "GM_TYPE": "Text", "ELEVATION": 0 }, "geometry": { "type": "Point", "coordinates": [ 773859.832457323092967, 8982583.684162544086576 ] } },
{ "type": "Feature", "properties": { "NAME": "tp mola", "LAYER": "Ket", "GM_TYPE": "Text", "ELEVATION": 0 }, "geometry": { "type": "Point", "coordinates": [ 773960.300233504152857, 8982576.287461323663592 ] } },
{ "type": "Feature", "properties": { "NAME": "tp mola", "LAYER": "Ket", "GM_TYPE": "Text", "ELEVATION": 0 }, "geometry": { "type": "Point", "coordinates": [ 774066.688059989945032, 8982569.419061293825507 ] } },
{ "type": "Feature", "properties": { "NAME": "as 2", "LAYER": "Ket", "GM_TYPE": "Text", "ELEVATION": 0 }, "geometry": { "type": "Point", "coordinates": [ 773853.047455474035814, 8982511.934530716389418 ] } },
{ "type": "Feature", "properties": { "NAME": "as 2", "LAYER": "Ket", "GM_TYPE": "Text", "ELEVATION": 0 }, "geometry": { "type": "Point", "coordinates": [ 773852.798087354982272, 8982488.338819874450564 ] } },
{ "type": "Feature", "properties": { "NAME": "tgl mola", "LAYER": "Ket", "GM_TYPE": "Text", "ELEVATION": 0 }, "geometry": { "type": "Point", "coordinates": [ 774214.884758597007021, 8982549.166780523955822 ] } },
{ "type": "Feature", "properties": { "NAME": "as 2", "LAYER": "Ket", "GM_TYPE": "Text", "ELEVATION": 0 }, "geometry": { "type": "Point", "coordinates": [ 773848.75865731597878, 8982416.521657342091203 ] } },
{ "type": "Feature", "properties": { "NAME": "tgl mola", "LAYER": "Ket", "GM_TYPE": "Text", "ELEVATION": 0 }, "geometry": { "type": "Point", "coordinates": [ 774237.84607155714184, 8982480.958961814641953 ] } },
{ "type": "Feature", "properties": { "NAME": "as 2", "LAYER": "Ket", "GM_TYPE": "Text", "ELEVATION": 0 }, "geometry": { "type": "Point", "coordinates": [ 773846.678742589079775, 8982361.743076201528311 ] } },
{ "type": "Feature", "properties": { "NAME": "tgl mola", "LAYER": "Ket", "GM_TYPE": "Text", "ELEVATION": 0 }, "geometry": { "type": "Point", "coordinates": [ 774263.113887578132562, 8982403.576254483312368 ] } },
{ "type": "Feature", "properties": { "NAME": "tgl mola", "LAYER": "Ket", "GM_TYPE": "Text", "ELEVATION": 0 }, "geometry": { "type": "Point", "coordinates": [ 774307.80786923202686, 8982328.521206073462963 ] } },
{ "type": "Feature", "properties": { "NAME": "tgl mola", "LAYER": "Ket", "GM_TYPE": "Text", "ELEVATION": 0 }, "geometry": { "type": "Point", "coordinates": [ 774318.070180107024498, 8982288.83202507533133 ] } },
{ "type": "Feature", "properties": { "NAME": "tgl mola", "LAYER": "Ket", "GM_TYPE": "Text", "ELEVATION": 0 }, "geometry": { "type": "Point", "coordinates": [ 774301.685507586109452, 8982234.282726464793086 ] } },
{ "type": "Feature", "properties": { "NAME": "tgl mola", "LAYER": "Ket", "GM_TYPE": "Text", "ELEVATION": 0 }, "geometry": { "type": "Point", "coordinates": [ 774316.551437548128888, 8982138.100075764581561 ] } },
{ "type": "Feature", "properties": { "NAME": "tgl mola", "LAYER": "Ket", "GM_TYPE": "Text", "ELEVATION": 0 }, "geometry": { "type": "Point", "coordinates": [ 774340.346539894118905, 8982068.687553403899074 ] } },
{ "type": "Feature", "properties": { "NAME": "tgl mola", "LAYER": "Ket", "GM_TYPE": "Text", "ELEVATION": 0 }, "geometry": { "type": "Point", "coordinates": [ 774361.615225132205524, 8981992.583102835342288 ] } },
{ "type": "Feature", "properties": { "NAME": "tgl mola", "LAYER": "Ket", "GM_TYPE": "Text", "ELEVATION": 0 }, "geometry": { "type": "Point", "coordinates": [ 774420.215698979212902, 8981846.542915573343635 ] } },
{ "type": "Feature", "properties": { "NAME": "bts sagu", "LAYER": "Ket", "GM_TYPE": "Text", "ELEVATION": 0 }, "geometry": { "type": "Point", "coordinates": [ 774317.187399107031524, 8981473.147083273157477 ] } },
{ "type": "Feature", "properties": { "NAME": "bts sagu", "LAYER": "Ket", "GM_TYPE": "Text", "ELEVATION": 0 }, "geometry": { "type": "Point", "coordinates": [ 774265.812440878013149, 8981486.868962984532118 ] } },
{ "type": "Feature", "properties": { "NAME": "bts sagu", "LAYER": "Ket", "GM_TYPE": "Text", "ELEVATION": 0 }, "geometry": { "type": "Point", "coordinates": [ 774200.874905195087194, 8981487.455120323225856 ] } },
{ "type": "Feature", "properties": { "NAME": "bts sagu", "LAYER": "Ket", "GM_TYPE": "Text", "ELEVATION": 0 }, "geometry": { "type": "Point", "coordinates": [ 774117.125560015905648, 8981520.707174951210618 ] } },
{ "type": "Feature", "properties": { "NAME": "bts sagu", "LAYER": "Ket", "GM_TYPE": "Text", "ELEVATION": 0 }, "geometry": { "type": "Point", "coordinates": [ 774611.470975314849056, 8981551.088182605803013 ] } },
{ "type": "Feature", "properties": { "NAME": "bts sagu", "LAYER": "Ket", "GM_TYPE": "Text", "ELEVATION": 0 }, "geometry": { "type": "Point", "coordinates": [ 774618.711250079097226, 8981595.347772853448987 ] } },
{ "type": "Feature", "properties": { "NAME": "bts sagu", "LAYER": "Ket", "GM_TYPE": "Text", "ELEVATION": 0 }, "geometry": { "type": "Point", "coordinates": [ 774588.457347857067361, 8981483.504417583346367 ] } },
{ "type": "Feature", "properties": { "NAME": "tgl mola2", "LAYER": "Ket", "GM_TYPE": "Text", "ELEVATION": 0 }, "geometry": { "type": "Point", "coordinates": [ 774693.379677235963754, 8981631.327032323926687 ] } },
{ "type": "Feature", "properties": { "NAME": "as 2", "LAYER": "Ket", "GM_TYPE": "Text", "ELEVATION": 0 }, "geometry": { "type": "Point", "coordinates": [ 773820.867890732944943, 8981683.165524443611503 ] } },
{ "type": "Feature", "properties": { "NAME": "as 2", "LAYER": "Ket", "GM_TYPE": "Text", "ELEVATION": 0 }, "geometry": { "type": "Point", "coordinates": [ 773821.678757839137688, 8981726.368303744122386 ] } },
{ "type": "Feature", "properties": { "NAME": "as 2", "LAYER": "Ket", "GM_TYPE": "Text", "ELEVATION": 0 }, "geometry": { "type": "Point", "coordinates": [ 773823.73646262800321, 8981778.355784561485052 ] } },
{ "type": "Feature", "properties": { "NAME": "as 2", "LAYER": "Ket", "GM_TYPE": "Text", "ELEVATION": 0 }, "geometry": { "type": "Point", "coordinates": [ 773826.776517551043071, 8981845.801552154123783 ] } },
{ "type": "Feature", "properties": { "NAME": "as 2", "LAYER": "Ket", "GM_TYPE": "Text", "ELEVATION": 0 }, "geometry": { "type": "Point", "coordinates": [ 773829.6951758969808, 8981919.457188213244081 ] } },
{ "type": "Feature", "properties": { "NAME": "as 2", "LAYER": "Ket", "GM_TYPE": "Text", "ELEVATION": 0 }, "geometry": { "type": "Point", "coordinates": [ 773818.019088682951406, 8981652.865512514486909 ] } },
{ "type": "Feature", "properties": { "NAME": "as 2", "LAYER": "Ket", "GM_TYPE": "Text", "ELEVATION": 0 }, "geometry": { "type": "Point", "coordinates": [ 773818.047124250908382, 8981630.910864394158125 ] } },
{ "type": "Feature", "properties": { "NAME": "as 2", "LAYER": "Ket", "GM_TYPE": "Text", "ELEVATION": 0 }, "geometry": { "type": "Point", "coordinates": [ 773815.685682987910695, 8981533.450902173295617 ] } },
{ "type": "Feature", "properties": { "NAME": "as 2", "LAYER": "Ket", "GM_TYPE": "Text", "ELEVATION": 0 }, "geometry": { "type": "Point", "coordinates": [ 773813.759691083105281, 8981486.515790563076735 ] } },
{ "type": "Feature", "properties": { "NAME": "as 2", "LAYER": "Ket", "GM_TYPE": "Text", "ELEVATION": 0 }, "geometry": { "type": "Point", "coordinates": [ 773817.762296339031309, 8981584.663788963109255 ] } },
{ "type": "Feature", "properties": { "NAME": "bts sagu", "LAYER": "Ket", "GM_TYPE": "Text", "ELEVATION": 0 }, "geometry": { "type": "Point", "coordinates": [ 773906.861064499942586, 8981520.412949364632368 ] } },
{ "type": "Feature", "properties": { "NAME": "bts sagu", "LAYER": "Ket", "GM_TYPE": "Text", "ELEVATION": 0 }, "geometry": { "type": "Point", "coordinates": [ 773907.77581236010883, 8981567.976340444758534 ] } },
{ "type": "Feature", "properties": { "NAME": "bts sagu", "LAYER": "Ket", "GM_TYPE": "Text", "ELEVATION": 0 }, "geometry": { "type": "Point", "coordinates": [ 773923.750716355047189, 8981453.088836224749684 ] } },
{ "type": "Feature", "properties": { "NAME": "bts sagu", "LAYER": "Ket", "GM_TYPE": "Text", "ELEVATION": 0 }, "geometry": { "type": "Point", "coordinates": [ 773943.783871455932967, 8981496.146559253334999 ] } },
{ "type": "Feature", "properties": { "NAME": "as jln", "LAYER": "Ket", "GM_TYPE": "Text", "ELEVATION": 0 }, "geometry": { "type": "Point", "coordinates": [ 773943.822896711993963, 8981628.310482393950224 ] } },
{ "type": "Feature", "properties": { "NAME": "as jln", "LAYER": "Ket", "GM_TYPE": "Text", "ELEVATION": 0 }, "geometry": { "type": "Point", "coordinates": [ 773812.718164750142023, 8981534.280028913170099 ] } },
{ "type": "Feature", "properties": { "NAME": "as jln", "LAYER": "Ket", "GM_TYPE": "Text", "ELEVATION": 0 }, "geometry": { "type": "Point", "coordinates": [ 773811.306422766996548, 8981486.503945283591747 ] } },
{ "type": "Feature", "properties": { "NAME": "as 2", "LAYER": "Ket", "GM_TYPE": "Text", "ELEVATION": 0 }, "geometry": { "type": "Point", "coordinates": [ 773810.547392721986398, 8981382.773774323984981 ] } },
{ "type": "Feature", "properties": { "NAME": "as jln 3", "LAYER": "Ket", "GM_TYPE": "Text", "ELEVATION": 0 }, "geometry": { "type": "Point", "coordinates": [ 773800.67269318702165, 8981242.049801744520664 ] } },
{ "type": "Feature", "properties": { "NAME": "bts sagu", "LAYER": "Ket", "GM_TYPE": "Text", "ELEVATION": 0 }, "geometry": { "type": "Point", "coordinates": [ 773844.216804734081961, 8981041.200683664530516 ] } },
{ "type": "Feature", "properties": { "NAME": "bts sagu", "LAYER": "Ket", "GM_TYPE": "Text", "ELEVATION": 0 }, "geometry": { "type": "Point", "coordinates": [ 773852.082723729079589, 8980985.045178942382336 ] } },
{ "type": "Feature", "properties": { "NAME": "as sal", "LAYER": "Ket", "GM_TYPE": "Text", "ELEVATION": 0 }, "geometry": { "type": "Point", "coordinates": [ 773886.655965551035479, 8980891.463661294430494 ] } },
{ "type": "Feature", "properties": { "NAME": "as sal sp", "LAYER": "Ket", "GM_TYPE": "Text", "ELEVATION": 0 }, "geometry": { "type": "Point", "coordinates": [ 774069.669376382953487, 8980776.048165263608098 ] } },
{ "type": "Feature", "properties": { "NAME": "bts htn", "LAYER": "Ket", "GM_TYPE": "Text", "ELEVATION": 0 }, "geometry": { "type": "Point", "coordinates": [ 773898.162557312985882, 8980497.946424344554543 ] } },
{ "type": "Feature", "properties": { "NAME": "bts htn", "LAYER": "Ket", "GM_TYPE": "Text", "ELEVATION": 0 }, "geometry": { "type": "Point", "coordinates": [ 773874.624913142994046, 8980430.739401364699006 ] } },
{ "type": "Feature", "properties": { "NAME": "bts htn", "LAYER": "Ket", "GM_TYPE": "Text", "ELEVATION": 0 }, "geometry": { "type": "Point", "coordinates": [ 774154.274964332114905, 8980360.949647324159741 ] } },
{ "type": "Feature", "properties": { "NAME": "bts htn", "LAYER": "Ket", "GM_TYPE": "Text", "ELEVATION": 0 }, "geometry": { "type": "Point", "coordinates": [ 773945.960055388044566, 8980466.115253463387489 ] } },
{ "type": "Feature", "properties": { "NAME": "bts htn", "LAYER": "Ket", "GM_TYPE": "Text", "ELEVATION": 0 }, "geometry": { "type": "Point", "coordinates": [ 774196.356264500063844, 8980319.84246726334095 ] } },
{ "type": "Feature", "properties": { "NAME": "bts htn", "LAYER": "Ket", "GM_TYPE": "Text", "ELEVATION": 0 }, "geometry": { "type": "Point", "coordinates": [ 774013.706451133009978, 8980433.472730323672295 ] } },
{ "type": "Feature", "properties": { "NAME": "bts htn", "LAYER": "Ket", "GM_TYPE": "Text", "ELEVATION": 0 }, "geometry": { "type": "Point", "coordinates": [ 774206.033182195969857, 8980248.742324564605951 ] } },
{ "type": "Feature", "properties": { "NAME": "bts htn", "LAYER": "Ket", "GM_TYPE": "Text", "ELEVATION": 0 }, "geometry": { "type": "Point", "coordinates": [ 774207.69249535293784, 8980406.980116296559572 ] } },
{ "type": "Feature", "properties": { "NAME": "bts htn", "LAYER": "Ket", "GM_TYPE": "Text", "ELEVATION": 0 }, "geometry": { "type": "Point", "coordinates": [ 774411.693090294022113, 8980544.844587344676256 ] } },
{ "type": "Feature", "properties": { "NAME": "tb al", "LAYER": "Ket", "GM_TYPE": "Text", "ELEVATION": 0 }, "geometry": { "type": "Point", "coordinates": [ 773083.30643939296715, 8980324.087361233308911 ] } },
{ "type": "Feature", "properties": { "NAME": "as al", "LAYER": "Ket", "GM_TYPE": "Text", "ELEVATION": 0 }, "geometry": { "type": "Point", "coordinates": [ 773084.737149534979835, 8980321.484239673241973 ] } },
{ "type": "Feature", "properties": { "NAME": "tb al", "LAYER": "Ket", "GM_TYPE": "Text", "ELEVATION": 0 }, "geometry": { "type": "Point", "coordinates": [ 773086.647326315171085, 8980317.65917650423944 ] } },
{ "type": "Feature", "properties": { "NAME": "as al", "LAYER": "Ket", "GM_TYPE": "Text", "ELEVATION": 0 }, "geometry": { "type": "Point", "coordinates": [ 773184.82165768800769, 8980502.992415593937039 ] } },
{ "type": "Feature", "properties": { "NAME": "as al", "LAYER": "Ket", "GM_TYPE": "Text", "ELEVATION": 0 }, "geometry": { "type": "Point", "coordinates": [ 773253.870351729099639, 8980616.448791053146124 ] } },
{ "type": "Feature", "properties": { "NAME": "as al", "LAYER": "Ket", "GM_TYPE": "Text", "ELEVATION": 0 }, "geometry": { "type": "Point", "coordinates": [ 773278.316500039072707, 8980636.705444933846593 ] } },
{ "type": "Feature", "properties": { "NAME": "as al", "LAYER": "Ket", "GM_TYPE": "Text", "ELEVATION": 0 }, "geometry": { "type": "Point", "coordinates": [ 773345.451568695949391, 8980790.950938953086734 ] } },
{ "type": "Feature", "properties": { "NAME": "as bagi", "LAYER": "Ket", "GM_TYPE": "Text", "ELEVATION": 0 }, "geometry": { "type": "Point", "coordinates": [ 773341.847427550004795, 8980716.560248943045735 ] } },
{ "type": "Feature", "properties": { "NAME": "as sl", "LAYER": "Ket", "GM_TYPE": "Text", "ELEVATION": 0 }, "geometry": { "type": "Point", "coordinates": [ 773324.606501744943671, 8980641.947681363672018 ] } },
{ "type": "Feature", "properties": { "NAME": "as al", "LAYER": "Ket", "GM_TYPE": "Text", "ELEVATION": 0 }, "geometry": { "type": "Point", "coordinates": [ 773070.823089511017315, 8981902.591850804165006 ] } },
{ "type": "Feature", "properties": { "NAME": "as 3", "LAYER": "Ket", "GM_TYPE": "Text", "ELEVATION": 0 }, "geometry": { "type": "Point", "coordinates": [ 772407.677959640976042, 8982148.083157002925873 ] } },
{ "type": "Feature", "properties": { "NAME": "gr2", "LAYER": "Ket", "GM_TYPE": "Text", "ELEVATION": 0 }, "geometry": { "type": "Point", "coordinates": [ 771957.948698985041119, 8982117.154617493972182 ] } },
{ "type": "Feature", "properties": { "NAME": "as jln", "LAYER": "Ket", "GM_TYPE": "Text", "ELEVATION": 0 }, "geometry": { "type": "Point", "coordinates": [ 771810.318841830012389, 8982065.789008155465126 ] } },
{ "type": "Feature", "properties": { "NAME": "as jln", "LAYER": "Ket", "GM_TYPE": "Text", "ELEVATION": 0 }, "geometry": { "type": "Point", "coordinates": [ 771999.784727270947769, 8982131.422299424186349 ] } },
{ "type": "Feature", "properties": { "NAME": "gr2", "LAYER": "Ket", "GM_TYPE": "Text", "ELEVATION": 0 }, "geometry": { "type": "Point", "coordinates": [ 771779.428195267915726, 8982055.1662487834692 ] } },
{ "type": "Feature", "properties": { "NAME": "as jln", "LAYER": "Ket", "GM_TYPE": "Text", "ELEVATION": 0 }, "geometry": { "type": "Point", "coordinates": [ 771762.933339709998108, 8982049.355703502893448 ] } },
{ "type": "Feature", "properties": { "NAME": "as jln", "LAYER": "Ket", "GM_TYPE": "Text", "ELEVATION": 0 }, "geometry": { "type": "Point", "coordinates": [ 771951.727236622944474, 8982114.861322365701199 ] } },
{ "type": "Feature", "properties": { "NAME": "as jln", "LAYER": "Ket", "GM_TYPE": "Text", "ELEVATION": 0 }, "geometry": { "type": "Point", "coordinates": [ 771905.059743135119788, 8982098.92951419390738 ] } },
{ "type": "Feature", "properties": { "NAME": "as jln", "LAYER": "Ket", "GM_TYPE": "Text", "ELEVATION": 0 }, "geometry": { "type": "Point", "coordinates": [ 771858.696003527962603, 8982082.610941624268889 ] } },
{ "type": "Feature", "properties": { "NAME": "gr2", "LAYER": "Ket", "GM_TYPE": "Text", "ELEVATION": 0 }, "geometry": { "type": "Point", "coordinates": [ 771727.338372927042656, 8982037.969040084630251 ] } },
{ "type": "Feature", "properties": { "NAME": "as jln", "LAYER": "Ket", "GM_TYPE": "Text", "ELEVATION": 0 }, "geometry": { "type": "Point", "coordinates": [ 771715.343700075056404, 8982033.202538864687085 ] } },
{ "type": "Feature", "properties": { "NAME": "as jln", "LAYER": "Ket", "GM_TYPE": "Text", "ELEVATION": 0 }, "geometry": { "type": "Point", "coordinates": [ 771667.95076897717081, 8982016.482140963897109 ] } },
{ "type": "Feature", "properties": { "NAME": "as jln", "LAYER": "Ket", "GM_TYPE": "Text", "ELEVATION": 0 }, "geometry": { "type": "Point", "coordinates": [ 771620.352394635905512, 8981999.891717413440347 ] } },
{ "type": "Feature", "properties": { "NAME": "gr2", "LAYER": "Ket", "GM_TYPE": "Text", "ELEVATION": 0 }, "geometry": { "type": "Point", "coordinates": [ 771612.333364175050519, 8981997.238454764708877 ] } },
{ "type": "Feature", "properties": { "NAME": "as jln", "LAYER": "Ket", "GM_TYPE": "Text", "ELEVATION": 0 }, "geometry": { "type": "Point", "coordinates": [ 771524.793306801002473, 8981966.801973663270473 ] } },
{ "type": "Feature", "properties": { "NAME": "gr2", "LAYER": "Ket", "GM_TYPE": "Text", "ELEVATION": 0 }, "geometry": { "type": "Point", "coordinates": [ 771441.681513070943765, 8981937.954593554139137 ] } },
{ "type": "Feature", "properties": { "NAME": "as jln", "LAYER": "Ket", "GM_TYPE": "Text", "ELEVATION": 0 }, "geometry": { "type": "Point", "coordinates": [ 771430.953654485987499, 8981934.431782053783536 ] } },
{ "type": "Feature", "properties": { "NAME": "gr2", "LAYER": "Ket", "GM_TYPE": "Text", "ELEVATION": 0 }, "geometry": { "type": "Point", "coordinates": [ 771393.163453097920865, 8981922.074465453624725 ] } },
{ "type": "Feature", "properties": { "NAME": "as jln", "LAYER": "Ket", "GM_TYPE": "Text", "ELEVATION": 0 }, "geometry": { "type": "Point", "coordinates": [ 771382.036538859130815, 8981918.004399096593261 ] } },
{ "type": "Feature", "properties": { "NAME": "as jln", "LAYER": "Ket", "GM_TYPE": "Text", "ELEVATION": 0 }, "geometry": { "type": "Point", "coordinates": [ 771336.180831812205724, 8981901.837502615526319 ] } },
{ "type": "Feature", "properties": { "NAME": "as jln", "LAYER": "Ket", "GM_TYPE": "Text", "ELEVATION": 0 }, "geometry": { "type": "Point", "coordinates": [ 771287.429890247993171, 8981884.766449693590403 ] } },
{ "type": "Feature", "properties": { "NAME": "as jln", "LAYER": "Ket", "GM_TYPE": "Text", "ELEVATION": 0 }, "geometry": { "type": "Point", "coordinates": [ 771241.300275314133614, 8981868.890040563419461 ] } },
{ "type": "Feature", "properties": { "NAME": "as jln", "LAYER": "Ket", "GM_TYPE": "Text", "ELEVATION": 0 }, "geometry": { "type": "Point", "coordinates": [ 771193.180138628114946, 8981852.427940133959055 ] } },
{ "type": "Feature", "properties": { "NAME": "gr2", "LAYER": "Ket", "GM_TYPE": "Text", "ELEVATION": 0 }, "geometry": { "type": "Point", "coordinates": [ 771121.113845495972782, 8981826.776299504563212 ] } },
{ "type": "Feature", "properties": { "NAME": "as jln", "LAYER": "Ket", "GM_TYPE": "Text", "ELEVATION": 0 }, "geometry": { "type": "Point", "coordinates": [ 771098.358537769061513, 8981819.06495245359838 ] } },
{ "type": "Feature", "properties": { "NAME": "as kl", "LAYER": "Ket", "GM_TYPE": "Text", "ELEVATION": 0 }, "geometry": { "type": "Point", "coordinates": [ 770798.503012844012119, 8981659.932011963799596 ] } },
{ "type": "Feature", "properties": { "NAME": "as kl", "LAYER": "Ket", "GM_TYPE": "Text", "ELEVATION": 0 }, "geometry": { "type": "Point", "coordinates": [ 770779.822078304016031, 8981670.454341664910316 ] } },
{ "type": "Feature", "properties": { "NAME": "as kl", "LAYER": "Ket", "GM_TYPE": "Text", "ELEVATION": 0 }, "geometry": { "type": "Point", "coordinates": [ 770779.926013285992667, 8981594.786810223013163 ] } },
{ "type": "Feature", "properties": { "NAME": "as kl", "LAYER": "Ket", "GM_TYPE": "Text", "ELEVATION": 0 }, "geometry": { "type": "Point", "coordinates": [ 770772.448248989065178, 8981556.392426794394851 ] } },
{ "type": "Feature", "properties": { "NAME": "as kl", "LAYER": "Ket", "GM_TYPE": "Text", "ELEVATION": 0 }, "geometry": { "type": "Point", "coordinates": [ 770774.497740992926992, 8981517.263417594134808 ] } },
{ "type": "Feature", "properties": { "NAME": "as kl", "LAYER": "Ket", "GM_TYPE": "Text", "ELEVATION": 0 }, "geometry": { "type": "Point", "coordinates": [ 770783.358266760944389, 8981445.206908103078604 ] } },
{ "type": "Feature", "properties": { "NAME": "as kl", "LAYER": "Ket", "GM_TYPE": "Text", "ELEVATION": 0 }, "geometry": { "type": "Point", "coordinates": [ 770778.385051787015982, 8981383.164231553673744 ] } },
{ "type": "Feature", "properties": { "NAME": "tp kl", "LAYER": "Ket", "GM_TYPE": "Text", "ELEVATION": 0 }, "geometry": { "type": "Point", "coordinates": [ 770743.460927373031154, 8981651.586941953748465 ] } },
{ "type": "Feature", "properties": { "NAME": "tp kl", "LAYER": "Ket", "GM_TYPE": "Text", "ELEVATION": 0 }, "geometry": { "type": "Point", "coordinates": [ 770805.705335770966485, 8981330.750432154163718 ] } },
{ "type": "Feature", "properties": { "NAME": "as kl", "LAYER": "Ket", "GM_TYPE": "Text", "ELEVATION": 0 }, "geometry": { "type": "Point", "coordinates": [ 770783.470051494077779, 8981296.317822564393282 ] } },
{ "type": "Feature", "properties": { "NAME": "as kl", "LAYER": "Ket", "GM_TYPE": "Text", "ELEVATION": 0 }, "geometry": { "type": "Point", "coordinates": [ 770795.218602007022128, 8981264.003314234316349 ] } },
{ "type": "Feature", "properties": { "NAME": "as kl", "LAYER": "Ket", "GM_TYPE": "Text", "ELEVATION": 0 }, "geometry": { "type": "Point", "coordinates": [ 770838.608536569168791, 8981233.595456603914499 ] } },
{ "type": "Feature", "properties": { "NAME": "tb kl", "LAYER": "Ket", "GM_TYPE": "Text", "ELEVATION": 0 }, "geometry": { "type": "Point", "coordinates": [ 770850.358710850938223, 8981250.071424394845963 ] } },
{ "type": "Feature", "properties": { "NAME": "as kl", "LAYER": "Ket", "GM_TYPE": "Text", "ELEVATION": 0 }, "geometry": { "type": "Point", "coordinates": [ 770922.586759053054266, 8981182.400105804204941 ] } },
{ "type": "Feature", "properties": { "NAME": "as kl", "LAYER": "Ket", "GM_TYPE": "Text", "ELEVATION": 0 }, "geometry": { "type": "Point", "coordinates": [ 770905.737795499153435, 8981083.68741338327527 ] } },
{ "type": "Feature", "properties": { "NAME": "as kl", "LAYER": "Ket", "GM_TYPE": "Text", "ELEVATION": 0 }, "geometry": { "type": "Point", "coordinates": [ 770917.833896217867732, 8980996.097772814333439 ] } },
{ "type": "Feature", "properties": { "NAME": "as kl", "LAYER": "Ket", "GM_TYPE": "Text", "ELEVATION": 0 }, "geometry": { "type": "Point", "coordinates": [ 770915.617872631992213, 8980946.606541203334928 ] } },
{ "type": "Feature", "properties": { "NAME": "tp kl", "LAYER": "Ket", "GM_TYPE": "Text", "ELEVATION": 0 }, "geometry": { "type": "Point", "coordinates": [ 770935.165998180047609, 8980864.254782073199749 ] } },
{ "type": "Feature", "properties": { "NAME": "as kl", "LAYER": "Ket", "GM_TYPE": "Text", "ELEVATION": 0 }, "geometry": { "type": "Point", "coordinates": [ 770908.370737475110218, 8980856.622585764154792 ] } },
{ "type": "Feature", "properties": { "NAME": "as kl", "LAYER": "Ket", "GM_TYPE": "Text", "ELEVATION": 0 }, "geometry": { "type": "Point", "coordinates": [ 770939.667889758944511, 8980797.658064123243093 ] } },
{ "type": "Feature", "properties": { "NAME": "as kl", "LAYER": "Ket", "GM_TYPE": "Text", "ELEVATION": 0 }, "geometry": { "type": "Point", "coordinates": [ 770877.87481967813801, 8980737.302455764263868 ] } },
{ "type": "Feature", "properties": { "NAME": "as kl", "LAYER": "Ket", "GM_TYPE": "Text", "ELEVATION": 0 }, "geometry": { "type": "Point", "coordinates": [ 770854.370603409130126, 8980674.064501201733947 ] } },
{ "type": "Feature", "properties": { "NAME": "as kl", "LAYER": "Ket", "GM_TYPE": "Text", "ELEVATION": 0 }, "geometry": { "type": "Point", "coordinates": [ 770865.971340672113001, 8980618.227397153154016 ] } },
{ "type": "Feature", "properties": { "NAME": "as kl", "LAYER": "Ket", "GM_TYPE": "Text", "ELEVATION": 0 }, "geometry": { "type": "Point", "coordinates": [ 770844.263932146015577, 8980553.80048468336463 ] } },
{ "type": "Feature", "properties": { "NAME": "tp kl", "LAYER": "Ket", "GM_TYPE": "Text", "ELEVATION": 0 }, "geometry": { "type": "Point", "coordinates": [ 770888.858295605983585, 8980674.981701906770468 ] } },
{ "type": "Feature", "properties": { "NAME": "as kl", "LAYER": "Ket", "GM_TYPE": "Text", "ELEVATION": 0 }, "geometry": { "type": "Point", "coordinates": [ 770839.778372855042107, 8980459.792938994243741 ] } },
{ "type": "Feature", "properties": { "NAME": "as kl", "LAYER": "Ket", "GM_TYPE": "Text", "ELEVATION": 0 }, "geometry": { "type": "Point", "coordinates": [ 770833.601111015887, 8980437.576968023553491 ] } },
{ "type": "Feature", "properties": { "NAME": "as kl", "LAYER": "Ket", "GM_TYPE": "Text", "ELEVATION": 0 }, "geometry": { "type": "Point", "coordinates": [ 770830.775666613015346, 8980402.704474894329906 ] } },
{ "type": "Feature", "properties": { "NAME": "tp kl", "LAYER": "Ket", "GM_TYPE": "Text", "ELEVATION": 0 }, "geometry": { "type": "Point", "coordinates": [ 770944.237048229202628, 8980269.850820863619447 ] } },
{ "type": "Feature", "properties": { "NAME": "as kl", "LAYER": "Ket", "GM_TYPE": "Text", "ELEVATION": 0 }, "geometry": { "type": "Point", "coordinates": [ 770918.740006540901959, 8980294.659442914649844 ] } },
{ "type": "Feature", "properties": { "NAME": "as kl", "LAYER": "Ket", "GM_TYPE": "Text", "ELEVATION": 0 }, "geometry": { "type": "Point", "coordinates": [ 770984.059615312959068, 8980299.44922280497849 ] } },
{ "type": "Feature", "properties": { "NAME": "as kl", "LAYER": "Ket", "GM_TYPE": "Text", "ELEVATION": 0 }, "geometry": { "type": "Point", "coordinates": [ 771033.255979049019516, 8980268.610238313674927 ] } },
{ "type": "Feature", "properties": { "NAME": "as kl", "LAYER": "Ket", "GM_TYPE": "Text", "ELEVATION": 0 }, "geometry": { "type": "Point", "coordinates": [ 771020.55345520505216, 8980227.83116315305233 ] } },
{ "type": "Feature", "properties": { "NAME": "tp kl", "LAYER": "Ket", "GM_TYPE": "Text", "ELEVATION": 0 }, "geometry": { "type": "Point", "coordinates": [ 771044.675581805990078, 8980255.429635694250464 ] } },
{ "type": "Feature", "properties": { "NAME": "as kl", "LAYER": "Ket", "GM_TYPE": "Text", "ELEVATION": 0 }, "geometry": { "type": "Point", "coordinates": [ 770945.172171558137052, 8980117.401807513087988 ] } },
{ "type": "Feature", "properties": { "NAME": "as kl", "LAYER": "Ket", "GM_TYPE": "Text", "ELEVATION": 0 }, "geometry": { "type": "Point", "coordinates": [ 771038.027162740007043, 8980085.246763864532113 ] } },
{ "type": "Feature", "properties": { "NAME": "as kl", "LAYER": "Ket", "GM_TYPE": "Text", "ELEVATION": 0 }, "geometry": { "type": "Point", "coordinates": [ 770981.040301576023921, 8980088.74989852309227 ] } },
{ "type": "Feature", "properties": { "NAME": "tp kl", "LAYER": "Ket", "GM_TYPE": "Text", "ELEVATION": 0 }, "geometry": { "type": "Point", "coordinates": [ 771009.963002474047244, 8980097.336538584902883 ] } },
{ "type": "Feature", "properties": { "NAME": "as jln", "LAYER": "Ket", "GM_TYPE": "Text", "ELEVATION": 0 }, "geometry": { "type": "Point", "coordinates": [ 772744.973497938015498, 8980266.226970853284001 ] } },
{ "type": "Feature", "properties": { "NAME": "as jln", "LAYER": "Ket", "GM_TYPE": "Text", "ELEVATION": 0 }, "geometry": { "type": "Point", "coordinates": [ 772738.574757759110071, 8980109.299244744703174 ] } },
{ "type": "Feature", "properties": { "NAME": "as jln", "LAYER": "Ket", "GM_TYPE": "Text", "ELEVATION": 0 }, "geometry": { "type": "Point", "coordinates": [ 772730.570913023082539, 8979952.203479193150997 ] } },
{ "type": "Feature", "properties": { "NAME": "as", "LAYER": "Ket", "GM_TYPE": "Text", "ELEVATION": 0 }, "geometry": { "type": "Point", "coordinates": [ 772735.052428310969844, 8979518.323631085455418 ] } },
{ "type": "Feature", "properties": { "NAME": "as cb", "LAYER": "Ket", "GM_TYPE": "Text", "ELEVATION": 0 }, "geometry": { "type": "Point", "coordinates": [ 772738.33845341601409, 8979519.16961807385087 ] } },
{ "type": "Feature", "properties": { "NAME": "as", "LAYER": "Ket", "GM_TYPE": "Text", "ELEVATION": 0 }, "geometry": { "type": "Point", "coordinates": [ 772742.668945717043243, 8979499.827600123360753 ] } },
{ "type": "Feature", "properties": { "NAME": "tgl", "LAYER": "Ket", "GM_TYPE": "Text", "ELEVATION": 0 }, "geometry": { "type": "Point", "coordinates": [ 772657.033768164226785, 8982603.473881905898452 ] } },
{ "type": "Feature", "properties": { "NAME": "tgl", "LAYER": "Ket", "GM_TYPE": "Text", "ELEVATION": 0 }, "geometry": { "type": "Point", "coordinates": [ 772662.084131699986756, 8982640.225352805107832 ] } },
{ "type": "Feature", "properties": { "NAME": "tgl", "LAYER": "Ket", "GM_TYPE": "Text", "ELEVATION": 0 }, "geometry": { "type": "Point", "coordinates": [ 772555.739435259951279, 8982647.951948691159487 ] } },
{ "type": "Feature", "properties": { "NAME": "tgl", "LAYER": "Ket", "GM_TYPE": "Text", "ELEVATION": 0 }, "geometry": { "type": "Point", "coordinates": [ 772500.323921588016674, 8982652.07920122332871 ] } },
{ "type": "Feature", "properties": { "NAME": "tgl", "LAYER": "Ket", "GM_TYPE": "Text", "ELEVATION": 0 }, "geometry": { "type": "Point", "coordinates": [ 772419.82727111200802, 8982656.523773513734341 ] } },
{ "type": "Feature", "properties": { "NAME": "as jln", "LAYER": "Ket", "GM_TYPE": "Text", "ELEVATION": 0 }, "geometry": { "type": "Point", "coordinates": [ 772220.528659643023275, 8982530.115925202146173 ] } },
{ "type": "Feature", "properties": { "NAME": "as jln", "LAYER": "Ket", "GM_TYPE": "Text", "ELEVATION": 0 }, "geometry": { "type": "Point", "coordinates": [ 772216.716224415926263, 8982473.282816532999277 ] } },
{ "type": "Feature", "properties": { "NAME": "as jln", "LAYER": "Ket", "GM_TYPE": "Text", "ELEVATION": 0 }, "geometry": { "type": "Point", "coordinates": [ 772211.417526594013907, 8982404.355986123904586 ] } },
{ "type": "Feature", "properties": { "NAME": "as sal", "LAYER": "Ket", "GM_TYPE": "Text", "ELEVATION": 0 }, "geometry": { "type": "Point", "coordinates": [ 772093.737206860794686, 8982161.561082294210792 ] } },
{ "type": "Feature", "properties": { "NAME": "as sal", "LAYER": "Ket", "GM_TYPE": "Text", "ELEVATION": 0 }, "geometry": { "type": "Point", "coordinates": [ 772093.74635128909722, 8982168.952953513711691 ] } },
{ "type": "Feature", "properties": { "NAME": "as sal", "LAYER": "Ket", "GM_TYPE": "Text", "ELEVATION": 0 }, "geometry": { "type": "Point", "coordinates": [ 772091.730300922179595, 8982330.55778668448329 ] } },
{ "type": "Feature", "properties": { "NAME": "as sal", "LAYER": "Ket", "GM_TYPE": "Text", "ELEVATION": 0 }, "geometry": { "type": "Point", "coordinates": [ 772110.045400982024148, 8982478.289942346513271 ] } },
{ "type": "Feature", "properties": { "NAME": "sadap", "LAYER": "Ket", "GM_TYPE": "Text", "ELEVATION": 0 }, "geometry": { "type": "Point", "coordinates": [ 772120.203269748948514, 8982678.482142802327871 ] } },
{ "type": "Feature", "properties": { "NAME": "sadap", "LAYER": "Ket", "GM_TYPE": "Text", "ELEVATION": 0 }, "geometry": { "type": "Point", "coordinates": [ 772122.093870926997624, 8982678.591303415596485 ] } },
{ "type": "Feature", "properties": { "NAME": "sadap", "LAYER": "Ket", "GM_TYPE": "Text", "ELEVATION": 0 }, "geometry": { "type": "Point", "coordinates": [ 772123.147425784962252, 8982678.55387606471777 ] } },
{ "type": "Feature", "properties": { "NAME": "as sal", "LAYER": "Ket", "GM_TYPE": "Text", "ELEVATION": 0 }, "geometry": { "type": "Point", "coordinates": [ 772123.238043856108561, 8982678.45992530323565 ] } },
{ "type": "Feature", "properties": { "NAME": "as sal", "LAYER": "Ket", "GM_TYPE": "Text", "ELEVATION": 0 }, "geometry": { "type": "Point", "coordinates": [ 772125.958522105007432, 8982679.418555103242397 ] } },
{ "type": "Feature", "properties": { "NAME": "as sal", "LAYER": "Ket", "GM_TYPE": "Text", "ELEVATION": 0 }, "geometry": { "type": "Point", "coordinates": [ 772113.613699879962951, 8982679.381947934627533 ] } },
{ "type": "Feature", "properties": { "NAME": "as sal", "LAYER": "Ket", "GM_TYPE": "Text", "ELEVATION": 0 }, "geometry": { "type": "Point", "coordinates": [ 772055.992845955886878, 8982683.952276274561882 ] } },
{ "type": "Feature", "properties": { "NAME": "as sal", "LAYER": "Ket", "GM_TYPE": "Text", "ELEVATION": 0 }, "geometry": { "type": "Point", "coordinates": [ 772013.308576652081683, 8982685.808759612962604 ] } },
{ "type": "Feature", "properties": { "NAME": "tgl", "LAYER": "Ket", "GM_TYPE": "Text", "ELEVATION": 0 }, "geometry": { "type": "Point", "coordinates": [ 772013.344822412938811, 8982685.368615323677659 ] } },
{ "type": "Feature", "properties": { "NAME": "tgl", "LAYER": "Ket", "GM_TYPE": "Text", "ELEVATION": 0 }, "geometry": { "type": "Point", "coordinates": [ 771873.764855585992336, 8982694.929347783327103 ] } },
{ "type": "Feature", "properties": { "NAME": "as jln", "LAYER": "Ket", "GM_TYPE": "Text", "ELEVATION": 0 }, "geometry": { "type": "Point", "coordinates": [ 772767.612701559090056, 8981969.440236734226346 ] } },
{ "type": "Feature", "properties": { "NAME": "as jln", "LAYER": "Ket", "GM_TYPE": "Text", "ELEVATION": 0 }, "geometry": { "type": "Point", "coordinates": [ 772524.703526509110816, 8981721.817490894347429 ] } },
{ "type": "Feature", "properties": { "NAME": "as jln", "LAYER": "Ket", "GM_TYPE": "Text", "ELEVATION": 0 }, "geometry": { "type": "Point", "coordinates": [ 772499.787027257145382, 8981723.086883744224906 ] } },
{ "type": "Feature", "properties": { "NAME": "as jln", "LAYER": "Ket", "GM_TYPE": "Text", "ELEVATION": 0 }, "geometry": { "type": "Point", "coordinates": [ 772485.643020648974925, 8981723.754803024232388 ] } },
{ "type": "Feature", "properties": { "NAME": "as jln", "LAYER": "Ket", "GM_TYPE": "Text", "ELEVATION": 0 }, "geometry": { "type": "Point", "coordinates": [ 772594.540425729006529, 8981297.49374040402472 ] } },
{ "type": "Feature", "properties": { "NAME": "as jln", "LAYER": "Ket", "GM_TYPE": "Text", "ELEVATION": 0 }, "geometry": { "type": "Point", "coordinates": [ 772630.573023351025768, 8981296.258969824761152 ] } },
{ "type": "Feature", "properties": { "NAME": "as jln", "LAYER": "Ket", "GM_TYPE": "Text", "ELEVATION": 0 }, "geometry": { "type": "Point", "coordinates": [ 772521.553018777049147, 8981302.562844796106219 ] } },
{ "type": "Feature", "properties": { "NAME": "as jln", "LAYER": "Ket", "GM_TYPE": "Text", "ELEVATION": 0 }, "geometry": { "type": "Point", "coordinates": [ 772483.571829342050478, 8981304.112176224589348 ] } },
{ "type": "Feature", "properties": { "NAME": "tb al", "LAYER": "Ket", "GM_TYPE": "Text", "ELEVATION": 0 }, "geometry": { "type": "Point", "coordinates": [ 771120.692061377922073, 8980080.018590753898025 ] } },
{ "type": "Feature", "properties": { "NAME": "as", "LAYER": "Ket", "GM_TYPE": "Text", "ELEVATION": 0 }, "geometry": { "type": "Point", "coordinates": [ 771180.905912345042452, 8980000.869198605418205 ] } },
{ "type": "Feature", "properties": { "NAME": "as kl", "LAYER": "Ket", "GM_TYPE": "Text", "ELEVATION": 0 }, "geometry": { "type": "Point", "coordinates": [ 771198.779363137087785, 8979878.253124214708805 ] } },
{ "type": "Feature", "properties": { "NAME": "as kl", "LAYER": "Ket", "GM_TYPE": "Text", "ELEVATION": 0 }, "geometry": { "type": "Point", "coordinates": [ 771161.606766044045798, 8979944.871904404833913 ] } },
{ "type": "Feature", "properties": { "NAME": "as kl", "LAYER": "Ket", "GM_TYPE": "Text", "ELEVATION": 0 }, "geometry": { "type": "Point", "coordinates": [ 771252.275989054120146, 8979820.453280264511704 ] } },
{ "type": "Feature", "properties": { "NAME": "tp kl", "LAYER": "Ket", "GM_TYPE": "Text", "ELEVATION": 0 }, "geometry": { "type": "Point", "coordinates": [ 771228.537629664991982, 8979855.662384832277894 ] } },
{ "type": "Feature", "properties": { "NAME": "tb al", "LAYER": "Ket", "GM_TYPE": "Text", "ELEVATION": 0 }, "geometry": { "type": "Point", "coordinates": [ 771283.995548199047334, 8979822.27118587307632 ] } },
{ "type": "Feature", "properties": { "NAME": "as kl", "LAYER": "Ket", "GM_TYPE": "Text", "ELEVATION": 0 }, "geometry": { "type": "Point", "coordinates": [ 771376.914016289985739, 8979626.26263071410358 ] } },
{ "type": "Feature", "properties": { "NAME": "as kl", "LAYER": "Ket", "GM_TYPE": "Text", "ELEVATION": 0 }, "geometry": { "type": "Point", "coordinates": [ 771383.945514115155675, 8979580.837130384519696 ] } },
{ "type": "Feature", "properties": { "NAME": "as kl", "LAYER": "Ket", "GM_TYPE": "Text", "ELEVATION": 0 }, "geometry": { "type": "Point", "coordinates": [ 771418.697860917192884, 8979497.322840994223952 ] } },
{ "type": "Feature", "properties": { "NAME": "tp kl", "LAYER": "Ket", "GM_TYPE": "Text", "ELEVATION": 0 }, "geometry": { "type": "Point", "coordinates": [ 771385.993285804055631, 8979634.767530294135213 ] } },
{ "type": "Feature", "properties": { "NAME": "tb al", "LAYER": "Ket", "GM_TYPE": "Text", "ELEVATION": 0 }, "geometry": { "type": "Point", "coordinates": [ 771446.881782782031223, 8979444.574874354526401 ] } },
{ "type": "Feature", "properties": { "NAME": "as", "LAYER": "Ket", "GM_TYPE": "Text", "ELEVATION": 0 }, "geometry": { "type": "Point", "coordinates": [ 771509.94883909903001, 8979365.951046045869589 ] } },
{ "type": "Feature", "properties": { "NAME": "tb al", "LAYER": "Ket", "GM_TYPE": "Text", "ELEVATION": 0 }, "geometry": { "type": "Point", "coordinates": [ 771449.764383569126949, 8979422.428674882277846 ] } },
{ "type": "Feature", "properties": { "NAME": "as", "LAYER": "Ket", "GM_TYPE": "Text", "ELEVATION": 0 }, "geometry": { "type": "Point", "coordinates": [ 771438.789936478016898, 8979421.630027273669839 ] } },
{ "type": "Feature", "properties": { "NAME": "tb al", "LAYER": "Ket", "GM_TYPE": "Text", "ELEVATION": 0 }, "geometry": { "type": "Point", "coordinates": [ 771427.705563923111185, 8979415.210261294618249 ] } },
{ "type": "Feature", "properties": { "NAME": "as", "LAYER": "Ket", "GM_TYPE": "Text", "ELEVATION": 0 }, "geometry": { "type": "Point", "coordinates": [ 771436.394247099990025, 8979409.288120081648231 ] } },
{ "type": "Feature", "properties": { "NAME": "as", "LAYER": "Ket", "GM_TYPE": "Text", "ELEVATION": 0 }, "geometry": { "type": "Point", "coordinates": [ 771435.460443131043576, 8979393.416373884305358 ] } },
{ "type": "Feature", "properties": { "NAME": "tb al", "LAYER": "Ket", "GM_TYPE": "Text", "ELEVATION": 0 }, "geometry": { "type": "Point", "coordinates": [ 771445.836649724980816, 8979402.657586703076959 ] } },
{ "type": "Feature", "properties": { "NAME": "as", "LAYER": "Ket", "GM_TYPE": "Text", "ELEVATION": 0 }, "geometry": { "type": "Point", "coordinates": [ 771549.625179192982614, 8979390.0521772634238 ] } },
{ "type": "Feature", "properties": { "NAME": "tb al", "LAYER": "Ket", "GM_TYPE": "Text", "ELEVATION": 0 }, "geometry": { "type": "Point", "coordinates": [ 771509.733871705946513, 8979357.445590974763036 ] } },
{ "type": "Feature", "properties": { "NAME": "as", "LAYER": "Ket", "GM_TYPE": "Text", "ELEVATION": 0 }, "geometry": { "type": "Point", "coordinates": [ 771514.85040109208785, 8979358.091038044542074 ] } },
{ "type": "Feature", "properties": { "NAME": "as", "LAYER": "Ket", "GM_TYPE": "Text", "ELEVATION": 0 }, "geometry": { "type": "Point", "coordinates": [ 771513.481708026956767, 8979366.407041544094682 ] } },
{ "type": "Feature", "properties": { "NAME": "tb al", "LAYER": "Ket", "GM_TYPE": "Text", "ELEVATION": 0 }, "geometry": { "type": "Point", "coordinates": [ 771518.51901032589376, 8979366.894238654524088 ] } },
{ "type": "Feature", "properties": { "NAME": "tb al", "LAYER": "Ket", "GM_TYPE": "Text", "ELEVATION": 0 }, "geometry": { "type": "Point", "coordinates": [ 771521.701547767966986, 8979354.31457868590951 ] } },
{ "type": "Feature", "properties": { "NAME": "as", "LAYER": "Ket", "GM_TYPE": "Text", "ELEVATION": 0 }, "geometry": { "type": "Point", "coordinates": [ 771608.729408695944585, 8979389.717063963413239 ] } },
{ "type": "Feature", "properties": { "NAME": "as", "LAYER": "Ket", "GM_TYPE": "Text", "ELEVATION": 0 }, "geometry": { "type": "Point", "coordinates": [ 771658.018954125000164, 8979384.53847524151206 ] } },
{ "type": "Feature", "properties": { "NAME": "tb al", "LAYER": "Ket", "GM_TYPE": "Text", "ELEVATION": 0 }, "geometry": { "type": "Point", "coordinates": [ 771659.853399527142756, 8979379.556941313669086 ] } },
{ "type": "Feature", "properties": { "NAME": "as", "LAYER": "Ket", "GM_TYPE": "Text", "ELEVATION": 0 }, "geometry": { "type": "Point", "coordinates": [ 771688.50851036014501, 8979398.318575333803892 ] } },
{ "type": "Feature", "properties": { "NAME": "as", "LAYER": "Ket", "GM_TYPE": "Text", "ELEVATION": 0 }, "geometry": { "type": "Point", "coordinates": [ 771719.801662379992194, 8979398.053928203880787 ] } },
{ "type": "Feature", "properties": { "NAME": "as", "LAYER": "Ket", "GM_TYPE": "Text", "ELEVATION": 0 }, "geometry": { "type": "Point", "coordinates": [ 771737.566285200999118, 8979400.904224846512079 ] } },
{ "type": "Feature", "properties": { "NAME": "as", "LAYER": "Ket", "GM_TYPE": "Text", "ELEVATION": 0 }, "geometry": { "type": "Point", "coordinates": [ 771791.511224600020796, 8979406.278916953131557 ] } },
{ "type": "Feature", "properties": { "NAME": "as", "LAYER": "Ket", "GM_TYPE": "Text", "ELEVATION": 0 }, "geometry": { "type": "Point", "coordinates": [ 771843.217077240115032, 8979447.631305744871497 ] } },
{ "type": "Feature", "properties": { "NAME": "as", "LAYER": "Ket", "GM_TYPE": "Text", "ELEVATION": 0 }, "geometry": { "type": "Point", "coordinates": [ 771870.537889401079156, 8979463.690254084765911 ] } },
{ "type": "Feature", "properties": { "NAME": "as", "LAYER": "Ket", "GM_TYPE": "Text", "ELEVATION": 0 }, "geometry": { "type": "Point", "coordinates": [ 771930.146833297912963, 8979470.199252692982554 ] } },
{ "type": "Feature", "properties": { "NAME": "as", "LAYER": "Ket", "GM_TYPE": "Text", "ELEVATION": 0 }, "geometry": { "type": "Point", "coordinates": [ 771994.063602949026972, 8979497.680362833663821 ] } },
{ "type": "Feature", "properties": { "NAME": "as", "LAYER": "Ket", "GM_TYPE": "Text", "ELEVATION": 0 }, "geometry": { "type": "Point", "coordinates": [ 772073.185945853008889, 8979526.428475335240364 ] } },
{ "type": "Feature", "properties": { "NAME": "as", "LAYER": "Ket", "GM_TYPE": "Text", "ELEVATION": 0 }, "geometry": { "type": "Point", "coordinates": [ 772102.3048919349676, 8979538.271919524297118 ] } },
{ "type": "Feature", "properties": { "NAME": "as", "LAYER": "Ket", "GM_TYPE": "Text", "ELEVATION": 0 }, "geometry": { "type": "Point", "coordinates": [ 772117.871030552196316, 8979543.98988383449614 ] } },
{ "type": "Feature", "properties": { "NAME": "as", "LAYER": "Ket", "GM_TYPE": "Text", "ELEVATION": 0 }, "geometry": { "type": "Point", "coordinates": [ 772153.121792307123542, 8979555.736611984670162 ] } },
{ "type": "Feature", "properties": { "NAME": "as", "LAYER": "Ket", "GM_TYPE": "Text", "ELEVATION": 0 }, "geometry": { "type": "Point", "coordinates": [ 772178.4745244870428, 8979563.315142454579473 ] } },
{ "type": "Feature", "properties": { "NAME": "as", "LAYER": "Ket", "GM_TYPE": "Text", "ELEVATION": 0 }, "geometry": { "type": "Point", "coordinates": [ 772176.857035056105815, 8979548.244085213169456 ] } },
{ "type": "Feature", "properties": { "NAME": "as", "LAYER": "Ket", "GM_TYPE": "Text", "ELEVATION": 0 }, "geometry": { "type": "Point", "coordinates": [ 772225.160982080036774, 8979534.612599646672606 ] } },
{ "type": "Feature", "properties": { "NAME": "as", "LAYER": "Ket", "GM_TYPE": "Text", "ELEVATION": 0 }, "geometry": { "type": "Point", "coordinates": [ 772265.772392441984266, 8979549.057019364088774 ] } },
{ "type": "Feature", "properties": { "NAME": "as", "LAYER": "Ket", "GM_TYPE": "Text", "ELEVATION": 0 }, "geometry": { "type": "Point", "coordinates": [ 772308.073826207080856, 8979542.246385673061013 ] } },
{ "type": "Feature", "properties": { "NAME": "as", "LAYER": "Ket", "GM_TYPE": "Text", "ELEVATION": 0 }, "geometry": { "type": "Point", "coordinates": [ 772322.494908789056353, 8979537.638482453301549 ] } },
{ "type": "Feature", "properties": { "NAME": "as", "LAYER": "Ket", "GM_TYPE": "Text", "ELEVATION": 0 }, "geometry": { "type": "Point", "coordinates": [ 772358.384790375130251, 8979538.935940643772483 ] } },
{ "type": "Feature", "properties": { "NAME": "as", "LAYER": "Ket", "GM_TYPE": "Text", "ELEVATION": 0 }, "geometry": { "type": "Point", "coordinates": [ 772382.998319527017884, 8979545.117084074765444 ] } },
{ "type": "Feature", "properties": { "NAME": "as", "LAYER": "Ket", "GM_TYPE": "Text", "ELEVATION": 0 }, "geometry": { "type": "Point", "coordinates": [ 772395.888006452936679, 8979548.058540262281895 ] } },
{ "type": "Feature", "properties": { "NAME": "as", "LAYER": "Ket", "GM_TYPE": "Text", "ELEVATION": 0 }, "geometry": { "type": "Point", "coordinates": [ 772498.17213647312019, 8979442.981411024928093 ] } },
{ "type": "Feature", "properties": { "NAME": "as", "LAYER": "Ket", "GM_TYPE": "Text", "ELEVATION": 0 }, "geometry": { "type": "Point", "coordinates": [ 772519.695959699922241, 8979440.141172513365746 ] } },
{ "type": "Feature", "properties": { "NAME": "as", "LAYER": "Ket", "GM_TYPE": "Text", "ELEVATION": 0 }, "geometry": { "type": "Point", "coordinates": [ 772586.233496409025975, 8979401.171662414446473 ] } },
{ "type": "Feature", "properties": { "NAME": "as", "LAYER": "Ket", "GM_TYPE": "Text", "ELEVATION": 0 }, "geometry": { "type": "Point", "coordinates": [ 772543.301974472007714, 8979409.428417064249516 ] } },
{ "type": "Feature", "properties": { "NAME": "as sal", "LAYER": "Ket", "GM_TYPE": "Text", "ELEVATION": 0 }, "geometry": { "type": "Point", "coordinates": [ 771778.27611692098435, 8982067.420995334163308 ] } },
{ "type": "Feature", "properties": { "NAME": "as sal", "LAYER": "Ket", "GM_TYPE": "Text", "ELEVATION": 0 }, "geometry": { "type": "Point", "coordinates": [ 771779.752069259062409, 8982095.947739373892546 ] } },
{ "type": "Feature", "properties": { "NAME": "as sal", "LAYER": "Ket", "GM_TYPE": "Text", "ELEVATION": 0 }, "geometry": { "type": "Point", "coordinates": [ 771781.64544501202181, 8982133.182793555781245 ] } },
{ "type": "Feature", "properties": { "NAME": "as sal", "LAYER": "Ket", "GM_TYPE": "Text", "ELEVATION": 0 }, "geometry": { "type": "Point", "coordinates": [ 771783.464160316041671, 8982162.788399564102292 ] } },
{ "type": "Feature", "properties": { "NAME": "as sal", "LAYER": "Ket", "GM_TYPE": "Text", "ELEVATION": 0 }, "geometry": { "type": "Point", "coordinates": [ 771786.176574747078121, 8982195.830092765390873 ] } },
{ "type": "Feature", "properties": { "NAME": "as sal", "LAYER": "Ket", "GM_TYPE": "Text", "ELEVATION": 0 }, "geometry": { "type": "Point", "coordinates": [ 771786.932800087030046, 8982223.169190064072609 ] } },
{ "type": "Feature", "properties": { "NAME": "as sal", "LAYER": "Ket", "GM_TYPE": "Text", "ELEVATION": 0 }, "geometry": { "type": "Point", "coordinates": [ 771612.594717639964074, 8982004.394610274583101 ] } },
{ "type": "Feature", "properties": { "NAME": "as sal", "LAYER": "Ket", "GM_TYPE": "Text", "ELEVATION": 0 }, "geometry": { "type": "Point", "coordinates": [ 771614.634355880902149, 8982025.629171453416348 ] } },
{ "type": "Feature", "properties": { "NAME": "tgl", "LAYER": "Ket", "GM_TYPE": "Text", "ELEVATION": 0 }, "geometry": { "type": "Point", "coordinates": [ 771612.914644991979003, 8982004.410570584237576 ] } },
{ "type": "Feature", "properties": { "NAME": "tgl", "LAYER": "Ket", "GM_TYPE": "Text", "ELEVATION": 0 }, "geometry": { "type": "Point", "coordinates": [ 771618.503479514969513, 8982098.73466619476676 ] } },
{ "type": "Feature", "properties": { "NAME": "tgl", "LAYER": "Ket", "GM_TYPE": "Text", "ELEVATION": 0 }, "geometry": { "type": "Point", "coordinates": [ 771617.380335668101907, 8982077.596082283183932 ] } },
{ "type": "Feature", "properties": { "NAME": "tgl", "LAYER": "Ket", "GM_TYPE": "Text", "ELEVATION": 0 }, "geometry": { "type": "Point", "coordinates": [ 771620.210294349119067, 8982130.501584494486451 ] } },
{ "type": "Feature", "properties": { "NAME": "as sal", "LAYER": "Ket", "GM_TYPE": "Text", "ELEVATION": 0 }, "geometry": { "type": "Point", "coordinates": [ 771625.119343859958462, 8982200.312578795477748 ] } },
{ "type": "Feature", "properties": { "NAME": "as sal", "LAYER": "Ket", "GM_TYPE": "Text", "ELEVATION": 0 }, "geometry": { "type": "Point", "coordinates": [ 771610.249381317989901, 8981948.056135553866625 ] } },
{ "type": "Feature", "properties": { "NAME": "as sal", "LAYER": "Ket", "GM_TYPE": "Text", "ELEVATION": 0 }, "geometry": { "type": "Point", "coordinates": [ 771611.869221225148067, 8981989.971730774268508 ] } },
{ "type": "Feature", "properties": { "NAME": "as sal", "LAYER": "Ket", "GM_TYPE": "Text", "ELEVATION": 0 }, "geometry": { "type": "Point", "coordinates": [ 771608.636544219101779, 8981904.305261593312025 ] } },
{ "type": "Feature", "properties": { "NAME": "as sal", "LAYER": "Ket", "GM_TYPE": "Text", "ELEVATION": 0 }, "geometry": { "type": "Point", "coordinates": [ 771606.744665430975147, 8981862.786119656637311 ] } },
{ "type": "Feature", "properties": { "NAME": "as sal", "LAYER": "Ket", "GM_TYPE": "Text", "ELEVATION": 0 }, "geometry": { "type": "Point", "coordinates": [ 771458.139240264892578, 8981985.906762544065714 ] } },
{ "type": "Feature", "properties": { "NAME": "as sal", "LAYER": "Ket", "GM_TYPE": "Text", "ELEVATION": 0 }, "geometry": { "type": "Point", "coordinates": [ 771455.468894912977703, 8981948.649816693738103 ] } },
{ "type": "Feature", "properties": { "NAME": "as sal", "LAYER": "Ket", "GM_TYPE": "Text", "ELEVATION": 0 }, "geometry": { "type": "Point", "coordinates": [ 771459.771563112968579, 8982013.498529424890876 ] } },
{ "type": "Feature", "properties": { "NAME": "as sal", "LAYER": "Ket", "GM_TYPE": "Text", "ELEVATION": 0 }, "geometry": { "type": "Point", "coordinates": [ 771461.456024536979385, 8982040.964663663879037 ] } },
{ "type": "Feature", "properties": { "NAME": "as sal", "LAYER": "Ket", "GM_TYPE": "Text", "ELEVATION": 0 }, "geometry": { "type": "Point", "coordinates": [ 771463.638580529950559, 8982079.226442851126194 ] } },
{ "type": "Feature", "properties": { "NAME": "as sal", "LAYER": "Ket", "GM_TYPE": "Text", "ELEVATION": 0 }, "geometry": { "type": "Point", "coordinates": [ 771439.759854500065558, 8981942.234977193176746 ] } },
{ "type": "Feature", "properties": { "NAME": "as sal", "LAYER": "Ket", "GM_TYPE": "Text", "ELEVATION": 0 }, "geometry": { "type": "Point", "coordinates": [ 771390.866158554097638, 8981927.968151854351163 ] } },
{ "type": "Feature", "properties": { "NAME": "as sal", "LAYER": "Ket", "GM_TYPE": "Text", "ELEVATION": 0 }, "geometry": { "type": "Point", "coordinates": [ 771386.843370044021867, 8981954.54981954395771 ] } },
{ "type": "Feature", "properties": { "NAME": "as sal", "LAYER": "Ket", "GM_TYPE": "Text", "ELEVATION": 0 }, "geometry": { "type": "Point", "coordinates": [ 771387.498543757945299, 8981909.195916524156928 ] } },
{ "type": "Feature", "properties": { "NAME": "as sal", "LAYER": "Ket", "GM_TYPE": "Text", "ELEVATION": 0 }, "geometry": { "type": "Point", "coordinates": [ 771397.040355505887419, 8981875.947480224072933 ] } },
{ "type": "Feature", "properties": { "NAME": "as sal", "LAYER": "Ket", "GM_TYPE": "Text", "ELEVATION": 0 }, "geometry": { "type": "Point", "coordinates": [ 771296.200298313051462, 8981880.234020974487066 ] } },
{ "type": "Feature", "properties": { "NAME": "as sal", "LAYER": "Ket", "GM_TYPE": "Text", "ELEVATION": 0 }, "geometry": { "type": "Point", "coordinates": [ 771295.602056929143146, 8981825.465779654681683 ] } },
{ "type": "Feature", "properties": { "NAME": "as sal", "LAYER": "Ket", "GM_TYPE": "Text", "ELEVATION": 0 }, "geometry": { "type": "Point", "coordinates": [ 771295.888202758040279, 8981773.484783014282584 ] } },
{ "type": "Feature", "properties": { "NAME": "as sal", "LAYER": "Ket", "GM_TYPE": "Text", "ELEVATION": 0 }, "geometry": { "type": "Point", "coordinates": [ 771293.709692539996468, 8981736.052322503179312 ] } },
{ "type": "Feature", "properties": { "NAME": "as sal", "LAYER": "Ket", "GM_TYPE": "Text", "ELEVATION": 0 }, "geometry": { "type": "Point", "coordinates": [ 771289.680579800042324, 8981671.549042234197259 ] } },
{ "type": "Feature", "properties": { "NAME": "afur", "LAYER": "Ket", "GM_TYPE": "Text", "ELEVATION": 0 }, "geometry": { "type": "Point", "coordinates": [ 771438.259363243007101, 8981272.410812184214592 ] } },
{ "type": "Feature", "properties": { "NAME": "afur", "LAYER": "Ket", "GM_TYPE": "Text", "ELEVATION": 0 }, "geometry": { "type": "Point", "coordinates": [ 771451.333826662041247, 8981475.26295474357903 ] } },
{ "type": "Feature", "properties": { "NAME": "afur", "LAYER": "Ket", "GM_TYPE": "Text", "ELEVATION": 0 }, "geometry": { "type": "Point", "coordinates": [ 771469.861379661015235, 8981501.317303983494639 ] } },
{ "type": "Feature", "properties": { "NAME": "afur", "LAYER": "Ket", "GM_TYPE": "Text", "ELEVATION": 0 }, "geometry": { "type": "Point", "coordinates": [ 771474.345768484985456, 8981466.362028883770108 ] } },
{ "type": "Feature", "properties": { "NAME": "as sal", "LAYER": "Ket", "GM_TYPE": "Text", "ELEVATION": 0 }, "geometry": { "type": "Point", "coordinates": [ 771580.632525139953941, 8981406.07352146320045 ] } },
{ "type": "Feature", "properties": { "NAME": "as sal", "LAYER": "Ket", "GM_TYPE": "Text", "ELEVATION": 0 }, "geometry": { "type": "Point", "coordinates": [ 771766.475695553002879, 8981932.073763696476817 ] } },
{ "type": "Feature", "properties": { "NAME": "as sal", "LAYER": "Ket", "GM_TYPE": "Text", "ELEVATION": 0 }, "geometry": { "type": "Point", "coordinates": [ 771760.737284422037192, 8981849.491810934618115 ] } },
{ "type": "Feature", "properties": { "NAME": "as sal", "LAYER": "Ket", "GM_TYPE": "Text", "ELEVATION": 0 }, "geometry": { "type": "Point", "coordinates": [ 771753.462752617197111, 8981771.322161633521318 ] } },
{ "type": "Feature", "properties": { "NAME": "as sal", "LAYER": "Ket", "GM_TYPE": "Text", "ELEVATION": 0 }, "geometry": { "type": "Point", "coordinates": [ 771750.290935535915196, 8981733.549174243584275 ] } },
{ "type": "Feature", "properties": { "NAME": "as sal", "LAYER": "Ket", "GM_TYPE": "Text", "ELEVATION": 0 }, "geometry": { "type": "Point", "coordinates": [ 771747.309565200936049, 8981695.552802385762334 ] } },
{ "type": "Feature", "properties": { "NAME": "as sal", "LAYER": "Ket", "GM_TYPE": "Text", "ELEVATION": 0 }, "geometry": { "type": "Point", "coordinates": [ 771742.870872649014927, 8981632.353505125269294 ] } },
{ "type": "Feature", "properties": { "NAME": "as sal", "LAYER": "Ket", "GM_TYPE": "Text", "ELEVATION": 0 }, "geometry": { "type": "Point", "coordinates": [ 771744.830859570880421, 8981584.755884353071451 ] } },
{ "type": "Feature", "properties": { "NAME": "as sal", "LAYER": "Ket", "GM_TYPE": "Text", "ELEVATION": 0 }, "geometry": { "type": "Point", "coordinates": [ 771740.64659520611167, 8981514.756213283166289 ] } },
{ "type": "Feature", "properties": { "NAME": "as sal", "LAYER": "Ket", "GM_TYPE": "Text", "ELEVATION": 0 }, "geometry": { "type": "Point", "coordinates": [ 771737.708344492013566, 8981488.20257824473083 ] } },
{ "type": "Feature", "properties": { "NAME": "tp sl", "LAYER": "Ket", "GM_TYPE": "Text", "ELEVATION": 0 }, "geometry": { "type": "Point", "coordinates": [ 771692.922563729109243, 8980513.579973874613643 ] } },
{ "type": "Feature", "properties": { "NAME": "as sal", "LAYER": "Ket", "GM_TYPE": "Text", "ELEVATION": 0 }, "geometry": { "type": "Point", "coordinates": [ 771694.00372316094581, 8980512.987493494525552 ] } },
{ "type": "Feature", "properties": { "NAME": "as afur", "LAYER": "Ket", "GM_TYPE": "Text", "ELEVATION": 0 }, "geometry": { "type": "Point", "coordinates": [ 772102.006395024945959, 8980020.011967493221164 ] } },
{ "type": "Feature", "properties": { "NAME": "as afur", "LAYER": "Ket", "GM_TYPE": "Text", "ELEVATION": 0 }, "geometry": { "type": "Point", "coordinates": [ 771450.758413849049248, 8980227.297332033514977 ] } },
{ "type": "Feature", "properties": { "NAME": "as al", "LAYER": "Ket", "GM_TYPE": "Text", "ELEVATION": 0 }, "geometry": { "type": "Point", "coordinates": [ 771940.063695983029902, 8980835.86169820278883 ] } },
{ "type": "Feature", "properties": { "NAME": "as sl", "LAYER": "Ket", "GM_TYPE": "Text", "ELEVATION": 0 }, "geometry": { "type": "Point", "coordinates": [ 771596.252883551991545, 8981112.524114433676004 ] } },
{ "type": "Feature", "properties": { "NAME": "as sl", "LAYER": "Ket", "GM_TYPE": "Text", "ELEVATION": 0 }, "geometry": { "type": "Point", "coordinates": [ 771584.977566423127428, 8981134.105156473815441 ] } },
{ "type": "Feature", "properties": { "NAME": "as al", "LAYER": "Ket", "GM_TYPE": "Text", "ELEVATION": 0 }, "geometry": { "type": "Point", "coordinates": [ 771399.050754529074766, 8981214.689797123894095 ] } },
{ "type": "Feature", "properties": { "NAME": "as al", "LAYER": "Ket", "GM_TYPE": "Text", "ELEVATION": 0 }, "geometry": { "type": "Point", "coordinates": [ 771415.11858824105002, 8981279.656391516327858 ] } },
{ "type": "Feature", "properties": { "NAME": "as jln", "LAYER": "Ket", "GM_TYPE": "Text", "ELEVATION": 0 }, "geometry": { "type": "Point", "coordinates": [ 772615.773999012075365, 8982188.818694664165378 ] } },
{ "type": "Feature", "properties": { "NAME": "as jln", "LAYER": "Ket", "GM_TYPE": "Text", "ELEVATION": 0 }, "geometry": { "type": "Point", "coordinates": [ 772617.986585277947597, 8982238.474688805639744 ] } },
{ "type": "Feature", "properties": { "NAME": "as jln", "LAYER": "Ket", "GM_TYPE": "Text", "ELEVATION": 0 }, "geometry": { "type": "Point", "coordinates": [ 772620.440829745144583, 8982283.584902454167604 ] } },
{ "type": "Feature", "properties": { "NAME": "as jln", "LAYER": "Ket", "GM_TYPE": "Text", "ELEVATION": 0 }, "geometry": { "type": "Point", "coordinates": [ 772624.53456432314124, 8982346.835912365466356 ] } },
{ "type": "Feature", "properties": { "NAME": "as jln", "LAYER": "Ket", "GM_TYPE": "Text", "ELEVATION": 0 }, "geometry": { "type": "Point", "coordinates": [ 772629.48670031700749, 8982421.640698755159974 ] } },
{ "type": "Feature", "properties": { "NAME": "as jln", "LAYER": "Ket", "GM_TYPE": "Text", "ELEVATION": 0 }, "geometry": { "type": "Point", "coordinates": [ 772633.530993868014775, 8982495.138185074552894 ] } },
{ "type": "Feature", "properties": { "NAME": "as jln", "LAYER": "Ket", "GM_TYPE": "Text", "ELEVATION": 0 }, "geometry": { "type": "Point", "coordinates": [ 772522.745600600959733, 8982648.602822894230485 ] } },
{ "type": "Feature", "properties": { "NAME": "as jln", "LAYER": "Ket", "GM_TYPE": "Text", "ELEVATION": 0 }, "geometry": { "type": "Point", "coordinates": [ 772490.570972250890918, 8982650.361133335158229 ] } },
{ "type": "Feature", "properties": { "NAME": "as jln", "LAYER": "Ket", "GM_TYPE": "Text", "ELEVATION": 0 }, "geometry": { "type": "Point", "coordinates": [ 772410.863728913012892, 8982655.290934514254332 ] } },
{ "type": "Feature", "properties": { "NAME": "as jln", "LAYER": "Ket", "GM_TYPE": "Text", "ELEVATION": 0 }, "geometry": { "type": "Point", "coordinates": [ 772374.373058625147678, 8982657.478420732542872 ] } },
{ "type": "Feature", "properties": { "NAME": "as jln", "LAYER": "Ket", "GM_TYPE": "Text", "ELEVATION": 0 }, "geometry": { "type": "Point", "coordinates": [ 772349.107161794090644, 8982659.378890462219715 ] } },
{ "type": "Feature", "properties": { "NAME": "as jln", "LAYER": "Ket", "GM_TYPE": "Text", "ELEVATION": 0 }, "geometry": { "type": "Point", "coordinates": [ 772323.97429220599588, 8982661.062333514913917 ] } },
{ "type": "Feature", "properties": { "NAME": "as jln", "LAYER": "Ket", "GM_TYPE": "Text", "ELEVATION": 0 }, "geometry": { "type": "Point", "coordinates": [ 772311.72271622903645, 8982662.230434335768223 ] } },
{ "type": "Feature", "properties": { "NAME": "as jln", "LAYER": "Ket", "GM_TYPE": "Text", "ELEVATION": 0 }, "geometry": { "type": "Point", "coordinates": [ 772277.523531932849437, 8982664.82203209772706 ] } },
{ "type": "Feature", "properties": { "NAME": "as jln", "LAYER": "Ket", "GM_TYPE": "Text", "ELEVATION": 0 }, "geometry": { "type": "Point", "coordinates": [ 772437.396548671880737, 8982613.193846175447106 ] } },
{ "type": "Feature", "properties": { "NAME": "as jln", "LAYER": "Ket", "GM_TYPE": "Text", "ELEVATION": 0 }, "geometry": { "type": "Point", "coordinates": [ 772432.09628533211071, 8982515.138157164677978 ] } },
{ "type": "Feature", "properties": { "NAME": "as jln", "LAYER": "Ket", "GM_TYPE": "Text", "ELEVATION": 0 }, "geometry": { "type": "Point", "coordinates": [ 772429.435879637021571, 8982475.499264415353537 ] } },
{ "type": "Feature", "properties": { "NAME": "as jln", "LAYER": "Ket", "GM_TYPE": "Text", "ELEVATION": 0 }, "geometry": { "type": "Point", "coordinates": [ 772428.834611007012427, 8982460.201434994116426 ] } },
{ "type": "Feature", "properties": { "NAME": "as jln", "LAYER": "Ket", "GM_TYPE": "Text", "ELEVATION": 0 }, "geometry": { "type": "Point", "coordinates": [ 772427.160342250950634, 8982444.368367724120617 ] } },
{ "type": "Feature", "properties": { "NAME": "as jln", "LAYER": "Ket", "GM_TYPE": "Text", "ELEVATION": 0 }, "geometry": { "type": "Point", "coordinates": [ 772424.88246749911923, 8982414.632461775094271 ] } },
{ "type": "Feature", "properties": { "NAME": "as jln", "LAYER": "Ket", "GM_TYPE": "Text", "ELEVATION": 0 }, "geometry": { "type": "Point", "coordinates": [ 772423.568991078063846, 8982377.604134326800704 ] } },
{ "type": "Feature", "properties": { "NAME": "as jln", "LAYER": "Ket", "GM_TYPE": "Text", "ELEVATION": 0 }, "geometry": { "type": "Point", "coordinates": [ 772422.382294813054614, 8982355.300371756777167 ] } },
{ "type": "Feature", "properties": { "NAME": "as jln", "LAYER": "Ket", "GM_TYPE": "Text", "ELEVATION": 0 }, "geometry": { "type": "Point", "coordinates": [ 772184.971497200895101, 8982672.883893795311451 ] } },
{ "type": "Feature", "properties": { "NAME": "as jln", "LAYER": "Ket", "GM_TYPE": "Text", "ELEVATION": 0 }, "geometry": { "type": "Point", "coordinates": [ 772160.218437855946831, 8982675.084395015612245 ] } },
{ "type": "Feature", "properties": { "NAME": "as jln", "LAYER": "Ket", "GM_TYPE": "Text", "ELEVATION": 0 }, "geometry": { "type": "Point", "coordinates": [ 772123.395889565930702, 8982677.169924104586244 ] } },
{ "type": "Feature", "properties": { "NAME": "as jln", "LAYER": "Ket", "GM_TYPE": "Text", "ELEVATION": 0 }, "geometry": { "type": "Point", "coordinates": [ 772223.475004807114601, 8982604.88488088734448 ] } },
{ "type": "Feature", "properties": { "NAME": "as jln", "LAYER": "Ket", "GM_TYPE": "Text", "ELEVATION": 0 }, "geometry": { "type": "Point", "coordinates": [ 772223.547153785009868, 8982593.951975304633379 ] } },
{ "type": "Feature", "properties": { "NAME": "as jln", "LAYER": "Ket", "GM_TYPE": "Text", "ELEVATION": 0 }, "geometry": { "type": "Point", "coordinates": [ 772221.7102472379338, 8982561.812244944274426 ] } },
{ "type": "Feature", "properties": { "NAME": "as jln", "LAYER": "Ket", "GM_TYPE": "Text", "ELEVATION": 0 }, "geometry": { "type": "Point", "coordinates": [ 772219.408354587852955, 8982521.485212285071611 ] } },
{ "type": "Feature", "properties": { "NAME": "as jln", "LAYER": "Ket", "GM_TYPE": "Text", "ELEVATION": 0 }, "geometry": { "type": "Point", "coordinates": [ 772217.280257360893302, 8982480.482000604271889 ] } },
{ "type": "Feature", "properties": { "NAME": "as jln", "LAYER": "Ket", "GM_TYPE": "Text", "ELEVATION": 0 }, "geometry": { "type": "Point", "coordinates": [ 772214.837873400072567, 8982439.5137481354177 ] } },
{ "type": "Feature", "properties": { "NAME": "as jln", "LAYER": "Ket", "GM_TYPE": "Text", "ELEVATION": 0 }, "geometry": { "type": "Point", "coordinates": [ 772208.872589032049291, 8982324.330542085692286 ] } },
{ "type": "Feature", "properties": { "NAME": "as jln", "LAYER": "Ket", "GM_TYPE": "Text", "ELEVATION": 0 }, "geometry": { "type": "Point", "coordinates": [ 772206.618355416110717, 8982271.776878915727139 ] } },
{ "type": "Feature", "properties": { "NAME": "as jln", "LAYER": "Ket", "GM_TYPE": "Text", "ELEVATION": 0 }, "geometry": { "type": "Point", "coordinates": [ 772203.983325177920051, 8982230.059772316366434 ] } },
{ "type": "Feature", "properties": { "NAME": "as jln", "LAYER": "Ket", "GM_TYPE": "Text", "ELEVATION": 0 }, "geometry": { "type": "Point", "coordinates": [ 772202.32762819796335, 8982198.338338106870651 ] } },
{ "type": "Feature", "properties": { "NAME": "as jln", "LAYER": "Ket", "GM_TYPE": "Text", "ELEVATION": 0 }, "geometry": { "type": "Point", "coordinates": [ 772197.56410907395184, 8982112.99379082582891 ] } },
{ "type": "Feature", "properties": { "NAME": "as jln", "LAYER": "Ket", "GM_TYPE": "Text", "ELEVATION": 0 }, "geometry": { "type": "Point", "coordinates": [ 772196.267261174158193, 8982101.219134734943509 ] } },
{ "type": "Feature", "properties": { "NAME": "as jln", "LAYER": "Ket", "GM_TYPE": "Text", "ELEVATION": 0 }, "geometry": { "type": "Point", "coordinates": [ 772195.025437665055506, 8982078.048817295581102 ] } },
{ "type": "Feature", "properties": { "NAME": "as jln", "LAYER": "Ket", "GM_TYPE": "Text", "ELEVATION": 0 }, "geometry": { "type": "Point", "coordinates": [ 772193.400263709016144, 8982043.092909064143896 ] } },
{ "type": "Feature", "properties": { "NAME": "as jln", "LAYER": "Ket", "GM_TYPE": "Text", "ELEVATION": 0 }, "geometry": { "type": "Point", "coordinates": [ 772190.447750737890601, 8981995.492582144215703 ] } },
{ "type": "Feature", "properties": { "NAME": "as jln", "LAYER": "Ket", "GM_TYPE": "Text", "ELEVATION": 0 }, "geometry": { "type": "Point", "coordinates": [ 772243.891919731977396, 8981942.848496347665787 ] } },
{ "type": "Feature", "properties": { "NAME": "as jln", "LAYER": "Ket", "GM_TYPE": "Text", "ELEVATION": 0 }, "geometry": { "type": "Point", "coordinates": [ 772185.226935443002731, 8981915.172904204577208 ] } },
{ "type": "Feature", "properties": { "NAME": "as jln", "LAYER": "Ket", "GM_TYPE": "Text", "ELEVATION": 0 }, "geometry": { "type": "Point", "coordinates": [ 772183.872280066949315, 8981877.643218614161015 ] } },
{ "type": "Feature", "properties": { "NAME": "as jln", "LAYER": "Ket", "GM_TYPE": "Text", "ELEVATION": 0 }, "geometry": { "type": "Point", "coordinates": [ 772182.151085149147548, 8981848.068355264142156 ] } },
{ "type": "Feature", "properties": { "NAME": "as jln", "LAYER": "Ket", "GM_TYPE": "Text", "ELEVATION": 0 }, "geometry": { "type": "Point", "coordinates": [ 772180.273402627091855, 8981799.437850307673216 ] } },
{ "type": "Feature", "properties": { "NAME": "as jln", "LAYER": "Ket", "GM_TYPE": "Text", "ELEVATION": 0 }, "geometry": { "type": "Point", "coordinates": [ 772210.439636422204785, 8981736.988132514059544 ] } },
{ "type": "Feature", "properties": { "NAME": "as jln", "LAYER": "Ket", "GM_TYPE": "Text", "ELEVATION": 0 }, "geometry": { "type": "Point", "coordinates": [ 772232.779702269006521, 8981734.669541405513883 ] } },
{ "type": "Feature", "properties": { "NAME": "as jln", "LAYER": "Ket", "GM_TYPE": "Text", "ELEVATION": 0 }, "geometry": { "type": "Point", "coordinates": [ 772252.578414319083095, 8981733.214976174756885 ] } },
{ "type": "Feature", "properties": { "NAME": "as jln", "LAYER": "Ket", "GM_TYPE": "Text", "ELEVATION": 0 }, "geometry": { "type": "Point", "coordinates": [ 772259.676473842118867, 8981732.687470583245158 ] } },
{ "type": "Feature", "properties": { "NAME": "as jln", "LAYER": "Ket", "GM_TYPE": "Text", "ELEVATION": 0 }, "geometry": { "type": "Point", "coordinates": [ 772175.125620675971732, 8981687.930444825440645 ] } },
{ "type": "Feature", "properties": { "NAME": "as jln", "LAYER": "Ket", "GM_TYPE": "Text", "ELEVATION": 0 }, "geometry": { "type": "Point", "coordinates": [ 772173.734519059071317, 8981665.783379264175892 ] } },
{ "type": "Feature", "properties": { "NAME": "as jln", "LAYER": "Ket", "GM_TYPE": "Text", "ELEVATION": 0 }, "geometry": { "type": "Point", "coordinates": [ 772172.181599414092489, 8981633.53230576403439 ] } },
{ "type": "Feature", "properties": { "NAME": "as jln", "LAYER": "Ket", "GM_TYPE": "Text", "ELEVATION": 0 }, "geometry": { "type": "Point", "coordinates": [ 772169.831511042197235, 8981595.252053115516901 ] } },
{ "type": "Feature", "properties": { "NAME": "as jln", "LAYER": "Ket", "GM_TYPE": "Text", "ELEVATION": 0 }, "geometry": { "type": "Point", "coordinates": [ 772167.633519414113835, 8981551.561805844306946 ] } },
{ "type": "Feature", "properties": { "NAME": "as jln", "LAYER": "Ket", "GM_TYPE": "Text", "ELEVATION": 0 }, "geometry": { "type": "Point", "coordinates": [ 772165.932235644082539, 8981530.32689768448472 ] } },
{ "type": "Feature", "properties": { "NAME": "as jln", "LAYER": "Ket", "GM_TYPE": "Text", "ELEVATION": 0 }, "geometry": { "type": "Point", "coordinates": [ 772226.447140385978855, 8981527.515397353097796 ] } },
{ "type": "Feature", "properties": { "NAME": "as jln", "LAYER": "Ket", "GM_TYPE": "Text", "ELEVATION": 0 }, "geometry": { "type": "Point", "coordinates": [ 772246.253545537940226, 8981526.43092299439013 ] } },
{ "type": "Feature", "properties": { "NAME": "as jln", "LAYER": "Ket", "GM_TYPE": "Text", "ELEVATION": 0 }, "geometry": { "type": "Point", "coordinates": [ 772283.472108484944329, 8981524.640722246840596 ] } },
{ "type": "Feature", "properties": { "NAME": "as jln", "LAYER": "Ket", "GM_TYPE": "Text", "ELEVATION": 0 }, "geometry": { "type": "Point", "coordinates": [ 772162.503206120920368, 8981462.322628954425454 ] } },
{ "type": "Feature", "properties": { "NAME": "as jln", "LAYER": "Ket", "GM_TYPE": "Text", "ELEVATION": 0 }, "geometry": { "type": "Point", "coordinates": [ 772160.828566299052909, 8981430.418254984542727 ] } },
{ "type": "Feature", "properties": { "NAME": "as jln", "LAYER": "Ket", "GM_TYPE": "Text", "ELEVATION": 0 }, "geometry": { "type": "Point", "coordinates": [ 772189.203957622870803, 8981318.028635885566473 ] } },
{ "type": "Feature", "properties": { "NAME": "as jln", "LAYER": "Ket", "GM_TYPE": "Text", "ELEVATION": 0 }, "geometry": { "type": "Point", "coordinates": [ 772217.344797280966304, 8981317.266285445541143 ] } },
{ "type": "Feature", "properties": { "NAME": "as jln", "LAYER": "Ket", "GM_TYPE": "Text", "ELEVATION": 0 }, "geometry": { "type": "Point", "coordinates": [ 772252.863795474055223, 8981315.243694694712758 ] } },
{ "type": "Feature", "properties": { "NAME": "as jln", "LAYER": "Ket", "GM_TYPE": "Text", "ELEVATION": 0 }, "geometry": { "type": "Point", "coordinates": [ 772288.480142942164093, 8981313.505850285291672 ] } },
{ "type": "Feature", "properties": { "NAME": "as jln", "LAYER": "Ket", "GM_TYPE": "Text", "ELEVATION": 0 }, "geometry": { "type": "Point", "coordinates": [ 772326.523190502077341, 8981312.253951635211706 ] } },
{ "type": "Feature", "properties": { "NAME": "as sal", "LAYER": "Ket", "GM_TYPE": "Text", "ELEVATION": 0 }, "geometry": { "type": "Point", "coordinates": [ 772878.245129914954305, 8983479.107660664245486 ] } },
{ "type": "Feature", "properties": { "NAME": "tgl", "LAYER": "Ket", "GM_TYPE": "Text", "ELEVATION": 0 }, "geometry": { "type": "Point", "coordinates": [ 772845.418901161989197, 8983467.281366094946861 ] } },
{ "type": "Feature", "properties": { "NAME": "as sal", "LAYER": "Ket", "GM_TYPE": "Text", "ELEVATION": 0 }, "geometry": { "type": "Point", "coordinates": [ 772824.296362144057639, 8983465.176333205774426 ] } },
{ "type": "Feature", "properties": { "NAME": "as sal", "LAYER": "Ket", "GM_TYPE": "Text", "ELEVATION": 0 }, "geometry": { "type": "Point", "coordinates": [ 772814.868802867131308, 8983367.303323673084378 ] } },
{ "type": "Feature", "properties": { "NAME": "as sal", "LAYER": "Ket", "GM_TYPE": "Text", "ELEVATION": 0 }, "geometry": { "type": "Point", "coordinates": [ 772811.344991512945853, 8983333.491442803293467 ] } },
{ "type": "Feature", "properties": { "NAME": "as sal", "LAYER": "Ket", "GM_TYPE": "Text", "ELEVATION": 0 }, "geometry": { "type": "Point", "coordinates": [ 772810.321835262933746, 8983316.090163504704833 ] } },
{ "type": "Feature", "properties": { "NAME": "as sal", "LAYER": "Ket", "GM_TYPE": "Text", "ELEVATION": 0 }, "geometry": { "type": "Point", "coordinates": [ 772807.83556978800334, 8983270.630280323326588 ] } },
{ "type": "Feature", "properties": { "NAME": "as sal", "LAYER": "Ket", "GM_TYPE": "Text", "ELEVATION": 0 }, "geometry": { "type": "Point", "coordinates": [ 772807.366452795919031, 8983258.638295954093337 ] } },
{ "type": "Feature", "properties": { "NAME": "as sal", "LAYER": "Ket", "GM_TYPE": "Text", "ELEVATION": 0 }, "geometry": { "type": "Point", "coordinates": [ 772804.681050859042443, 8983224.202304385602474 ] } },
{ "type": "Feature", "properties": { "NAME": "as sal", "LAYER": "Ket", "GM_TYPE": "Text", "ELEVATION": 0 }, "geometry": { "type": "Point", "coordinates": [ 772799.066683776094578, 8983175.395501164719462 ] } },
{ "type": "Feature", "properties": { "NAME": "as sal", "LAYER": "Ket", "GM_TYPE": "Text", "ELEVATION": 0 }, "geometry": { "type": "Point", "coordinates": [ 772802.392495461041108, 8983205.902582544833422 ] } },
{ "type": "Feature", "properties": { "NAME": "as sal", "LAYER": "Ket", "GM_TYPE": "Text", "ELEVATION": 0 }, "geometry": { "type": "Point", "coordinates": [ 772799.673988634021953, 8983175.457251284271479 ] } },
{ "type": "Feature", "properties": { "NAME": "as sal", "LAYER": "Ket", "GM_TYPE": "Text", "ELEVATION": 0 }, "geometry": { "type": "Point", "coordinates": [ 772802.668399005895481, 8983206.083426335826516 ] } },
{ "type": "Feature", "properties": { "NAME": "as sal", "LAYER": "Ket", "GM_TYPE": "Text", "ELEVATION": 0 }, "geometry": { "type": "Point", "coordinates": [ 772809.538910050876439, 8983236.882123505696654 ] } },
{ "type": "Feature", "properties": { "NAME": "as sal", "LAYER": "Ket", "GM_TYPE": "Text", "ELEVATION": 0 }, "geometry": { "type": "Point", "coordinates": [ 772840.382066242978908, 8983234.388111304491758 ] } },
{ "type": "Feature", "properties": { "NAME": "as sal", "LAYER": "Ket", "GM_TYPE": "Text", "ELEVATION": 0 }, "geometry": { "type": "Point", "coordinates": [ 772872.774542785948142, 8983232.376902325078845 ] } },
{ "type": "Feature", "properties": { "NAME": "as sal", "LAYER": "Ket", "GM_TYPE": "Text", "ELEVATION": 0 }, "geometry": { "type": "Point", "coordinates": [ 772880.843569259042852, 8983280.991204634308815 ] } },
{ "type": "Feature", "properties": { "NAME": "as sal", "LAYER": "Ket", "GM_TYPE": "Text", "ELEVATION": 0 }, "geometry": { "type": "Point", "coordinates": [ 772882.710743534029461, 8983330.237148024141788 ] } },
{ "type": "Feature", "properties": { "NAME": "as sal", "LAYER": "Ket", "GM_TYPE": "Text", "ELEVATION": 0 }, "geometry": { "type": "Point", "coordinates": [ 772840.739503925899044, 8983334.56583920493722 ] } },
{ "type": "Feature", "properties": { "NAME": "as sal", "LAYER": "Ket", "GM_TYPE": "Text", "ELEVATION": 0 }, "geometry": { "type": "Point", "coordinates": [ 772781.373882354120724, 8983338.721168335527182 ] } },
{ "type": "Feature", "properties": { "NAME": "as sal", "LAYER": "Ket", "GM_TYPE": "Text", "ELEVATION": 0 }, "geometry": { "type": "Point", "coordinates": [ 772741.895689310971648, 8983341.524763554334641 ] } },
{ "type": "Feature", "properties": { "NAME": "as sal", "LAYER": "Ket", "GM_TYPE": "Text", "ELEVATION": 0 }, "geometry": { "type": "Point", "coordinates": [ 772708.849694484961219, 8983343.384337747469544 ] } },
{ "type": "Feature", "properties": { "NAME": "as sal", "LAYER": "Ket", "GM_TYPE": "Text", "ELEVATION": 0 }, "geometry": { "type": "Point", "coordinates": [ 772873.294014030951075, 8983181.43660612590611 ] } },
{ "type": "Feature", "properties": { "NAME": "as sal", "LAYER": "Ket", "GM_TYPE": "Text", "ELEVATION": 0 }, "geometry": { "type": "Point", "coordinates": [ 772777.776328177074902, 8983137.690401235595345 ] } },
{ "type": "Feature", "properties": { "NAME": "as sal", "LAYER": "Ket", "GM_TYPE": "Text", "ELEVATION": 0 }, "geometry": { "type": "Point", "coordinates": [ 772688.260835136985406, 8983145.970968384295702 ] } },
{ "type": "Feature", "properties": { "NAME": "as sal", "LAYER": "Ket", "GM_TYPE": "Text", "ELEVATION": 0 }, "geometry": { "type": "Point", "coordinates": [ 772699.799645937979221, 8983043.782391814514995 ] } },
{ "type": "Feature", "properties": { "NAME": "as sal", "LAYER": "Ket", "GM_TYPE": "Text", "ELEVATION": 0 }, "geometry": { "type": "Point", "coordinates": [ 772759.672504910035059, 8983039.353285143151879 ] } },
{ "type": "Feature", "properties": { "NAME": "as sal", "LAYER": "Ket", "GM_TYPE": "Text", "ELEVATION": 0 }, "geometry": { "type": "Point", "coordinates": [ 772824.667295772931539, 8983034.952748354524374 ] } },
{ "type": "Feature", "properties": { "NAME": "as sal", "LAYER": "Ket", "GM_TYPE": "Text", "ELEVATION": 0 }, "geometry": { "type": "Point", "coordinates": [ 772866.410219436860643, 8983032.137205235660076 ] } },
{ "type": "Feature", "properties": { "NAME": "as sal", "LAYER": "Ket", "GM_TYPE": "Text", "ELEVATION": 0 }, "geometry": { "type": "Point", "coordinates": [ 772804.677808145992458, 8983135.417922975495458 ] } },
{ "type": "Feature", "properties": { "NAME": "as sal", "LAYER": "Ket", "GM_TYPE": "Text", "ELEVATION": 0 }, "geometry": { "type": "Point", "coordinates": [ 772633.788125517079607, 8982844.85072473436594 ] } },
{ "type": "Feature", "properties": { "NAME": "as sal", "LAYER": "Ket", "GM_TYPE": "Text", "ELEVATION": 0 }, "geometry": { "type": "Point", "coordinates": [ 772674.362645720946603, 8982844.730992265045643 ] } },
{ "type": "Feature", "properties": { "NAME": "as sal", "LAYER": "Ket", "GM_TYPE": "Text", "ELEVATION": 0 }, "geometry": { "type": "Point", "coordinates": [ 772708.967962843133137, 8982842.314814675599337 ] } },
{ "type": "Feature", "properties": { "NAME": "as sal", "LAYER": "Ket", "GM_TYPE": "Text", "ELEVATION": 0 }, "geometry": { "type": "Point", "coordinates": [ 772763.789490687078796, 8982838.434006167575717 ] } },
{ "type": "Feature", "properties": { "NAME": "as sal", "LAYER": "Ket", "GM_TYPE": "Text", "ELEVATION": 0 }, "geometry": { "type": "Point", "coordinates": [ 772797.011041307938285, 8982836.4403873141855 ] } },
{ "type": "Feature", "properties": { "NAME": "as sal", "LAYER": "Ket", "GM_TYPE": "Text", "ELEVATION": 0 }, "geometry": { "type": "Point", "coordinates": [ 772858.337778650107794, 8982831.538562094792724 ] } },
{ "type": "Feature", "properties": { "NAME": "tgl", "LAYER": "Ket", "GM_TYPE": "Text", "ELEVATION": 0 }, "geometry": { "type": "Point", "coordinates": [ 772631.851149779045954, 8982647.624041065573692 ] } },
{ "type": "Feature", "properties": { "NAME": "tgl", "LAYER": "Ket", "GM_TYPE": "Text", "ELEVATION": 0 }, "geometry": { "type": "Point", "coordinates": [ 772631.700687434989959, 8982645.984546955674887 ] } },
{ "type": "Feature", "properties": { "NAME": "000000A", "LAYER": "Ket", "GM_TYPE": "Text", "ELEVATION": 0 }, "geometry": { "type": "Point", "coordinates": [ 772631.621425067191012, 8982645.599356364458799 ] } },
{ "type": "Feature", "properties": { "NAME": "as sal", "LAYER": "Ket", "GM_TYPE": "Text", "ELEVATION": 0 }, "geometry": { "type": "Point", "coordinates": [ 772631.285587457125075, 8982644.576900437474251 ] } },
{ "type": "Feature", "properties": { "NAME": "as sal", "LAYER": "Ket", "GM_TYPE": "Text", "ELEVATION": 0 }, "geometry": { "type": "Point", "coordinates": [ 772621.070625507971272, 8982658.37787408567965 ] } },
{ "type": "Feature", "properties": { "NAME": "as sal", "LAYER": "Ket", "GM_TYPE": "Text", "ELEVATION": 0 }, "geometry": { "type": "Point", "coordinates": [ 772624.06549419905059, 8982695.367407275363803 ] } },
{ "type": "Feature", "properties": { "NAME": "as sal", "LAYER": "Ket", "GM_TYPE": "Text", "ELEVATION": 0 }, "geometry": { "type": "Point", "coordinates": [ 772627.137801776989363, 8982739.377663625404239 ] } },
{ "type": "Feature", "properties": { "NAME": "as sal", "LAYER": "Ket", "GM_TYPE": "Text", "ELEVATION": 0 }, "geometry": { "type": "Point", "coordinates": [ 772629.754989879205823, 8982780.483955835923553 ] } },
{ "type": "Feature", "properties": { "NAME": "as sal", "LAYER": "Ket", "GM_TYPE": "Text", "ELEVATION": 0 }, "geometry": { "type": "Point", "coordinates": [ 772633.046574566978961, 8982828.899237874895334 ] } },
{ "type": "Feature", "properties": { "NAME": "as sal", "LAYER": "Ket", "GM_TYPE": "Text", "ELEVATION": 0 }, "geometry": { "type": "Point", "coordinates": [ 772635.090959274210036, 8982862.109496094286442 ] } },
{ "type": "Feature", "properties": { "NAME": "as sal", "LAYER": "Ket", "GM_TYPE": "Text", "ELEVATION": 0 }, "geometry": { "type": "Point", "coordinates": [ 772562.750766391051002, 8982902.178060945123434 ] } },
{ "type": "Feature", "properties": { "NAME": "as sal", "LAYER": "Ket", "GM_TYPE": "Text", "ELEVATION": 0 }, "geometry": { "type": "Point", "coordinates": [ 772559.75234937784262, 8982854.988614685833454 ] } },
{ "type": "Feature", "properties": { "NAME": "as sal", "LAYER": "Ket", "GM_TYPE": "Text", "ELEVATION": 0 }, "geometry": { "type": "Point", "coordinates": [ 772557.49199451005552, 8982822.744743032380939 ] } },
{ "type": "Feature", "properties": { "NAME": "as sal", "LAYER": "Ket", "GM_TYPE": "Text", "ELEVATION": 0 }, "geometry": { "type": "Point", "coordinates": [ 772554.791715065948665, 8982780.174632804468274 ] } },
{ "type": "Feature", "properties": { "NAME": "as sal", "LAYER": "Ket", "GM_TYPE": "Text", "ELEVATION": 0 }, "geometry": { "type": "Point", "coordinates": [ 772551.797653752146289, 8982739.148805625736713 ] } },
{ "type": "Feature", "properties": { "NAME": "as sal", "LAYER": "Ket", "GM_TYPE": "Text", "ELEVATION": 0 }, "geometry": { "type": "Point", "coordinates": [ 772549.41970967897214, 8982703.255172925069928 ] } },
{ "type": "Feature", "properties": { "NAME": "as sal", "LAYER": "Ket", "GM_TYPE": "Text", "ELEVATION": 0 }, "geometry": { "type": "Point", "coordinates": [ 772546.52661863702815, 8982659.656374115496874 ] } },
{ "type": "Feature", "properties": { "NAME": "as sal", "LAYER": "Ket", "GM_TYPE": "Text", "ELEVATION": 0 }, "geometry": { "type": "Point", "coordinates": [ 772489.237026417977177, 8982653.772534748539329 ] } },
{ "type": "Feature", "properties": { "NAME": "as sal", "LAYER": "Ket", "GM_TYPE": "Text", "ELEVATION": 0 }, "geometry": { "type": "Point", "coordinates": [ 772424.163144922116771, 8982657.943553235381842 ] } },
{ "type": "Feature", "properties": { "NAME": "as sal", "LAYER": "Ket", "GM_TYPE": "Text", "ELEVATION": 0 }, "geometry": { "type": "Point", "coordinates": [ 772400.576722129946575, 8982722.730736954137683 ] } },
{ "type": "Feature", "properties": { "NAME": "as sal", "LAYER": "Ket", "GM_TYPE": "Text", "ELEVATION": 0 }, "geometry": { "type": "Point", "coordinates": [ 772404.281391947995871, 8982764.012138862162828 ] } },
{ "type": "Feature", "properties": { "NAME": "as sal", "LAYER": "Ket", "GM_TYPE": "Text", "ELEVATION": 0 }, "geometry": { "type": "Point", "coordinates": [ 772405.884397575980984, 8982802.710719965398312 ] } },
{ "type": "Feature", "properties": { "NAME": "as sal", "LAYER": "Ket", "GM_TYPE": "Text", "ELEVATION": 0 }, "geometry": { "type": "Point", "coordinates": [ 772409.617974627180956, 8982841.174372345209122 ] } },
{ "type": "Feature", "properties": { "NAME": "as sal", "LAYER": "Ket", "GM_TYPE": "Text", "ELEVATION": 0 }, "geometry": { "type": "Point", "coordinates": [ 772412.497448690119199, 8982880.620750594884157 ] } },
{ "type": "Feature", "properties": { "NAME": "as sal", "LAYER": "Ket", "GM_TYPE": "Text", "ELEVATION": 0 }, "geometry": { "type": "Point", "coordinates": [ 772462.695229110890068, 8982891.877136142924428 ] } },
{ "type": "Feature", "properties": { "NAME": "as sal", "LAYER": "Ket", "GM_TYPE": "Text", "ELEVATION": 0 }, "geometry": { "type": "Point", "coordinates": [ 772445.611569448141381, 8982859.105940915644169 ] } },
{ "type": "Feature", "properties": { "NAME": "as sal", "LAYER": "Ket", "GM_TYPE": "Text", "ELEVATION": 0 }, "geometry": { "type": "Point", "coordinates": [ 772445.60695120098535, 8982858.555622704327106 ] } },
{ "type": "Feature", "properties": { "NAME": "as sal", "LAYER": "Ket", "GM_TYPE": "Text", "ELEVATION": 0 }, "geometry": { "type": "Point", "coordinates": [ 772480.215223907958716, 8982792.269372325390577 ] } },
{ "type": "Feature", "properties": { "NAME": "as sal", "LAYER": "Ket", "GM_TYPE": "Text", "ELEVATION": 0 }, "geometry": { "type": "Point", "coordinates": [ 772477.639658397063613, 8982759.145542243495584 ] } },
{ "type": "Feature", "properties": { "NAME": "as sal", "LAYER": "Ket", "GM_TYPE": "Text", "ELEVATION": 0 }, "geometry": { "type": "Point", "coordinates": [ 772475.412482025916688, 8982721.662704227492213 ] } },
{ "type": "Feature", "properties": { "NAME": "as sal", "LAYER": "Ket", "GM_TYPE": "Text", "ELEVATION": 0 }, "geometry": { "type": "Point", "coordinates": [ 772472.22500934812706, 8982671.463721614331007 ] } }
]
}
