{
"type": "FeatureCollection",
"name": "09_oe_li_desainpembuang",
"crs": { "type": "name", "properties": { "name": "urn:ogc:def:crs:EPSG::32751" } },
"features": [
{ "type": "Feature", "properties": { "LAYER": "DESAIN PEMBUANG", "GM_TYPE": "Unknown Line Type", "ELEVATION": 0 }, "geometry": { "type": "MultiLineString", "coordinates": [ [ [ 776353.141620643553324, 8982468.892114844173193 ], [ 777625.562405858188868, 8981631.713426424190402 ] ] ] } },
{ "type": "Feature", "properties": { "LAYER": "DESAIN PEMBUANG", "GM_TYPE": "Unknown Line Type", "ELEVATION": 0 }, "geometry": { "type": "MultiLineString", "coordinates": [ [ [ 775651.815204917918891, 8983477.188264759257436 ], [ 775560.112323972745799, 8983205.477084923535585 ], [ 775559.893170758965425, 8983204.820247832685709 ], [ 775559.678570927702822, 8983204.161909010261297 ], [ 775559.468534767394885, 8983203.502100018784404 ], [ 775559.263072349247523, 8983202.840852495282888 ], [ 775559.062193521298468, 8983202.178198143839836 ], [ 775558.865907919360325, 8983201.514168733730912 ], [ 775558.674224951071665, 8983200.848796106874943 ], [ 775558.487153809051961, 8983200.182112162932754 ], [ 775558.304703462403268, 8983199.514148866757751 ], [ 775558.126882656710222, 8983198.844938246533275 ], [ 775557.953699920326471, 8983198.174512386322021 ], [ 775557.78516355715692, 8983197.502903433516622 ], [ 775557.621281645726413, 8983196.830143585801125 ], [ 775557.462062044534832, 8983196.156265100464225 ], [ 775557.307512387284078, 8983195.481300288811326 ], [ 775557.157640085206367, 8983194.805281512439251 ], [ 775557.012452323455364, 8983194.128241183236241 ], [ 775556.871956062037498, 8983193.450211763381958 ], [ 775556.736158037791029, 8983192.77122576162219 ], [ 775556.605064764618874, 8983192.091315733268857 ], [ 775556.478682523360476, 8983191.410514276474714 ], [ 775556.357017376809381, 8983190.728854034096003 ], [ 775556.240075156791136, 8983190.046367689967155 ], [ 775556.127861470915377, 8983189.363087965175509 ], [ 775556.020381700480357, 8983188.679047621786594 ], [ 775555.917640995816328, 8983187.994279455393553 ], [ 775555.81964428559877, 8983187.30881629884243 ], [ 775555.726396266836673, 8983186.622691018506885 ], [ 775555.637901411741041, 8983185.935936510562897 ], [ 775555.554163963650353, 8983185.248585702851415 ], [ 775555.475187935051508, 8983184.560671551153064 ], [ 775555.400977113400586, 8983183.872227037325501 ], [ 775555.331535058561713, 8983183.183285171166062 ], [ 775555.266865098848939, 8983182.493878984823823 ], [ 775555.206970333936624, 8983181.804041532799602 ], [ 775555.15185363846831, 8983181.113805890083313 ], [ 775555.101517651695758, 8983180.423205150291324 ], [ 775555.055964789236896, 8983179.732272425666451 ], [ 775555.015197235392407, 8983179.041040843352675 ], [ 775554.979216943029314, 8983178.349543545395136 ], [ 775554.948025638004765, 8983177.657813688740134 ], [ 775554.921624815440737, 8983176.965884435921907 ], [ 775554.900015743100084, 8983176.273788964375854 ], [ 775554.88319945463445, 8983175.581560457125306 ], [ 775554.871176757733338, 8983174.889232104644179 ], [ 775554.863948228652589, 8983174.196837101131678 ], [ 775554.861514212563634, 8983173.504408642649651 ], [ 775554.863874828442931, 8983172.811979930847883 ], [ 775554.871029963018373, 8983172.11958416365087 ], [ 775554.882979270420037, 8983171.427254540845752 ], [ 775554.89972218091134, 8983170.735024254769087 ], [ 775554.921257888898253, 8983170.04292649589479 ], [ 775554.947585364570841, 8983169.350994449108839 ], [ 775554.978703345055692, 8983168.659261289983988 ], [ 775555.014610336511396, 8983167.967760182917118 ], [ 775555.055304618435912, 8983167.276524282991886 ], [ 775555.100784240406938, 8983166.585586734116077 ], [ 775555.151047021034174, 8983165.894980661571026 ], [ 775555.20609054970555, 8983165.204739179462194 ], [ 775555.265912189031951, 8983164.51489538140595 ], [ 775555.330509070423432, 8983163.825482344254851 ], [ 775555.399878095602617, 8983163.136533120647073 ], [ 775555.474015939049423, 8983162.448080746456981 ], [ 775555.552919045323506, 8983161.760158225893974 ], [ 775555.636583634302951, 8983161.072798546403646 ], [ 775555.72500569128897, 8983160.386034661903977 ], [ 775555.818180976319127, 8983159.69989949837327 ], [ 775555.916105026262812, 8983159.014425959438086 ], [ 775556.018773142946884, 8983158.329646905884147 ], [ 775556.126180402818136, 8983157.645595172420144 ], [ 775556.238321658340283, 8983156.962303556501865 ], [ 775556.355191532173194, 8983156.27980482019484 ], [ 775556.476784420898184, 8983155.598131684586406 ], [ 775556.603094493504614, 8983154.91731683537364 ], [ 775556.734115695697255, 8983154.237392915412784 ], [ 775556.869841743260622, 8983153.558392522856593 ], [ 775557.01026613113936, 8983152.880348213016987 ], [ 775557.155382123426534, 8983152.203292498365045 ], [ 775557.30518276616931, 8983151.527257837355137 ], [ 775557.459660873864777, 8983150.852276647463441 ], [ 775557.618809041916393, 8983150.178381288424134 ], [ 775557.782619637087919, 8983149.505604073405266 ], [ 775557.951084807747975, 8983148.833977257832885 ], [ 775558.124196476419456, 8983148.163533043116331 ], [ 775558.301946341292933, 8983147.494303576648235 ], [ 775558.484325882280245, 8983146.826320944353938 ], [ 775558.671326352632605, 8983146.15961717441678 ], [ 775558.862938788370229, 8983145.494224231690168 ], [ 775559.05915400153026, 8983144.830174019560218 ], [ 775559.259962583775632, 8983144.16749837808311 ], [ 775559.465354907908477, 8983143.506229078397155 ], [ 775559.675321125541814, 8983142.846397826448083 ], [ 775559.889851169660687, 8983142.188036259263754 ], [ 775560.108934755437076, 8983141.531175941228867 ], [ 775560.3325613765046, 8983140.875848369672894 ], [ 775560.560720313340425, 8983140.22208496183157 ], [ 775560.793400623952039, 8983139.569917064160109 ], [ 775561.030591154005378, 8983138.919375946745276 ], [ 775561.272280531469733, 8983138.270492799580097 ], [ 775561.518457165337168, 8983137.623298734426498 ], [ 775561.769109255401418, 8983136.977824781090021 ], [ 775562.024224781547673, 8983136.334101889282465 ], [ 775562.283791515277699, 8983135.692160923033953 ], [ 775562.547797007253394, 8983135.052032658830285 ], [ 775562.816228602430783, 8983134.413747791200876 ], [ 775563.089073428185657, 8983133.777336921542883 ], [ 775563.366318404790945, 8983133.142830565571785 ], [ 775563.647950237500481, 8983132.51025914400816 ], [ 775563.933955424232408, 8983131.879652986302972 ], [ 775564.224320252076723, 8983131.251042326912284 ], [ 775564.519030799739994, 8983130.624457307159901 ], [ 775564.818072934402153, 8983129.999927967786789 ], [ 775565.121432319399901, 8983129.377484254539013 ], [ 775565.429094412829727, 8983128.757156010717154 ], [ 775565.741044458933175, 8983128.138972977176309 ], [ 775566.057267501601018, 8983127.522964796051383 ], [ 775566.377748382161371, 8983126.909160999581218 ], [ 775566.702471731696278, 8983126.297591021284461 ], [ 775567.031421981984749, 8983125.688284181058407 ], [ 775567.364583360496908, 8983125.081269692629576 ], [ 775567.701939894235693, 8983124.476576659828424 ], [ 775568.04347540892195, 8983123.874234078451991 ], [ 775568.389173527364619, 8983123.274270825088024 ], [ 775568.739017675165087, 8983122.676715668290854 ], [ 775569.092991079436615, 8983122.081597257405519 ], [ 775569.451076767873019, 8983121.488944128155708 ], [ 775569.813257570378482, 8983120.898784691467881 ], [ 775570.179516123491339, 8983120.311147248372436 ], [ 775570.54983486700803, 8983119.726059969514608 ], [ 775570.924196043168195, 8983119.143550911918283 ], [ 775571.302581705036573, 8983118.56364800222218 ], [ 775571.684973707539029, 8983117.986379044130445 ], [ 775572.071353719220497, 8983117.411771718412638 ], [ 775572.461703214445151, 8983116.839853571727872 ], [ 775572.856003475375473, 8983116.270652027800679 ], [ 775573.254235598025844, 8983115.704194376245141 ], [ 775573.656380488770083, 8983115.140507780015469 ], [ 775574.062418865039945, 8983114.579619260504842 ], [ 775574.472331261029467, 8983114.021555714309216 ], [ 775574.886098021059297, 8983113.466343898326159 ], [ 775575.303699307143688, 8983112.914010429754853 ], [ 775575.725115095614456, 8983112.364581793546677 ], [ 775576.150325183523819, 8983111.818084333091974 ], [ 775576.579309182823636, 8983111.27454425022006 ], [ 775577.012046523625031, 8983110.733987605199218 ], [ 775577.448516460834071, 8983110.196440316736698 ], [ 775577.88869806448929, 8983109.661928156390786 ], [ 775578.332570230704732, 8983109.13047675229609 ], [ 775578.780111678293906, 8983108.602111589163542 ], [ 775579.231300947954878, 8983108.076857997104526 ], [ 775579.686116405646317, 8983107.554741159081459 ], [ 775580.144536247127689, 8983107.035786110907793 ], [ 775580.606538492720574, 8983106.520017733797431 ], [ 775581.07210098952055, 8983106.007460756227374 ], [ 775581.541201417334378, 8983105.498139753937721 ], [ 775582.013817281927913, 8983104.992079148069024 ], [ 775582.489925925736316, 8983104.489303201436996 ], [ 775582.969504520180635, 8983103.989836018532515 ], [ 775583.45253007079009, 8983103.493701551109552 ], [ 775583.938979419530369, 8983103.00092358328402 ], [ 775584.428829239914194, 8983102.511525742709637 ], [ 775584.922056050039828, 8983102.025531496852636 ], [ 775585.418636198504828, 8983101.542964143678546 ], [ 775585.918545875581913, 8983101.063846820965409 ], [ 775586.421761113917455, 8983100.588202504441142 ], [ 775586.928257786436006, 8983100.116053994745016 ], [ 775587.438011607620865, 8983099.64742393232882 ], [ 775587.950998136890121, 8983099.18233478628099 ], [ 775588.467192777316086, 8983098.720808854326606 ], [ 775588.986570781795308, 8983098.262868266552687 ], [ 775589.509107247344218, 8983097.808534977957606 ], [ 775590.0347771178931, 8983097.357830772176385 ], [ 775590.563555191736668, 8983096.910777261480689 ], [ 775591.095416116062552, 8983096.467395879328251 ], [ 775591.630334388115443, 8983096.027707880362868 ], [ 775592.168284363928251, 8983095.591734351590276 ], [ 775592.70924024656415, 8983095.159496193751693 ], [ 775593.253176102181897, 8983094.73101413063705 ], [ 775593.800065850256942, 8983094.306308707222342 ], [ 775594.349883270566352, 8983093.885400285944343 ], [ 775618.415909240604378, 8983075.593644868582487 ], [ 775618.545342597644776, 8983075.494934225454926 ], [ 775618.674453911255114, 8983075.395802726969123 ], [ 775618.803241811925545, 8983075.29625142365694 ], [ 775618.9317049337551, 8983075.196281371638179 ], [ 775619.059841917129233, 8983075.095893628895283 ], [ 775619.187651401734911, 8983074.995089260861278 ], [ 775619.315132035291754, 8983074.893869334831834 ], [ 775619.442282464937307, 8983074.792234923690557 ], [ 775619.569101342349313, 8983074.690187104046345 ], [ 775619.695587326656096, 8983074.587726961821318 ], [ 775619.821739073959179, 8983074.484855577349663 ], [ 775619.947555248974822, 8983074.381574042141438 ], [ 775620.073034518281929, 8983074.277883453294635 ], [ 775620.19817555078771, 8983074.173784907907248 ], [ 775620.322977022151463, 8983074.069279510527849 ], [ 775620.447437607333995, 8983073.964368367567658 ], [ 775620.571555987698957, 8983073.859052591025829 ], [ 775620.695330848568119, 8983073.753333298489451 ], [ 775620.818760877591558, 8983073.647211607545614 ], [ 775620.941844767425209, 8983073.540688646957278 ], [ 775621.064581213286147, 8983073.433765543624759 ], [ 775621.186968912370503, 8983073.326443428173661 ], [ 775621.309006570256315, 8983073.218723442405462 ], [ 775621.430692892055959, 8983073.110606726258993 ], [ 775621.552026587771252, 8983073.002094425261021 ], [ 775621.673006371594965, 8983072.893187690526247 ], [ 775621.793630962958559, 8983072.78388767503202 ], [ 775621.913899080362171, 8983072.674195537343621 ], [ 775622.03380945243407, 8983072.564112443476915 ], [ 775622.153360805707052, 8983072.45363955385983 ], [ 775622.272551874862984, 8983072.342778045684099 ], [ 775622.391381395747885, 8983072.231529088690877 ], [ 775622.509848107700236, 8983072.119893863797188 ], [ 775622.627950758673251, 8983072.007873557507992 ], [ 775622.745688093360513, 8983071.895469352602959 ], [ 775622.86305886413902, 8983071.782682443037629 ], [ 775622.980061829672195, 8983071.669514022767544 ], [ 775623.096695747342892, 8983071.555965291336179 ], [ 775623.212959383497946, 8983071.442037453874946 ], [ 775623.328851503436454, 8983071.327731715515256 ], [ 775623.444370878627524, 8983071.213049288839102 ], [ 775623.559516288340092, 8983071.097991390153766 ], [ 775623.674286507302895, 8983070.982559237629175 ], [ 775623.788680323050357, 8983070.866754055023193 ], [ 775623.902696521254256, 8983070.750577069818974 ], [ 775624.01633389282506, 8983070.634029515087605 ], [ 775624.1295912360074, 8983070.517112623900175 ], [ 775624.242467347183265, 8983070.399827633053064 ], [ 775624.354961032513529, 8983070.282175792381167 ], [ 775624.467071097926237, 8983070.164158342406154 ], [ 775624.57879635761492, 8983070.045776538550854 ], [ 775624.690135624376126, 8983069.927031630650163 ], [ 775624.801087720668875, 8983069.807924883440137 ], [ 775624.911651468952186, 8983069.688457554206252 ], [ 775625.021825698320754, 8983069.568630911409855 ], [ 775625.131609240896069, 8983069.448446223512292 ], [ 775625.241000932990573, 8983069.32790476642549 ], [ 775625.349999614642002, 8983069.207007816061378 ], [ 775625.4586041305447, 8983069.085756653919816 ], [ 775625.566813330864534, 8983068.964152567088604 ], [ 775625.674626068212092, 8983068.842196840792894 ], [ 775625.782041199854575, 8983068.719890771433711 ], [ 775625.889057587017305, 8983068.597235653549433 ], [ 775625.995674096629955, 8983068.474232787266374 ], [ 775626.101889597019181, 8983068.350883474573493 ], [ 775626.207702961983159, 8983068.227189024910331 ], [ 775626.313113072887063, 8983068.103150749579072 ], [ 775626.418118810513988, 8983067.978769963607192 ], [ 775626.522719061817043, 8983067.854047982022166 ], [ 775626.62691271782387, 8983067.728986127302051 ], [ 775626.730698676663451, 8983067.603585729375482 ], [ 775626.834075835300609, 8983067.47784811258316 ], [ 775626.937043100479059, 8983067.351774612441659 ], [ 775627.039599380455911, 8983067.225366564467549 ], [ 775627.141743586398661, 8983067.098625306040049 ], [ 775627.243474636925384, 8983066.9715521838516 ], [ 775627.344791454728693, 8983066.844148542732 ], [ 775627.445692964131013, 8983066.716415733098984 ], [ 775627.546178098185919, 8983066.588355110958219 ], [ 775627.646245788317174, 8983066.459968030452728 ], [ 775627.74589497805573, 8983066.331255855038762 ], [ 775627.8451246075565, 8983066.202219946309924 ], [ 775627.943933627568185, 8983066.072861673310399 ], [ 775628.042320990469307, 8983065.943182406947017 ], [ 775628.140285652712919, 8983065.813183521851897 ], [ 775628.237826575292274, 8983065.682866394519806 ], [ 775628.334942726884037, 8983065.552232408896089 ], [ 775628.431633076048456, 8983065.421282947063446 ], [ 775628.527896598679945, 8983065.290019396692514 ], [ 775628.62373227532953, 8983065.158443151041865 ], [ 775628.719139088061638, 8983065.02655560337007 ], [ 775628.814116027904674, 8983064.894358152523637 ], [ 775628.908662087516859, 8983064.761852199211717 ], [ 775629.002776263747364, 8983064.629039146006107 ], [ 775629.096457561594434, 8983064.495920402929187 ], [ 775629.189704985707067, 8983064.362497380003333 ], [ 775629.282517548417673, 8983064.228771490976214 ], [ 775629.374894266598858, 8983064.094744153320789 ], [ 775629.466834161779843, 8983063.960416790097952 ], [ 775629.558336257003248, 8983063.825790820643306 ], [ 775629.6493995860219, 8983063.69086767360568 ], [ 775629.740023179678246, 8983063.555648779496551 ], [ 775629.830206081154756, 8983063.420135570690036 ], [ 775629.91994733188767, 8983063.284329485148191 ], [ 775630.009245982859284, 8983063.148231960833073 ], [ 775630.098101086448878, 8983063.011844439432025 ], [ 775630.186511699808761, 8983062.875168368220329 ], [ 775630.274476887891069, 8983062.738205194473267 ], [ 775630.36199571879115, 8983062.600956371054053 ], [ 775630.449067262117751, 8983062.463423352688551 ], [ 775630.535690598655492, 8983062.325607595965266 ], [ 775630.621864807442762, 8983062.187510561197996 ], [ 775630.707588975434192, 8983062.049133712425828 ], [ 775630.792862194590271, 8983061.910478517413139 ], [ 775630.877683562692255, 8983061.771546443924308 ], [ 775630.962052178219892, 8983061.632338967174292 ], [ 775631.045967147336341, 8983061.492857558652759 ], [ 775631.129427582258359, 8983061.353103699162602 ], [ 775631.21243259718176, 8983061.213078871369362 ], [ 775631.294981312821619, 8983061.072784556075931 ], [ 775631.377072854433209, 8983060.932222243398428 ], [ 775631.458706352161244, 8983060.791393419727683 ], [ 775631.539880939642899, 8983060.650299580767751 ], [ 775631.620595756918192, 8983060.508942220360041 ], [ 775631.700849948450923, 8983060.367322836071253 ], [ 775631.780642664292827, 8983060.225442931056023 ], [ 775631.859973058803007, 8983060.08330400660634 ], [ 775631.938840290065855, 8983059.940907569602132 ], [ 775632.01724352396559, 8983059.798255132511258 ], [ 775632.095181926968507, 8983059.655348202213645 ], [ 775632.172654676134698, 8983059.512188296765089 ], [ 775632.249660947942175, 8983059.368776934221387 ], [ 775632.326199927832931, 8983059.22511563077569 ], [ 775632.402270802063867, 8983059.081205911934376 ], [ 775632.477872767834924, 8983058.937049303203821 ], [ 775632.55300502141472, 8983058.792647330090404 ], [ 775632.627666766638868, 8983058.648001525551081 ], [ 775632.701857214327902, 8983058.503113420680165 ], [ 775632.775575574254617, 8983058.357984552159905 ], [ 775632.848821069928817, 8983058.212616458535194 ], [ 775632.921592921251431, 8983058.067010680213571 ], [ 775632.993890357669443, 8983057.921168759465218 ], [ 775633.06571261479985, 8983057.775092242285609 ], [ 775633.137058929307386, 8983057.62878267839551 ], [ 775633.207928547053598, 8983057.482241617515683 ], [ 775633.278320714947768, 8983057.335470613092184 ], [ 775633.348234686069191, 8983057.188471218571067 ], [ 775633.417669723392464, 8983057.041244996711612 ], [ 775633.486625087447464, 8983056.893793502822518 ], [ 775633.555100048310123, 8983056.746118301525712 ], [ 775633.623093881295063, 8983056.598220959305763 ], [ 775633.69060586381238, 8983056.450103042647243 ], [ 775633.757635283283889, 8983056.301766121760011 ], [ 775633.824181425734423, 8983056.153211766853929 ], [ 775633.890243588713929, 8983056.004441555589437 ], [ 775633.955821070703678, 8983055.855457063764334 ], [ 775634.020913176354952, 8983055.706259867176414 ], [ 775634.08551921590697, 8983055.556851552799344 ], [ 775634.149638506351039, 8983055.407233700156212 ], [ 775634.213270365260541, 8983055.257407894358039 ], [ 775634.276414120104164, 8983055.107375726103783 ], [ 775634.339069101959467, 8983054.957138786092401 ], [ 775634.401234645745717, 8983054.806698663160205 ], [ 775634.4629100933671, 8983054.656056955456734 ], [ 775634.524094790220261, 8983054.505215257406235 ], [ 775634.584788087173365, 8983054.354175165295601 ], [ 775634.644989343476482, 8983054.202938286587596 ], [ 775634.704697919078171, 8983054.051506217569113 ], [ 775634.763913182192482, 8983053.89988056756556 ], [ 775634.822634505107999, 8983053.748062942177057 ], [ 775634.880861263838597, 8983053.596054950729012 ], [ 775634.938592844293453, 8983053.443858202546835 ], [ 775634.995828631799668, 8983053.291474314406514 ], [ 775635.052568020066246, 8983053.138904895633459 ], [ 775635.10881040955428, 8983052.98615157045424 ], [ 775635.164555202005431, 8983052.833215951919556 ], [ 775635.219801808591001, 8983052.680099664255977 ], [ 775635.274549641879275, 8983052.526804327964783 ], [ 775635.328798122354783, 8983052.373331569135189 ], [ 775635.382546676672064, 8983052.219683015719056 ], [ 775690.945888838032261, 8982892.549841372296214 ], [ 775690.945888838148676, 8982892.549841372296214 ], [ 775691.023740416974761, 8982892.327807268127799 ], [ 775691.102635965682566, 8982892.106141969561577 ], [ 775691.182573738973588, 8982891.884850388392806 ], [ 775691.263551965006627, 8982891.663937421515584 ], [ 775691.345568849821575, 8982891.443407962098718 ], [ 775691.428622579667717, 8982891.223266893997788 ], [ 775691.51271131366957, 8982891.003519091755152 ], [ 775691.597833189880475, 8982890.784169420599937 ], [ 775691.683986323187128, 8982890.565222738310695 ], [ 775691.771168806706555, 8982890.346683893352747 ], [ 775691.859378710272722, 8982890.128557726740837 ], [ 775691.948614079039544, 8982889.910849066451192 ], [ 775692.038872937206179, 8982889.693562733009458 ], [ 775692.130153287551366, 8982889.4767035394907 ], [ 775692.222453107126057, 8982889.260276287794113 ], [ 775692.315770352026448, 8982889.044285770505667 ], [ 775692.410102957626805, 8982888.828736770898104 ], [ 775692.505448833224364, 8982888.613634059205651 ], [ 775692.601805868907832, 8982888.398982403799891 ], [ 775692.69917192903813, 8982888.18478655256331 ], [ 775692.79754486004822, 8982887.971051253378391 ], [ 775692.896922481479123, 8982887.757781237363815 ], [ 775692.997302592615597, 8982887.54498122446239 ], [ 775693.0986829722533, 8982887.332655929028988 ], [ 775693.201061375439167, 8982887.120810056105256 ], [ 775693.304435533005744, 8982886.90944829210639 ], [ 775693.408803158439696, 8982886.698575319722295 ], [ 775693.514161938684992, 8982886.488195806741714 ], [ 775693.620509540662169, 8982886.278314411640167 ], [ 775693.727843610569835, 8982886.068935785442591 ], [ 775693.836161770741455, 8982885.860064562410116 ], [ 775693.945461623836309, 8982885.651705367490649 ], [ 775694.055740747717209, 8982885.443862814456224 ], [ 775694.166996700805612, 8982885.236541505903006 ], [ 775694.279227021033876, 8982885.029746033251286 ], [ 775694.39242922118865, 8982884.823480976745486 ], [ 775694.506600795313716, 8982884.617750901728868 ], [ 775694.621739216614515, 8982884.412560367956758 ], [ 775694.737841932917945, 8982884.207913912832737 ], [ 775694.854906374239363, 8982884.003816071897745 ], [ 775694.972929948708043, 8982883.800271365791559 ], [ 775695.091910042217933, 8982883.59728429839015 ], [ 775695.211844021338038, 8982883.394859367981553 ], [ 775695.332729229005054, 8982883.193001054227352 ], [ 775695.454562989412807, 8982882.991713831201196 ], [ 775695.57734260277357, 8982882.79100215062499 ], [ 775695.701065350905992, 8982882.590870460495353 ], [ 775695.825728496070951, 8982882.391323192045093 ], [ 775695.951329275500029, 8982882.192364763468504 ], [ 775696.077864909311756, 8982881.99399958178401 ], [ 775696.205332594458014, 8982881.796232039108872 ], [ 775696.333729508449323, 8982881.599066514521837 ], [ 775696.46305280784145, 8982881.402507372200489 ], [ 775696.593299630330876, 8982881.206558967009187 ], [ 775696.724467090214603, 8982881.011225638911128 ], [ 775696.856552284094505, 8982880.816511711105704 ], [ 775696.989552285638638, 8982880.622421497479081 ], [ 775697.123464150703512, 8982880.428959293290973 ], [ 775697.25828491395805, 8982880.236129384487867 ], [ 775697.394011589582078, 8982880.043936040252447 ], [ 775697.530641172081232, 8982879.852383516728878 ], [ 775697.668170635821298, 8982879.66147605702281 ], [ 775697.806596936541609, 8982879.471217887476087 ], [ 775697.945917006465606, 8982879.28161321952939 ], [ 775698.086127763148397, 8982879.092666253447533 ], [ 775698.227226099348627, 8982878.904381172731519 ], [ 775698.369208893505856, 8982878.716762149706483 ], [ 775698.512072997982614, 8982878.529813334345818 ], [ 775698.655815252452157, 8982878.343538869172335 ], [ 775698.800432471674867, 8982878.157942878082395 ], [ 775698.945921454229392, 8982877.973029471933842 ], [ 775699.092278979136609, 8982877.788802746683359 ], [ 775699.239501803996973, 8982877.605266777798533 ], [ 775699.387586668366566, 8982877.422425631433725 ], [ 775699.536530294804834, 8982877.240283356979489 ], [ 775699.686329384800047, 8982877.058843987062573 ], [ 775699.83698061935138, 8982876.87811154127121 ], [ 775699.9884806642076, 8982876.698090018704534 ], [ 775700.140826165326871, 8982876.518783409148455 ], [ 775700.294013745733537, 8982876.340195680037141 ], [ 775700.448040017625317, 8982876.162330787628889 ], [ 775700.602901567122899, 8982875.98519267141819 ], [ 775700.758594965445809, 8982875.808785252273083 ], [ 775700.915116765070707, 8982875.633112436160445 ], [ 775701.072463502176106, 8982875.458178116008639 ], [ 775701.230631688958965, 8982875.28398616425693 ], [ 775701.389617824344896, 8982875.110540434718132 ], [ 775701.549418388633057, 8982874.937844773754478 ], [ 775701.710029842332006, 8982874.765903001651168 ], [ 775701.871448630350642, 8982874.594718929380178 ], [ 775702.033671174780466, 8982874.424296341836452 ], [ 775702.196693886769935, 8982874.254639018326998 ], [ 775702.360513154766522, 8982874.08575071580708 ], [ 775702.525125352316536, 8982873.917635170742869 ], [ 775702.690526833059266, 8982873.750296106562018 ], [ 775702.85671393328812, 8982873.583737229928374 ], [ 775703.023682976025157, 8982873.417962228879333 ], [ 775703.191430262173526, 8982873.252974776551127 ], [ 775703.359952076571062, 8982873.088778521865606 ], [ 775703.529244687408209, 8982872.925377102568746 ], [ 775703.69930434843991, 8982872.762774139642715 ], [ 775703.870127290021628, 8982872.600973227992654 ], [ 775704.041709732729942, 8982872.439977956935763 ], [ 775704.214047876070254, 8982872.279791889712214 ], [ 775704.387137901969254, 8982872.120418570935726 ], [ 775704.560975979897194, 8982871.961861532181501 ], [ 775704.735558260115795, 8982871.804124284535646 ], [ 775704.910880875191651, 8982871.647210318595171 ], [ 775705.086939943139441, 8982871.491123110055923 ], [ 775705.263731566607021, 8982871.335866117849946 ], [ 775705.441251830081455, 8982871.181442778557539 ], [ 775705.61949680163525, 8982871.027856508269906 ], [ 775705.79846253641881, 8982870.875110713765025 ], [ 775705.97814506792929, 8982870.723208773881197 ], [ 775706.158540421049111, 8982870.572154052555561 ], [ 775706.339644598192535, 8982870.421949895098805 ], [ 775706.521453591296449, 8982870.272599630057812 ], [ 775706.703963371808641, 8982870.12410655990243 ], [ 775706.887169900699519, 8982869.976473975926638 ], [ 775707.07106911984738, 8982869.829705147072673 ], [ 775707.255656956811436, 8982869.683803321793675 ], [ 775707.440929324598983, 8982869.538771733641624 ], [ 775707.626882120384835, 8982869.394613591954112 ], [ 775707.813511226675473, 8982869.251332091167569 ], [ 775708.000812509679236, 8982869.10893040150404 ], [ 775708.188781823264435, 8982868.967411678284407 ], [ 775708.377415003837086, 8982868.826779054477811 ], [ 775708.566707875696011, 8982868.687035644426942 ], [ 775708.756656246026978, 8982868.548184541985393 ], [ 775708.947255908395164, 8982868.410228822380304 ], [ 775709.138502642395906, 8982868.273171540349722 ], [ 775709.33039221400395, 8982868.137015730142593 ], [ 775709.522920372430235, 8982868.001764409244061 ], [ 775709.716082856641151, 8982867.867420570924878 ], [ 775709.909875387325883, 8982867.733987191691995 ], [ 775710.104293672600761, 8982867.601467221975327 ], [ 775710.299333408824168, 8982867.469863601028919 ], [ 775710.494990276172757, 8982867.339179240167141 ], [ 775710.691259943298064, 8982867.209417035803199 ], [ 775710.88813806255348, 8982867.080579858273268 ], [ 775711.085620275232941, 8982866.952670564875007 ], [ 775711.28370220749639, 8982866.825691983103752 ], [ 775711.482379472232424, 8982866.699646925553679 ], [ 775711.681647672434337, 8982866.574538188055158 ], [ 775711.881502393982373, 8982866.450368536636233 ], [ 775712.081939210765995, 8982866.327140722423792 ], [ 775712.282953685964458, 8982866.204857474192977 ], [ 775712.484541366924532, 8982866.08352149836719 ], [ 775712.686697789118625, 8982865.963135484606028 ], [ 775712.889418478123844, 8982865.843702094629407 ], [ 775713.092698943102732, 8982865.725223977118731 ], [ 775713.296534683904611, 8982865.607703754678369 ], [ 775713.500921185594052, 8982865.491144027560949 ], [ 775713.705853921943344, 8982865.375547379255295 ], [ 775713.911328357178718, 8982865.26091636903584 ], [ 775714.117339938413352, 8982865.147253533825278 ], [ 775714.323884105891921, 8982865.034561391919851 ], [ 775714.530956286122091, 8982864.922842439264059 ], [ 775714.738551891758107, 8982864.81209914945066 ], [ 775714.946666326140985, 8982864.702333971858025 ], [ 775715.155294982832856, 8982864.593549342826009 ], [ 775715.364433239330538, 8982864.485747665166855 ], [ 775715.574076466611587, 8982864.37893133237958 ], [ 775715.78422002051957, 8982864.273102702572942 ], [ 775715.994859249913134, 8982864.16826412640512 ], [ 775716.205989488167688, 8982864.06441792100668 ], [ 775716.417606060160324, 8982863.96156638674438 ], [ 775716.629704281804152, 8982863.859711801633239 ], [ 775716.842279454460368, 8982863.758856419473886 ], [ 775717.055326870875433, 8982863.659002477303147 ], [ 775717.268841814948246, 8982863.560152182355523 ], [ 775717.482819557772018, 8982863.462307726964355 ], [ 775717.69725536077749, 8982863.365471275523305 ], [ 775717.912144475150853, 8982863.269644971936941 ], [ 775718.127482142532244, 8982863.174830937758088 ], [ 775718.343263595947064, 8982863.081031277775764 ], [ 775718.559484055149369, 8982862.988248063251376 ], [ 775718.776138732326217, 8982862.896483350545168 ], [ 775718.993222832097672, 8982862.805739173665643 ], [ 775719.210731545346789, 8982862.716017538681626 ], [ 775808.469977252883837, 8982826.142382679507136 ], [ 775808.469977252767421, 8982826.142382679507136 ], [ 775808.519589441479184, 8982826.122023195028305 ], [ 775808.569179765181616, 8982826.101610511541367 ], [ 775808.618748167646118, 8982826.081144651398063 ], [ 775808.668294590432197, 8982826.06062563881278 ], [ 775808.717818976496346, 8982826.040053497999907 ], [ 775808.767321270657703, 8982826.019428251311183 ], [ 775808.81680141412653, 8982825.998749922960997 ], [ 775808.866259351023473, 8982825.978018537163734 ], [ 775808.915695024305023, 8982825.957234118133783 ], [ 775808.965108376927674, 8982825.936396688222885 ], [ 775809.014499351964332, 8982825.915506271645427 ], [ 775809.063867892487906, 8982825.89456289447844 ], [ 775809.11321394238621, 8982825.873566579073668 ], [ 775809.162537444615737, 8982825.852517351508141 ], [ 775809.211838341318071, 8982825.831415230408311 ], [ 775809.26111657731235, 8982825.810260247439146 ], [ 775809.310372095555067, 8982825.789052423089743 ], [ 775809.359604838304222, 8982825.767791779711843 ], [ 775809.408814750844613, 8982825.746478348970413 ], [ 775809.458001774735749, 8982825.725112147629261 ], [ 775809.507165853749029, 8982825.703693201765418 ], [ 775809.556306932587177, 8982825.682221539318562 ], [ 775809.60542495327536, 8982825.660697182640433 ], [ 775809.654519860632718, 8982825.639120159670711 ], [ 775809.703591596684419, 8982825.61749049089849 ], [ 775809.752640106133185, 8982825.595808202400804 ], [ 775809.801665332051925, 8982825.574073320254683 ], [ 775809.850667218095623, 8982825.552285868674517 ], [ 775809.899645708268508, 8982825.530445873737335 ], [ 775809.948600745410658, 8982825.508553357794881 ], [ 775809.99753227410838, 8982825.486608350649476 ], [ 775810.046440237550996, 8982825.464610872790217 ], [ 775810.095324579393491, 8982825.442560952156782 ], [ 775810.144185243407264, 8982825.420458612963557 ], [ 775810.193022174295038, 8982825.39830388315022 ], [ 775810.241835315013304, 8982825.376096785068512 ], [ 775810.290624609217048, 8982825.353837346658111 ], [ 775810.339390000910498, 8982825.331525590270758 ], [ 775810.388131434563547, 8982825.309161545708776 ], [ 775810.43684885406401, 8982825.286745235323906 ], [ 775810.485542203183286, 8982825.264276687055826 ], [ 775810.534211424877867, 8982825.241755925118923 ], [ 775810.582856464548968, 8982825.219182977452874 ], [ 775810.631477265967987, 8982825.196557868272066 ], [ 775810.680073772906326, 8982825.173880623653531 ], [ 775810.728645929135382, 8982825.151151269674301 ], [ 775810.777193679241464, 8982825.128369834274054 ], [ 775810.825716968043707, 8982825.10553634352982 ], [ 775810.87421573838219, 8982825.082650819793344 ], [ 775810.922689935425296, 8982825.059713292866945 ], [ 775810.971139503293671, 8982825.036723790690303 ], [ 775811.019564385525882, 8982825.013682335615158 ], [ 775811.067964526941068, 8982824.990588955581188 ], [ 775811.11633987177629, 8982824.967443676665425 ], [ 775811.164690365083516, 8982824.944246528670192 ], [ 775811.213015950401314, 8982824.920997535809875 ], [ 775811.261316571384668, 8982824.897696722298861 ], [ 775811.309592174482532, 8982824.874344119802117 ], [ 775811.357842702418566, 8982824.850939752534032 ], [ 775811.406068100826815, 8982824.827483648434281 ], [ 775811.454268314293586, 8982824.803975835442543 ], [ 775811.502443286473863, 8982824.780416337773204 ], [ 775811.550592962070368, 8982824.756805181503296 ], [ 775811.598717286367901, 8982824.733142400160432 ], [ 775811.64681620313786, 8982824.709428014233708 ], [ 775811.694889657897875, 8982824.685662053525448 ], [ 775811.74293759430293, 8982824.661844545975327 ], [ 775811.790959958801977, 8982824.63797552138567 ], [ 775811.838956694002263, 8982824.614055000245571 ], [ 775811.886927746469155, 8982824.590083016082644 ], [ 775811.934873059857637, 8982824.566059594973922 ], [ 775811.98279258038383, 8982824.54198476485908 ], [ 775812.030686250887811, 8982824.517858549952507 ], [ 775812.078554018749855, 8982824.493680983781815 ], [ 775812.126395826460794, 8982824.46945209056139 ], [ 775812.174211620585993, 8982824.44517189823091 ], [ 775812.222001344896853, 8982824.420840434730053 ], [ 775812.269764946424402, 8982824.396457731723785 ], [ 775812.317502368125133, 8982824.372023809701204 ], [ 775812.365213555982336, 8982824.347538704052567 ], [ 775812.41289845504798, 8982824.323002438992262 ], [ 775812.460557010374032, 8982824.29841504432261 ], [ 775812.508189167594537, 8982824.273776547983289 ], [ 775812.555794871179387, 8982824.249086979776621 ], [ 775812.603374067461118, 8982824.224346365779638 ], [ 775812.65092670021113, 8982824.199554733932018 ], [ 775812.698452715645544, 8982824.174712114036083 ], [ 775812.745952059398405, 8982824.149818535894156 ], [ 775812.793424675706774, 8982824.124874025583267 ], [ 775812.840870511136018, 8982824.099878614768386 ], [ 775812.888289510039613, 8982824.074832329526544 ], [ 775812.935681618982926, 8982824.049735199660063 ], [ 775812.983046782319434, 8982824.024587254971266 ], [ 775813.030384946498089, 8982823.999388521537185 ], [ 775813.077696056803688, 8982823.974139032885432 ], [ 775813.124980057938956, 8982823.948838813230395 ], [ 775813.172236897051334, 8982823.923487894237041 ], [ 775813.219466518610716, 8982823.898086305707693 ], [ 775813.266668868949637, 8982823.872634075582027 ], [ 775813.313843893702142, 8982823.847131233662367 ], [ 775813.36099153815303, 8982823.821577809751034 ], [ 775813.408111748518422, 8982823.795973831787705 ], [ 775813.455204469617456, 8982823.770319329574704 ], [ 775813.502269649296068, 8982823.744614334776998 ], [ 775813.549307231209241, 8982823.718858875334263 ], [ 775813.596317162620835, 8982823.693052979186177 ], [ 775813.643299388233572, 8982823.667196677997708 ], [ 775813.690253856009804, 8982823.641290001571178 ], [ 775813.737180509604514, 8982823.615332977846265 ], [ 775813.784079297096469, 8982823.58932564035058 ], [ 775813.830950163071975, 8982823.563268015161157 ], [ 775813.877793054678477, 8982823.537160135805607 ], [ 775813.924607916618697, 8982823.511002028360963 ], [ 775813.971394696854986, 8982823.484793726354837 ], [ 775814.018153339973651, 8982823.458535257726908 ], [ 775814.06488379323855, 8982823.432226654142141 ], [ 775814.111586001934484, 8982823.405867945402861 ], [ 775814.15825991355814, 8982823.379459161311388 ], [ 775814.204905473277904, 8982823.353000331670046 ], [ 775814.251522627542727, 8982823.326491488143802 ], [ 775814.298111323500052, 8982823.299932660534978 ], [ 775814.344671507482417, 8982823.273323880508542 ], [ 775814.391203125123866, 8982823.246665177866817 ], [ 775814.437706124270335, 8982823.219956586137414 ], [ 775814.484180449740961, 8982823.193198129534721 ], [ 775814.530626048566774, 8982823.166389843448997 ], [ 775814.577042868011631, 8982823.139531757682562 ], [ 775814.623430854524486, 8982823.112623903900385 ], [ 775814.669789954321459, 8982823.085666311904788 ], [ 775814.716120113851503, 8982823.058659013360739 ], [ 775814.76242128026206, 8982823.03160203807056 ], [ 775814.808693400816992, 8982823.004495419561863 ], [ 775814.854936421033926, 8982822.977339187636971 ], [ 775814.901150288875215, 8982822.950133373960853 ], [ 775814.947334950906225, 8982822.922878010198474 ], [ 775814.993490353343077, 8982822.895573126152158 ], [ 775815.039616443449631, 8982822.868218753486872 ], [ 775815.085713168606162, 8982822.840814925730228 ], [ 775815.131780475960113, 8982822.81336167268455 ], [ 775815.177818310912699, 8982822.78585902415216 ], [ 775815.2238266216591, 8982822.758307015523314 ], [ 775815.269805355579592, 8982822.730705676600337 ], [ 775815.315754459705204, 8982822.703055039048195 ], [ 775815.361673880601302, 8982822.675355136394501 ], [ 775815.407563565531746, 8982822.647605996578932 ], [ 775815.453423461643979, 8982822.619807654991746 ], [ 775815.499253517249599, 8982822.591960143297911 ], [ 775815.545053678564727, 8982822.564063493162394 ], [ 775815.590823892969638, 8982822.536117736250162 ], [ 775815.636564107611775, 8982822.508122904226184 ], [ 775815.682274270919152, 8982822.480079030618072 ], [ 775815.727954329107888, 8982822.451986145228148 ], [ 775815.773604230373167, 8982822.42384428344667 ], [ 775815.819223922095262, 8982822.39565347507596 ], [ 775815.864813351421617, 8982822.367413755506277 ], [ 775815.91037246666383, 8982822.339125154539943 ], [ 775815.955901214270853, 8982822.31078770570457 ], [ 775816.001399543136358, 8982822.282401442527771 ], [ 775816.046867399825715, 8982822.253966394811869 ], [ 775816.09230473334901, 8982822.225482599809766 ], [ 775816.137711490155198, 8982822.196950087323785 ], [ 775816.183087617624551, 8982822.168368887156248 ], [ 775816.228433065698482, 8982822.139739040285349 ], [ 775816.273747780011036, 8982822.111060570925474 ], [ 775816.3190317095723, 8982822.082333518192172 ], [ 775816.364284802577458, 8982822.053557911887765 ], [ 775816.409507005591877, 8982822.024733785539865 ], [ 775816.454698267625645, 8982821.995861174538732 ], [ 775816.499858536990359, 8982821.966940110549331 ], [ 775816.544987761066295, 8982821.93797062523663 ], [ 775816.590085888048634, 8982821.908952755853534 ], [ 775816.635152866132557, 8982821.879886532202363 ], [ 775816.680188643629663, 8982821.850771987810731 ], [ 775816.725193168735132, 8982821.82160915993154 ], [ 775816.770166389062069, 8982821.792398076504469 ], [ 775816.815108254319057, 8982821.763138776645064 ], [ 775816.860018711187877, 8982821.733831290155649 ], [ 775816.904897707980126, 8982821.704475652426481 ], [ 775816.949745194637217, 8982821.675071896985173 ], [ 775816.994561118655838, 8982821.645620057359338 ], [ 776353.141423562308773, 8982468.892244510352612 ], [ 776353.789776319055818, 8982468.462042571976781 ], [ 776354.434762086370029, 8982468.026808880269527 ], [ 776355.076341812382452, 8982467.586569786071777 ], [ 776355.71447665640153, 8982467.141351945698261 ], [ 776356.349127981695347, 8982466.691182309761643 ], [ 776356.980257363640703, 8982466.236088136211038 ], [ 776357.6078265941469, 8982465.776096977293491 ], [ 776358.231797676184215, 8982465.311236683279276 ], [ 776358.852132834494114, 8982464.841535396873951 ], [ 776359.468794507905841, 8982464.367021556943655 ], [ 776360.081745363306254, 8982463.88772388920188 ], [ 776360.690948292496614, 8982463.403671415522695 ], [ 776361.296366410795599, 8982462.914893442764878 ], [ 776361.897963061812334, 8982462.421419559046626 ], [ 776362.495701826526783, 8982461.923279644921422 ], [ 776363.089546513510868, 8982461.420503856614232 ], [ 776363.679461170453578, 8982460.91312263533473 ], [ 776364.265410079038702, 8982460.401166699826717 ], [ 776364.847357768565416, 8982459.884667046368122 ], [ 776365.425269002094865, 8982459.363654943183064 ], [ 776365.999108793213964, 8982458.838161937892437 ], [ 776366.568842398119159, 8982458.308219840750098 ], [ 776367.134435322950594, 8982457.773860741406679 ], [ 776367.69585332670249, 8982457.235116988420486 ], [ 776368.253062416450121, 8982456.692021200433373 ], [ 776368.806028858409263, 8982456.14460625872016 ], [ 776369.354719175724313, 8982455.592905305325985 ], [ 776369.899100145208649, 8982455.036951743066311 ], [ 776370.439138810383156, 8982454.476779228076339 ], [ 776370.974802473909222, 8982453.912421679124236 ], [ 776371.506058706436306, 8982453.34391326084733 ], [ 776372.032875344273634, 8982452.771288396790624 ], [ 776372.555220490205102, 8982452.194581752642989 ], [ 776373.073062520707026, 8982451.613828243687749 ], [ 776373.586370082339272, 8982451.02906303294003 ], [ 776374.095112100359984, 8982450.440321523696184 ], [ 776374.599257771158591, 8982449.847639361396432 ], [ 776375.098776573548093, 8982449.251052426174283 ], [ 776375.59363826434128, 8982448.650596838444471 ], [ 776376.083812883938663, 8982448.04630895331502 ], [ 776376.569270754116587, 8982447.438225356861949 ], [ 776377.049982483615167, 8982446.826382862403989 ], [ 776377.525918969302438, 8982446.210818512365222 ], [ 776377.997051395126618, 8982445.59156958013773 ], [ 776378.463351237587631, 8982444.96867355145514 ], [ 776378.924790265620686, 8982444.342168141156435 ], [ 776379.381340542575344, 8982443.712091282010078 ], [ 776379.832974427146837, 8982443.078481117263436 ], [ 776380.279664574190974, 8982442.441376009956002 ], [ 776380.721383940428495, 8982441.800814533606172 ], [ 776381.158105784212239, 8982441.156835466623306 ], [ 776381.589803662151098, 8982440.50947780162096 ], [ 776382.016451440518722, 8982439.858780730515718 ], [ 776382.438023285940289, 8982439.204783648252487 ], [ 776382.85449367610272, 8982438.547526149079204 ], [ 776383.265837397426367, 8982437.887048028409481 ], [ 776383.672029544250108, 8982437.223389273509383 ], [ 776384.0730455260491, 8982436.556590061634779 ], [ 776384.468861061846837, 8982435.886690765619278 ], [ 776384.859452187665738, 8982435.213731942698359 ], [ 776385.244795257342048, 8982434.537754336372018 ], [ 776385.62486694008112, 8982433.858798874542117 ], [ 776385.999644224415533, 8982433.17690665833652 ], [ 776386.369104420999065, 8982432.492118978872895 ], [ 776386.733225161675364, 8982431.804477289319038 ], [ 776387.091984399943613, 8982431.11402322538197 ], [ 776387.445360415847972, 8982430.420798590406775 ], [ 776387.793331816210411, 8982429.724845351651311 ], [ 776388.135877530556172, 8982429.026205645874143 ], [ 776388.472976822173223, 8982428.324921771883965 ], [ 776388.804609282175079, 8982427.621036186814308 ], [ 776389.130754830082878, 8982426.914591506123543 ], [ 776389.451393723720685, 8982426.20563050173223 ], [ 776389.766506545362063, 8982425.494196096435189 ], [ 776390.076074222684838, 8982424.780331362038851 ], [ 776390.380078007816337, 8982424.064079517498612 ], [ 776390.678499499568716, 8982423.345483930781484 ], [ 776390.971320630167611, 8982422.62458810582757 ], [ 776391.258523667580448, 8982421.901435686275363 ], [ 776391.540091227390803, 8982421.176070459187031 ], [ 776391.816006260574795, 8982420.448536336421967 ], [ 776392.086252061882988, 8982419.718877365812659 ], [ 776392.350812270888127, 8982418.987137725576758 ], [ 776392.6096708701225, 8982418.253361716866493 ], [ 776392.862812186824158, 8982417.517593765631318 ], [ 776393.110220894799568, 8982416.779878417029977 ], [ 776393.351882015820593, 8982416.040260333567858 ], [ 776393.587780918343924, 8982415.298784296959639 ], [ 776393.817903321934864, 8982414.555495198816061 ], [ 776394.042235290748067, 8982413.810438038781285 ], [ 776394.26076324575115, 8982413.06365792453289 ], [ 776394.473473953665234, 8982412.315200069919229 ], [ 776394.680354539654218, 8982411.56510978937149 ], [ 776394.881392476847395, 8982410.813432497903705 ], [ 776395.076575594139285, 8982410.060213699936867 ], [ 776395.265892073744908, 8982409.305499002337456 ], [ 776395.449330453877337, 8982408.549334095790982 ], [ 776395.626879629096948, 8982407.791764762252569 ], [ 776395.798528849845752, 8982407.032836867496371 ], [ 776395.964267723029479, 8982406.272596357390285 ], [ 776396.12408621457871, 8982405.511089263483882 ], [ 776396.277974650147371, 8982404.748361688107252 ], [ 776396.425923709175549, 8982403.98445980809629 ], [ 776396.567924437928014, 8982403.21942987665534 ], [ 776396.703968239366077, 8982402.453318206593394 ], [ 776396.834046872681938, 8982401.686171185225248 ], [ 776396.958152467967011, 8982400.918035255745053 ], [ 776397.076277505955659, 8982400.14895692281425 ], [ 776397.188414839911275, 8982399.378982752561569 ], [ 776397.294557676766999, 8982398.608159359544516 ], [ 776397.394699592608958, 8982397.836533412337303 ], [ 776397.488834524410777, 8982397.064151629805565 ], [ 776397.576956770266406, 8982396.291060771793127 ], [ 776397.659060998470522, 8982395.517307644709945 ], [ 776397.735142236342654, 8982394.742939095944166 ], [ 776397.805195877328515, 8982393.968002006411552 ], [ 776397.869217681349255, 8982393.192543294280767 ], [ 776397.927203772123903, 8982392.416609909385443 ], [ 776397.979150637984276, 8982391.640248827636242 ], [ 776398.0250551343197, 8982390.863507054746151 ], [ 776398.064914482994936, 8982390.086431615054607 ], [ 776398.098726268974133, 8982389.309069558978081 ], [ 776398.126488445093855, 8982388.531467946246266 ], [ 776398.148199332761578, 8982387.753673858940601 ], [ 776398.163857615436427, 8982386.975734386593103 ], [ 776398.173462347011082, 8982386.197696628049016 ], [ 776398.177012944710441, 8982385.419607687741518 ], [ 776398.174509192351252, 8982384.641514675691724 ], [ 776398.165951244416647, 8982383.863464698195457 ], [ 776398.15133961616084, 8982383.085504861548543 ], [ 776398.130675194784999, 8982382.307682268321514 ], [ 776398.103959230124019, 8982381.530044009909034 ], [ 776398.071193338488229, 8982380.752637164667249 ], [ 776398.032379505340941, 8982379.975508803501725 ], [ 776397.987520080641843, 8982379.198705973103642 ], [ 776397.936617780127563, 8982378.422275705263019 ], [ 776397.879675685195252, 8982377.646265007555485 ], [ 776397.816697242553346, 8982376.870720863342285 ], [ 776397.747686266433448, 8982376.095690224319696 ], [ 776397.672646934399381, 8982375.321220016106963 ], [ 776397.591583789326251, 8982374.547357125207782 ], [ 776397.504501740448177, 8982373.774148408323526 ], [ 776397.411406058934517, 8982373.001640673726797 ], [ 776397.312302381615154, 8982372.229880694299936 ], [ 776397.207196707138792, 8982371.458915194496512 ], [ 776397.096095401560888, 8982370.68879085034132 ], [ 776396.97900518856477, 8982369.91955428943038 ], [ 776396.85593315877486, 8982369.151252083480358 ], [ 776396.726886762189679, 8982368.383930746465921 ], [ 776396.59187381376978, 8982367.617636736482382 ], [ 776396.45090248726774, 8982366.852416448295116 ], [ 776396.303981315693818, 8982366.088316209614277 ], [ 776396.151119195972569, 8982365.325382282957435 ], [ 776395.992325380444527, 8982364.563660858199 ], [ 776395.827609486761503, 8982363.803198052570224 ], [ 776395.656981485895813, 8982363.044039906933904 ], [ 776395.480451706214808, 8982362.286232382059097 ], [ 776395.298030838370323, 8982361.529821362346411 ], [ 776395.10972992493771, 8982360.774852640926838 ], [ 776394.91556036635302, 8982360.021371925249696 ], [ 776394.715533919981681, 8982359.269424835219979 ], [ 776394.509662693599239, 8982358.519056897610426 ], [ 776394.297959155170247, 8982357.770313538610935 ], [ 776394.08043611748144, 8982357.023240093141794 ], [ 776393.857106752693653, 8982356.277881789952517 ], [ 776393.627984580933116, 8982355.534283755347133 ], [ 776393.393083476345055, 8982354.792491011321545 ], [ 776393.152417656732723, 8982354.052548468112946 ], [ 776392.906001695431769, 8982353.314500922337174 ], [ 776392.653850512462668, 8982352.578393058851361 ], [ 776392.395979372086003, 8982351.844269447028637 ], [ 776392.13240388489794, 8982351.112174527719617 ], [ 776391.863140012486838, 8982350.382152630016208 ], [ 776391.588204055209644, 8982349.654247948899865 ], [ 776391.307612660108134, 8982348.928504556417465 ], [ 776391.021382812759839, 8982348.204966388642788 ], [ 776390.729531842865981, 8982347.483677253127098 ], [ 776390.432077422039583, 8982346.764680819585919 ], [ 776390.129037556587718, 8982346.048020616173744 ], [ 776389.820430595544167, 8982345.333740035071969 ], [ 776186.253990874160081, 8981879.162489635869861 ], [ 776186.075027755578049, 8981878.755133915692568 ], [ 776185.894253946840763, 8981878.348578494042158 ], [ 776185.711673028185032, 8981877.942831417545676 ], [ 776185.527288612909615, 8981877.537900723516941 ], [ 776185.341104351566173, 8981877.133794423192739 ], [ 776185.15312393126078, 8981876.730520518496633 ], [ 776184.963351072277874, 8981876.32808699272573 ], [ 776184.771789531223476, 8981875.926501812413335 ], [ 776184.578443100559525, 8981875.525772929191589 ], [ 776184.383315608487464, 8981875.125908274203539 ], [ 776184.186410917551257, 8981874.726915763691068 ], [ 776183.987732924637385, 8981874.328803297132254 ], [ 776183.787285565747879, 8981873.931578753516078 ], [ 776183.585072805872187, 8981873.535250002518296 ], [ 776183.381098650512286, 8981873.139824882149696 ], [ 776183.175367135903798, 8981872.745311226695776 ], [ 776182.967882336117327, 8981872.351716844365001 ], [ 776182.758648358983919, 8981871.959049524739385 ], [ 776182.547669345280156, 8981871.567317044362426 ], [ 776182.334949471754953, 8981871.176527155563235 ], [ 776182.12049294996541, 8981870.786687599495053 ], [ 776181.904304026742466, 8981870.397806085646152 ], [ 776181.686386979417875, 8981870.00989032164216 ], [ 776181.466746124555357, 8981869.622947979718447 ], [ 776181.245385807589628, 8981869.236986724659801 ], [ 776181.022310412838124, 8981868.852014195173979 ], [ 776180.797524355934002, 8981868.468038011342287 ], [ 776180.571032087318599, 8981868.085065774619579 ], [ 776180.342838089796714, 8981867.703105069696903 ], [ 776180.11294688063208, 8981867.32216345705092 ], [ 776179.881363011547364, 8981866.942248476669192 ], [ 776179.648091067676432, 8981866.563367649912834 ], [ 776179.413135667215101, 8981866.185528477653861 ], [ 776179.176501459442079, 8981865.808738440275192 ], [ 776178.938193130772561, 8981865.433004995808005 ], [ 776178.69821539754048, 8981865.058335583657026 ], [ 776178.45657301240135, 8981864.684737619012594 ], [ 776178.213270756532438, 8981864.312218502163887 ], [ 776177.968313448596746, 8981863.94078560359776 ], [ 776177.721705938107334, 8981863.570446277037263 ], [ 776177.473453105078079, 8981863.201207857578993 ], [ 776177.223559865844436, 8981862.83307764865458 ], [ 776176.972031166660599, 8981862.466062944382429 ], [ 776176.71887198695913, 8981862.100171005353332 ], [ 776176.464087339001708, 8981861.735409077256918 ], [ 776176.207682266598567, 8981861.371784381568432 ], [ 776175.949661844293587, 8981861.009304117411375 ], [ 776175.690031182370149, 8981860.647975457832217 ], [ 776175.428795419167727, 8981860.287805557250977 ], [ 776175.165959724923596, 8981859.928801549598575 ], [ 776174.901529306662269, 8981859.57097053527832 ], [ 776174.635509396204725, 8981859.214319601655006 ], [ 776174.367905259947293, 8981858.858855810016394 ], [ 776174.098722197231837, 8981858.504586195573211 ], [ 776173.827965535339899, 8981858.151517774909735 ], [ 776173.555640635313466, 8981857.799657532945275 ], [ 776173.281752888578922, 8981857.449012437835336 ], [ 776173.006307715899311, 8981857.099589431658387 ], [ 776172.729310572030954, 8981856.751395428553224 ], [ 776172.450766937690787, 8981856.404437327757478 ], [ 776172.170682330499403, 8981856.058721991255879 ], [ 776171.889062292641029, 8981855.714256266131997 ], [ 776171.605912400525995, 8981855.371046973392367 ], [ 776171.321238258504309, 8981855.029100904241204 ], [ 776171.035045503871515, 8981854.688424829393625 ], [ 776170.747339801397175, 8981854.349025493487716 ], [ 776170.45812684611883, 8981854.010909615084529 ], [ 776170.167412364040501, 8981853.674083888530731 ], [ 776169.875202109920792, 8981853.338554980233312 ], [ 776169.581501869368367, 8981853.004329532384872 ], [ 776169.286317455116659, 8981852.671414164826274 ], [ 776168.989654713193886, 8981852.339815463870764 ], [ 776168.691519514773972, 8981852.009539997205138 ], [ 776168.391917763045058, 8981851.680594300851226 ], [ 776168.090855387737975, 8981851.352984888479114 ], [ 776167.788338348735124, 8981851.026718247681856 ], [ 776167.484372637118213, 8981850.701800832524896 ], [ 776167.178964269114658, 8981850.378239076584578 ], [ 776166.872119289124385, 8981850.05603938922286 ], [ 776166.563843774376437, 8981849.735208144411445 ], [ 776166.254143825848587, 8981849.415751695632935 ], [ 776165.943025575717911, 8981849.097676364704967 ], [ 776165.630495182937011, 8981848.78098845295608 ], [ 776165.316558834165335, 8981848.465694224461913 ], [ 776165.001222742837854, 8981848.15179992839694 ], [ 776164.684493154753, 8981847.839311769232154 ], [ 776164.366376337362453, 8981847.528235940262675 ], [ 776164.046878590248525, 8981847.218578597530723 ], [ 776163.726006236742251, 8981846.910345871001482 ], [ 776163.403765629744157, 8981846.603543864563107 ], [ 776163.080163149046712, 8981846.29817864857614 ], [ 776162.755205200402997, 8981845.994256269186735 ], [ 776162.428898215992376, 8981845.691782744601369 ], [ 776162.101248657680117, 8981845.390764061361551 ], [ 776161.772263009450398, 8981845.091206181794405 ], [ 776161.4419477871852, 8981844.793115029111505 ], [ 776161.110309526557103, 8981844.496496511623263 ], [ 776160.777354794554412, 8981844.201356500387192 ], [ 776160.443090182729065, 8981843.907700832933187 ], [ 776160.107522308710031, 8981843.615535328164697 ], [ 776159.770657814689912, 8981843.324865767732263 ], [ 776159.432503370800987, 8981843.035697905346751 ], [ 776159.093065668945201, 8981842.748037468641996 ], [ 776158.752351430477574, 8981842.461890147998929 ], [ 776158.410367401666008, 8981842.177261609584093 ], [ 776158.067120350315236, 8981841.894157491624355 ], [ 776157.722617071704008, 8981841.612583395093679 ], [ 776157.376864387420937, 8981841.332544893026352 ], [ 776157.029869141057134, 8981841.054047532379627 ], [ 776156.681638203444891, 8981840.777096824720502 ], [ 776156.33217846613843, 8981840.501698253676295 ], [ 776155.981496848864481, 8981840.227857271209359 ], [ 776155.629600293235853, 8981839.955579297617078 ], [ 776155.276495766011067, 8981839.684869723394513 ], [ 776154.922190256766044, 8981839.415733909234405 ], [ 776154.566690780222416, 8981839.148177180439234 ], [ 776154.210004374850541, 8981838.882204834371805 ], [ 776153.852138100191951, 8981838.617822138592601 ], [ 776153.493099042098038, 8981838.3550343234092 ], [ 776153.132894306676462, 8981838.093846594914794 ], [ 776152.77153102774173, 8981837.834264120087028 ], [ 776152.409016355290078, 8981837.576292041689157 ], [ 776152.045357469120063, 8981837.319935463368893 ], [ 776151.680561566608958, 8981837.06519946269691 ], [ 776151.31463587039616, 8981836.812089081853628 ], [ 776150.947587624541484, 8981836.560609329491854 ], [ 776150.57942409417592, 8981836.310765186324716 ], [ 776150.210152569808997, 8981836.06256159581244 ], [ 776149.839780359878205, 8981835.816003475338221 ], [ 776149.468314796336927, 8981835.571095705032349 ], [ 776149.095763235702179, 8981835.327843129634857 ], [ 776148.722133050207049, 8981835.086250569671392 ], [ 776148.347431637230329, 8981834.846322806552052 ], [ 776147.971666416153312, 8981834.608064586296678 ], [ 776147.594844823936, 8981834.371480630710721 ], [ 776147.216974321287125, 8981834.136575618758798 ], [ 776146.838062389055267, 8981833.903354205191135 ], [ 776146.458116527996026, 8981833.671821003779769 ], [ 776146.077144259703346, 8981833.441980598494411 ], [ 776145.695153126609512, 8981833.213837541639805 ], [ 776145.312150689656846, 8981832.987396348267794 ], [ 776144.928144532605074, 8981832.762661499902606 ], [ 776144.543142257374711, 8981832.539637446403503 ], [ 776144.157151483697817, 8981832.318328604102135 ], [ 776143.770179855404422, 8981832.098739352077246 ], [ 776143.382235031342134, 8981831.88087403960526 ], [ 776142.993324692710303, 8981831.664736978709698 ], [ 776142.603456537239254, 8981831.450332449749112 ], [ 776142.212638284545392, 8981831.237664693966508 ], [ 776141.820877671591006, 8981831.026737922802567 ], [ 776141.428182453615591, 8981830.817556312307715 ], [ 776141.034560403553769, 8981830.610124005004764 ], [ 776140.640019314130768, 8981830.404445104300976 ], [ 776140.244566996931098, 8981830.200523683801293 ], [ 776139.848211280303076, 8981829.9983637817204 ], [ 776139.450960011105053, 8981829.797969395294785 ], [ 776139.05282105167862, 8981829.599344499409199 ], [ 776138.653802286367863, 8981829.402493018656969 ], [ 776138.253911611856893, 8981829.207418853417039 ], [ 776137.853156947297975, 8981829.014125866815448 ], [ 776137.451546224649064, 8981828.822617881000042 ], [ 776137.049087394378148, 8981828.632898692041636 ], [ 776136.645788423833437, 8981828.444972055032849 ], [ 776136.241657297825441, 8981828.258841687813401 ], [ 776135.836702016880736, 8981828.074511274695396 ], [ 776135.430930596543476, 8981827.891984468325973 ], [ 776135.024351071100682, 8981827.711264878511429 ], [ 776134.616971487412229, 8981827.532356087118387 ], [ 776134.208799913409166, 8981827.355261629447341 ], [ 776133.799844426452182, 8981827.179985018447042 ], [ 776133.390113123925403, 8981827.006529720500112 ], [ 776132.979614117299207, 8981826.834899168461561 ], [ 776132.568355532479472, 8981826.665096763521433 ], [ 776132.156345510855317, 8981826.497125864028931 ], [ 776131.74359220941551, 8981826.330989796668291 ], [ 776131.330103799817152, 8981826.166691849008203 ], [ 776130.91588846675586, 8981826.004235275089741 ], [ 776130.500954409944825, 8981825.843623289838433 ], [ 776130.085309844929725, 8981825.684859074652195 ], [ 776129.668962998548523, 8981825.527945771813393 ], [ 775798.894953577779233, 8981701.705119399353862 ], [ 775798.768200480262749, 8981701.657768052071333 ], [ 775798.641383428242989, 8981701.610588258132339 ], [ 775798.514502653852105, 8981701.563580099493265 ], [ 775798.387558389571495, 8981701.51674366556108 ], [ 775798.260550867649727, 8981701.47007904201746 ], [ 775798.133480320218951, 8981701.423586312681437 ], [ 775798.006346980808303, 8981701.377265565097332 ], [ 775797.879151081549935, 8981701.331116881221533 ], [ 775797.751892855158076, 8981701.285140348598361 ], [ 775797.62457253516186, 8981701.239336047321558 ], [ 775797.497190354391932, 8981701.193704066798091 ], [ 775797.369746545911767, 8981701.148244485259056 ], [ 775797.242241343832575, 8981701.10295738838613 ], [ 775797.114674980519339, 8981701.0578428581357 ], [ 775796.987047690083273, 8981701.012900980189443 ], [ 775796.859359706519172, 8981700.968131830915809 ], [ 775796.731611262774095, 8981700.923535499721766 ], [ 775796.603802593424916, 8981700.879112061113119 ], [ 775796.475933932233602, 8981700.834861600771546 ], [ 775796.348005513194948, 8981700.790784198790789 ], [ 775796.220017570420168, 8981700.746879937127233 ], [ 775796.091970338835381, 8981700.703148892149329 ], [ 775795.963864052086137, 8981700.65959114767611 ], [ 775795.835698945331387, 8981700.616206781938672 ], [ 775795.707475253148004, 8981700.572995875030756 ], [ 775795.579193210112862, 8981700.529958505183458 ], [ 775795.450853051035665, 8981700.487094750627875 ], [ 775795.322455011075363, 8981700.444404693320394 ], [ 775795.19399932527449, 8981700.401888405904174 ], [ 775795.065486228559166, 8981700.359545972198248 ], [ 775794.936915956554003, 8981700.317377466708422 ], [ 775794.808288744417951, 8981700.275382965803146 ], [ 775794.679604827542789, 8981700.233562547713518 ], [ 775794.550864442018792, 8981700.191916288807988 ], [ 775794.42206782347057, 8981700.150444265455008 ], [ 775794.293215207173489, 8981700.109146552160382 ], [ 775794.164306829450652, 8981700.068023227155209 ], [ 775794.035342926275916, 8981700.027074363082647 ], [ 775793.906323733739555, 8981699.98630003631115 ], [ 775793.77724948793184, 8981699.945700321346521 ], [ 775793.648120425292291, 8981699.905275292694569 ], [ 775793.518936782376841, 8981699.865025022998452 ], [ 775793.389698795392178, 8981699.824949588626623 ], [ 775793.260406700777821, 8981699.785049062222242 ], [ 775793.131060735788196, 8981699.745323514565825 ], [ 775793.001661137444898, 8981699.705773018300533 ], [ 775792.872208141721785, 8981699.666397649794817 ], [ 775792.742701986455359, 8981699.627197476103902 ], [ 775792.613142908201553, 8981699.588172573596239 ], [ 775792.48353114456404, 8981699.549323011189699 ], [ 775792.353866932331584, 8981699.510648861527443 ], [ 775792.22415050980635, 8981699.472150193527341 ], [ 775792.094382113427855, 8981699.433827079832554 ], [ 775791.964561981381848, 8981699.395679589360952 ], [ 775791.834690351155587, 8981699.357707791030407 ], [ 775791.704767460818402, 8981699.319911755621433 ], [ 775791.574793548323214, 8981699.282291550189257 ], [ 775791.444768850808032, 8981699.244847245514393 ], [ 775791.314693606924266, 8981699.207578912377357 ], [ 775791.184568054974079, 8981699.170486615970731 ], [ 775791.05439243291039, 8981699.133570423349738 ], [ 775790.924166979035363, 8981699.09683040715754 ], [ 775790.793891931883991, 8981699.060266628861427 ], [ 775790.6635675302241, 8981699.023879155516624 ], [ 775790.533194012008607, 8981698.987668059766293 ], [ 775790.402771616703831, 8981698.951633401215076 ], [ 775790.272300582146272, 8981698.915775252506137 ], [ 775790.141781148035079, 8981698.880093673244119 ], [ 775790.011213553370908, 8981698.844588728621602 ], [ 775789.880598036572337, 8981698.809260489419103 ], [ 775789.749934837105684, 8981698.77410901710391 ], [ 775789.61922419432085, 8981698.739134373143315 ], [ 775789.488466347451322, 8981698.704336626455188 ], [ 775789.357661535730585, 8981698.669715836644173 ], [ 775789.226809998741373, 8981698.635272070765495 ], [ 775789.095911976066418, 8981698.601005390286446 ], [ 775788.964967707055621, 8981698.566915858536959 ], [ 775788.833977432106622, 8981698.533003535121679 ], [ 775788.702941390685737, 8981698.499268485233188 ], [ 775788.571859822724946, 8981698.465710768476129 ], [ 775788.440732968156226, 8981698.432330448180437 ], [ 775788.309561067027971, 8981698.399127583950758 ], [ 775788.178344359621406, 8981698.366102239117026 ], [ 775788.047083086101338, 8981698.333254471421242 ], [ 775787.915777486865409, 8981698.300584340468049 ], [ 775787.784427802311257, 8981698.268091909587383 ], [ 775787.653034272720106, 8981698.235777236521244 ], [ 775787.521597138606012, 8981698.203640379011631 ], [ 775787.390116640832275, 8981698.171681396663189 ], [ 775787.258593020495027, 8981698.139900349080563 ], [ 775787.127026517526247, 8981698.108297294005752 ], [ 775786.995417373720556, 8981698.07687228731811 ], [ 775786.863765829242766, 8981698.045625390484929 ], [ 775786.732072125654668, 8981698.014556655660272 ], [ 775786.600336503703147, 8981697.983666146174073 ], [ 775786.468559204484336, 8981697.952953912317753 ], [ 775786.336740470025688, 8981697.922420013695955 ], [ 775786.204880540957674, 8981697.892064506188035 ], [ 775786.072979658958502, 8981697.861887443810701 ], [ 775785.941038065357134, 8981697.831888882443309 ], [ 775785.809056001715362, 8981697.802068877965212 ], [ 775785.677033709944226, 8981697.77242748439312 ], [ 775785.544971431605518, 8981697.742964753881097 ], [ 775785.412869408959523, 8981697.713680742308497 ], [ 775785.280727882869542, 8981697.684575505554676 ], [ 775785.14854709582869, 8981697.655649093911052 ], [ 775785.01632728963159, 8981697.626901561394334 ], [ 775784.884068706654944, 8981697.598332960158587 ], [ 775784.751771588693373, 8981697.569943342357874 ], [ 775784.619436178472824, 8981697.54173276014626 ], [ 775784.487062718020752, 8981697.513701263815165 ], [ 775784.35465144936461, 8981697.485848909243941 ], [ 775784.22220261534676, 8981697.458175742998719 ], [ 775784.089716458343901, 8981697.430681815370917 ], [ 775783.957193220849149, 8981697.403367180377245 ], [ 775783.824633145704865, 8981697.376231886446476 ], [ 775783.69203647505492, 8981697.349275982007384 ], [ 775783.55940345232375, 8981697.322499517351389 ], [ 775783.426734320353717, 8981697.295902540907264 ], [ 775783.29402932128869, 8981697.269485102966428 ], [ 775783.161288698785938, 8981697.243247251957655 ], [ 775783.028512695687823, 8981697.217189032584429 ], [ 775782.895701555185951, 8981697.191310495138168 ], [ 775782.762855519773439, 8981697.165611688047647 ], [ 775782.62997483368963, 8981697.140092654153705 ], [ 775782.497059739544056, 8981697.114753445610404 ], [ 775782.364110481226817, 8981697.089594103395939 ], [ 775782.231127301580273, 8981697.064614677801728 ], [ 775782.098110443912446, 8981697.039815215393901 ], [ 775781.96506015281193, 8981697.01519575715065 ], [ 775781.831976670539007, 8981696.990756349638104 ], [ 775781.698860242031515, 8981696.966497039422393 ], [ 775781.565711109782569, 8981696.942417869344354 ], [ 775781.432529518730007, 8981696.918518884107471 ], [ 775781.299315711483359, 8981696.894800128415227 ], [ 775781.166069932980463, 8981696.871261643245816 ], [ 775781.032792427111417, 8981696.847903471440077 ], [ 775780.89948343730066, 8981696.824725657701492 ], [ 775780.766143207787536, 8981696.801728246733546 ], [ 775780.632771982694976, 8981696.778911275789142 ], [ 775780.499370006495155, 8981696.756274789571762 ], [ 775780.365937523311004, 8981696.733818829059601 ], [ 775780.232474777149037, 8981696.711543435230851 ], [ 775780.098982012830675, 8981696.689448647201061 ], [ 775779.965459474246018, 8981696.667534509673715 ], [ 775779.831907406332903, 8981696.645801058039069 ], [ 775779.698326053214259, 8981696.624248335137963 ], [ 775779.564715659944341, 8981696.602876376360655 ], [ 775779.431076470646076, 8981696.581685226410627 ], [ 775779.297408730140887, 8981696.560674920678139 ], [ 775779.163712683366612, 8981696.539845498278737 ], [ 775779.029988574562594, 8981696.519197000190616 ], [ 775778.896236649132334, 8981696.498729459941387 ], [ 775778.762457151780836, 8981696.4784429166466 ], [ 775778.628650327213109, 8981696.458337407559156 ], [ 775778.494816420599818, 8981696.438412968069315 ], [ 775778.360955677111633, 8981696.418669637292624 ], [ 775778.227068341919221, 8981696.399107448756695 ], [ 775778.093154659494758, 8981696.379726441577077 ], [ 775777.959214875940233, 8981696.360526647418737 ], [ 775777.825249235611409, 8981696.341508103534579 ], [ 775777.691257984144613, 8981696.32267084531486 ], [ 775777.557241366710514, 8981696.304014906287193 ], [ 775777.423199629294686, 8981696.285540318116546 ], [ 775777.28913301625289, 8981696.267247121781111 ], [ 775777.155041774269193, 8981696.249135343357921 ], [ 775777.020926147932187, 8981696.231205018237233 ], [ 775776.886786382528953, 8981696.213456181809306 ], [ 775776.75262272474356, 8981696.195888863876462 ], [ 775776.618435419630259, 8981696.178503096103668 ], [ 775776.48422471282538, 8981696.161298913881183 ], [ 775776.349990849965252, 8981696.144276343286037 ], [ 775776.215734076919034, 8981696.127435421571136 ], [ 775776.081454639439471, 8981696.110776176676154 ], [ 775775.947152783744968, 8981696.094298636540771 ], [ 775775.81282875535544, 8981696.078002834692597 ], [ 775775.6784827997908, 8981696.061888802796602 ], [ 775775.544115163851529, 8981696.045956565067172 ], [ 775775.409726093173958, 8981696.030206153169274 ], [ 775775.275315833860077, 8981696.014637596905231 ], [ 775775.275315833976492, 8981696.014637596905231 ], [ 775253.117100466857664, 8981635.891739511862397 ], [ 775252.876965720788576, 8981635.863795502111316 ], [ 775252.636899232980795, 8981635.835271036252379 ], [ 775252.396902405307628, 8981635.806166280061007 ], [ 775252.156976641621441, 8981635.776481406763196 ], [ 775251.917123343679123, 8981635.746216585859656 ], [ 775251.677343913121149, 8981635.715371996164322 ], [ 775251.43763975193724, 8981635.683947818353772 ], [ 775251.198012260370888, 8981635.651944236829877 ], [ 775250.958462839364074, 8981635.619361435994506 ], [ 775250.718992889276706, 8981635.586199607700109 ], [ 775250.479603808838874, 8981635.552458947524428 ], [ 775250.24029699829407, 8981635.518139649182558 ], [ 775250.001073855091818, 8981635.48324191570282 ], [ 775249.761935778311454, 8981635.447765950113535 ], [ 775249.522884165402502, 8981635.411711959168315 ], [ 775249.28392041369807, 8981635.375080153346062 ], [ 775249.04504591866862, 8981635.337870750576258 ], [ 775248.806262078112923, 8981635.30008396320045 ], [ 775248.567570286453702, 8981635.261720014736056 ], [ 775248.328971938812174, 8981635.22277913056314 ], [ 775248.090468430076726, 8981635.183261536061764 ], [ 775247.852061154204421, 8981635.143167462199926 ], [ 775247.613751504570246, 8981635.102497143670917 ], [ 775247.37554087373428, 8981635.061250818893313 ], [ 775247.137430653790943, 8981635.019428730010986 ], [ 775246.899422236834653, 8981634.97703112103045 ], [ 775246.66151701414492, 8981634.934058234095573 ], [ 775246.423716375255026, 8981634.890510328114033 ], [ 775246.18602171051316, 8981634.846387654542923 ], [ 775245.948434409569018, 8981634.801690470427275 ], [ 775245.710955860442482, 8981634.756419036537409 ], [ 775245.473587451502681, 8981634.710573619231582 ], [ 775245.236330569372512, 8981634.66415448859334 ], [ 775244.999186601256952, 8981634.61716191098094 ], [ 775244.76215693296399, 8981634.569596163928509 ], [ 775244.525242950185202, 8981634.521457523107529 ], [ 775244.288446037215181, 8981634.472746273502707 ], [ 775244.051767577999271, 8981634.423462696373463 ], [ 775243.815208956017159, 8981634.373607082292438 ], [ 775243.578771553467959, 8981634.323179723694921 ], [ 775243.342456752783619, 8981634.27218090929091 ], [ 775243.106265934649855, 8981634.22061094455421 ], [ 775242.870200479752384, 8981634.168470125645399 ], [ 775242.634261767845601, 8981634.115758759900928 ], [ 775242.398451177868992, 8981634.0624771527946 ], [ 775242.162770088412799, 8981634.0086256172508 ], [ 775241.927219875855371, 8981633.954204469919205 ], [ 775241.691801917389967, 8981633.899214027449489 ], [ 775241.456517588929273, 8981633.843654610216618 ], [ 775241.221368266269565, 8981633.787526544183493 ], [ 775240.986355322995223, 8981633.730830155313015 ], [ 775240.7514801324578, 8981633.673565778881311 ], [ 775240.516744068358094, 8981633.615733744576573 ], [ 775240.282148501602933, 8981633.557334396988153 ], [ 775240.047694803914055, 8981633.498368069529533 ], [ 775239.813384345150553, 8981633.438835114240646 ], [ 775239.579218495520763, 8981633.3787358738482 ], [ 775239.345198622555472, 8981633.318070702254772 ], [ 775239.111326095182449, 8981633.256839951500297 ], [ 775238.877602278720587, 8981633.195043982937932 ], [ 775238.644028540700674, 8981633.132683156058192 ], [ 775238.410606245859526, 8981633.069757834076881 ], [ 775238.177336757886223, 8981633.006268385797739 ], [ 775237.944221440586261, 8981632.942215183749795 ], [ 775237.711261656484567, 8981632.877598600462079 ], [ 775237.478458766825497, 8981632.812419014051557 ], [ 775237.24581413238775, 8981632.746676804497838 ], [ 775237.013329113135114, 8981632.680372357368469 ], [ 775236.78100506728515, 8981632.613506061956286 ], [ 775236.548843353055418, 8981632.546078303828835 ], [ 775236.316845327382907, 8981632.478089481592178 ], [ 775236.085012345458381, 8981632.409539991989732 ], [ 775235.853345763869584, 8981632.340430233627558 ], [ 775235.621846934780478, 8981632.270760612562299 ], [ 775235.390517212334089, 8981632.200531534850597 ], [ 775235.159357947530225, 8981632.129743412137032 ], [ 775234.928370492998511, 8981632.058396654203534 ], [ 775234.697556197061203, 8981631.986491685733199 ], [ 775234.466916409903206, 8981631.914028918370605 ], [ 775234.236452478915453, 8981631.841008780524135 ], [ 775234.006165751605295, 8981631.767431698739529 ], [ 775233.776057572918944, 8981631.693298101425171 ], [ 775233.546129289316013, 8981631.618608422577381 ], [ 775233.316382242832333, 8981631.543363099917769 ], [ 775233.086817777366377, 8981631.467562571167946 ], [ 775232.857437234371901, 8981631.391207281500101 ], [ 775232.628241953789257, 8981631.314297676086426 ], [ 775232.399233276606537, 8981631.236834201961756 ], [ 775232.17041254020296, 8981631.158817317336798 ], [ 775231.941781081841327, 8981631.080247474834323 ], [ 775231.713340238551609, 8981631.001125130802393 ], [ 775231.485091345035471, 8981630.92145075276494 ], [ 775231.25703573494684, 8981630.841224806383252 ], [ 775231.029174741939642, 8981630.760447755455971 ], [ 775230.801509697223082, 8981630.679120076820254 ], [ 775230.574041931307875, 8981630.597242245450616 ], [ 775230.346772774355486, 8981630.514814736321568 ], [ 775230.11970355338417, 8981630.431838035583496 ], [ 775229.89283559715841, 8981630.348312625661492 ], [ 775229.666170230135322, 8981630.264238994568586 ], [ 775229.439708777936175, 8981630.179617634043097 ], [ 775229.213452563853934, 8981630.094449039548635 ], [ 775228.987402910599485, 8981630.00873370654881 ], [ 775228.761561138438992, 8981629.922472141683102 ], [ 775228.535928568569943, 8981629.83566484041512 ], [ 775228.310506518697366, 8981629.748312316834927 ], [ 775228.085296306875534, 8981629.660415079444647 ], [ 775227.860299248364754, 8981629.571973644196987 ], [ 775227.635516660055146, 8981629.482988521456718 ], [ 775227.410949853714556, 8981629.393460238352418 ], [ 775227.186600143206306, 8981629.303389314562082 ], [ 775226.962468839017674, 8981629.212776279076934 ], [ 775226.738557251286693, 8981629.12162165902555 ], [ 775226.514866689103656, 8981629.029925985261798 ], [ 775226.29139845923055, 8981628.937689797952771 ], [ 775226.068153867963701, 8981628.844913635402918 ], [ 775225.845134220202453, 8981628.751598039641976 ], [ 775225.622340819332749, 8981628.657743552699685 ], [ 775225.3997749669943, 8981628.563350729644299 ], [ 775225.177437964943238, 8981628.468420116230845 ], [ 775224.955331112374552, 8981628.37295226752758 ], [ 775224.733455706387758, 8981628.276947746053338 ], [ 775224.511813045246527, 8981628.180407108739018 ], [ 775224.290404422790743, 8981628.083330923691392 ], [ 775224.069231134722941, 8981627.985719753429294 ], [ 775223.848294472321868, 8981627.887574171647429 ], [ 775223.627595727797598, 8981627.78889475017786 ], [ 775223.407136189984158, 8981627.689682070165873 ], [ 775223.186917148763314, 8981627.589936705306172 ], [ 775222.966939889942296, 8981627.489659242331982 ], [ 775222.747205699677579, 8981627.388850266113877 ], [ 775222.527715862845071, 8981627.287510365247726 ], [ 775222.30847166152671, 8981627.185640133917332 ], [ 775222.089474377222359, 8981627.083240166306496 ], [ 775221.870725289452821, 8981626.980311062186956 ], [ 775221.652225677622482, 8981626.876853421330452 ], [ 775221.433976818341762, 8981626.772867847234011 ], [ 775221.215979987173341, 8981626.668354950845242 ], [ 775220.998236458282918, 8981626.563315341249108 ], [ 775220.780747504089959, 8981626.45774963311851 ], [ 775220.563514395966195, 8981626.351658442988992 ], [ 775220.346538403304294, 8981626.245042391121387 ], [ 775220.129820794332772, 8981626.137902101501822 ], [ 775219.913362835533917, 8981626.030238198116422 ], [ 775219.697165792109445, 8981625.922051312401891 ], [ 775219.48123092786409, 8981625.81334207393229 ], [ 775219.265559504623525, 8981625.704111121594906 ], [ 775219.050152783049271, 8981625.594359090551734 ], [ 775218.835012021707371, 8981625.484086625277996 ], [ 775218.620138478232548, 8981625.373294368386269 ], [ 775218.405533408513293, 8981625.261982966214418 ], [ 775218.191198067273945, 8981625.150153070688248 ], [ 775217.977133706444874, 8981625.037805337458849 ], [ 775217.76334157702513, 8981624.924940422177315 ], [ 775217.549822929664515, 8981624.811558980494738 ], [ 775217.336579011403956, 8981624.697661679238081 ], [ 775217.123611068353057, 8981624.583249183371663 ], [ 775216.910920345690101, 8981624.468322161585093 ], [ 775216.698508086497895, 8981624.352881284430623 ], [ 775216.486375532113016, 8981624.236927226185799 ], [ 775216.27452392259147, 8981624.120460668578744 ], [ 775216.062954495660961, 8981624.003482287749648 ], [ 775215.85166848753579, 8981623.885992771014571 ], [ 775215.64066713466309, 8981623.767992800101638 ], [ 775215.429951668251306, 8981623.649483069777489 ], [ 775215.219523321138695, 8981623.530464271083474 ], [ 775215.009383322903886, 8981623.41093709692359 ], [ 775214.799532902077772, 8981623.290902247652411 ], [ 775214.589973284164444, 8981623.170360429212451 ], [ 775214.380705695017241, 8981623.049312338232994 ], [ 775214.171731356647797, 8981622.927758688107133 ], [ 775213.963051491300575, 8981622.805700186640024 ], [ 775213.754667318542488, 8981622.68313754722476 ], [ 775213.546580055612139, 8981622.560071488842368 ], [ 775213.338790919515304, 8981622.436502726748586 ], [ 775213.131301123765297, 8981622.312431987375021 ], [ 775212.924111881759018, 8981622.187859991565347 ], [ 775212.717224404565059, 8981622.062787469476461 ], [ 775212.51063990034163, 8981621.937215154990554 ], [ 775212.304359577712603, 8981621.811143776401877 ], [ 774911.467147870687768, 8981437.450030887499452 ], [ 774911.176547441864386, 8981437.27126051299274 ], [ 774910.886558642028831, 8981437.09149969369173 ], [ 774910.597184846643358, 8981436.910750523209572 ], [ 774910.30842942558229, 8981436.729015102609992 ], [ 774910.020295737078413, 8981436.546295553445816 ], [ 774909.732787137618288, 8981436.362593997269869 ], [ 774909.445906973793171, 8981436.177912576124072 ], [ 774909.159658584510908, 8981435.992253437638283 ], [ 774908.874045303091407, 8981435.805618740618229 ], [ 774908.589070452493615, 8981435.618010664358735 ], [ 774908.304737350787036, 8981435.429431388154626 ], [ 774908.021049309056252, 8981435.239883106201887 ], [ 774907.738009627675638, 8981435.049368027597666 ], [ 774907.455621602595784, 8981434.857888370752335 ], [ 774907.173888520570472, 8981434.665446361526847 ], [ 774906.892813661019318, 8981434.472044242545962 ], [ 774906.612400296842679, 8981434.277684263885021 ], [ 774906.332651690929197, 8981434.08236868865788 ], [ 774906.053571100928821, 8981433.886099791154265 ], [ 774905.775161775527522, 8981433.688879854977131 ], [ 774905.497426954214461, 8981433.4907111749053 ], [ 774905.22036987170577, 8981433.291596060618758 ], [ 774904.943993752007373, 8981433.091536827385426 ], [ 774904.668301812605932, 8981432.890535805374384 ], [ 774904.393297263304703, 8981432.688595334067941 ], [ 774904.118983304710127, 8981432.485717764124274 ], [ 774903.84536313067656, 8981432.281905457377434 ], [ 774903.572439925861545, 8981432.077160784974694 ], [ 774903.300216866889969, 8981431.871486132964492 ], [ 774903.028697123983875, 8981431.664883894845843 ], [ 774902.757883856422268, 8981431.457356473430991 ], [ 774902.487780218012631, 8981431.248906286433339 ], [ 774902.218389350688085, 8981431.039535760879517 ], [ 774901.949714393704198, 8981430.829247331246734 ], [ 774901.681758472346701, 8981430.618043448776007 ], [ 774901.414524705382064, 8981430.405926570296288 ], [ 774901.148016204941086, 8981430.192899165675044 ], [ 774900.882236073026434, 8981429.97896371409297 ], [ 774900.617187403724529, 8981429.764122704043984 ], [ 774900.352873281575739, 8981429.548378640785813 ], [ 774900.089296785066836, 8981429.331734031438828 ], [ 774899.826460979413241, 8981429.114191401749849 ], [ 774899.564368927734904, 8981428.895753281190991 ], [ 774899.303023678367026, 8981428.676422215998173 ], [ 774899.042428275104612, 8981428.456200754269958 ], [ 774898.78258575045038, 8981428.235091462731361 ], [ 774898.523499129922129, 8981428.013096915557981 ], [ 774898.265171430422924, 8981427.790219694375992 ], [ 774898.007605656166561, 8981427.566462397575378 ], [ 774897.750804806943052, 8981427.341827627271414 ], [ 774897.49477187381126, 8981427.116317996755242 ], [ 774897.239509833976626, 8981426.88993613421917 ], [ 774896.985021660919301, 8981426.662684675306082 ], [ 774896.731310317292809, 8981426.434566263109446 ], [ 774896.478378756553866, 8981426.205583551898599 ], [ 774896.226229920634069, 8981425.97573921084404 ], [ 774895.974866747274064, 8981425.745035914704204 ], [ 774895.724292161874473, 8981425.51347634755075 ], [ 774895.474509080289863, 8981425.281063206493855 ], [ 774895.225520411855541, 8981425.047799194231629 ], [ 774894.977329054265283, 8981424.813687028363347 ], [ 774894.7299378963653, 8981424.578729433938861 ], [ 774894.483349817921408, 8981424.34292914532125 ], [ 774894.237567689735442, 8981424.106288909912109 ], [ 774893.992594372131862, 8981423.868811478838325 ], [ 774893.748432717868127, 8981423.630499618127942 ], [ 774893.505085569107905, 8981423.391356103122234 ], [ 774893.262555757537484, 8981423.151383714750409 ], [ 774893.020846108323894, 8981422.910585248842835 ], [ 774892.779959433362819, 8981422.668963506817818 ], [ 774892.539898536866531, 8981422.426521303132176 ], [ 774892.300666213734075, 8981422.183261459693313 ], [ 774892.062265249202028, 8981421.939186805859208 ], [ 774891.824698416981846, 8981421.694300185889006 ], [ 774891.587968485197052, 8981421.448604449629784 ], [ 774891.352078205905855, 8981421.202102456241846 ], [ 774891.117030328488909, 8981420.954797076061368 ], [ 774890.882827587425709, 8981420.706691186875105 ], [ 774890.649472709395923, 8981420.457787677645683 ], [ 774890.416968411067501, 8981420.20808944478631 ], [ 774890.185317398514599, 8981419.957599395886064 ], [ 774889.954522368148901, 8981419.706320445984602 ], [ 774889.72458600695245, 8981419.4542555231601 ], [ 774889.495510990615003, 8981419.201407557353377 ], [ 774889.267299988190643, 8981418.94777949526906 ], [ 774889.039955653599463, 8981418.693374287337065 ], [ 774888.813480633427389, 8981418.438194897025824 ], [ 774888.587877566227689, 8981418.182244291529059 ], [ 774888.363149076700211, 8981417.925525452941656 ], [ 774888.139297780697234, 8981417.668041368946433 ], [ 774887.9163262846414, 8981417.409795036539435 ], [ 774887.694237183663063, 8981417.150789462029934 ], [ 774887.473033062880859, 8981416.891027661040425 ], [ 774887.252716498915106, 8981416.630512656643987 ], [ 774887.033290054183453, 8981416.369247481226921 ], [ 774886.814756282721646, 8981416.107235178351402 ], [ 774886.597117731114849, 8981415.844478795304894 ], [ 774886.380376930697821, 8981415.580981392413378 ], [ 774886.164536404889077, 8981415.316746035590768 ], [ 774885.949598666280508, 8981415.051775801926851 ], [ 774885.735566216986626, 8981414.786073775961995 ], [ 774885.522441548993811, 8981414.519643049687147 ], [ 774885.310227142763324, 8981414.252486724406481 ], [ 774885.098925468395464, 8981413.984607910737395 ], [ 774884.888538987375796, 8981413.71600972674787 ], [ 774884.67907014512457, 8981413.446695299819112 ], [ 774884.470521383802406, 8981413.176667764782906 ], [ 774884.262895128224045, 8981412.905930263921618 ], [ 774884.056193797267042, 8981412.634485948830843 ], [ 774883.850419795955531, 8981412.362337980419397 ], [ 774883.645575519651175, 8981412.08948952704668 ], [ 774883.441663352772593, 8981411.815943764522672 ], [ 774883.238685670890845, 8981411.541703876107931 ], [ 774883.036644834675826, 8981411.266773054376245 ], [ 774882.835543197114021, 8981410.991154499351978 ], [ 774882.635383099317551, 8981410.714851420372725 ], [ 774882.436166870058514, 8981410.437867034226656 ], [ 774882.23789682937786, 8981410.160204565152526 ], [ 774882.040575284860097, 8981409.881867242977023 ], [ 774881.844204533379525, 8981409.602858312427998 ], [ 774881.648786861333065, 8981409.323181016370654 ], [ 774881.454324544174597, 8981409.042838612571359 ], [ 774881.260819843737409, 8981408.761834364384413 ], [ 774881.068275014054962, 8981408.480171544477344 ], [ 774880.876692296471447, 8981408.197853427380323 ], [ 774880.686073919176124, 8981407.914883306249976 ], [ 774880.496422103256918, 8981407.63126446865499 ], [ 774880.307739056181163, 8981407.347000217065215 ], [ 774880.120026974589564, 8981407.062093863263726 ], [ 774879.933288041036576, 8981406.776548724621534 ], [ 774879.747524432954378, 8981406.490368120372295 ], [ 774879.562738310778514, 8981406.203555384650826 ], [ 774879.378931824117899, 8981405.91611385717988 ], [ 774879.196107115596533, 8981405.628046883270144 ], [ 774879.014266312355176, 8981405.339357813820243 ], [ 774878.833411530475132, 8981405.050050012767315 ], [ 774878.65354487625882, 8981404.7601268440485 ], [ 774878.474668441805989, 8981404.469591688364744 ], [ 774878.296784312231466, 8981404.178447920829058 ], [ 774878.119894554489292, 8981403.886698937043548 ], [ 774877.944001231109723, 8981403.594348128885031 ], [ 774877.769106387393549, 8981403.301398903131485 ], [ 774877.595212060492486, 8981403.007854664698243 ], [ 774877.422320274286903, 8981402.713718835264444 ], [ 774877.250433041714132, 8981402.418994836509228 ], [ 774877.079552362323739, 8981402.123686099424958 ], [ 774876.90968022600282, 8981401.827796064317226 ], [ 774876.740818612161092, 8981401.531328171491623 ], [ 774876.572969483211637, 8981401.234285874292254 ], [ 774876.40613479539752, 8981400.936672629788518 ], [ 774876.240316489362158, 8981400.638491904363036 ], [ 774876.07551649666857, 8981400.339747166261077 ], [ 774875.911736734677106, 8981400.040441894903779 ], [ 774875.748979110154323, 8981399.740579573437572 ], [ 774875.587245518225245, 8981399.440163692459464 ], [ 774875.426537840743549, 8981399.139197750017047 ], [ 774875.266857949318364, 8981398.837685247883201 ], [ 774875.108207702403888, 8981398.535629697144032 ], [ 774874.950588946114294, 8981398.233034616336226 ], [ 774874.794003516552038, 8981397.929903522133827 ], [ 774874.638453235034831, 8981397.626239949837327 ], [ 774874.48393991345074, 8981397.322047429159284 ], [ 774874.33046535064932, 8981397.017329500988126 ], [ 774874.178031331626698, 8981396.712089717388153 ], [ 774874.026639632764272, 8981396.406331626698375 ], [ 774873.876292014727369, 8981396.100058792158961 ], [ 774873.726990228402428, 8981395.793274775147438 ], [ 774873.578736011986621, 8981395.485983148217201 ], [ 774873.431531090056524, 8981395.178187491372228 ], [ 774873.285377178224735, 8981394.869891382753849 ], [ 774873.14027597673703, 8981394.561098413541913 ], [ 774872.996229173615575, 8981394.251812180504203 ], [ 774872.853238447685726, 8981393.942036280408502 ], [ 774872.711305462289602, 8981393.631774319335818 ], [ 774872.570431870175526, 8981393.321029910817742 ], [ 774872.430619311402552, 8981393.009806672111154 ], [ 774872.291869411244988, 8981392.698108226060867 ], [ 774872.154183787642978, 8981392.385938201099634 ], [ 774872.017564042354934, 8981392.073300229385495 ], [ 774871.882011765963398, 8981391.760197950527072 ], [ 774871.882011765846983, 8981391.760197950527072 ], [ 774388.116759873344563, 8980269.097254972904921 ], [ 774388.116759873460978, 8980269.097254972904921 ], [ 774388.056976263760589, 8980268.958803871646523 ], [ 774387.996983928605914, 8980268.820443086326122 ], [ 774387.936783005017787, 8980268.682172929868102 ], [ 774387.876373627106659, 8980268.543993718922138 ], [ 774387.815755935385823, 8980268.405905766412616 ], [ 774387.754930065595545, 8980268.267909387126565 ], [ 774387.693896155105904, 8980268.130004893988371 ], [ 774387.632654346292838, 8980267.992192601785064 ], [ 774387.571204776177183, 8980267.854472821578383 ], [ 774387.509547584340908, 8980267.716845870018005 ], [ 774387.447682911180891, 8980267.579312058165669 ], [ 774387.385610897443257, 8980267.441871697083116 ], [ 774387.32333168562036, 8980267.304525103420019 ], [ 774387.260845414828509, 8980267.167272586375475 ], [ 774387.198152229073457, 8980267.030114460736513 ], [ 774387.135252270847559, 8980266.893051035702229 ], [ 774387.072145682643168, 8980266.756082622334361 ], [ 774387.008832608466037, 8980266.619209535419941 ], [ 774386.94531319104135, 8980266.482432086020708 ], [ 774386.881587577634491, 8980266.345750581473112 ], [ 774386.817655909224413, 8980266.209165338426828 ], [ 774386.753518334822729, 8980266.072676660493016 ], [ 774386.689174997038208, 8980265.936284864321351 ], [ 774386.624626045115292, 8980265.799990257248282 ], [ 774386.559871624805965, 8980265.663793148472905 ], [ 774386.494911883724853, 8980265.527693849056959 ], [ 774386.429746967740357, 8980265.391692668199539 ], [ 774386.364377027726732, 8980265.25578991509974 ], [ 774386.298802209435962, 8980265.119985900819302 ], [ 774386.233022665604949, 8980264.984280930832028 ], [ 774386.167038542102091, 8980264.84867531619966 ], [ 774386.10084999143146, 8980264.713169364258647 ], [ 774386.034457164467312, 8980264.577763382345438 ], [ 774385.967860210454091, 8980264.442457679659128 ], [ 774385.901059282012284, 8980264.307252565398812 ], [ 774385.834054530248977, 8980264.17214834317565 ], [ 774385.766846107435413, 8980264.03714532405138 ], [ 774385.699434166424908, 8980263.902243815362453 ], [ 774385.631818862864748, 8980263.767444118857384 ], [ 774385.564000347745605, 8980263.632746545597911 ], [ 774385.495978777064011, 8980263.498151399195194 ], [ 774385.427754303440452, 8980263.363658988848329 ], [ 774385.359327084384859, 8980263.229269618168473 ], [ 774385.290697272634134, 8980263.094983594492078 ], [ 774385.221865028841421, 8980262.960801219567657 ], [ 774385.152830504113808, 8980262.826722804456949 ], [ 774385.08359385933727, 8980262.692748649045825 ], [ 774385.014155252021737, 8980262.558879058808088 ], [ 774384.944514838163741, 8980262.425114339217544 ], [ 774384.874672775389627, 8980262.291454795747995 ], [ 774384.804629226098768, 8980262.157900730147958 ], [ 774384.734384346404113, 8980262.024452447891235 ], [ 774384.663938296958804, 8980261.891110250726342 ], [ 774384.593291237251833, 8980261.757874444127083 ], [ 774384.522443329566158, 8980261.624745329841971 ], [ 774384.451394735020585, 8980261.491723209619522 ], [ 774384.380145614384674, 8980261.358808387070894 ], [ 774384.308696130174212, 8980261.226001163944602 ], [ 774384.237046443275176, 8980261.09330184198916 ], [ 774384.165196717949584, 8980260.960710726678371 ], [ 774384.09314711834304, 8980260.828228114172816 ], [ 774384.020897808484733, 8980260.695854308083653 ], [ 774383.948448949493468, 8980260.563589610159397 ], [ 774383.875800710287876, 8980260.431434320285916 ], [ 774383.802953253383748, 8980260.299388740211725 ], [ 774383.729906744789332, 8980260.167453169822693 ], [ 774383.65666135167703, 8980260.035627907142043 ], [ 774383.583217238541692, 8980259.903913255780935 ], [ 774383.509574575582519, 8980259.772309511899948 ], [ 774383.435733527527191, 8980259.640816975384951 ], [ 774383.361694264691323, 8980259.509435946121812 ], [ 774383.287456953083165, 8980259.378166723996401 ], [ 774383.213021763251163, 8980259.247009605169296 ], [ 774383.138388864463195, 8980259.115964889526367 ], [ 774383.063558423775248, 8980258.985032875090837 ], [ 774382.988530615461059, 8980258.854213858023286 ], [ 774382.913305606809445, 8980258.723508136346936 ], [ 774382.837883571744896, 8980258.592916008085012 ], [ 774382.762264679302461, 8980258.462437771260738 ], [ 774382.686449101893231, 8980258.332073722034693 ], [ 774382.610437013208866, 8980258.201824154704809 ], [ 774382.534228584147058, 8980258.071689369156957 ], [ 774382.457823991659097, 8980257.941669655963778 ], [ 774382.381223404896446, 8980257.811765316873789 ], [ 774382.304427001043223, 8980257.681976644322276 ], [ 774382.227434953907505, 8980257.552303932607174 ], [ 774382.150247438927181, 8980257.422747479751706 ], [ 774382.072864631656557, 8980257.293307576328516 ], [ 774381.995286707649939, 8980257.163984518498182 ], [ 774381.91751384397503, 8980257.034778602421284 ], [ 774381.839546216186136, 8980256.905690120533109 ], [ 774381.761384002864361, 8980256.776719365268946 ], [ 774381.683027381077409, 8980256.647866630926728 ], [ 774381.60447652975563, 8980256.519132209941745 ], [ 774381.525731627363712, 8980256.390516396611929 ], [ 774381.446792852715589, 8980256.262019481509924 ], [ 774381.36766038602218, 8980256.133641757071018 ], [ 774381.288334404467605, 8980256.005383517593145 ], [ 774381.208815092919394, 8980255.877245051786304 ], [ 774381.129102628561668, 8980255.749226653948426 ], [ 774381.049197194981389, 8980255.621328612789512 ], [ 774380.969098972389475, 8980255.493551220744848 ], [ 774380.888808142510243, 8980255.365894766524434 ], [ 774380.808324890444055, 8980255.238359542563558 ], [ 774380.727649396634661, 8980255.110945839434862 ], [ 774380.646781847346574, 8980254.983653943985701 ], [ 774380.565722423256375, 8980254.856484146788716 ], [ 774380.484471310512163, 8980254.729436738416553 ], [ 774380.403028694563545, 8980254.602512007579207 ], [ 774380.321394758531824, 8980254.475710241124034 ], [ 774380.239569690660574, 8980254.34903172776103 ], [ 774380.157553674303927, 8980254.22247675806284 ], [ 774380.075346899451688, 8980254.09604561701417 ], [ 774379.992949549225159, 8980253.969738595187664 ], [ 774379.91036181349773, 8980253.84355597756803 ], [ 774379.827583878766745, 8980253.717498051002622 ], [ 774379.744615933275782, 8980253.591565102338791 ], [ 774379.661458168178797, 8980253.465757418423891 ], [ 774379.578110768576153, 8980253.340075286105275 ], [ 774379.494573927135207, 8980253.214518990367651 ], [ 774379.410847833729349, 8980253.089088816195726 ], [ 774379.326932677999139, 8980252.963785050436854 ], [ 774379.24282864946872, 8980252.838607976213098 ], [ 774379.158535941154696, 8980252.713557880371809 ], [ 774379.07405474409461, 8980252.588635046035051 ], [ 774378.989385251305066, 8980252.463839756324887 ], [ 774378.904527655453421, 8980252.339172296226025 ], [ 774378.819482147810049, 8980252.214632948860526 ], [ 774378.734248922672123, 8980252.090221999213099 ], [ 774378.648828172706999, 8980251.965939728543162 ], [ 774378.563220095587894, 8980251.841786418110132 ], [ 774378.477424882468767, 8980251.717762352898717 ], [ 774378.391442729043774, 8980251.593867814168334 ], [ 774378.305273832986131, 8980251.470103083178401 ], [ 774378.218918389989994, 8980251.346468441188335 ], [ 774378.132376592839137, 8980251.2229641713202 ], [ 774378.045648643630557, 8980251.099590551108122 ], [ 774377.958734735031612, 8980250.976347865536809 ], [ 774377.871635067742318, 8980250.853236390277743 ], [ 774377.784349837223999, 8980250.730256408452988 ], [ 774377.696879244293086, 8980250.607408199459314 ], [ 774377.609223486157134, 8980250.484692040830851 ], [ 774377.521382764913142, 8980250.362108213827014 ], [ 774377.433357277768664, 8980250.239656994119287 ], [ 774377.345147225307301, 8980250.117338664829731 ], [ 774377.25675280787982, 8980249.995153499767184 ], [ 774377.168174227466807, 8980249.873101780191064 ], [ 774377.079411684535444, 8980249.751183781772852 ], [ 774376.990465382579714, 8980249.629399782046676 ], [ 774376.901335523463786, 8980249.507750058546662 ], [ 774376.812022307654843, 8980249.386234886944294 ], [ 774376.722525941673666, 8980249.264854542911053 ], [ 774376.632846625871025, 8980249.143609305843711 ], [ 774376.542984566884115, 8980249.02249944768846 ], [ 774376.45293996646069, 8980248.901525247842073 ], [ 774376.362713031237945, 8980248.780686978250742 ], [ 774376.272303965990432, 8980248.659984914585948 ], [ 774376.181712977471761, 8980248.539419330656528 ], [ 774376.090940268826671, 8980248.418990502133965 ], [ 774375.99998604983557, 8980248.298698700964451 ], [ 774375.90885052352678, 8980248.178544204682112 ], [ 774375.817533901310526, 8980248.05852728150785 ], [ 774375.726036387844943, 8980247.938648207113147 ], [ 774375.63435819267761, 8980247.818907253444195 ], [ 774375.542499523959123, 8980247.699304694309831 ], [ 774375.450460590771399, 8980247.579840799793601 ], [ 774375.358241602778435, 8980247.460515843704343 ], [ 774375.265842767781578, 8980247.341330094262958 ], [ 774375.173264298355207, 8980247.222283825278282 ], [ 774375.08050640381407, 8980247.103377306833863 ], [ 774374.987569295219146, 8980246.984610807150602 ], [ 774374.894453183282167, 8980246.865984600037336 ], [ 774374.801158280693926, 8980246.747498953714967 ], [ 774374.707684801192954, 8980246.629154136404395 ], [ 774374.614032953977585, 8980246.510950418189168 ], [ 774374.52020295325201, 8980246.392888069152832 ], [ 774374.42619501426816, 8980246.274967355653644 ], [ 774374.332009347854182, 8980246.157188547775149 ], [ 774374.237646171124652, 8980246.039551911875606 ], [ 774374.14310569758527, 8980245.922057716175914 ], [ 774049.937196765793487, 8979843.622835664078593 ], [ 774049.544293871382251, 8979843.132143324241042 ], [ 774049.154483269900084, 8979842.638990862295032 ], [ 774048.767780364607461, 8979842.143397763371468 ], [ 774048.384200436528772, 8979841.645383611321449 ], [ 774048.003758642356843, 8979841.144968084990978 ], [ 774047.626470016781241, 8979840.642170960083604 ], [ 774047.252349466085434, 8979840.137012103572488 ], [ 774046.881411776179448, 8979839.629511475563049 ], [ 774046.513671604334377, 8979839.119689133018255 ], [ 774046.149143479880877, 8979838.607565218582749 ], [ 774045.787841807235964, 8979838.093159969896078 ], [ 774045.429780866135843, 8979837.5764937158674 ], [ 774045.074974803836085, 8979837.057586869224906 ], [ 774044.723437640932389, 8979836.536459937691689 ], [ 774044.375183267169632, 8979836.013133512809873 ], [ 774044.030225443537347, 8979835.48762827180326 ], [ 774043.688577803899534, 8979834.959964983165264 ], [ 774043.350253847427666, 8979834.430164495483041 ], [ 774043.015266940230504, 8979833.898247744888067 ], [ 774042.68363032315392, 8979833.364235749468207 ], [ 774042.355357099906541, 8979832.828149611130357 ], [ 774042.030460241250694, 8979832.290010513737798 ], [ 774041.708952586399391, 8979831.749839723110199 ], [ 774041.390846839407459, 8979831.20765858143568 ], [ 774041.076155568938702, 8979830.663488514721394 ], [ 774040.764891213621013, 8979830.117351025342941 ], [ 774040.457066069357097, 8979829.569267693907022 ], [ 774040.152692301664501, 8979829.019260179251432 ], [ 774039.851781938923523, 8979828.467350212857127 ], [ 774039.554346869583242, 8979827.913559606298804 ], [ 774039.260398848098703, 8979827.357910241931677 ], [ 774038.969949489110149, 8979826.800424074754119 ], [ 774038.683010269189253, 8979826.24112313427031 ], [ 774038.399592529051006, 8979825.680029522627592 ], [ 774038.119707466918044, 8979825.117165410891175 ], [ 774037.843366141314618, 8979824.552553040906787 ], [ 774037.570579473976977, 8979823.986214721575379 ], [ 774037.301358242402785, 8979823.418172834441066 ], [ 774037.035713085904717, 8979822.84844982624054 ], [ 774036.773654500837438, 8979822.277068207040429 ], [ 774036.51519284339156, 8979821.704050555825233 ], [ 774036.260338324704207, 8979821.129419516772032 ], [ 774036.009101017378271, 8979820.553197795525193 ], [ 774035.761490848963149, 8979819.975408161059022 ], [ 774035.517517602420412, 8979819.396073445677757 ], [ 774035.277190921129659, 8979818.815216543152928 ], [ 774035.040520298061892, 8979818.232860403135419 ], [ 774034.807515088352375, 8979817.649028040468693 ], [ 774034.578184496494941, 8979817.063742522150278 ], [ 774034.352537587052211, 8979816.477026978507638 ], [ 774034.130583275575191, 8979815.888904593884945 ], [ 774033.912330331746489, 8979815.299398606643081 ], [ 774033.697787381825037, 8979814.708532311022282 ], [ 774033.486962902359664, 8979814.116329055279493 ], [ 774033.279865222400986, 8979813.522812241688371 ], [ 774033.076502528390847, 8979812.928005322813988 ], [ 774032.876882855314761, 8979812.331931801512837 ], [ 774032.681014090194367, 8979811.734615232795477 ], [ 774032.488903973484412, 8979811.136079218238592 ], [ 774032.300560095813125, 8979810.536347411572933 ], [ 774032.115989901125431, 8979809.935443509370089 ], [ 774031.935200681211427, 8979809.333391256630421 ], [ 774031.758199581177905, 8979808.730214444920421 ], [ 774031.584993593511172, 8979808.125936906784773 ], [ 774031.415589565760456, 8979807.520582521334291 ], [ 774031.249994187499397, 8979806.91417520865798 ], [ 774031.088214006274939, 8979806.306738933548331 ], [ 774030.930255411658436, 8979805.698297696188092 ], [ 774030.776124649099074, 8979805.088875539600849 ], [ 774030.625827805721201, 8979804.478496545925736 ], [ 774030.479370821034536, 8979803.867184834554791 ], [ 774030.336759483092465, 8979803.254964562132955 ], [ 774030.197999428259209, 8979802.641859918832779 ], [ 774030.063096137833782, 8979802.02789513207972 ], [ 774029.932054943055846, 8979801.413094462826848 ], [ 774029.804881023359485, 8979800.797482205554843 ], [ 774029.681579402298667, 8979800.181082688271999 ], [ 774029.562154953484423, 8979799.563920263200998 ], [ 774029.446612394531257, 8979798.946019321680069 ], [ 774029.334956290666014, 8979798.327404279261827 ], [ 774029.227191056706943, 8979797.708099579438567 ], [ 774029.123320949496701, 8979797.088129695504904 ], [ 774029.0233500727918, 8979796.46751912496984 ], [ 774028.927282377961092, 8979795.846292389556766 ], [ 774028.835121659911238, 8979795.224474040791392 ], [ 774028.74687156220898, 8979794.602088648825884 ], [ 774028.662535571726039, 8979793.979160806164145 ], [ 774028.58211702038534, 8979793.355715127661824 ], [ 774028.505619084695354, 8979792.731776250526309 ], [ 774028.433044790057465, 8979792.107368828728795 ], [ 774028.364397002384067, 8979791.482517536729574 ], [ 774028.299678436014801, 8979790.8572470638901 ], [ 774028.238891646033153, 8979790.231582120060921 ], [ 774028.182039035484195, 8979789.605547426268458 ], [ 774028.129122851649299, 8979788.979167722165585 ], [ 774028.080145185813308, 8979788.352467756718397 ], [ 774028.0351079715183, 8979787.725472297519445 ], [ 774027.994012989569455, 8979787.098206119611859 ], [ 774027.956861863145605, 8979786.470694007351995 ], [ 774027.923656060476787, 8979785.842960758134723 ], [ 774027.894396895542741, 8979785.215031178668141 ], [ 774027.869085521786474, 8979784.586930079385638 ], [ 774027.847722939797677, 8979783.958682280033827 ], [ 774027.830309995217249, 8979783.330312607809901 ], [ 774027.816847374895588, 8979782.701845889911056 ], [ 774027.807335612364113, 8979782.07330696284771 ], [ 774027.801775082130916, 8979781.444720661267638 ], [ 774027.800166003522463, 8979780.816111827269197 ], [ 774027.802508441964164, 8979780.187505297362804 ], [ 774027.808802303858101, 8979779.558925911784172 ], [ 774027.819047339609824, 8979778.930398508906364 ], [ 774027.833243143977597, 8979778.301947925239801 ], [ 774027.85138915933203, 8979777.673598993569613 ], [ 774027.873484664945863, 8979777.045376544818282 ], [ 774027.899528790963814, 8979776.417305402457714 ], [ 774027.9295205041999, 8979775.789410384371877 ], [ 774027.963458623969927, 8979775.161716302856803 ], [ 774028.00134180590976, 8979774.534247959032655 ], [ 774028.04316855489742, 8979773.907030150294304 ], [ 774028.088937216787599, 8979773.280087660998106 ], [ 774028.138645984581672, 8979772.653445262461901 ], [ 774028.192292892606929, 8979772.027127718552947 ], [ 774028.249875821638852, 8979771.401159776374698 ], [ 774028.311392495641485, 8979770.775566175580025 ], [ 774028.376840484561399, 8979770.150371631607413 ], [ 774028.446217203396372, 8979769.525600850582123 ], [ 774028.519519907538779, 8979768.901278521865606 ], [ 774028.596745702321641, 8979768.27742931433022 ], [ 774028.67789153708145, 8979767.65407788194716 ], [ 774028.762954203644767, 8979767.031248852610588 ], [ 774028.851930341450498, 8979766.408966839313507 ], [ 774028.944816435570829, 8979765.787256432697177 ], [ 774029.041608812985942, 8979765.166142197325826 ], [ 774029.142303651780821, 8979764.54564867913723 ], [ 774029.246896969852969, 8979763.925800396129489 ], [ 774029.355384637834504, 8979763.30662184022367 ], [ 774029.467762366053648, 8979762.688137480989099 ], [ 774029.584025715128519, 8979762.070371756330132 ], [ 774029.704170091194101, 8979761.453349078074098 ], [ 774029.828190744970925, 8979760.837093828245997 ], [ 774029.956082777236588, 8979760.221630357205868 ], [ 774030.087841133819893, 8979759.606982983648777 ], [ 774030.223460608744062, 8979758.993176000192761 ], [ 774030.362935842131265, 8979758.380233656615019 ], [ 774030.506261324160732, 8979757.768180176615715 ], [ 774030.653431389247999, 8979757.157039742916822 ], [ 774030.804440223379061, 8979756.546836506575346 ], [ 774030.959281860035844, 8979755.937594581395388 ], [ 774031.117950178799219, 8979755.329338038340211 ], [ 774031.280438910238445, 8979754.722090914845467 ], [ 774031.446741634397767, 8979754.115877207368612 ], [ 774031.616851778468117, 8979753.510720867663622 ], [ 774031.790762622491457, 8979752.906645810231566 ], [ 774031.968467293772846, 8979752.303675904870033 ], [ 774032.149958768161014, 8979751.701834978535771 ], [ 774032.335229877848178, 8979751.101146811619401 ], [ 774032.524273298215121, 8979750.501635141670704 ], [ 774032.717081560636871, 8979749.903323659673333 ], [ 774032.913647046429105, 8979749.306236006319523 ], [ 774033.11396198766306, 8979748.710395773872733 ], [ 774033.318018469726667, 8979748.115826511755586 ], [ 774033.525808430276811, 8979747.522551709786057 ], [ 774033.737323654815555, 8979746.930594814941287 ], [ 774033.952555787866004, 8979746.339979216456413 ], [ 774034.171496325638145, 8979745.750728251412511 ], [ 774034.394136614049785, 8979745.162865208461881 ], [ 774034.620467855595052, 8979744.576413312926888 ], [ 774034.850481108063832, 8979743.991395739838481 ], [ 774035.084167282213457, 8979743.40783560834825 ], [ 774035.321517145261168, 8979742.825755974277854 ], [ 774035.562521315645427, 8979742.245179841294885 ], [ 774035.807170269777998, 8979741.666130149737 ], [ 774036.055454342742451, 8979741.088629780337214 ], [ 774036.307363723404706, 8979740.512701554223895 ], [ 774036.562888455460779, 8979739.938368231058121 ], [ 774036.82201844395604, 8979739.365652501583099 ], [ 774037.084743447834626, 8979738.794576998800039 ], [ 774037.351053086225875, 8979738.225164290517569 ], [ 774037.620936835184693, 8979737.6574368737638 ], [ 774037.894384030485526, 8979737.0914171859622 ], [ 774164.115474012098275, 8979477.904136076569557 ] ] ] } }
]
}
