{
"type": "FeatureCollection",
"name": "09_oe_ar_grid",
"crs": { "type": "name", "properties": { "name": "urn:ogc:def:crs:EPSG::32751" } },
"features": [
{ "type": "Feature", "properties": { "LAYER": "07.Grid", "GM_TYPE": "Unknown Area Type", "ELEVATION": null }, "geometry": { "type": "MultiPolygon", "coordinates": [ [ [ [ 773604.305500336107798, 8983200.0 ], [ 773604.302848157822154, 8983199.84890110976994 ], [ 773604.294894890394062, 8983199.69798837043345 ], [ 773604.281650332384743, 8983199.547447709366679 ], [ 773604.263130800798535, 8983199.397464590147138 ], [ 773604.239359111874364, 8983199.248223792761564 ], [ 773604.210364551865496, 8983199.099909180775285 ], [ 773604.176182842347771, 8983198.952703474089503 ], [ 773604.136856094701216, 8983198.80678803473711 ], [ 773604.092432759469375, 8983198.662342624738812 ], [ 773604.042967565939762, 8983198.519545203074813 ], [ 773603.988521454972215, 8983198.378571694716811 ], [ 773603.929161504027434, 8983198.239595780149102 ], [ 773603.864960844162852, 8983198.102788673713803 ], [ 773603.79599857039284, 8983197.968318922445178 ], [ 773603.722359643899836, 8983197.836352193728089 ], [ 773603.644134787493385, 8983197.707051070407033 ], [ 773603.561420373735018, 8983197.580574847757816 ], [ 773603.47431830666028, 8983197.457079347223043 ], [ 773603.382935895351693, 8983197.336716711521149 ], [ 773603.287385722622275, 8983197.219635229557753 ], [ 773603.187785505899228, 8983197.105979144573212 ], [ 773603.084257952054031, 8983196.995888479053974 ], [ 773602.976930606644601, 8983196.889498865231872 ], [ 773602.865935696521774, 8983196.78694137558341 ], [ 773602.751409966731444, 8983196.688342357054353 ], [ 773602.633494512643665, 8983196.593823287636042 ], [ 773602.512334605446085, 8983196.503500610589981 ], [ 773602.388079513562843, 8983196.417485605925322 ], [ 773602.260882318718359, 8983196.335884243249893 ], [ 773602.130899727344513, 8983196.258797051385045 ], [ 773601.998291877331212, 8983196.186319006606936 ], [ 773601.86322214093525, 8983196.118539398536086 ], [ 773601.725856923381798, 8983196.055541733279824 ], [ 773601.586365458089858, 8983195.997403619810939 ], [ 773601.444919597939588, 8983195.944196688011289 ], [ 773601.301693603396416, 8983195.895986488088965 ], [ 773601.156863928423263, 8983195.852832412347198 ], [ 773601.010609002434649, 8983195.81478762999177 ], [ 773600.863109010737389, 8983195.781899007037282 ], [ 773600.714545672759414, 8983195.754207067191601 ], [ 773600.565102017833851, 8983195.731745924800634 ], [ 773600.41496215981897, 8983195.71454325132072 ], [ 773600.264311070321128, 8983195.702620239928365 ], [ 773600.113334350753576, 8983195.695991581305861 ], [ 773599.962218003813177, 8983195.694665441289544 ], [ 773599.811148204142228, 8983195.698643453419209 ], [ 773599.660311068990268, 8983195.707920717075467 ], [ 773599.509892429108731, 8983195.722485801205039 ], [ 773599.360077599412762, 8983195.742320764809847 ], [ 773599.211051151156425, 8983195.767401169985533 ], [ 773599.06299668434076, 8983195.797696115449071 ], [ 773598.916096601169556, 8983195.833168281242251 ], [ 773598.77053188206628, 8983195.873773965984583 ], [ 773598.626481862040237, 8983195.919463139027357 ], [ 773598.484124009963125, 8983195.9701795168221 ], [ 773598.34363371017389, 8983196.025860615074635 ], [ 773598.205184045946226, 8983196.086437832564116 ], [ 773598.068945586681366, 8983196.151836542412639 ], [ 773597.935086177662015, 8983196.221976172178984 ], [ 773597.803770732833073, 8983196.296770308166742 ], [ 773597.67516103235539, 8983196.376126807183027 ], [ 773597.54941552283708, 8983196.459947900846601 ], [ 773597.426689121988602, 8983196.548130322247744 ], [ 773597.307133028400131, 8983196.640565432608128 ], [ 773597.190894534462132, 8983196.737139349803329 ], [ 773597.078116845455952, 8983196.837733095511794 ], [ 773596.968938903068192, 8983196.942222740501165 ], [ 773596.863495213910937, 8983197.050479551777244 ], [ 773596.761915684211999, 8983197.162370160222054 ], [ 773596.664325459511019, 8983197.277756715193391 ], [ 773596.570844770409167, 8983197.396497061476111 ], [ 773596.481588784838095, 8983197.518444910645485 ], [ 773596.396667465567589, 8983197.64345002360642 ], [ 773596.316185435280204, 8983197.771358396857977 ], [ 773596.240241847699508, 8983197.902012445032597 ], [ 773596.168930264771916, 8983198.035251205787063 ], [ 773596.102338542114012, 8983198.170910526067019 ], [ 773596.040548720397055, 8983198.308823276311159 ], [ 773595.98363692429848, 8983198.448819549754262 ], [ 773595.931673269136809, 8983198.590726869180799 ], [ 773595.884721773676574, 8983198.734370408579707 ], [ 773595.84284028201364, 8983198.879573196172714 ], [ 773595.806080391979776, 8983199.026156345382333 ], [ 773595.774487391463481, 8983199.173939263448119 ], [ 773595.748100203112699, 8983199.322739886119962 ], [ 773595.72695133567322, 8983199.472374889999628 ], [ 773595.711066844523884, 8983199.622659925371408 ], [ 773595.700466299196705, 8983199.773409841582179 ], [ 773595.695162759511732, 8983199.9244389180094 ], [ 773595.695162759511732, 8983200.0755610819906 ], [ 773595.700466299196705, 8983200.226590158417821 ], [ 773595.711066844523884, 8983200.377340074628592 ], [ 773595.72695133567322, 8983200.527625110000372 ], [ 773595.748100203112699, 8983200.677260113880038 ], [ 773595.774487391463481, 8983200.826060736551881 ], [ 773595.806080391979776, 8983200.973843654617667 ], [ 773595.84284028201364, 8983201.120426803827286 ], [ 773595.884721773676574, 8983201.265629591420293 ], [ 773595.931673269136809, 8983201.409273130819201 ], [ 773595.98363692429848, 8983201.551180450245738 ], [ 773596.040548720397055, 8983201.691176723688841 ], [ 773596.102338542114012, 8983201.829089473932981 ], [ 773596.168930264771916, 8983201.964748794212937 ], [ 773596.240241847699508, 8983202.097987554967403 ], [ 773596.316185435280204, 8983202.228641603142023 ], [ 773596.396667465567589, 8983202.35654997639358 ], [ 773596.481588784838095, 8983202.481555089354515 ], [ 773596.570844770409167, 8983202.603502938523889 ], [ 773596.664325459511019, 8983202.722243284806609 ], [ 773596.761915684211999, 8983202.837629839777946 ], [ 773596.863495213910937, 8983202.949520448222756 ], [ 773596.968938903068192, 8983203.057777259498835 ], [ 773597.078116845455952, 8983203.162266904488206 ], [ 773597.190894534462132, 8983203.262860650196671 ], [ 773597.307133028400131, 8983203.359434567391872 ], [ 773597.426689121988602, 8983203.451869677752256 ], [ 773597.54941552283708, 8983203.540052099153399 ], [ 773597.67516103235539, 8983203.623873192816973 ], [ 773597.803770732833073, 8983203.703229691833258 ], [ 773597.935086177662015, 8983203.778023827821016 ], [ 773598.068945586681366, 8983203.848163457587361 ], [ 773598.205184045946226, 8983203.913562167435884 ], [ 773598.34363371017389, 8983203.974139384925365 ], [ 773598.484124009963125, 8983204.0298204831779 ], [ 773598.626481862040237, 8983204.080536860972643 ], [ 773598.77053188206628, 8983204.126226034015417 ], [ 773598.916096601169556, 8983204.166831718757749 ], [ 773599.06299668434076, 8983204.202303884550929 ], [ 773599.211051151156425, 8983204.232598830014467 ], [ 773599.360077599412762, 8983204.257679235190153 ], [ 773599.509892429108731, 8983204.277514198794961 ], [ 773599.660311068990268, 8983204.292079282924533 ], [ 773599.811148204142228, 8983204.301356546580791 ], [ 773599.962218003813177, 8983204.305334558710456 ], [ 773600.113334350753576, 8983204.304008418694139 ], [ 773600.264311070321128, 8983204.297379760071635 ], [ 773600.41496215981897, 8983204.28545674867928 ], [ 773600.565102017833851, 8983204.268254075199366 ], [ 773600.714545672759414, 8983204.245792932808399 ], [ 773600.863109010737389, 8983204.218100992962718 ], [ 773601.010609002434649, 8983204.18521237000823 ], [ 773601.156863928423263, 8983204.147167587652802 ], [ 773601.301693603396416, 8983204.104013511911035 ], [ 773601.444919597939588, 8983204.055803311988711 ], [ 773601.586365458089858, 8983204.002596380189061 ], [ 773601.725856923381798, 8983203.944458266720176 ], [ 773601.86322214093525, 8983203.881460601463914 ], [ 773601.998291877331212, 8983203.813680993393064 ], [ 773602.130899727344513, 8983203.741202948614955 ], [ 773602.260882318718359, 8983203.664115756750107 ], [ 773602.388079513562843, 8983203.582514394074678 ], [ 773602.512334605446085, 8983203.496499389410019 ], [ 773602.633494512643665, 8983203.406176712363958 ], [ 773602.751409966731444, 8983203.311657642945647 ], [ 773602.865935696521774, 8983203.21305862441659 ], [ 773602.976930606644601, 8983203.110501134768128 ], [ 773603.084257952054031, 8983203.004111520946026 ], [ 773603.187785505899228, 8983202.894020855426788 ], [ 773603.287385722622275, 8983202.780364770442247 ], [ 773603.382935895351693, 8983202.663283288478851 ], [ 773603.47431830666028, 8983202.542920652776957 ], [ 773603.561420373735018, 8983202.419425152242184 ], [ 773603.644134787493385, 8983202.292948929592967 ], [ 773603.722359643899836, 8983202.163647806271911 ], [ 773603.79599857039284, 8983202.031681077554822 ], [ 773603.864960844162852, 8983201.897211326286197 ], [ 773603.929161504027434, 8983201.760404219850898 ], [ 773603.988521454972215, 8983201.621428305283189 ], [ 773604.042967565939762, 8983201.480454796925187 ], [ 773604.092432759469375, 8983201.337657375261188 ], [ 773604.136856094701216, 8983201.19321196526289 ], [ 773604.176182842347771, 8983201.047296525910497 ], [ 773604.210364551865496, 8983200.900090819224715 ], [ 773604.239359111874364, 8983200.751776207238436 ], [ 773604.263130800798535, 8983200.602535409852862 ], [ 773604.281650332384743, 8983200.452552290633321 ], [ 773604.294894890394062, 8983200.30201162956655 ], [ 773604.302848157822154, 8983200.15109889023006 ], [ 773604.305500336107798, 8983200.0 ] ] ] ] } },
{ "type": "Feature", "properties": { "LAYER": "07.Grid", "GM_TYPE": "Unknown Area Type", "ELEVATION": null }, "geometry": { "type": "MultiPolygon", "coordinates": [ [ [ [ 774804.305500336107798, 8983200.0 ], [ 774804.302848157822154, 8983199.84890110976994 ], [ 774804.294894890394062, 8983199.69798837043345 ], [ 774804.281650332384743, 8983199.547447709366679 ], [ 774804.263130800798535, 8983199.397464590147138 ], [ 774804.239359111874364, 8983199.248223792761564 ], [ 774804.210364551865496, 8983199.099909180775285 ], [ 774804.176182842347771, 8983198.952703474089503 ], [ 774804.136856094701216, 8983198.80678803473711 ], [ 774804.092432759469375, 8983198.662342624738812 ], [ 774804.042967565939762, 8983198.519545203074813 ], [ 774803.988521454972215, 8983198.378571694716811 ], [ 774803.929161504027434, 8983198.239595780149102 ], [ 774803.864960844162852, 8983198.102788673713803 ], [ 774803.79599857039284, 8983197.968318922445178 ], [ 774803.722359643899836, 8983197.836352193728089 ], [ 774803.644134787493385, 8983197.707051070407033 ], [ 774803.561420373735018, 8983197.580574847757816 ], [ 774803.47431830666028, 8983197.457079347223043 ], [ 774803.382935895351693, 8983197.336716711521149 ], [ 774803.287385722622275, 8983197.219635229557753 ], [ 774803.187785505899228, 8983197.105979144573212 ], [ 774803.084257952054031, 8983196.995888479053974 ], [ 774802.976930606644601, 8983196.889498865231872 ], [ 774802.865935696521774, 8983196.78694137558341 ], [ 774802.751409966731444, 8983196.688342357054353 ], [ 774802.633494512643665, 8983196.593823287636042 ], [ 774802.512334605446085, 8983196.503500610589981 ], [ 774802.388079513562843, 8983196.417485605925322 ], [ 774802.260882318718359, 8983196.335884243249893 ], [ 774802.130899727344513, 8983196.258797051385045 ], [ 774801.998291877331212, 8983196.186319006606936 ], [ 774801.86322214093525, 8983196.118539398536086 ], [ 774801.725856923381798, 8983196.055541733279824 ], [ 774801.586365458089858, 8983195.997403619810939 ], [ 774801.444919597939588, 8983195.944196688011289 ], [ 774801.301693603396416, 8983195.895986488088965 ], [ 774801.156863928423263, 8983195.852832412347198 ], [ 774801.010609002434649, 8983195.81478762999177 ], [ 774800.863109010737389, 8983195.781899007037282 ], [ 774800.714545672759414, 8983195.754207067191601 ], [ 774800.565102017833851, 8983195.731745924800634 ], [ 774800.41496215981897, 8983195.71454325132072 ], [ 774800.264311070321128, 8983195.702620239928365 ], [ 774800.113334350753576, 8983195.695991581305861 ], [ 774799.962218003813177, 8983195.694665441289544 ], [ 774799.811148204142228, 8983195.698643453419209 ], [ 774799.660311068990268, 8983195.707920717075467 ], [ 774799.509892429108731, 8983195.722485801205039 ], [ 774799.360077599412762, 8983195.742320764809847 ], [ 774799.211051151156425, 8983195.767401169985533 ], [ 774799.06299668434076, 8983195.797696115449071 ], [ 774798.916096601169556, 8983195.833168281242251 ], [ 774798.77053188206628, 8983195.873773965984583 ], [ 774798.626481862040237, 8983195.919463139027357 ], [ 774798.484124009963125, 8983195.9701795168221 ], [ 774798.34363371017389, 8983196.025860615074635 ], [ 774798.205184045946226, 8983196.086437832564116 ], [ 774798.068945586681366, 8983196.151836542412639 ], [ 774797.935086177662015, 8983196.221976172178984 ], [ 774797.803770732833073, 8983196.296770308166742 ], [ 774797.67516103235539, 8983196.376126807183027 ], [ 774797.54941552283708, 8983196.459947900846601 ], [ 774797.426689121988602, 8983196.548130322247744 ], [ 774797.307133028400131, 8983196.640565432608128 ], [ 774797.190894534462132, 8983196.737139349803329 ], [ 774797.078116845455952, 8983196.837733095511794 ], [ 774796.968938903068192, 8983196.942222740501165 ], [ 774796.863495213910937, 8983197.050479551777244 ], [ 774796.761915684211999, 8983197.162370160222054 ], [ 774796.664325459511019, 8983197.277756715193391 ], [ 774796.570844770409167, 8983197.396497061476111 ], [ 774796.481588784838095, 8983197.518444910645485 ], [ 774796.396667465567589, 8983197.64345002360642 ], [ 774796.316185435280204, 8983197.771358396857977 ], [ 774796.240241847699508, 8983197.902012445032597 ], [ 774796.168930264771916, 8983198.035251205787063 ], [ 774796.102338542114012, 8983198.170910526067019 ], [ 774796.040548720397055, 8983198.308823276311159 ], [ 774795.98363692429848, 8983198.448819549754262 ], [ 774795.931673269136809, 8983198.590726869180799 ], [ 774795.884721773676574, 8983198.734370408579707 ], [ 774795.84284028201364, 8983198.879573196172714 ], [ 774795.806080391979776, 8983199.026156345382333 ], [ 774795.774487391463481, 8983199.173939263448119 ], [ 774795.748100203112699, 8983199.322739886119962 ], [ 774795.72695133567322, 8983199.472374889999628 ], [ 774795.711066844523884, 8983199.622659925371408 ], [ 774795.700466299196705, 8983199.773409841582179 ], [ 774795.695162759511732, 8983199.9244389180094 ], [ 774795.695162759511732, 8983200.0755610819906 ], [ 774795.700466299196705, 8983200.226590158417821 ], [ 774795.711066844523884, 8983200.377340074628592 ], [ 774795.72695133567322, 8983200.527625110000372 ], [ 774795.748100203112699, 8983200.677260113880038 ], [ 774795.774487391463481, 8983200.826060736551881 ], [ 774795.806080391979776, 8983200.973843654617667 ], [ 774795.84284028201364, 8983201.120426803827286 ], [ 774795.884721773676574, 8983201.265629591420293 ], [ 774795.931673269136809, 8983201.409273130819201 ], [ 774795.98363692429848, 8983201.551180450245738 ], [ 774796.040548720397055, 8983201.691176723688841 ], [ 774796.102338542114012, 8983201.829089473932981 ], [ 774796.168930264771916, 8983201.964748794212937 ], [ 774796.240241847699508, 8983202.097987554967403 ], [ 774796.316185435280204, 8983202.228641603142023 ], [ 774796.396667465567589, 8983202.35654997639358 ], [ 774796.481588784838095, 8983202.481555089354515 ], [ 774796.570844770409167, 8983202.603502938523889 ], [ 774796.664325459511019, 8983202.722243284806609 ], [ 774796.761915684211999, 8983202.837629839777946 ], [ 774796.863495213910937, 8983202.949520448222756 ], [ 774796.968938903068192, 8983203.057777259498835 ], [ 774797.078116845455952, 8983203.162266904488206 ], [ 774797.190894534462132, 8983203.262860650196671 ], [ 774797.307133028400131, 8983203.359434567391872 ], [ 774797.426689121988602, 8983203.451869677752256 ], [ 774797.54941552283708, 8983203.540052099153399 ], [ 774797.67516103235539, 8983203.623873192816973 ], [ 774797.803770732833073, 8983203.703229691833258 ], [ 774797.935086177662015, 8983203.778023827821016 ], [ 774798.068945586681366, 8983203.848163457587361 ], [ 774798.205184045946226, 8983203.913562167435884 ], [ 774798.34363371017389, 8983203.974139384925365 ], [ 774798.484124009963125, 8983204.0298204831779 ], [ 774798.626481862040237, 8983204.080536860972643 ], [ 774798.77053188206628, 8983204.126226034015417 ], [ 774798.916096601169556, 8983204.166831718757749 ], [ 774799.06299668434076, 8983204.202303884550929 ], [ 774799.211051151156425, 8983204.232598830014467 ], [ 774799.360077599412762, 8983204.257679235190153 ], [ 774799.509892429108731, 8983204.277514198794961 ], [ 774799.660311068990268, 8983204.292079282924533 ], [ 774799.811148204142228, 8983204.301356546580791 ], [ 774799.962218003813177, 8983204.305334558710456 ], [ 774800.113334350753576, 8983204.304008418694139 ], [ 774800.264311070321128, 8983204.297379760071635 ], [ 774800.41496215981897, 8983204.28545674867928 ], [ 774800.565102017833851, 8983204.268254075199366 ], [ 774800.714545672759414, 8983204.245792932808399 ], [ 774800.863109010737389, 8983204.218100992962718 ], [ 774801.010609002434649, 8983204.18521237000823 ], [ 774801.156863928423263, 8983204.147167587652802 ], [ 774801.301693603396416, 8983204.104013511911035 ], [ 774801.444919597939588, 8983204.055803311988711 ], [ 774801.586365458089858, 8983204.002596380189061 ], [ 774801.725856923381798, 8983203.944458266720176 ], [ 774801.86322214093525, 8983203.881460601463914 ], [ 774801.998291877331212, 8983203.813680993393064 ], [ 774802.130899727344513, 8983203.741202948614955 ], [ 774802.260882318718359, 8983203.664115756750107 ], [ 774802.388079513562843, 8983203.582514394074678 ], [ 774802.512334605446085, 8983203.496499389410019 ], [ 774802.633494512643665, 8983203.406176712363958 ], [ 774802.751409966731444, 8983203.311657642945647 ], [ 774802.865935696521774, 8983203.21305862441659 ], [ 774802.976930606644601, 8983203.110501134768128 ], [ 774803.084257952054031, 8983203.004111520946026 ], [ 774803.187785505899228, 8983202.894020855426788 ], [ 774803.287385722622275, 8983202.780364770442247 ], [ 774803.382935895351693, 8983202.663283288478851 ], [ 774803.47431830666028, 8983202.542920652776957 ], [ 774803.561420373735018, 8983202.419425152242184 ], [ 774803.644134787493385, 8983202.292948929592967 ], [ 774803.722359643899836, 8983202.163647806271911 ], [ 774803.79599857039284, 8983202.031681077554822 ], [ 774803.864960844162852, 8983201.897211326286197 ], [ 774803.929161504027434, 8983201.760404219850898 ], [ 774803.988521454972215, 8983201.621428305283189 ], [ 774804.042967565939762, 8983201.480454796925187 ], [ 774804.092432759469375, 8983201.337657375261188 ], [ 774804.136856094701216, 8983201.19321196526289 ], [ 774804.176182842347771, 8983201.047296525910497 ], [ 774804.210364551865496, 8983200.900090819224715 ], [ 774804.239359111874364, 8983200.751776207238436 ], [ 774804.263130800798535, 8983200.602535409852862 ], [ 774804.281650332384743, 8983200.452552290633321 ], [ 774804.294894890394062, 8983200.30201162956655 ], [ 774804.302848157822154, 8983200.15109889023006 ], [ 774804.305500336107798, 8983200.0 ] ] ] ] } },
{ "type": "Feature", "properties": { "LAYER": "07.Grid", "GM_TYPE": "Unknown Area Type", "ELEVATION": null }, "geometry": { "type": "MultiPolygon", "coordinates": [ [ [ [ 776004.305500336107798, 8983200.0 ], [ 776004.302848157822154, 8983199.84890110976994 ], [ 776004.294894890394062, 8983199.69798837043345 ], [ 776004.281650332384743, 8983199.547447709366679 ], [ 776004.263130800798535, 8983199.397464590147138 ], [ 776004.239359111874364, 8983199.248223792761564 ], [ 776004.210364551865496, 8983199.099909180775285 ], [ 776004.176182842347771, 8983198.952703474089503 ], [ 776004.136856094701216, 8983198.80678803473711 ], [ 776004.092432759469375, 8983198.662342624738812 ], [ 776004.042967565939762, 8983198.519545203074813 ], [ 776003.988521454972215, 8983198.378571694716811 ], [ 776003.929161504027434, 8983198.239595780149102 ], [ 776003.864960844162852, 8983198.102788673713803 ], [ 776003.79599857039284, 8983197.968318922445178 ], [ 776003.722359643899836, 8983197.836352193728089 ], [ 776003.644134787493385, 8983197.707051070407033 ], [ 776003.561420373735018, 8983197.580574847757816 ], [ 776003.47431830666028, 8983197.457079347223043 ], [ 776003.382935895351693, 8983197.336716711521149 ], [ 776003.287385722622275, 8983197.219635229557753 ], [ 776003.187785505899228, 8983197.105979144573212 ], [ 776003.084257952054031, 8983196.995888479053974 ], [ 776002.976930606644601, 8983196.889498865231872 ], [ 776002.865935696521774, 8983196.78694137558341 ], [ 776002.751409966731444, 8983196.688342357054353 ], [ 776002.633494512643665, 8983196.593823287636042 ], [ 776002.512334605446085, 8983196.503500610589981 ], [ 776002.388079513562843, 8983196.417485605925322 ], [ 776002.260882318718359, 8983196.335884243249893 ], [ 776002.130899727344513, 8983196.258797051385045 ], [ 776001.998291877331212, 8983196.186319006606936 ], [ 776001.86322214093525, 8983196.118539398536086 ], [ 776001.725856923381798, 8983196.055541733279824 ], [ 776001.586365458089858, 8983195.997403619810939 ], [ 776001.444919597939588, 8983195.944196688011289 ], [ 776001.301693603396416, 8983195.895986488088965 ], [ 776001.156863928423263, 8983195.852832412347198 ], [ 776001.010609002434649, 8983195.81478762999177 ], [ 776000.863109010737389, 8983195.781899007037282 ], [ 776000.714545672759414, 8983195.754207067191601 ], [ 776000.565102017833851, 8983195.731745924800634 ], [ 776000.41496215981897, 8983195.71454325132072 ], [ 776000.264311070321128, 8983195.702620239928365 ], [ 776000.113334350753576, 8983195.695991581305861 ], [ 775999.962218003813177, 8983195.694665441289544 ], [ 775999.811148204142228, 8983195.698643453419209 ], [ 775999.660311068990268, 8983195.707920717075467 ], [ 775999.509892429108731, 8983195.722485801205039 ], [ 775999.360077599412762, 8983195.742320764809847 ], [ 775999.211051151156425, 8983195.767401169985533 ], [ 775999.06299668434076, 8983195.797696115449071 ], [ 775998.916096601169556, 8983195.833168281242251 ], [ 775998.77053188206628, 8983195.873773965984583 ], [ 775998.626481862040237, 8983195.919463139027357 ], [ 775998.484124009963125, 8983195.9701795168221 ], [ 775998.34363371017389, 8983196.025860615074635 ], [ 775998.205184045946226, 8983196.086437832564116 ], [ 775998.068945586681366, 8983196.151836542412639 ], [ 775997.935086177662015, 8983196.221976172178984 ], [ 775997.803770732833073, 8983196.296770308166742 ], [ 775997.67516103235539, 8983196.376126807183027 ], [ 775997.54941552283708, 8983196.459947900846601 ], [ 775997.426689121988602, 8983196.548130322247744 ], [ 775997.307133028400131, 8983196.640565432608128 ], [ 775997.190894534462132, 8983196.737139349803329 ], [ 775997.078116845455952, 8983196.837733095511794 ], [ 775996.968938903068192, 8983196.942222740501165 ], [ 775996.863495213910937, 8983197.050479551777244 ], [ 775996.761915684211999, 8983197.162370160222054 ], [ 775996.664325459511019, 8983197.277756715193391 ], [ 775996.570844770409167, 8983197.396497061476111 ], [ 775996.481588784838095, 8983197.518444910645485 ], [ 775996.396667465567589, 8983197.64345002360642 ], [ 775996.316185435280204, 8983197.771358396857977 ], [ 775996.240241847699508, 8983197.902012445032597 ], [ 775996.168930264771916, 8983198.035251205787063 ], [ 775996.102338542114012, 8983198.170910526067019 ], [ 775996.040548720397055, 8983198.308823276311159 ], [ 775995.98363692429848, 8983198.448819549754262 ], [ 775995.931673269136809, 8983198.590726869180799 ], [ 775995.884721773676574, 8983198.734370408579707 ], [ 775995.84284028201364, 8983198.879573196172714 ], [ 775995.806080391979776, 8983199.026156345382333 ], [ 775995.774487391463481, 8983199.173939263448119 ], [ 775995.748100203112699, 8983199.322739886119962 ], [ 775995.72695133567322, 8983199.472374889999628 ], [ 775995.711066844523884, 8983199.622659925371408 ], [ 775995.700466299196705, 8983199.773409841582179 ], [ 775995.695162759511732, 8983199.9244389180094 ], [ 775995.695162759511732, 8983200.0755610819906 ], [ 775995.700466299196705, 8983200.226590158417821 ], [ 775995.711066844523884, 8983200.377340074628592 ], [ 775995.72695133567322, 8983200.527625110000372 ], [ 775995.748100203112699, 8983200.677260113880038 ], [ 775995.774487391463481, 8983200.826060736551881 ], [ 775995.806080391979776, 8983200.973843654617667 ], [ 775995.84284028201364, 8983201.120426803827286 ], [ 775995.884721773676574, 8983201.265629591420293 ], [ 775995.931673269136809, 8983201.409273130819201 ], [ 775995.98363692429848, 8983201.551180450245738 ], [ 775996.040548720397055, 8983201.691176723688841 ], [ 775996.102338542114012, 8983201.829089473932981 ], [ 775996.168930264771916, 8983201.964748794212937 ], [ 775996.240241847699508, 8983202.097987554967403 ], [ 775996.316185435280204, 8983202.228641603142023 ], [ 775996.396667465567589, 8983202.35654997639358 ], [ 775996.481588784838095, 8983202.481555089354515 ], [ 775996.570844770409167, 8983202.603502938523889 ], [ 775996.664325459511019, 8983202.722243284806609 ], [ 775996.761915684211999, 8983202.837629839777946 ], [ 775996.863495213910937, 8983202.949520448222756 ], [ 775996.968938903068192, 8983203.057777259498835 ], [ 775997.078116845455952, 8983203.162266904488206 ], [ 775997.190894534462132, 8983203.262860650196671 ], [ 775997.307133028400131, 8983203.359434567391872 ], [ 775997.426689121988602, 8983203.451869677752256 ], [ 775997.54941552283708, 8983203.540052099153399 ], [ 775997.67516103235539, 8983203.623873192816973 ], [ 775997.803770732833073, 8983203.703229691833258 ], [ 775997.935086177662015, 8983203.778023827821016 ], [ 775998.068945586681366, 8983203.848163457587361 ], [ 775998.205184045946226, 8983203.913562167435884 ], [ 775998.34363371017389, 8983203.974139384925365 ], [ 775998.484124009963125, 8983204.0298204831779 ], [ 775998.626481862040237, 8983204.080536860972643 ], [ 775998.77053188206628, 8983204.126226034015417 ], [ 775998.916096601169556, 8983204.166831718757749 ], [ 775999.06299668434076, 8983204.202303884550929 ], [ 775999.211051151156425, 8983204.232598830014467 ], [ 775999.360077599412762, 8983204.257679235190153 ], [ 775999.509892429108731, 8983204.277514198794961 ], [ 775999.660311068990268, 8983204.292079282924533 ], [ 775999.811148204142228, 8983204.301356546580791 ], [ 775999.962218003813177, 8983204.305334558710456 ], [ 776000.113334350753576, 8983204.304008418694139 ], [ 776000.264311070321128, 8983204.297379760071635 ], [ 776000.41496215981897, 8983204.28545674867928 ], [ 776000.565102017833851, 8983204.268254075199366 ], [ 776000.714545672759414, 8983204.245792932808399 ], [ 776000.863109010737389, 8983204.218100992962718 ], [ 776001.010609002434649, 8983204.18521237000823 ], [ 776001.156863928423263, 8983204.147167587652802 ], [ 776001.301693603396416, 8983204.104013511911035 ], [ 776001.444919597939588, 8983204.055803311988711 ], [ 776001.586365458089858, 8983204.002596380189061 ], [ 776001.725856923381798, 8983203.944458266720176 ], [ 776001.86322214093525, 8983203.881460601463914 ], [ 776001.998291877331212, 8983203.813680993393064 ], [ 776002.130899727344513, 8983203.741202948614955 ], [ 776002.260882318718359, 8983203.664115756750107 ], [ 776002.388079513562843, 8983203.582514394074678 ], [ 776002.512334605446085, 8983203.496499389410019 ], [ 776002.633494512643665, 8983203.406176712363958 ], [ 776002.751409966731444, 8983203.311657642945647 ], [ 776002.865935696521774, 8983203.21305862441659 ], [ 776002.976930606644601, 8983203.110501134768128 ], [ 776003.084257952054031, 8983203.004111520946026 ], [ 776003.187785505899228, 8983202.894020855426788 ], [ 776003.287385722622275, 8983202.780364770442247 ], [ 776003.382935895351693, 8983202.663283288478851 ], [ 776003.47431830666028, 8983202.542920652776957 ], [ 776003.561420373735018, 8983202.419425152242184 ], [ 776003.644134787493385, 8983202.292948929592967 ], [ 776003.722359643899836, 8983202.163647806271911 ], [ 776003.79599857039284, 8983202.031681077554822 ], [ 776003.864960844162852, 8983201.897211326286197 ], [ 776003.929161504027434, 8983201.760404219850898 ], [ 776003.988521454972215, 8983201.621428305283189 ], [ 776004.042967565939762, 8983201.480454796925187 ], [ 776004.092432759469375, 8983201.337657375261188 ], [ 776004.136856094701216, 8983201.19321196526289 ], [ 776004.176182842347771, 8983201.047296525910497 ], [ 776004.210364551865496, 8983200.900090819224715 ], [ 776004.239359111874364, 8983200.751776207238436 ], [ 776004.263130800798535, 8983200.602535409852862 ], [ 776004.281650332384743, 8983200.452552290633321 ], [ 776004.294894890394062, 8983200.30201162956655 ], [ 776004.302848157822154, 8983200.15109889023006 ], [ 776004.305500336107798, 8983200.0 ] ] ] ] } },
{ "type": "Feature", "properties": { "LAYER": "07.Grid", "GM_TYPE": "Unknown Area Type", "ELEVATION": null }, "geometry": { "type": "MultiPolygon", "coordinates": [ [ [ [ 777204.305500336107798, 8983200.0 ], [ 777204.302848157822154, 8983199.84890110976994 ], [ 777204.294894890394062, 8983199.69798837043345 ], [ 777204.281650332384743, 8983199.547447709366679 ], [ 777204.263130800798535, 8983199.397464590147138 ], [ 777204.239359111874364, 8983199.248223792761564 ], [ 777204.210364551865496, 8983199.099909180775285 ], [ 777204.176182842347771, 8983198.952703474089503 ], [ 777204.136856094701216, 8983198.80678803473711 ], [ 777204.092432759469375, 8983198.662342624738812 ], [ 777204.042967565939762, 8983198.519545203074813 ], [ 777203.988521454972215, 8983198.378571694716811 ], [ 777203.929161504027434, 8983198.239595780149102 ], [ 777203.864960844162852, 8983198.102788673713803 ], [ 777203.79599857039284, 8983197.968318922445178 ], [ 777203.722359643899836, 8983197.836352193728089 ], [ 777203.644134787493385, 8983197.707051070407033 ], [ 777203.561420373735018, 8983197.580574847757816 ], [ 777203.47431830666028, 8983197.457079347223043 ], [ 777203.382935895351693, 8983197.336716711521149 ], [ 777203.287385722622275, 8983197.219635229557753 ], [ 777203.187785505899228, 8983197.105979144573212 ], [ 777203.084257952054031, 8983196.995888479053974 ], [ 777202.976930606644601, 8983196.889498865231872 ], [ 777202.865935696521774, 8983196.78694137558341 ], [ 777202.751409966731444, 8983196.688342357054353 ], [ 777202.633494512643665, 8983196.593823287636042 ], [ 777202.512334605446085, 8983196.503500610589981 ], [ 777202.388079513562843, 8983196.417485605925322 ], [ 777202.260882318718359, 8983196.335884243249893 ], [ 777202.130899727344513, 8983196.258797051385045 ], [ 777201.998291877331212, 8983196.186319006606936 ], [ 777201.86322214093525, 8983196.118539398536086 ], [ 777201.725856923381798, 8983196.055541733279824 ], [ 777201.586365458089858, 8983195.997403619810939 ], [ 777201.444919597939588, 8983195.944196688011289 ], [ 777201.301693603396416, 8983195.895986488088965 ], [ 777201.156863928423263, 8983195.852832412347198 ], [ 777201.010609002434649, 8983195.81478762999177 ], [ 777200.863109010737389, 8983195.781899007037282 ], [ 777200.714545672759414, 8983195.754207067191601 ], [ 777200.565102017833851, 8983195.731745924800634 ], [ 777200.41496215981897, 8983195.71454325132072 ], [ 777200.264311070321128, 8983195.702620239928365 ], [ 777200.113334350753576, 8983195.695991581305861 ], [ 777199.962218003813177, 8983195.694665441289544 ], [ 777199.811148204142228, 8983195.698643453419209 ], [ 777199.660311068990268, 8983195.707920717075467 ], [ 777199.509892429108731, 8983195.722485801205039 ], [ 777199.360077599412762, 8983195.742320764809847 ], [ 777199.211051151156425, 8983195.767401169985533 ], [ 777199.06299668434076, 8983195.797696115449071 ], [ 777198.916096601169556, 8983195.833168281242251 ], [ 777198.77053188206628, 8983195.873773965984583 ], [ 777198.626481862040237, 8983195.919463139027357 ], [ 777198.484124009963125, 8983195.9701795168221 ], [ 777198.34363371017389, 8983196.025860615074635 ], [ 777198.205184045946226, 8983196.086437832564116 ], [ 777198.068945586681366, 8983196.151836542412639 ], [ 777197.935086177662015, 8983196.221976172178984 ], [ 777197.803770732833073, 8983196.296770308166742 ], [ 777197.67516103235539, 8983196.376126807183027 ], [ 777197.54941552283708, 8983196.459947900846601 ], [ 777197.426689121988602, 8983196.548130322247744 ], [ 777197.307133028400131, 8983196.640565432608128 ], [ 777197.190894534462132, 8983196.737139349803329 ], [ 777197.078116845455952, 8983196.837733095511794 ], [ 777196.968938903068192, 8983196.942222740501165 ], [ 777196.863495213910937, 8983197.050479551777244 ], [ 777196.761915684211999, 8983197.162370160222054 ], [ 777196.664325459511019, 8983197.277756715193391 ], [ 777196.570844770409167, 8983197.396497061476111 ], [ 777196.481588784838095, 8983197.518444910645485 ], [ 777196.396667465567589, 8983197.64345002360642 ], [ 777196.316185435280204, 8983197.771358396857977 ], [ 777196.240241847699508, 8983197.902012445032597 ], [ 777196.168930264771916, 8983198.035251205787063 ], [ 777196.102338542114012, 8983198.170910526067019 ], [ 777196.040548720397055, 8983198.308823276311159 ], [ 777195.98363692429848, 8983198.448819549754262 ], [ 777195.931673269136809, 8983198.590726869180799 ], [ 777195.884721773676574, 8983198.734370408579707 ], [ 777195.84284028201364, 8983198.879573196172714 ], [ 777195.806080391979776, 8983199.026156345382333 ], [ 777195.774487391463481, 8983199.173939263448119 ], [ 777195.748100203112699, 8983199.322739886119962 ], [ 777195.72695133567322, 8983199.472374889999628 ], [ 777195.711066844523884, 8983199.622659925371408 ], [ 777195.700466299196705, 8983199.773409841582179 ], [ 777195.695162759511732, 8983199.9244389180094 ], [ 777195.695162759511732, 8983200.0755610819906 ], [ 777195.700466299196705, 8983200.226590158417821 ], [ 777195.711066844523884, 8983200.377340074628592 ], [ 777195.72695133567322, 8983200.527625110000372 ], [ 777195.748100203112699, 8983200.677260113880038 ], [ 777195.774487391463481, 8983200.826060736551881 ], [ 777195.806080391979776, 8983200.973843654617667 ], [ 777195.84284028201364, 8983201.120426803827286 ], [ 777195.884721773676574, 8983201.265629591420293 ], [ 777195.931673269136809, 8983201.409273130819201 ], [ 777195.98363692429848, 8983201.551180450245738 ], [ 777196.040548720397055, 8983201.691176723688841 ], [ 777196.102338542114012, 8983201.829089473932981 ], [ 777196.168930264771916, 8983201.964748794212937 ], [ 777196.240241847699508, 8983202.097987554967403 ], [ 777196.316185435280204, 8983202.228641603142023 ], [ 777196.396667465567589, 8983202.35654997639358 ], [ 777196.481588784838095, 8983202.481555089354515 ], [ 777196.570844770409167, 8983202.603502938523889 ], [ 777196.664325459511019, 8983202.722243284806609 ], [ 777196.761915684211999, 8983202.837629839777946 ], [ 777196.863495213910937, 8983202.949520448222756 ], [ 777196.968938903068192, 8983203.057777259498835 ], [ 777197.078116845455952, 8983203.162266904488206 ], [ 777197.190894534462132, 8983203.262860650196671 ], [ 777197.307133028400131, 8983203.359434567391872 ], [ 777197.426689121988602, 8983203.451869677752256 ], [ 777197.54941552283708, 8983203.540052099153399 ], [ 777197.67516103235539, 8983203.623873192816973 ], [ 777197.803770732833073, 8983203.703229691833258 ], [ 777197.935086177662015, 8983203.778023827821016 ], [ 777198.068945586681366, 8983203.848163457587361 ], [ 777198.205184045946226, 8983203.913562167435884 ], [ 777198.34363371017389, 8983203.974139384925365 ], [ 777198.484124009963125, 8983204.0298204831779 ], [ 777198.626481862040237, 8983204.080536860972643 ], [ 777198.77053188206628, 8983204.126226034015417 ], [ 777198.916096601169556, 8983204.166831718757749 ], [ 777199.06299668434076, 8983204.202303884550929 ], [ 777199.211051151156425, 8983204.232598830014467 ], [ 777199.360077599412762, 8983204.257679235190153 ], [ 777199.509892429108731, 8983204.277514198794961 ], [ 777199.660311068990268, 8983204.292079282924533 ], [ 777199.811148204142228, 8983204.301356546580791 ], [ 777199.962218003813177, 8983204.305334558710456 ], [ 777200.113334350753576, 8983204.304008418694139 ], [ 777200.264311070321128, 8983204.297379760071635 ], [ 777200.41496215981897, 8983204.28545674867928 ], [ 777200.565102017833851, 8983204.268254075199366 ], [ 777200.714545672759414, 8983204.245792932808399 ], [ 777200.863109010737389, 8983204.218100992962718 ], [ 777201.010609002434649, 8983204.18521237000823 ], [ 777201.156863928423263, 8983204.147167587652802 ], [ 777201.301693603396416, 8983204.104013511911035 ], [ 777201.444919597939588, 8983204.055803311988711 ], [ 777201.586365458089858, 8983204.002596380189061 ], [ 777201.725856923381798, 8983203.944458266720176 ], [ 777201.86322214093525, 8983203.881460601463914 ], [ 777201.998291877331212, 8983203.813680993393064 ], [ 777202.130899727344513, 8983203.741202948614955 ], [ 777202.260882318718359, 8983203.664115756750107 ], [ 777202.388079513562843, 8983203.582514394074678 ], [ 777202.512334605446085, 8983203.496499389410019 ], [ 777202.633494512643665, 8983203.406176712363958 ], [ 777202.751409966731444, 8983203.311657642945647 ], [ 777202.865935696521774, 8983203.21305862441659 ], [ 777202.976930606644601, 8983203.110501134768128 ], [ 777203.084257952054031, 8983203.004111520946026 ], [ 777203.187785505899228, 8983202.894020855426788 ], [ 777203.287385722622275, 8983202.780364770442247 ], [ 777203.382935895351693, 8983202.663283288478851 ], [ 777203.47431830666028, 8983202.542920652776957 ], [ 777203.561420373735018, 8983202.419425152242184 ], [ 777203.644134787493385, 8983202.292948929592967 ], [ 777203.722359643899836, 8983202.163647806271911 ], [ 777203.79599857039284, 8983202.031681077554822 ], [ 777203.864960844162852, 8983201.897211326286197 ], [ 777203.929161504027434, 8983201.760404219850898 ], [ 777203.988521454972215, 8983201.621428305283189 ], [ 777204.042967565939762, 8983201.480454796925187 ], [ 777204.092432759469375, 8983201.337657375261188 ], [ 777204.136856094701216, 8983201.19321196526289 ], [ 777204.176182842347771, 8983201.047296525910497 ], [ 777204.210364551865496, 8983200.900090819224715 ], [ 777204.239359111874364, 8983200.751776207238436 ], [ 777204.263130800798535, 8983200.602535409852862 ], [ 777204.281650332384743, 8983200.452552290633321 ], [ 777204.294894890394062, 8983200.30201162956655 ], [ 777204.302848157822154, 8983200.15109889023006 ], [ 777204.305500336107798, 8983200.0 ] ] ] ] } },
{ "type": "Feature", "properties": { "LAYER": "07.Grid", "GM_TYPE": "Unknown Area Type", "ELEVATION": null }, "geometry": { "type": "MultiPolygon", "coordinates": [ [ [ [ 778404.305500336107798, 8983200.0 ], [ 778404.302848157822154, 8983199.84890110976994 ], [ 778404.294894890394062, 8983199.69798837043345 ], [ 778404.281650332384743, 8983199.547447709366679 ], [ 778404.263130800798535, 8983199.397464590147138 ], [ 778404.239359111874364, 8983199.248223792761564 ], [ 778404.210364551865496, 8983199.099909180775285 ], [ 778404.176182842347771, 8983198.952703474089503 ], [ 778404.136856094701216, 8983198.80678803473711 ], [ 778404.092432759469375, 8983198.662342624738812 ], [ 778404.042967565939762, 8983198.519545203074813 ], [ 778403.988521454972215, 8983198.378571694716811 ], [ 778403.929161504027434, 8983198.239595780149102 ], [ 778403.864960844162852, 8983198.102788673713803 ], [ 778403.79599857039284, 8983197.968318922445178 ], [ 778403.722359643899836, 8983197.836352193728089 ], [ 778403.644134787493385, 8983197.707051070407033 ], [ 778403.561420373735018, 8983197.580574847757816 ], [ 778403.47431830666028, 8983197.457079347223043 ], [ 778403.382935895351693, 8983197.336716711521149 ], [ 778403.287385722622275, 8983197.219635229557753 ], [ 778403.187785505899228, 8983197.105979144573212 ], [ 778403.084257952054031, 8983196.995888479053974 ], [ 778402.976930606644601, 8983196.889498865231872 ], [ 778402.865935696521774, 8983196.78694137558341 ], [ 778402.751409966731444, 8983196.688342357054353 ], [ 778402.633494512643665, 8983196.593823287636042 ], [ 778402.512334605446085, 8983196.503500610589981 ], [ 778402.388079513562843, 8983196.417485605925322 ], [ 778402.260882318718359, 8983196.335884243249893 ], [ 778402.130899727344513, 8983196.258797051385045 ], [ 778401.998291877331212, 8983196.186319006606936 ], [ 778401.86322214093525, 8983196.118539398536086 ], [ 778401.725856923381798, 8983196.055541733279824 ], [ 778401.586365458089858, 8983195.997403619810939 ], [ 778401.444919597939588, 8983195.944196688011289 ], [ 778401.301693603396416, 8983195.895986488088965 ], [ 778401.156863928423263, 8983195.852832412347198 ], [ 778401.010609002434649, 8983195.81478762999177 ], [ 778400.863109010737389, 8983195.781899007037282 ], [ 778400.714545672759414, 8983195.754207067191601 ], [ 778400.565102017833851, 8983195.731745924800634 ], [ 778400.41496215981897, 8983195.71454325132072 ], [ 778400.264311070321128, 8983195.702620239928365 ], [ 778400.113334350753576, 8983195.695991581305861 ], [ 778399.962218003813177, 8983195.694665441289544 ], [ 778399.811148204142228, 8983195.698643453419209 ], [ 778399.660311068990268, 8983195.707920717075467 ], [ 778399.509892429108731, 8983195.722485801205039 ], [ 778399.360077599412762, 8983195.742320764809847 ], [ 778399.211051151156425, 8983195.767401169985533 ], [ 778399.06299668434076, 8983195.797696115449071 ], [ 778398.916096601169556, 8983195.833168281242251 ], [ 778398.77053188206628, 8983195.873773965984583 ], [ 778398.626481862040237, 8983195.919463139027357 ], [ 778398.484124009963125, 8983195.9701795168221 ], [ 778398.34363371017389, 8983196.025860615074635 ], [ 778398.205184045946226, 8983196.086437832564116 ], [ 778398.068945586681366, 8983196.151836542412639 ], [ 778397.935086177662015, 8983196.221976172178984 ], [ 778397.803770732833073, 8983196.296770308166742 ], [ 778397.67516103235539, 8983196.376126807183027 ], [ 778397.54941552283708, 8983196.459947900846601 ], [ 778397.426689121988602, 8983196.548130322247744 ], [ 778397.307133028400131, 8983196.640565432608128 ], [ 778397.190894534462132, 8983196.737139349803329 ], [ 778397.078116845455952, 8983196.837733095511794 ], [ 778396.968938903068192, 8983196.942222740501165 ], [ 778396.863495213910937, 8983197.050479551777244 ], [ 778396.761915684211999, 8983197.162370160222054 ], [ 778396.664325459511019, 8983197.277756715193391 ], [ 778396.570844770409167, 8983197.396497061476111 ], [ 778396.481588784838095, 8983197.518444910645485 ], [ 778396.396667465567589, 8983197.64345002360642 ], [ 778396.316185435280204, 8983197.771358396857977 ], [ 778396.240241847699508, 8983197.902012445032597 ], [ 778396.168930264771916, 8983198.035251205787063 ], [ 778396.102338542114012, 8983198.170910526067019 ], [ 778396.040548720397055, 8983198.308823276311159 ], [ 778395.98363692429848, 8983198.448819549754262 ], [ 778395.931673269136809, 8983198.590726869180799 ], [ 778395.884721773676574, 8983198.734370408579707 ], [ 778395.84284028201364, 8983198.879573196172714 ], [ 778395.806080391979776, 8983199.026156345382333 ], [ 778395.774487391463481, 8983199.173939263448119 ], [ 778395.748100203112699, 8983199.322739886119962 ], [ 778395.72695133567322, 8983199.472374889999628 ], [ 778395.711066844523884, 8983199.622659925371408 ], [ 778395.700466299196705, 8983199.773409841582179 ], [ 778395.695162759511732, 8983199.9244389180094 ], [ 778395.695162759511732, 8983200.0755610819906 ], [ 778395.700466299196705, 8983200.226590158417821 ], [ 778395.711066844523884, 8983200.377340074628592 ], [ 778395.72695133567322, 8983200.527625110000372 ], [ 778395.748100203112699, 8983200.677260113880038 ], [ 778395.774487391463481, 8983200.826060736551881 ], [ 778395.806080391979776, 8983200.973843654617667 ], [ 778395.84284028201364, 8983201.120426803827286 ], [ 778395.884721773676574, 8983201.265629591420293 ], [ 778395.931673269136809, 8983201.409273130819201 ], [ 778395.98363692429848, 8983201.551180450245738 ], [ 778396.040548720397055, 8983201.691176723688841 ], [ 778396.102338542114012, 8983201.829089473932981 ], [ 778396.168930264771916, 8983201.964748794212937 ], [ 778396.240241847699508, 8983202.097987554967403 ], [ 778396.316185435280204, 8983202.228641603142023 ], [ 778396.396667465567589, 8983202.35654997639358 ], [ 778396.481588784838095, 8983202.481555089354515 ], [ 778396.570844770409167, 8983202.603502938523889 ], [ 778396.664325459511019, 8983202.722243284806609 ], [ 778396.761915684211999, 8983202.837629839777946 ], [ 778396.863495213910937, 8983202.949520448222756 ], [ 778396.968938903068192, 8983203.057777259498835 ], [ 778397.078116845455952, 8983203.162266904488206 ], [ 778397.190894534462132, 8983203.262860650196671 ], [ 778397.307133028400131, 8983203.359434567391872 ], [ 778397.426689121988602, 8983203.451869677752256 ], [ 778397.54941552283708, 8983203.540052099153399 ], [ 778397.67516103235539, 8983203.623873192816973 ], [ 778397.803770732833073, 8983203.703229691833258 ], [ 778397.935086177662015, 8983203.778023827821016 ], [ 778398.068945586681366, 8983203.848163457587361 ], [ 778398.205184045946226, 8983203.913562167435884 ], [ 778398.34363371017389, 8983203.974139384925365 ], [ 778398.484124009963125, 8983204.0298204831779 ], [ 778398.626481862040237, 8983204.080536860972643 ], [ 778398.77053188206628, 8983204.126226034015417 ], [ 778398.916096601169556, 8983204.166831718757749 ], [ 778399.06299668434076, 8983204.202303884550929 ], [ 778399.211051151156425, 8983204.232598830014467 ], [ 778399.360077599412762, 8983204.257679235190153 ], [ 778399.509892429108731, 8983204.277514198794961 ], [ 778399.660311068990268, 8983204.292079282924533 ], [ 778399.811148204142228, 8983204.301356546580791 ], [ 778399.962218003813177, 8983204.305334558710456 ], [ 778400.113334350753576, 8983204.304008418694139 ], [ 778400.264311070321128, 8983204.297379760071635 ], [ 778400.41496215981897, 8983204.28545674867928 ], [ 778400.565102017833851, 8983204.268254075199366 ], [ 778400.714545672759414, 8983204.245792932808399 ], [ 778400.863109010737389, 8983204.218100992962718 ], [ 778401.010609002434649, 8983204.18521237000823 ], [ 778401.156863928423263, 8983204.147167587652802 ], [ 778401.301693603396416, 8983204.104013511911035 ], [ 778401.444919597939588, 8983204.055803311988711 ], [ 778401.586365458089858, 8983204.002596380189061 ], [ 778401.725856923381798, 8983203.944458266720176 ], [ 778401.86322214093525, 8983203.881460601463914 ], [ 778401.998291877331212, 8983203.813680993393064 ], [ 778402.130899727344513, 8983203.741202948614955 ], [ 778402.260882318718359, 8983203.664115756750107 ], [ 778402.388079513562843, 8983203.582514394074678 ], [ 778402.512334605446085, 8983203.496499389410019 ], [ 778402.633494512643665, 8983203.406176712363958 ], [ 778402.751409966731444, 8983203.311657642945647 ], [ 778402.865935696521774, 8983203.21305862441659 ], [ 778402.976930606644601, 8983203.110501134768128 ], [ 778403.084257952054031, 8983203.004111520946026 ], [ 778403.187785505899228, 8983202.894020855426788 ], [ 778403.287385722622275, 8983202.780364770442247 ], [ 778403.382935895351693, 8983202.663283288478851 ], [ 778403.47431830666028, 8983202.542920652776957 ], [ 778403.561420373735018, 8983202.419425152242184 ], [ 778403.644134787493385, 8983202.292948929592967 ], [ 778403.722359643899836, 8983202.163647806271911 ], [ 778403.79599857039284, 8983202.031681077554822 ], [ 778403.864960844162852, 8983201.897211326286197 ], [ 778403.929161504027434, 8983201.760404219850898 ], [ 778403.988521454972215, 8983201.621428305283189 ], [ 778404.042967565939762, 8983201.480454796925187 ], [ 778404.092432759469375, 8983201.337657375261188 ], [ 778404.136856094701216, 8983201.19321196526289 ], [ 778404.176182842347771, 8983201.047296525910497 ], [ 778404.210364551865496, 8983200.900090819224715 ], [ 778404.239359111874364, 8983200.751776207238436 ], [ 778404.263130800798535, 8983200.602535409852862 ], [ 778404.281650332384743, 8983200.452552290633321 ], [ 778404.294894890394062, 8983200.30201162956655 ], [ 778404.302848157822154, 8983200.15109889023006 ], [ 778404.305500336107798, 8983200.0 ] ] ] ] } },
{ "type": "Feature", "properties": { "LAYER": "07.Grid", "GM_TYPE": "Unknown Area Type", "ELEVATION": null }, "geometry": { "type": "MultiPolygon", "coordinates": [ [ [ [ 772404.305500336107798, 8982000.0 ], [ 772404.302848157822154, 8981999.84890110976994 ], [ 772404.294894890394062, 8981999.69798837043345 ], [ 772404.281650332384743, 8981999.547447709366679 ], [ 772404.263130800798535, 8981999.397464590147138 ], [ 772404.239359111874364, 8981999.248223792761564 ], [ 772404.210364551865496, 8981999.099909180775285 ], [ 772404.176182842347771, 8981998.952703474089503 ], [ 772404.136856094701216, 8981998.80678803473711 ], [ 772404.092432759469375, 8981998.662342624738812 ], [ 772404.042967565939762, 8981998.519545203074813 ], [ 772403.988521454972215, 8981998.378571694716811 ], [ 772403.929161504027434, 8981998.239595780149102 ], [ 772403.864960844162852, 8981998.102788673713803 ], [ 772403.79599857039284, 8981997.968318922445178 ], [ 772403.722359643899836, 8981997.836352193728089 ], [ 772403.644134787493385, 8981997.707051070407033 ], [ 772403.561420373735018, 8981997.580574847757816 ], [ 772403.47431830666028, 8981997.457079347223043 ], [ 772403.382935895351693, 8981997.336716711521149 ], [ 772403.287385722622275, 8981997.219635229557753 ], [ 772403.187785505899228, 8981997.105979144573212 ], [ 772403.084257952054031, 8981996.995888479053974 ], [ 772402.976930606644601, 8981996.889498865231872 ], [ 772402.865935696521774, 8981996.78694137558341 ], [ 772402.751409966731444, 8981996.688342357054353 ], [ 772402.633494512643665, 8981996.593823287636042 ], [ 772402.512334605446085, 8981996.503500610589981 ], [ 772402.388079513562843, 8981996.417485605925322 ], [ 772402.260882318718359, 8981996.335884243249893 ], [ 772402.130899727344513, 8981996.258797051385045 ], [ 772401.998291877331212, 8981996.186319006606936 ], [ 772401.86322214093525, 8981996.118539398536086 ], [ 772401.725856923381798, 8981996.055541733279824 ], [ 772401.586365458089858, 8981995.997403619810939 ], [ 772401.444919597939588, 8981995.944196688011289 ], [ 772401.301693603396416, 8981995.895986488088965 ], [ 772401.156863928423263, 8981995.852832412347198 ], [ 772401.010609002434649, 8981995.81478762999177 ], [ 772400.863109010737389, 8981995.781899007037282 ], [ 772400.714545672759414, 8981995.754207067191601 ], [ 772400.565102017833851, 8981995.731745924800634 ], [ 772400.41496215981897, 8981995.71454325132072 ], [ 772400.264311070321128, 8981995.702620239928365 ], [ 772400.113334350753576, 8981995.695991581305861 ], [ 772399.962218003813177, 8981995.694665441289544 ], [ 772399.811148204142228, 8981995.698643453419209 ], [ 772399.660311068990268, 8981995.707920717075467 ], [ 772399.509892429108731, 8981995.722485801205039 ], [ 772399.360077599412762, 8981995.742320764809847 ], [ 772399.211051151156425, 8981995.767401169985533 ], [ 772399.06299668434076, 8981995.797696115449071 ], [ 772398.916096601169556, 8981995.833168281242251 ], [ 772398.77053188206628, 8981995.873773965984583 ], [ 772398.626481862040237, 8981995.919463139027357 ], [ 772398.484124009963125, 8981995.9701795168221 ], [ 772398.34363371017389, 8981996.025860615074635 ], [ 772398.205184045946226, 8981996.086437832564116 ], [ 772398.068945586681366, 8981996.151836542412639 ], [ 772397.935086177662015, 8981996.221976172178984 ], [ 772397.803770732833073, 8981996.296770308166742 ], [ 772397.67516103235539, 8981996.376126807183027 ], [ 772397.54941552283708, 8981996.459947900846601 ], [ 772397.426689121988602, 8981996.548130322247744 ], [ 772397.307133028400131, 8981996.640565432608128 ], [ 772397.190894534462132, 8981996.737139349803329 ], [ 772397.078116845455952, 8981996.837733095511794 ], [ 772396.968938903068192, 8981996.942222740501165 ], [ 772396.863495213910937, 8981997.050479551777244 ], [ 772396.761915684211999, 8981997.162370160222054 ], [ 772396.664325459511019, 8981997.277756715193391 ], [ 772396.570844770409167, 8981997.396497061476111 ], [ 772396.481588784838095, 8981997.518444910645485 ], [ 772396.396667465567589, 8981997.64345002360642 ], [ 772396.316185435280204, 8981997.771358396857977 ], [ 772396.240241847699508, 8981997.902012445032597 ], [ 772396.168930264771916, 8981998.035251205787063 ], [ 772396.102338542114012, 8981998.170910526067019 ], [ 772396.040548720397055, 8981998.308823276311159 ], [ 772395.98363692429848, 8981998.448819549754262 ], [ 772395.931673269136809, 8981998.590726869180799 ], [ 772395.884721773676574, 8981998.734370408579707 ], [ 772395.84284028201364, 8981998.879573196172714 ], [ 772395.806080391979776, 8981999.026156345382333 ], [ 772395.774487391463481, 8981999.173939263448119 ], [ 772395.748100203112699, 8981999.322739886119962 ], [ 772395.72695133567322, 8981999.472374889999628 ], [ 772395.711066844523884, 8981999.622659925371408 ], [ 772395.700466299196705, 8981999.773409841582179 ], [ 772395.695162759511732, 8981999.9244389180094 ], [ 772395.695162759511732, 8982000.0755610819906 ], [ 772395.700466299196705, 8982000.226590158417821 ], [ 772395.711066844523884, 8982000.377340074628592 ], [ 772395.72695133567322, 8982000.527625110000372 ], [ 772395.748100203112699, 8982000.677260113880038 ], [ 772395.774487391463481, 8982000.826060736551881 ], [ 772395.806080391979776, 8982000.973843654617667 ], [ 772395.84284028201364, 8982001.120426803827286 ], [ 772395.884721773676574, 8982001.265629591420293 ], [ 772395.931673269136809, 8982001.409273130819201 ], [ 772395.98363692429848, 8982001.551180450245738 ], [ 772396.040548720397055, 8982001.691176723688841 ], [ 772396.102338542114012, 8982001.829089473932981 ], [ 772396.168930264771916, 8982001.964748794212937 ], [ 772396.240241847699508, 8982002.097987554967403 ], [ 772396.316185435280204, 8982002.228641603142023 ], [ 772396.396667465567589, 8982002.35654997639358 ], [ 772396.481588784838095, 8982002.481555089354515 ], [ 772396.570844770409167, 8982002.603502938523889 ], [ 772396.664325459511019, 8982002.722243284806609 ], [ 772396.761915684211999, 8982002.837629839777946 ], [ 772396.863495213910937, 8982002.949520448222756 ], [ 772396.968938903068192, 8982003.057777259498835 ], [ 772397.078116845455952, 8982003.162266904488206 ], [ 772397.190894534462132, 8982003.262860650196671 ], [ 772397.307133028400131, 8982003.359434567391872 ], [ 772397.426689121988602, 8982003.451869677752256 ], [ 772397.54941552283708, 8982003.540052099153399 ], [ 772397.67516103235539, 8982003.623873192816973 ], [ 772397.803770732833073, 8982003.703229691833258 ], [ 772397.935086177662015, 8982003.778023827821016 ], [ 772398.068945586681366, 8982003.848163457587361 ], [ 772398.205184045946226, 8982003.913562167435884 ], [ 772398.34363371017389, 8982003.974139384925365 ], [ 772398.484124009963125, 8982004.0298204831779 ], [ 772398.626481862040237, 8982004.080536860972643 ], [ 772398.77053188206628, 8982004.126226034015417 ], [ 772398.916096601169556, 8982004.166831718757749 ], [ 772399.06299668434076, 8982004.202303884550929 ], [ 772399.211051151156425, 8982004.232598830014467 ], [ 772399.360077599412762, 8982004.257679235190153 ], [ 772399.509892429108731, 8982004.277514198794961 ], [ 772399.660311068990268, 8982004.292079282924533 ], [ 772399.811148204142228, 8982004.301356546580791 ], [ 772399.962218003813177, 8982004.305334558710456 ], [ 772400.113334350753576, 8982004.304008418694139 ], [ 772400.264311070321128, 8982004.297379760071635 ], [ 772400.41496215981897, 8982004.28545674867928 ], [ 772400.565102017833851, 8982004.268254075199366 ], [ 772400.714545672759414, 8982004.245792932808399 ], [ 772400.863109010737389, 8982004.218100992962718 ], [ 772401.010609002434649, 8982004.18521237000823 ], [ 772401.156863928423263, 8982004.147167587652802 ], [ 772401.301693603396416, 8982004.104013511911035 ], [ 772401.444919597939588, 8982004.055803311988711 ], [ 772401.586365458089858, 8982004.002596380189061 ], [ 772401.725856923381798, 8982003.944458266720176 ], [ 772401.86322214093525, 8982003.881460601463914 ], [ 772401.998291877331212, 8982003.813680993393064 ], [ 772402.130899727344513, 8982003.741202948614955 ], [ 772402.260882318718359, 8982003.664115756750107 ], [ 772402.388079513562843, 8982003.582514394074678 ], [ 772402.512334605446085, 8982003.496499389410019 ], [ 772402.633494512643665, 8982003.406176712363958 ], [ 772402.751409966731444, 8982003.311657642945647 ], [ 772402.865935696521774, 8982003.21305862441659 ], [ 772402.976930606644601, 8982003.110501134768128 ], [ 772403.084257952054031, 8982003.004111520946026 ], [ 772403.187785505899228, 8982002.894020855426788 ], [ 772403.287385722622275, 8982002.780364770442247 ], [ 772403.382935895351693, 8982002.663283288478851 ], [ 772403.47431830666028, 8982002.542920652776957 ], [ 772403.561420373735018, 8982002.419425152242184 ], [ 772403.644134787493385, 8982002.292948929592967 ], [ 772403.722359643899836, 8982002.163647806271911 ], [ 772403.79599857039284, 8982002.031681077554822 ], [ 772403.864960844162852, 8982001.897211326286197 ], [ 772403.929161504027434, 8982001.760404219850898 ], [ 772403.988521454972215, 8982001.621428305283189 ], [ 772404.042967565939762, 8982001.480454796925187 ], [ 772404.092432759469375, 8982001.337657375261188 ], [ 772404.136856094701216, 8982001.19321196526289 ], [ 772404.176182842347771, 8982001.047296525910497 ], [ 772404.210364551865496, 8982000.900090819224715 ], [ 772404.239359111874364, 8982000.751776207238436 ], [ 772404.263130800798535, 8982000.602535409852862 ], [ 772404.281650332384743, 8982000.452552290633321 ], [ 772404.294894890394062, 8982000.30201162956655 ], [ 772404.302848157822154, 8982000.15109889023006 ], [ 772404.305500336107798, 8982000.0 ] ] ] ] } },
{ "type": "Feature", "properties": { "LAYER": "07.Grid", "GM_TYPE": "Unknown Area Type", "ELEVATION": null }, "geometry": { "type": "MultiPolygon", "coordinates": [ [ [ [ 773604.305500336107798, 8982000.0 ], [ 773604.302848157822154, 8981999.84890110976994 ], [ 773604.294894890394062, 8981999.69798837043345 ], [ 773604.281650332384743, 8981999.547447709366679 ], [ 773604.263130800798535, 8981999.397464590147138 ], [ 773604.239359111874364, 8981999.248223792761564 ], [ 773604.210364551865496, 8981999.099909180775285 ], [ 773604.176182842347771, 8981998.952703474089503 ], [ 773604.136856094701216, 8981998.80678803473711 ], [ 773604.092432759469375, 8981998.662342624738812 ], [ 773604.042967565939762, 8981998.519545203074813 ], [ 773603.988521454972215, 8981998.378571694716811 ], [ 773603.929161504027434, 8981998.239595780149102 ], [ 773603.864960844162852, 8981998.102788673713803 ], [ 773603.79599857039284, 8981997.968318922445178 ], [ 773603.722359643899836, 8981997.836352193728089 ], [ 773603.644134787493385, 8981997.707051070407033 ], [ 773603.561420373735018, 8981997.580574847757816 ], [ 773603.47431830666028, 8981997.457079347223043 ], [ 773603.382935895351693, 8981997.336716711521149 ], [ 773603.287385722622275, 8981997.219635229557753 ], [ 773603.187785505899228, 8981997.105979144573212 ], [ 773603.084257952054031, 8981996.995888479053974 ], [ 773602.976930606644601, 8981996.889498865231872 ], [ 773602.865935696521774, 8981996.78694137558341 ], [ 773602.751409966731444, 8981996.688342357054353 ], [ 773602.633494512643665, 8981996.593823287636042 ], [ 773602.512334605446085, 8981996.503500610589981 ], [ 773602.388079513562843, 8981996.417485605925322 ], [ 773602.260882318718359, 8981996.335884243249893 ], [ 773602.130899727344513, 8981996.258797051385045 ], [ 773601.998291877331212, 8981996.186319006606936 ], [ 773601.86322214093525, 8981996.118539398536086 ], [ 773601.725856923381798, 8981996.055541733279824 ], [ 773601.586365458089858, 8981995.997403619810939 ], [ 773601.444919597939588, 8981995.944196688011289 ], [ 773601.301693603396416, 8981995.895986488088965 ], [ 773601.156863928423263, 8981995.852832412347198 ], [ 773601.010609002434649, 8981995.81478762999177 ], [ 773600.863109010737389, 8981995.781899007037282 ], [ 773600.714545672759414, 8981995.754207067191601 ], [ 773600.565102017833851, 8981995.731745924800634 ], [ 773600.41496215981897, 8981995.71454325132072 ], [ 773600.264311070321128, 8981995.702620239928365 ], [ 773600.113334350753576, 8981995.695991581305861 ], [ 773599.962218003813177, 8981995.694665441289544 ], [ 773599.811148204142228, 8981995.698643453419209 ], [ 773599.660311068990268, 8981995.707920717075467 ], [ 773599.509892429108731, 8981995.722485801205039 ], [ 773599.360077599412762, 8981995.742320764809847 ], [ 773599.211051151156425, 8981995.767401169985533 ], [ 773599.06299668434076, 8981995.797696115449071 ], [ 773598.916096601169556, 8981995.833168281242251 ], [ 773598.77053188206628, 8981995.873773965984583 ], [ 773598.626481862040237, 8981995.919463139027357 ], [ 773598.484124009963125, 8981995.9701795168221 ], [ 773598.34363371017389, 8981996.025860615074635 ], [ 773598.205184045946226, 8981996.086437832564116 ], [ 773598.068945586681366, 8981996.151836542412639 ], [ 773597.935086177662015, 8981996.221976172178984 ], [ 773597.803770732833073, 8981996.296770308166742 ], [ 773597.67516103235539, 8981996.376126807183027 ], [ 773597.54941552283708, 8981996.459947900846601 ], [ 773597.426689121988602, 8981996.548130322247744 ], [ 773597.307133028400131, 8981996.640565432608128 ], [ 773597.190894534462132, 8981996.737139349803329 ], [ 773597.078116845455952, 8981996.837733095511794 ], [ 773596.968938903068192, 8981996.942222740501165 ], [ 773596.863495213910937, 8981997.050479551777244 ], [ 773596.761915684211999, 8981997.162370160222054 ], [ 773596.664325459511019, 8981997.277756715193391 ], [ 773596.570844770409167, 8981997.396497061476111 ], [ 773596.481588784838095, 8981997.518444910645485 ], [ 773596.396667465567589, 8981997.64345002360642 ], [ 773596.316185435280204, 8981997.771358396857977 ], [ 773596.240241847699508, 8981997.902012445032597 ], [ 773596.168930264771916, 8981998.035251205787063 ], [ 773596.102338542114012, 8981998.170910526067019 ], [ 773596.040548720397055, 8981998.308823276311159 ], [ 773595.98363692429848, 8981998.448819549754262 ], [ 773595.931673269136809, 8981998.590726869180799 ], [ 773595.884721773676574, 8981998.734370408579707 ], [ 773595.84284028201364, 8981998.879573196172714 ], [ 773595.806080391979776, 8981999.026156345382333 ], [ 773595.774487391463481, 8981999.173939263448119 ], [ 773595.748100203112699, 8981999.322739886119962 ], [ 773595.72695133567322, 8981999.472374889999628 ], [ 773595.711066844523884, 8981999.622659925371408 ], [ 773595.700466299196705, 8981999.773409841582179 ], [ 773595.695162759511732, 8981999.9244389180094 ], [ 773595.695162759511732, 8982000.0755610819906 ], [ 773595.700466299196705, 8982000.226590158417821 ], [ 773595.711066844523884, 8982000.377340074628592 ], [ 773595.72695133567322, 8982000.527625110000372 ], [ 773595.748100203112699, 8982000.677260113880038 ], [ 773595.774487391463481, 8982000.826060736551881 ], [ 773595.806080391979776, 8982000.973843654617667 ], [ 773595.84284028201364, 8982001.120426803827286 ], [ 773595.884721773676574, 8982001.265629591420293 ], [ 773595.931673269136809, 8982001.409273130819201 ], [ 773595.98363692429848, 8982001.551180450245738 ], [ 773596.040548720397055, 8982001.691176723688841 ], [ 773596.102338542114012, 8982001.829089473932981 ], [ 773596.168930264771916, 8982001.964748794212937 ], [ 773596.240241847699508, 8982002.097987554967403 ], [ 773596.316185435280204, 8982002.228641603142023 ], [ 773596.396667465567589, 8982002.35654997639358 ], [ 773596.481588784838095, 8982002.481555089354515 ], [ 773596.570844770409167, 8982002.603502938523889 ], [ 773596.664325459511019, 8982002.722243284806609 ], [ 773596.761915684211999, 8982002.837629839777946 ], [ 773596.863495213910937, 8982002.949520448222756 ], [ 773596.968938903068192, 8982003.057777259498835 ], [ 773597.078116845455952, 8982003.162266904488206 ], [ 773597.190894534462132, 8982003.262860650196671 ], [ 773597.307133028400131, 8982003.359434567391872 ], [ 773597.426689121988602, 8982003.451869677752256 ], [ 773597.54941552283708, 8982003.540052099153399 ], [ 773597.67516103235539, 8982003.623873192816973 ], [ 773597.803770732833073, 8982003.703229691833258 ], [ 773597.935086177662015, 8982003.778023827821016 ], [ 773598.068945586681366, 8982003.848163457587361 ], [ 773598.205184045946226, 8982003.913562167435884 ], [ 773598.34363371017389, 8982003.974139384925365 ], [ 773598.484124009963125, 8982004.0298204831779 ], [ 773598.626481862040237, 8982004.080536860972643 ], [ 773598.77053188206628, 8982004.126226034015417 ], [ 773598.916096601169556, 8982004.166831718757749 ], [ 773599.06299668434076, 8982004.202303884550929 ], [ 773599.211051151156425, 8982004.232598830014467 ], [ 773599.360077599412762, 8982004.257679235190153 ], [ 773599.509892429108731, 8982004.277514198794961 ], [ 773599.660311068990268, 8982004.292079282924533 ], [ 773599.811148204142228, 8982004.301356546580791 ], [ 773599.962218003813177, 8982004.305334558710456 ], [ 773600.113334350753576, 8982004.304008418694139 ], [ 773600.264311070321128, 8982004.297379760071635 ], [ 773600.41496215981897, 8982004.28545674867928 ], [ 773600.565102017833851, 8982004.268254075199366 ], [ 773600.714545672759414, 8982004.245792932808399 ], [ 773600.863109010737389, 8982004.218100992962718 ], [ 773601.010609002434649, 8982004.18521237000823 ], [ 773601.156863928423263, 8982004.147167587652802 ], [ 773601.301693603396416, 8982004.104013511911035 ], [ 773601.444919597939588, 8982004.055803311988711 ], [ 773601.586365458089858, 8982004.002596380189061 ], [ 773601.725856923381798, 8982003.944458266720176 ], [ 773601.86322214093525, 8982003.881460601463914 ], [ 773601.998291877331212, 8982003.813680993393064 ], [ 773602.130899727344513, 8982003.741202948614955 ], [ 773602.260882318718359, 8982003.664115756750107 ], [ 773602.388079513562843, 8982003.582514394074678 ], [ 773602.512334605446085, 8982003.496499389410019 ], [ 773602.633494512643665, 8982003.406176712363958 ], [ 773602.751409966731444, 8982003.311657642945647 ], [ 773602.865935696521774, 8982003.21305862441659 ], [ 773602.976930606644601, 8982003.110501134768128 ], [ 773603.084257952054031, 8982003.004111520946026 ], [ 773603.187785505899228, 8982002.894020855426788 ], [ 773603.287385722622275, 8982002.780364770442247 ], [ 773603.382935895351693, 8982002.663283288478851 ], [ 773603.47431830666028, 8982002.542920652776957 ], [ 773603.561420373735018, 8982002.419425152242184 ], [ 773603.644134787493385, 8982002.292948929592967 ], [ 773603.722359643899836, 8982002.163647806271911 ], [ 773603.79599857039284, 8982002.031681077554822 ], [ 773603.864960844162852, 8982001.897211326286197 ], [ 773603.929161504027434, 8982001.760404219850898 ], [ 773603.988521454972215, 8982001.621428305283189 ], [ 773604.042967565939762, 8982001.480454796925187 ], [ 773604.092432759469375, 8982001.337657375261188 ], [ 773604.136856094701216, 8982001.19321196526289 ], [ 773604.176182842347771, 8982001.047296525910497 ], [ 773604.210364551865496, 8982000.900090819224715 ], [ 773604.239359111874364, 8982000.751776207238436 ], [ 773604.263130800798535, 8982000.602535409852862 ], [ 773604.281650332384743, 8982000.452552290633321 ], [ 773604.294894890394062, 8982000.30201162956655 ], [ 773604.302848157822154, 8982000.15109889023006 ], [ 773604.305500336107798, 8982000.0 ] ] ] ] } },
{ "type": "Feature", "properties": { "LAYER": "07.Grid", "GM_TYPE": "Unknown Area Type", "ELEVATION": null }, "geometry": { "type": "MultiPolygon", "coordinates": [ [ [ [ 774804.305500336107798, 8982000.0 ], [ 774804.302848157822154, 8981999.84890110976994 ], [ 774804.294894890394062, 8981999.69798837043345 ], [ 774804.281650332384743, 8981999.547447709366679 ], [ 774804.263130800798535, 8981999.397464590147138 ], [ 774804.239359111874364, 8981999.248223792761564 ], [ 774804.210364551865496, 8981999.099909180775285 ], [ 774804.176182842347771, 8981998.952703474089503 ], [ 774804.136856094701216, 8981998.80678803473711 ], [ 774804.092432759469375, 8981998.662342624738812 ], [ 774804.042967565939762, 8981998.519545203074813 ], [ 774803.988521454972215, 8981998.378571694716811 ], [ 774803.929161504027434, 8981998.239595780149102 ], [ 774803.864960844162852, 8981998.102788673713803 ], [ 774803.79599857039284, 8981997.968318922445178 ], [ 774803.722359643899836, 8981997.836352193728089 ], [ 774803.644134787493385, 8981997.707051070407033 ], [ 774803.561420373735018, 8981997.580574847757816 ], [ 774803.47431830666028, 8981997.457079347223043 ], [ 774803.382935895351693, 8981997.336716711521149 ], [ 774803.287385722622275, 8981997.219635229557753 ], [ 774803.187785505899228, 8981997.105979144573212 ], [ 774803.084257952054031, 8981996.995888479053974 ], [ 774802.976930606644601, 8981996.889498865231872 ], [ 774802.865935696521774, 8981996.78694137558341 ], [ 774802.751409966731444, 8981996.688342357054353 ], [ 774802.633494512643665, 8981996.593823287636042 ], [ 774802.512334605446085, 8981996.503500610589981 ], [ 774802.388079513562843, 8981996.417485605925322 ], [ 774802.260882318718359, 8981996.335884243249893 ], [ 774802.130899727344513, 8981996.258797051385045 ], [ 774801.998291877331212, 8981996.186319006606936 ], [ 774801.86322214093525, 8981996.118539398536086 ], [ 774801.725856923381798, 8981996.055541733279824 ], [ 774801.586365458089858, 8981995.997403619810939 ], [ 774801.444919597939588, 8981995.944196688011289 ], [ 774801.301693603396416, 8981995.895986488088965 ], [ 774801.156863928423263, 8981995.852832412347198 ], [ 774801.010609002434649, 8981995.81478762999177 ], [ 774800.863109010737389, 8981995.781899007037282 ], [ 774800.714545672759414, 8981995.754207067191601 ], [ 774800.565102017833851, 8981995.731745924800634 ], [ 774800.41496215981897, 8981995.71454325132072 ], [ 774800.264311070321128, 8981995.702620239928365 ], [ 774800.113334350753576, 8981995.695991581305861 ], [ 774799.962218003813177, 8981995.694665441289544 ], [ 774799.811148204142228, 8981995.698643453419209 ], [ 774799.660311068990268, 8981995.707920717075467 ], [ 774799.509892429108731, 8981995.722485801205039 ], [ 774799.360077599412762, 8981995.742320764809847 ], [ 774799.211051151156425, 8981995.767401169985533 ], [ 774799.06299668434076, 8981995.797696115449071 ], [ 774798.916096601169556, 8981995.833168281242251 ], [ 774798.77053188206628, 8981995.873773965984583 ], [ 774798.626481862040237, 8981995.919463139027357 ], [ 774798.484124009963125, 8981995.9701795168221 ], [ 774798.34363371017389, 8981996.025860615074635 ], [ 774798.205184045946226, 8981996.086437832564116 ], [ 774798.068945586681366, 8981996.151836542412639 ], [ 774797.935086177662015, 8981996.221976172178984 ], [ 774797.803770732833073, 8981996.296770308166742 ], [ 774797.67516103235539, 8981996.376126807183027 ], [ 774797.54941552283708, 8981996.459947900846601 ], [ 774797.426689121988602, 8981996.548130322247744 ], [ 774797.307133028400131, 8981996.640565432608128 ], [ 774797.190894534462132, 8981996.737139349803329 ], [ 774797.078116845455952, 8981996.837733095511794 ], [ 774796.968938903068192, 8981996.942222740501165 ], [ 774796.863495213910937, 8981997.050479551777244 ], [ 774796.761915684211999, 8981997.162370160222054 ], [ 774796.664325459511019, 8981997.277756715193391 ], [ 774796.570844770409167, 8981997.396497061476111 ], [ 774796.481588784838095, 8981997.518444910645485 ], [ 774796.396667465567589, 8981997.64345002360642 ], [ 774796.316185435280204, 8981997.771358396857977 ], [ 774796.240241847699508, 8981997.902012445032597 ], [ 774796.168930264771916, 8981998.035251205787063 ], [ 774796.102338542114012, 8981998.170910526067019 ], [ 774796.040548720397055, 8981998.308823276311159 ], [ 774795.98363692429848, 8981998.448819549754262 ], [ 774795.931673269136809, 8981998.590726869180799 ], [ 774795.884721773676574, 8981998.734370408579707 ], [ 774795.84284028201364, 8981998.879573196172714 ], [ 774795.806080391979776, 8981999.026156345382333 ], [ 774795.774487391463481, 8981999.173939263448119 ], [ 774795.748100203112699, 8981999.322739886119962 ], [ 774795.72695133567322, 8981999.472374889999628 ], [ 774795.711066844523884, 8981999.622659925371408 ], [ 774795.700466299196705, 8981999.773409841582179 ], [ 774795.695162759511732, 8981999.9244389180094 ], [ 774795.695162759511732, 8982000.0755610819906 ], [ 774795.700466299196705, 8982000.226590158417821 ], [ 774795.711066844523884, 8982000.377340074628592 ], [ 774795.72695133567322, 8982000.527625110000372 ], [ 774795.748100203112699, 8982000.677260113880038 ], [ 774795.774487391463481, 8982000.826060736551881 ], [ 774795.806080391979776, 8982000.973843654617667 ], [ 774795.84284028201364, 8982001.120426803827286 ], [ 774795.884721773676574, 8982001.265629591420293 ], [ 774795.931673269136809, 8982001.409273130819201 ], [ 774795.98363692429848, 8982001.551180450245738 ], [ 774796.040548720397055, 8982001.691176723688841 ], [ 774796.102338542114012, 8982001.829089473932981 ], [ 774796.168930264771916, 8982001.964748794212937 ], [ 774796.240241847699508, 8982002.097987554967403 ], [ 774796.316185435280204, 8982002.228641603142023 ], [ 774796.396667465567589, 8982002.35654997639358 ], [ 774796.481588784838095, 8982002.481555089354515 ], [ 774796.570844770409167, 8982002.603502938523889 ], [ 774796.664325459511019, 8982002.722243284806609 ], [ 774796.761915684211999, 8982002.837629839777946 ], [ 774796.863495213910937, 8982002.949520448222756 ], [ 774796.968938903068192, 8982003.057777259498835 ], [ 774797.078116845455952, 8982003.162266904488206 ], [ 774797.190894534462132, 8982003.262860650196671 ], [ 774797.307133028400131, 8982003.359434567391872 ], [ 774797.426689121988602, 8982003.451869677752256 ], [ 774797.54941552283708, 8982003.540052099153399 ], [ 774797.67516103235539, 8982003.623873192816973 ], [ 774797.803770732833073, 8982003.703229691833258 ], [ 774797.935086177662015, 8982003.778023827821016 ], [ 774798.068945586681366, 8982003.848163457587361 ], [ 774798.205184045946226, 8982003.913562167435884 ], [ 774798.34363371017389, 8982003.974139384925365 ], [ 774798.484124009963125, 8982004.0298204831779 ], [ 774798.626481862040237, 8982004.080536860972643 ], [ 774798.77053188206628, 8982004.126226034015417 ], [ 774798.916096601169556, 8982004.166831718757749 ], [ 774799.06299668434076, 8982004.202303884550929 ], [ 774799.211051151156425, 8982004.232598830014467 ], [ 774799.360077599412762, 8982004.257679235190153 ], [ 774799.509892429108731, 8982004.277514198794961 ], [ 774799.660311068990268, 8982004.292079282924533 ], [ 774799.811148204142228, 8982004.301356546580791 ], [ 774799.962218003813177, 8982004.305334558710456 ], [ 774800.113334350753576, 8982004.304008418694139 ], [ 774800.264311070321128, 8982004.297379760071635 ], [ 774800.41496215981897, 8982004.28545674867928 ], [ 774800.565102017833851, 8982004.268254075199366 ], [ 774800.714545672759414, 8982004.245792932808399 ], [ 774800.863109010737389, 8982004.218100992962718 ], [ 774801.010609002434649, 8982004.18521237000823 ], [ 774801.156863928423263, 8982004.147167587652802 ], [ 774801.301693603396416, 8982004.104013511911035 ], [ 774801.444919597939588, 8982004.055803311988711 ], [ 774801.586365458089858, 8982004.002596380189061 ], [ 774801.725856923381798, 8982003.944458266720176 ], [ 774801.86322214093525, 8982003.881460601463914 ], [ 774801.998291877331212, 8982003.813680993393064 ], [ 774802.130899727344513, 8982003.741202948614955 ], [ 774802.260882318718359, 8982003.664115756750107 ], [ 774802.388079513562843, 8982003.582514394074678 ], [ 774802.512334605446085, 8982003.496499389410019 ], [ 774802.633494512643665, 8982003.406176712363958 ], [ 774802.751409966731444, 8982003.311657642945647 ], [ 774802.865935696521774, 8982003.21305862441659 ], [ 774802.976930606644601, 8982003.110501134768128 ], [ 774803.084257952054031, 8982003.004111520946026 ], [ 774803.187785505899228, 8982002.894020855426788 ], [ 774803.287385722622275, 8982002.780364770442247 ], [ 774803.382935895351693, 8982002.663283288478851 ], [ 774803.47431830666028, 8982002.542920652776957 ], [ 774803.561420373735018, 8982002.419425152242184 ], [ 774803.644134787493385, 8982002.292948929592967 ], [ 774803.722359643899836, 8982002.163647806271911 ], [ 774803.79599857039284, 8982002.031681077554822 ], [ 774803.864960844162852, 8982001.897211326286197 ], [ 774803.929161504027434, 8982001.760404219850898 ], [ 774803.988521454972215, 8982001.621428305283189 ], [ 774804.042967565939762, 8982001.480454796925187 ], [ 774804.092432759469375, 8982001.337657375261188 ], [ 774804.136856094701216, 8982001.19321196526289 ], [ 774804.176182842347771, 8982001.047296525910497 ], [ 774804.210364551865496, 8982000.900090819224715 ], [ 774804.239359111874364, 8982000.751776207238436 ], [ 774804.263130800798535, 8982000.602535409852862 ], [ 774804.281650332384743, 8982000.452552290633321 ], [ 774804.294894890394062, 8982000.30201162956655 ], [ 774804.302848157822154, 8982000.15109889023006 ], [ 774804.305500336107798, 8982000.0 ] ] ] ] } },
{ "type": "Feature", "properties": { "LAYER": "07.Grid", "GM_TYPE": "Unknown Area Type", "ELEVATION": null }, "geometry": { "type": "MultiPolygon", "coordinates": [ [ [ [ 776004.305500336107798, 8982000.0 ], [ 776004.302848157822154, 8981999.84890110976994 ], [ 776004.294894890394062, 8981999.69798837043345 ], [ 776004.281650332384743, 8981999.547447709366679 ], [ 776004.263130800798535, 8981999.397464590147138 ], [ 776004.239359111874364, 8981999.248223792761564 ], [ 776004.210364551865496, 8981999.099909180775285 ], [ 776004.176182842347771, 8981998.952703474089503 ], [ 776004.136856094701216, 8981998.80678803473711 ], [ 776004.092432759469375, 8981998.662342624738812 ], [ 776004.042967565939762, 8981998.519545203074813 ], [ 776003.988521454972215, 8981998.378571694716811 ], [ 776003.929161504027434, 8981998.239595780149102 ], [ 776003.864960844162852, 8981998.102788673713803 ], [ 776003.79599857039284, 8981997.968318922445178 ], [ 776003.722359643899836, 8981997.836352193728089 ], [ 776003.644134787493385, 8981997.707051070407033 ], [ 776003.561420373735018, 8981997.580574847757816 ], [ 776003.47431830666028, 8981997.457079347223043 ], [ 776003.382935895351693, 8981997.336716711521149 ], [ 776003.287385722622275, 8981997.219635229557753 ], [ 776003.187785505899228, 8981997.105979144573212 ], [ 776003.084257952054031, 8981996.995888479053974 ], [ 776002.976930606644601, 8981996.889498865231872 ], [ 776002.865935696521774, 8981996.78694137558341 ], [ 776002.751409966731444, 8981996.688342357054353 ], [ 776002.633494512643665, 8981996.593823287636042 ], [ 776002.512334605446085, 8981996.503500610589981 ], [ 776002.388079513562843, 8981996.417485605925322 ], [ 776002.260882318718359, 8981996.335884243249893 ], [ 776002.130899727344513, 8981996.258797051385045 ], [ 776001.998291877331212, 8981996.186319006606936 ], [ 776001.86322214093525, 8981996.118539398536086 ], [ 776001.725856923381798, 8981996.055541733279824 ], [ 776001.586365458089858, 8981995.997403619810939 ], [ 776001.444919597939588, 8981995.944196688011289 ], [ 776001.301693603396416, 8981995.895986488088965 ], [ 776001.156863928423263, 8981995.852832412347198 ], [ 776001.010609002434649, 8981995.81478762999177 ], [ 776000.863109010737389, 8981995.781899007037282 ], [ 776000.714545672759414, 8981995.754207067191601 ], [ 776000.565102017833851, 8981995.731745924800634 ], [ 776000.41496215981897, 8981995.71454325132072 ], [ 776000.264311070321128, 8981995.702620239928365 ], [ 776000.113334350753576, 8981995.695991581305861 ], [ 775999.962218003813177, 8981995.694665441289544 ], [ 775999.811148204142228, 8981995.698643453419209 ], [ 775999.660311068990268, 8981995.707920717075467 ], [ 775999.509892429108731, 8981995.722485801205039 ], [ 775999.360077599412762, 8981995.742320764809847 ], [ 775999.211051151156425, 8981995.767401169985533 ], [ 775999.06299668434076, 8981995.797696115449071 ], [ 775998.916096601169556, 8981995.833168281242251 ], [ 775998.77053188206628, 8981995.873773965984583 ], [ 775998.626481862040237, 8981995.919463139027357 ], [ 775998.484124009963125, 8981995.9701795168221 ], [ 775998.34363371017389, 8981996.025860615074635 ], [ 775998.205184045946226, 8981996.086437832564116 ], [ 775998.068945586681366, 8981996.151836542412639 ], [ 775997.935086177662015, 8981996.221976172178984 ], [ 775997.803770732833073, 8981996.296770308166742 ], [ 775997.67516103235539, 8981996.376126807183027 ], [ 775997.54941552283708, 8981996.459947900846601 ], [ 775997.426689121988602, 8981996.548130322247744 ], [ 775997.307133028400131, 8981996.640565432608128 ], [ 775997.190894534462132, 8981996.737139349803329 ], [ 775997.078116845455952, 8981996.837733095511794 ], [ 775996.968938903068192, 8981996.942222740501165 ], [ 775996.863495213910937, 8981997.050479551777244 ], [ 775996.761915684211999, 8981997.162370160222054 ], [ 775996.664325459511019, 8981997.277756715193391 ], [ 775996.570844770409167, 8981997.396497061476111 ], [ 775996.481588784838095, 8981997.518444910645485 ], [ 775996.396667465567589, 8981997.64345002360642 ], [ 775996.316185435280204, 8981997.771358396857977 ], [ 775996.240241847699508, 8981997.902012445032597 ], [ 775996.168930264771916, 8981998.035251205787063 ], [ 775996.102338542114012, 8981998.170910526067019 ], [ 775996.040548720397055, 8981998.308823276311159 ], [ 775995.98363692429848, 8981998.448819549754262 ], [ 775995.931673269136809, 8981998.590726869180799 ], [ 775995.884721773676574, 8981998.734370408579707 ], [ 775995.84284028201364, 8981998.879573196172714 ], [ 775995.806080391979776, 8981999.026156345382333 ], [ 775995.774487391463481, 8981999.173939263448119 ], [ 775995.748100203112699, 8981999.322739886119962 ], [ 775995.72695133567322, 8981999.472374889999628 ], [ 775995.711066844523884, 8981999.622659925371408 ], [ 775995.700466299196705, 8981999.773409841582179 ], [ 775995.695162759511732, 8981999.9244389180094 ], [ 775995.695162759511732, 8982000.0755610819906 ], [ 775995.700466299196705, 8982000.226590158417821 ], [ 775995.711066844523884, 8982000.377340074628592 ], [ 775995.72695133567322, 8982000.527625110000372 ], [ 775995.748100203112699, 8982000.677260113880038 ], [ 775995.774487391463481, 8982000.826060736551881 ], [ 775995.806080391979776, 8982000.973843654617667 ], [ 775995.84284028201364, 8982001.120426803827286 ], [ 775995.884721773676574, 8982001.265629591420293 ], [ 775995.931673269136809, 8982001.409273130819201 ], [ 775995.98363692429848, 8982001.551180450245738 ], [ 775996.040548720397055, 8982001.691176723688841 ], [ 775996.102338542114012, 8982001.829089473932981 ], [ 775996.168930264771916, 8982001.964748794212937 ], [ 775996.240241847699508, 8982002.097987554967403 ], [ 775996.316185435280204, 8982002.228641603142023 ], [ 775996.396667465567589, 8982002.35654997639358 ], [ 775996.481588784838095, 8982002.481555089354515 ], [ 775996.570844770409167, 8982002.603502938523889 ], [ 775996.664325459511019, 8982002.722243284806609 ], [ 775996.761915684211999, 8982002.837629839777946 ], [ 775996.863495213910937, 8982002.949520448222756 ], [ 775996.968938903068192, 8982003.057777259498835 ], [ 775997.078116845455952, 8982003.162266904488206 ], [ 775997.190894534462132, 8982003.262860650196671 ], [ 775997.307133028400131, 8982003.359434567391872 ], [ 775997.426689121988602, 8982003.451869677752256 ], [ 775997.54941552283708, 8982003.540052099153399 ], [ 775997.67516103235539, 8982003.623873192816973 ], [ 775997.803770732833073, 8982003.703229691833258 ], [ 775997.935086177662015, 8982003.778023827821016 ], [ 775998.068945586681366, 8982003.848163457587361 ], [ 775998.205184045946226, 8982003.913562167435884 ], [ 775998.34363371017389, 8982003.974139384925365 ], [ 775998.484124009963125, 8982004.0298204831779 ], [ 775998.626481862040237, 8982004.080536860972643 ], [ 775998.77053188206628, 8982004.126226034015417 ], [ 775998.916096601169556, 8982004.166831718757749 ], [ 775999.06299668434076, 8982004.202303884550929 ], [ 775999.211051151156425, 8982004.232598830014467 ], [ 775999.360077599412762, 8982004.257679235190153 ], [ 775999.509892429108731, 8982004.277514198794961 ], [ 775999.660311068990268, 8982004.292079282924533 ], [ 775999.811148204142228, 8982004.301356546580791 ], [ 775999.962218003813177, 8982004.305334558710456 ], [ 776000.113334350753576, 8982004.304008418694139 ], [ 776000.264311070321128, 8982004.297379760071635 ], [ 776000.41496215981897, 8982004.28545674867928 ], [ 776000.565102017833851, 8982004.268254075199366 ], [ 776000.714545672759414, 8982004.245792932808399 ], [ 776000.863109010737389, 8982004.218100992962718 ], [ 776001.010609002434649, 8982004.18521237000823 ], [ 776001.156863928423263, 8982004.147167587652802 ], [ 776001.301693603396416, 8982004.104013511911035 ], [ 776001.444919597939588, 8982004.055803311988711 ], [ 776001.586365458089858, 8982004.002596380189061 ], [ 776001.725856923381798, 8982003.944458266720176 ], [ 776001.86322214093525, 8982003.881460601463914 ], [ 776001.998291877331212, 8982003.813680993393064 ], [ 776002.130899727344513, 8982003.741202948614955 ], [ 776002.260882318718359, 8982003.664115756750107 ], [ 776002.388079513562843, 8982003.582514394074678 ], [ 776002.512334605446085, 8982003.496499389410019 ], [ 776002.633494512643665, 8982003.406176712363958 ], [ 776002.751409966731444, 8982003.311657642945647 ], [ 776002.865935696521774, 8982003.21305862441659 ], [ 776002.976930606644601, 8982003.110501134768128 ], [ 776003.084257952054031, 8982003.004111520946026 ], [ 776003.187785505899228, 8982002.894020855426788 ], [ 776003.287385722622275, 8982002.780364770442247 ], [ 776003.382935895351693, 8982002.663283288478851 ], [ 776003.47431830666028, 8982002.542920652776957 ], [ 776003.561420373735018, 8982002.419425152242184 ], [ 776003.644134787493385, 8982002.292948929592967 ], [ 776003.722359643899836, 8982002.163647806271911 ], [ 776003.79599857039284, 8982002.031681077554822 ], [ 776003.864960844162852, 8982001.897211326286197 ], [ 776003.929161504027434, 8982001.760404219850898 ], [ 776003.988521454972215, 8982001.621428305283189 ], [ 776004.042967565939762, 8982001.480454796925187 ], [ 776004.092432759469375, 8982001.337657375261188 ], [ 776004.136856094701216, 8982001.19321196526289 ], [ 776004.176182842347771, 8982001.047296525910497 ], [ 776004.210364551865496, 8982000.900090819224715 ], [ 776004.239359111874364, 8982000.751776207238436 ], [ 776004.263130800798535, 8982000.602535409852862 ], [ 776004.281650332384743, 8982000.452552290633321 ], [ 776004.294894890394062, 8982000.30201162956655 ], [ 776004.302848157822154, 8982000.15109889023006 ], [ 776004.305500336107798, 8982000.0 ] ] ] ] } },
{ "type": "Feature", "properties": { "LAYER": "07.Grid", "GM_TYPE": "Unknown Area Type", "ELEVATION": null }, "geometry": { "type": "MultiPolygon", "coordinates": [ [ [ [ 777204.305500336107798, 8982000.0 ], [ 777204.302848157822154, 8981999.84890110976994 ], [ 777204.294894890394062, 8981999.69798837043345 ], [ 777204.281650332384743, 8981999.547447709366679 ], [ 777204.263130800798535, 8981999.397464590147138 ], [ 777204.239359111874364, 8981999.248223792761564 ], [ 777204.210364551865496, 8981999.099909180775285 ], [ 777204.176182842347771, 8981998.952703474089503 ], [ 777204.136856094701216, 8981998.80678803473711 ], [ 777204.092432759469375, 8981998.662342624738812 ], [ 777204.042967565939762, 8981998.519545203074813 ], [ 777203.988521454972215, 8981998.378571694716811 ], [ 777203.929161504027434, 8981998.239595780149102 ], [ 777203.864960844162852, 8981998.102788673713803 ], [ 777203.79599857039284, 8981997.968318922445178 ], [ 777203.722359643899836, 8981997.836352193728089 ], [ 777203.644134787493385, 8981997.707051070407033 ], [ 777203.561420373735018, 8981997.580574847757816 ], [ 777203.47431830666028, 8981997.457079347223043 ], [ 777203.382935895351693, 8981997.336716711521149 ], [ 777203.287385722622275, 8981997.219635229557753 ], [ 777203.187785505899228, 8981997.105979144573212 ], [ 777203.084257952054031, 8981996.995888479053974 ], [ 777202.976930606644601, 8981996.889498865231872 ], [ 777202.865935696521774, 8981996.78694137558341 ], [ 777202.751409966731444, 8981996.688342357054353 ], [ 777202.633494512643665, 8981996.593823287636042 ], [ 777202.512334605446085, 8981996.503500610589981 ], [ 777202.388079513562843, 8981996.417485605925322 ], [ 777202.260882318718359, 8981996.335884243249893 ], [ 777202.130899727344513, 8981996.258797051385045 ], [ 777201.998291877331212, 8981996.186319006606936 ], [ 777201.86322214093525, 8981996.118539398536086 ], [ 777201.725856923381798, 8981996.055541733279824 ], [ 777201.586365458089858, 8981995.997403619810939 ], [ 777201.444919597939588, 8981995.944196688011289 ], [ 777201.301693603396416, 8981995.895986488088965 ], [ 777201.156863928423263, 8981995.852832412347198 ], [ 777201.010609002434649, 8981995.81478762999177 ], [ 777200.863109010737389, 8981995.781899007037282 ], [ 777200.714545672759414, 8981995.754207067191601 ], [ 777200.565102017833851, 8981995.731745924800634 ], [ 777200.41496215981897, 8981995.71454325132072 ], [ 777200.264311070321128, 8981995.702620239928365 ], [ 777200.113334350753576, 8981995.695991581305861 ], [ 777199.962218003813177, 8981995.694665441289544 ], [ 777199.811148204142228, 8981995.698643453419209 ], [ 777199.660311068990268, 8981995.707920717075467 ], [ 777199.509892429108731, 8981995.722485801205039 ], [ 777199.360077599412762, 8981995.742320764809847 ], [ 777199.211051151156425, 8981995.767401169985533 ], [ 777199.06299668434076, 8981995.797696115449071 ], [ 777198.916096601169556, 8981995.833168281242251 ], [ 777198.77053188206628, 8981995.873773965984583 ], [ 777198.626481862040237, 8981995.919463139027357 ], [ 777198.484124009963125, 8981995.9701795168221 ], [ 777198.34363371017389, 8981996.025860615074635 ], [ 777198.205184045946226, 8981996.086437832564116 ], [ 777198.068945586681366, 8981996.151836542412639 ], [ 777197.935086177662015, 8981996.221976172178984 ], [ 777197.803770732833073, 8981996.296770308166742 ], [ 777197.67516103235539, 8981996.376126807183027 ], [ 777197.54941552283708, 8981996.459947900846601 ], [ 777197.426689121988602, 8981996.548130322247744 ], [ 777197.307133028400131, 8981996.640565432608128 ], [ 777197.190894534462132, 8981996.737139349803329 ], [ 777197.078116845455952, 8981996.837733095511794 ], [ 777196.968938903068192, 8981996.942222740501165 ], [ 777196.863495213910937, 8981997.050479551777244 ], [ 777196.761915684211999, 8981997.162370160222054 ], [ 777196.664325459511019, 8981997.277756715193391 ], [ 777196.570844770409167, 8981997.396497061476111 ], [ 777196.481588784838095, 8981997.518444910645485 ], [ 777196.396667465567589, 8981997.64345002360642 ], [ 777196.316185435280204, 8981997.771358396857977 ], [ 777196.240241847699508, 8981997.902012445032597 ], [ 777196.168930264771916, 8981998.035251205787063 ], [ 777196.102338542114012, 8981998.170910526067019 ], [ 777196.040548720397055, 8981998.308823276311159 ], [ 777195.98363692429848, 8981998.448819549754262 ], [ 777195.931673269136809, 8981998.590726869180799 ], [ 777195.884721773676574, 8981998.734370408579707 ], [ 777195.84284028201364, 8981998.879573196172714 ], [ 777195.806080391979776, 8981999.026156345382333 ], [ 777195.774487391463481, 8981999.173939263448119 ], [ 777195.748100203112699, 8981999.322739886119962 ], [ 777195.72695133567322, 8981999.472374889999628 ], [ 777195.711066844523884, 8981999.622659925371408 ], [ 777195.700466299196705, 8981999.773409841582179 ], [ 777195.695162759511732, 8981999.9244389180094 ], [ 777195.695162759511732, 8982000.0755610819906 ], [ 777195.700466299196705, 8982000.226590158417821 ], [ 777195.711066844523884, 8982000.377340074628592 ], [ 777195.72695133567322, 8982000.527625110000372 ], [ 777195.748100203112699, 8982000.677260113880038 ], [ 777195.774487391463481, 8982000.826060736551881 ], [ 777195.806080391979776, 8982000.973843654617667 ], [ 777195.84284028201364, 8982001.120426803827286 ], [ 777195.884721773676574, 8982001.265629591420293 ], [ 777195.931673269136809, 8982001.409273130819201 ], [ 777195.98363692429848, 8982001.551180450245738 ], [ 777196.040548720397055, 8982001.691176723688841 ], [ 777196.102338542114012, 8982001.829089473932981 ], [ 777196.168930264771916, 8982001.964748794212937 ], [ 777196.240241847699508, 8982002.097987554967403 ], [ 777196.316185435280204, 8982002.228641603142023 ], [ 777196.396667465567589, 8982002.35654997639358 ], [ 777196.481588784838095, 8982002.481555089354515 ], [ 777196.570844770409167, 8982002.603502938523889 ], [ 777196.664325459511019, 8982002.722243284806609 ], [ 777196.761915684211999, 8982002.837629839777946 ], [ 777196.863495213910937, 8982002.949520448222756 ], [ 777196.968938903068192, 8982003.057777259498835 ], [ 777197.078116845455952, 8982003.162266904488206 ], [ 777197.190894534462132, 8982003.262860650196671 ], [ 777197.307133028400131, 8982003.359434567391872 ], [ 777197.426689121988602, 8982003.451869677752256 ], [ 777197.54941552283708, 8982003.540052099153399 ], [ 777197.67516103235539, 8982003.623873192816973 ], [ 777197.803770732833073, 8982003.703229691833258 ], [ 777197.935086177662015, 8982003.778023827821016 ], [ 777198.068945586681366, 8982003.848163457587361 ], [ 777198.205184045946226, 8982003.913562167435884 ], [ 777198.34363371017389, 8982003.974139384925365 ], [ 777198.484124009963125, 8982004.0298204831779 ], [ 777198.626481862040237, 8982004.080536860972643 ], [ 777198.77053188206628, 8982004.126226034015417 ], [ 777198.916096601169556, 8982004.166831718757749 ], [ 777199.06299668434076, 8982004.202303884550929 ], [ 777199.211051151156425, 8982004.232598830014467 ], [ 777199.360077599412762, 8982004.257679235190153 ], [ 777199.509892429108731, 8982004.277514198794961 ], [ 777199.660311068990268, 8982004.292079282924533 ], [ 777199.811148204142228, 8982004.301356546580791 ], [ 777199.962218003813177, 8982004.305334558710456 ], [ 777200.113334350753576, 8982004.304008418694139 ], [ 777200.264311070321128, 8982004.297379760071635 ], [ 777200.41496215981897, 8982004.28545674867928 ], [ 777200.565102017833851, 8982004.268254075199366 ], [ 777200.714545672759414, 8982004.245792932808399 ], [ 777200.863109010737389, 8982004.218100992962718 ], [ 777201.010609002434649, 8982004.18521237000823 ], [ 777201.156863928423263, 8982004.147167587652802 ], [ 777201.301693603396416, 8982004.104013511911035 ], [ 777201.444919597939588, 8982004.055803311988711 ], [ 777201.586365458089858, 8982004.002596380189061 ], [ 777201.725856923381798, 8982003.944458266720176 ], [ 777201.86322214093525, 8982003.881460601463914 ], [ 777201.998291877331212, 8982003.813680993393064 ], [ 777202.130899727344513, 8982003.741202948614955 ], [ 777202.260882318718359, 8982003.664115756750107 ], [ 777202.388079513562843, 8982003.582514394074678 ], [ 777202.512334605446085, 8982003.496499389410019 ], [ 777202.633494512643665, 8982003.406176712363958 ], [ 777202.751409966731444, 8982003.311657642945647 ], [ 777202.865935696521774, 8982003.21305862441659 ], [ 777202.976930606644601, 8982003.110501134768128 ], [ 777203.084257952054031, 8982003.004111520946026 ], [ 777203.187785505899228, 8982002.894020855426788 ], [ 777203.287385722622275, 8982002.780364770442247 ], [ 777203.382935895351693, 8982002.663283288478851 ], [ 777203.47431830666028, 8982002.542920652776957 ], [ 777203.561420373735018, 8982002.419425152242184 ], [ 777203.644134787493385, 8982002.292948929592967 ], [ 777203.722359643899836, 8982002.163647806271911 ], [ 777203.79599857039284, 8982002.031681077554822 ], [ 777203.864960844162852, 8982001.897211326286197 ], [ 777203.929161504027434, 8982001.760404219850898 ], [ 777203.988521454972215, 8982001.621428305283189 ], [ 777204.042967565939762, 8982001.480454796925187 ], [ 777204.092432759469375, 8982001.337657375261188 ], [ 777204.136856094701216, 8982001.19321196526289 ], [ 777204.176182842347771, 8982001.047296525910497 ], [ 777204.210364551865496, 8982000.900090819224715 ], [ 777204.239359111874364, 8982000.751776207238436 ], [ 777204.263130800798535, 8982000.602535409852862 ], [ 777204.281650332384743, 8982000.452552290633321 ], [ 777204.294894890394062, 8982000.30201162956655 ], [ 777204.302848157822154, 8982000.15109889023006 ], [ 777204.305500336107798, 8982000.0 ] ] ] ] } },
{ "type": "Feature", "properties": { "LAYER": "07.Grid", "GM_TYPE": "Unknown Area Type", "ELEVATION": null }, "geometry": { "type": "MultiPolygon", "coordinates": [ [ [ [ 778404.305500336107798, 8982000.0 ], [ 778404.302848157822154, 8981999.84890110976994 ], [ 778404.294894890394062, 8981999.69798837043345 ], [ 778404.281650332384743, 8981999.547447709366679 ], [ 778404.263130800798535, 8981999.397464590147138 ], [ 778404.239359111874364, 8981999.248223792761564 ], [ 778404.210364551865496, 8981999.099909180775285 ], [ 778404.176182842347771, 8981998.952703474089503 ], [ 778404.136856094701216, 8981998.80678803473711 ], [ 778404.092432759469375, 8981998.662342624738812 ], [ 778404.042967565939762, 8981998.519545203074813 ], [ 778403.988521454972215, 8981998.378571694716811 ], [ 778403.929161504027434, 8981998.239595780149102 ], [ 778403.864960844162852, 8981998.102788673713803 ], [ 778403.79599857039284, 8981997.968318922445178 ], [ 778403.722359643899836, 8981997.836352193728089 ], [ 778403.644134787493385, 8981997.707051070407033 ], [ 778403.561420373735018, 8981997.580574847757816 ], [ 778403.47431830666028, 8981997.457079347223043 ], [ 778403.382935895351693, 8981997.336716711521149 ], [ 778403.287385722622275, 8981997.219635229557753 ], [ 778403.187785505899228, 8981997.105979144573212 ], [ 778403.084257952054031, 8981996.995888479053974 ], [ 778402.976930606644601, 8981996.889498865231872 ], [ 778402.865935696521774, 8981996.78694137558341 ], [ 778402.751409966731444, 8981996.688342357054353 ], [ 778402.633494512643665, 8981996.593823287636042 ], [ 778402.512334605446085, 8981996.503500610589981 ], [ 778402.388079513562843, 8981996.417485605925322 ], [ 778402.260882318718359, 8981996.335884243249893 ], [ 778402.130899727344513, 8981996.258797051385045 ], [ 778401.998291877331212, 8981996.186319006606936 ], [ 778401.86322214093525, 8981996.118539398536086 ], [ 778401.725856923381798, 8981996.055541733279824 ], [ 778401.586365458089858, 8981995.997403619810939 ], [ 778401.444919597939588, 8981995.944196688011289 ], [ 778401.301693603396416, 8981995.895986488088965 ], [ 778401.156863928423263, 8981995.852832412347198 ], [ 778401.010609002434649, 8981995.81478762999177 ], [ 778400.863109010737389, 8981995.781899007037282 ], [ 778400.714545672759414, 8981995.754207067191601 ], [ 778400.565102017833851, 8981995.731745924800634 ], [ 778400.41496215981897, 8981995.71454325132072 ], [ 778400.264311070321128, 8981995.702620239928365 ], [ 778400.113334350753576, 8981995.695991581305861 ], [ 778399.962218003813177, 8981995.694665441289544 ], [ 778399.811148204142228, 8981995.698643453419209 ], [ 778399.660311068990268, 8981995.707920717075467 ], [ 778399.509892429108731, 8981995.722485801205039 ], [ 778399.360077599412762, 8981995.742320764809847 ], [ 778399.211051151156425, 8981995.767401169985533 ], [ 778399.06299668434076, 8981995.797696115449071 ], [ 778398.916096601169556, 8981995.833168281242251 ], [ 778398.77053188206628, 8981995.873773965984583 ], [ 778398.626481862040237, 8981995.919463139027357 ], [ 778398.484124009963125, 8981995.9701795168221 ], [ 778398.34363371017389, 8981996.025860615074635 ], [ 778398.205184045946226, 8981996.086437832564116 ], [ 778398.068945586681366, 8981996.151836542412639 ], [ 778397.935086177662015, 8981996.221976172178984 ], [ 778397.803770732833073, 8981996.296770308166742 ], [ 778397.67516103235539, 8981996.376126807183027 ], [ 778397.54941552283708, 8981996.459947900846601 ], [ 778397.426689121988602, 8981996.548130322247744 ], [ 778397.307133028400131, 8981996.640565432608128 ], [ 778397.190894534462132, 8981996.737139349803329 ], [ 778397.078116845455952, 8981996.837733095511794 ], [ 778396.968938903068192, 8981996.942222740501165 ], [ 778396.863495213910937, 8981997.050479551777244 ], [ 778396.761915684211999, 8981997.162370160222054 ], [ 778396.664325459511019, 8981997.277756715193391 ], [ 778396.570844770409167, 8981997.396497061476111 ], [ 778396.481588784838095, 8981997.518444910645485 ], [ 778396.396667465567589, 8981997.64345002360642 ], [ 778396.316185435280204, 8981997.771358396857977 ], [ 778396.240241847699508, 8981997.902012445032597 ], [ 778396.168930264771916, 8981998.035251205787063 ], [ 778396.102338542114012, 8981998.170910526067019 ], [ 778396.040548720397055, 8981998.308823276311159 ], [ 778395.98363692429848, 8981998.448819549754262 ], [ 778395.931673269136809, 8981998.590726869180799 ], [ 778395.884721773676574, 8981998.734370408579707 ], [ 778395.84284028201364, 8981998.879573196172714 ], [ 778395.806080391979776, 8981999.026156345382333 ], [ 778395.774487391463481, 8981999.173939263448119 ], [ 778395.748100203112699, 8981999.322739886119962 ], [ 778395.72695133567322, 8981999.472374889999628 ], [ 778395.711066844523884, 8981999.622659925371408 ], [ 778395.700466299196705, 8981999.773409841582179 ], [ 778395.695162759511732, 8981999.9244389180094 ], [ 778395.695162759511732, 8982000.0755610819906 ], [ 778395.700466299196705, 8982000.226590158417821 ], [ 778395.711066844523884, 8982000.377340074628592 ], [ 778395.72695133567322, 8982000.527625110000372 ], [ 778395.748100203112699, 8982000.677260113880038 ], [ 778395.774487391463481, 8982000.826060736551881 ], [ 778395.806080391979776, 8982000.973843654617667 ], [ 778395.84284028201364, 8982001.120426803827286 ], [ 778395.884721773676574, 8982001.265629591420293 ], [ 778395.931673269136809, 8982001.409273130819201 ], [ 778395.98363692429848, 8982001.551180450245738 ], [ 778396.040548720397055, 8982001.691176723688841 ], [ 778396.102338542114012, 8982001.829089473932981 ], [ 778396.168930264771916, 8982001.964748794212937 ], [ 778396.240241847699508, 8982002.097987554967403 ], [ 778396.316185435280204, 8982002.228641603142023 ], [ 778396.396667465567589, 8982002.35654997639358 ], [ 778396.481588784838095, 8982002.481555089354515 ], [ 778396.570844770409167, 8982002.603502938523889 ], [ 778396.664325459511019, 8982002.722243284806609 ], [ 778396.761915684211999, 8982002.837629839777946 ], [ 778396.863495213910937, 8982002.949520448222756 ], [ 778396.968938903068192, 8982003.057777259498835 ], [ 778397.078116845455952, 8982003.162266904488206 ], [ 778397.190894534462132, 8982003.262860650196671 ], [ 778397.307133028400131, 8982003.359434567391872 ], [ 778397.426689121988602, 8982003.451869677752256 ], [ 778397.54941552283708, 8982003.540052099153399 ], [ 778397.67516103235539, 8982003.623873192816973 ], [ 778397.803770732833073, 8982003.703229691833258 ], [ 778397.935086177662015, 8982003.778023827821016 ], [ 778398.068945586681366, 8982003.848163457587361 ], [ 778398.205184045946226, 8982003.913562167435884 ], [ 778398.34363371017389, 8982003.974139384925365 ], [ 778398.484124009963125, 8982004.0298204831779 ], [ 778398.626481862040237, 8982004.080536860972643 ], [ 778398.77053188206628, 8982004.126226034015417 ], [ 778398.916096601169556, 8982004.166831718757749 ], [ 778399.06299668434076, 8982004.202303884550929 ], [ 778399.211051151156425, 8982004.232598830014467 ], [ 778399.360077599412762, 8982004.257679235190153 ], [ 778399.509892429108731, 8982004.277514198794961 ], [ 778399.660311068990268, 8982004.292079282924533 ], [ 778399.811148204142228, 8982004.301356546580791 ], [ 778399.962218003813177, 8982004.305334558710456 ], [ 778400.113334350753576, 8982004.304008418694139 ], [ 778400.264311070321128, 8982004.297379760071635 ], [ 778400.41496215981897, 8982004.28545674867928 ], [ 778400.565102017833851, 8982004.268254075199366 ], [ 778400.714545672759414, 8982004.245792932808399 ], [ 778400.863109010737389, 8982004.218100992962718 ], [ 778401.010609002434649, 8982004.18521237000823 ], [ 778401.156863928423263, 8982004.147167587652802 ], [ 778401.301693603396416, 8982004.104013511911035 ], [ 778401.444919597939588, 8982004.055803311988711 ], [ 778401.586365458089858, 8982004.002596380189061 ], [ 778401.725856923381798, 8982003.944458266720176 ], [ 778401.86322214093525, 8982003.881460601463914 ], [ 778401.998291877331212, 8982003.813680993393064 ], [ 778402.130899727344513, 8982003.741202948614955 ], [ 778402.260882318718359, 8982003.664115756750107 ], [ 778402.388079513562843, 8982003.582514394074678 ], [ 778402.512334605446085, 8982003.496499389410019 ], [ 778402.633494512643665, 8982003.406176712363958 ], [ 778402.751409966731444, 8982003.311657642945647 ], [ 778402.865935696521774, 8982003.21305862441659 ], [ 778402.976930606644601, 8982003.110501134768128 ], [ 778403.084257952054031, 8982003.004111520946026 ], [ 778403.187785505899228, 8982002.894020855426788 ], [ 778403.287385722622275, 8982002.780364770442247 ], [ 778403.382935895351693, 8982002.663283288478851 ], [ 778403.47431830666028, 8982002.542920652776957 ], [ 778403.561420373735018, 8982002.419425152242184 ], [ 778403.644134787493385, 8982002.292948929592967 ], [ 778403.722359643899836, 8982002.163647806271911 ], [ 778403.79599857039284, 8982002.031681077554822 ], [ 778403.864960844162852, 8982001.897211326286197 ], [ 778403.929161504027434, 8982001.760404219850898 ], [ 778403.988521454972215, 8982001.621428305283189 ], [ 778404.042967565939762, 8982001.480454796925187 ], [ 778404.092432759469375, 8982001.337657375261188 ], [ 778404.136856094701216, 8982001.19321196526289 ], [ 778404.176182842347771, 8982001.047296525910497 ], [ 778404.210364551865496, 8982000.900090819224715 ], [ 778404.239359111874364, 8982000.751776207238436 ], [ 778404.263130800798535, 8982000.602535409852862 ], [ 778404.281650332384743, 8982000.452552290633321 ], [ 778404.294894890394062, 8982000.30201162956655 ], [ 778404.302848157822154, 8982000.15109889023006 ], [ 778404.305500336107798, 8982000.0 ] ] ] ] } },
{ "type": "Feature", "properties": { "LAYER": "07.Grid", "GM_TYPE": "Unknown Area Type", "ELEVATION": null }, "geometry": { "type": "MultiPolygon", "coordinates": [ [ [ [ 772404.305500336107798, 8980800.0 ], [ 772404.302848157822154, 8980799.84890110976994 ], [ 772404.294894890394062, 8980799.69798837043345 ], [ 772404.281650332384743, 8980799.547447709366679 ], [ 772404.263130800798535, 8980799.397464590147138 ], [ 772404.239359111874364, 8980799.248223792761564 ], [ 772404.210364551865496, 8980799.099909180775285 ], [ 772404.176182842347771, 8980798.952703474089503 ], [ 772404.136856094701216, 8980798.80678803473711 ], [ 772404.092432759469375, 8980798.662342624738812 ], [ 772404.042967565939762, 8980798.519545203074813 ], [ 772403.988521454972215, 8980798.378571694716811 ], [ 772403.929161504027434, 8980798.239595780149102 ], [ 772403.864960844162852, 8980798.102788673713803 ], [ 772403.79599857039284, 8980797.968318922445178 ], [ 772403.722359643899836, 8980797.836352193728089 ], [ 772403.644134787493385, 8980797.707051070407033 ], [ 772403.561420373735018, 8980797.580574847757816 ], [ 772403.47431830666028, 8980797.457079347223043 ], [ 772403.382935895351693, 8980797.336716711521149 ], [ 772403.287385722622275, 8980797.219635229557753 ], [ 772403.187785505899228, 8980797.105979144573212 ], [ 772403.084257952054031, 8980796.995888479053974 ], [ 772402.976930606644601, 8980796.889498865231872 ], [ 772402.865935696521774, 8980796.78694137558341 ], [ 772402.751409966731444, 8980796.688342357054353 ], [ 772402.633494512643665, 8980796.593823287636042 ], [ 772402.512334605446085, 8980796.503500610589981 ], [ 772402.388079513562843, 8980796.417485605925322 ], [ 772402.260882318718359, 8980796.335884243249893 ], [ 772402.130899727344513, 8980796.258797051385045 ], [ 772401.998291877331212, 8980796.186319006606936 ], [ 772401.86322214093525, 8980796.118539398536086 ], [ 772401.725856923381798, 8980796.055541733279824 ], [ 772401.586365458089858, 8980795.997403619810939 ], [ 772401.444919597939588, 8980795.944196688011289 ], [ 772401.301693603396416, 8980795.895986488088965 ], [ 772401.156863928423263, 8980795.852832412347198 ], [ 772401.010609002434649, 8980795.81478762999177 ], [ 772400.863109010737389, 8980795.781899007037282 ], [ 772400.714545672759414, 8980795.754207067191601 ], [ 772400.565102017833851, 8980795.731745924800634 ], [ 772400.41496215981897, 8980795.71454325132072 ], [ 772400.264311070321128, 8980795.702620239928365 ], [ 772400.113334350753576, 8980795.695991581305861 ], [ 772399.962218003813177, 8980795.694665441289544 ], [ 772399.811148204142228, 8980795.698643453419209 ], [ 772399.660311068990268, 8980795.707920717075467 ], [ 772399.509892429108731, 8980795.722485801205039 ], [ 772399.360077599412762, 8980795.742320764809847 ], [ 772399.211051151156425, 8980795.767401169985533 ], [ 772399.06299668434076, 8980795.797696115449071 ], [ 772398.916096601169556, 8980795.833168281242251 ], [ 772398.77053188206628, 8980795.873773965984583 ], [ 772398.626481862040237, 8980795.919463139027357 ], [ 772398.484124009963125, 8980795.9701795168221 ], [ 772398.34363371017389, 8980796.025860615074635 ], [ 772398.205184045946226, 8980796.086437832564116 ], [ 772398.068945586681366, 8980796.151836542412639 ], [ 772397.935086177662015, 8980796.221976172178984 ], [ 772397.803770732833073, 8980796.296770308166742 ], [ 772397.67516103235539, 8980796.376126807183027 ], [ 772397.54941552283708, 8980796.459947900846601 ], [ 772397.426689121988602, 8980796.548130322247744 ], [ 772397.307133028400131, 8980796.640565432608128 ], [ 772397.190894534462132, 8980796.737139349803329 ], [ 772397.078116845455952, 8980796.837733095511794 ], [ 772396.968938903068192, 8980796.942222740501165 ], [ 772396.863495213910937, 8980797.050479551777244 ], [ 772396.761915684211999, 8980797.162370160222054 ], [ 772396.664325459511019, 8980797.277756715193391 ], [ 772396.570844770409167, 8980797.396497061476111 ], [ 772396.481588784838095, 8980797.518444910645485 ], [ 772396.396667465567589, 8980797.64345002360642 ], [ 772396.316185435280204, 8980797.771358396857977 ], [ 772396.240241847699508, 8980797.902012445032597 ], [ 772396.168930264771916, 8980798.035251205787063 ], [ 772396.102338542114012, 8980798.170910526067019 ], [ 772396.040548720397055, 8980798.308823276311159 ], [ 772395.98363692429848, 8980798.448819549754262 ], [ 772395.931673269136809, 8980798.590726869180799 ], [ 772395.884721773676574, 8980798.734370408579707 ], [ 772395.84284028201364, 8980798.879573196172714 ], [ 772395.806080391979776, 8980799.026156345382333 ], [ 772395.774487391463481, 8980799.173939263448119 ], [ 772395.748100203112699, 8980799.322739886119962 ], [ 772395.72695133567322, 8980799.472374889999628 ], [ 772395.711066844523884, 8980799.622659925371408 ], [ 772395.700466299196705, 8980799.773409841582179 ], [ 772395.695162759511732, 8980799.9244389180094 ], [ 772395.695162759511732, 8980800.0755610819906 ], [ 772395.700466299196705, 8980800.226590158417821 ], [ 772395.711066844523884, 8980800.377340074628592 ], [ 772395.72695133567322, 8980800.527625110000372 ], [ 772395.748100203112699, 8980800.677260113880038 ], [ 772395.774487391463481, 8980800.826060736551881 ], [ 772395.806080391979776, 8980800.973843654617667 ], [ 772395.84284028201364, 8980801.120426803827286 ], [ 772395.884721773676574, 8980801.265629591420293 ], [ 772395.931673269136809, 8980801.409273130819201 ], [ 772395.98363692429848, 8980801.551180450245738 ], [ 772396.040548720397055, 8980801.691176723688841 ], [ 772396.102338542114012, 8980801.829089473932981 ], [ 772396.168930264771916, 8980801.964748794212937 ], [ 772396.240241847699508, 8980802.097987554967403 ], [ 772396.316185435280204, 8980802.228641603142023 ], [ 772396.396667465567589, 8980802.35654997639358 ], [ 772396.481588784838095, 8980802.481555089354515 ], [ 772396.570844770409167, 8980802.603502938523889 ], [ 772396.664325459511019, 8980802.722243284806609 ], [ 772396.761915684211999, 8980802.837629839777946 ], [ 772396.863495213910937, 8980802.949520448222756 ], [ 772396.968938903068192, 8980803.057777259498835 ], [ 772397.078116845455952, 8980803.162266904488206 ], [ 772397.190894534462132, 8980803.262860650196671 ], [ 772397.307133028400131, 8980803.359434567391872 ], [ 772397.426689121988602, 8980803.451869677752256 ], [ 772397.54941552283708, 8980803.540052099153399 ], [ 772397.67516103235539, 8980803.623873192816973 ], [ 772397.803770732833073, 8980803.703229691833258 ], [ 772397.935086177662015, 8980803.778023827821016 ], [ 772398.068945586681366, 8980803.848163457587361 ], [ 772398.205184045946226, 8980803.913562167435884 ], [ 772398.34363371017389, 8980803.974139384925365 ], [ 772398.484124009963125, 8980804.0298204831779 ], [ 772398.626481862040237, 8980804.080536860972643 ], [ 772398.77053188206628, 8980804.126226034015417 ], [ 772398.916096601169556, 8980804.166831718757749 ], [ 772399.06299668434076, 8980804.202303884550929 ], [ 772399.211051151156425, 8980804.232598830014467 ], [ 772399.360077599412762, 8980804.257679235190153 ], [ 772399.509892429108731, 8980804.277514198794961 ], [ 772399.660311068990268, 8980804.292079282924533 ], [ 772399.811148204142228, 8980804.301356546580791 ], [ 772399.962218003813177, 8980804.305334558710456 ], [ 772400.113334350753576, 8980804.304008418694139 ], [ 772400.264311070321128, 8980804.297379760071635 ], [ 772400.41496215981897, 8980804.28545674867928 ], [ 772400.565102017833851, 8980804.268254075199366 ], [ 772400.714545672759414, 8980804.245792932808399 ], [ 772400.863109010737389, 8980804.218100992962718 ], [ 772401.010609002434649, 8980804.18521237000823 ], [ 772401.156863928423263, 8980804.147167587652802 ], [ 772401.301693603396416, 8980804.104013511911035 ], [ 772401.444919597939588, 8980804.055803311988711 ], [ 772401.586365458089858, 8980804.002596380189061 ], [ 772401.725856923381798, 8980803.944458266720176 ], [ 772401.86322214093525, 8980803.881460601463914 ], [ 772401.998291877331212, 8980803.813680993393064 ], [ 772402.130899727344513, 8980803.741202948614955 ], [ 772402.260882318718359, 8980803.664115756750107 ], [ 772402.388079513562843, 8980803.582514394074678 ], [ 772402.512334605446085, 8980803.496499389410019 ], [ 772402.633494512643665, 8980803.406176712363958 ], [ 772402.751409966731444, 8980803.311657642945647 ], [ 772402.865935696521774, 8980803.21305862441659 ], [ 772402.976930606644601, 8980803.110501134768128 ], [ 772403.084257952054031, 8980803.004111520946026 ], [ 772403.187785505899228, 8980802.894020855426788 ], [ 772403.287385722622275, 8980802.780364770442247 ], [ 772403.382935895351693, 8980802.663283288478851 ], [ 772403.47431830666028, 8980802.542920652776957 ], [ 772403.561420373735018, 8980802.419425152242184 ], [ 772403.644134787493385, 8980802.292948929592967 ], [ 772403.722359643899836, 8980802.163647806271911 ], [ 772403.79599857039284, 8980802.031681077554822 ], [ 772403.864960844162852, 8980801.897211326286197 ], [ 772403.929161504027434, 8980801.760404219850898 ], [ 772403.988521454972215, 8980801.621428305283189 ], [ 772404.042967565939762, 8980801.480454796925187 ], [ 772404.092432759469375, 8980801.337657375261188 ], [ 772404.136856094701216, 8980801.19321196526289 ], [ 772404.176182842347771, 8980801.047296525910497 ], [ 772404.210364551865496, 8980800.900090819224715 ], [ 772404.239359111874364, 8980800.751776207238436 ], [ 772404.263130800798535, 8980800.602535409852862 ], [ 772404.281650332384743, 8980800.452552290633321 ], [ 772404.294894890394062, 8980800.30201162956655 ], [ 772404.302848157822154, 8980800.15109889023006 ], [ 772404.305500336107798, 8980800.0 ] ] ] ] } },
{ "type": "Feature", "properties": { "LAYER": "07.Grid", "GM_TYPE": "Unknown Area Type", "ELEVATION": null }, "geometry": { "type": "MultiPolygon", "coordinates": [ [ [ [ 773604.305500336107798, 8980800.0 ], [ 773604.302848157822154, 8980799.84890110976994 ], [ 773604.294894890394062, 8980799.69798837043345 ], [ 773604.281650332384743, 8980799.547447709366679 ], [ 773604.263130800798535, 8980799.397464590147138 ], [ 773604.239359111874364, 8980799.248223792761564 ], [ 773604.210364551865496, 8980799.099909180775285 ], [ 773604.176182842347771, 8980798.952703474089503 ], [ 773604.136856094701216, 8980798.80678803473711 ], [ 773604.092432759469375, 8980798.662342624738812 ], [ 773604.042967565939762, 8980798.519545203074813 ], [ 773603.988521454972215, 8980798.378571694716811 ], [ 773603.929161504027434, 8980798.239595780149102 ], [ 773603.864960844162852, 8980798.102788673713803 ], [ 773603.79599857039284, 8980797.968318922445178 ], [ 773603.722359643899836, 8980797.836352193728089 ], [ 773603.644134787493385, 8980797.707051070407033 ], [ 773603.561420373735018, 8980797.580574847757816 ], [ 773603.47431830666028, 8980797.457079347223043 ], [ 773603.382935895351693, 8980797.336716711521149 ], [ 773603.287385722622275, 8980797.219635229557753 ], [ 773603.187785505899228, 8980797.105979144573212 ], [ 773603.084257952054031, 8980796.995888479053974 ], [ 773602.976930606644601, 8980796.889498865231872 ], [ 773602.865935696521774, 8980796.78694137558341 ], [ 773602.751409966731444, 8980796.688342357054353 ], [ 773602.633494512643665, 8980796.593823287636042 ], [ 773602.512334605446085, 8980796.503500610589981 ], [ 773602.388079513562843, 8980796.417485605925322 ], [ 773602.260882318718359, 8980796.335884243249893 ], [ 773602.130899727344513, 8980796.258797051385045 ], [ 773601.998291877331212, 8980796.186319006606936 ], [ 773601.86322214093525, 8980796.118539398536086 ], [ 773601.725856923381798, 8980796.055541733279824 ], [ 773601.586365458089858, 8980795.997403619810939 ], [ 773601.444919597939588, 8980795.944196688011289 ], [ 773601.301693603396416, 8980795.895986488088965 ], [ 773601.156863928423263, 8980795.852832412347198 ], [ 773601.010609002434649, 8980795.81478762999177 ], [ 773600.863109010737389, 8980795.781899007037282 ], [ 773600.714545672759414, 8980795.754207067191601 ], [ 773600.565102017833851, 8980795.731745924800634 ], [ 773600.41496215981897, 8980795.71454325132072 ], [ 773600.264311070321128, 8980795.702620239928365 ], [ 773600.113334350753576, 8980795.695991581305861 ], [ 773599.962218003813177, 8980795.694665441289544 ], [ 773599.811148204142228, 8980795.698643453419209 ], [ 773599.660311068990268, 8980795.707920717075467 ], [ 773599.509892429108731, 8980795.722485801205039 ], [ 773599.360077599412762, 8980795.742320764809847 ], [ 773599.211051151156425, 8980795.767401169985533 ], [ 773599.06299668434076, 8980795.797696115449071 ], [ 773598.916096601169556, 8980795.833168281242251 ], [ 773598.77053188206628, 8980795.873773965984583 ], [ 773598.626481862040237, 8980795.919463139027357 ], [ 773598.484124009963125, 8980795.9701795168221 ], [ 773598.34363371017389, 8980796.025860615074635 ], [ 773598.205184045946226, 8980796.086437832564116 ], [ 773598.068945586681366, 8980796.151836542412639 ], [ 773597.935086177662015, 8980796.221976172178984 ], [ 773597.803770732833073, 8980796.296770308166742 ], [ 773597.67516103235539, 8980796.376126807183027 ], [ 773597.54941552283708, 8980796.459947900846601 ], [ 773597.426689121988602, 8980796.548130322247744 ], [ 773597.307133028400131, 8980796.640565432608128 ], [ 773597.190894534462132, 8980796.737139349803329 ], [ 773597.078116845455952, 8980796.837733095511794 ], [ 773596.968938903068192, 8980796.942222740501165 ], [ 773596.863495213910937, 8980797.050479551777244 ], [ 773596.761915684211999, 8980797.162370160222054 ], [ 773596.664325459511019, 8980797.277756715193391 ], [ 773596.570844770409167, 8980797.396497061476111 ], [ 773596.481588784838095, 8980797.518444910645485 ], [ 773596.396667465567589, 8980797.64345002360642 ], [ 773596.316185435280204, 8980797.771358396857977 ], [ 773596.240241847699508, 8980797.902012445032597 ], [ 773596.168930264771916, 8980798.035251205787063 ], [ 773596.102338542114012, 8980798.170910526067019 ], [ 773596.040548720397055, 8980798.308823276311159 ], [ 773595.98363692429848, 8980798.448819549754262 ], [ 773595.931673269136809, 8980798.590726869180799 ], [ 773595.884721773676574, 8980798.734370408579707 ], [ 773595.84284028201364, 8980798.879573196172714 ], [ 773595.806080391979776, 8980799.026156345382333 ], [ 773595.774487391463481, 8980799.173939263448119 ], [ 773595.748100203112699, 8980799.322739886119962 ], [ 773595.72695133567322, 8980799.472374889999628 ], [ 773595.711066844523884, 8980799.622659925371408 ], [ 773595.700466299196705, 8980799.773409841582179 ], [ 773595.695162759511732, 8980799.9244389180094 ], [ 773595.695162759511732, 8980800.0755610819906 ], [ 773595.700466299196705, 8980800.226590158417821 ], [ 773595.711066844523884, 8980800.377340074628592 ], [ 773595.72695133567322, 8980800.527625110000372 ], [ 773595.748100203112699, 8980800.677260113880038 ], [ 773595.774487391463481, 8980800.826060736551881 ], [ 773595.806080391979776, 8980800.973843654617667 ], [ 773595.84284028201364, 8980801.120426803827286 ], [ 773595.884721773676574, 8980801.265629591420293 ], [ 773595.931673269136809, 8980801.409273130819201 ], [ 773595.98363692429848, 8980801.551180450245738 ], [ 773596.040548720397055, 8980801.691176723688841 ], [ 773596.102338542114012, 8980801.829089473932981 ], [ 773596.168930264771916, 8980801.964748794212937 ], [ 773596.240241847699508, 8980802.097987554967403 ], [ 773596.316185435280204, 8980802.228641603142023 ], [ 773596.396667465567589, 8980802.35654997639358 ], [ 773596.481588784838095, 8980802.481555089354515 ], [ 773596.570844770409167, 8980802.603502938523889 ], [ 773596.664325459511019, 8980802.722243284806609 ], [ 773596.761915684211999, 8980802.837629839777946 ], [ 773596.863495213910937, 8980802.949520448222756 ], [ 773596.968938903068192, 8980803.057777259498835 ], [ 773597.078116845455952, 8980803.162266904488206 ], [ 773597.190894534462132, 8980803.262860650196671 ], [ 773597.307133028400131, 8980803.359434567391872 ], [ 773597.426689121988602, 8980803.451869677752256 ], [ 773597.54941552283708, 8980803.540052099153399 ], [ 773597.67516103235539, 8980803.623873192816973 ], [ 773597.803770732833073, 8980803.703229691833258 ], [ 773597.935086177662015, 8980803.778023827821016 ], [ 773598.068945586681366, 8980803.848163457587361 ], [ 773598.205184045946226, 8980803.913562167435884 ], [ 773598.34363371017389, 8980803.974139384925365 ], [ 773598.484124009963125, 8980804.0298204831779 ], [ 773598.626481862040237, 8980804.080536860972643 ], [ 773598.77053188206628, 8980804.126226034015417 ], [ 773598.916096601169556, 8980804.166831718757749 ], [ 773599.06299668434076, 8980804.202303884550929 ], [ 773599.211051151156425, 8980804.232598830014467 ], [ 773599.360077599412762, 8980804.257679235190153 ], [ 773599.509892429108731, 8980804.277514198794961 ], [ 773599.660311068990268, 8980804.292079282924533 ], [ 773599.811148204142228, 8980804.301356546580791 ], [ 773599.962218003813177, 8980804.305334558710456 ], [ 773600.113334350753576, 8980804.304008418694139 ], [ 773600.264311070321128, 8980804.297379760071635 ], [ 773600.41496215981897, 8980804.28545674867928 ], [ 773600.565102017833851, 8980804.268254075199366 ], [ 773600.714545672759414, 8980804.245792932808399 ], [ 773600.863109010737389, 8980804.218100992962718 ], [ 773601.010609002434649, 8980804.18521237000823 ], [ 773601.156863928423263, 8980804.147167587652802 ], [ 773601.301693603396416, 8980804.104013511911035 ], [ 773601.444919597939588, 8980804.055803311988711 ], [ 773601.586365458089858, 8980804.002596380189061 ], [ 773601.725856923381798, 8980803.944458266720176 ], [ 773601.86322214093525, 8980803.881460601463914 ], [ 773601.998291877331212, 8980803.813680993393064 ], [ 773602.130899727344513, 8980803.741202948614955 ], [ 773602.260882318718359, 8980803.664115756750107 ], [ 773602.388079513562843, 8980803.582514394074678 ], [ 773602.512334605446085, 8980803.496499389410019 ], [ 773602.633494512643665, 8980803.406176712363958 ], [ 773602.751409966731444, 8980803.311657642945647 ], [ 773602.865935696521774, 8980803.21305862441659 ], [ 773602.976930606644601, 8980803.110501134768128 ], [ 773603.084257952054031, 8980803.004111520946026 ], [ 773603.187785505899228, 8980802.894020855426788 ], [ 773603.287385722622275, 8980802.780364770442247 ], [ 773603.382935895351693, 8980802.663283288478851 ], [ 773603.47431830666028, 8980802.542920652776957 ], [ 773603.561420373735018, 8980802.419425152242184 ], [ 773603.644134787493385, 8980802.292948929592967 ], [ 773603.722359643899836, 8980802.163647806271911 ], [ 773603.79599857039284, 8980802.031681077554822 ], [ 773603.864960844162852, 8980801.897211326286197 ], [ 773603.929161504027434, 8980801.760404219850898 ], [ 773603.988521454972215, 8980801.621428305283189 ], [ 773604.042967565939762, 8980801.480454796925187 ], [ 773604.092432759469375, 8980801.337657375261188 ], [ 773604.136856094701216, 8980801.19321196526289 ], [ 773604.176182842347771, 8980801.047296525910497 ], [ 773604.210364551865496, 8980800.900090819224715 ], [ 773604.239359111874364, 8980800.751776207238436 ], [ 773604.263130800798535, 8980800.602535409852862 ], [ 773604.281650332384743, 8980800.452552290633321 ], [ 773604.294894890394062, 8980800.30201162956655 ], [ 773604.302848157822154, 8980800.15109889023006 ], [ 773604.305500336107798, 8980800.0 ] ] ] ] } },
{ "type": "Feature", "properties": { "LAYER": "07.Grid", "GM_TYPE": "Unknown Area Type", "ELEVATION": null }, "geometry": { "type": "MultiPolygon", "coordinates": [ [ [ [ 774804.305500336107798, 8980800.0 ], [ 774804.302848157822154, 8980799.84890110976994 ], [ 774804.294894890394062, 8980799.69798837043345 ], [ 774804.281650332384743, 8980799.547447709366679 ], [ 774804.263130800798535, 8980799.397464590147138 ], [ 774804.239359111874364, 8980799.248223792761564 ], [ 774804.210364551865496, 8980799.099909180775285 ], [ 774804.176182842347771, 8980798.952703474089503 ], [ 774804.136856094701216, 8980798.80678803473711 ], [ 774804.092432759469375, 8980798.662342624738812 ], [ 774804.042967565939762, 8980798.519545203074813 ], [ 774803.988521454972215, 8980798.378571694716811 ], [ 774803.929161504027434, 8980798.239595780149102 ], [ 774803.864960844162852, 8980798.102788673713803 ], [ 774803.79599857039284, 8980797.968318922445178 ], [ 774803.722359643899836, 8980797.836352193728089 ], [ 774803.644134787493385, 8980797.707051070407033 ], [ 774803.561420373735018, 8980797.580574847757816 ], [ 774803.47431830666028, 8980797.457079347223043 ], [ 774803.382935895351693, 8980797.336716711521149 ], [ 774803.287385722622275, 8980797.219635229557753 ], [ 774803.187785505899228, 8980797.105979144573212 ], [ 774803.084257952054031, 8980796.995888479053974 ], [ 774802.976930606644601, 8980796.889498865231872 ], [ 774802.865935696521774, 8980796.78694137558341 ], [ 774802.751409966731444, 8980796.688342357054353 ], [ 774802.633494512643665, 8980796.593823287636042 ], [ 774802.512334605446085, 8980796.503500610589981 ], [ 774802.388079513562843, 8980796.417485605925322 ], [ 774802.260882318718359, 8980796.335884243249893 ], [ 774802.130899727344513, 8980796.258797051385045 ], [ 774801.998291877331212, 8980796.186319006606936 ], [ 774801.86322214093525, 8980796.118539398536086 ], [ 774801.725856923381798, 8980796.055541733279824 ], [ 774801.586365458089858, 8980795.997403619810939 ], [ 774801.444919597939588, 8980795.944196688011289 ], [ 774801.301693603396416, 8980795.895986488088965 ], [ 774801.156863928423263, 8980795.852832412347198 ], [ 774801.010609002434649, 8980795.81478762999177 ], [ 774800.863109010737389, 8980795.781899007037282 ], [ 774800.714545672759414, 8980795.754207067191601 ], [ 774800.565102017833851, 8980795.731745924800634 ], [ 774800.41496215981897, 8980795.71454325132072 ], [ 774800.264311070321128, 8980795.702620239928365 ], [ 774800.113334350753576, 8980795.695991581305861 ], [ 774799.962218003813177, 8980795.694665441289544 ], [ 774799.811148204142228, 8980795.698643453419209 ], [ 774799.660311068990268, 8980795.707920717075467 ], [ 774799.509892429108731, 8980795.722485801205039 ], [ 774799.360077599412762, 8980795.742320764809847 ], [ 774799.211051151156425, 8980795.767401169985533 ], [ 774799.06299668434076, 8980795.797696115449071 ], [ 774798.916096601169556, 8980795.833168281242251 ], [ 774798.77053188206628, 8980795.873773965984583 ], [ 774798.626481862040237, 8980795.919463139027357 ], [ 774798.484124009963125, 8980795.9701795168221 ], [ 774798.34363371017389, 8980796.025860615074635 ], [ 774798.205184045946226, 8980796.086437832564116 ], [ 774798.068945586681366, 8980796.151836542412639 ], [ 774797.935086177662015, 8980796.221976172178984 ], [ 774797.803770732833073, 8980796.296770308166742 ], [ 774797.67516103235539, 8980796.376126807183027 ], [ 774797.54941552283708, 8980796.459947900846601 ], [ 774797.426689121988602, 8980796.548130322247744 ], [ 774797.307133028400131, 8980796.640565432608128 ], [ 774797.190894534462132, 8980796.737139349803329 ], [ 774797.078116845455952, 8980796.837733095511794 ], [ 774796.968938903068192, 8980796.942222740501165 ], [ 774796.863495213910937, 8980797.050479551777244 ], [ 774796.761915684211999, 8980797.162370160222054 ], [ 774796.664325459511019, 8980797.277756715193391 ], [ 774796.570844770409167, 8980797.396497061476111 ], [ 774796.481588784838095, 8980797.518444910645485 ], [ 774796.396667465567589, 8980797.64345002360642 ], [ 774796.316185435280204, 8980797.771358396857977 ], [ 774796.240241847699508, 8980797.902012445032597 ], [ 774796.168930264771916, 8980798.035251205787063 ], [ 774796.102338542114012, 8980798.170910526067019 ], [ 774796.040548720397055, 8980798.308823276311159 ], [ 774795.98363692429848, 8980798.448819549754262 ], [ 774795.931673269136809, 8980798.590726869180799 ], [ 774795.884721773676574, 8980798.734370408579707 ], [ 774795.84284028201364, 8980798.879573196172714 ], [ 774795.806080391979776, 8980799.026156345382333 ], [ 774795.774487391463481, 8980799.173939263448119 ], [ 774795.748100203112699, 8980799.322739886119962 ], [ 774795.72695133567322, 8980799.472374889999628 ], [ 774795.711066844523884, 8980799.622659925371408 ], [ 774795.700466299196705, 8980799.773409841582179 ], [ 774795.695162759511732, 8980799.9244389180094 ], [ 774795.695162759511732, 8980800.0755610819906 ], [ 774795.700466299196705, 8980800.226590158417821 ], [ 774795.711066844523884, 8980800.377340074628592 ], [ 774795.72695133567322, 8980800.527625110000372 ], [ 774795.748100203112699, 8980800.677260113880038 ], [ 774795.774487391463481, 8980800.826060736551881 ], [ 774795.806080391979776, 8980800.973843654617667 ], [ 774795.84284028201364, 8980801.120426803827286 ], [ 774795.884721773676574, 8980801.265629591420293 ], [ 774795.931673269136809, 8980801.409273130819201 ], [ 774795.98363692429848, 8980801.551180450245738 ], [ 774796.040548720397055, 8980801.691176723688841 ], [ 774796.102338542114012, 8980801.829089473932981 ], [ 774796.168930264771916, 8980801.964748794212937 ], [ 774796.240241847699508, 8980802.097987554967403 ], [ 774796.316185435280204, 8980802.228641603142023 ], [ 774796.396667465567589, 8980802.35654997639358 ], [ 774796.481588784838095, 8980802.481555089354515 ], [ 774796.570844770409167, 8980802.603502938523889 ], [ 774796.664325459511019, 8980802.722243284806609 ], [ 774796.761915684211999, 8980802.837629839777946 ], [ 774796.863495213910937, 8980802.949520448222756 ], [ 774796.968938903068192, 8980803.057777259498835 ], [ 774797.078116845455952, 8980803.162266904488206 ], [ 774797.190894534462132, 8980803.262860650196671 ], [ 774797.307133028400131, 8980803.359434567391872 ], [ 774797.426689121988602, 8980803.451869677752256 ], [ 774797.54941552283708, 8980803.540052099153399 ], [ 774797.67516103235539, 8980803.623873192816973 ], [ 774797.803770732833073, 8980803.703229691833258 ], [ 774797.935086177662015, 8980803.778023827821016 ], [ 774798.068945586681366, 8980803.848163457587361 ], [ 774798.205184045946226, 8980803.913562167435884 ], [ 774798.34363371017389, 8980803.974139384925365 ], [ 774798.484124009963125, 8980804.0298204831779 ], [ 774798.626481862040237, 8980804.080536860972643 ], [ 774798.77053188206628, 8980804.126226034015417 ], [ 774798.916096601169556, 8980804.166831718757749 ], [ 774799.06299668434076, 8980804.202303884550929 ], [ 774799.211051151156425, 8980804.232598830014467 ], [ 774799.360077599412762, 8980804.257679235190153 ], [ 774799.509892429108731, 8980804.277514198794961 ], [ 774799.660311068990268, 8980804.292079282924533 ], [ 774799.811148204142228, 8980804.301356546580791 ], [ 774799.962218003813177, 8980804.305334558710456 ], [ 774800.113334350753576, 8980804.304008418694139 ], [ 774800.264311070321128, 8980804.297379760071635 ], [ 774800.41496215981897, 8980804.28545674867928 ], [ 774800.565102017833851, 8980804.268254075199366 ], [ 774800.714545672759414, 8980804.245792932808399 ], [ 774800.863109010737389, 8980804.218100992962718 ], [ 774801.010609002434649, 8980804.18521237000823 ], [ 774801.156863928423263, 8980804.147167587652802 ], [ 774801.301693603396416, 8980804.104013511911035 ], [ 774801.444919597939588, 8980804.055803311988711 ], [ 774801.586365458089858, 8980804.002596380189061 ], [ 774801.725856923381798, 8980803.944458266720176 ], [ 774801.86322214093525, 8980803.881460601463914 ], [ 774801.998291877331212, 8980803.813680993393064 ], [ 774802.130899727344513, 8980803.741202948614955 ], [ 774802.260882318718359, 8980803.664115756750107 ], [ 774802.388079513562843, 8980803.582514394074678 ], [ 774802.512334605446085, 8980803.496499389410019 ], [ 774802.633494512643665, 8980803.406176712363958 ], [ 774802.751409966731444, 8980803.311657642945647 ], [ 774802.865935696521774, 8980803.21305862441659 ], [ 774802.976930606644601, 8980803.110501134768128 ], [ 774803.084257952054031, 8980803.004111520946026 ], [ 774803.187785505899228, 8980802.894020855426788 ], [ 774803.287385722622275, 8980802.780364770442247 ], [ 774803.382935895351693, 8980802.663283288478851 ], [ 774803.47431830666028, 8980802.542920652776957 ], [ 774803.561420373735018, 8980802.419425152242184 ], [ 774803.644134787493385, 8980802.292948929592967 ], [ 774803.722359643899836, 8980802.163647806271911 ], [ 774803.79599857039284, 8980802.031681077554822 ], [ 774803.864960844162852, 8980801.897211326286197 ], [ 774803.929161504027434, 8980801.760404219850898 ], [ 774803.988521454972215, 8980801.621428305283189 ], [ 774804.042967565939762, 8980801.480454796925187 ], [ 774804.092432759469375, 8980801.337657375261188 ], [ 774804.136856094701216, 8980801.19321196526289 ], [ 774804.176182842347771, 8980801.047296525910497 ], [ 774804.210364551865496, 8980800.900090819224715 ], [ 774804.239359111874364, 8980800.751776207238436 ], [ 774804.263130800798535, 8980800.602535409852862 ], [ 774804.281650332384743, 8980800.452552290633321 ], [ 774804.294894890394062, 8980800.30201162956655 ], [ 774804.302848157822154, 8980800.15109889023006 ], [ 774804.305500336107798, 8980800.0 ] ] ] ] } },
{ "type": "Feature", "properties": { "LAYER": "07.Grid", "GM_TYPE": "Unknown Area Type", "ELEVATION": null }, "geometry": { "type": "MultiPolygon", "coordinates": [ [ [ [ 776004.305500336107798, 8980800.0 ], [ 776004.302848157822154, 8980799.84890110976994 ], [ 776004.294894890394062, 8980799.69798837043345 ], [ 776004.281650332384743, 8980799.547447709366679 ], [ 776004.263130800798535, 8980799.397464590147138 ], [ 776004.239359111874364, 8980799.248223792761564 ], [ 776004.210364551865496, 8980799.099909180775285 ], [ 776004.176182842347771, 8980798.952703474089503 ], [ 776004.136856094701216, 8980798.80678803473711 ], [ 776004.092432759469375, 8980798.662342624738812 ], [ 776004.042967565939762, 8980798.519545203074813 ], [ 776003.988521454972215, 8980798.378571694716811 ], [ 776003.929161504027434, 8980798.239595780149102 ], [ 776003.864960844162852, 8980798.102788673713803 ], [ 776003.79599857039284, 8980797.968318922445178 ], [ 776003.722359643899836, 8980797.836352193728089 ], [ 776003.644134787493385, 8980797.707051070407033 ], [ 776003.561420373735018, 8980797.580574847757816 ], [ 776003.47431830666028, 8980797.457079347223043 ], [ 776003.382935895351693, 8980797.336716711521149 ], [ 776003.287385722622275, 8980797.219635229557753 ], [ 776003.187785505899228, 8980797.105979144573212 ], [ 776003.084257952054031, 8980796.995888479053974 ], [ 776002.976930606644601, 8980796.889498865231872 ], [ 776002.865935696521774, 8980796.78694137558341 ], [ 776002.751409966731444, 8980796.688342357054353 ], [ 776002.633494512643665, 8980796.593823287636042 ], [ 776002.512334605446085, 8980796.503500610589981 ], [ 776002.388079513562843, 8980796.417485605925322 ], [ 776002.260882318718359, 8980796.335884243249893 ], [ 776002.130899727344513, 8980796.258797051385045 ], [ 776001.998291877331212, 8980796.186319006606936 ], [ 776001.86322214093525, 8980796.118539398536086 ], [ 776001.725856923381798, 8980796.055541733279824 ], [ 776001.586365458089858, 8980795.997403619810939 ], [ 776001.444919597939588, 8980795.944196688011289 ], [ 776001.301693603396416, 8980795.895986488088965 ], [ 776001.156863928423263, 8980795.852832412347198 ], [ 776001.010609002434649, 8980795.81478762999177 ], [ 776000.863109010737389, 8980795.781899007037282 ], [ 776000.714545672759414, 8980795.754207067191601 ], [ 776000.565102017833851, 8980795.731745924800634 ], [ 776000.41496215981897, 8980795.71454325132072 ], [ 776000.264311070321128, 8980795.702620239928365 ], [ 776000.113334350753576, 8980795.695991581305861 ], [ 775999.962218003813177, 8980795.694665441289544 ], [ 775999.811148204142228, 8980795.698643453419209 ], [ 775999.660311068990268, 8980795.707920717075467 ], [ 775999.509892429108731, 8980795.722485801205039 ], [ 775999.360077599412762, 8980795.742320764809847 ], [ 775999.211051151156425, 8980795.767401169985533 ], [ 775999.06299668434076, 8980795.797696115449071 ], [ 775998.916096601169556, 8980795.833168281242251 ], [ 775998.77053188206628, 8980795.873773965984583 ], [ 775998.626481862040237, 8980795.919463139027357 ], [ 775998.484124009963125, 8980795.9701795168221 ], [ 775998.34363371017389, 8980796.025860615074635 ], [ 775998.205184045946226, 8980796.086437832564116 ], [ 775998.068945586681366, 8980796.151836542412639 ], [ 775997.935086177662015, 8980796.221976172178984 ], [ 775997.803770732833073, 8980796.296770308166742 ], [ 775997.67516103235539, 8980796.376126807183027 ], [ 775997.54941552283708, 8980796.459947900846601 ], [ 775997.426689121988602, 8980796.548130322247744 ], [ 775997.307133028400131, 8980796.640565432608128 ], [ 775997.190894534462132, 8980796.737139349803329 ], [ 775997.078116845455952, 8980796.837733095511794 ], [ 775996.968938903068192, 8980796.942222740501165 ], [ 775996.863495213910937, 8980797.050479551777244 ], [ 775996.761915684211999, 8980797.162370160222054 ], [ 775996.664325459511019, 8980797.277756715193391 ], [ 775996.570844770409167, 8980797.396497061476111 ], [ 775996.481588784838095, 8980797.518444910645485 ], [ 775996.396667465567589, 8980797.64345002360642 ], [ 775996.316185435280204, 8980797.771358396857977 ], [ 775996.240241847699508, 8980797.902012445032597 ], [ 775996.168930264771916, 8980798.035251205787063 ], [ 775996.102338542114012, 8980798.170910526067019 ], [ 775996.040548720397055, 8980798.308823276311159 ], [ 775995.98363692429848, 8980798.448819549754262 ], [ 775995.931673269136809, 8980798.590726869180799 ], [ 775995.884721773676574, 8980798.734370408579707 ], [ 775995.84284028201364, 8980798.879573196172714 ], [ 775995.806080391979776, 8980799.026156345382333 ], [ 775995.774487391463481, 8980799.173939263448119 ], [ 775995.748100203112699, 8980799.322739886119962 ], [ 775995.72695133567322, 8980799.472374889999628 ], [ 775995.711066844523884, 8980799.622659925371408 ], [ 775995.700466299196705, 8980799.773409841582179 ], [ 775995.695162759511732, 8980799.9244389180094 ], [ 775995.695162759511732, 8980800.0755610819906 ], [ 775995.700466299196705, 8980800.226590158417821 ], [ 775995.711066844523884, 8980800.377340074628592 ], [ 775995.72695133567322, 8980800.527625110000372 ], [ 775995.748100203112699, 8980800.677260113880038 ], [ 775995.774487391463481, 8980800.826060736551881 ], [ 775995.806080391979776, 8980800.973843654617667 ], [ 775995.84284028201364, 8980801.120426803827286 ], [ 775995.884721773676574, 8980801.265629591420293 ], [ 775995.931673269136809, 8980801.409273130819201 ], [ 775995.98363692429848, 8980801.551180450245738 ], [ 775996.040548720397055, 8980801.691176723688841 ], [ 775996.102338542114012, 8980801.829089473932981 ], [ 775996.168930264771916, 8980801.964748794212937 ], [ 775996.240241847699508, 8980802.097987554967403 ], [ 775996.316185435280204, 8980802.228641603142023 ], [ 775996.396667465567589, 8980802.35654997639358 ], [ 775996.481588784838095, 8980802.481555089354515 ], [ 775996.570844770409167, 8980802.603502938523889 ], [ 775996.664325459511019, 8980802.722243284806609 ], [ 775996.761915684211999, 8980802.837629839777946 ], [ 775996.863495213910937, 8980802.949520448222756 ], [ 775996.968938903068192, 8980803.057777259498835 ], [ 775997.078116845455952, 8980803.162266904488206 ], [ 775997.190894534462132, 8980803.262860650196671 ], [ 775997.307133028400131, 8980803.359434567391872 ], [ 775997.426689121988602, 8980803.451869677752256 ], [ 775997.54941552283708, 8980803.540052099153399 ], [ 775997.67516103235539, 8980803.623873192816973 ], [ 775997.803770732833073, 8980803.703229691833258 ], [ 775997.935086177662015, 8980803.778023827821016 ], [ 775998.068945586681366, 8980803.848163457587361 ], [ 775998.205184045946226, 8980803.913562167435884 ], [ 775998.34363371017389, 8980803.974139384925365 ], [ 775998.484124009963125, 8980804.0298204831779 ], [ 775998.626481862040237, 8980804.080536860972643 ], [ 775998.77053188206628, 8980804.126226034015417 ], [ 775998.916096601169556, 8980804.166831718757749 ], [ 775999.06299668434076, 8980804.202303884550929 ], [ 775999.211051151156425, 8980804.232598830014467 ], [ 775999.360077599412762, 8980804.257679235190153 ], [ 775999.509892429108731, 8980804.277514198794961 ], [ 775999.660311068990268, 8980804.292079282924533 ], [ 775999.811148204142228, 8980804.301356546580791 ], [ 775999.962218003813177, 8980804.305334558710456 ], [ 776000.113334350753576, 8980804.304008418694139 ], [ 776000.264311070321128, 8980804.297379760071635 ], [ 776000.41496215981897, 8980804.28545674867928 ], [ 776000.565102017833851, 8980804.268254075199366 ], [ 776000.714545672759414, 8980804.245792932808399 ], [ 776000.863109010737389, 8980804.218100992962718 ], [ 776001.010609002434649, 8980804.18521237000823 ], [ 776001.156863928423263, 8980804.147167587652802 ], [ 776001.301693603396416, 8980804.104013511911035 ], [ 776001.444919597939588, 8980804.055803311988711 ], [ 776001.586365458089858, 8980804.002596380189061 ], [ 776001.725856923381798, 8980803.944458266720176 ], [ 776001.86322214093525, 8980803.881460601463914 ], [ 776001.998291877331212, 8980803.813680993393064 ], [ 776002.130899727344513, 8980803.741202948614955 ], [ 776002.260882318718359, 8980803.664115756750107 ], [ 776002.388079513562843, 8980803.582514394074678 ], [ 776002.512334605446085, 8980803.496499389410019 ], [ 776002.633494512643665, 8980803.406176712363958 ], [ 776002.751409966731444, 8980803.311657642945647 ], [ 776002.865935696521774, 8980803.21305862441659 ], [ 776002.976930606644601, 8980803.110501134768128 ], [ 776003.084257952054031, 8980803.004111520946026 ], [ 776003.187785505899228, 8980802.894020855426788 ], [ 776003.287385722622275, 8980802.780364770442247 ], [ 776003.382935895351693, 8980802.663283288478851 ], [ 776003.47431830666028, 8980802.542920652776957 ], [ 776003.561420373735018, 8980802.419425152242184 ], [ 776003.644134787493385, 8980802.292948929592967 ], [ 776003.722359643899836, 8980802.163647806271911 ], [ 776003.79599857039284, 8980802.031681077554822 ], [ 776003.864960844162852, 8980801.897211326286197 ], [ 776003.929161504027434, 8980801.760404219850898 ], [ 776003.988521454972215, 8980801.621428305283189 ], [ 776004.042967565939762, 8980801.480454796925187 ], [ 776004.092432759469375, 8980801.337657375261188 ], [ 776004.136856094701216, 8980801.19321196526289 ], [ 776004.176182842347771, 8980801.047296525910497 ], [ 776004.210364551865496, 8980800.900090819224715 ], [ 776004.239359111874364, 8980800.751776207238436 ], [ 776004.263130800798535, 8980800.602535409852862 ], [ 776004.281650332384743, 8980800.452552290633321 ], [ 776004.294894890394062, 8980800.30201162956655 ], [ 776004.302848157822154, 8980800.15109889023006 ], [ 776004.305500336107798, 8980800.0 ] ] ] ] } },
{ "type": "Feature", "properties": { "LAYER": "07.Grid", "GM_TYPE": "Unknown Area Type", "ELEVATION": null }, "geometry": { "type": "MultiPolygon", "coordinates": [ [ [ [ 777204.305500336107798, 8980800.0 ], [ 777204.302848157822154, 8980799.84890110976994 ], [ 777204.294894890394062, 8980799.69798837043345 ], [ 777204.281650332384743, 8980799.547447709366679 ], [ 777204.263130800798535, 8980799.397464590147138 ], [ 777204.239359111874364, 8980799.248223792761564 ], [ 777204.210364551865496, 8980799.099909180775285 ], [ 777204.176182842347771, 8980798.952703474089503 ], [ 777204.136856094701216, 8980798.80678803473711 ], [ 777204.092432759469375, 8980798.662342624738812 ], [ 777204.042967565939762, 8980798.519545203074813 ], [ 777203.988521454972215, 8980798.378571694716811 ], [ 777203.929161504027434, 8980798.239595780149102 ], [ 777203.864960844162852, 8980798.102788673713803 ], [ 777203.79599857039284, 8980797.968318922445178 ], [ 777203.722359643899836, 8980797.836352193728089 ], [ 777203.644134787493385, 8980797.707051070407033 ], [ 777203.561420373735018, 8980797.580574847757816 ], [ 777203.47431830666028, 8980797.457079347223043 ], [ 777203.382935895351693, 8980797.336716711521149 ], [ 777203.287385722622275, 8980797.219635229557753 ], [ 777203.187785505899228, 8980797.105979144573212 ], [ 777203.084257952054031, 8980796.995888479053974 ], [ 777202.976930606644601, 8980796.889498865231872 ], [ 777202.865935696521774, 8980796.78694137558341 ], [ 777202.751409966731444, 8980796.688342357054353 ], [ 777202.633494512643665, 8980796.593823287636042 ], [ 777202.512334605446085, 8980796.503500610589981 ], [ 777202.388079513562843, 8980796.417485605925322 ], [ 777202.260882318718359, 8980796.335884243249893 ], [ 777202.130899727344513, 8980796.258797051385045 ], [ 777201.998291877331212, 8980796.186319006606936 ], [ 777201.86322214093525, 8980796.118539398536086 ], [ 777201.725856923381798, 8980796.055541733279824 ], [ 777201.586365458089858, 8980795.997403619810939 ], [ 777201.444919597939588, 8980795.944196688011289 ], [ 777201.301693603396416, 8980795.895986488088965 ], [ 777201.156863928423263, 8980795.852832412347198 ], [ 777201.010609002434649, 8980795.81478762999177 ], [ 777200.863109010737389, 8980795.781899007037282 ], [ 777200.714545672759414, 8980795.754207067191601 ], [ 777200.565102017833851, 8980795.731745924800634 ], [ 777200.41496215981897, 8980795.71454325132072 ], [ 777200.264311070321128, 8980795.702620239928365 ], [ 777200.113334350753576, 8980795.695991581305861 ], [ 777199.962218003813177, 8980795.694665441289544 ], [ 777199.811148204142228, 8980795.698643453419209 ], [ 777199.660311068990268, 8980795.707920717075467 ], [ 777199.509892429108731, 8980795.722485801205039 ], [ 777199.360077599412762, 8980795.742320764809847 ], [ 777199.211051151156425, 8980795.767401169985533 ], [ 777199.06299668434076, 8980795.797696115449071 ], [ 777198.916096601169556, 8980795.833168281242251 ], [ 777198.77053188206628, 8980795.873773965984583 ], [ 777198.626481862040237, 8980795.919463139027357 ], [ 777198.484124009963125, 8980795.9701795168221 ], [ 777198.34363371017389, 8980796.025860615074635 ], [ 777198.205184045946226, 8980796.086437832564116 ], [ 777198.068945586681366, 8980796.151836542412639 ], [ 777197.935086177662015, 8980796.221976172178984 ], [ 777197.803770732833073, 8980796.296770308166742 ], [ 777197.67516103235539, 8980796.376126807183027 ], [ 777197.54941552283708, 8980796.459947900846601 ], [ 777197.426689121988602, 8980796.548130322247744 ], [ 777197.307133028400131, 8980796.640565432608128 ], [ 777197.190894534462132, 8980796.737139349803329 ], [ 777197.078116845455952, 8980796.837733095511794 ], [ 777196.968938903068192, 8980796.942222740501165 ], [ 777196.863495213910937, 8980797.050479551777244 ], [ 777196.761915684211999, 8980797.162370160222054 ], [ 777196.664325459511019, 8980797.277756715193391 ], [ 777196.570844770409167, 8980797.396497061476111 ], [ 777196.481588784838095, 8980797.518444910645485 ], [ 777196.396667465567589, 8980797.64345002360642 ], [ 777196.316185435280204, 8980797.771358396857977 ], [ 777196.240241847699508, 8980797.902012445032597 ], [ 777196.168930264771916, 8980798.035251205787063 ], [ 777196.102338542114012, 8980798.170910526067019 ], [ 777196.040548720397055, 8980798.308823276311159 ], [ 777195.98363692429848, 8980798.448819549754262 ], [ 777195.931673269136809, 8980798.590726869180799 ], [ 777195.884721773676574, 8980798.734370408579707 ], [ 777195.84284028201364, 8980798.879573196172714 ], [ 777195.806080391979776, 8980799.026156345382333 ], [ 777195.774487391463481, 8980799.173939263448119 ], [ 777195.748100203112699, 8980799.322739886119962 ], [ 777195.72695133567322, 8980799.472374889999628 ], [ 777195.711066844523884, 8980799.622659925371408 ], [ 777195.700466299196705, 8980799.773409841582179 ], [ 777195.695162759511732, 8980799.9244389180094 ], [ 777195.695162759511732, 8980800.0755610819906 ], [ 777195.700466299196705, 8980800.226590158417821 ], [ 777195.711066844523884, 8980800.377340074628592 ], [ 777195.72695133567322, 8980800.527625110000372 ], [ 777195.748100203112699, 8980800.677260113880038 ], [ 777195.774487391463481, 8980800.826060736551881 ], [ 777195.806080391979776, 8980800.973843654617667 ], [ 777195.84284028201364, 8980801.120426803827286 ], [ 777195.884721773676574, 8980801.265629591420293 ], [ 777195.931673269136809, 8980801.409273130819201 ], [ 777195.98363692429848, 8980801.551180450245738 ], [ 777196.040548720397055, 8980801.691176723688841 ], [ 777196.102338542114012, 8980801.829089473932981 ], [ 777196.168930264771916, 8980801.964748794212937 ], [ 777196.240241847699508, 8980802.097987554967403 ], [ 777196.316185435280204, 8980802.228641603142023 ], [ 777196.396667465567589, 8980802.35654997639358 ], [ 777196.481588784838095, 8980802.481555089354515 ], [ 777196.570844770409167, 8980802.603502938523889 ], [ 777196.664325459511019, 8980802.722243284806609 ], [ 777196.761915684211999, 8980802.837629839777946 ], [ 777196.863495213910937, 8980802.949520448222756 ], [ 777196.968938903068192, 8980803.057777259498835 ], [ 777197.078116845455952, 8980803.162266904488206 ], [ 777197.190894534462132, 8980803.262860650196671 ], [ 777197.307133028400131, 8980803.359434567391872 ], [ 777197.426689121988602, 8980803.451869677752256 ], [ 777197.54941552283708, 8980803.540052099153399 ], [ 777197.67516103235539, 8980803.623873192816973 ], [ 777197.803770732833073, 8980803.703229691833258 ], [ 777197.935086177662015, 8980803.778023827821016 ], [ 777198.068945586681366, 8980803.848163457587361 ], [ 777198.205184045946226, 8980803.913562167435884 ], [ 777198.34363371017389, 8980803.974139384925365 ], [ 777198.484124009963125, 8980804.0298204831779 ], [ 777198.626481862040237, 8980804.080536860972643 ], [ 777198.77053188206628, 8980804.126226034015417 ], [ 777198.916096601169556, 8980804.166831718757749 ], [ 777199.06299668434076, 8980804.202303884550929 ], [ 777199.211051151156425, 8980804.232598830014467 ], [ 777199.360077599412762, 8980804.257679235190153 ], [ 777199.509892429108731, 8980804.277514198794961 ], [ 777199.660311068990268, 8980804.292079282924533 ], [ 777199.811148204142228, 8980804.301356546580791 ], [ 777199.962218003813177, 8980804.305334558710456 ], [ 777200.113334350753576, 8980804.304008418694139 ], [ 777200.264311070321128, 8980804.297379760071635 ], [ 777200.41496215981897, 8980804.28545674867928 ], [ 777200.565102017833851, 8980804.268254075199366 ], [ 777200.714545672759414, 8980804.245792932808399 ], [ 777200.863109010737389, 8980804.218100992962718 ], [ 777201.010609002434649, 8980804.18521237000823 ], [ 777201.156863928423263, 8980804.147167587652802 ], [ 777201.301693603396416, 8980804.104013511911035 ], [ 777201.444919597939588, 8980804.055803311988711 ], [ 777201.586365458089858, 8980804.002596380189061 ], [ 777201.725856923381798, 8980803.944458266720176 ], [ 777201.86322214093525, 8980803.881460601463914 ], [ 777201.998291877331212, 8980803.813680993393064 ], [ 777202.130899727344513, 8980803.741202948614955 ], [ 777202.260882318718359, 8980803.664115756750107 ], [ 777202.388079513562843, 8980803.582514394074678 ], [ 777202.512334605446085, 8980803.496499389410019 ], [ 777202.633494512643665, 8980803.406176712363958 ], [ 777202.751409966731444, 8980803.311657642945647 ], [ 777202.865935696521774, 8980803.21305862441659 ], [ 777202.976930606644601, 8980803.110501134768128 ], [ 777203.084257952054031, 8980803.004111520946026 ], [ 777203.187785505899228, 8980802.894020855426788 ], [ 777203.287385722622275, 8980802.780364770442247 ], [ 777203.382935895351693, 8980802.663283288478851 ], [ 777203.47431830666028, 8980802.542920652776957 ], [ 777203.561420373735018, 8980802.419425152242184 ], [ 777203.644134787493385, 8980802.292948929592967 ], [ 777203.722359643899836, 8980802.163647806271911 ], [ 777203.79599857039284, 8980802.031681077554822 ], [ 777203.864960844162852, 8980801.897211326286197 ], [ 777203.929161504027434, 8980801.760404219850898 ], [ 777203.988521454972215, 8980801.621428305283189 ], [ 777204.042967565939762, 8980801.480454796925187 ], [ 777204.092432759469375, 8980801.337657375261188 ], [ 777204.136856094701216, 8980801.19321196526289 ], [ 777204.176182842347771, 8980801.047296525910497 ], [ 777204.210364551865496, 8980800.900090819224715 ], [ 777204.239359111874364, 8980800.751776207238436 ], [ 777204.263130800798535, 8980800.602535409852862 ], [ 777204.281650332384743, 8980800.452552290633321 ], [ 777204.294894890394062, 8980800.30201162956655 ], [ 777204.302848157822154, 8980800.15109889023006 ], [ 777204.305500336107798, 8980800.0 ] ] ] ] } },
{ "type": "Feature", "properties": { "LAYER": "07.Grid", "GM_TYPE": "Unknown Area Type", "ELEVATION": null }, "geometry": { "type": "MultiPolygon", "coordinates": [ [ [ [ 778404.305500336107798, 8980800.0 ], [ 778404.302848157822154, 8980799.84890110976994 ], [ 778404.294894890394062, 8980799.69798837043345 ], [ 778404.281650332384743, 8980799.547447709366679 ], [ 778404.263130800798535, 8980799.397464590147138 ], [ 778404.239359111874364, 8980799.248223792761564 ], [ 778404.210364551865496, 8980799.099909180775285 ], [ 778404.176182842347771, 8980798.952703474089503 ], [ 778404.136856094701216, 8980798.80678803473711 ], [ 778404.092432759469375, 8980798.662342624738812 ], [ 778404.042967565939762, 8980798.519545203074813 ], [ 778403.988521454972215, 8980798.378571694716811 ], [ 778403.929161504027434, 8980798.239595780149102 ], [ 778403.864960844162852, 8980798.102788673713803 ], [ 778403.79599857039284, 8980797.968318922445178 ], [ 778403.722359643899836, 8980797.836352193728089 ], [ 778403.644134787493385, 8980797.707051070407033 ], [ 778403.561420373735018, 8980797.580574847757816 ], [ 778403.47431830666028, 8980797.457079347223043 ], [ 778403.382935895351693, 8980797.336716711521149 ], [ 778403.287385722622275, 8980797.219635229557753 ], [ 778403.187785505899228, 8980797.105979144573212 ], [ 778403.084257952054031, 8980796.995888479053974 ], [ 778402.976930606644601, 8980796.889498865231872 ], [ 778402.865935696521774, 8980796.78694137558341 ], [ 778402.751409966731444, 8980796.688342357054353 ], [ 778402.633494512643665, 8980796.593823287636042 ], [ 778402.512334605446085, 8980796.503500610589981 ], [ 778402.388079513562843, 8980796.417485605925322 ], [ 778402.260882318718359, 8980796.335884243249893 ], [ 778402.130899727344513, 8980796.258797051385045 ], [ 778401.998291877331212, 8980796.186319006606936 ], [ 778401.86322214093525, 8980796.118539398536086 ], [ 778401.725856923381798, 8980796.055541733279824 ], [ 778401.586365458089858, 8980795.997403619810939 ], [ 778401.444919597939588, 8980795.944196688011289 ], [ 778401.301693603396416, 8980795.895986488088965 ], [ 778401.156863928423263, 8980795.852832412347198 ], [ 778401.010609002434649, 8980795.81478762999177 ], [ 778400.863109010737389, 8980795.781899007037282 ], [ 778400.714545672759414, 8980795.754207067191601 ], [ 778400.565102017833851, 8980795.731745924800634 ], [ 778400.41496215981897, 8980795.71454325132072 ], [ 778400.264311070321128, 8980795.702620239928365 ], [ 778400.113334350753576, 8980795.695991581305861 ], [ 778399.962218003813177, 8980795.694665441289544 ], [ 778399.811148204142228, 8980795.698643453419209 ], [ 778399.660311068990268, 8980795.707920717075467 ], [ 778399.509892429108731, 8980795.722485801205039 ], [ 778399.360077599412762, 8980795.742320764809847 ], [ 778399.211051151156425, 8980795.767401169985533 ], [ 778399.06299668434076, 8980795.797696115449071 ], [ 778398.916096601169556, 8980795.833168281242251 ], [ 778398.77053188206628, 8980795.873773965984583 ], [ 778398.626481862040237, 8980795.919463139027357 ], [ 778398.484124009963125, 8980795.9701795168221 ], [ 778398.34363371017389, 8980796.025860615074635 ], [ 778398.205184045946226, 8980796.086437832564116 ], [ 778398.068945586681366, 8980796.151836542412639 ], [ 778397.935086177662015, 8980796.221976172178984 ], [ 778397.803770732833073, 8980796.296770308166742 ], [ 778397.67516103235539, 8980796.376126807183027 ], [ 778397.54941552283708, 8980796.459947900846601 ], [ 778397.426689121988602, 8980796.548130322247744 ], [ 778397.307133028400131, 8980796.640565432608128 ], [ 778397.190894534462132, 8980796.737139349803329 ], [ 778397.078116845455952, 8980796.837733095511794 ], [ 778396.968938903068192, 8980796.942222740501165 ], [ 778396.863495213910937, 8980797.050479551777244 ], [ 778396.761915684211999, 8980797.162370160222054 ], [ 778396.664325459511019, 8980797.277756715193391 ], [ 778396.570844770409167, 8980797.396497061476111 ], [ 778396.481588784838095, 8980797.518444910645485 ], [ 778396.396667465567589, 8980797.64345002360642 ], [ 778396.316185435280204, 8980797.771358396857977 ], [ 778396.240241847699508, 8980797.902012445032597 ], [ 778396.168930264771916, 8980798.035251205787063 ], [ 778396.102338542114012, 8980798.170910526067019 ], [ 778396.040548720397055, 8980798.308823276311159 ], [ 778395.98363692429848, 8980798.448819549754262 ], [ 778395.931673269136809, 8980798.590726869180799 ], [ 778395.884721773676574, 8980798.734370408579707 ], [ 778395.84284028201364, 8980798.879573196172714 ], [ 778395.806080391979776, 8980799.026156345382333 ], [ 778395.774487391463481, 8980799.173939263448119 ], [ 778395.748100203112699, 8980799.322739886119962 ], [ 778395.72695133567322, 8980799.472374889999628 ], [ 778395.711066844523884, 8980799.622659925371408 ], [ 778395.700466299196705, 8980799.773409841582179 ], [ 778395.695162759511732, 8980799.9244389180094 ], [ 778395.695162759511732, 8980800.0755610819906 ], [ 778395.700466299196705, 8980800.226590158417821 ], [ 778395.711066844523884, 8980800.377340074628592 ], [ 778395.72695133567322, 8980800.527625110000372 ], [ 778395.748100203112699, 8980800.677260113880038 ], [ 778395.774487391463481, 8980800.826060736551881 ], [ 778395.806080391979776, 8980800.973843654617667 ], [ 778395.84284028201364, 8980801.120426803827286 ], [ 778395.884721773676574, 8980801.265629591420293 ], [ 778395.931673269136809, 8980801.409273130819201 ], [ 778395.98363692429848, 8980801.551180450245738 ], [ 778396.040548720397055, 8980801.691176723688841 ], [ 778396.102338542114012, 8980801.829089473932981 ], [ 778396.168930264771916, 8980801.964748794212937 ], [ 778396.240241847699508, 8980802.097987554967403 ], [ 778396.316185435280204, 8980802.228641603142023 ], [ 778396.396667465567589, 8980802.35654997639358 ], [ 778396.481588784838095, 8980802.481555089354515 ], [ 778396.570844770409167, 8980802.603502938523889 ], [ 778396.664325459511019, 8980802.722243284806609 ], [ 778396.761915684211999, 8980802.837629839777946 ], [ 778396.863495213910937, 8980802.949520448222756 ], [ 778396.968938903068192, 8980803.057777259498835 ], [ 778397.078116845455952, 8980803.162266904488206 ], [ 778397.190894534462132, 8980803.262860650196671 ], [ 778397.307133028400131, 8980803.359434567391872 ], [ 778397.426689121988602, 8980803.451869677752256 ], [ 778397.54941552283708, 8980803.540052099153399 ], [ 778397.67516103235539, 8980803.623873192816973 ], [ 778397.803770732833073, 8980803.703229691833258 ], [ 778397.935086177662015, 8980803.778023827821016 ], [ 778398.068945586681366, 8980803.848163457587361 ], [ 778398.205184045946226, 8980803.913562167435884 ], [ 778398.34363371017389, 8980803.974139384925365 ], [ 778398.484124009963125, 8980804.0298204831779 ], [ 778398.626481862040237, 8980804.080536860972643 ], [ 778398.77053188206628, 8980804.126226034015417 ], [ 778398.916096601169556, 8980804.166831718757749 ], [ 778399.06299668434076, 8980804.202303884550929 ], [ 778399.211051151156425, 8980804.232598830014467 ], [ 778399.360077599412762, 8980804.257679235190153 ], [ 778399.509892429108731, 8980804.277514198794961 ], [ 778399.660311068990268, 8980804.292079282924533 ], [ 778399.811148204142228, 8980804.301356546580791 ], [ 778399.962218003813177, 8980804.305334558710456 ], [ 778400.113334350753576, 8980804.304008418694139 ], [ 778400.264311070321128, 8980804.297379760071635 ], [ 778400.41496215981897, 8980804.28545674867928 ], [ 778400.565102017833851, 8980804.268254075199366 ], [ 778400.714545672759414, 8980804.245792932808399 ], [ 778400.863109010737389, 8980804.218100992962718 ], [ 778401.010609002434649, 8980804.18521237000823 ], [ 778401.156863928423263, 8980804.147167587652802 ], [ 778401.301693603396416, 8980804.104013511911035 ], [ 778401.444919597939588, 8980804.055803311988711 ], [ 778401.586365458089858, 8980804.002596380189061 ], [ 778401.725856923381798, 8980803.944458266720176 ], [ 778401.86322214093525, 8980803.881460601463914 ], [ 778401.998291877331212, 8980803.813680993393064 ], [ 778402.130899727344513, 8980803.741202948614955 ], [ 778402.260882318718359, 8980803.664115756750107 ], [ 778402.388079513562843, 8980803.582514394074678 ], [ 778402.512334605446085, 8980803.496499389410019 ], [ 778402.633494512643665, 8980803.406176712363958 ], [ 778402.751409966731444, 8980803.311657642945647 ], [ 778402.865935696521774, 8980803.21305862441659 ], [ 778402.976930606644601, 8980803.110501134768128 ], [ 778403.084257952054031, 8980803.004111520946026 ], [ 778403.187785505899228, 8980802.894020855426788 ], [ 778403.287385722622275, 8980802.780364770442247 ], [ 778403.382935895351693, 8980802.663283288478851 ], [ 778403.47431830666028, 8980802.542920652776957 ], [ 778403.561420373735018, 8980802.419425152242184 ], [ 778403.644134787493385, 8980802.292948929592967 ], [ 778403.722359643899836, 8980802.163647806271911 ], [ 778403.79599857039284, 8980802.031681077554822 ], [ 778403.864960844162852, 8980801.897211326286197 ], [ 778403.929161504027434, 8980801.760404219850898 ], [ 778403.988521454972215, 8980801.621428305283189 ], [ 778404.042967565939762, 8980801.480454796925187 ], [ 778404.092432759469375, 8980801.337657375261188 ], [ 778404.136856094701216, 8980801.19321196526289 ], [ 778404.176182842347771, 8980801.047296525910497 ], [ 778404.210364551865496, 8980800.900090819224715 ], [ 778404.239359111874364, 8980800.751776207238436 ], [ 778404.263130800798535, 8980800.602535409852862 ], [ 778404.281650332384743, 8980800.452552290633321 ], [ 778404.294894890394062, 8980800.30201162956655 ], [ 778404.302848157822154, 8980800.15109889023006 ], [ 778404.305500336107798, 8980800.0 ] ] ] ] } },
{ "type": "Feature", "properties": { "LAYER": "07.Grid", "GM_TYPE": "Unknown Area Type", "ELEVATION": null }, "geometry": { "type": "MultiPolygon", "coordinates": [ [ [ [ 772404.305500336107798, 8979600.0 ], [ 772404.302848157822154, 8979599.84890110976994 ], [ 772404.294894890394062, 8979599.69798837043345 ], [ 772404.281650332384743, 8979599.547447709366679 ], [ 772404.263130800798535, 8979599.397464590147138 ], [ 772404.239359111874364, 8979599.248223792761564 ], [ 772404.210364551865496, 8979599.099909180775285 ], [ 772404.176182842347771, 8979598.952703474089503 ], [ 772404.136856094701216, 8979598.80678803473711 ], [ 772404.092432759469375, 8979598.662342624738812 ], [ 772404.042967565939762, 8979598.519545203074813 ], [ 772403.988521454972215, 8979598.378571694716811 ], [ 772403.929161504027434, 8979598.239595780149102 ], [ 772403.864960844162852, 8979598.102788673713803 ], [ 772403.79599857039284, 8979597.968318922445178 ], [ 772403.722359643899836, 8979597.836352193728089 ], [ 772403.644134787493385, 8979597.707051070407033 ], [ 772403.561420373735018, 8979597.580574847757816 ], [ 772403.47431830666028, 8979597.457079347223043 ], [ 772403.382935895351693, 8979597.336716711521149 ], [ 772403.287385722622275, 8979597.219635229557753 ], [ 772403.187785505899228, 8979597.105979144573212 ], [ 772403.084257952054031, 8979596.995888479053974 ], [ 772402.976930606644601, 8979596.889498865231872 ], [ 772402.865935696521774, 8979596.78694137558341 ], [ 772402.751409966731444, 8979596.688342357054353 ], [ 772402.633494512643665, 8979596.593823287636042 ], [ 772402.512334605446085, 8979596.503500610589981 ], [ 772402.388079513562843, 8979596.417485605925322 ], [ 772402.260882318718359, 8979596.335884243249893 ], [ 772402.130899727344513, 8979596.258797051385045 ], [ 772401.998291877331212, 8979596.186319006606936 ], [ 772401.86322214093525, 8979596.118539398536086 ], [ 772401.725856923381798, 8979596.055541733279824 ], [ 772401.586365458089858, 8979595.997403619810939 ], [ 772401.444919597939588, 8979595.944196688011289 ], [ 772401.301693603396416, 8979595.895986488088965 ], [ 772401.156863928423263, 8979595.852832412347198 ], [ 772401.010609002434649, 8979595.81478762999177 ], [ 772400.863109010737389, 8979595.781899007037282 ], [ 772400.714545672759414, 8979595.754207067191601 ], [ 772400.565102017833851, 8979595.731745924800634 ], [ 772400.41496215981897, 8979595.71454325132072 ], [ 772400.264311070321128, 8979595.702620239928365 ], [ 772400.113334350753576, 8979595.695991581305861 ], [ 772399.962218003813177, 8979595.694665441289544 ], [ 772399.811148204142228, 8979595.698643453419209 ], [ 772399.660311068990268, 8979595.707920717075467 ], [ 772399.509892429108731, 8979595.722485801205039 ], [ 772399.360077599412762, 8979595.742320764809847 ], [ 772399.211051151156425, 8979595.767401169985533 ], [ 772399.06299668434076, 8979595.797696115449071 ], [ 772398.916096601169556, 8979595.833168281242251 ], [ 772398.77053188206628, 8979595.873773965984583 ], [ 772398.626481862040237, 8979595.919463139027357 ], [ 772398.484124009963125, 8979595.9701795168221 ], [ 772398.34363371017389, 8979596.025860615074635 ], [ 772398.205184045946226, 8979596.086437832564116 ], [ 772398.068945586681366, 8979596.151836542412639 ], [ 772397.935086177662015, 8979596.221976172178984 ], [ 772397.803770732833073, 8979596.296770308166742 ], [ 772397.67516103235539, 8979596.376126807183027 ], [ 772397.54941552283708, 8979596.459947900846601 ], [ 772397.426689121988602, 8979596.548130322247744 ], [ 772397.307133028400131, 8979596.640565432608128 ], [ 772397.190894534462132, 8979596.737139349803329 ], [ 772397.078116845455952, 8979596.837733095511794 ], [ 772396.968938903068192, 8979596.942222740501165 ], [ 772396.863495213910937, 8979597.050479551777244 ], [ 772396.761915684211999, 8979597.162370160222054 ], [ 772396.664325459511019, 8979597.277756715193391 ], [ 772396.570844770409167, 8979597.396497061476111 ], [ 772396.481588784838095, 8979597.518444910645485 ], [ 772396.396667465567589, 8979597.64345002360642 ], [ 772396.316185435280204, 8979597.771358396857977 ], [ 772396.240241847699508, 8979597.902012445032597 ], [ 772396.168930264771916, 8979598.035251205787063 ], [ 772396.102338542114012, 8979598.170910526067019 ], [ 772396.040548720397055, 8979598.308823276311159 ], [ 772395.98363692429848, 8979598.448819549754262 ], [ 772395.931673269136809, 8979598.590726869180799 ], [ 772395.884721773676574, 8979598.734370408579707 ], [ 772395.84284028201364, 8979598.879573196172714 ], [ 772395.806080391979776, 8979599.026156345382333 ], [ 772395.774487391463481, 8979599.173939263448119 ], [ 772395.748100203112699, 8979599.322739886119962 ], [ 772395.72695133567322, 8979599.472374889999628 ], [ 772395.711066844523884, 8979599.622659925371408 ], [ 772395.700466299196705, 8979599.773409841582179 ], [ 772395.695162759511732, 8979599.9244389180094 ], [ 772395.695162759511732, 8979600.0755610819906 ], [ 772395.700466299196705, 8979600.226590158417821 ], [ 772395.711066844523884, 8979600.377340074628592 ], [ 772395.72695133567322, 8979600.527625110000372 ], [ 772395.748100203112699, 8979600.677260113880038 ], [ 772395.774487391463481, 8979600.826060736551881 ], [ 772395.806080391979776, 8979600.973843654617667 ], [ 772395.84284028201364, 8979601.120426803827286 ], [ 772395.884721773676574, 8979601.265629591420293 ], [ 772395.931673269136809, 8979601.409273130819201 ], [ 772395.98363692429848, 8979601.551180450245738 ], [ 772396.040548720397055, 8979601.691176723688841 ], [ 772396.102338542114012, 8979601.829089473932981 ], [ 772396.168930264771916, 8979601.964748794212937 ], [ 772396.240241847699508, 8979602.097987554967403 ], [ 772396.316185435280204, 8979602.228641603142023 ], [ 772396.396667465567589, 8979602.35654997639358 ], [ 772396.481588784838095, 8979602.481555089354515 ], [ 772396.570844770409167, 8979602.603502938523889 ], [ 772396.664325459511019, 8979602.722243284806609 ], [ 772396.761915684211999, 8979602.837629839777946 ], [ 772396.863495213910937, 8979602.949520448222756 ], [ 772396.968938903068192, 8979603.057777259498835 ], [ 772397.078116845455952, 8979603.162266904488206 ], [ 772397.190894534462132, 8979603.262860650196671 ], [ 772397.307133028400131, 8979603.359434567391872 ], [ 772397.426689121988602, 8979603.451869677752256 ], [ 772397.54941552283708, 8979603.540052099153399 ], [ 772397.67516103235539, 8979603.623873192816973 ], [ 772397.803770732833073, 8979603.703229691833258 ], [ 772397.935086177662015, 8979603.778023827821016 ], [ 772398.068945586681366, 8979603.848163457587361 ], [ 772398.205184045946226, 8979603.913562167435884 ], [ 772398.34363371017389, 8979603.974139384925365 ], [ 772398.484124009963125, 8979604.0298204831779 ], [ 772398.626481862040237, 8979604.080536860972643 ], [ 772398.77053188206628, 8979604.126226034015417 ], [ 772398.916096601169556, 8979604.166831718757749 ], [ 772399.06299668434076, 8979604.202303884550929 ], [ 772399.211051151156425, 8979604.232598830014467 ], [ 772399.360077599412762, 8979604.257679235190153 ], [ 772399.509892429108731, 8979604.277514198794961 ], [ 772399.660311068990268, 8979604.292079282924533 ], [ 772399.811148204142228, 8979604.301356546580791 ], [ 772399.962218003813177, 8979604.305334558710456 ], [ 772400.113334350753576, 8979604.304008418694139 ], [ 772400.264311070321128, 8979604.297379760071635 ], [ 772400.41496215981897, 8979604.28545674867928 ], [ 772400.565102017833851, 8979604.268254075199366 ], [ 772400.714545672759414, 8979604.245792932808399 ], [ 772400.863109010737389, 8979604.218100992962718 ], [ 772401.010609002434649, 8979604.18521237000823 ], [ 772401.156863928423263, 8979604.147167587652802 ], [ 772401.301693603396416, 8979604.104013511911035 ], [ 772401.444919597939588, 8979604.055803311988711 ], [ 772401.586365458089858, 8979604.002596380189061 ], [ 772401.725856923381798, 8979603.944458266720176 ], [ 772401.86322214093525, 8979603.881460601463914 ], [ 772401.998291877331212, 8979603.813680993393064 ], [ 772402.130899727344513, 8979603.741202948614955 ], [ 772402.260882318718359, 8979603.664115756750107 ], [ 772402.388079513562843, 8979603.582514394074678 ], [ 772402.512334605446085, 8979603.496499389410019 ], [ 772402.633494512643665, 8979603.406176712363958 ], [ 772402.751409966731444, 8979603.311657642945647 ], [ 772402.865935696521774, 8979603.21305862441659 ], [ 772402.976930606644601, 8979603.110501134768128 ], [ 772403.084257952054031, 8979603.004111520946026 ], [ 772403.187785505899228, 8979602.894020855426788 ], [ 772403.287385722622275, 8979602.780364770442247 ], [ 772403.382935895351693, 8979602.663283288478851 ], [ 772403.47431830666028, 8979602.542920652776957 ], [ 772403.561420373735018, 8979602.419425152242184 ], [ 772403.644134787493385, 8979602.292948929592967 ], [ 772403.722359643899836, 8979602.163647806271911 ], [ 772403.79599857039284, 8979602.031681077554822 ], [ 772403.864960844162852, 8979601.897211326286197 ], [ 772403.929161504027434, 8979601.760404219850898 ], [ 772403.988521454972215, 8979601.621428305283189 ], [ 772404.042967565939762, 8979601.480454796925187 ], [ 772404.092432759469375, 8979601.337657375261188 ], [ 772404.136856094701216, 8979601.19321196526289 ], [ 772404.176182842347771, 8979601.047296525910497 ], [ 772404.210364551865496, 8979600.900090819224715 ], [ 772404.239359111874364, 8979600.751776207238436 ], [ 772404.263130800798535, 8979600.602535409852862 ], [ 772404.281650332384743, 8979600.452552290633321 ], [ 772404.294894890394062, 8979600.30201162956655 ], [ 772404.302848157822154, 8979600.15109889023006 ], [ 772404.305500336107798, 8979600.0 ] ] ] ] } },
{ "type": "Feature", "properties": { "LAYER": "07.Grid", "GM_TYPE": "Unknown Area Type", "ELEVATION": null }, "geometry": { "type": "MultiPolygon", "coordinates": [ [ [ [ 773604.305500336107798, 8979600.0 ], [ 773604.302848157822154, 8979599.84890110976994 ], [ 773604.294894890394062, 8979599.69798837043345 ], [ 773604.281650332384743, 8979599.547447709366679 ], [ 773604.263130800798535, 8979599.397464590147138 ], [ 773604.239359111874364, 8979599.248223792761564 ], [ 773604.210364551865496, 8979599.099909180775285 ], [ 773604.176182842347771, 8979598.952703474089503 ], [ 773604.136856094701216, 8979598.80678803473711 ], [ 773604.092432759469375, 8979598.662342624738812 ], [ 773604.042967565939762, 8979598.519545203074813 ], [ 773603.988521454972215, 8979598.378571694716811 ], [ 773603.929161504027434, 8979598.239595780149102 ], [ 773603.864960844162852, 8979598.102788673713803 ], [ 773603.79599857039284, 8979597.968318922445178 ], [ 773603.722359643899836, 8979597.836352193728089 ], [ 773603.644134787493385, 8979597.707051070407033 ], [ 773603.561420373735018, 8979597.580574847757816 ], [ 773603.47431830666028, 8979597.457079347223043 ], [ 773603.382935895351693, 8979597.336716711521149 ], [ 773603.287385722622275, 8979597.219635229557753 ], [ 773603.187785505899228, 8979597.105979144573212 ], [ 773603.084257952054031, 8979596.995888479053974 ], [ 773602.976930606644601, 8979596.889498865231872 ], [ 773602.865935696521774, 8979596.78694137558341 ], [ 773602.751409966731444, 8979596.688342357054353 ], [ 773602.633494512643665, 8979596.593823287636042 ], [ 773602.512334605446085, 8979596.503500610589981 ], [ 773602.388079513562843, 8979596.417485605925322 ], [ 773602.260882318718359, 8979596.335884243249893 ], [ 773602.130899727344513, 8979596.258797051385045 ], [ 773601.998291877331212, 8979596.186319006606936 ], [ 773601.86322214093525, 8979596.118539398536086 ], [ 773601.725856923381798, 8979596.055541733279824 ], [ 773601.586365458089858, 8979595.997403619810939 ], [ 773601.444919597939588, 8979595.944196688011289 ], [ 773601.301693603396416, 8979595.895986488088965 ], [ 773601.156863928423263, 8979595.852832412347198 ], [ 773601.010609002434649, 8979595.81478762999177 ], [ 773600.863109010737389, 8979595.781899007037282 ], [ 773600.714545672759414, 8979595.754207067191601 ], [ 773600.565102017833851, 8979595.731745924800634 ], [ 773600.41496215981897, 8979595.71454325132072 ], [ 773600.264311070321128, 8979595.702620239928365 ], [ 773600.113334350753576, 8979595.695991581305861 ], [ 773599.962218003813177, 8979595.694665441289544 ], [ 773599.811148204142228, 8979595.698643453419209 ], [ 773599.660311068990268, 8979595.707920717075467 ], [ 773599.509892429108731, 8979595.722485801205039 ], [ 773599.360077599412762, 8979595.742320764809847 ], [ 773599.211051151156425, 8979595.767401169985533 ], [ 773599.06299668434076, 8979595.797696115449071 ], [ 773598.916096601169556, 8979595.833168281242251 ], [ 773598.77053188206628, 8979595.873773965984583 ], [ 773598.626481862040237, 8979595.919463139027357 ], [ 773598.484124009963125, 8979595.9701795168221 ], [ 773598.34363371017389, 8979596.025860615074635 ], [ 773598.205184045946226, 8979596.086437832564116 ], [ 773598.068945586681366, 8979596.151836542412639 ], [ 773597.935086177662015, 8979596.221976172178984 ], [ 773597.803770732833073, 8979596.296770308166742 ], [ 773597.67516103235539, 8979596.376126807183027 ], [ 773597.54941552283708, 8979596.459947900846601 ], [ 773597.426689121988602, 8979596.548130322247744 ], [ 773597.307133028400131, 8979596.640565432608128 ], [ 773597.190894534462132, 8979596.737139349803329 ], [ 773597.078116845455952, 8979596.837733095511794 ], [ 773596.968938903068192, 8979596.942222740501165 ], [ 773596.863495213910937, 8979597.050479551777244 ], [ 773596.761915684211999, 8979597.162370160222054 ], [ 773596.664325459511019, 8979597.277756715193391 ], [ 773596.570844770409167, 8979597.396497061476111 ], [ 773596.481588784838095, 8979597.518444910645485 ], [ 773596.396667465567589, 8979597.64345002360642 ], [ 773596.316185435280204, 8979597.771358396857977 ], [ 773596.240241847699508, 8979597.902012445032597 ], [ 773596.168930264771916, 8979598.035251205787063 ], [ 773596.102338542114012, 8979598.170910526067019 ], [ 773596.040548720397055, 8979598.308823276311159 ], [ 773595.98363692429848, 8979598.448819549754262 ], [ 773595.931673269136809, 8979598.590726869180799 ], [ 773595.884721773676574, 8979598.734370408579707 ], [ 773595.84284028201364, 8979598.879573196172714 ], [ 773595.806080391979776, 8979599.026156345382333 ], [ 773595.774487391463481, 8979599.173939263448119 ], [ 773595.748100203112699, 8979599.322739886119962 ], [ 773595.72695133567322, 8979599.472374889999628 ], [ 773595.711066844523884, 8979599.622659925371408 ], [ 773595.700466299196705, 8979599.773409841582179 ], [ 773595.695162759511732, 8979599.9244389180094 ], [ 773595.695162759511732, 8979600.0755610819906 ], [ 773595.700466299196705, 8979600.226590158417821 ], [ 773595.711066844523884, 8979600.377340074628592 ], [ 773595.72695133567322, 8979600.527625110000372 ], [ 773595.748100203112699, 8979600.677260113880038 ], [ 773595.774487391463481, 8979600.826060736551881 ], [ 773595.806080391979776, 8979600.973843654617667 ], [ 773595.84284028201364, 8979601.120426803827286 ], [ 773595.884721773676574, 8979601.265629591420293 ], [ 773595.931673269136809, 8979601.409273130819201 ], [ 773595.98363692429848, 8979601.551180450245738 ], [ 773596.040548720397055, 8979601.691176723688841 ], [ 773596.102338542114012, 8979601.829089473932981 ], [ 773596.168930264771916, 8979601.964748794212937 ], [ 773596.240241847699508, 8979602.097987554967403 ], [ 773596.316185435280204, 8979602.228641603142023 ], [ 773596.396667465567589, 8979602.35654997639358 ], [ 773596.481588784838095, 8979602.481555089354515 ], [ 773596.570844770409167, 8979602.603502938523889 ], [ 773596.664325459511019, 8979602.722243284806609 ], [ 773596.761915684211999, 8979602.837629839777946 ], [ 773596.863495213910937, 8979602.949520448222756 ], [ 773596.968938903068192, 8979603.057777259498835 ], [ 773597.078116845455952, 8979603.162266904488206 ], [ 773597.190894534462132, 8979603.262860650196671 ], [ 773597.307133028400131, 8979603.359434567391872 ], [ 773597.426689121988602, 8979603.451869677752256 ], [ 773597.54941552283708, 8979603.540052099153399 ], [ 773597.67516103235539, 8979603.623873192816973 ], [ 773597.803770732833073, 8979603.703229691833258 ], [ 773597.935086177662015, 8979603.778023827821016 ], [ 773598.068945586681366, 8979603.848163457587361 ], [ 773598.205184045946226, 8979603.913562167435884 ], [ 773598.34363371017389, 8979603.974139384925365 ], [ 773598.484124009963125, 8979604.0298204831779 ], [ 773598.626481862040237, 8979604.080536860972643 ], [ 773598.77053188206628, 8979604.126226034015417 ], [ 773598.916096601169556, 8979604.166831718757749 ], [ 773599.06299668434076, 8979604.202303884550929 ], [ 773599.211051151156425, 8979604.232598830014467 ], [ 773599.360077599412762, 8979604.257679235190153 ], [ 773599.509892429108731, 8979604.277514198794961 ], [ 773599.660311068990268, 8979604.292079282924533 ], [ 773599.811148204142228, 8979604.301356546580791 ], [ 773599.962218003813177, 8979604.305334558710456 ], [ 773600.113334350753576, 8979604.304008418694139 ], [ 773600.264311070321128, 8979604.297379760071635 ], [ 773600.41496215981897, 8979604.28545674867928 ], [ 773600.565102017833851, 8979604.268254075199366 ], [ 773600.714545672759414, 8979604.245792932808399 ], [ 773600.863109010737389, 8979604.218100992962718 ], [ 773601.010609002434649, 8979604.18521237000823 ], [ 773601.156863928423263, 8979604.147167587652802 ], [ 773601.301693603396416, 8979604.104013511911035 ], [ 773601.444919597939588, 8979604.055803311988711 ], [ 773601.586365458089858, 8979604.002596380189061 ], [ 773601.725856923381798, 8979603.944458266720176 ], [ 773601.86322214093525, 8979603.881460601463914 ], [ 773601.998291877331212, 8979603.813680993393064 ], [ 773602.130899727344513, 8979603.741202948614955 ], [ 773602.260882318718359, 8979603.664115756750107 ], [ 773602.388079513562843, 8979603.582514394074678 ], [ 773602.512334605446085, 8979603.496499389410019 ], [ 773602.633494512643665, 8979603.406176712363958 ], [ 773602.751409966731444, 8979603.311657642945647 ], [ 773602.865935696521774, 8979603.21305862441659 ], [ 773602.976930606644601, 8979603.110501134768128 ], [ 773603.084257952054031, 8979603.004111520946026 ], [ 773603.187785505899228, 8979602.894020855426788 ], [ 773603.287385722622275, 8979602.780364770442247 ], [ 773603.382935895351693, 8979602.663283288478851 ], [ 773603.47431830666028, 8979602.542920652776957 ], [ 773603.561420373735018, 8979602.419425152242184 ], [ 773603.644134787493385, 8979602.292948929592967 ], [ 773603.722359643899836, 8979602.163647806271911 ], [ 773603.79599857039284, 8979602.031681077554822 ], [ 773603.864960844162852, 8979601.897211326286197 ], [ 773603.929161504027434, 8979601.760404219850898 ], [ 773603.988521454972215, 8979601.621428305283189 ], [ 773604.042967565939762, 8979601.480454796925187 ], [ 773604.092432759469375, 8979601.337657375261188 ], [ 773604.136856094701216, 8979601.19321196526289 ], [ 773604.176182842347771, 8979601.047296525910497 ], [ 773604.210364551865496, 8979600.900090819224715 ], [ 773604.239359111874364, 8979600.751776207238436 ], [ 773604.263130800798535, 8979600.602535409852862 ], [ 773604.281650332384743, 8979600.452552290633321 ], [ 773604.294894890394062, 8979600.30201162956655 ], [ 773604.302848157822154, 8979600.15109889023006 ], [ 773604.305500336107798, 8979600.0 ] ] ] ] } },
{ "type": "Feature", "properties": { "LAYER": "07.Grid", "GM_TYPE": "Unknown Area Type", "ELEVATION": null }, "geometry": { "type": "MultiPolygon", "coordinates": [ [ [ [ 774804.305500336107798, 8979600.0 ], [ 774804.302848157822154, 8979599.84890110976994 ], [ 774804.294894890394062, 8979599.69798837043345 ], [ 774804.281650332384743, 8979599.547447709366679 ], [ 774804.263130800798535, 8979599.397464590147138 ], [ 774804.239359111874364, 8979599.248223792761564 ], [ 774804.210364551865496, 8979599.099909180775285 ], [ 774804.176182842347771, 8979598.952703474089503 ], [ 774804.136856094701216, 8979598.80678803473711 ], [ 774804.092432759469375, 8979598.662342624738812 ], [ 774804.042967565939762, 8979598.519545203074813 ], [ 774803.988521454972215, 8979598.378571694716811 ], [ 774803.929161504027434, 8979598.239595780149102 ], [ 774803.864960844162852, 8979598.102788673713803 ], [ 774803.79599857039284, 8979597.968318922445178 ], [ 774803.722359643899836, 8979597.836352193728089 ], [ 774803.644134787493385, 8979597.707051070407033 ], [ 774803.561420373735018, 8979597.580574847757816 ], [ 774803.47431830666028, 8979597.457079347223043 ], [ 774803.382935895351693, 8979597.336716711521149 ], [ 774803.287385722622275, 8979597.219635229557753 ], [ 774803.187785505899228, 8979597.105979144573212 ], [ 774803.084257952054031, 8979596.995888479053974 ], [ 774802.976930606644601, 8979596.889498865231872 ], [ 774802.865935696521774, 8979596.78694137558341 ], [ 774802.751409966731444, 8979596.688342357054353 ], [ 774802.633494512643665, 8979596.593823287636042 ], [ 774802.512334605446085, 8979596.503500610589981 ], [ 774802.388079513562843, 8979596.417485605925322 ], [ 774802.260882318718359, 8979596.335884243249893 ], [ 774802.130899727344513, 8979596.258797051385045 ], [ 774801.998291877331212, 8979596.186319006606936 ], [ 774801.86322214093525, 8979596.118539398536086 ], [ 774801.725856923381798, 8979596.055541733279824 ], [ 774801.586365458089858, 8979595.997403619810939 ], [ 774801.444919597939588, 8979595.944196688011289 ], [ 774801.301693603396416, 8979595.895986488088965 ], [ 774801.156863928423263, 8979595.852832412347198 ], [ 774801.010609002434649, 8979595.81478762999177 ], [ 774800.863109010737389, 8979595.781899007037282 ], [ 774800.714545672759414, 8979595.754207067191601 ], [ 774800.565102017833851, 8979595.731745924800634 ], [ 774800.41496215981897, 8979595.71454325132072 ], [ 774800.264311070321128, 8979595.702620239928365 ], [ 774800.113334350753576, 8979595.695991581305861 ], [ 774799.962218003813177, 8979595.694665441289544 ], [ 774799.811148204142228, 8979595.698643453419209 ], [ 774799.660311068990268, 8979595.707920717075467 ], [ 774799.509892429108731, 8979595.722485801205039 ], [ 774799.360077599412762, 8979595.742320764809847 ], [ 774799.211051151156425, 8979595.767401169985533 ], [ 774799.06299668434076, 8979595.797696115449071 ], [ 774798.916096601169556, 8979595.833168281242251 ], [ 774798.77053188206628, 8979595.873773965984583 ], [ 774798.626481862040237, 8979595.919463139027357 ], [ 774798.484124009963125, 8979595.9701795168221 ], [ 774798.34363371017389, 8979596.025860615074635 ], [ 774798.205184045946226, 8979596.086437832564116 ], [ 774798.068945586681366, 8979596.151836542412639 ], [ 774797.935086177662015, 8979596.221976172178984 ], [ 774797.803770732833073, 8979596.296770308166742 ], [ 774797.67516103235539, 8979596.376126807183027 ], [ 774797.54941552283708, 8979596.459947900846601 ], [ 774797.426689121988602, 8979596.548130322247744 ], [ 774797.307133028400131, 8979596.640565432608128 ], [ 774797.190894534462132, 8979596.737139349803329 ], [ 774797.078116845455952, 8979596.837733095511794 ], [ 774796.968938903068192, 8979596.942222740501165 ], [ 774796.863495213910937, 8979597.050479551777244 ], [ 774796.761915684211999, 8979597.162370160222054 ], [ 774796.664325459511019, 8979597.277756715193391 ], [ 774796.570844770409167, 8979597.396497061476111 ], [ 774796.481588784838095, 8979597.518444910645485 ], [ 774796.396667465567589, 8979597.64345002360642 ], [ 774796.316185435280204, 8979597.771358396857977 ], [ 774796.240241847699508, 8979597.902012445032597 ], [ 774796.168930264771916, 8979598.035251205787063 ], [ 774796.102338542114012, 8979598.170910526067019 ], [ 774796.040548720397055, 8979598.308823276311159 ], [ 774795.98363692429848, 8979598.448819549754262 ], [ 774795.931673269136809, 8979598.590726869180799 ], [ 774795.884721773676574, 8979598.734370408579707 ], [ 774795.84284028201364, 8979598.879573196172714 ], [ 774795.806080391979776, 8979599.026156345382333 ], [ 774795.774487391463481, 8979599.173939263448119 ], [ 774795.748100203112699, 8979599.322739886119962 ], [ 774795.72695133567322, 8979599.472374889999628 ], [ 774795.711066844523884, 8979599.622659925371408 ], [ 774795.700466299196705, 8979599.773409841582179 ], [ 774795.695162759511732, 8979599.9244389180094 ], [ 774795.695162759511732, 8979600.0755610819906 ], [ 774795.700466299196705, 8979600.226590158417821 ], [ 774795.711066844523884, 8979600.377340074628592 ], [ 774795.72695133567322, 8979600.527625110000372 ], [ 774795.748100203112699, 8979600.677260113880038 ], [ 774795.774487391463481, 8979600.826060736551881 ], [ 774795.806080391979776, 8979600.973843654617667 ], [ 774795.84284028201364, 8979601.120426803827286 ], [ 774795.884721773676574, 8979601.265629591420293 ], [ 774795.931673269136809, 8979601.409273130819201 ], [ 774795.98363692429848, 8979601.551180450245738 ], [ 774796.040548720397055, 8979601.691176723688841 ], [ 774796.102338542114012, 8979601.829089473932981 ], [ 774796.168930264771916, 8979601.964748794212937 ], [ 774796.240241847699508, 8979602.097987554967403 ], [ 774796.316185435280204, 8979602.228641603142023 ], [ 774796.396667465567589, 8979602.35654997639358 ], [ 774796.481588784838095, 8979602.481555089354515 ], [ 774796.570844770409167, 8979602.603502938523889 ], [ 774796.664325459511019, 8979602.722243284806609 ], [ 774796.761915684211999, 8979602.837629839777946 ], [ 774796.863495213910937, 8979602.949520448222756 ], [ 774796.968938903068192, 8979603.057777259498835 ], [ 774797.078116845455952, 8979603.162266904488206 ], [ 774797.190894534462132, 8979603.262860650196671 ], [ 774797.307133028400131, 8979603.359434567391872 ], [ 774797.426689121988602, 8979603.451869677752256 ], [ 774797.54941552283708, 8979603.540052099153399 ], [ 774797.67516103235539, 8979603.623873192816973 ], [ 774797.803770732833073, 8979603.703229691833258 ], [ 774797.935086177662015, 8979603.778023827821016 ], [ 774798.068945586681366, 8979603.848163457587361 ], [ 774798.205184045946226, 8979603.913562167435884 ], [ 774798.34363371017389, 8979603.974139384925365 ], [ 774798.484124009963125, 8979604.0298204831779 ], [ 774798.626481862040237, 8979604.080536860972643 ], [ 774798.77053188206628, 8979604.126226034015417 ], [ 774798.916096601169556, 8979604.166831718757749 ], [ 774799.06299668434076, 8979604.202303884550929 ], [ 774799.211051151156425, 8979604.232598830014467 ], [ 774799.360077599412762, 8979604.257679235190153 ], [ 774799.509892429108731, 8979604.277514198794961 ], [ 774799.660311068990268, 8979604.292079282924533 ], [ 774799.811148204142228, 8979604.301356546580791 ], [ 774799.962218003813177, 8979604.305334558710456 ], [ 774800.113334350753576, 8979604.304008418694139 ], [ 774800.264311070321128, 8979604.297379760071635 ], [ 774800.41496215981897, 8979604.28545674867928 ], [ 774800.565102017833851, 8979604.268254075199366 ], [ 774800.714545672759414, 8979604.245792932808399 ], [ 774800.863109010737389, 8979604.218100992962718 ], [ 774801.010609002434649, 8979604.18521237000823 ], [ 774801.156863928423263, 8979604.147167587652802 ], [ 774801.301693603396416, 8979604.104013511911035 ], [ 774801.444919597939588, 8979604.055803311988711 ], [ 774801.586365458089858, 8979604.002596380189061 ], [ 774801.725856923381798, 8979603.944458266720176 ], [ 774801.86322214093525, 8979603.881460601463914 ], [ 774801.998291877331212, 8979603.813680993393064 ], [ 774802.130899727344513, 8979603.741202948614955 ], [ 774802.260882318718359, 8979603.664115756750107 ], [ 774802.388079513562843, 8979603.582514394074678 ], [ 774802.512334605446085, 8979603.496499389410019 ], [ 774802.633494512643665, 8979603.406176712363958 ], [ 774802.751409966731444, 8979603.311657642945647 ], [ 774802.865935696521774, 8979603.21305862441659 ], [ 774802.976930606644601, 8979603.110501134768128 ], [ 774803.084257952054031, 8979603.004111520946026 ], [ 774803.187785505899228, 8979602.894020855426788 ], [ 774803.287385722622275, 8979602.780364770442247 ], [ 774803.382935895351693, 8979602.663283288478851 ], [ 774803.47431830666028, 8979602.542920652776957 ], [ 774803.561420373735018, 8979602.419425152242184 ], [ 774803.644134787493385, 8979602.292948929592967 ], [ 774803.722359643899836, 8979602.163647806271911 ], [ 774803.79599857039284, 8979602.031681077554822 ], [ 774803.864960844162852, 8979601.897211326286197 ], [ 774803.929161504027434, 8979601.760404219850898 ], [ 774803.988521454972215, 8979601.621428305283189 ], [ 774804.042967565939762, 8979601.480454796925187 ], [ 774804.092432759469375, 8979601.337657375261188 ], [ 774804.136856094701216, 8979601.19321196526289 ], [ 774804.176182842347771, 8979601.047296525910497 ], [ 774804.210364551865496, 8979600.900090819224715 ], [ 774804.239359111874364, 8979600.751776207238436 ], [ 774804.263130800798535, 8979600.602535409852862 ], [ 774804.281650332384743, 8979600.452552290633321 ], [ 774804.294894890394062, 8979600.30201162956655 ], [ 774804.302848157822154, 8979600.15109889023006 ], [ 774804.305500336107798, 8979600.0 ] ] ] ] } },
{ "type": "Feature", "properties": { "LAYER": "07.Grid", "GM_TYPE": "Unknown Area Type", "ELEVATION": null }, "geometry": { "type": "MultiPolygon", "coordinates": [ [ [ [ 776004.305500336107798, 8979600.0 ], [ 776004.302848157822154, 8979599.84890110976994 ], [ 776004.294894890394062, 8979599.69798837043345 ], [ 776004.281650332384743, 8979599.547447709366679 ], [ 776004.263130800798535, 8979599.397464590147138 ], [ 776004.239359111874364, 8979599.248223792761564 ], [ 776004.210364551865496, 8979599.099909180775285 ], [ 776004.176182842347771, 8979598.952703474089503 ], [ 776004.136856094701216, 8979598.80678803473711 ], [ 776004.092432759469375, 8979598.662342624738812 ], [ 776004.042967565939762, 8979598.519545203074813 ], [ 776003.988521454972215, 8979598.378571694716811 ], [ 776003.929161504027434, 8979598.239595780149102 ], [ 776003.864960844162852, 8979598.102788673713803 ], [ 776003.79599857039284, 8979597.968318922445178 ], [ 776003.722359643899836, 8979597.836352193728089 ], [ 776003.644134787493385, 8979597.707051070407033 ], [ 776003.561420373735018, 8979597.580574847757816 ], [ 776003.47431830666028, 8979597.457079347223043 ], [ 776003.382935895351693, 8979597.336716711521149 ], [ 776003.287385722622275, 8979597.219635229557753 ], [ 776003.187785505899228, 8979597.105979144573212 ], [ 776003.084257952054031, 8979596.995888479053974 ], [ 776002.976930606644601, 8979596.889498865231872 ], [ 776002.865935696521774, 8979596.78694137558341 ], [ 776002.751409966731444, 8979596.688342357054353 ], [ 776002.633494512643665, 8979596.593823287636042 ], [ 776002.512334605446085, 8979596.503500610589981 ], [ 776002.388079513562843, 8979596.417485605925322 ], [ 776002.260882318718359, 8979596.335884243249893 ], [ 776002.130899727344513, 8979596.258797051385045 ], [ 776001.998291877331212, 8979596.186319006606936 ], [ 776001.86322214093525, 8979596.118539398536086 ], [ 776001.725856923381798, 8979596.055541733279824 ], [ 776001.586365458089858, 8979595.997403619810939 ], [ 776001.444919597939588, 8979595.944196688011289 ], [ 776001.301693603396416, 8979595.895986488088965 ], [ 776001.156863928423263, 8979595.852832412347198 ], [ 776001.010609002434649, 8979595.81478762999177 ], [ 776000.863109010737389, 8979595.781899007037282 ], [ 776000.714545672759414, 8979595.754207067191601 ], [ 776000.565102017833851, 8979595.731745924800634 ], [ 776000.41496215981897, 8979595.71454325132072 ], [ 776000.264311070321128, 8979595.702620239928365 ], [ 776000.113334350753576, 8979595.695991581305861 ], [ 775999.962218003813177, 8979595.694665441289544 ], [ 775999.811148204142228, 8979595.698643453419209 ], [ 775999.660311068990268, 8979595.707920717075467 ], [ 775999.509892429108731, 8979595.722485801205039 ], [ 775999.360077599412762, 8979595.742320764809847 ], [ 775999.211051151156425, 8979595.767401169985533 ], [ 775999.06299668434076, 8979595.797696115449071 ], [ 775998.916096601169556, 8979595.833168281242251 ], [ 775998.77053188206628, 8979595.873773965984583 ], [ 775998.626481862040237, 8979595.919463139027357 ], [ 775998.484124009963125, 8979595.9701795168221 ], [ 775998.34363371017389, 8979596.025860615074635 ], [ 775998.205184045946226, 8979596.086437832564116 ], [ 775998.068945586681366, 8979596.151836542412639 ], [ 775997.935086177662015, 8979596.221976172178984 ], [ 775997.803770732833073, 8979596.296770308166742 ], [ 775997.67516103235539, 8979596.376126807183027 ], [ 775997.54941552283708, 8979596.459947900846601 ], [ 775997.426689121988602, 8979596.548130322247744 ], [ 775997.307133028400131, 8979596.640565432608128 ], [ 775997.190894534462132, 8979596.737139349803329 ], [ 775997.078116845455952, 8979596.837733095511794 ], [ 775996.968938903068192, 8979596.942222740501165 ], [ 775996.863495213910937, 8979597.050479551777244 ], [ 775996.761915684211999, 8979597.162370160222054 ], [ 775996.664325459511019, 8979597.277756715193391 ], [ 775996.570844770409167, 8979597.396497061476111 ], [ 775996.481588784838095, 8979597.518444910645485 ], [ 775996.396667465567589, 8979597.64345002360642 ], [ 775996.316185435280204, 8979597.771358396857977 ], [ 775996.240241847699508, 8979597.902012445032597 ], [ 775996.168930264771916, 8979598.035251205787063 ], [ 775996.102338542114012, 8979598.170910526067019 ], [ 775996.040548720397055, 8979598.308823276311159 ], [ 775995.98363692429848, 8979598.448819549754262 ], [ 775995.931673269136809, 8979598.590726869180799 ], [ 775995.884721773676574, 8979598.734370408579707 ], [ 775995.84284028201364, 8979598.879573196172714 ], [ 775995.806080391979776, 8979599.026156345382333 ], [ 775995.774487391463481, 8979599.173939263448119 ], [ 775995.748100203112699, 8979599.322739886119962 ], [ 775995.72695133567322, 8979599.472374889999628 ], [ 775995.711066844523884, 8979599.622659925371408 ], [ 775995.700466299196705, 8979599.773409841582179 ], [ 775995.695162759511732, 8979599.9244389180094 ], [ 775995.695162759511732, 8979600.0755610819906 ], [ 775995.700466299196705, 8979600.226590158417821 ], [ 775995.711066844523884, 8979600.377340074628592 ], [ 775995.72695133567322, 8979600.527625110000372 ], [ 775995.748100203112699, 8979600.677260113880038 ], [ 775995.774487391463481, 8979600.826060736551881 ], [ 775995.806080391979776, 8979600.973843654617667 ], [ 775995.84284028201364, 8979601.120426803827286 ], [ 775995.884721773676574, 8979601.265629591420293 ], [ 775995.931673269136809, 8979601.409273130819201 ], [ 775995.98363692429848, 8979601.551180450245738 ], [ 775996.040548720397055, 8979601.691176723688841 ], [ 775996.102338542114012, 8979601.829089473932981 ], [ 775996.168930264771916, 8979601.964748794212937 ], [ 775996.240241847699508, 8979602.097987554967403 ], [ 775996.316185435280204, 8979602.228641603142023 ], [ 775996.396667465567589, 8979602.35654997639358 ], [ 775996.481588784838095, 8979602.481555089354515 ], [ 775996.570844770409167, 8979602.603502938523889 ], [ 775996.664325459511019, 8979602.722243284806609 ], [ 775996.761915684211999, 8979602.837629839777946 ], [ 775996.863495213910937, 8979602.949520448222756 ], [ 775996.968938903068192, 8979603.057777259498835 ], [ 775997.078116845455952, 8979603.162266904488206 ], [ 775997.190894534462132, 8979603.262860650196671 ], [ 775997.307133028400131, 8979603.359434567391872 ], [ 775997.426689121988602, 8979603.451869677752256 ], [ 775997.54941552283708, 8979603.540052099153399 ], [ 775997.67516103235539, 8979603.623873192816973 ], [ 775997.803770732833073, 8979603.703229691833258 ], [ 775997.935086177662015, 8979603.778023827821016 ], [ 775998.068945586681366, 8979603.848163457587361 ], [ 775998.205184045946226, 8979603.913562167435884 ], [ 775998.34363371017389, 8979603.974139384925365 ], [ 775998.484124009963125, 8979604.0298204831779 ], [ 775998.626481862040237, 8979604.080536860972643 ], [ 775998.77053188206628, 8979604.126226034015417 ], [ 775998.916096601169556, 8979604.166831718757749 ], [ 775999.06299668434076, 8979604.202303884550929 ], [ 775999.211051151156425, 8979604.232598830014467 ], [ 775999.360077599412762, 8979604.257679235190153 ], [ 775999.509892429108731, 8979604.277514198794961 ], [ 775999.660311068990268, 8979604.292079282924533 ], [ 775999.811148204142228, 8979604.301356546580791 ], [ 775999.962218003813177, 8979604.305334558710456 ], [ 776000.113334350753576, 8979604.304008418694139 ], [ 776000.264311070321128, 8979604.297379760071635 ], [ 776000.41496215981897, 8979604.28545674867928 ], [ 776000.565102017833851, 8979604.268254075199366 ], [ 776000.714545672759414, 8979604.245792932808399 ], [ 776000.863109010737389, 8979604.218100992962718 ], [ 776001.010609002434649, 8979604.18521237000823 ], [ 776001.156863928423263, 8979604.147167587652802 ], [ 776001.301693603396416, 8979604.104013511911035 ], [ 776001.444919597939588, 8979604.055803311988711 ], [ 776001.586365458089858, 8979604.002596380189061 ], [ 776001.725856923381798, 8979603.944458266720176 ], [ 776001.86322214093525, 8979603.881460601463914 ], [ 776001.998291877331212, 8979603.813680993393064 ], [ 776002.130899727344513, 8979603.741202948614955 ], [ 776002.260882318718359, 8979603.664115756750107 ], [ 776002.388079513562843, 8979603.582514394074678 ], [ 776002.512334605446085, 8979603.496499389410019 ], [ 776002.633494512643665, 8979603.406176712363958 ], [ 776002.751409966731444, 8979603.311657642945647 ], [ 776002.865935696521774, 8979603.21305862441659 ], [ 776002.976930606644601, 8979603.110501134768128 ], [ 776003.084257952054031, 8979603.004111520946026 ], [ 776003.187785505899228, 8979602.894020855426788 ], [ 776003.287385722622275, 8979602.780364770442247 ], [ 776003.382935895351693, 8979602.663283288478851 ], [ 776003.47431830666028, 8979602.542920652776957 ], [ 776003.561420373735018, 8979602.419425152242184 ], [ 776003.644134787493385, 8979602.292948929592967 ], [ 776003.722359643899836, 8979602.163647806271911 ], [ 776003.79599857039284, 8979602.031681077554822 ], [ 776003.864960844162852, 8979601.897211326286197 ], [ 776003.929161504027434, 8979601.760404219850898 ], [ 776003.988521454972215, 8979601.621428305283189 ], [ 776004.042967565939762, 8979601.480454796925187 ], [ 776004.092432759469375, 8979601.337657375261188 ], [ 776004.136856094701216, 8979601.19321196526289 ], [ 776004.176182842347771, 8979601.047296525910497 ], [ 776004.210364551865496, 8979600.900090819224715 ], [ 776004.239359111874364, 8979600.751776207238436 ], [ 776004.263130800798535, 8979600.602535409852862 ], [ 776004.281650332384743, 8979600.452552290633321 ], [ 776004.294894890394062, 8979600.30201162956655 ], [ 776004.302848157822154, 8979600.15109889023006 ], [ 776004.305500336107798, 8979600.0 ] ] ] ] } },
{ "type": "Feature", "properties": { "LAYER": "07.Grid", "GM_TYPE": "Unknown Area Type", "ELEVATION": null }, "geometry": { "type": "MultiPolygon", "coordinates": [ [ [ [ 772404.305500336107798, 8982000.0 ], [ 772404.302848157822154, 8981999.84890110976994 ], [ 772404.294894890394062, 8981999.69798837043345 ], [ 772404.281650332384743, 8981999.547447709366679 ], [ 772404.263130800798535, 8981999.397464590147138 ], [ 772404.239359111874364, 8981999.248223792761564 ], [ 772404.210364551865496, 8981999.099909180775285 ], [ 772404.176182842347771, 8981998.952703474089503 ], [ 772404.136856094701216, 8981998.80678803473711 ], [ 772404.092432759469375, 8981998.662342624738812 ], [ 772404.042967565939762, 8981998.519545203074813 ], [ 772403.988521454972215, 8981998.378571694716811 ], [ 772403.929161504027434, 8981998.239595780149102 ], [ 772403.864960844162852, 8981998.102788673713803 ], [ 772403.79599857039284, 8981997.968318922445178 ], [ 772403.722359643899836, 8981997.836352193728089 ], [ 772403.644134787493385, 8981997.707051070407033 ], [ 772403.561420373735018, 8981997.580574847757816 ], [ 772403.47431830666028, 8981997.457079347223043 ], [ 772403.382935895351693, 8981997.336716711521149 ], [ 772403.287385722622275, 8981997.219635229557753 ], [ 772403.187785505899228, 8981997.105979144573212 ], [ 772403.084257952054031, 8981996.995888479053974 ], [ 772402.976930606644601, 8981996.889498865231872 ], [ 772402.865935696521774, 8981996.78694137558341 ], [ 772402.751409966731444, 8981996.688342357054353 ], [ 772402.633494512643665, 8981996.593823287636042 ], [ 772402.512334605446085, 8981996.503500610589981 ], [ 772402.388079513562843, 8981996.417485605925322 ], [ 772402.260882318718359, 8981996.335884243249893 ], [ 772402.130899727344513, 8981996.258797051385045 ], [ 772401.998291877331212, 8981996.186319006606936 ], [ 772401.86322214093525, 8981996.118539398536086 ], [ 772401.725856923381798, 8981996.055541733279824 ], [ 772401.586365458089858, 8981995.997403619810939 ], [ 772401.444919597939588, 8981995.944196688011289 ], [ 772401.301693603396416, 8981995.895986488088965 ], [ 772401.156863928423263, 8981995.852832412347198 ], [ 772401.010609002434649, 8981995.81478762999177 ], [ 772400.863109010737389, 8981995.781899007037282 ], [ 772400.714545672759414, 8981995.754207067191601 ], [ 772400.565102017833851, 8981995.731745924800634 ], [ 772400.41496215981897, 8981995.71454325132072 ], [ 772400.264311070321128, 8981995.702620239928365 ], [ 772400.113334350753576, 8981995.695991581305861 ], [ 772399.962218003813177, 8981995.694665441289544 ], [ 772399.811148204142228, 8981995.698643453419209 ], [ 772399.660311068990268, 8981995.707920717075467 ], [ 772399.509892429108731, 8981995.722485801205039 ], [ 772399.360077599412762, 8981995.742320764809847 ], [ 772399.211051151156425, 8981995.767401169985533 ], [ 772399.06299668434076, 8981995.797696115449071 ], [ 772398.916096601169556, 8981995.833168281242251 ], [ 772398.77053188206628, 8981995.873773965984583 ], [ 772398.626481862040237, 8981995.919463139027357 ], [ 772398.484124009963125, 8981995.9701795168221 ], [ 772398.34363371017389, 8981996.025860615074635 ], [ 772398.205184045946226, 8981996.086437832564116 ], [ 772398.068945586681366, 8981996.151836542412639 ], [ 772397.935086177662015, 8981996.221976172178984 ], [ 772397.803770732833073, 8981996.296770308166742 ], [ 772397.67516103235539, 8981996.376126807183027 ], [ 772397.54941552283708, 8981996.459947900846601 ], [ 772397.426689121988602, 8981996.548130322247744 ], [ 772397.307133028400131, 8981996.640565432608128 ], [ 772397.190894534462132, 8981996.737139349803329 ], [ 772397.078116845455952, 8981996.837733095511794 ], [ 772396.968938903068192, 8981996.942222740501165 ], [ 772396.863495213910937, 8981997.050479551777244 ], [ 772396.761915684211999, 8981997.162370160222054 ], [ 772396.664325459511019, 8981997.277756715193391 ], [ 772396.570844770409167, 8981997.396497061476111 ], [ 772396.481588784838095, 8981997.518444910645485 ], [ 772396.396667465567589, 8981997.64345002360642 ], [ 772396.316185435280204, 8981997.771358396857977 ], [ 772396.240241847699508, 8981997.902012445032597 ], [ 772396.168930264771916, 8981998.035251205787063 ], [ 772396.102338542114012, 8981998.170910526067019 ], [ 772396.040548720397055, 8981998.308823276311159 ], [ 772395.98363692429848, 8981998.448819549754262 ], [ 772395.931673269136809, 8981998.590726869180799 ], [ 772395.884721773676574, 8981998.734370408579707 ], [ 772395.84284028201364, 8981998.879573196172714 ], [ 772395.806080391979776, 8981999.026156345382333 ], [ 772395.774487391463481, 8981999.173939263448119 ], [ 772395.748100203112699, 8981999.322739886119962 ], [ 772395.72695133567322, 8981999.472374889999628 ], [ 772395.711066844523884, 8981999.622659925371408 ], [ 772395.700466299196705, 8981999.773409841582179 ], [ 772395.695162759511732, 8981999.9244389180094 ], [ 772395.695162759511732, 8982000.0755610819906 ], [ 772395.700466299196705, 8982000.226590158417821 ], [ 772395.711066844523884, 8982000.377340074628592 ], [ 772395.72695133567322, 8982000.527625110000372 ], [ 772395.748100203112699, 8982000.677260113880038 ], [ 772395.774487391463481, 8982000.826060736551881 ], [ 772395.806080391979776, 8982000.973843654617667 ], [ 772395.84284028201364, 8982001.120426803827286 ], [ 772395.884721773676574, 8982001.265629591420293 ], [ 772395.931673269136809, 8982001.409273130819201 ], [ 772395.98363692429848, 8982001.551180450245738 ], [ 772396.040548720397055, 8982001.691176723688841 ], [ 772396.102338542114012, 8982001.829089473932981 ], [ 772396.168930264771916, 8982001.964748794212937 ], [ 772396.240241847699508, 8982002.097987554967403 ], [ 772396.316185435280204, 8982002.228641603142023 ], [ 772396.396667465567589, 8982002.35654997639358 ], [ 772396.481588784838095, 8982002.481555089354515 ], [ 772396.570844770409167, 8982002.603502938523889 ], [ 772396.664325459511019, 8982002.722243284806609 ], [ 772396.761915684211999, 8982002.837629839777946 ], [ 772396.863495213910937, 8982002.949520448222756 ], [ 772396.968938903068192, 8982003.057777259498835 ], [ 772397.078116845455952, 8982003.162266904488206 ], [ 772397.190894534462132, 8982003.262860650196671 ], [ 772397.307133028400131, 8982003.359434567391872 ], [ 772397.426689121988602, 8982003.451869677752256 ], [ 772397.54941552283708, 8982003.540052099153399 ], [ 772397.67516103235539, 8982003.623873192816973 ], [ 772397.803770732833073, 8982003.703229691833258 ], [ 772397.935086177662015, 8982003.778023827821016 ], [ 772398.068945586681366, 8982003.848163457587361 ], [ 772398.205184045946226, 8982003.913562167435884 ], [ 772398.34363371017389, 8982003.974139384925365 ], [ 772398.484124009963125, 8982004.0298204831779 ], [ 772398.626481862040237, 8982004.080536860972643 ], [ 772398.77053188206628, 8982004.126226034015417 ], [ 772398.916096601169556, 8982004.166831718757749 ], [ 772399.06299668434076, 8982004.202303884550929 ], [ 772399.211051151156425, 8982004.232598830014467 ], [ 772399.360077599412762, 8982004.257679235190153 ], [ 772399.509892429108731, 8982004.277514198794961 ], [ 772399.660311068990268, 8982004.292079282924533 ], [ 772399.811148204142228, 8982004.301356546580791 ], [ 772399.962218003813177, 8982004.305334558710456 ], [ 772400.113334350753576, 8982004.304008418694139 ], [ 772400.264311070321128, 8982004.297379760071635 ], [ 772400.41496215981897, 8982004.28545674867928 ], [ 772400.565102017833851, 8982004.268254075199366 ], [ 772400.714545672759414, 8982004.245792932808399 ], [ 772400.863109010737389, 8982004.218100992962718 ], [ 772401.010609002434649, 8982004.18521237000823 ], [ 772401.156863928423263, 8982004.147167587652802 ], [ 772401.301693603396416, 8982004.104013511911035 ], [ 772401.444919597939588, 8982004.055803311988711 ], [ 772401.586365458089858, 8982004.002596380189061 ], [ 772401.725856923381798, 8982003.944458266720176 ], [ 772401.86322214093525, 8982003.881460601463914 ], [ 772401.998291877331212, 8982003.813680993393064 ], [ 772402.130899727344513, 8982003.741202948614955 ], [ 772402.260882318718359, 8982003.664115756750107 ], [ 772402.388079513562843, 8982003.582514394074678 ], [ 772402.512334605446085, 8982003.496499389410019 ], [ 772402.633494512643665, 8982003.406176712363958 ], [ 772402.751409966731444, 8982003.311657642945647 ], [ 772402.865935696521774, 8982003.21305862441659 ], [ 772402.976930606644601, 8982003.110501134768128 ], [ 772403.084257952054031, 8982003.004111520946026 ], [ 772403.187785505899228, 8982002.894020855426788 ], [ 772403.287385722622275, 8982002.780364770442247 ], [ 772403.382935895351693, 8982002.663283288478851 ], [ 772403.47431830666028, 8982002.542920652776957 ], [ 772403.561420373735018, 8982002.419425152242184 ], [ 772403.644134787493385, 8982002.292948929592967 ], [ 772403.722359643899836, 8982002.163647806271911 ], [ 772403.79599857039284, 8982002.031681077554822 ], [ 772403.864960844162852, 8982001.897211326286197 ], [ 772403.929161504027434, 8982001.760404219850898 ], [ 772403.988521454972215, 8982001.621428305283189 ], [ 772404.042967565939762, 8982001.480454796925187 ], [ 772404.092432759469375, 8982001.337657375261188 ], [ 772404.136856094701216, 8982001.19321196526289 ], [ 772404.176182842347771, 8982001.047296525910497 ], [ 772404.210364551865496, 8982000.900090819224715 ], [ 772404.239359111874364, 8982000.751776207238436 ], [ 772404.263130800798535, 8982000.602535409852862 ], [ 772404.281650332384743, 8982000.452552290633321 ], [ 772404.294894890394062, 8982000.30201162956655 ], [ 772404.302848157822154, 8982000.15109889023006 ], [ 772404.305500336107798, 8982000.0 ] ] ] ] } },
{ "type": "Feature", "properties": { "LAYER": "07.Grid", "GM_TYPE": "Unknown Area Type", "ELEVATION": null }, "geometry": { "type": "MultiPolygon", "coordinates": [ [ [ [ 772404.305500336107798, 8980800.0 ], [ 772404.302848157822154, 8980799.84890110976994 ], [ 772404.294894890394062, 8980799.69798837043345 ], [ 772404.281650332384743, 8980799.547447709366679 ], [ 772404.263130800798535, 8980799.397464590147138 ], [ 772404.239359111874364, 8980799.248223792761564 ], [ 772404.210364551865496, 8980799.099909180775285 ], [ 772404.176182842347771, 8980798.952703474089503 ], [ 772404.136856094701216, 8980798.80678803473711 ], [ 772404.092432759469375, 8980798.662342624738812 ], [ 772404.042967565939762, 8980798.519545203074813 ], [ 772403.988521454972215, 8980798.378571694716811 ], [ 772403.929161504027434, 8980798.239595780149102 ], [ 772403.864960844162852, 8980798.102788673713803 ], [ 772403.79599857039284, 8980797.968318922445178 ], [ 772403.722359643899836, 8980797.836352193728089 ], [ 772403.644134787493385, 8980797.707051070407033 ], [ 772403.561420373735018, 8980797.580574847757816 ], [ 772403.47431830666028, 8980797.457079347223043 ], [ 772403.382935895351693, 8980797.336716711521149 ], [ 772403.287385722622275, 8980797.219635229557753 ], [ 772403.187785505899228, 8980797.105979144573212 ], [ 772403.084257952054031, 8980796.995888479053974 ], [ 772402.976930606644601, 8980796.889498865231872 ], [ 772402.865935696521774, 8980796.78694137558341 ], [ 772402.751409966731444, 8980796.688342357054353 ], [ 772402.633494512643665, 8980796.593823287636042 ], [ 772402.512334605446085, 8980796.503500610589981 ], [ 772402.388079513562843, 8980796.417485605925322 ], [ 772402.260882318718359, 8980796.335884243249893 ], [ 772402.130899727344513, 8980796.258797051385045 ], [ 772401.998291877331212, 8980796.186319006606936 ], [ 772401.86322214093525, 8980796.118539398536086 ], [ 772401.725856923381798, 8980796.055541733279824 ], [ 772401.586365458089858, 8980795.997403619810939 ], [ 772401.444919597939588, 8980795.944196688011289 ], [ 772401.301693603396416, 8980795.895986488088965 ], [ 772401.156863928423263, 8980795.852832412347198 ], [ 772401.010609002434649, 8980795.81478762999177 ], [ 772400.863109010737389, 8980795.781899007037282 ], [ 772400.714545672759414, 8980795.754207067191601 ], [ 772400.565102017833851, 8980795.731745924800634 ], [ 772400.41496215981897, 8980795.71454325132072 ], [ 772400.264311070321128, 8980795.702620239928365 ], [ 772400.113334350753576, 8980795.695991581305861 ], [ 772399.962218003813177, 8980795.694665441289544 ], [ 772399.811148204142228, 8980795.698643453419209 ], [ 772399.660311068990268, 8980795.707920717075467 ], [ 772399.509892429108731, 8980795.722485801205039 ], [ 772399.360077599412762, 8980795.742320764809847 ], [ 772399.211051151156425, 8980795.767401169985533 ], [ 772399.06299668434076, 8980795.797696115449071 ], [ 772398.916096601169556, 8980795.833168281242251 ], [ 772398.77053188206628, 8980795.873773965984583 ], [ 772398.626481862040237, 8980795.919463139027357 ], [ 772398.484124009963125, 8980795.9701795168221 ], [ 772398.34363371017389, 8980796.025860615074635 ], [ 772398.205184045946226, 8980796.086437832564116 ], [ 772398.068945586681366, 8980796.151836542412639 ], [ 772397.935086177662015, 8980796.221976172178984 ], [ 772397.803770732833073, 8980796.296770308166742 ], [ 772397.67516103235539, 8980796.376126807183027 ], [ 772397.54941552283708, 8980796.459947900846601 ], [ 772397.426689121988602, 8980796.548130322247744 ], [ 772397.307133028400131, 8980796.640565432608128 ], [ 772397.190894534462132, 8980796.737139349803329 ], [ 772397.078116845455952, 8980796.837733095511794 ], [ 772396.968938903068192, 8980796.942222740501165 ], [ 772396.863495213910937, 8980797.050479551777244 ], [ 772396.761915684211999, 8980797.162370160222054 ], [ 772396.664325459511019, 8980797.277756715193391 ], [ 772396.570844770409167, 8980797.396497061476111 ], [ 772396.481588784838095, 8980797.518444910645485 ], [ 772396.396667465567589, 8980797.64345002360642 ], [ 772396.316185435280204, 8980797.771358396857977 ], [ 772396.240241847699508, 8980797.902012445032597 ], [ 772396.168930264771916, 8980798.035251205787063 ], [ 772396.102338542114012, 8980798.170910526067019 ], [ 772396.040548720397055, 8980798.308823276311159 ], [ 772395.98363692429848, 8980798.448819549754262 ], [ 772395.931673269136809, 8980798.590726869180799 ], [ 772395.884721773676574, 8980798.734370408579707 ], [ 772395.84284028201364, 8980798.879573196172714 ], [ 772395.806080391979776, 8980799.026156345382333 ], [ 772395.774487391463481, 8980799.173939263448119 ], [ 772395.748100203112699, 8980799.322739886119962 ], [ 772395.72695133567322, 8980799.472374889999628 ], [ 772395.711066844523884, 8980799.622659925371408 ], [ 772395.700466299196705, 8980799.773409841582179 ], [ 772395.695162759511732, 8980799.9244389180094 ], [ 772395.695162759511732, 8980800.0755610819906 ], [ 772395.700466299196705, 8980800.226590158417821 ], [ 772395.711066844523884, 8980800.377340074628592 ], [ 772395.72695133567322, 8980800.527625110000372 ], [ 772395.748100203112699, 8980800.677260113880038 ], [ 772395.774487391463481, 8980800.826060736551881 ], [ 772395.806080391979776, 8980800.973843654617667 ], [ 772395.84284028201364, 8980801.120426803827286 ], [ 772395.884721773676574, 8980801.265629591420293 ], [ 772395.931673269136809, 8980801.409273130819201 ], [ 772395.98363692429848, 8980801.551180450245738 ], [ 772396.040548720397055, 8980801.691176723688841 ], [ 772396.102338542114012, 8980801.829089473932981 ], [ 772396.168930264771916, 8980801.964748794212937 ], [ 772396.240241847699508, 8980802.097987554967403 ], [ 772396.316185435280204, 8980802.228641603142023 ], [ 772396.396667465567589, 8980802.35654997639358 ], [ 772396.481588784838095, 8980802.481555089354515 ], [ 772396.570844770409167, 8980802.603502938523889 ], [ 772396.664325459511019, 8980802.722243284806609 ], [ 772396.761915684211999, 8980802.837629839777946 ], [ 772396.863495213910937, 8980802.949520448222756 ], [ 772396.968938903068192, 8980803.057777259498835 ], [ 772397.078116845455952, 8980803.162266904488206 ], [ 772397.190894534462132, 8980803.262860650196671 ], [ 772397.307133028400131, 8980803.359434567391872 ], [ 772397.426689121988602, 8980803.451869677752256 ], [ 772397.54941552283708, 8980803.540052099153399 ], [ 772397.67516103235539, 8980803.623873192816973 ], [ 772397.803770732833073, 8980803.703229691833258 ], [ 772397.935086177662015, 8980803.778023827821016 ], [ 772398.068945586681366, 8980803.848163457587361 ], [ 772398.205184045946226, 8980803.913562167435884 ], [ 772398.34363371017389, 8980803.974139384925365 ], [ 772398.484124009963125, 8980804.0298204831779 ], [ 772398.626481862040237, 8980804.080536860972643 ], [ 772398.77053188206628, 8980804.126226034015417 ], [ 772398.916096601169556, 8980804.166831718757749 ], [ 772399.06299668434076, 8980804.202303884550929 ], [ 772399.211051151156425, 8980804.232598830014467 ], [ 772399.360077599412762, 8980804.257679235190153 ], [ 772399.509892429108731, 8980804.277514198794961 ], [ 772399.660311068990268, 8980804.292079282924533 ], [ 772399.811148204142228, 8980804.301356546580791 ], [ 772399.962218003813177, 8980804.305334558710456 ], [ 772400.113334350753576, 8980804.304008418694139 ], [ 772400.264311070321128, 8980804.297379760071635 ], [ 772400.41496215981897, 8980804.28545674867928 ], [ 772400.565102017833851, 8980804.268254075199366 ], [ 772400.714545672759414, 8980804.245792932808399 ], [ 772400.863109010737389, 8980804.218100992962718 ], [ 772401.010609002434649, 8980804.18521237000823 ], [ 772401.156863928423263, 8980804.147167587652802 ], [ 772401.301693603396416, 8980804.104013511911035 ], [ 772401.444919597939588, 8980804.055803311988711 ], [ 772401.586365458089858, 8980804.002596380189061 ], [ 772401.725856923381798, 8980803.944458266720176 ], [ 772401.86322214093525, 8980803.881460601463914 ], [ 772401.998291877331212, 8980803.813680993393064 ], [ 772402.130899727344513, 8980803.741202948614955 ], [ 772402.260882318718359, 8980803.664115756750107 ], [ 772402.388079513562843, 8980803.582514394074678 ], [ 772402.512334605446085, 8980803.496499389410019 ], [ 772402.633494512643665, 8980803.406176712363958 ], [ 772402.751409966731444, 8980803.311657642945647 ], [ 772402.865935696521774, 8980803.21305862441659 ], [ 772402.976930606644601, 8980803.110501134768128 ], [ 772403.084257952054031, 8980803.004111520946026 ], [ 772403.187785505899228, 8980802.894020855426788 ], [ 772403.287385722622275, 8980802.780364770442247 ], [ 772403.382935895351693, 8980802.663283288478851 ], [ 772403.47431830666028, 8980802.542920652776957 ], [ 772403.561420373735018, 8980802.419425152242184 ], [ 772403.644134787493385, 8980802.292948929592967 ], [ 772403.722359643899836, 8980802.163647806271911 ], [ 772403.79599857039284, 8980802.031681077554822 ], [ 772403.864960844162852, 8980801.897211326286197 ], [ 772403.929161504027434, 8980801.760404219850898 ], [ 772403.988521454972215, 8980801.621428305283189 ], [ 772404.042967565939762, 8980801.480454796925187 ], [ 772404.092432759469375, 8980801.337657375261188 ], [ 772404.136856094701216, 8980801.19321196526289 ], [ 772404.176182842347771, 8980801.047296525910497 ], [ 772404.210364551865496, 8980800.900090819224715 ], [ 772404.239359111874364, 8980800.751776207238436 ], [ 772404.263130800798535, 8980800.602535409852862 ], [ 772404.281650332384743, 8980800.452552290633321 ], [ 772404.294894890394062, 8980800.30201162956655 ], [ 772404.302848157822154, 8980800.15109889023006 ], [ 772404.305500336107798, 8980800.0 ] ] ] ] } },
{ "type": "Feature", "properties": { "LAYER": "07.Grid", "GM_TYPE": "Unknown Area Type", "ELEVATION": null }, "geometry": { "type": "MultiPolygon", "coordinates": [ [ [ [ 772404.305500336107798, 8979600.0 ], [ 772404.302848157822154, 8979599.84890110976994 ], [ 772404.294894890394062, 8979599.69798837043345 ], [ 772404.281650332384743, 8979599.547447709366679 ], [ 772404.263130800798535, 8979599.397464590147138 ], [ 772404.239359111874364, 8979599.248223792761564 ], [ 772404.210364551865496, 8979599.099909180775285 ], [ 772404.176182842347771, 8979598.952703474089503 ], [ 772404.136856094701216, 8979598.80678803473711 ], [ 772404.092432759469375, 8979598.662342624738812 ], [ 772404.042967565939762, 8979598.519545203074813 ], [ 772403.988521454972215, 8979598.378571694716811 ], [ 772403.929161504027434, 8979598.239595780149102 ], [ 772403.864960844162852, 8979598.102788673713803 ], [ 772403.79599857039284, 8979597.968318922445178 ], [ 772403.722359643899836, 8979597.836352193728089 ], [ 772403.644134787493385, 8979597.707051070407033 ], [ 772403.561420373735018, 8979597.580574847757816 ], [ 772403.47431830666028, 8979597.457079347223043 ], [ 772403.382935895351693, 8979597.336716711521149 ], [ 772403.287385722622275, 8979597.219635229557753 ], [ 772403.187785505899228, 8979597.105979144573212 ], [ 772403.084257952054031, 8979596.995888479053974 ], [ 772402.976930606644601, 8979596.889498865231872 ], [ 772402.865935696521774, 8979596.78694137558341 ], [ 772402.751409966731444, 8979596.688342357054353 ], [ 772402.633494512643665, 8979596.593823287636042 ], [ 772402.512334605446085, 8979596.503500610589981 ], [ 772402.388079513562843, 8979596.417485605925322 ], [ 772402.260882318718359, 8979596.335884243249893 ], [ 772402.130899727344513, 8979596.258797051385045 ], [ 772401.998291877331212, 8979596.186319006606936 ], [ 772401.86322214093525, 8979596.118539398536086 ], [ 772401.725856923381798, 8979596.055541733279824 ], [ 772401.586365458089858, 8979595.997403619810939 ], [ 772401.444919597939588, 8979595.944196688011289 ], [ 772401.301693603396416, 8979595.895986488088965 ], [ 772401.156863928423263, 8979595.852832412347198 ], [ 772401.010609002434649, 8979595.81478762999177 ], [ 772400.863109010737389, 8979595.781899007037282 ], [ 772400.714545672759414, 8979595.754207067191601 ], [ 772400.565102017833851, 8979595.731745924800634 ], [ 772400.41496215981897, 8979595.71454325132072 ], [ 772400.264311070321128, 8979595.702620239928365 ], [ 772400.113334350753576, 8979595.695991581305861 ], [ 772399.962218003813177, 8979595.694665441289544 ], [ 772399.811148204142228, 8979595.698643453419209 ], [ 772399.660311068990268, 8979595.707920717075467 ], [ 772399.509892429108731, 8979595.722485801205039 ], [ 772399.360077599412762, 8979595.742320764809847 ], [ 772399.211051151156425, 8979595.767401169985533 ], [ 772399.06299668434076, 8979595.797696115449071 ], [ 772398.916096601169556, 8979595.833168281242251 ], [ 772398.77053188206628, 8979595.873773965984583 ], [ 772398.626481862040237, 8979595.919463139027357 ], [ 772398.484124009963125, 8979595.9701795168221 ], [ 772398.34363371017389, 8979596.025860615074635 ], [ 772398.205184045946226, 8979596.086437832564116 ], [ 772398.068945586681366, 8979596.151836542412639 ], [ 772397.935086177662015, 8979596.221976172178984 ], [ 772397.803770732833073, 8979596.296770308166742 ], [ 772397.67516103235539, 8979596.376126807183027 ], [ 772397.54941552283708, 8979596.459947900846601 ], [ 772397.426689121988602, 8979596.548130322247744 ], [ 772397.307133028400131, 8979596.640565432608128 ], [ 772397.190894534462132, 8979596.737139349803329 ], [ 772397.078116845455952, 8979596.837733095511794 ], [ 772396.968938903068192, 8979596.942222740501165 ], [ 772396.863495213910937, 8979597.050479551777244 ], [ 772396.761915684211999, 8979597.162370160222054 ], [ 772396.664325459511019, 8979597.277756715193391 ], [ 772396.570844770409167, 8979597.396497061476111 ], [ 772396.481588784838095, 8979597.518444910645485 ], [ 772396.396667465567589, 8979597.64345002360642 ], [ 772396.316185435280204, 8979597.771358396857977 ], [ 772396.240241847699508, 8979597.902012445032597 ], [ 772396.168930264771916, 8979598.035251205787063 ], [ 772396.102338542114012, 8979598.170910526067019 ], [ 772396.040548720397055, 8979598.308823276311159 ], [ 772395.98363692429848, 8979598.448819549754262 ], [ 772395.931673269136809, 8979598.590726869180799 ], [ 772395.884721773676574, 8979598.734370408579707 ], [ 772395.84284028201364, 8979598.879573196172714 ], [ 772395.806080391979776, 8979599.026156345382333 ], [ 772395.774487391463481, 8979599.173939263448119 ], [ 772395.748100203112699, 8979599.322739886119962 ], [ 772395.72695133567322, 8979599.472374889999628 ], [ 772395.711066844523884, 8979599.622659925371408 ], [ 772395.700466299196705, 8979599.773409841582179 ], [ 772395.695162759511732, 8979599.9244389180094 ], [ 772395.695162759511732, 8979600.0755610819906 ], [ 772395.700466299196705, 8979600.226590158417821 ], [ 772395.711066844523884, 8979600.377340074628592 ], [ 772395.72695133567322, 8979600.527625110000372 ], [ 772395.748100203112699, 8979600.677260113880038 ], [ 772395.774487391463481, 8979600.826060736551881 ], [ 772395.806080391979776, 8979600.973843654617667 ], [ 772395.84284028201364, 8979601.120426803827286 ], [ 772395.884721773676574, 8979601.265629591420293 ], [ 772395.931673269136809, 8979601.409273130819201 ], [ 772395.98363692429848, 8979601.551180450245738 ], [ 772396.040548720397055, 8979601.691176723688841 ], [ 772396.102338542114012, 8979601.829089473932981 ], [ 772396.168930264771916, 8979601.964748794212937 ], [ 772396.240241847699508, 8979602.097987554967403 ], [ 772396.316185435280204, 8979602.228641603142023 ], [ 772396.396667465567589, 8979602.35654997639358 ], [ 772396.481588784838095, 8979602.481555089354515 ], [ 772396.570844770409167, 8979602.603502938523889 ], [ 772396.664325459511019, 8979602.722243284806609 ], [ 772396.761915684211999, 8979602.837629839777946 ], [ 772396.863495213910937, 8979602.949520448222756 ], [ 772396.968938903068192, 8979603.057777259498835 ], [ 772397.078116845455952, 8979603.162266904488206 ], [ 772397.190894534462132, 8979603.262860650196671 ], [ 772397.307133028400131, 8979603.359434567391872 ], [ 772397.426689121988602, 8979603.451869677752256 ], [ 772397.54941552283708, 8979603.540052099153399 ], [ 772397.67516103235539, 8979603.623873192816973 ], [ 772397.803770732833073, 8979603.703229691833258 ], [ 772397.935086177662015, 8979603.778023827821016 ], [ 772398.068945586681366, 8979603.848163457587361 ], [ 772398.205184045946226, 8979603.913562167435884 ], [ 772398.34363371017389, 8979603.974139384925365 ], [ 772398.484124009963125, 8979604.0298204831779 ], [ 772398.626481862040237, 8979604.080536860972643 ], [ 772398.77053188206628, 8979604.126226034015417 ], [ 772398.916096601169556, 8979604.166831718757749 ], [ 772399.06299668434076, 8979604.202303884550929 ], [ 772399.211051151156425, 8979604.232598830014467 ], [ 772399.360077599412762, 8979604.257679235190153 ], [ 772399.509892429108731, 8979604.277514198794961 ], [ 772399.660311068990268, 8979604.292079282924533 ], [ 772399.811148204142228, 8979604.301356546580791 ], [ 772399.962218003813177, 8979604.305334558710456 ], [ 772400.113334350753576, 8979604.304008418694139 ], [ 772400.264311070321128, 8979604.297379760071635 ], [ 772400.41496215981897, 8979604.28545674867928 ], [ 772400.565102017833851, 8979604.268254075199366 ], [ 772400.714545672759414, 8979604.245792932808399 ], [ 772400.863109010737389, 8979604.218100992962718 ], [ 772401.010609002434649, 8979604.18521237000823 ], [ 772401.156863928423263, 8979604.147167587652802 ], [ 772401.301693603396416, 8979604.104013511911035 ], [ 772401.444919597939588, 8979604.055803311988711 ], [ 772401.586365458089858, 8979604.002596380189061 ], [ 772401.725856923381798, 8979603.944458266720176 ], [ 772401.86322214093525, 8979603.881460601463914 ], [ 772401.998291877331212, 8979603.813680993393064 ], [ 772402.130899727344513, 8979603.741202948614955 ], [ 772402.260882318718359, 8979603.664115756750107 ], [ 772402.388079513562843, 8979603.582514394074678 ], [ 772402.512334605446085, 8979603.496499389410019 ], [ 772402.633494512643665, 8979603.406176712363958 ], [ 772402.751409966731444, 8979603.311657642945647 ], [ 772402.865935696521774, 8979603.21305862441659 ], [ 772402.976930606644601, 8979603.110501134768128 ], [ 772403.084257952054031, 8979603.004111520946026 ], [ 772403.187785505899228, 8979602.894020855426788 ], [ 772403.287385722622275, 8979602.780364770442247 ], [ 772403.382935895351693, 8979602.663283288478851 ], [ 772403.47431830666028, 8979602.542920652776957 ], [ 772403.561420373735018, 8979602.419425152242184 ], [ 772403.644134787493385, 8979602.292948929592967 ], [ 772403.722359643899836, 8979602.163647806271911 ], [ 772403.79599857039284, 8979602.031681077554822 ], [ 772403.864960844162852, 8979601.897211326286197 ], [ 772403.929161504027434, 8979601.760404219850898 ], [ 772403.988521454972215, 8979601.621428305283189 ], [ 772404.042967565939762, 8979601.480454796925187 ], [ 772404.092432759469375, 8979601.337657375261188 ], [ 772404.136856094701216, 8979601.19321196526289 ], [ 772404.176182842347771, 8979601.047296525910497 ], [ 772404.210364551865496, 8979600.900090819224715 ], [ 772404.239359111874364, 8979600.751776207238436 ], [ 772404.263130800798535, 8979600.602535409852862 ], [ 772404.281650332384743, 8979600.452552290633321 ], [ 772404.294894890394062, 8979600.30201162956655 ], [ 772404.302848157822154, 8979600.15109889023006 ], [ 772404.305500336107798, 8979600.0 ] ] ] ] } },
{ "type": "Feature", "properties": { "LAYER": "07.Grid", "GM_TYPE": "Unknown Area Type", "ELEVATION": null }, "geometry": { "type": "MultiPolygon", "coordinates": [ [ [ [ 772404.305500336107798, 8982000.0 ], [ 772404.302848157822154, 8981999.84890110976994 ], [ 772404.294894890394062, 8981999.69798837043345 ], [ 772404.281650332384743, 8981999.547447709366679 ], [ 772404.263130800798535, 8981999.397464590147138 ], [ 772404.239359111874364, 8981999.248223792761564 ], [ 772404.210364551865496, 8981999.099909180775285 ], [ 772404.176182842347771, 8981998.952703474089503 ], [ 772404.136856094701216, 8981998.80678803473711 ], [ 772404.092432759469375, 8981998.662342624738812 ], [ 772404.042967565939762, 8981998.519545203074813 ], [ 772403.988521454972215, 8981998.378571694716811 ], [ 772403.929161504027434, 8981998.239595780149102 ], [ 772403.864960844162852, 8981998.102788673713803 ], [ 772403.79599857039284, 8981997.968318922445178 ], [ 772403.722359643899836, 8981997.836352193728089 ], [ 772403.644134787493385, 8981997.707051070407033 ], [ 772403.561420373735018, 8981997.580574847757816 ], [ 772403.47431830666028, 8981997.457079347223043 ], [ 772403.382935895351693, 8981997.336716711521149 ], [ 772403.287385722622275, 8981997.219635229557753 ], [ 772403.187785505899228, 8981997.105979144573212 ], [ 772403.084257952054031, 8981996.995888479053974 ], [ 772402.976930606644601, 8981996.889498865231872 ], [ 772402.865935696521774, 8981996.78694137558341 ], [ 772402.751409966731444, 8981996.688342357054353 ], [ 772402.633494512643665, 8981996.593823287636042 ], [ 772402.512334605446085, 8981996.503500610589981 ], [ 772402.388079513562843, 8981996.417485605925322 ], [ 772402.260882318718359, 8981996.335884243249893 ], [ 772402.130899727344513, 8981996.258797051385045 ], [ 772401.998291877331212, 8981996.186319006606936 ], [ 772401.86322214093525, 8981996.118539398536086 ], [ 772401.725856923381798, 8981996.055541733279824 ], [ 772401.586365458089858, 8981995.997403619810939 ], [ 772401.444919597939588, 8981995.944196688011289 ], [ 772401.301693603396416, 8981995.895986488088965 ], [ 772401.156863928423263, 8981995.852832412347198 ], [ 772401.010609002434649, 8981995.81478762999177 ], [ 772400.863109010737389, 8981995.781899007037282 ], [ 772400.714545672759414, 8981995.754207067191601 ], [ 772400.565102017833851, 8981995.731745924800634 ], [ 772400.41496215981897, 8981995.71454325132072 ], [ 772400.264311070321128, 8981995.702620239928365 ], [ 772400.113334350753576, 8981995.695991581305861 ], [ 772399.962218003813177, 8981995.694665441289544 ], [ 772399.811148204142228, 8981995.698643453419209 ], [ 772399.660311068990268, 8981995.707920717075467 ], [ 772399.509892429108731, 8981995.722485801205039 ], [ 772399.360077599412762, 8981995.742320764809847 ], [ 772399.211051151156425, 8981995.767401169985533 ], [ 772399.06299668434076, 8981995.797696115449071 ], [ 772398.916096601169556, 8981995.833168281242251 ], [ 772398.77053188206628, 8981995.873773965984583 ], [ 772398.626481862040237, 8981995.919463139027357 ], [ 772398.484124009963125, 8981995.9701795168221 ], [ 772398.34363371017389, 8981996.025860615074635 ], [ 772398.205184045946226, 8981996.086437832564116 ], [ 772398.068945586681366, 8981996.151836542412639 ], [ 772397.935086177662015, 8981996.221976172178984 ], [ 772397.803770732833073, 8981996.296770308166742 ], [ 772397.67516103235539, 8981996.376126807183027 ], [ 772397.54941552283708, 8981996.459947900846601 ], [ 772397.426689121988602, 8981996.548130322247744 ], [ 772397.307133028400131, 8981996.640565432608128 ], [ 772397.190894534462132, 8981996.737139349803329 ], [ 772397.078116845455952, 8981996.837733095511794 ], [ 772396.968938903068192, 8981996.942222740501165 ], [ 772396.863495213910937, 8981997.050479551777244 ], [ 772396.761915684211999, 8981997.162370160222054 ], [ 772396.664325459511019, 8981997.277756715193391 ], [ 772396.570844770409167, 8981997.396497061476111 ], [ 772396.481588784838095, 8981997.518444910645485 ], [ 772396.396667465567589, 8981997.64345002360642 ], [ 772396.316185435280204, 8981997.771358396857977 ], [ 772396.240241847699508, 8981997.902012445032597 ], [ 772396.168930264771916, 8981998.035251205787063 ], [ 772396.102338542114012, 8981998.170910526067019 ], [ 772396.040548720397055, 8981998.308823276311159 ], [ 772395.98363692429848, 8981998.448819549754262 ], [ 772395.931673269136809, 8981998.590726869180799 ], [ 772395.884721773676574, 8981998.734370408579707 ], [ 772395.84284028201364, 8981998.879573196172714 ], [ 772395.806080391979776, 8981999.026156345382333 ], [ 772395.774487391463481, 8981999.173939263448119 ], [ 772395.748100203112699, 8981999.322739886119962 ], [ 772395.72695133567322, 8981999.472374889999628 ], [ 772395.711066844523884, 8981999.622659925371408 ], [ 772395.700466299196705, 8981999.773409841582179 ], [ 772395.695162759511732, 8981999.9244389180094 ], [ 772395.695162759511732, 8982000.0755610819906 ], [ 772395.700466299196705, 8982000.226590158417821 ], [ 772395.711066844523884, 8982000.377340074628592 ], [ 772395.72695133567322, 8982000.527625110000372 ], [ 772395.748100203112699, 8982000.677260113880038 ], [ 772395.774487391463481, 8982000.826060736551881 ], [ 772395.806080391979776, 8982000.973843654617667 ], [ 772395.84284028201364, 8982001.120426803827286 ], [ 772395.884721773676574, 8982001.265629591420293 ], [ 772395.931673269136809, 8982001.409273130819201 ], [ 772395.98363692429848, 8982001.551180450245738 ], [ 772396.040548720397055, 8982001.691176723688841 ], [ 772396.102338542114012, 8982001.829089473932981 ], [ 772396.168930264771916, 8982001.964748794212937 ], [ 772396.240241847699508, 8982002.097987554967403 ], [ 772396.316185435280204, 8982002.228641603142023 ], [ 772396.396667465567589, 8982002.35654997639358 ], [ 772396.481588784838095, 8982002.481555089354515 ], [ 772396.570844770409167, 8982002.603502938523889 ], [ 772396.664325459511019, 8982002.722243284806609 ], [ 772396.761915684211999, 8982002.837629839777946 ], [ 772396.863495213910937, 8982002.949520448222756 ], [ 772396.968938903068192, 8982003.057777259498835 ], [ 772397.078116845455952, 8982003.162266904488206 ], [ 772397.190894534462132, 8982003.262860650196671 ], [ 772397.307133028400131, 8982003.359434567391872 ], [ 772397.426689121988602, 8982003.451869677752256 ], [ 772397.54941552283708, 8982003.540052099153399 ], [ 772397.67516103235539, 8982003.623873192816973 ], [ 772397.803770732833073, 8982003.703229691833258 ], [ 772397.935086177662015, 8982003.778023827821016 ], [ 772398.068945586681366, 8982003.848163457587361 ], [ 772398.205184045946226, 8982003.913562167435884 ], [ 772398.34363371017389, 8982003.974139384925365 ], [ 772398.484124009963125, 8982004.0298204831779 ], [ 772398.626481862040237, 8982004.080536860972643 ], [ 772398.77053188206628, 8982004.126226034015417 ], [ 772398.916096601169556, 8982004.166831718757749 ], [ 772399.06299668434076, 8982004.202303884550929 ], [ 772399.211051151156425, 8982004.232598830014467 ], [ 772399.360077599412762, 8982004.257679235190153 ], [ 772399.509892429108731, 8982004.277514198794961 ], [ 772399.660311068990268, 8982004.292079282924533 ], [ 772399.811148204142228, 8982004.301356546580791 ], [ 772399.962218003813177, 8982004.305334558710456 ], [ 772400.113334350753576, 8982004.304008418694139 ], [ 772400.264311070321128, 8982004.297379760071635 ], [ 772400.41496215981897, 8982004.28545674867928 ], [ 772400.565102017833851, 8982004.268254075199366 ], [ 772400.714545672759414, 8982004.245792932808399 ], [ 772400.863109010737389, 8982004.218100992962718 ], [ 772401.010609002434649, 8982004.18521237000823 ], [ 772401.156863928423263, 8982004.147167587652802 ], [ 772401.301693603396416, 8982004.104013511911035 ], [ 772401.444919597939588, 8982004.055803311988711 ], [ 772401.586365458089858, 8982004.002596380189061 ], [ 772401.725856923381798, 8982003.944458266720176 ], [ 772401.86322214093525, 8982003.881460601463914 ], [ 772401.998291877331212, 8982003.813680993393064 ], [ 772402.130899727344513, 8982003.741202948614955 ], [ 772402.260882318718359, 8982003.664115756750107 ], [ 772402.388079513562843, 8982003.582514394074678 ], [ 772402.512334605446085, 8982003.496499389410019 ], [ 772402.633494512643665, 8982003.406176712363958 ], [ 772402.751409966731444, 8982003.311657642945647 ], [ 772402.865935696521774, 8982003.21305862441659 ], [ 772402.976930606644601, 8982003.110501134768128 ], [ 772403.084257952054031, 8982003.004111520946026 ], [ 772403.187785505899228, 8982002.894020855426788 ], [ 772403.287385722622275, 8982002.780364770442247 ], [ 772403.382935895351693, 8982002.663283288478851 ], [ 772403.47431830666028, 8982002.542920652776957 ], [ 772403.561420373735018, 8982002.419425152242184 ], [ 772403.644134787493385, 8982002.292948929592967 ], [ 772403.722359643899836, 8982002.163647806271911 ], [ 772403.79599857039284, 8982002.031681077554822 ], [ 772403.864960844162852, 8982001.897211326286197 ], [ 772403.929161504027434, 8982001.760404219850898 ], [ 772403.988521454972215, 8982001.621428305283189 ], [ 772404.042967565939762, 8982001.480454796925187 ], [ 772404.092432759469375, 8982001.337657375261188 ], [ 772404.136856094701216, 8982001.19321196526289 ], [ 772404.176182842347771, 8982001.047296525910497 ], [ 772404.210364551865496, 8982000.900090819224715 ], [ 772404.239359111874364, 8982000.751776207238436 ], [ 772404.263130800798535, 8982000.602535409852862 ], [ 772404.281650332384743, 8982000.452552290633321 ], [ 772404.294894890394062, 8982000.30201162956655 ], [ 772404.302848157822154, 8982000.15109889023006 ], [ 772404.305500336107798, 8982000.0 ] ] ] ] } },
{ "type": "Feature", "properties": { "LAYER": "07.Grid", "GM_TYPE": "Unknown Area Type", "ELEVATION": null }, "geometry": { "type": "MultiPolygon", "coordinates": [ [ [ [ 771204.305500336107798, 8982000.0 ], [ 771204.302848157822154, 8981999.84890110976994 ], [ 771204.294894890394062, 8981999.69798837043345 ], [ 771204.281650332384743, 8981999.547447709366679 ], [ 771204.263130800798535, 8981999.397464590147138 ], [ 771204.239359111874364, 8981999.248223792761564 ], [ 771204.210364551865496, 8981999.099909180775285 ], [ 771204.176182842347771, 8981998.952703474089503 ], [ 771204.136856094701216, 8981998.80678803473711 ], [ 771204.092432759469375, 8981998.662342624738812 ], [ 771204.042967565939762, 8981998.519545203074813 ], [ 771203.988521454972215, 8981998.378571694716811 ], [ 771203.929161504027434, 8981998.239595780149102 ], [ 771203.864960844162852, 8981998.102788673713803 ], [ 771203.79599857039284, 8981997.968318922445178 ], [ 771203.722359643899836, 8981997.836352193728089 ], [ 771203.644134787493385, 8981997.707051070407033 ], [ 771203.561420373735018, 8981997.580574847757816 ], [ 771203.47431830666028, 8981997.457079347223043 ], [ 771203.382935895351693, 8981997.336716711521149 ], [ 771203.287385722622275, 8981997.219635229557753 ], [ 771203.187785505899228, 8981997.105979144573212 ], [ 771203.084257952054031, 8981996.995888479053974 ], [ 771202.976930606644601, 8981996.889498865231872 ], [ 771202.865935696521774, 8981996.78694137558341 ], [ 771202.751409966731444, 8981996.688342357054353 ], [ 771202.633494512643665, 8981996.593823287636042 ], [ 771202.512334605446085, 8981996.503500610589981 ], [ 771202.388079513562843, 8981996.417485605925322 ], [ 771202.260882318718359, 8981996.335884243249893 ], [ 771202.130899727344513, 8981996.258797051385045 ], [ 771201.998291877331212, 8981996.186319006606936 ], [ 771201.86322214093525, 8981996.118539398536086 ], [ 771201.725856923381798, 8981996.055541733279824 ], [ 771201.586365458089858, 8981995.997403619810939 ], [ 771201.444919597939588, 8981995.944196688011289 ], [ 771201.301693603396416, 8981995.895986488088965 ], [ 771201.156863928423263, 8981995.852832412347198 ], [ 771201.010609002434649, 8981995.81478762999177 ], [ 771200.863109010737389, 8981995.781899007037282 ], [ 771200.714545672759414, 8981995.754207067191601 ], [ 771200.565102017833851, 8981995.731745924800634 ], [ 771200.41496215981897, 8981995.71454325132072 ], [ 771200.264311070321128, 8981995.702620239928365 ], [ 771200.113334350753576, 8981995.695991581305861 ], [ 771199.962218003813177, 8981995.694665441289544 ], [ 771199.811148204142228, 8981995.698643453419209 ], [ 771199.660311068990268, 8981995.707920717075467 ], [ 771199.509892429108731, 8981995.722485801205039 ], [ 771199.360077599412762, 8981995.742320764809847 ], [ 771199.211051151156425, 8981995.767401169985533 ], [ 771199.06299668434076, 8981995.797696115449071 ], [ 771198.916096601169556, 8981995.833168281242251 ], [ 771198.77053188206628, 8981995.873773965984583 ], [ 771198.626481862040237, 8981995.919463139027357 ], [ 771198.484124009963125, 8981995.9701795168221 ], [ 771198.34363371017389, 8981996.025860615074635 ], [ 771198.205184045946226, 8981996.086437832564116 ], [ 771198.068945586681366, 8981996.151836542412639 ], [ 771197.935086177662015, 8981996.221976172178984 ], [ 771197.803770732833073, 8981996.296770308166742 ], [ 771197.67516103235539, 8981996.376126807183027 ], [ 771197.54941552283708, 8981996.459947900846601 ], [ 771197.426689121988602, 8981996.548130322247744 ], [ 771197.307133028400131, 8981996.640565432608128 ], [ 771197.190894534462132, 8981996.737139349803329 ], [ 771197.078116845455952, 8981996.837733095511794 ], [ 771196.968938903068192, 8981996.942222740501165 ], [ 771196.863495213910937, 8981997.050479551777244 ], [ 771196.761915684211999, 8981997.162370160222054 ], [ 771196.664325459511019, 8981997.277756715193391 ], [ 771196.570844770409167, 8981997.396497061476111 ], [ 771196.481588784838095, 8981997.518444910645485 ], [ 771196.396667465567589, 8981997.64345002360642 ], [ 771196.316185435280204, 8981997.771358396857977 ], [ 771196.240241847699508, 8981997.902012445032597 ], [ 771196.168930264771916, 8981998.035251205787063 ], [ 771196.102338542114012, 8981998.170910526067019 ], [ 771196.040548720397055, 8981998.308823276311159 ], [ 771195.98363692429848, 8981998.448819549754262 ], [ 771195.931673269136809, 8981998.590726869180799 ], [ 771195.884721773676574, 8981998.734370408579707 ], [ 771195.84284028201364, 8981998.879573196172714 ], [ 771195.806080391979776, 8981999.026156345382333 ], [ 771195.774487391463481, 8981999.173939263448119 ], [ 771195.748100203112699, 8981999.322739886119962 ], [ 771195.72695133567322, 8981999.472374889999628 ], [ 771195.711066844523884, 8981999.622659925371408 ], [ 771195.700466299196705, 8981999.773409841582179 ], [ 771195.695162759511732, 8981999.9244389180094 ], [ 771195.695162759511732, 8982000.0755610819906 ], [ 771195.700466299196705, 8982000.226590158417821 ], [ 771195.711066844523884, 8982000.377340074628592 ], [ 771195.72695133567322, 8982000.527625110000372 ], [ 771195.748100203112699, 8982000.677260113880038 ], [ 771195.774487391463481, 8982000.826060736551881 ], [ 771195.806080391979776, 8982000.973843654617667 ], [ 771195.84284028201364, 8982001.120426803827286 ], [ 771195.884721773676574, 8982001.265629591420293 ], [ 771195.931673269136809, 8982001.409273130819201 ], [ 771195.98363692429848, 8982001.551180450245738 ], [ 771196.040548720397055, 8982001.691176723688841 ], [ 771196.102338542114012, 8982001.829089473932981 ], [ 771196.168930264771916, 8982001.964748794212937 ], [ 771196.240241847699508, 8982002.097987554967403 ], [ 771196.316185435280204, 8982002.228641603142023 ], [ 771196.396667465567589, 8982002.35654997639358 ], [ 771196.481588784838095, 8982002.481555089354515 ], [ 771196.570844770409167, 8982002.603502938523889 ], [ 771196.664325459511019, 8982002.722243284806609 ], [ 771196.761915684211999, 8982002.837629839777946 ], [ 771196.863495213910937, 8982002.949520448222756 ], [ 771196.968938903068192, 8982003.057777259498835 ], [ 771197.078116845455952, 8982003.162266904488206 ], [ 771197.190894534462132, 8982003.262860650196671 ], [ 771197.307133028400131, 8982003.359434567391872 ], [ 771197.426689121988602, 8982003.451869677752256 ], [ 771197.54941552283708, 8982003.540052099153399 ], [ 771197.67516103235539, 8982003.623873192816973 ], [ 771197.803770732833073, 8982003.703229691833258 ], [ 771197.935086177662015, 8982003.778023827821016 ], [ 771198.068945586681366, 8982003.848163457587361 ], [ 771198.205184045946226, 8982003.913562167435884 ], [ 771198.34363371017389, 8982003.974139384925365 ], [ 771198.484124009963125, 8982004.0298204831779 ], [ 771198.626481862040237, 8982004.080536860972643 ], [ 771198.77053188206628, 8982004.126226034015417 ], [ 771198.916096601169556, 8982004.166831718757749 ], [ 771199.06299668434076, 8982004.202303884550929 ], [ 771199.211051151156425, 8982004.232598830014467 ], [ 771199.360077599412762, 8982004.257679235190153 ], [ 771199.509892429108731, 8982004.277514198794961 ], [ 771199.660311068990268, 8982004.292079282924533 ], [ 771199.811148204142228, 8982004.301356546580791 ], [ 771199.962218003813177, 8982004.305334558710456 ], [ 771200.113334350753576, 8982004.304008418694139 ], [ 771200.264311070321128, 8982004.297379760071635 ], [ 771200.41496215981897, 8982004.28545674867928 ], [ 771200.565102017833851, 8982004.268254075199366 ], [ 771200.714545672759414, 8982004.245792932808399 ], [ 771200.863109010737389, 8982004.218100992962718 ], [ 771201.010609002434649, 8982004.18521237000823 ], [ 771201.156863928423263, 8982004.147167587652802 ], [ 771201.301693603396416, 8982004.104013511911035 ], [ 771201.444919597939588, 8982004.055803311988711 ], [ 771201.586365458089858, 8982004.002596380189061 ], [ 771201.725856923381798, 8982003.944458266720176 ], [ 771201.86322214093525, 8982003.881460601463914 ], [ 771201.998291877331212, 8982003.813680993393064 ], [ 771202.130899727344513, 8982003.741202948614955 ], [ 771202.260882318718359, 8982003.664115756750107 ], [ 771202.388079513562843, 8982003.582514394074678 ], [ 771202.512334605446085, 8982003.496499389410019 ], [ 771202.633494512643665, 8982003.406176712363958 ], [ 771202.751409966731444, 8982003.311657642945647 ], [ 771202.865935696521774, 8982003.21305862441659 ], [ 771202.976930606644601, 8982003.110501134768128 ], [ 771203.084257952054031, 8982003.004111520946026 ], [ 771203.187785505899228, 8982002.894020855426788 ], [ 771203.287385722622275, 8982002.780364770442247 ], [ 771203.382935895351693, 8982002.663283288478851 ], [ 771203.47431830666028, 8982002.542920652776957 ], [ 771203.561420373735018, 8982002.419425152242184 ], [ 771203.644134787493385, 8982002.292948929592967 ], [ 771203.722359643899836, 8982002.163647806271911 ], [ 771203.79599857039284, 8982002.031681077554822 ], [ 771203.864960844162852, 8982001.897211326286197 ], [ 771203.929161504027434, 8982001.760404219850898 ], [ 771203.988521454972215, 8982001.621428305283189 ], [ 771204.042967565939762, 8982001.480454796925187 ], [ 771204.092432759469375, 8982001.337657375261188 ], [ 771204.136856094701216, 8982001.19321196526289 ], [ 771204.176182842347771, 8982001.047296525910497 ], [ 771204.210364551865496, 8982000.900090819224715 ], [ 771204.239359111874364, 8982000.751776207238436 ], [ 771204.263130800798535, 8982000.602535409852862 ], [ 771204.281650332384743, 8982000.452552290633321 ], [ 771204.294894890394062, 8982000.30201162956655 ], [ 771204.302848157822154, 8982000.15109889023006 ], [ 771204.305500336107798, 8982000.0 ] ] ] ] } },
{ "type": "Feature", "properties": { "LAYER": "07.Grid", "GM_TYPE": "Unknown Area Type", "ELEVATION": null }, "geometry": { "type": "MultiPolygon", "coordinates": [ [ [ [ 772404.305500336107798, 8980800.0 ], [ 772404.302848157822154, 8980799.84890110976994 ], [ 772404.294894890394062, 8980799.69798837043345 ], [ 772404.281650332384743, 8980799.547447709366679 ], [ 772404.263130800798535, 8980799.397464590147138 ], [ 772404.239359111874364, 8980799.248223792761564 ], [ 772404.210364551865496, 8980799.099909180775285 ], [ 772404.176182842347771, 8980798.952703474089503 ], [ 772404.136856094701216, 8980798.80678803473711 ], [ 772404.092432759469375, 8980798.662342624738812 ], [ 772404.042967565939762, 8980798.519545203074813 ], [ 772403.988521454972215, 8980798.378571694716811 ], [ 772403.929161504027434, 8980798.239595780149102 ], [ 772403.864960844162852, 8980798.102788673713803 ], [ 772403.79599857039284, 8980797.968318922445178 ], [ 772403.722359643899836, 8980797.836352193728089 ], [ 772403.644134787493385, 8980797.707051070407033 ], [ 772403.561420373735018, 8980797.580574847757816 ], [ 772403.47431830666028, 8980797.457079347223043 ], [ 772403.382935895351693, 8980797.336716711521149 ], [ 772403.287385722622275, 8980797.219635229557753 ], [ 772403.187785505899228, 8980797.105979144573212 ], [ 772403.084257952054031, 8980796.995888479053974 ], [ 772402.976930606644601, 8980796.889498865231872 ], [ 772402.865935696521774, 8980796.78694137558341 ], [ 772402.751409966731444, 8980796.688342357054353 ], [ 772402.633494512643665, 8980796.593823287636042 ], [ 772402.512334605446085, 8980796.503500610589981 ], [ 772402.388079513562843, 8980796.417485605925322 ], [ 772402.260882318718359, 8980796.335884243249893 ], [ 772402.130899727344513, 8980796.258797051385045 ], [ 772401.998291877331212, 8980796.186319006606936 ], [ 772401.86322214093525, 8980796.118539398536086 ], [ 772401.725856923381798, 8980796.055541733279824 ], [ 772401.586365458089858, 8980795.997403619810939 ], [ 772401.444919597939588, 8980795.944196688011289 ], [ 772401.301693603396416, 8980795.895986488088965 ], [ 772401.156863928423263, 8980795.852832412347198 ], [ 772401.010609002434649, 8980795.81478762999177 ], [ 772400.863109010737389, 8980795.781899007037282 ], [ 772400.714545672759414, 8980795.754207067191601 ], [ 772400.565102017833851, 8980795.731745924800634 ], [ 772400.41496215981897, 8980795.71454325132072 ], [ 772400.264311070321128, 8980795.702620239928365 ], [ 772400.113334350753576, 8980795.695991581305861 ], [ 772399.962218003813177, 8980795.694665441289544 ], [ 772399.811148204142228, 8980795.698643453419209 ], [ 772399.660311068990268, 8980795.707920717075467 ], [ 772399.509892429108731, 8980795.722485801205039 ], [ 772399.360077599412762, 8980795.742320764809847 ], [ 772399.211051151156425, 8980795.767401169985533 ], [ 772399.06299668434076, 8980795.797696115449071 ], [ 772398.916096601169556, 8980795.833168281242251 ], [ 772398.77053188206628, 8980795.873773965984583 ], [ 772398.626481862040237, 8980795.919463139027357 ], [ 772398.484124009963125, 8980795.9701795168221 ], [ 772398.34363371017389, 8980796.025860615074635 ], [ 772398.205184045946226, 8980796.086437832564116 ], [ 772398.068945586681366, 8980796.151836542412639 ], [ 772397.935086177662015, 8980796.221976172178984 ], [ 772397.803770732833073, 8980796.296770308166742 ], [ 772397.67516103235539, 8980796.376126807183027 ], [ 772397.54941552283708, 8980796.459947900846601 ], [ 772397.426689121988602, 8980796.548130322247744 ], [ 772397.307133028400131, 8980796.640565432608128 ], [ 772397.190894534462132, 8980796.737139349803329 ], [ 772397.078116845455952, 8980796.837733095511794 ], [ 772396.968938903068192, 8980796.942222740501165 ], [ 772396.863495213910937, 8980797.050479551777244 ], [ 772396.761915684211999, 8980797.162370160222054 ], [ 772396.664325459511019, 8980797.277756715193391 ], [ 772396.570844770409167, 8980797.396497061476111 ], [ 772396.481588784838095, 8980797.518444910645485 ], [ 772396.396667465567589, 8980797.64345002360642 ], [ 772396.316185435280204, 8980797.771358396857977 ], [ 772396.240241847699508, 8980797.902012445032597 ], [ 772396.168930264771916, 8980798.035251205787063 ], [ 772396.102338542114012, 8980798.170910526067019 ], [ 772396.040548720397055, 8980798.308823276311159 ], [ 772395.98363692429848, 8980798.448819549754262 ], [ 772395.931673269136809, 8980798.590726869180799 ], [ 772395.884721773676574, 8980798.734370408579707 ], [ 772395.84284028201364, 8980798.879573196172714 ], [ 772395.806080391979776, 8980799.026156345382333 ], [ 772395.774487391463481, 8980799.173939263448119 ], [ 772395.748100203112699, 8980799.322739886119962 ], [ 772395.72695133567322, 8980799.472374889999628 ], [ 772395.711066844523884, 8980799.622659925371408 ], [ 772395.700466299196705, 8980799.773409841582179 ], [ 772395.695162759511732, 8980799.9244389180094 ], [ 772395.695162759511732, 8980800.0755610819906 ], [ 772395.700466299196705, 8980800.226590158417821 ], [ 772395.711066844523884, 8980800.377340074628592 ], [ 772395.72695133567322, 8980800.527625110000372 ], [ 772395.748100203112699, 8980800.677260113880038 ], [ 772395.774487391463481, 8980800.826060736551881 ], [ 772395.806080391979776, 8980800.973843654617667 ], [ 772395.84284028201364, 8980801.120426803827286 ], [ 772395.884721773676574, 8980801.265629591420293 ], [ 772395.931673269136809, 8980801.409273130819201 ], [ 772395.98363692429848, 8980801.551180450245738 ], [ 772396.040548720397055, 8980801.691176723688841 ], [ 772396.102338542114012, 8980801.829089473932981 ], [ 772396.168930264771916, 8980801.964748794212937 ], [ 772396.240241847699508, 8980802.097987554967403 ], [ 772396.316185435280204, 8980802.228641603142023 ], [ 772396.396667465567589, 8980802.35654997639358 ], [ 772396.481588784838095, 8980802.481555089354515 ], [ 772396.570844770409167, 8980802.603502938523889 ], [ 772396.664325459511019, 8980802.722243284806609 ], [ 772396.761915684211999, 8980802.837629839777946 ], [ 772396.863495213910937, 8980802.949520448222756 ], [ 772396.968938903068192, 8980803.057777259498835 ], [ 772397.078116845455952, 8980803.162266904488206 ], [ 772397.190894534462132, 8980803.262860650196671 ], [ 772397.307133028400131, 8980803.359434567391872 ], [ 772397.426689121988602, 8980803.451869677752256 ], [ 772397.54941552283708, 8980803.540052099153399 ], [ 772397.67516103235539, 8980803.623873192816973 ], [ 772397.803770732833073, 8980803.703229691833258 ], [ 772397.935086177662015, 8980803.778023827821016 ], [ 772398.068945586681366, 8980803.848163457587361 ], [ 772398.205184045946226, 8980803.913562167435884 ], [ 772398.34363371017389, 8980803.974139384925365 ], [ 772398.484124009963125, 8980804.0298204831779 ], [ 772398.626481862040237, 8980804.080536860972643 ], [ 772398.77053188206628, 8980804.126226034015417 ], [ 772398.916096601169556, 8980804.166831718757749 ], [ 772399.06299668434076, 8980804.202303884550929 ], [ 772399.211051151156425, 8980804.232598830014467 ], [ 772399.360077599412762, 8980804.257679235190153 ], [ 772399.509892429108731, 8980804.277514198794961 ], [ 772399.660311068990268, 8980804.292079282924533 ], [ 772399.811148204142228, 8980804.301356546580791 ], [ 772399.962218003813177, 8980804.305334558710456 ], [ 772400.113334350753576, 8980804.304008418694139 ], [ 772400.264311070321128, 8980804.297379760071635 ], [ 772400.41496215981897, 8980804.28545674867928 ], [ 772400.565102017833851, 8980804.268254075199366 ], [ 772400.714545672759414, 8980804.245792932808399 ], [ 772400.863109010737389, 8980804.218100992962718 ], [ 772401.010609002434649, 8980804.18521237000823 ], [ 772401.156863928423263, 8980804.147167587652802 ], [ 772401.301693603396416, 8980804.104013511911035 ], [ 772401.444919597939588, 8980804.055803311988711 ], [ 772401.586365458089858, 8980804.002596380189061 ], [ 772401.725856923381798, 8980803.944458266720176 ], [ 772401.86322214093525, 8980803.881460601463914 ], [ 772401.998291877331212, 8980803.813680993393064 ], [ 772402.130899727344513, 8980803.741202948614955 ], [ 772402.260882318718359, 8980803.664115756750107 ], [ 772402.388079513562843, 8980803.582514394074678 ], [ 772402.512334605446085, 8980803.496499389410019 ], [ 772402.633494512643665, 8980803.406176712363958 ], [ 772402.751409966731444, 8980803.311657642945647 ], [ 772402.865935696521774, 8980803.21305862441659 ], [ 772402.976930606644601, 8980803.110501134768128 ], [ 772403.084257952054031, 8980803.004111520946026 ], [ 772403.187785505899228, 8980802.894020855426788 ], [ 772403.287385722622275, 8980802.780364770442247 ], [ 772403.382935895351693, 8980802.663283288478851 ], [ 772403.47431830666028, 8980802.542920652776957 ], [ 772403.561420373735018, 8980802.419425152242184 ], [ 772403.644134787493385, 8980802.292948929592967 ], [ 772403.722359643899836, 8980802.163647806271911 ], [ 772403.79599857039284, 8980802.031681077554822 ], [ 772403.864960844162852, 8980801.897211326286197 ], [ 772403.929161504027434, 8980801.760404219850898 ], [ 772403.988521454972215, 8980801.621428305283189 ], [ 772404.042967565939762, 8980801.480454796925187 ], [ 772404.092432759469375, 8980801.337657375261188 ], [ 772404.136856094701216, 8980801.19321196526289 ], [ 772404.176182842347771, 8980801.047296525910497 ], [ 772404.210364551865496, 8980800.900090819224715 ], [ 772404.239359111874364, 8980800.751776207238436 ], [ 772404.263130800798535, 8980800.602535409852862 ], [ 772404.281650332384743, 8980800.452552290633321 ], [ 772404.294894890394062, 8980800.30201162956655 ], [ 772404.302848157822154, 8980800.15109889023006 ], [ 772404.305500336107798, 8980800.0 ] ] ] ] } },
{ "type": "Feature", "properties": { "LAYER": "07.Grid", "GM_TYPE": "Unknown Area Type", "ELEVATION": null }, "geometry": { "type": "MultiPolygon", "coordinates": [ [ [ [ 771204.305500336107798, 8980800.0 ], [ 771204.302848157822154, 8980799.84890110976994 ], [ 771204.294894890394062, 8980799.69798837043345 ], [ 771204.281650332384743, 8980799.547447709366679 ], [ 771204.263130800798535, 8980799.397464590147138 ], [ 771204.239359111874364, 8980799.248223792761564 ], [ 771204.210364551865496, 8980799.099909180775285 ], [ 771204.176182842347771, 8980798.952703474089503 ], [ 771204.136856094701216, 8980798.80678803473711 ], [ 771204.092432759469375, 8980798.662342624738812 ], [ 771204.042967565939762, 8980798.519545203074813 ], [ 771203.988521454972215, 8980798.378571694716811 ], [ 771203.929161504027434, 8980798.239595780149102 ], [ 771203.864960844162852, 8980798.102788673713803 ], [ 771203.79599857039284, 8980797.968318922445178 ], [ 771203.722359643899836, 8980797.836352193728089 ], [ 771203.644134787493385, 8980797.707051070407033 ], [ 771203.561420373735018, 8980797.580574847757816 ], [ 771203.47431830666028, 8980797.457079347223043 ], [ 771203.382935895351693, 8980797.336716711521149 ], [ 771203.287385722622275, 8980797.219635229557753 ], [ 771203.187785505899228, 8980797.105979144573212 ], [ 771203.084257952054031, 8980796.995888479053974 ], [ 771202.976930606644601, 8980796.889498865231872 ], [ 771202.865935696521774, 8980796.78694137558341 ], [ 771202.751409966731444, 8980796.688342357054353 ], [ 771202.633494512643665, 8980796.593823287636042 ], [ 771202.512334605446085, 8980796.503500610589981 ], [ 771202.388079513562843, 8980796.417485605925322 ], [ 771202.260882318718359, 8980796.335884243249893 ], [ 771202.130899727344513, 8980796.258797051385045 ], [ 771201.998291877331212, 8980796.186319006606936 ], [ 771201.86322214093525, 8980796.118539398536086 ], [ 771201.725856923381798, 8980796.055541733279824 ], [ 771201.586365458089858, 8980795.997403619810939 ], [ 771201.444919597939588, 8980795.944196688011289 ], [ 771201.301693603396416, 8980795.895986488088965 ], [ 771201.156863928423263, 8980795.852832412347198 ], [ 771201.010609002434649, 8980795.81478762999177 ], [ 771200.863109010737389, 8980795.781899007037282 ], [ 771200.714545672759414, 8980795.754207067191601 ], [ 771200.565102017833851, 8980795.731745924800634 ], [ 771200.41496215981897, 8980795.71454325132072 ], [ 771200.264311070321128, 8980795.702620239928365 ], [ 771200.113334350753576, 8980795.695991581305861 ], [ 771199.962218003813177, 8980795.694665441289544 ], [ 771199.811148204142228, 8980795.698643453419209 ], [ 771199.660311068990268, 8980795.707920717075467 ], [ 771199.509892429108731, 8980795.722485801205039 ], [ 771199.360077599412762, 8980795.742320764809847 ], [ 771199.211051151156425, 8980795.767401169985533 ], [ 771199.06299668434076, 8980795.797696115449071 ], [ 771198.916096601169556, 8980795.833168281242251 ], [ 771198.77053188206628, 8980795.873773965984583 ], [ 771198.626481862040237, 8980795.919463139027357 ], [ 771198.484124009963125, 8980795.9701795168221 ], [ 771198.34363371017389, 8980796.025860615074635 ], [ 771198.205184045946226, 8980796.086437832564116 ], [ 771198.068945586681366, 8980796.151836542412639 ], [ 771197.935086177662015, 8980796.221976172178984 ], [ 771197.803770732833073, 8980796.296770308166742 ], [ 771197.67516103235539, 8980796.376126807183027 ], [ 771197.54941552283708, 8980796.459947900846601 ], [ 771197.426689121988602, 8980796.548130322247744 ], [ 771197.307133028400131, 8980796.640565432608128 ], [ 771197.190894534462132, 8980796.737139349803329 ], [ 771197.078116845455952, 8980796.837733095511794 ], [ 771196.968938903068192, 8980796.942222740501165 ], [ 771196.863495213910937, 8980797.050479551777244 ], [ 771196.761915684211999, 8980797.162370160222054 ], [ 771196.664325459511019, 8980797.277756715193391 ], [ 771196.570844770409167, 8980797.396497061476111 ], [ 771196.481588784838095, 8980797.518444910645485 ], [ 771196.396667465567589, 8980797.64345002360642 ], [ 771196.316185435280204, 8980797.771358396857977 ], [ 771196.240241847699508, 8980797.902012445032597 ], [ 771196.168930264771916, 8980798.035251205787063 ], [ 771196.102338542114012, 8980798.170910526067019 ], [ 771196.040548720397055, 8980798.308823276311159 ], [ 771195.98363692429848, 8980798.448819549754262 ], [ 771195.931673269136809, 8980798.590726869180799 ], [ 771195.884721773676574, 8980798.734370408579707 ], [ 771195.84284028201364, 8980798.879573196172714 ], [ 771195.806080391979776, 8980799.026156345382333 ], [ 771195.774487391463481, 8980799.173939263448119 ], [ 771195.748100203112699, 8980799.322739886119962 ], [ 771195.72695133567322, 8980799.472374889999628 ], [ 771195.711066844523884, 8980799.622659925371408 ], [ 771195.700466299196705, 8980799.773409841582179 ], [ 771195.695162759511732, 8980799.9244389180094 ], [ 771195.695162759511732, 8980800.0755610819906 ], [ 771195.700466299196705, 8980800.226590158417821 ], [ 771195.711066844523884, 8980800.377340074628592 ], [ 771195.72695133567322, 8980800.527625110000372 ], [ 771195.748100203112699, 8980800.677260113880038 ], [ 771195.774487391463481, 8980800.826060736551881 ], [ 771195.806080391979776, 8980800.973843654617667 ], [ 771195.84284028201364, 8980801.120426803827286 ], [ 771195.884721773676574, 8980801.265629591420293 ], [ 771195.931673269136809, 8980801.409273130819201 ], [ 771195.98363692429848, 8980801.551180450245738 ], [ 771196.040548720397055, 8980801.691176723688841 ], [ 771196.102338542114012, 8980801.829089473932981 ], [ 771196.168930264771916, 8980801.964748794212937 ], [ 771196.240241847699508, 8980802.097987554967403 ], [ 771196.316185435280204, 8980802.228641603142023 ], [ 771196.396667465567589, 8980802.35654997639358 ], [ 771196.481588784838095, 8980802.481555089354515 ], [ 771196.570844770409167, 8980802.603502938523889 ], [ 771196.664325459511019, 8980802.722243284806609 ], [ 771196.761915684211999, 8980802.837629839777946 ], [ 771196.863495213910937, 8980802.949520448222756 ], [ 771196.968938903068192, 8980803.057777259498835 ], [ 771197.078116845455952, 8980803.162266904488206 ], [ 771197.190894534462132, 8980803.262860650196671 ], [ 771197.307133028400131, 8980803.359434567391872 ], [ 771197.426689121988602, 8980803.451869677752256 ], [ 771197.54941552283708, 8980803.540052099153399 ], [ 771197.67516103235539, 8980803.623873192816973 ], [ 771197.803770732833073, 8980803.703229691833258 ], [ 771197.935086177662015, 8980803.778023827821016 ], [ 771198.068945586681366, 8980803.848163457587361 ], [ 771198.205184045946226, 8980803.913562167435884 ], [ 771198.34363371017389, 8980803.974139384925365 ], [ 771198.484124009963125, 8980804.0298204831779 ], [ 771198.626481862040237, 8980804.080536860972643 ], [ 771198.77053188206628, 8980804.126226034015417 ], [ 771198.916096601169556, 8980804.166831718757749 ], [ 771199.06299668434076, 8980804.202303884550929 ], [ 771199.211051151156425, 8980804.232598830014467 ], [ 771199.360077599412762, 8980804.257679235190153 ], [ 771199.509892429108731, 8980804.277514198794961 ], [ 771199.660311068990268, 8980804.292079282924533 ], [ 771199.811148204142228, 8980804.301356546580791 ], [ 771199.962218003813177, 8980804.305334558710456 ], [ 771200.113334350753576, 8980804.304008418694139 ], [ 771200.264311070321128, 8980804.297379760071635 ], [ 771200.41496215981897, 8980804.28545674867928 ], [ 771200.565102017833851, 8980804.268254075199366 ], [ 771200.714545672759414, 8980804.245792932808399 ], [ 771200.863109010737389, 8980804.218100992962718 ], [ 771201.010609002434649, 8980804.18521237000823 ], [ 771201.156863928423263, 8980804.147167587652802 ], [ 771201.301693603396416, 8980804.104013511911035 ], [ 771201.444919597939588, 8980804.055803311988711 ], [ 771201.586365458089858, 8980804.002596380189061 ], [ 771201.725856923381798, 8980803.944458266720176 ], [ 771201.86322214093525, 8980803.881460601463914 ], [ 771201.998291877331212, 8980803.813680993393064 ], [ 771202.130899727344513, 8980803.741202948614955 ], [ 771202.260882318718359, 8980803.664115756750107 ], [ 771202.388079513562843, 8980803.582514394074678 ], [ 771202.512334605446085, 8980803.496499389410019 ], [ 771202.633494512643665, 8980803.406176712363958 ], [ 771202.751409966731444, 8980803.311657642945647 ], [ 771202.865935696521774, 8980803.21305862441659 ], [ 771202.976930606644601, 8980803.110501134768128 ], [ 771203.084257952054031, 8980803.004111520946026 ], [ 771203.187785505899228, 8980802.894020855426788 ], [ 771203.287385722622275, 8980802.780364770442247 ], [ 771203.382935895351693, 8980802.663283288478851 ], [ 771203.47431830666028, 8980802.542920652776957 ], [ 771203.561420373735018, 8980802.419425152242184 ], [ 771203.644134787493385, 8980802.292948929592967 ], [ 771203.722359643899836, 8980802.163647806271911 ], [ 771203.79599857039284, 8980802.031681077554822 ], [ 771203.864960844162852, 8980801.897211326286197 ], [ 771203.929161504027434, 8980801.760404219850898 ], [ 771203.988521454972215, 8980801.621428305283189 ], [ 771204.042967565939762, 8980801.480454796925187 ], [ 771204.092432759469375, 8980801.337657375261188 ], [ 771204.136856094701216, 8980801.19321196526289 ], [ 771204.176182842347771, 8980801.047296525910497 ], [ 771204.210364551865496, 8980800.900090819224715 ], [ 771204.239359111874364, 8980800.751776207238436 ], [ 771204.263130800798535, 8980800.602535409852862 ], [ 771204.281650332384743, 8980800.452552290633321 ], [ 771204.294894890394062, 8980800.30201162956655 ], [ 771204.302848157822154, 8980800.15109889023006 ], [ 771204.305500336107798, 8980800.0 ] ] ] ] } },
{ "type": "Feature", "properties": { "LAYER": "07.Grid", "GM_TYPE": "Unknown Area Type", "ELEVATION": null }, "geometry": { "type": "MultiPolygon", "coordinates": [ [ [ [ 772404.305500336107798, 8979600.0 ], [ 772404.302848157822154, 8979599.84890110976994 ], [ 772404.294894890394062, 8979599.69798837043345 ], [ 772404.281650332384743, 8979599.547447709366679 ], [ 772404.263130800798535, 8979599.397464590147138 ], [ 772404.239359111874364, 8979599.248223792761564 ], [ 772404.210364551865496, 8979599.099909180775285 ], [ 772404.176182842347771, 8979598.952703474089503 ], [ 772404.136856094701216, 8979598.80678803473711 ], [ 772404.092432759469375, 8979598.662342624738812 ], [ 772404.042967565939762, 8979598.519545203074813 ], [ 772403.988521454972215, 8979598.378571694716811 ], [ 772403.929161504027434, 8979598.239595780149102 ], [ 772403.864960844162852, 8979598.102788673713803 ], [ 772403.79599857039284, 8979597.968318922445178 ], [ 772403.722359643899836, 8979597.836352193728089 ], [ 772403.644134787493385, 8979597.707051070407033 ], [ 772403.561420373735018, 8979597.580574847757816 ], [ 772403.47431830666028, 8979597.457079347223043 ], [ 772403.382935895351693, 8979597.336716711521149 ], [ 772403.287385722622275, 8979597.219635229557753 ], [ 772403.187785505899228, 8979597.105979144573212 ], [ 772403.084257952054031, 8979596.995888479053974 ], [ 772402.976930606644601, 8979596.889498865231872 ], [ 772402.865935696521774, 8979596.78694137558341 ], [ 772402.751409966731444, 8979596.688342357054353 ], [ 772402.633494512643665, 8979596.593823287636042 ], [ 772402.512334605446085, 8979596.503500610589981 ], [ 772402.388079513562843, 8979596.417485605925322 ], [ 772402.260882318718359, 8979596.335884243249893 ], [ 772402.130899727344513, 8979596.258797051385045 ], [ 772401.998291877331212, 8979596.186319006606936 ], [ 772401.86322214093525, 8979596.118539398536086 ], [ 772401.725856923381798, 8979596.055541733279824 ], [ 772401.586365458089858, 8979595.997403619810939 ], [ 772401.444919597939588, 8979595.944196688011289 ], [ 772401.301693603396416, 8979595.895986488088965 ], [ 772401.156863928423263, 8979595.852832412347198 ], [ 772401.010609002434649, 8979595.81478762999177 ], [ 772400.863109010737389, 8979595.781899007037282 ], [ 772400.714545672759414, 8979595.754207067191601 ], [ 772400.565102017833851, 8979595.731745924800634 ], [ 772400.41496215981897, 8979595.71454325132072 ], [ 772400.264311070321128, 8979595.702620239928365 ], [ 772400.113334350753576, 8979595.695991581305861 ], [ 772399.962218003813177, 8979595.694665441289544 ], [ 772399.811148204142228, 8979595.698643453419209 ], [ 772399.660311068990268, 8979595.707920717075467 ], [ 772399.509892429108731, 8979595.722485801205039 ], [ 772399.360077599412762, 8979595.742320764809847 ], [ 772399.211051151156425, 8979595.767401169985533 ], [ 772399.06299668434076, 8979595.797696115449071 ], [ 772398.916096601169556, 8979595.833168281242251 ], [ 772398.77053188206628, 8979595.873773965984583 ], [ 772398.626481862040237, 8979595.919463139027357 ], [ 772398.484124009963125, 8979595.9701795168221 ], [ 772398.34363371017389, 8979596.025860615074635 ], [ 772398.205184045946226, 8979596.086437832564116 ], [ 772398.068945586681366, 8979596.151836542412639 ], [ 772397.935086177662015, 8979596.221976172178984 ], [ 772397.803770732833073, 8979596.296770308166742 ], [ 772397.67516103235539, 8979596.376126807183027 ], [ 772397.54941552283708, 8979596.459947900846601 ], [ 772397.426689121988602, 8979596.548130322247744 ], [ 772397.307133028400131, 8979596.640565432608128 ], [ 772397.190894534462132, 8979596.737139349803329 ], [ 772397.078116845455952, 8979596.837733095511794 ], [ 772396.968938903068192, 8979596.942222740501165 ], [ 772396.863495213910937, 8979597.050479551777244 ], [ 772396.761915684211999, 8979597.162370160222054 ], [ 772396.664325459511019, 8979597.277756715193391 ], [ 772396.570844770409167, 8979597.396497061476111 ], [ 772396.481588784838095, 8979597.518444910645485 ], [ 772396.396667465567589, 8979597.64345002360642 ], [ 772396.316185435280204, 8979597.771358396857977 ], [ 772396.240241847699508, 8979597.902012445032597 ], [ 772396.168930264771916, 8979598.035251205787063 ], [ 772396.102338542114012, 8979598.170910526067019 ], [ 772396.040548720397055, 8979598.308823276311159 ], [ 772395.98363692429848, 8979598.448819549754262 ], [ 772395.931673269136809, 8979598.590726869180799 ], [ 772395.884721773676574, 8979598.734370408579707 ], [ 772395.84284028201364, 8979598.879573196172714 ], [ 772395.806080391979776, 8979599.026156345382333 ], [ 772395.774487391463481, 8979599.173939263448119 ], [ 772395.748100203112699, 8979599.322739886119962 ], [ 772395.72695133567322, 8979599.472374889999628 ], [ 772395.711066844523884, 8979599.622659925371408 ], [ 772395.700466299196705, 8979599.773409841582179 ], [ 772395.695162759511732, 8979599.9244389180094 ], [ 772395.695162759511732, 8979600.0755610819906 ], [ 772395.700466299196705, 8979600.226590158417821 ], [ 772395.711066844523884, 8979600.377340074628592 ], [ 772395.72695133567322, 8979600.527625110000372 ], [ 772395.748100203112699, 8979600.677260113880038 ], [ 772395.774487391463481, 8979600.826060736551881 ], [ 772395.806080391979776, 8979600.973843654617667 ], [ 772395.84284028201364, 8979601.120426803827286 ], [ 772395.884721773676574, 8979601.265629591420293 ], [ 772395.931673269136809, 8979601.409273130819201 ], [ 772395.98363692429848, 8979601.551180450245738 ], [ 772396.040548720397055, 8979601.691176723688841 ], [ 772396.102338542114012, 8979601.829089473932981 ], [ 772396.168930264771916, 8979601.964748794212937 ], [ 772396.240241847699508, 8979602.097987554967403 ], [ 772396.316185435280204, 8979602.228641603142023 ], [ 772396.396667465567589, 8979602.35654997639358 ], [ 772396.481588784838095, 8979602.481555089354515 ], [ 772396.570844770409167, 8979602.603502938523889 ], [ 772396.664325459511019, 8979602.722243284806609 ], [ 772396.761915684211999, 8979602.837629839777946 ], [ 772396.863495213910937, 8979602.949520448222756 ], [ 772396.968938903068192, 8979603.057777259498835 ], [ 772397.078116845455952, 8979603.162266904488206 ], [ 772397.190894534462132, 8979603.262860650196671 ], [ 772397.307133028400131, 8979603.359434567391872 ], [ 772397.426689121988602, 8979603.451869677752256 ], [ 772397.54941552283708, 8979603.540052099153399 ], [ 772397.67516103235539, 8979603.623873192816973 ], [ 772397.803770732833073, 8979603.703229691833258 ], [ 772397.935086177662015, 8979603.778023827821016 ], [ 772398.068945586681366, 8979603.848163457587361 ], [ 772398.205184045946226, 8979603.913562167435884 ], [ 772398.34363371017389, 8979603.974139384925365 ], [ 772398.484124009963125, 8979604.0298204831779 ], [ 772398.626481862040237, 8979604.080536860972643 ], [ 772398.77053188206628, 8979604.126226034015417 ], [ 772398.916096601169556, 8979604.166831718757749 ], [ 772399.06299668434076, 8979604.202303884550929 ], [ 772399.211051151156425, 8979604.232598830014467 ], [ 772399.360077599412762, 8979604.257679235190153 ], [ 772399.509892429108731, 8979604.277514198794961 ], [ 772399.660311068990268, 8979604.292079282924533 ], [ 772399.811148204142228, 8979604.301356546580791 ], [ 772399.962218003813177, 8979604.305334558710456 ], [ 772400.113334350753576, 8979604.304008418694139 ], [ 772400.264311070321128, 8979604.297379760071635 ], [ 772400.41496215981897, 8979604.28545674867928 ], [ 772400.565102017833851, 8979604.268254075199366 ], [ 772400.714545672759414, 8979604.245792932808399 ], [ 772400.863109010737389, 8979604.218100992962718 ], [ 772401.010609002434649, 8979604.18521237000823 ], [ 772401.156863928423263, 8979604.147167587652802 ], [ 772401.301693603396416, 8979604.104013511911035 ], [ 772401.444919597939588, 8979604.055803311988711 ], [ 772401.586365458089858, 8979604.002596380189061 ], [ 772401.725856923381798, 8979603.944458266720176 ], [ 772401.86322214093525, 8979603.881460601463914 ], [ 772401.998291877331212, 8979603.813680993393064 ], [ 772402.130899727344513, 8979603.741202948614955 ], [ 772402.260882318718359, 8979603.664115756750107 ], [ 772402.388079513562843, 8979603.582514394074678 ], [ 772402.512334605446085, 8979603.496499389410019 ], [ 772402.633494512643665, 8979603.406176712363958 ], [ 772402.751409966731444, 8979603.311657642945647 ], [ 772402.865935696521774, 8979603.21305862441659 ], [ 772402.976930606644601, 8979603.110501134768128 ], [ 772403.084257952054031, 8979603.004111520946026 ], [ 772403.187785505899228, 8979602.894020855426788 ], [ 772403.287385722622275, 8979602.780364770442247 ], [ 772403.382935895351693, 8979602.663283288478851 ], [ 772403.47431830666028, 8979602.542920652776957 ], [ 772403.561420373735018, 8979602.419425152242184 ], [ 772403.644134787493385, 8979602.292948929592967 ], [ 772403.722359643899836, 8979602.163647806271911 ], [ 772403.79599857039284, 8979602.031681077554822 ], [ 772403.864960844162852, 8979601.897211326286197 ], [ 772403.929161504027434, 8979601.760404219850898 ], [ 772403.988521454972215, 8979601.621428305283189 ], [ 772404.042967565939762, 8979601.480454796925187 ], [ 772404.092432759469375, 8979601.337657375261188 ], [ 772404.136856094701216, 8979601.19321196526289 ], [ 772404.176182842347771, 8979601.047296525910497 ], [ 772404.210364551865496, 8979600.900090819224715 ], [ 772404.239359111874364, 8979600.751776207238436 ], [ 772404.263130800798535, 8979600.602535409852862 ], [ 772404.281650332384743, 8979600.452552290633321 ], [ 772404.294894890394062, 8979600.30201162956655 ], [ 772404.302848157822154, 8979600.15109889023006 ], [ 772404.305500336107798, 8979600.0 ] ] ] ] } },
{ "type": "Feature", "properties": { "LAYER": "07.Grid", "GM_TYPE": "Unknown Area Type", "ELEVATION": null }, "geometry": { "type": "MultiPolygon", "coordinates": [ [ [ [ 771204.305500336107798, 8979600.0 ], [ 771204.302848157822154, 8979599.84890110976994 ], [ 771204.294894890394062, 8979599.69798837043345 ], [ 771204.281650332384743, 8979599.547447709366679 ], [ 771204.263130800798535, 8979599.397464590147138 ], [ 771204.239359111874364, 8979599.248223792761564 ], [ 771204.210364551865496, 8979599.099909180775285 ], [ 771204.176182842347771, 8979598.952703474089503 ], [ 771204.136856094701216, 8979598.80678803473711 ], [ 771204.092432759469375, 8979598.662342624738812 ], [ 771204.042967565939762, 8979598.519545203074813 ], [ 771203.988521454972215, 8979598.378571694716811 ], [ 771203.929161504027434, 8979598.239595780149102 ], [ 771203.864960844162852, 8979598.102788673713803 ], [ 771203.79599857039284, 8979597.968318922445178 ], [ 771203.722359643899836, 8979597.836352193728089 ], [ 771203.644134787493385, 8979597.707051070407033 ], [ 771203.561420373735018, 8979597.580574847757816 ], [ 771203.47431830666028, 8979597.457079347223043 ], [ 771203.382935895351693, 8979597.336716711521149 ], [ 771203.287385722622275, 8979597.219635229557753 ], [ 771203.187785505899228, 8979597.105979144573212 ], [ 771203.084257952054031, 8979596.995888479053974 ], [ 771202.976930606644601, 8979596.889498865231872 ], [ 771202.865935696521774, 8979596.78694137558341 ], [ 771202.751409966731444, 8979596.688342357054353 ], [ 771202.633494512643665, 8979596.593823287636042 ], [ 771202.512334605446085, 8979596.503500610589981 ], [ 771202.388079513562843, 8979596.417485605925322 ], [ 771202.260882318718359, 8979596.335884243249893 ], [ 771202.130899727344513, 8979596.258797051385045 ], [ 771201.998291877331212, 8979596.186319006606936 ], [ 771201.86322214093525, 8979596.118539398536086 ], [ 771201.725856923381798, 8979596.055541733279824 ], [ 771201.586365458089858, 8979595.997403619810939 ], [ 771201.444919597939588, 8979595.944196688011289 ], [ 771201.301693603396416, 8979595.895986488088965 ], [ 771201.156863928423263, 8979595.852832412347198 ], [ 771201.010609002434649, 8979595.81478762999177 ], [ 771200.863109010737389, 8979595.781899007037282 ], [ 771200.714545672759414, 8979595.754207067191601 ], [ 771200.565102017833851, 8979595.731745924800634 ], [ 771200.41496215981897, 8979595.71454325132072 ], [ 771200.264311070321128, 8979595.702620239928365 ], [ 771200.113334350753576, 8979595.695991581305861 ], [ 771199.962218003813177, 8979595.694665441289544 ], [ 771199.811148204142228, 8979595.698643453419209 ], [ 771199.660311068990268, 8979595.707920717075467 ], [ 771199.509892429108731, 8979595.722485801205039 ], [ 771199.360077599412762, 8979595.742320764809847 ], [ 771199.211051151156425, 8979595.767401169985533 ], [ 771199.06299668434076, 8979595.797696115449071 ], [ 771198.916096601169556, 8979595.833168281242251 ], [ 771198.77053188206628, 8979595.873773965984583 ], [ 771198.626481862040237, 8979595.919463139027357 ], [ 771198.484124009963125, 8979595.9701795168221 ], [ 771198.34363371017389, 8979596.025860615074635 ], [ 771198.205184045946226, 8979596.086437832564116 ], [ 771198.068945586681366, 8979596.151836542412639 ], [ 771197.935086177662015, 8979596.221976172178984 ], [ 771197.803770732833073, 8979596.296770308166742 ], [ 771197.67516103235539, 8979596.376126807183027 ], [ 771197.54941552283708, 8979596.459947900846601 ], [ 771197.426689121988602, 8979596.548130322247744 ], [ 771197.307133028400131, 8979596.640565432608128 ], [ 771197.190894534462132, 8979596.737139349803329 ], [ 771197.078116845455952, 8979596.837733095511794 ], [ 771196.968938903068192, 8979596.942222740501165 ], [ 771196.863495213910937, 8979597.050479551777244 ], [ 771196.761915684211999, 8979597.162370160222054 ], [ 771196.664325459511019, 8979597.277756715193391 ], [ 771196.570844770409167, 8979597.396497061476111 ], [ 771196.481588784838095, 8979597.518444910645485 ], [ 771196.396667465567589, 8979597.64345002360642 ], [ 771196.316185435280204, 8979597.771358396857977 ], [ 771196.240241847699508, 8979597.902012445032597 ], [ 771196.168930264771916, 8979598.035251205787063 ], [ 771196.102338542114012, 8979598.170910526067019 ], [ 771196.040548720397055, 8979598.308823276311159 ], [ 771195.98363692429848, 8979598.448819549754262 ], [ 771195.931673269136809, 8979598.590726869180799 ], [ 771195.884721773676574, 8979598.734370408579707 ], [ 771195.84284028201364, 8979598.879573196172714 ], [ 771195.806080391979776, 8979599.026156345382333 ], [ 771195.774487391463481, 8979599.173939263448119 ], [ 771195.748100203112699, 8979599.322739886119962 ], [ 771195.72695133567322, 8979599.472374889999628 ], [ 771195.711066844523884, 8979599.622659925371408 ], [ 771195.700466299196705, 8979599.773409841582179 ], [ 771195.695162759511732, 8979599.9244389180094 ], [ 771195.695162759511732, 8979600.0755610819906 ], [ 771195.700466299196705, 8979600.226590158417821 ], [ 771195.711066844523884, 8979600.377340074628592 ], [ 771195.72695133567322, 8979600.527625110000372 ], [ 771195.748100203112699, 8979600.677260113880038 ], [ 771195.774487391463481, 8979600.826060736551881 ], [ 771195.806080391979776, 8979600.973843654617667 ], [ 771195.84284028201364, 8979601.120426803827286 ], [ 771195.884721773676574, 8979601.265629591420293 ], [ 771195.931673269136809, 8979601.409273130819201 ], [ 771195.98363692429848, 8979601.551180450245738 ], [ 771196.040548720397055, 8979601.691176723688841 ], [ 771196.102338542114012, 8979601.829089473932981 ], [ 771196.168930264771916, 8979601.964748794212937 ], [ 771196.240241847699508, 8979602.097987554967403 ], [ 771196.316185435280204, 8979602.228641603142023 ], [ 771196.396667465567589, 8979602.35654997639358 ], [ 771196.481588784838095, 8979602.481555089354515 ], [ 771196.570844770409167, 8979602.603502938523889 ], [ 771196.664325459511019, 8979602.722243284806609 ], [ 771196.761915684211999, 8979602.837629839777946 ], [ 771196.863495213910937, 8979602.949520448222756 ], [ 771196.968938903068192, 8979603.057777259498835 ], [ 771197.078116845455952, 8979603.162266904488206 ], [ 771197.190894534462132, 8979603.262860650196671 ], [ 771197.307133028400131, 8979603.359434567391872 ], [ 771197.426689121988602, 8979603.451869677752256 ], [ 771197.54941552283708, 8979603.540052099153399 ], [ 771197.67516103235539, 8979603.623873192816973 ], [ 771197.803770732833073, 8979603.703229691833258 ], [ 771197.935086177662015, 8979603.778023827821016 ], [ 771198.068945586681366, 8979603.848163457587361 ], [ 771198.205184045946226, 8979603.913562167435884 ], [ 771198.34363371017389, 8979603.974139384925365 ], [ 771198.484124009963125, 8979604.0298204831779 ], [ 771198.626481862040237, 8979604.080536860972643 ], [ 771198.77053188206628, 8979604.126226034015417 ], [ 771198.916096601169556, 8979604.166831718757749 ], [ 771199.06299668434076, 8979604.202303884550929 ], [ 771199.211051151156425, 8979604.232598830014467 ], [ 771199.360077599412762, 8979604.257679235190153 ], [ 771199.509892429108731, 8979604.277514198794961 ], [ 771199.660311068990268, 8979604.292079282924533 ], [ 771199.811148204142228, 8979604.301356546580791 ], [ 771199.962218003813177, 8979604.305334558710456 ], [ 771200.113334350753576, 8979604.304008418694139 ], [ 771200.264311070321128, 8979604.297379760071635 ], [ 771200.41496215981897, 8979604.28545674867928 ], [ 771200.565102017833851, 8979604.268254075199366 ], [ 771200.714545672759414, 8979604.245792932808399 ], [ 771200.863109010737389, 8979604.218100992962718 ], [ 771201.010609002434649, 8979604.18521237000823 ], [ 771201.156863928423263, 8979604.147167587652802 ], [ 771201.301693603396416, 8979604.104013511911035 ], [ 771201.444919597939588, 8979604.055803311988711 ], [ 771201.586365458089858, 8979604.002596380189061 ], [ 771201.725856923381798, 8979603.944458266720176 ], [ 771201.86322214093525, 8979603.881460601463914 ], [ 771201.998291877331212, 8979603.813680993393064 ], [ 771202.130899727344513, 8979603.741202948614955 ], [ 771202.260882318718359, 8979603.664115756750107 ], [ 771202.388079513562843, 8979603.582514394074678 ], [ 771202.512334605446085, 8979603.496499389410019 ], [ 771202.633494512643665, 8979603.406176712363958 ], [ 771202.751409966731444, 8979603.311657642945647 ], [ 771202.865935696521774, 8979603.21305862441659 ], [ 771202.976930606644601, 8979603.110501134768128 ], [ 771203.084257952054031, 8979603.004111520946026 ], [ 771203.187785505899228, 8979602.894020855426788 ], [ 771203.287385722622275, 8979602.780364770442247 ], [ 771203.382935895351693, 8979602.663283288478851 ], [ 771203.47431830666028, 8979602.542920652776957 ], [ 771203.561420373735018, 8979602.419425152242184 ], [ 771203.644134787493385, 8979602.292948929592967 ], [ 771203.722359643899836, 8979602.163647806271911 ], [ 771203.79599857039284, 8979602.031681077554822 ], [ 771203.864960844162852, 8979601.897211326286197 ], [ 771203.929161504027434, 8979601.760404219850898 ], [ 771203.988521454972215, 8979601.621428305283189 ], [ 771204.042967565939762, 8979601.480454796925187 ], [ 771204.092432759469375, 8979601.337657375261188 ], [ 771204.136856094701216, 8979601.19321196526289 ], [ 771204.176182842347771, 8979601.047296525910497 ], [ 771204.210364551865496, 8979600.900090819224715 ], [ 771204.239359111874364, 8979600.751776207238436 ], [ 771204.263130800798535, 8979600.602535409852862 ], [ 771204.281650332384743, 8979600.452552290633321 ], [ 771204.294894890394062, 8979600.30201162956655 ], [ 771204.302848157822154, 8979600.15109889023006 ], [ 771204.305500336107798, 8979600.0 ] ] ] ] } }
]
}
