{
"type": "FeatureCollection",
"name": "09_rei_ar_bmcp",
"crs": { "type": "name", "properties": { "name": "urn:ogc:def:crs:EPSG::32751" } },
"features": [
{ "type": "Feature", "properties": { "LAYER": "_BM dan Cp", "GM_TYPE": "Unknown Area Type", "ELEVATION": null }, "geometry": { "type": "MultiPolygon", "coordinates": [ [ [ [ 781006.928406430291943, 8999076.477574674412608 ], [ 781006.928175431210548, 8999076.464414279907942 ], [ 781006.927482718368992, 8999076.451270097866654 ], [ 781006.926329145208001, 8999076.438158323988318 ], [ 781006.924716133158654, 8999076.425095111131668 ], [ 781006.922645669081248, 8999076.412096552550793 ], [ 781006.920120304101147, 8999076.39917866140604 ], [ 781006.91714314930141, 8999076.386357355862856 ], [ 781006.913717872463167, 8999076.37364842928946 ], [ 781006.909848693641834, 8999076.361067537218332 ], [ 781006.905540379579179, 8999076.348630184307694 ], [ 781006.9007982382318, 8999076.336351688951254 ], [ 781006.895628111669794, 8999076.324247179552913 ], [ 781006.890036369557492, 8999076.312331568449736 ], [ 781006.884029900887981, 8999076.300619537010789 ], [ 781006.877616105717607, 8999076.289125513285398 ], [ 781006.870802885619923, 8999076.277863657101989 ], [ 781006.863598634605296, 8999076.266847845166922 ], [ 781006.856012228294276, 8999076.256091648712754 ], [ 781006.84805301297456, 8999076.245608316734433 ], [ 781006.839730794425122, 8999076.235410766676068 ], [ 781006.831055825576186, 8999076.225511560216546 ], [ 781006.822038793936372, 8999076.215922895818949 ], [ 781006.812690808437765, 8999076.206656584516168 ], [ 781006.803023385931738, 8999076.197724044322968 ], [ 781006.793048436287791, 8999076.189136277884245 ], [ 781006.782778248889372, 8999076.180903865024447 ], [ 781006.772225476568565, 8999076.173036951571703 ], [ 781006.761403120006435, 8999076.165545225143433 ], [ 781006.750324512599036, 8999076.158437918871641 ], [ 781006.739003302995116, 8999076.15172378718853 ], [ 781006.727453438914381, 8999076.145411102101207 ], [ 781006.715689149685204, 8999076.139507642015815 ], [ 781006.703724928898737, 8999076.134020676836371 ], [ 781006.691575516480953, 8999076.128956969827414 ], [ 781006.679255880299024, 8999076.124322758987546 ], [ 781006.666781198233366, 8999076.120123751461506 ], [ 781006.654166838852689, 8999076.116365123540163 ], [ 781006.64142834325321, 8999076.113051502034068 ], [ 781006.62858140503522, 8999076.110186973586679 ], [ 781006.615641851560213, 8999076.107775064185262 ], [ 781006.602625624393113, 8999076.105818744748831 ], [ 781006.589548759395257, 8999076.104320429265499 ], [ 781006.576427367166616, 8999076.103281959891319 ], [ 781006.563277613255195, 8999076.102704618126154 ], [ 781006.550115698133595, 8999076.102589113637805 ], [ 781006.536957837175578, 8999076.102935589849949 ], [ 781006.523820240749046, 8999076.103743620216846 ], [ 781006.51071909442544, 8999076.105012208223343 ], [ 781006.497670538607053, 8999076.106739791110158 ], [ 781006.484690649318509, 8999076.108924241736531 ], [ 781006.471795417368412, 8999076.111562868580222 ], [ 781006.459000729955733, 8999076.1146524194628 ], [ 781006.446322349831462, 8999076.11818908713758 ], [ 781006.43377589690499, 8999076.122168518602848 ], [ 781006.421376828220673, 8999076.126585807651281 ], [ 781006.409140419331379, 8999076.131435513496399 ], [ 781006.397081745555624, 8999076.136711662635207 ], [ 781006.385215663001873, 8999076.14240775257349 ], [ 781006.373556790756993, 8999076.148516766726971 ], [ 781006.362119492492639, 8999076.155031178146601 ], [ 781006.350917858770117, 8999076.161942960694432 ], [ 781006.339965690043755, 8999076.169243602082133 ], [ 781006.329276479315013, 8999076.176924103870988 ], [ 781006.318863395717926, 8999076.184975007548928 ], [ 781006.30873926798813, 8999076.19338639266789 ], [ 781006.298916569096036, 8999076.202147895470262 ], [ 781006.289407400530763, 8999076.21124872379005 ], [ 781006.280223477515392, 8999076.22067766264081 ], [ 781006.271376114687882, 8999076.230423098430037 ], [ 781006.262876212014817, 8999076.2404730245471 ], [ 781006.254734241054393, 8999076.250815058127046 ], [ 781006.246960232965648, 8999076.261436458677053 ], [ 781006.239563765120693, 8999076.27232414111495 ], [ 781006.232553950045258, 8999076.283464690670371 ], [ 781006.225939423660748, 8999076.294844383373857 ], [ 781006.219728335156105, 8999076.306449197232723 ], [ 781006.213928336510435, 8999076.318264838308096 ], [ 781006.208546573412605, 8999076.330276748165488 ], [ 781006.203589675948024, 8999076.34247012808919 ], [ 781006.19906375114806, 8999076.354829955846071 ], [ 781006.194974374957383, 8999076.367341006174684 ], [ 781006.191326585365459, 8999076.379987861961126 ], [ 781006.188124876352958, 8999076.392754945904016 ], [ 781006.18537319265306, 8999076.405626526102424 ], [ 781006.183074924279936, 8999076.418586745858192 ], [ 781006.181232902454212, 8999076.431619640439749 ], [ 781006.179849396809004, 8999076.444709150120616 ], [ 781006.178926111664623, 8999076.457839149981737 ], [ 781006.178464184515178, 8999076.470993462949991 ], [ 781006.178464184515178, 8999076.484155885875225 ], [ 781006.178926111664623, 8999076.497310198843479 ], [ 781006.179849396809004, 8999076.5104401987046 ], [ 781006.181232902454212, 8999076.523529708385468 ], [ 781006.183074924279936, 8999076.536562602967024 ], [ 781006.18537319265306, 8999076.549522822722793 ], [ 781006.188124876352958, 8999076.5623944029212 ], [ 781006.191326585365459, 8999076.57516148686409 ], [ 781006.194974374957383, 8999076.587808342650533 ], [ 781006.19906375114806, 8999076.600319392979145 ], [ 781006.203589675948024, 8999076.612679220736027 ], [ 781006.208546573412605, 8999076.624872600659728 ], [ 781006.213928336510435, 8999076.63688451051712 ], [ 781006.219728335156105, 8999076.648700151592493 ], [ 781006.225939423660748, 8999076.66030496545136 ], [ 781006.232553950045258, 8999076.671684658154845 ], [ 781006.239563765120693, 8999076.682825207710266 ], [ 781006.246960232965648, 8999076.693712890148163 ], [ 781006.254734241054393, 8999076.704334290698171 ], [ 781006.262876212014817, 8999076.714676324278116 ], [ 781006.271376114687882, 8999076.724726250395179 ], [ 781006.280223477515392, 8999076.734471686184406 ], [ 781006.289407400530763, 8999076.743900625035167 ], [ 781006.298916569096036, 8999076.753001453354955 ], [ 781006.30873926798813, 8999076.761762956157327 ], [ 781006.318863395717926, 8999076.770174341276288 ], [ 781006.329276479315013, 8999076.778225244954228 ], [ 781006.339965690043755, 8999076.785905746743083 ], [ 781006.350917858770117, 8999076.793206388130784 ], [ 781006.362119492492639, 8999076.800118170678616 ], [ 781006.373556790756993, 8999076.806632582098246 ], [ 781006.385215663001873, 8999076.812741596251726 ], [ 781006.397081745555624, 8999076.818437686190009 ], [ 781006.409140419331379, 8999076.823713835328817 ], [ 781006.421376828220673, 8999076.828563541173935 ], [ 781006.43377589690499, 8999076.832980830222368 ], [ 781006.446322349831462, 8999076.836960261687636 ], [ 781006.459000729955733, 8999076.840496929362416 ], [ 781006.471795417368412, 8999076.843586480244994 ], [ 781006.484690649318509, 8999076.846225107088685 ], [ 781006.497670538607053, 8999076.848409557715058 ], [ 781006.51071909442544, 8999076.850137140601873 ], [ 781006.523820240749046, 8999076.85140572860837 ], [ 781006.536957837175578, 8999076.852213758975267 ], [ 781006.550115698133595, 8999076.852560235187411 ], [ 781006.563277613255195, 8999076.852444730699062 ], [ 781006.576427367166616, 8999076.851867388933897 ], [ 781006.589548759395257, 8999076.850828919559717 ], [ 781006.602625624393113, 8999076.849330604076385 ], [ 781006.615641851560213, 8999076.847374284639955 ], [ 781006.62858140503522, 8999076.844962375238538 ], [ 781006.64142834325321, 8999076.842097846791148 ], [ 781006.654166838852689, 8999076.838784225285053 ], [ 781006.666781198233366, 8999076.83502559736371 ], [ 781006.679255880299024, 8999076.83082658983767 ], [ 781006.691575516480953, 8999076.826192378997803 ], [ 781006.703724928898737, 8999076.821128671988845 ], [ 781006.715689149685204, 8999076.815641706809402 ], [ 781006.727453438914381, 8999076.80973824672401 ], [ 781006.739003302995116, 8999076.803425561636686 ], [ 781006.750324512599036, 8999076.796711429953575 ], [ 781006.761403120006435, 8999076.789604123681784 ], [ 781006.772225476568565, 8999076.782112397253513 ], [ 781006.782778248889372, 8999076.774245483800769 ], [ 781006.793048436287791, 8999076.766013070940971 ], [ 781006.803023385931738, 8999076.757425304502249 ], [ 781006.812690808437765, 8999076.748492764309049 ], [ 781006.822038793936372, 8999076.739226453006268 ], [ 781006.831055825576186, 8999076.72963778860867 ], [ 781006.839730794425122, 8999076.719738582149148 ], [ 781006.84805301297456, 8999076.709541032090783 ], [ 781006.856012228294276, 8999076.699057700112462 ], [ 781006.863598634605296, 8999076.688301503658295 ], [ 781006.870802885619923, 8999076.677285691723228 ], [ 781006.877616105717607, 8999076.666023835539818 ], [ 781006.884029900887981, 8999076.654529811814427 ], [ 781006.890036369557492, 8999076.642817780375481 ], [ 781006.895628111669794, 8999076.630902169272304 ], [ 781006.9007982382318, 8999076.618797659873962 ], [ 781006.905540379579179, 8999076.606519164517522 ], [ 781006.909848693641834, 8999076.594081811606884 ], [ 781006.913717872463167, 8999076.581500919535756 ], [ 781006.91714314930141, 8999076.56879199296236 ], [ 781006.920120304101147, 8999076.555970687419176 ], [ 781006.922645669081248, 8999076.543052796274424 ], [ 781006.924716133158654, 8999076.530054237693548 ], [ 781006.926329145208001, 8999076.516991024836898 ], [ 781006.927482718368992, 8999076.503879250958562 ], [ 781006.928175431210548, 8999076.490735068917274 ], [ 781006.928406430291943, 8999076.477574674412608 ] ] ] ] } },
{ "type": "Feature", "properties": { "LAYER": "_BM dan Cp", "GM_TYPE": "Unknown Area Type", "ELEVATION": null }, "geometry": { "type": "MultiPolygon", "coordinates": [ [ [ [ 781008.803406430291943, 8999076.477574674412608 ], [ 781008.802020435454324, 8999076.398612305521965 ], [ 781008.797864158637822, 8999076.319747218862176 ], [ 781008.790942720137537, 8999076.241076573729515 ], [ 781008.781264647259377, 8999076.162697292864323 ], [ 781008.76884186337702, 8999076.08470594137907 ], [ 781008.753689673147164, 8999076.007198600098491 ], [ 781008.735826744232327, 8999075.93027076125145 ], [ 781008.715275083552115, 8999075.854017198085785 ], [ 781008.692060010624118, 8999075.778531854972243 ], [ 781008.666210126248188, 8999075.703907730057836 ], [ 781008.637757277581841, 8999075.630236757919192 ], [ 781008.606736518326215, 8999075.557609701529145 ], [ 781008.573186065768823, 8999075.486116040498018 ], [ 781008.537147253984585, 8999075.415843850001693 ], [ 781008.498664482729509, 8999075.34687970764935 ], [ 781008.457785162492655, 8999075.279308576136827 ], [ 781008.414559656521305, 8999075.213213702663779 ], [ 781008.369041218305938, 8999075.148676514625549 ], [ 781008.321285926387645, 8999075.085776524618268 ], [ 781008.271352615091018, 8999075.024591224268079 ], [ 781008.219302801997401, 8999074.965195992961526 ], [ 781008.16520061227493, 8999074.907664002850652 ], [ 781008.109112699516118, 8999074.85206613689661 ], [ 781008.051108163781464, 8999074.798470890149474 ], [ 781007.991258466499858, 8999074.746944291517138 ], [ 781007.929637342109345, 8999074.697549821808934 ], [ 781007.866320707602426, 8999074.650348333641887 ], [ 781007.801386568695307, 8999074.6053979806602 ], [ 781007.7349149241345, 8999074.562754139304161 ], [ 781007.666987666510977, 8999074.522469349205494 ], [ 781007.597688481910154, 8999074.4845932405442 ], [ 781007.527102746535093, 8999074.449172474443913 ], [ 781007.455317421932705, 8999074.416250690817833 ], [ 781007.382420947076753, 8999074.385868448764086 ], [ 781007.308503130218014, 8999074.35806317999959 ], [ 781007.233655037707649, 8999074.33286913856864 ], [ 781007.157968882005662, 8999074.310317365452647 ], [ 781007.08153790817596, 8999074.290435643866658 ], [ 781007.004456278751604, 8999074.27324846573174 ], [ 781006.926818958017975, 8999074.258777007460594 ], [ 781006.848721594782546, 8999074.247039098292589 ], [ 781006.770260404678993, 8999074.238049199804664 ], [ 781006.691532051423565, 8999074.23181838542223 ], [ 781006.612633528071456, 8999074.228354331105947 ], [ 781006.533662037109025, 8999074.227661307901144 ], [ 781006.454714871244505, 8999074.229740167036653 ], [ 781006.375889292918146, 8999074.234588347375393 ], [ 781006.297282414860092, 8999074.242199875414371 ], [ 781006.218991080415435, 8999074.252565376460552 ], [ 781006.141111744102091, 8999074.265672078356147 ], [ 781006.063740352983586, 8999074.281503833830357 ], [ 781005.986972228274681, 8999074.300041139125824 ], [ 781005.910901947761886, 8999074.321261156350374 ], [ 781005.835623229970224, 8999074.345137739554048 ], [ 781005.761228817631491, 8999074.371641477569938 ], [ 781005.687810364528559, 8999074.400739714503288 ], [ 781005.615458321757615, 8999074.432396601885557 ], [ 781005.544261826667935, 8999074.466573141515255 ], [ 781005.474308593198657, 8999074.503227222710848 ], [ 781005.405684803263284, 8999074.542313693091273 ], [ 781005.338475001044571, 8999074.583784395828843 ], [ 781005.272761988686398, 8999074.627588238567114 ], [ 781005.20862672443036, 8999074.673671256750822 ], [ 781005.146148222615011, 8999074.721976675093174 ], [ 781005.085403456352651, 8999074.772444982081652 ], [ 781005.026467263000086, 8999074.825014000758529 ], [ 781004.969412251724862, 8999074.879618966951966 ], [ 781004.914308713981882, 8999074.93619260750711 ], [ 781004.861224537016824, 8999074.99466522410512 ], [ 781004.810225120279938, 8999075.054964777082205 ], [ 781004.761373294983059, 8999075.117016978561878 ], [ 781004.714729246217757, 8999075.180745381861925 ], [ 781004.670350439148024, 8999075.246071472764015 ], [ 781004.628291548579, 8999075.31291477009654 ], [ 781004.58860439050477, 8999075.381192922592163 ], [ 781004.551337859593332, 8999075.450821813195944 ], [ 781004.516537867835723, 8999075.521715657785535 ], [ 781004.484247288783081, 8999075.593787116929889 ], [ 781004.454505904228427, 8999075.666947398334742 ], [ 781004.427350355545059, 8999075.741106366738677 ], [ 781004.402814098051749, 8999075.816172663122416 ], [ 781004.380927360383794, 8999075.892053803429008 ], [ 781004.36171710700728, 8999075.968656301498413 ], [ 781004.345207004691474, 8999076.045885786414146 ], [ 781004.331417393870652, 8999076.123647108674049 ], [ 781004.320365263381973, 8999076.201844468712807 ], [ 781004.312064229277894, 8999076.28038152679801 ], [ 781004.306524518411607, 8999076.359161524102092 ], [ 781004.303752955631353, 8999076.438087409362197 ], [ 781004.303752955631353, 8999076.517061939463019 ], [ 781004.306524518411607, 8999076.595987824723125 ], [ 781004.312064229277894, 8999076.674767822027206 ], [ 781004.320365263381973, 8999076.75330488011241 ], [ 781004.331417393870652, 8999076.831502240151167 ], [ 781004.345207004691474, 8999076.90926356241107 ], [ 781004.36171710700728, 8999076.986493047326803 ], [ 781004.380927360383794, 8999077.063095545396209 ], [ 781004.402814098051749, 8999077.138976685702801 ], [ 781004.427350355545059, 8999077.214042982086539 ], [ 781004.454505904228427, 8999077.288201950490475 ], [ 781004.484247288783081, 8999077.361362231895328 ], [ 781004.516537867835723, 8999077.433433691039681 ], [ 781004.551337859593332, 8999077.504327535629272 ], [ 781004.58860439050477, 8999077.573956426233053 ], [ 781004.628291548579, 8999077.642234578728676 ], [ 781004.670350439148024, 8999077.709077876061201 ], [ 781004.714729246217757, 8999077.774403966963291 ], [ 781004.761373294983059, 8999077.838132370263338 ], [ 781004.810225120279938, 8999077.900184571743011 ], [ 781004.861224537016824, 8999077.960484124720097 ], [ 781004.914308713981882, 8999078.018956741318107 ], [ 781004.969412251724862, 8999078.07553038187325 ], [ 781005.026467263000086, 8999078.130135348066688 ], [ 781005.085403456352651, 8999078.182704366743565 ], [ 781005.146148222615011, 8999078.233172673732042 ], [ 781005.20862672443036, 8999078.281478092074394 ], [ 781005.272761988686398, 8999078.327561110258102 ], [ 781005.338475001044571, 8999078.371364952996373 ], [ 781005.405684803263284, 8999078.412835655733943 ], [ 781005.474308593198657, 8999078.451922126114368 ], [ 781005.544261826667935, 8999078.488576207309961 ], [ 781005.615458321757615, 8999078.522752746939659 ], [ 781005.687810364528559, 8999078.554409634321928 ], [ 781005.761228817631491, 8999078.583507871255279 ], [ 781005.835623229970224, 8999078.610011609271169 ], [ 781005.910901947761886, 8999078.633888192474842 ], [ 781005.986972228274681, 8999078.655108209699392 ], [ 781006.063740352983586, 8999078.67364551499486 ], [ 781006.141111744102091, 8999078.689477270469069 ], [ 781006.218991080415435, 8999078.702583972364664 ], [ 781006.297282414860092, 8999078.712949473410845 ], [ 781006.375889292918146, 8999078.720561001449823 ], [ 781006.454714871244505, 8999078.725409181788564 ], [ 781006.533662037109025, 8999078.727488040924072 ], [ 781006.612633528071456, 8999078.726795017719269 ], [ 781006.691532051423565, 8999078.723330963402987 ], [ 781006.770260404678993, 8999078.717100149020553 ], [ 781006.848721594782546, 8999078.708110250532627 ], [ 781006.926818958017975, 8999078.696372341364622 ], [ 781007.004456278751604, 8999078.681900883093476 ], [ 781007.08153790817596, 8999078.664713704958558 ], [ 781007.157968882005662, 8999078.644831983372569 ], [ 781007.233655037707649, 8999078.622280210256577 ], [ 781007.308503130218014, 8999078.597086168825626 ], [ 781007.382420947076753, 8999078.569280900061131 ], [ 781007.455317421932705, 8999078.538898658007383 ], [ 781007.527102746535093, 8999078.505976874381304 ], [ 781007.597688481910154, 8999078.470556108281016 ], [ 781007.666987666510977, 8999078.432679999619722 ], [ 781007.7349149241345, 8999078.392395209521055 ], [ 781007.801386568695307, 8999078.349751368165016 ], [ 781007.866320707602426, 8999078.30480101518333 ], [ 781007.929637342109345, 8999078.257599527016282 ], [ 781007.991258466499858, 8999078.208205057308078 ], [ 781008.051108163781464, 8999078.156678458675742 ], [ 781008.109112699516118, 8999078.103083211928606 ], [ 781008.16520061227493, 8999078.047485345974565 ], [ 781008.219302801997401, 8999077.98995335586369 ], [ 781008.271352615091018, 8999077.930558124557137 ], [ 781008.321285926387645, 8999077.869372824206948 ], [ 781008.369041218305938, 8999077.806472834199667 ], [ 781008.414559656521305, 8999077.741935646161437 ], [ 781008.457785162492655, 8999077.675840772688389 ], [ 781008.498664482729509, 8999077.608269641175866 ], [ 781008.537147253984585, 8999077.539305498823524 ], [ 781008.573186065768823, 8999077.469033308327198 ], [ 781008.606736518326215, 8999077.397539647296071 ], [ 781008.637757277581841, 8999077.324912590906024 ], [ 781008.666210126248188, 8999077.251241618767381 ], [ 781008.692060010624118, 8999077.176617493852973 ], [ 781008.715275083552115, 8999077.101132150739431 ], [ 781008.735826744232327, 8999077.024878587573767 ], [ 781008.753689673147164, 8999076.947950748726726 ], [ 781008.76884186337702, 8999076.870443407446146 ], [ 781008.781264647259377, 8999076.792452055960894 ], [ 781008.790942720137537, 8999076.714072775095701 ], [ 781008.797864158637822, 8999076.63540212996304 ], [ 781008.802020435454324, 8999076.556537043303251 ], [ 781008.803406430291943, 8999076.477574674412608 ] ] ] ] } },
{ "type": "Feature", "properties": { "LAYER": "_BM dan Cp", "GM_TYPE": "Unknown Area Type", "ELEVATION": null }, "geometry": { "type": "MultiPolygon", "coordinates": [ [ [ [ 781012.178406430291943, 8999076.477574674412608 ], [ 781012.174941443256103, 8999076.280168753117323 ], [ 781012.164550750982016, 8999076.083006033673882 ], [ 781012.147247154847719, 8999075.886329421773553 ], [ 781012.123051972710527, 8999075.690381221473217 ], [ 781012.091995012946427, 8999075.495402839034796 ], [ 781012.054114537546411, 8999075.301634488627315 ], [ 781012.00945721520111, 8999075.109314892441034 ], [ 781011.958078063325956, 8999074.918680984526873 ], [ 781011.900040381005965, 8999074.729967625811696 ], [ 781011.835415670298971, 8999074.543407311663032 ], [ 781011.764283548574895, 8999074.359229883179069 ], [ 781011.686731650261208, 8999074.177662244066596 ], [ 781011.602855518925935, 8999073.998928088694811 ], [ 781011.512758489581756, 8999073.82324761338532 ], [ 781011.416551561444066, 8999073.650837255641818 ], [ 781011.314353260910138, 8999073.481909425929189 ], [ 781011.206289495807141, 8999073.316672243177891 ], [ 781011.092493400210515, 8999073.155329277738929 ], [ 781010.973105170414783, 8999072.998079301789403 ], [ 781010.848271892173216, 8999072.845116049051285 ], [ 781010.718147359439172, 8999072.696627968922257 ], [ 781010.582891885191202, 8999072.552797997370362 ], [ 781010.442672103294171, 8999072.413803331553936 ], [ 781010.297660764190368, 8999072.279815213754773 ], [ 781010.148036520811729, 8999072.150998717173934 ], [ 781009.993983709835447, 8999072.027512541040778 ], [ 781009.835692123626359, 8999071.909508822485805 ], [ 781009.673356776474975, 8999071.797132939100266 ], [ 781009.507177664781921, 8999071.690523337572813 ], [ 781009.337359520723112, 8999071.589811362326145 ], [ 781009.164111559162848, 8999071.495121089741588 ], [ 781008.98764722107444, 8999071.406569175422192 ], [ 781008.808183909393847, 8999071.324264716356993 ], [ 781008.625942722312175, 8999071.24830911308527 ], [ 781008.441148180165328, 8999071.178795939311385 ], [ 781008.254027948714793, 8999071.115810837596655 ], [ 781008.064812559518032, 8999071.059431402012706 ], [ 781007.873735124943778, 8999071.009727096185088 ], [ 781007.681031051441096, 8999070.966759152710438 ], [ 781007.486937749665231, 8999070.930580507963896 ], [ 781007.291694341576658, 8999070.901235735043883 ], [ 781007.095541366259567, 8999070.878760986030102 ], [ 781006.898720483062789, 8999070.86318395100534 ], [ 781006.701474174624309, 8999070.854523817077279 ], [ 781006.504045447451063, 8999070.852791257202625 ], [ 781006.306677532731555, 8999070.857988404110074 ], [ 781006.109613586799242, 8999070.870108855888247 ], [ 781005.913096391712315, 8999070.889137677848339 ], [ 781005.717368055600673, 8999070.915051430463791 ], [ 781005.522669714875519, 8999070.9478181861341 ], [ 781005.329241237137467, 8999070.987397575750947 ], [ 781005.137320925248787, 8999071.03374083712697 ], [ 781004.947145224083215, 8999071.086790878325701 ], [ 781004.75894842937123, 8999071.146482339128852 ], [ 781004.572962398640811, 8999071.212741682305932 ], [ 781004.389416265767068, 8999071.285487273707986 ], [ 781004.208536158897914, 8999071.364629494026303 ], [ 781004.030544921290129, 8999071.450070839375257 ], [ 781003.85566183750052, 8999071.54170604608953 ], [ 781003.68410236260388, 8999071.639422221109271 ], [ 781003.516077857115306, 8999071.74309897609055 ], [ 781003.351795326336287, 8999071.85260858386755 ], [ 781003.1914571657544, 8999071.96781612932682 ], [ 781003.035260911099613, 8999072.0885796751827 ], [ 781002.883398995501921, 8999072.214750442653894 ], [ 781002.736058512236923, 8999072.34617299027741 ], [ 781002.593420983874239, 8999072.482685405761003 ], [ 781002.455662139458582, 8999072.624119507148862 ], [ 781002.322951697045937, 8999072.770301047712564 ], [ 781002.195453155320138, 8999072.921049930155277 ], [ 781002.073323591961525, 8999073.076180435717106 ], [ 781001.956713469931856, 8999073.235501443967223 ], [ 781001.845766452606767, 8999073.398816671222448 ], [ 781001.74061922589317, 8999073.565924914553761 ], [ 781001.64140133082401, 8999073.736620295792818 ], [ 781001.548235003370792, 8999073.910692520439625 ], [ 781001.461235024151392, 8999074.087927132844925 ], [ 781001.380508576519787, 8999074.26810578070581 ], [ 781001.306155115249567, 8999074.451006483286619 ], [ 781001.238266243366525, 8999074.636403907090425 ], [ 781001.176925599691458, 8999074.824069647118449 ], [ 781001.122208755579777, 8999075.013772495090961 ], [ 781001.074183122022077, 8999075.205278743058443 ], [ 781001.03290786629077, 8999075.398352451622486 ], [ 781000.998433839296922, 8999075.592755759134889 ], [ 781000.97080351295881, 8999075.788249157369137 ], [ 781000.950050927698612, 8999075.984591802582145 ], [ 781000.936201650532894, 8999076.181541800498962 ], [ 781000.929272743756883, 8999076.378856509923935 ], [ 781000.929272743756883, 8999076.576292838901281 ], [ 781000.936201650532894, 8999076.773607548326254 ], [ 781000.950050927698612, 8999076.970557546243072 ], [ 781000.97080351295881, 8999077.166900191456079 ], [ 781000.998433839296922, 8999077.362393589690328 ], [ 781001.03290786629077, 8999077.55679689720273 ], [ 781001.074183122022077, 8999077.749870605766773 ], [ 781001.122208755579777, 8999077.941376853734255 ], [ 781001.176925599691458, 8999078.131079701706767 ], [ 781001.238266243366525, 8999078.318745441734791 ], [ 781001.306155115249567, 8999078.504142865538597 ], [ 781001.380508576519787, 8999078.687043568119407 ], [ 781001.461235024151392, 8999078.867222215980291 ], [ 781001.548235003370792, 8999079.044456828385592 ], [ 781001.64140133082401, 8999079.218529053032398 ], [ 781001.74061922589317, 8999079.389224434271455 ], [ 781001.845766452606767, 8999079.556332677602768 ], [ 781001.956713469931856, 8999079.719647904857993 ], [ 781002.073323591961525, 8999079.87896891310811 ], [ 781002.195453155320138, 8999080.034099418669939 ], [ 781002.322951697045937, 8999080.184848301112652 ], [ 781002.455662139458582, 8999080.331029841676354 ], [ 781002.593420983874239, 8999080.472463943064213 ], [ 781002.736058512236923, 8999080.608976358547807 ], [ 781002.883398995501921, 8999080.740398906171322 ], [ 781003.035260911099613, 8999080.866569673642516 ], [ 781003.1914571657544, 8999080.987333219498396 ], [ 781003.351795326336287, 8999081.102540764957666 ], [ 781003.516077857115306, 8999081.212050372734666 ], [ 781003.68410236260388, 8999081.315727127715945 ], [ 781003.85566183750052, 8999081.413443302735686 ], [ 781004.030544921290129, 8999081.505078509449959 ], [ 781004.208536158897914, 8999081.590519854798913 ], [ 781004.389416265767068, 8999081.66966207511723 ], [ 781004.572962398640811, 8999081.742407666519284 ], [ 781004.75894842937123, 8999081.808667009696364 ], [ 781004.947145224083215, 8999081.868358470499516 ], [ 781005.137320925248787, 8999081.921408511698246 ], [ 781005.329241237137467, 8999081.967751773074269 ], [ 781005.522669714875519, 8999082.007331162691116 ], [ 781005.717368055600673, 8999082.040097918361425 ], [ 781005.913096391712315, 8999082.066011670976877 ], [ 781006.109613586799242, 8999082.085040492936969 ], [ 781006.306677532731555, 8999082.097160944715142 ], [ 781006.504045447451063, 8999082.102358091622591 ], [ 781006.701474174624309, 8999082.100625531747937 ], [ 781006.898720483062789, 8999082.091965397819877 ], [ 781007.095541366259567, 8999082.076388362795115 ], [ 781007.291694341576658, 8999082.053913613781333 ], [ 781007.486937749665231, 8999082.02456884086132 ], [ 781007.681031051441096, 8999081.988390196114779 ], [ 781007.873735124943778, 8999081.945422252640128 ], [ 781008.064812559518032, 8999081.89571794681251 ], [ 781008.254027948714793, 8999081.839338511228561 ], [ 781008.441148180165328, 8999081.776353409513831 ], [ 781008.625942722312175, 8999081.706840235739946 ], [ 781008.808183909393847, 8999081.630884632468224 ], [ 781008.98764722107444, 8999081.548580173403025 ], [ 781009.164111559162848, 8999081.460028259083629 ], [ 781009.337359520723112, 8999081.365337986499071 ], [ 781009.507177664781921, 8999081.264626011252403 ], [ 781009.673356776474975, 8999081.158016409724951 ], [ 781009.835692123626359, 8999081.045640526339412 ], [ 781009.993983709835447, 8999080.927636807784438 ], [ 781010.148036520811729, 8999080.804150631651282 ], [ 781010.297660764190368, 8999080.675334135070443 ], [ 781010.442672103294171, 8999080.54134601727128 ], [ 781010.582891885191202, 8999080.402351351454854 ], [ 781010.718147359439172, 8999080.258521379902959 ], [ 781010.848271892173216, 8999080.110033299773932 ], [ 781010.973105170414783, 8999079.957070047035813 ], [ 781011.092493400210515, 8999079.799820071086287 ], [ 781011.206289495807141, 8999079.638477105647326 ], [ 781011.314353260910138, 8999079.473239922896028 ], [ 781011.416551561444066, 8999079.304312093183398 ], [ 781011.512758489581756, 8999079.131901735439897 ], [ 781011.602855518925935, 8999078.956221260130405 ], [ 781011.686731650261208, 8999078.77748710475862 ], [ 781011.764283548574895, 8999078.595919465646148 ], [ 781011.835415670298971, 8999078.411742037162185 ], [ 781011.900040381005965, 8999078.22518172301352 ], [ 781011.958078063325956, 8999078.036468364298344 ], [ 781012.00945721520111, 8999077.845834456384182 ], [ 781012.054114537546411, 8999077.653514860197902 ], [ 781012.091995012946427, 8999077.459746509790421 ], [ 781012.123051972710527, 8999077.264768127351999 ], [ 781012.147247154847719, 8999077.068819927051663 ], [ 781012.164550750982016, 8999076.872143315151334 ], [ 781012.174941443256103, 8999076.674980595707893 ], [ 781012.178406430291943, 8999076.477574674412608 ] ] ] ] } },
{ "type": "Feature", "properties": { "LAYER": "_BM dan Cp", "GM_TYPE": "Unknown Area Type", "ELEVATION": 0 }, "geometry": { "type": "MultiPolygon", "coordinates": [ [ [ [ 781006.928406430291943, 8999076.477574674412608 ], [ 781006.92628198035527, 8999076.437714617699385 ], [ 781006.919932701508515, 8999076.39830619096756 ], [ 781006.909430533414707, 8999076.359795907512307 ], [ 781006.894894470111467, 8999076.32262010499835 ], [ 781006.876489210757427, 8999076.287200000137091 ], [ 781006.854423294542357, 8999076.253936914727092 ], [ 781006.828946736874059, 8999076.223207736387849 ], [ 781006.800348197459243, 8999076.195360636338592 ], [ 781006.768951709149405, 8999076.170711133629084 ], [ 781006.735113006667234, 8999076.149538516998291 ], [ 781006.69921549607534, 8999076.132082682102919 ], [ 781006.66166591050569, 8999076.118541410192847 ], [ 781006.622889701859094, 8999076.109068127349019 ], [ 781006.583326219930314, 8999076.103770172223449 ], [ 781006.543423734721728, 8999076.102707570418715 ], [ 781006.503634357592091, 8999076.105892362073064 ], [ 781006.464408917818218, 8999076.113288464024663 ], [ 781006.426191855454817, 8999076.124812074005604 ], [ 781006.38941618509125, 8999076.140332626178861 ], [ 781006.354498589760624, 8999076.159674264490604 ], [ 781006.321834699716419, 8999076.182617841288447 ], [ 781006.291794609860517, 8999076.208903396502137 ], [ 781006.264718686463311, 8999076.238233106210828 ], [ 781006.24091371067334, 8999076.27027465030551 ], [ 781006.220649402122945, 8999076.304664986208081 ], [ 781006.204155363724567, 8999076.341014457866549 ], [ 781006.191618479439057, 8999076.378911212086678 ], [ 781006.183180797263049, 8999076.417925862595439 ], [ 781006.178937919437885, 8999076.457616358995438 ], [ 781006.178937919437885, 8999076.497532989829779 ], [ 781006.183180797263049, 8999076.537223486229777 ], [ 781006.191618479439057, 8999076.576238136738539 ], [ 781006.204155363724567, 8999076.614134890958667 ], [ 781006.220649402122945, 8999076.650484362617135 ], [ 781006.24091371067334, 8999076.684874698519707 ], [ 781006.264718686463311, 8999076.716916242614388 ], [ 781006.291794609860517, 8999076.746245952323079 ], [ 781006.321834699716419, 8999076.772531507536769 ], [ 781006.354498589760624, 8999076.795475084334612 ], [ 781006.38941618509125, 8999076.814816722646356 ], [ 781006.426191855454817, 8999076.830337274819613 ], [ 781006.464408917818218, 8999076.841860884800553 ], [ 781006.503634357592091, 8999076.849256986752152 ], [ 781006.543423734721728, 8999076.852441778406501 ], [ 781006.583326219930314, 8999076.851379176601768 ], [ 781006.622889701859094, 8999076.846081221476197 ], [ 781006.66166591050569, 8999076.836607938632369 ], [ 781006.69921549607534, 8999076.823066666722298 ], [ 781006.735113006667234, 8999076.805610831826925 ], [ 781006.768951709149405, 8999076.784438215196133 ], [ 781006.800348197459243, 8999076.759788712486625 ], [ 781006.828946736874059, 8999076.731941612437367 ], [ 781006.854423294542357, 8999076.701212434098125 ], [ 781006.876489210757427, 8999076.667949348688126 ], [ 781006.894894470111467, 8999076.632529243826866 ], [ 781006.909430533414707, 8999076.595353441312909 ], [ 781006.919932701508515, 8999076.556843157857656 ], [ 781006.92628198035527, 8999076.517434731125832 ], [ 781006.928406430291943, 8999076.477574674412608 ] ] ] ] } },
{ "type": "Feature", "properties": { "LAYER": "_BM dan Cp", "GM_TYPE": "Unknown Area Type", "ELEVATION": null }, "geometry": { "type": "MultiPolygon", "coordinates": [ [ [ [ 780992.962204291252419, 8999090.70290800742805 ], [ 780992.96196967351716, 8999090.689541455358267 ], [ 780992.961266109254211, 8999090.676191369071603 ], [ 780992.960094465408474, 8999090.662874199450016 ], [ 780992.958456185413525, 8999090.649606350809336 ], [ 780992.956353287678212, 8999090.636404169723392 ], [ 780992.953788362676278, 8999090.623283920809627 ], [ 780992.950764570734464, 8999090.610261768102646 ], [ 780992.947285636910237, 8999090.59735375456512 ], [ 780992.943355847382918, 8999090.584575785323977 ], [ 780992.938980043516494, 8999090.57194359973073 ], [ 780992.93416361627169, 8999090.559472760185599 ], [ 780992.928912499570288, 8999090.547178633511066 ], [ 780992.923233162844554, 8999090.53507636487484 ], [ 780992.917132602771744, 8999090.523180864751339 ], [ 780992.910618335357867, 8999090.511506786569953 ], [ 780992.903698386042379, 8999090.500068513676524 ], [ 780992.896381280384958, 8999090.488880138844252 ], [ 780992.888676032773219, 8999090.47795544564724 ], [ 780992.880592136294581, 8999090.467307891696692 ], [ 780992.872139550046995, 8999090.456950597465038 ], [ 780992.86332868761383, 8999090.446896320208907 ], [ 780992.854170404025353, 8999090.437157450243831 ], [ 780992.844675982254557, 8999090.427745981141925 ], [ 780992.834857119363733, 8999090.418673511594534 ], [ 780992.824725912068971, 8999090.409951217472553 ], [ 780992.814294841955416, 8999090.401589846238494 ], [ 780992.803576760226861, 8999090.393599694594741 ], [ 780992.792584871291183, 8999090.385990612208843 ], [ 780992.78133271727711, 8999090.378771968185902 ], [ 780992.769834160804749, 8999090.371952660381794 ], [ 780992.758103367872536, 8999090.365541087463498 ], [ 780992.746154790860601, 8999090.359545148909092 ], [ 780992.734003150369972, 8999090.353972231969237 ], [ 780992.721663417178206, 8999090.348829200491309 ], [ 780992.70915079372935, 8999090.344122394919395 ], [ 780992.696480695507489, 8999090.339857609942555 ], [ 780992.683668732061051, 8999090.3360401019454 ], [ 780992.67073068767786, 8999090.332674574106932 ], [ 780992.657682501943782, 8999090.329765170812607 ], [ 780992.644540250184946, 8999090.327315479516983 ], [ 780992.631320123560727, 8999090.325328515842557 ], [ 780992.618038409156725, 8999090.323806727305055 ], [ 780992.604711470194161, 8999090.322751991450787 ], [ 780992.591355725191534, 8999090.322165604680777 ], [ 780992.577987628406845, 8999090.322048291563988 ], [ 780992.564623649348505, 8999090.322400195524096 ], [ 780992.551280252286233, 8999090.323220882564783 ], [ 780992.537973876227625, 8999090.324509343132377 ], [ 780992.524720914661884, 8999090.32626399025321 ], [ 780992.511537695070729, 8999090.32848265953362 ], [ 780992.498440459254198, 8999090.331162620335817 ], [ 780992.485445342725143, 8999090.334300568327308 ], [ 780992.472568355617113, 8999090.337892640382051 ], [ 780992.459825362311676, 8999090.341934408992529 ], [ 780992.447232061997056, 8999090.346420895308256 ], [ 780992.434803969576024, 8999090.35134657099843 ], [ 780992.422556396457367, 8999090.356705371290445 ], [ 780992.410504431580193, 8999090.362490689381957 ], [ 780992.398662922903895, 8999090.36869540065527 ], [ 780992.387046459014527, 8999090.375311860814691 ], [ 780992.375669351546094, 8999090.382331918925047 ], [ 780992.364545616903342, 8999090.38974692299962 ], [ 780992.353688959614374, 8999090.39754774235189 ], [ 780992.343112754868343, 8999090.405724762007594 ], [ 780992.332830032450147, 8999090.414267910644412 ], [ 780992.322853460907936, 8999090.42316666431725 ], [ 780992.313195331022143, 8999090.43241005577147 ], [ 780992.303867541719228, 8999090.441986700519919 ], [ 780992.294881584821269, 8999090.451884798705578 ], [ 780992.28624853095971, 8999090.462092157453299 ], [ 780992.27797901595477, 8999090.472596198320389 ], [ 780992.270083227893338, 8999090.483383983373642 ], [ 780992.262570894206874, 8999090.494442220777273 ], [ 780992.255451270262711, 8999090.505757287144661 ], [ 780992.248733127256855, 8999090.517315242439508 ], [ 780992.242424741969444, 8999090.52910184673965 ], [ 780992.236533886287361, 8999090.541102580726147 ], [ 780992.231067817658186, 8999090.553302656859159 ], [ 780992.226033270359039, 8999090.565687045454979 ], [ 780992.221436446881853, 8999090.578240491449833 ], [ 780992.217283010482788, 8999090.590947527438402 ], [ 780992.213578078197315, 8999090.603792496025562 ], [ 780992.210326214437373, 8999090.616759575903416 ], [ 780992.207531425636262, 8999090.629832791164517 ], [ 780992.205197154660709, 8999090.642996033653617 ], [ 780992.203326277667657, 8999090.656233087182045 ], [ 780992.20192109933123, 8999090.66952764429152 ], [ 780992.20098335086368, 8999090.6828633248806 ], [ 780992.200514187687077, 8999090.696223702281713 ], [ 780992.200514187687077, 8999090.709592312574387 ], [ 780992.20098335086368, 8999090.7229526899755 ], [ 780992.20192109933123, 8999090.73628837056458 ], [ 780992.203326277667657, 8999090.749582927674055 ], [ 780992.205197154660709, 8999090.762819981202483 ], [ 780992.207531425636262, 8999090.775983223691583 ], [ 780992.210326214437373, 8999090.789056438952684 ], [ 780992.213578078197315, 8999090.802023518830538 ], [ 780992.217283010482788, 8999090.814868487417698 ], [ 780992.221436446881853, 8999090.827575523406267 ], [ 780992.226033270359039, 8999090.840128969401121 ], [ 780992.231067817658186, 8999090.852513357996941 ], [ 780992.236533886287361, 8999090.864713434129953 ], [ 780992.242424741969444, 8999090.87671416811645 ], [ 780992.248733127256855, 8999090.888500772416592 ], [ 780992.255451270262711, 8999090.900058727711439 ], [ 780992.262570894206874, 8999090.911373794078827 ], [ 780992.270083227893338, 8999090.922432031482458 ], [ 780992.27797901595477, 8999090.933219816535711 ], [ 780992.28624853095971, 8999090.943723857402802 ], [ 780992.294881584821269, 8999090.953931216150522 ], [ 780992.303867541719228, 8999090.963829314336181 ], [ 780992.313195331022143, 8999090.97340595908463 ], [ 780992.322853460907936, 8999090.98264935053885 ], [ 780992.332830032450147, 8999090.991548104211688 ], [ 780992.343112754868343, 8999091.000091252848506 ], [ 780992.353688959614374, 8999091.00826827250421 ], [ 780992.364545616903342, 8999091.01606909185648 ], [ 780992.375669351546094, 8999091.023484095931053 ], [ 780992.387046459014527, 8999091.030504154041409 ], [ 780992.398662922903895, 8999091.03712061420083 ], [ 780992.410504431580193, 8999091.043325325474143 ], [ 780992.422556396457367, 8999091.049110643565655 ], [ 780992.434803969576024, 8999091.05446944385767 ], [ 780992.447232061997056, 8999091.059395119547844 ], [ 780992.459825362311676, 8999091.063881605863571 ], [ 780992.472568355617113, 8999091.067923374474049 ], [ 780992.485445342725143, 8999091.071515446528792 ], [ 780992.498440459254198, 8999091.074653394520283 ], [ 780992.511537695070729, 8999091.07733335532248 ], [ 780992.524720914661884, 8999091.07955202460289 ], [ 780992.537973876227625, 8999091.081306671723723 ], [ 780992.551280252286233, 8999091.082595132291317 ], [ 780992.564623649348505, 8999091.083415819332004 ], [ 780992.577987628406845, 8999091.083767723292112 ], [ 780992.591355725191534, 8999091.083650410175323 ], [ 780992.604711470194161, 8999091.083064023405313 ], [ 780992.618038409156725, 8999091.082009287551045 ], [ 780992.631320123560727, 8999091.080487499013543 ], [ 780992.644540250184946, 8999091.078500535339117 ], [ 780992.657682501943782, 8999091.076050844043493 ], [ 780992.67073068767786, 8999091.073141440749168 ], [ 780992.683668732061051, 8999091.0697759129107 ], [ 780992.696480695507489, 8999091.065958404913545 ], [ 780992.70915079372935, 8999091.061693619936705 ], [ 780992.721663417178206, 8999091.056986814364791 ], [ 780992.734003150369972, 8999091.051843782886863 ], [ 780992.746154790860601, 8999091.046270865947008 ], [ 780992.758103367872536, 8999091.040274927392602 ], [ 780992.769834160804749, 8999091.033863354474306 ], [ 780992.78133271727711, 8999091.027044046670198 ], [ 780992.792584871291183, 8999091.019825402647257 ], [ 780992.803576760226861, 8999091.012216320261359 ], [ 780992.814294841955416, 8999091.004226168617606 ], [ 780992.824725912068971, 8999090.995864797383547 ], [ 780992.834857119363733, 8999090.987142503261566 ], [ 780992.844675982254557, 8999090.978070033714175 ], [ 780992.854170404025353, 8999090.968658564612269 ], [ 780992.86332868761383, 8999090.958919694647193 ], [ 780992.872139550046995, 8999090.948865417391062 ], [ 780992.880592136294581, 8999090.938508123159409 ], [ 780992.888676032773219, 8999090.92786056920886 ], [ 780992.896381280384958, 8999090.916935876011848 ], [ 780992.903698386042379, 8999090.905747501179576 ], [ 780992.910618335357867, 8999090.894309228286147 ], [ 780992.917132602771744, 8999090.882635150104761 ], [ 780992.923233162844554, 8999090.87073964998126 ], [ 780992.928912499570288, 8999090.858637381345034 ], [ 780992.93416361627169, 8999090.846343254670501 ], [ 780992.938980043516494, 8999090.83387241512537 ], [ 780992.943355847382918, 8999090.821240229532123 ], [ 780992.947285636910237, 8999090.80846226029098 ], [ 780992.950764570734464, 8999090.795554246753454 ], [ 780992.953788362676278, 8999090.782532094046474 ], [ 780992.956353287678212, 8999090.769411845132709 ], [ 780992.958456185413525, 8999090.756209664046764 ], [ 780992.960094465408474, 8999090.742941815406084 ], [ 780992.961266109254211, 8999090.729624645784497 ], [ 780992.96196967351716, 8999090.716274559497833 ], [ 780992.962204291252419, 8999090.70290800742805 ] ] ] ] } },
{ "type": "Feature", "properties": { "LAYER": "_BM dan Cp", "GM_TYPE": "Unknown Area Type", "ELEVATION": 0 }, "geometry": { "type": "MultiPolygon", "coordinates": [ [ [ [ 780992.962204291252419, 8999090.70290800742805 ], [ 780992.960046561784111, 8999090.662423541769385 ], [ 780992.953597821295261, 8999090.622397782281041 ], [ 780992.942931136582047, 8999090.583284234628081 ], [ 780992.928167365607806, 8999090.545526072382927 ], [ 780992.909473787643947, 8999090.509551109746099 ], [ 780992.887062208377756, 8999090.475766958668828 ], [ 780992.861186560010538, 8999090.444556405767798 ], [ 780992.832140024052933, 8999090.416273081675172 ], [ 780992.800251709180884, 8999090.391237443313003 ], [ 780992.765882922918536, 8999090.369733158499002 ], [ 780992.729423077194951, 8999090.352003877982497 ], [ 780992.691285276785493, 8999090.338250480592251 ], [ 780992.651901638135314, 8999090.328628798946738 ], [ 780992.611718393513002, 8999090.323247851803899 ], [ 780992.571190835325979, 8999090.322168603539467 ], [ 780992.530778156942688, 8999090.325403286144137 ], [ 780992.490938249975443, 8999090.332915248349309 ], [ 780992.452122516697273, 8999090.344619374722242 ], [ 780992.414770754869096, 8999090.360383056104183 ], [ 780992.379306174814701, 8999090.380027681589127 ], [ 780992.346130604390055, 8999090.403330670669675 ], [ 780992.315619935980067, 8999090.430027989670634 ], [ 780992.2881198679097, 8999090.45981714874506 ], [ 780992.263941986719146, 8999090.49236062541604 ], [ 780992.24336023745127, 8999090.527289686724544 ], [ 780992.22660781966988, 8999090.564208572730422 ], [ 780992.213874544948339, 8999090.602698981761932 ], [ 780992.205304686212912, 8999090.642324795946479 ], [ 780992.200995343620889, 8999090.682637045159936 ], [ 780992.200995343620889, 8999090.723178969696164 ], [ 780992.205304686212912, 8999090.763491218909621 ], [ 780992.213874544948339, 8999090.803117033094168 ], [ 780992.22660781966988, 8999090.841607442125678 ], [ 780992.24336023745127, 8999090.878526328131557 ], [ 780992.263941986719146, 8999090.91345538944006 ], [ 780992.2881198679097, 8999090.94599886611104 ], [ 780992.315619935980067, 8999090.975788025185466 ], [ 780992.346130604390055, 8999091.002485344186425 ], [ 780992.379306174814701, 8999091.025788333266973 ], [ 780992.414770754869096, 8999091.045432958751917 ], [ 780992.452122516697273, 8999091.061196640133858 ], [ 780992.490938249975443, 8999091.072900766506791 ], [ 780992.530778156942688, 8999091.080412728711963 ], [ 780992.571190835325979, 8999091.083647411316633 ], [ 780992.611718393513002, 8999091.082568163052201 ], [ 780992.651901638135314, 8999091.077187215909362 ], [ 780992.691285276785493, 8999091.067565534263849 ], [ 780992.729423077194951, 8999091.053812136873603 ], [ 780992.765882922918536, 8999091.036082856357098 ], [ 780992.800251709180884, 8999091.014578571543097 ], [ 780992.832140024052933, 8999090.989542933180928 ], [ 780992.861186560010538, 8999090.961259609088302 ], [ 780992.887062208377756, 8999090.930049056187272 ], [ 780992.909473787643947, 8999090.896264905110002 ], [ 780992.928167365607806, 8999090.860289942473173 ], [ 780992.942931136582047, 8999090.822531780228019 ], [ 780992.953597821295261, 8999090.783418232575059 ], [ 780992.960046561784111, 8999090.743392473086715 ], [ 780992.962204291252419, 8999090.70290800742805 ] ] ] ] } },
{ "type": "Feature", "properties": { "LAYER": "_BM dan Cp", "GM_TYPE": "Unknown Area Type", "ELEVATION": null }, "geometry": { "type": "MultiPolygon", "coordinates": [ [ [ [ 781811.791187389055267, 8997973.724695442244411 ], [ 781811.790952771320008, 8997973.711328890174627 ], [ 781811.790249207057059, 8997973.697978803887963 ], [ 781811.789077563211322, 8997973.684661634266376 ], [ 781811.787439283216372, 8997973.671393785625696 ], [ 781811.78533638548106, 8997973.658191604539752 ], [ 781811.782771460479125, 8997973.645071355625987 ], [ 781811.779747668537311, 8997973.632049202919006 ], [ 781811.776268734713085, 8997973.61914118938148 ], [ 781811.772338945185766, 8997973.606363220140338 ], [ 781811.767963141319342, 8997973.593731034547091 ], [ 781811.763146714074537, 8997973.58126019500196 ], [ 781811.757895597373135, 8997973.568966068327427 ], [ 781811.752216260647401, 8997973.5568637996912 ], [ 781811.746115700574592, 8997973.544968299567699 ], [ 781811.739601433160715, 8997973.533294221386313 ], [ 781811.732681483845226, 8997973.521855948492885 ], [ 781811.725364378187805, 8997973.510667573660612 ], [ 781811.717659130576067, 8997973.4997428804636 ], [ 781811.709575234097429, 8997973.489095326513052 ], [ 781811.701122647849843, 8997973.478738032281399 ], [ 781811.692311785416678, 8997973.468683755025268 ], [ 781811.683153501828201, 8997973.458944885060191 ], [ 781811.673659080057405, 8997973.449533415958285 ], [ 781811.66384021716658, 8997973.440460946410894 ], [ 781811.653709009871818, 8997973.431738652288914 ], [ 781811.643277939758264, 8997973.423377281054854 ], [ 781811.632559858029708, 8997973.415387129411101 ], [ 781811.621567969094031, 8997973.407778047025204 ], [ 781811.610315815079957, 8997973.400559403002262 ], [ 781811.598817258607596, 8997973.393740095198154 ], [ 781811.587086465675384, 8997973.387328522279859 ], [ 781811.575137888663448, 8997973.381332583725452 ], [ 781811.56298624817282, 8997973.375759666785598 ], [ 781811.550646514981054, 8997973.37061663530767 ], [ 781811.538133891532198, 8997973.365909829735756 ], [ 781811.525463793310337, 8997973.361645044758916 ], [ 781811.512651829863898, 8997973.357827536761761 ], [ 781811.499713785480708, 8997973.354462008923292 ], [ 781811.48666559974663, 8997973.351552605628967 ], [ 781811.473523347987793, 8997973.349102914333344 ], [ 781811.460303221363574, 8997973.347115950658917 ], [ 781811.447021506959572, 8997973.345594162121415 ], [ 781811.433694567997009, 8997973.344539426267147 ], [ 781811.420338822994381, 8997973.343953039497137 ], [ 781811.406970726209693, 8997973.343835726380348 ], [ 781811.393606747151352, 8997973.344187630340457 ], [ 781811.380263350089081, 8997973.345008317381144 ], [ 781811.366956974030472, 8997973.346296777948737 ], [ 781811.353704012464732, 8997973.348051425069571 ], [ 781811.340520792873576, 8997973.35027009434998 ], [ 781811.327423557057045, 8997973.352950055152178 ], [ 781811.31442844052799, 8997973.356088003143668 ], [ 781811.301551453419961, 8997973.359680075198412 ], [ 781811.288808460114524, 8997973.363721843808889 ], [ 781811.276215159799904, 8997973.368208330124617 ], [ 781811.263787067378871, 8997973.373134005814791 ], [ 781811.251539494260214, 8997973.378492806106806 ], [ 781811.239487529383041, 8997973.384278124198318 ], [ 781811.227646020706743, 8997973.39048283547163 ], [ 781811.216029556817375, 8997973.397099295631051 ], [ 781811.204652449348941, 8997973.404119353741407 ], [ 781811.19352871470619, 8997973.411534357815981 ], [ 781811.182672057417221, 8997973.41933517716825 ], [ 781811.172095852671191, 8997973.427512196823955 ], [ 781811.161813130252995, 8997973.436055345460773 ], [ 781811.151836558710784, 8997973.444954099133611 ], [ 781811.142178428824991, 8997973.454197490587831 ], [ 781811.132850639522076, 8997973.46377413533628 ], [ 781811.123864682624117, 8997973.473672233521938 ], [ 781811.115231628762558, 8997973.483879592269659 ], [ 781811.106962113757618, 8997973.494383633136749 ], [ 781811.099066325696185, 8997973.505171418190002 ], [ 781811.091553992009722, 8997973.516229655593634 ], [ 781811.084434368065558, 8997973.527544721961021 ], [ 781811.077716225059703, 8997973.539102677255869 ], [ 781811.071407839772291, 8997973.55088928155601 ], [ 781811.065516984090209, 8997973.562890015542507 ], [ 781811.060050915461034, 8997973.57509009167552 ], [ 781811.055016368161887, 8997973.587474480271339 ], [ 781811.050419544684701, 8997973.600027926266193 ], [ 781811.046266108285636, 8997973.612734962254763 ], [ 781811.042561176000163, 8997973.625579930841923 ], [ 781811.039309312240221, 8997973.638547010719776 ], [ 781811.036514523439109, 8997973.651620225980878 ], [ 781811.034180252463557, 8997973.664783468469977 ], [ 781811.032309375470504, 8997973.678020521998405 ], [ 781811.030904197134078, 8997973.691315079107881 ], [ 781811.029966448666528, 8997973.70465075969696 ], [ 781811.029497285489924, 8997973.718011137098074 ], [ 781811.029497285489924, 8997973.731379747390747 ], [ 781811.029966448666528, 8997973.744740124791861 ], [ 781811.030904197134078, 8997973.75807580538094 ], [ 781811.032309375470504, 8997973.771370362490416 ], [ 781811.034180252463557, 8997973.784607416018844 ], [ 781811.036514523439109, 8997973.797770658507943 ], [ 781811.039309312240221, 8997973.810843873769045 ], [ 781811.042561176000163, 8997973.823810953646898 ], [ 781811.046266108285636, 8997973.836655922234058 ], [ 781811.050419544684701, 8997973.849362958222628 ], [ 781811.055016368161887, 8997973.861916404217482 ], [ 781811.060050915461034, 8997973.874300792813301 ], [ 781811.065516984090209, 8997973.886500868946314 ], [ 781811.071407839772291, 8997973.898501602932811 ], [ 781811.077716225059703, 8997973.910288207232952 ], [ 781811.084434368065558, 8997973.9218461625278 ], [ 781811.091553992009722, 8997973.933161228895187 ], [ 781811.099066325696185, 8997973.944219466298819 ], [ 781811.106962113757618, 8997973.955007251352072 ], [ 781811.115231628762558, 8997973.965511292219162 ], [ 781811.123864682624117, 8997973.975718650966883 ], [ 781811.132850639522076, 8997973.985616749152541 ], [ 781811.142178428824991, 8997973.99519339390099 ], [ 781811.151836558710784, 8997974.00443678535521 ], [ 781811.161813130252995, 8997974.013335539028049 ], [ 781811.172095852671191, 8997974.021878687664866 ], [ 781811.182672057417221, 8997974.030055707320571 ], [ 781811.19352871470619, 8997974.03785652667284 ], [ 781811.204652449348941, 8997974.045271530747414 ], [ 781811.216029556817375, 8997974.05229158885777 ], [ 781811.227646020706743, 8997974.058908049017191 ], [ 781811.239487529383041, 8997974.065112760290504 ], [ 781811.251539494260214, 8997974.070898078382015 ], [ 781811.263787067378871, 8997974.07625687867403 ], [ 781811.276215159799904, 8997974.081182554364204 ], [ 781811.288808460114524, 8997974.085669040679932 ], [ 781811.301551453419961, 8997974.089710809290409 ], [ 781811.31442844052799, 8997974.093302881345153 ], [ 781811.327423557057045, 8997974.096440829336643 ], [ 781811.340520792873576, 8997974.099120790138841 ], [ 781811.353704012464732, 8997974.10133945941925 ], [ 781811.366956974030472, 8997974.103094106540084 ], [ 781811.380263350089081, 8997974.104382567107677 ], [ 781811.393606747151352, 8997974.105203254148364 ], [ 781811.406970726209693, 8997974.105555158108473 ], [ 781811.420338822994381, 8997974.105437844991684 ], [ 781811.433694567997009, 8997974.104851458221674 ], [ 781811.447021506959572, 8997974.103796722367406 ], [ 781811.460303221363574, 8997974.102274933829904 ], [ 781811.473523347987793, 8997974.100287970155478 ], [ 781811.48666559974663, 8997974.097838278859854 ], [ 781811.499713785480708, 8997974.094928875565529 ], [ 781811.512651829863898, 8997974.09156334772706 ], [ 781811.525463793310337, 8997974.087745839729905 ], [ 781811.538133891532198, 8997974.083481054753065 ], [ 781811.550646514981054, 8997974.078774249181151 ], [ 781811.56298624817282, 8997974.073631217703223 ], [ 781811.575137888663448, 8997974.068058300763369 ], [ 781811.587086465675384, 8997974.062062362208962 ], [ 781811.598817258607596, 8997974.055650789290667 ], [ 781811.610315815079957, 8997974.048831481486559 ], [ 781811.621567969094031, 8997974.041612837463617 ], [ 781811.632559858029708, 8997974.03400375507772 ], [ 781811.643277939758264, 8997974.026013603433967 ], [ 781811.653709009871818, 8997974.017652232199907 ], [ 781811.66384021716658, 8997974.008929938077927 ], [ 781811.673659080057405, 8997973.999857468530536 ], [ 781811.683153501828201, 8997973.99044599942863 ], [ 781811.692311785416678, 8997973.980707129463553 ], [ 781811.701122647849843, 8997973.970652852207422 ], [ 781811.709575234097429, 8997973.960295557975769 ], [ 781811.717659130576067, 8997973.949648004025221 ], [ 781811.725364378187805, 8997973.938723310828209 ], [ 781811.732681483845226, 8997973.927534935995936 ], [ 781811.739601433160715, 8997973.916096663102508 ], [ 781811.746115700574592, 8997973.904422584921122 ], [ 781811.752216260647401, 8997973.892527084797621 ], [ 781811.757895597373135, 8997973.880424816161394 ], [ 781811.763146714074537, 8997973.868130689486861 ], [ 781811.767963141319342, 8997973.85565984994173 ], [ 781811.772338945185766, 8997973.843027664348483 ], [ 781811.776268734713085, 8997973.830249695107341 ], [ 781811.779747668537311, 8997973.817341681569815 ], [ 781811.782771460479125, 8997973.804319528862834 ], [ 781811.78533638548106, 8997973.791199279949069 ], [ 781811.787439283216372, 8997973.777997098863125 ], [ 781811.789077563211322, 8997973.764729250222445 ], [ 781811.790249207057059, 8997973.751412080600858 ], [ 781811.790952771320008, 8997973.738061994314194 ], [ 781811.791187389055267, 8997973.724695442244411 ] ] ] ] } },
{ "type": "Feature", "properties": { "LAYER": "_BM dan Cp", "GM_TYPE": "Unknown Area Type", "ELEVATION": 0 }, "geometry": { "type": "MultiPolygon", "coordinates": [ [ [ [ 781811.791187389055267, 8997973.724695442244411 ], [ 781811.789029659586959, 8997973.684210976585746 ], [ 781811.782580919098109, 8997973.644185217097402 ], [ 781811.771914234384894, 8997973.605071669444442 ], [ 781811.757150463410653, 8997973.567313507199287 ], [ 781811.738456885446794, 8997973.531338544562459 ], [ 781811.716045306180604, 8997973.497554393485188 ], [ 781811.690169657813385, 8997973.466343840584159 ], [ 781811.66112312185578, 8997973.438060516491532 ], [ 781811.629234806983732, 8997973.413024878129363 ], [ 781811.594866020721383, 8997973.391520593315363 ], [ 781811.558406174997799, 8997973.373791312798858 ], [ 781811.520268374588341, 8997973.360037915408611 ], [ 781811.480884735938162, 8997973.350416233763099 ], [ 781811.440701491315849, 8997973.345035286620259 ], [ 781811.400173933128826, 8997973.343956038355827 ], [ 781811.359761254745536, 8997973.347190720960498 ], [ 781811.319921347778291, 8997973.354702683165669 ], [ 781811.28110561450012, 8997973.366406809538603 ], [ 781811.243753852671944, 8997973.382170490920544 ], [ 781811.208289272617549, 8997973.401815116405487 ], [ 781811.175113702192903, 8997973.425118105486035 ], [ 781811.144603033782914, 8997973.451815424486995 ], [ 781811.117102965712547, 8997973.48160458356142 ], [ 781811.092925084521994, 8997973.514148060232401 ], [ 781811.072343335254118, 8997973.549077121540904 ], [ 781811.055590917472728, 8997973.585996007546782 ], [ 781811.042857642751187, 8997973.624486416578293 ], [ 781811.03428778401576, 8997973.664112230762839 ], [ 781811.029978441423737, 8997973.704424479976296 ], [ 781811.029978441423737, 8997973.744966404512525 ], [ 781811.03428778401576, 8997973.785278653725982 ], [ 781811.042857642751187, 8997973.824904467910528 ], [ 781811.055590917472728, 8997973.863394876942039 ], [ 781811.072343335254118, 8997973.900313762947917 ], [ 781811.092925084521994, 8997973.93524282425642 ], [ 781811.117102965712547, 8997973.967786300927401 ], [ 781811.144603033782914, 8997973.997575460001826 ], [ 781811.175113702192903, 8997974.024272779002786 ], [ 781811.208289272617549, 8997974.047575768083334 ], [ 781811.243753852671944, 8997974.067220393568277 ], [ 781811.28110561450012, 8997974.082984074950218 ], [ 781811.319921347778291, 8997974.094688201323152 ], [ 781811.359761254745536, 8997974.102200163528323 ], [ 781811.400173933128826, 8997974.105434846132994 ], [ 781811.440701491315849, 8997974.104355597868562 ], [ 781811.480884735938162, 8997974.098974650725722 ], [ 781811.520268374588341, 8997974.08935296908021 ], [ 781811.558406174997799, 8997974.075599571689963 ], [ 781811.594866020721383, 8997974.057870291173458 ], [ 781811.629234806983732, 8997974.036366006359458 ], [ 781811.66112312185578, 8997974.011330367997289 ], [ 781811.690169657813385, 8997973.983047043904662 ], [ 781811.716045306180604, 8997973.951836491003633 ], [ 781811.738456885446794, 8997973.918052339926362 ], [ 781811.757150463410653, 8997973.882077377289534 ], [ 781811.771914234384894, 8997973.844319215044379 ], [ 781811.782580919098109, 8997973.805205667391419 ], [ 781811.789029659586959, 8997973.765179907903075 ], [ 781811.791187389055267, 8997973.724695442244411 ] ] ] ] } },
{ "type": "Feature", "properties": { "LAYER": "_BM dan Cp", "GM_TYPE": "Unknown Area Type", "ELEVATION": null }, "geometry": { "type": "MultiPolygon", "coordinates": [ [ [ [ 781825.321132062352262, 8997987.726726626977324 ], [ 781825.320901063270867, 8997987.713566232472658 ], [ 781825.320208350429311, 8997987.700422050431371 ], [ 781825.31905477726832, 8997987.687310276553035 ], [ 781825.317441765218973, 8997987.674247063696384 ], [ 781825.315371301141568, 8997987.661248505115509 ], [ 781825.312845936161466, 8997987.648330613970757 ], [ 781825.309868781361729, 8997987.635509308427572 ], [ 781825.306443504523486, 8997987.622800381854177 ], [ 781825.302574325702153, 8997987.610219489783049 ], [ 781825.298266011639498, 8997987.597782136872411 ], [ 781825.29352387029212, 8997987.58550364151597 ], [ 781825.288353743730113, 8997987.573399132117629 ], [ 781825.282762001617812, 8997987.561483521014452 ], [ 781825.2767555329483, 8997987.549771489575505 ], [ 781825.270341737777926, 8997987.538277465850115 ], [ 781825.263528517680243, 8997987.527015609666705 ], [ 781825.256324266665615, 8997987.515999797731638 ], [ 781825.248737860354595, 8997987.505243601277471 ], [ 781825.240778645034879, 8997987.49476026929915 ], [ 781825.232456426485442, 8997987.484562719240785 ], [ 781825.223781457636505, 8997987.474663512781262 ], [ 781825.214764425996691, 8997987.465074848383665 ], [ 781825.205416440498084, 8997987.455808537080884 ], [ 781825.195749017992057, 8997987.446875996887684 ], [ 781825.18577406834811, 8997987.438288230448961 ], [ 781825.175503880949691, 8997987.430055817589164 ], [ 781825.164951108628884, 8997987.422188904136419 ], [ 781825.154128752066754, 8997987.414697177708149 ], [ 781825.143050144659355, 8997987.407589871436357 ], [ 781825.131728935055435, 8997987.400875739753246 ], [ 781825.1201790709747, 8997987.394563054665923 ], [ 781825.108414781745523, 8997987.388659594580531 ], [ 781825.096450560959056, 8997987.383172629401088 ], [ 781825.084301148541272, 8997987.37810892239213 ], [ 781825.071981512359343, 8997987.373474711552262 ], [ 781825.059506830293685, 8997987.369275704026222 ], [ 781825.046892470913008, 8997987.365517076104879 ], [ 781825.034153975313529, 8997987.362203454598784 ], [ 781825.021307037095539, 8997987.359338926151395 ], [ 781825.008367483620532, 8997987.356927016749978 ], [ 781824.995351256453432, 8997987.354970697313547 ], [ 781824.982274391455576, 8997987.353472381830215 ], [ 781824.969152999226935, 8997987.352433912456036 ], [ 781824.956003245315515, 8997987.35185657069087 ], [ 781824.942841330193914, 8997987.351741066202521 ], [ 781824.929683469235897, 8997987.352087542414665 ], [ 781824.916545872809365, 8997987.352895572781563 ], [ 781824.903444726485759, 8997987.354164160788059 ], [ 781824.890396170667373, 8997987.355891743674874 ], [ 781824.877416281378828, 8997987.358076194301248 ], [ 781824.864521049428731, 8997987.360714821144938 ], [ 781824.851726362016052, 8997987.363804372027516 ], [ 781824.839047981891781, 8997987.367341039702296 ], [ 781824.826501528965309, 8997987.371320471167564 ], [ 781824.814102460280992, 8997987.375737760215998 ], [ 781824.801866051391698, 8997987.380587466061115 ], [ 781824.789807377615944, 8997987.385863615199924 ], [ 781824.777941295062192, 8997987.391559705138206 ], [ 781824.766282422817312, 8997987.397668719291687 ], [ 781824.754845124552958, 8997987.404183130711317 ], [ 781824.743643490830436, 8997987.411094913259149 ], [ 781824.732691322104074, 8997987.41839555464685 ], [ 781824.722002111375332, 8997987.426076056435704 ], [ 781824.711589027778246, 8997987.434126960113645 ], [ 781824.70146490004845, 8997987.442538345232606 ], [ 781824.691642201156355, 8997987.451299848034978 ], [ 781824.682133032591082, 8997987.460400676354766 ], [ 781824.672949109575711, 8997987.469829615205526 ], [ 781824.664101746748202, 8997987.479575050994754 ], [ 781824.655601844075136, 8997987.489624977111816 ], [ 781824.647459873114713, 8997987.499967010691762 ], [ 781824.639685865025967, 8997987.51058841124177 ], [ 781824.632289397181012, 8997987.521476093679667 ], [ 781824.625279582105577, 8997987.532616643235087 ], [ 781824.618665055721067, 8997987.543996335938573 ], [ 781824.612453967216425, 8997987.55560114979744 ], [ 781824.606653968570754, 8997987.567416790872812 ], [ 781824.601272205472924, 8997987.579428700730205 ], [ 781824.596315308008343, 8997987.591622080653906 ], [ 781824.591789383208379, 8997987.603981908410788 ], [ 781824.587700007017702, 8997987.6164929587394 ], [ 781824.584052217425779, 8997987.629139814525843 ], [ 781824.580850508413278, 8997987.641906898468733 ], [ 781824.578098824713379, 8997987.65477847866714 ], [ 781824.575800556340255, 8997987.667738698422909 ], [ 781824.573958534514531, 8997987.680771593004465 ], [ 781824.572575028869323, 8997987.693861102685332 ], [ 781824.571651743724942, 8997987.706991102546453 ], [ 781824.571189816575497, 8997987.720145415514708 ], [ 781824.571189816575497, 8997987.733307838439941 ], [ 781824.571651743724942, 8997987.746462151408195 ], [ 781824.572575028869323, 8997987.759592151269317 ], [ 781824.573958534514531, 8997987.772681660950184 ], [ 781824.575800556340255, 8997987.78571455553174 ], [ 781824.578098824713379, 8997987.798674775287509 ], [ 781824.580850508413278, 8997987.811546355485916 ], [ 781824.584052217425779, 8997987.824313439428806 ], [ 781824.587700007017702, 8997987.836960295215249 ], [ 781824.591789383208379, 8997987.849471345543861 ], [ 781824.596315308008343, 8997987.861831173300743 ], [ 781824.601272205472924, 8997987.874024553224444 ], [ 781824.606653968570754, 8997987.886036463081837 ], [ 781824.612453967216425, 8997987.897852104157209 ], [ 781824.618665055721067, 8997987.909456918016076 ], [ 781824.625279582105577, 8997987.920836610719562 ], [ 781824.632289397181012, 8997987.931977160274982 ], [ 781824.639685865025967, 8997987.942864842712879 ], [ 781824.647459873114713, 8997987.953486243262887 ], [ 781824.655601844075136, 8997987.963828276842833 ], [ 781824.664101746748202, 8997987.973878202959895 ], [ 781824.672949109575711, 8997987.983623638749123 ], [ 781824.682133032591082, 8997987.993052577599883 ], [ 781824.691642201156355, 8997988.002153405919671 ], [ 781824.70146490004845, 8997988.010914908722043 ], [ 781824.711589027778246, 8997988.019326293841004 ], [ 781824.722002111375332, 8997988.027377197518945 ], [ 781824.732691322104074, 8997988.035057699307799 ], [ 781824.743643490830436, 8997988.0423583406955 ], [ 781824.754845124552958, 8997988.049270123243332 ], [ 781824.766282422817312, 8997988.055784534662962 ], [ 781824.777941295062192, 8997988.061893548816442 ], [ 781824.789807377615944, 8997988.067589638754725 ], [ 781824.801866051391698, 8997988.072865787893534 ], [ 781824.814102460280992, 8997988.077715493738651 ], [ 781824.826501528965309, 8997988.082132782787085 ], [ 781824.839047981891781, 8997988.086112214252353 ], [ 781824.851726362016052, 8997988.089648881927133 ], [ 781824.864521049428731, 8997988.092738432809711 ], [ 781824.877416281378828, 8997988.095377059653401 ], [ 781824.890396170667373, 8997988.097561510279775 ], [ 781824.903444726485759, 8997988.09928909316659 ], [ 781824.916545872809365, 8997988.100557681173086 ], [ 781824.929683469235897, 8997988.101365711539984 ], [ 781824.942841330193914, 8997988.101712187752128 ], [ 781824.956003245315515, 8997988.101596683263779 ], [ 781824.969152999226935, 8997988.101019341498613 ], [ 781824.982274391455576, 8997988.099980872124434 ], [ 781824.995351256453432, 8997988.098482556641102 ], [ 781825.008367483620532, 8997988.096526237204671 ], [ 781825.021307037095539, 8997988.094114327803254 ], [ 781825.034153975313529, 8997988.091249799355865 ], [ 781825.046892470913008, 8997988.08793617784977 ], [ 781825.059506830293685, 8997988.084177549928427 ], [ 781825.071981512359343, 8997988.079978542402387 ], [ 781825.084301148541272, 8997988.075344331562519 ], [ 781825.096450560959056, 8997988.070280624553561 ], [ 781825.108414781745523, 8997988.064793659374118 ], [ 781825.1201790709747, 8997988.058890199288726 ], [ 781825.131728935055435, 8997988.052577514201403 ], [ 781825.143050144659355, 8997988.045863382518291 ], [ 781825.154128752066754, 8997988.0387560762465 ], [ 781825.164951108628884, 8997988.03126434981823 ], [ 781825.175503880949691, 8997988.023397436365485 ], [ 781825.18577406834811, 8997988.015165023505688 ], [ 781825.195749017992057, 8997988.006577257066965 ], [ 781825.205416440498084, 8997987.997644716873765 ], [ 781825.214764425996691, 8997987.988378405570984 ], [ 781825.223781457636505, 8997987.978789741173387 ], [ 781825.232456426485442, 8997987.968890534713864 ], [ 781825.240778645034879, 8997987.958692984655499 ], [ 781825.248737860354595, 8997987.948209652677178 ], [ 781825.256324266665615, 8997987.937453456223011 ], [ 781825.263528517680243, 8997987.926437644287944 ], [ 781825.270341737777926, 8997987.915175788104534 ], [ 781825.2767555329483, 8997987.903681764379144 ], [ 781825.282762001617812, 8997987.891969732940197 ], [ 781825.288353743730113, 8997987.88005412183702 ], [ 781825.29352387029212, 8997987.867949612438679 ], [ 781825.298266011639498, 8997987.855671117082238 ], [ 781825.302574325702153, 8997987.8432337641716 ], [ 781825.306443504523486, 8997987.830652872100472 ], [ 781825.309868781361729, 8997987.817943945527077 ], [ 781825.312845936161466, 8997987.805122639983892 ], [ 781825.315371301141568, 8997987.79220474883914 ], [ 781825.317441765218973, 8997987.779206190258265 ], [ 781825.31905477726832, 8997987.766142977401614 ], [ 781825.320208350429311, 8997987.753031203523278 ], [ 781825.320901063270867, 8997987.739887021481991 ], [ 781825.321132062352262, 8997987.726726626977324 ] ] ] ] } },
{ "type": "Feature", "properties": { "LAYER": "_BM dan Cp", "GM_TYPE": "Unknown Area Type", "ELEVATION": null }, "geometry": { "type": "MultiPolygon", "coordinates": [ [ [ [ 781827.196132062352262, 8997987.726726626977324 ], [ 781827.194746067514643, 8997987.647764258086681 ], [ 781827.190589790698141, 8997987.568899171426892 ], [ 781827.183668352197856, 8997987.490228526294231 ], [ 781827.173990279319696, 8997987.411849245429039 ], [ 781827.161567495437339, 8997987.333857893943787 ], [ 781827.146415305207483, 8997987.256350552663207 ], [ 781827.128552376292646, 8997987.179422713816166 ], [ 781827.108000715612434, 8997987.103169150650501 ], [ 781827.084785642684437, 8997987.02768380753696 ], [ 781827.058935758308508, 8997986.953059682622552 ], [ 781827.03048290964216, 8997986.879388710483909 ], [ 781826.999462150386535, 8997986.806761654093862 ], [ 781826.965911697829142, 8997986.735267993062735 ], [ 781826.929872886044905, 8997986.664995802566409 ], [ 781826.891390114789829, 8997986.596031660214067 ], [ 781826.850510794552974, 8997986.528460528701544 ], [ 781826.807285288581625, 8997986.462365655228496 ], [ 781826.761766850366257, 8997986.397828467190266 ], [ 781826.714011558447964, 8997986.334928477182984 ], [ 781826.664078247151338, 8997986.273743176832795 ], [ 781826.61202843405772, 8997986.214347945526242 ], [ 781826.557926244335249, 8997986.156815955415368 ], [ 781826.501838331576437, 8997986.101218089461327 ], [ 781826.443833795841783, 8997986.04762284271419 ], [ 781826.383984098560177, 8997985.996096244081855 ], [ 781826.322362974169664, 8997985.946701774373651 ], [ 781826.259046339662746, 8997985.899500286206603 ], [ 781826.194112200755626, 8997985.854549933224916 ], [ 781826.12764055619482, 8997985.811906091868877 ], [ 781826.059713298571296, 8997985.77162130177021 ], [ 781825.990414113970473, 8997985.733745193108916 ], [ 781825.919828378595412, 8997985.698324427008629 ], [ 781825.848043053993024, 8997985.665402643382549 ], [ 781825.775146579137072, 8997985.635020401328802 ], [ 781825.701228762278333, 8997985.607215132564306 ], [ 781825.626380669767968, 8997985.582021091133356 ], [ 781825.550694514065981, 8997985.559469318017364 ], [ 781825.474263540236279, 8997985.539587596431375 ], [ 781825.397181910811923, 8997985.522400418296456 ], [ 781825.319544590078294, 8997985.507928960025311 ], [ 781825.241447226842865, 8997985.496191050857306 ], [ 781825.162986036739312, 8997985.48720115236938 ], [ 781825.084257683483884, 8997985.480970337986946 ], [ 781825.005359160131775, 8997985.477506283670664 ], [ 781824.926387669169344, 8997985.47681326046586 ], [ 781824.847440503304824, 8997985.478892119601369 ], [ 781824.768614924978465, 8997985.483740299940109 ], [ 781824.690008046920411, 8997985.491351827979088 ], [ 781824.611716712475754, 8997985.501717329025269 ], [ 781824.53383737616241, 8997985.514824030920863 ], [ 781824.456465985043906, 8997985.530655786395073 ], [ 781824.379697860335, 8997985.54919309169054 ], [ 781824.303627579822205, 8997985.570413108915091 ], [ 781824.228348862030543, 8997985.594289692118764 ], [ 781824.15395444969181, 8997985.620793430134654 ], [ 781824.080535996588878, 8997985.649891667068005 ], [ 781824.008183953817934, 8997985.681548554450274 ], [ 781823.936987458728254, 8997985.715725094079971 ], [ 781823.867034225258976, 8997985.752379175275564 ], [ 781823.798410435323603, 8997985.79146564565599 ], [ 781823.731200633104891, 8997985.832936348393559 ], [ 781823.665487620746717, 8997985.87674019113183 ], [ 781823.601352356490679, 8997985.922823209315538 ], [ 781823.53887385467533, 8997985.97112862765789 ], [ 781823.47812908841297, 8997986.021596934646368 ], [ 781823.419192895060405, 8997986.074165953323245 ], [ 781823.362137883785181, 8997986.128770919516683 ], [ 781823.307034346042201, 8997986.185344560071826 ], [ 781823.253950169077143, 8997986.243817176669836 ], [ 781823.202950752340257, 8997986.304116729646921 ], [ 781823.154098927043378, 8997986.366168931126595 ], [ 781823.107454878278077, 8997986.429897334426641 ], [ 781823.063076071208343, 8997986.495223425328732 ], [ 781823.021017180639319, 8997986.562066722661257 ], [ 781822.981330022565089, 8997986.630344875156879 ], [ 781822.944063491653651, 8997986.69997376576066 ], [ 781822.909263499896042, 8997986.770867610350251 ], [ 781822.8769729208434, 8997986.842939069494605 ], [ 781822.847231536288746, 8997986.916099350899458 ], [ 781822.820075987605378, 8997986.990258319303393 ], [ 781822.795539730112068, 8997987.065324615687132 ], [ 781822.773652992444113, 8997987.141205755993724 ], [ 781822.754442739067599, 8997987.217808254063129 ], [ 781822.737932636751793, 8997987.295037738978863 ], [ 781822.724143025930971, 8997987.372799061238766 ], [ 781822.713090895442292, 8997987.450996421277523 ], [ 781822.704789861338213, 8997987.529533479362726 ], [ 781822.699250150471926, 8997987.608313476666808 ], [ 781822.696478587691672, 8997987.687239361926913 ], [ 781822.696478587691672, 8997987.766213892027736 ], [ 781822.699250150471926, 8997987.845139777287841 ], [ 781822.704789861338213, 8997987.923919774591923 ], [ 781822.713090895442292, 8997988.002456832677126 ], [ 781822.724143025930971, 8997988.080654192715883 ], [ 781822.737932636751793, 8997988.158415514975786 ], [ 781822.754442739067599, 8997988.23564499989152 ], [ 781822.773652992444113, 8997988.312247497960925 ], [ 781822.795539730112068, 8997988.388128638267517 ], [ 781822.820075987605378, 8997988.463194934651256 ], [ 781822.847231536288746, 8997988.537353903055191 ], [ 781822.8769729208434, 8997988.610514184460044 ], [ 781822.909263499896042, 8997988.682585643604398 ], [ 781822.944063491653651, 8997988.753479488193989 ], [ 781822.981330022565089, 8997988.82310837879777 ], [ 781823.021017180639319, 8997988.891386531293392 ], [ 781823.063076071208343, 8997988.958229828625917 ], [ 781823.107454878278077, 8997989.023555919528008 ], [ 781823.154098927043378, 8997989.087284322828054 ], [ 781823.202950752340257, 8997989.149336524307728 ], [ 781823.253950169077143, 8997989.209636077284813 ], [ 781823.307034346042201, 8997989.268108693882823 ], [ 781823.362137883785181, 8997989.324682334437966 ], [ 781823.419192895060405, 8997989.379287300631404 ], [ 781823.47812908841297, 8997989.431856319308281 ], [ 781823.53887385467533, 8997989.482324626296759 ], [ 781823.601352356490679, 8997989.530630044639111 ], [ 781823.665487620746717, 8997989.576713062822819 ], [ 781823.731200633104891, 8997989.62051690556109 ], [ 781823.798410435323603, 8997989.661987608298659 ], [ 781823.867034225258976, 8997989.701074078679085 ], [ 781823.936987458728254, 8997989.737728159874678 ], [ 781824.008183953817934, 8997989.771904699504375 ], [ 781824.080535996588878, 8997989.803561586886644 ], [ 781824.15395444969181, 8997989.832659823819995 ], [ 781824.228348862030543, 8997989.859163561835885 ], [ 781824.303627579822205, 8997989.883040145039558 ], [ 781824.379697860335, 8997989.904260162264109 ], [ 781824.456465985043906, 8997989.922797467559576 ], [ 781824.53383737616241, 8997989.938629223033786 ], [ 781824.611716712475754, 8997989.95173592492938 ], [ 781824.690008046920411, 8997989.962101425975561 ], [ 781824.768614924978465, 8997989.96971295401454 ], [ 781824.847440503304824, 8997989.97456113435328 ], [ 781824.926387669169344, 8997989.976639993488789 ], [ 781825.005359160131775, 8997989.975946970283985 ], [ 781825.084257683483884, 8997989.972482915967703 ], [ 781825.162986036739312, 8997989.966252101585269 ], [ 781825.241447226842865, 8997989.957262203097343 ], [ 781825.319544590078294, 8997989.945524293929338 ], [ 781825.397181910811923, 8997989.931052835658193 ], [ 781825.474263540236279, 8997989.913865657523274 ], [ 781825.550694514065981, 8997989.893983935937285 ], [ 781825.626380669767968, 8997989.871432162821293 ], [ 781825.701228762278333, 8997989.846238121390343 ], [ 781825.775146579137072, 8997989.818432852625847 ], [ 781825.848043053993024, 8997989.7880506105721 ], [ 781825.919828378595412, 8997989.75512882694602 ], [ 781825.990414113970473, 8997989.719708060845733 ], [ 781826.059713298571296, 8997989.681831952184439 ], [ 781826.12764055619482, 8997989.641547162085772 ], [ 781826.194112200755626, 8997989.598903320729733 ], [ 781826.259046339662746, 8997989.553952967748046 ], [ 781826.322362974169664, 8997989.506751479580998 ], [ 781826.383984098560177, 8997989.457357009872794 ], [ 781826.443833795841783, 8997989.405830411240458 ], [ 781826.501838331576437, 8997989.352235164493322 ], [ 781826.557926244335249, 8997989.296637298539281 ], [ 781826.61202843405772, 8997989.239105308428407 ], [ 781826.664078247151338, 8997989.179710077121854 ], [ 781826.714011558447964, 8997989.118524776771665 ], [ 781826.761766850366257, 8997989.055624786764383 ], [ 781826.807285288581625, 8997988.991087598726153 ], [ 781826.850510794552974, 8997988.924992725253105 ], [ 781826.891390114789829, 8997988.857421593740582 ], [ 781826.929872886044905, 8997988.78845745138824 ], [ 781826.965911697829142, 8997988.718185260891914 ], [ 781826.999462150386535, 8997988.646691599860787 ], [ 781827.03048290964216, 8997988.57406454347074 ], [ 781827.058935758308508, 8997988.500393571332097 ], [ 781827.084785642684437, 8997988.425769446417689 ], [ 781827.108000715612434, 8997988.350284103304148 ], [ 781827.128552376292646, 8997988.274030540138483 ], [ 781827.146415305207483, 8997988.197102701291442 ], [ 781827.161567495437339, 8997988.119595360010862 ], [ 781827.173990279319696, 8997988.04160400852561 ], [ 781827.183668352197856, 8997987.963224727660418 ], [ 781827.190589790698141, 8997987.884554082527757 ], [ 781827.194746067514643, 8997987.805688995867968 ], [ 781827.196132062352262, 8997987.726726626977324 ] ] ] ] } },
{ "type": "Feature", "properties": { "LAYER": "_BM dan Cp", "GM_TYPE": "Unknown Area Type", "ELEVATION": null }, "geometry": { "type": "MultiPolygon", "coordinates": [ [ [ [ 781830.571132062352262, 8997987.726726626977324 ], [ 781830.567667075316422, 8997987.529320705682039 ], [ 781830.557276383042336, 8997987.332157986238599 ], [ 781830.539972786908038, 8997987.135481374338269 ], [ 781830.515777604770847, 8997986.939533174037933 ], [ 781830.484720645006746, 8997986.744554791599512 ], [ 781830.44684016960673, 8997986.550786441192031 ], [ 781830.402182847261429, 8997986.358466845005751 ], [ 781830.350803695386276, 8997986.167832937091589 ], [ 781830.292766013066284, 8997985.979119578376412 ], [ 781830.22814130235929, 8997985.792559264227748 ], [ 781830.157009180635214, 8997985.608381835743785 ], [ 781830.079457282321528, 8997985.426814196631312 ], [ 781829.995581150986254, 8997985.248080041259527 ], [ 781829.905484121642075, 8997985.072399565950036 ], [ 781829.809277193504386, 8997984.899989208206534 ], [ 781829.707078892970458, 8997984.731061378493905 ], [ 781829.59901512786746, 8997984.565824195742607 ], [ 781829.485219032270834, 8997984.404481230303645 ], [ 781829.365830802475102, 8997984.247231254354119 ], [ 781829.240997524233535, 8997984.094268001616001 ], [ 781829.110872991499491, 8997983.945779921486974 ], [ 781828.975617517251521, 8997983.801949949935079 ], [ 781828.835397735354491, 8997983.662955284118652 ], [ 781828.690386396250688, 8997983.528967166319489 ], [ 781828.540762152872048, 8997983.40015066973865 ], [ 781828.386709341895767, 8997983.276664493605494 ], [ 781828.228417755686678, 8997983.158660775050521 ], [ 781828.066082408535294, 8997983.046284891664982 ], [ 781827.89990329684224, 8997982.939675290137529 ], [ 781827.730085152783431, 8997982.838963314890862 ], [ 781827.556837191223167, 8997982.744273042306304 ], [ 781827.380372853134759, 8997982.655721127986908 ], [ 781827.200909541454166, 8997982.573416668921709 ], [ 781827.018668354372494, 8997982.497461065649986 ], [ 781826.833873812225647, 8997982.427947891876101 ], [ 781826.646753580775112, 8997982.364962790161371 ], [ 781826.457538191578351, 8997982.308583354577422 ], [ 781826.266460757004097, 8997982.258879048749804 ], [ 781826.073756683501415, 8997982.215911105275154 ], [ 781825.87966338172555, 8997982.179732460528612 ], [ 781825.684419973636977, 8997982.1503876876086 ], [ 781825.488266998319887, 8997982.127912938594818 ], [ 781825.291446115123108, 8997982.112335903570056 ], [ 781825.094199806684628, 8997982.103675769641995 ], [ 781824.896771079511382, 8997982.101943209767342 ], [ 781824.699403164791875, 8997982.10714035667479 ], [ 781824.502339218859561, 8997982.119260808452964 ], [ 781824.305822023772635, 8997982.138289630413055 ], [ 781824.110093687660992, 8997982.164203383028507 ], [ 781823.915395346935838, 8997982.196970138698816 ], [ 781823.721966869197786, 8997982.236549528315663 ], [ 781823.530046557309106, 8997982.282892789691687 ], [ 781823.339870856143534, 8997982.335942830890417 ], [ 781823.151674061431549, 8997982.395634291693568 ], [ 781822.965688030701131, 8997982.461893634870648 ], [ 781822.782141897827387, 8997982.534639226272702 ], [ 781822.601261790958233, 8997982.61378144659102 ], [ 781822.423270553350449, 8997982.699222791939974 ], [ 781822.248387469560839, 8997982.790857998654246 ], [ 781822.0768279946642, 8997982.888574173673987 ], [ 781821.908803489175625, 8997982.992250928655267 ], [ 781821.744520958396606, 8997983.101760536432266 ], [ 781821.584182797814719, 8997983.216968081891537 ], [ 781821.427986543159932, 8997983.337731627747416 ], [ 781821.27612462756224, 8997983.463902395218611 ], [ 781821.128784144297242, 8997983.595324942842126 ], [ 781820.986146615934558, 8997983.73183735832572 ], [ 781820.848387771518901, 8997983.873271459713578 ], [ 781820.715677329106256, 8997984.019453000277281 ], [ 781820.588178787380457, 8997984.170201882719994 ], [ 781820.466049224021845, 8997984.325332388281822 ], [ 781820.349439101992175, 8997984.48465339653194 ], [ 781820.238492084667087, 8997984.647968623787165 ], [ 781820.133344857953489, 8997984.815076867118478 ], [ 781820.034126962884329, 8997984.985772248357534 ], [ 781819.940960635431111, 8997985.159844473004341 ], [ 781819.853960656211711, 8997985.337079085409641 ], [ 781819.773234208580106, 8997985.517257733270526 ], [ 781819.698880747309886, 8997985.700158435851336 ], [ 781819.630991875426844, 8997985.885555859655142 ], [ 781819.569651231751777, 8997986.073221599683166 ], [ 781819.514934387640096, 8997986.262924447655678 ], [ 781819.466908754082397, 8997986.454430695623159 ], [ 781819.42563349835109, 8997986.647504404187202 ], [ 781819.391159471357241, 8997986.841907711699605 ], [ 781819.363529145019129, 8997987.037401109933853 ], [ 781819.342776559758931, 8997987.233743755146861 ], [ 781819.328927282593213, 8997987.430693753063679 ], [ 781819.321998375817202, 8997987.628008462488651 ], [ 781819.321998375817202, 8997987.825444791465998 ], [ 781819.328927282593213, 8997988.02275950089097 ], [ 781819.342776559758931, 8997988.219709498807788 ], [ 781819.363529145019129, 8997988.416052144020796 ], [ 781819.391159471357241, 8997988.611545542255044 ], [ 781819.42563349835109, 8997988.805948849767447 ], [ 781819.466908754082397, 8997988.99902255833149 ], [ 781819.514934387640096, 8997989.190528806298971 ], [ 781819.569651231751777, 8997989.380231654271483 ], [ 781819.630991875426844, 8997989.567897394299507 ], [ 781819.698880747309886, 8997989.753294818103313 ], [ 781819.773234208580106, 8997989.936195520684123 ], [ 781819.853960656211711, 8997990.116374168545008 ], [ 781819.940960635431111, 8997990.293608780950308 ], [ 781820.034126962884329, 8997990.467681005597115 ], [ 781820.133344857953489, 8997990.638376386836171 ], [ 781820.238492084667087, 8997990.805484630167484 ], [ 781820.349439101992175, 8997990.968799857422709 ], [ 781820.466049224021845, 8997991.128120865672827 ], [ 781820.588178787380457, 8997991.283251371234655 ], [ 781820.715677329106256, 8997991.434000253677368 ], [ 781820.848387771518901, 8997991.580181794241071 ], [ 781820.986146615934558, 8997991.721615895628929 ], [ 781821.128784144297242, 8997991.858128311112523 ], [ 781821.27612462756224, 8997991.989550858736038 ], [ 781821.427986543159932, 8997992.115721626207232 ], [ 781821.584182797814719, 8997992.236485172063112 ], [ 781821.744520958396606, 8997992.351692717522383 ], [ 781821.908803489175625, 8997992.461202325299382 ], [ 781822.0768279946642, 8997992.564879080280662 ], [ 781822.248387469560839, 8997992.662595255300403 ], [ 781822.423270553350449, 8997992.754230462014675 ], [ 781822.601261790958233, 8997992.839671807363629 ], [ 781822.782141897827387, 8997992.918814027681947 ], [ 781822.965688030701131, 8997992.991559619084001 ], [ 781823.151674061431549, 8997993.057818962261081 ], [ 781823.339870856143534, 8997993.117510423064232 ], [ 781823.530046557309106, 8997993.170560464262962 ], [ 781823.721966869197786, 8997993.216903725638986 ], [ 781823.915395346935838, 8997993.256483115255833 ], [ 781824.110093687660992, 8997993.289249870926142 ], [ 781824.305822023772635, 8997993.315163623541594 ], [ 781824.502339218859561, 8997993.334192445501685 ], [ 781824.699403164791875, 8997993.346312897279859 ], [ 781824.896771079511382, 8997993.351510044187307 ], [ 781825.094199806684628, 8997993.349777484312654 ], [ 781825.291446115123108, 8997993.341117350384593 ], [ 781825.488266998319887, 8997993.325540315359831 ], [ 781825.684419973636977, 8997993.303065566346049 ], [ 781825.87966338172555, 8997993.273720793426037 ], [ 781826.073756683501415, 8997993.237542148679495 ], [ 781826.266460757004097, 8997993.194574205204844 ], [ 781826.457538191578351, 8997993.144869899377227 ], [ 781826.646753580775112, 8997993.088490463793278 ], [ 781826.833873812225647, 8997993.025505362078547 ], [ 781827.018668354372494, 8997992.955992188304663 ], [ 781827.200909541454166, 8997992.88003658503294 ], [ 781827.380372853134759, 8997992.797732125967741 ], [ 781827.556837191223167, 8997992.709180211648345 ], [ 781827.730085152783431, 8997992.614489939063787 ], [ 781827.89990329684224, 8997992.51377796381712 ], [ 781828.066082408535294, 8997992.407168362289667 ], [ 781828.228417755686678, 8997992.294792478904128 ], [ 781828.386709341895767, 8997992.176788760349154 ], [ 781828.540762152872048, 8997992.053302584215999 ], [ 781828.690386396250688, 8997991.924486087635159 ], [ 781828.835397735354491, 8997991.790497969835997 ], [ 781828.975617517251521, 8997991.65150330401957 ], [ 781829.110872991499491, 8997991.507673332467675 ], [ 781829.240997524233535, 8997991.359185252338648 ], [ 781829.365830802475102, 8997991.20622199960053 ], [ 781829.485219032270834, 8997991.048972023651004 ], [ 781829.59901512786746, 8997990.887629058212042 ], [ 781829.707078892970458, 8997990.722391875460744 ], [ 781829.809277193504386, 8997990.553464045748115 ], [ 781829.905484121642075, 8997990.381053688004613 ], [ 781829.995581150986254, 8997990.205373212695122 ], [ 781830.079457282321528, 8997990.026639057323337 ], [ 781830.157009180635214, 8997989.845071418210864 ], [ 781830.22814130235929, 8997989.660893989726901 ], [ 781830.292766013066284, 8997989.474333675578237 ], [ 781830.350803695386276, 8997989.28562031686306 ], [ 781830.402182847261429, 8997989.094986408948898 ], [ 781830.44684016960673, 8997988.902666812762618 ], [ 781830.484720645006746, 8997988.708898462355137 ], [ 781830.515777604770847, 8997988.513920079916716 ], [ 781830.539972786908038, 8997988.31797187961638 ], [ 781830.557276383042336, 8997988.12129526771605 ], [ 781830.567667075316422, 8997987.92413254827261 ], [ 781830.571132062352262, 8997987.726726626977324 ] ] ] ] } },
{ "type": "Feature", "properties": { "LAYER": "_BM dan Cp", "GM_TYPE": "Unknown Area Type", "ELEVATION": 0 }, "geometry": { "type": "MultiPolygon", "coordinates": [ [ [ [ 781825.321132062352262, 8997987.726726626977324 ], [ 781825.319007612415589, 8997987.686866570264101 ], [ 781825.312658333568834, 8997987.647458143532276 ], [ 781825.302156165475026, 8997987.608947860077024 ], [ 781825.287620102171786, 8997987.571772057563066 ], [ 781825.269214842817746, 8997987.536351952701807 ], [ 781825.247148926602677, 8997987.503088867291808 ], [ 781825.221672368934378, 8997987.472359688952565 ], [ 781825.193073829519562, 8997987.444512588903308 ], [ 781825.161677341209725, 8997987.4198630861938 ], [ 781825.127838638727553, 8997987.398690469563007 ], [ 781825.091941128135659, 8997987.381234634667635 ], [ 781825.054391542566009, 8997987.367693362757564 ], [ 781825.015615333919413, 8997987.358220079913735 ], [ 781824.976051851990633, 8997987.352922124788165 ], [ 781824.936149366782047, 8997987.351859522983432 ], [ 781824.89635998965241, 8997987.35504431463778 ], [ 781824.857134549878538, 8997987.362440416589379 ], [ 781824.818917487515137, 8997987.37396402657032 ], [ 781824.782141817151569, 8997987.389484578743577 ], [ 781824.747224221820943, 8997987.408826217055321 ], [ 781824.714560331776738, 8997987.431769793853164 ], [ 781824.684520241920836, 8997987.458055349066854 ], [ 781824.65744431852363, 8997987.487385058775544 ], [ 781824.633639342733659, 8997987.519426602870226 ], [ 781824.613375034183264, 8997987.553816938772798 ], [ 781824.596880995784886, 8997987.590166410431266 ], [ 781824.584344111499377, 8997987.628063164651394 ], [ 781824.575906429323368, 8997987.667077815160155 ], [ 781824.571663551498204, 8997987.706768311560154 ], [ 781824.571663551498204, 8997987.746684942394495 ], [ 781824.575906429323368, 8997987.786375438794494 ], [ 781824.584344111499377, 8997987.825390089303255 ], [ 781824.596880995784886, 8997987.863286843523383 ], [ 781824.613375034183264, 8997987.899636315181851 ], [ 781824.633639342733659, 8997987.934026651084423 ], [ 781824.65744431852363, 8997987.966068195179105 ], [ 781824.684520241920836, 8997987.995397904887795 ], [ 781824.714560331776738, 8997988.021683460101485 ], [ 781824.747224221820943, 8997988.044627036899328 ], [ 781824.782141817151569, 8997988.063968675211072 ], [ 781824.818917487515137, 8997988.079489227384329 ], [ 781824.857134549878538, 8997988.09101283736527 ], [ 781824.89635998965241, 8997988.098408939316869 ], [ 781824.936149366782047, 8997988.101593730971217 ], [ 781824.976051851990633, 8997988.100531129166484 ], [ 781825.015615333919413, 8997988.095233174040914 ], [ 781825.054391542566009, 8997988.085759891197085 ], [ 781825.091941128135659, 8997988.072218619287014 ], [ 781825.127838638727553, 8997988.054762784391642 ], [ 781825.161677341209725, 8997988.033590167760849 ], [ 781825.193073829519562, 8997988.008940665051341 ], [ 781825.221672368934378, 8997987.981093565002084 ], [ 781825.247148926602677, 8997987.950364386662841 ], [ 781825.269214842817746, 8997987.917101301252842 ], [ 781825.287620102171786, 8997987.881681196391582 ], [ 781825.302156165475026, 8997987.844505393877625 ], [ 781825.312658333568834, 8997987.805995110422373 ], [ 781825.319007612415589, 8997987.766586683690548 ], [ 781825.321132062352262, 8997987.726726626977324 ] ] ] ] } },
{ "type": "Feature", "properties": { "LAYER": "_BM dan Cp", "GM_TYPE": "Unknown Area Type", "ELEVATION": null }, "geometry": { "type": "MultiPolygon", "coordinates": [ [ [ [ 781873.815531686646864, 8997058.962050614878535 ], [ 781873.815297068911605, 8997058.948684062808752 ], [ 781873.814593504648656, 8997058.935333976522088 ], [ 781873.813421860802919, 8997058.922016806900501 ], [ 781873.811783580807969, 8997058.908748958259821 ], [ 781873.809680683072656, 8997058.895546777173877 ], [ 781873.807115758070722, 8997058.882426528260112 ], [ 781873.804091966128908, 8997058.869404375553131 ], [ 781873.800613032304682, 8997058.856496362015605 ], [ 781873.796683242777362, 8997058.843718392774463 ], [ 781873.792307438910939, 8997058.831086207181215 ], [ 781873.787491011666134, 8997058.818615367636085 ], [ 781873.782239894964732, 8997058.806321240961552 ], [ 781873.776560558238998, 8997058.794218972325325 ], [ 781873.770459998166189, 8997058.782323472201824 ], [ 781873.763945730752312, 8997058.770649394020438 ], [ 781873.757025781436823, 8997058.759211121127009 ], [ 781873.749708675779402, 8997058.748022746294737 ], [ 781873.742003428167664, 8997058.737098053097725 ], [ 781873.733919531689025, 8997058.726450499147177 ], [ 781873.72546694544144, 8997058.716093204915524 ], [ 781873.716656083008274, 8997058.706038927659392 ], [ 781873.707497799419798, 8997058.696300057694316 ], [ 781873.698003377649002, 8997058.68688858859241 ], [ 781873.688184514758177, 8997058.677816119045019 ], [ 781873.678053307463415, 8997058.669093824923038 ], [ 781873.66762223734986, 8997058.660732453688979 ], [ 781873.656904155621305, 8997058.652742302045226 ], [ 781873.645912266685627, 8997058.645133219659328 ], [ 781873.634660112671554, 8997058.637914575636387 ], [ 781873.623161556199193, 8997058.631095267832279 ], [ 781873.611430763266981, 8997058.624683694913983 ], [ 781873.599482186255045, 8997058.618687756359577 ], [ 781873.587330545764416, 8997058.613114839419723 ], [ 781873.574990812572651, 8997058.607971807941794 ], [ 781873.562478189123794, 8997058.603265002369881 ], [ 781873.549808090901934, 8997058.599000217393041 ], [ 781873.536996127455495, 8997058.595182709395885 ], [ 781873.524058083072305, 8997058.591817181557417 ], [ 781873.511009897338226, 8997058.588907778263092 ], [ 781873.49786764557939, 8997058.586458086967468 ], [ 781873.484647518955171, 8997058.584471123293042 ], [ 781873.471365804551169, 8997058.58294933475554 ], [ 781873.458038865588605, 8997058.581894598901272 ], [ 781873.444683120585978, 8997058.581308212131262 ], [ 781873.431315023801289, 8997058.581190899014473 ], [ 781873.417951044742949, 8997058.581542802974582 ], [ 781873.404607647680677, 8997058.582363490015268 ], [ 781873.391301271622069, 8997058.583651950582862 ], [ 781873.378048310056329, 8997058.585406597703695 ], [ 781873.364865090465173, 8997058.587625266984105 ], [ 781873.351767854648642, 8997058.590305227786303 ], [ 781873.338772738119587, 8997058.593443175777793 ], [ 781873.325895751011558, 8997058.597035247832537 ], [ 781873.313152757706121, 8997058.601077016443014 ], [ 781873.3005594573915, 8997058.605563502758741 ], [ 781873.288131364970468, 8997058.610489178448915 ], [ 781873.275883791851811, 8997058.615847978740931 ], [ 781873.263831826974638, 8997058.621633296832442 ], [ 781873.25199031829834, 8997058.627838008105755 ], [ 781873.240373854408972, 8997058.634454468265176 ], [ 781873.228996746940538, 8997058.641474526375532 ], [ 781873.217873012297787, 8997058.648889530450106 ], [ 781873.207016355008818, 8997058.656690349802375 ], [ 781873.196440150262788, 8997058.664867369458079 ], [ 781873.186157427844591, 8997058.673410518094897 ], [ 781873.176180856302381, 8997058.682309271767735 ], [ 781873.166522726416588, 8997058.691552663221955 ], [ 781873.157194937113672, 8997058.701129307970405 ], [ 781873.148208980215713, 8997058.711027406156063 ], [ 781873.139575926354155, 8997058.721234764903784 ], [ 781873.131306411349215, 8997058.731738805770874 ], [ 781873.123410623287782, 8997058.742526590824127 ], [ 781873.115898289601319, 8997058.753584828227758 ], [ 781873.108778665657155, 8997058.764899894595146 ], [ 781873.1020605226513, 8997058.776457849889994 ], [ 781873.095752137363888, 8997058.788244454190135 ], [ 781873.089861281681806, 8997058.800245188176632 ], [ 781873.08439521305263, 8997058.812445264309645 ], [ 781873.079360665753484, 8997058.824829652905464 ], [ 781873.074763842276298, 8997058.837383098900318 ], [ 781873.070610405877233, 8997058.850090134888887 ], [ 781873.06690547359176, 8997058.862935103476048 ], [ 781873.063653609831817, 8997058.875902183353901 ], [ 781873.060858821030706, 8997058.888975398615003 ], [ 781873.058524550055154, 8997058.902138641104102 ], [ 781873.056653673062101, 8997058.91537569463253 ], [ 781873.055248494725674, 8997058.928670251742005 ], [ 781873.054310746258125, 8997058.942005932331085 ], [ 781873.053841583081521, 8997058.955366309732199 ], [ 781873.053841583081521, 8997058.968734920024872 ], [ 781873.054310746258125, 8997058.982095297425985 ], [ 781873.055248494725674, 8997058.995430978015065 ], [ 781873.056653673062101, 8997059.00872553512454 ], [ 781873.058524550055154, 8997059.021962588652968 ], [ 781873.060858821030706, 8997059.035125831142068 ], [ 781873.063653609831817, 8997059.04819904640317 ], [ 781873.06690547359176, 8997059.061166126281023 ], [ 781873.070610405877233, 8997059.074011094868183 ], [ 781873.074763842276298, 8997059.086718130856752 ], [ 781873.079360665753484, 8997059.099271576851606 ], [ 781873.08439521305263, 8997059.111655965447426 ], [ 781873.089861281681806, 8997059.123856041580439 ], [ 781873.095752137363888, 8997059.135856775566936 ], [ 781873.1020605226513, 8997059.147643379867077 ], [ 781873.108778665657155, 8997059.159201335161924 ], [ 781873.115898289601319, 8997059.170516401529312 ], [ 781873.123410623287782, 8997059.181574638932943 ], [ 781873.131306411349215, 8997059.192362423986197 ], [ 781873.139575926354155, 8997059.202866464853287 ], [ 781873.148208980215713, 8997059.213073823601007 ], [ 781873.157194937113672, 8997059.222971921786666 ], [ 781873.166522726416588, 8997059.232548566535115 ], [ 781873.176180856302381, 8997059.241791957989335 ], [ 781873.186157427844591, 8997059.250690711662173 ], [ 781873.196440150262788, 8997059.259233860298991 ], [ 781873.207016355008818, 8997059.267410879954696 ], [ 781873.217873012297787, 8997059.275211699306965 ], [ 781873.228996746940538, 8997059.282626703381538 ], [ 781873.240373854408972, 8997059.289646761491895 ], [ 781873.25199031829834, 8997059.296263221651316 ], [ 781873.263831826974638, 8997059.302467932924628 ], [ 781873.275883791851811, 8997059.30825325101614 ], [ 781873.288131364970468, 8997059.313612051308155 ], [ 781873.3005594573915, 8997059.318537726998329 ], [ 781873.313152757706121, 8997059.323024213314056 ], [ 781873.325895751011558, 8997059.327065981924534 ], [ 781873.338772738119587, 8997059.330658053979278 ], [ 781873.351767854648642, 8997059.333796001970768 ], [ 781873.364865090465173, 8997059.336475962772965 ], [ 781873.378048310056329, 8997059.338694632053375 ], [ 781873.391301271622069, 8997059.340449279174209 ], [ 781873.404607647680677, 8997059.341737739741802 ], [ 781873.417951044742949, 8997059.342558426782489 ], [ 781873.431315023801289, 8997059.342910330742598 ], [ 781873.444683120585978, 8997059.342793017625809 ], [ 781873.458038865588605, 8997059.342206630855799 ], [ 781873.471365804551169, 8997059.341151895001531 ], [ 781873.484647518955171, 8997059.339630106464028 ], [ 781873.49786764557939, 8997059.337643142789602 ], [ 781873.511009897338226, 8997059.335193451493979 ], [ 781873.524058083072305, 8997059.332284048199654 ], [ 781873.536996127455495, 8997059.328918520361185 ], [ 781873.549808090901934, 8997059.32510101236403 ], [ 781873.562478189123794, 8997059.32083622738719 ], [ 781873.574990812572651, 8997059.316129421815276 ], [ 781873.587330545764416, 8997059.310986390337348 ], [ 781873.599482186255045, 8997059.305413473397493 ], [ 781873.611430763266981, 8997059.299417534843087 ], [ 781873.623161556199193, 8997059.293005961924791 ], [ 781873.634660112671554, 8997059.286186654120684 ], [ 781873.645912266685627, 8997059.278968010097742 ], [ 781873.656904155621305, 8997059.271358927711844 ], [ 781873.66762223734986, 8997059.263368776068091 ], [ 781873.678053307463415, 8997059.255007404834032 ], [ 781873.688184514758177, 8997059.246285110712051 ], [ 781873.698003377649002, 8997059.23721264116466 ], [ 781873.707497799419798, 8997059.227801172062755 ], [ 781873.716656083008274, 8997059.218062302097678 ], [ 781873.72546694544144, 8997059.208008024841547 ], [ 781873.733919531689025, 8997059.197650730609894 ], [ 781873.742003428167664, 8997059.187003176659346 ], [ 781873.749708675779402, 8997059.176078483462334 ], [ 781873.757025781436823, 8997059.164890108630061 ], [ 781873.763945730752312, 8997059.153451835736632 ], [ 781873.770459998166189, 8997059.141777757555246 ], [ 781873.776560558238998, 8997059.129882257431746 ], [ 781873.782239894964732, 8997059.117779988795519 ], [ 781873.787491011666134, 8997059.105485862120986 ], [ 781873.792307438910939, 8997059.093015022575855 ], [ 781873.796683242777362, 8997059.080382836982608 ], [ 781873.800613032304682, 8997059.067604867741466 ], [ 781873.804091966128908, 8997059.054696854203939 ], [ 781873.807115758070722, 8997059.041674701496959 ], [ 781873.809680683072656, 8997059.028554452583194 ], [ 781873.811783580807969, 8997059.01535227149725 ], [ 781873.813421860802919, 8997059.002084422856569 ], [ 781873.814593504648656, 8997058.988767253234982 ], [ 781873.815297068911605, 8997058.975417166948318 ], [ 781873.815531686646864, 8997058.962050614878535 ] ] ] ] } },
{ "type": "Feature", "properties": { "LAYER": "_BM dan Cp", "GM_TYPE": "Unknown Area Type", "ELEVATION": 0 }, "geometry": { "type": "MultiPolygon", "coordinates": [ [ [ [ 781873.815531686646864, 8997058.962050614878535 ], [ 781873.813373957178555, 8997058.921566149219871 ], [ 781873.806925216689706, 8997058.881540389731526 ], [ 781873.796258531976491, 8997058.842426842078567 ], [ 781873.78149476100225, 8997058.804668679833412 ], [ 781873.762801183038391, 8997058.768693717196584 ], [ 781873.740389603772201, 8997058.734909566119313 ], [ 781873.714513955404982, 8997058.703699013218284 ], [ 781873.685467419447377, 8997058.675415689125657 ], [ 781873.653579104575329, 8997058.650380050763488 ], [ 781873.61921031831298, 8997058.628875765949488 ], [ 781873.582750472589396, 8997058.611146485432982 ], [ 781873.544612672179937, 8997058.597393088042736 ], [ 781873.505229033529758, 8997058.587771406397223 ], [ 781873.465045788907446, 8997058.582390459254384 ], [ 781873.424518230720423, 8997058.581311210989952 ], [ 781873.384105552337132, 8997058.584545893594623 ], [ 781873.344265645369887, 8997058.592057855799794 ], [ 781873.305449912091717, 8997058.603761982172728 ], [ 781873.26809815026354, 8997058.619525663554668 ], [ 781873.232633570209146, 8997058.639170289039612 ], [ 781873.199457999784499, 8997058.66247327812016 ], [ 781873.168947331374511, 8997058.689170597121119 ], [ 781873.141447263304144, 8997058.718959756195545 ], [ 781873.117269382113591, 8997058.751503232866526 ], [ 781873.096687632845715, 8997058.786432294175029 ], [ 781873.079935215064324, 8997058.823351180180907 ], [ 781873.067201940342784, 8997058.861841589212418 ], [ 781873.058632081607357, 8997058.901467403396964 ], [ 781873.054322739015333, 8997058.941779652610421 ], [ 781873.054322739015333, 8997058.982321577146649 ], [ 781873.058632081607357, 8997059.022633826360106 ], [ 781873.067201940342784, 8997059.062259640544653 ], [ 781873.079935215064324, 8997059.100750049576163 ], [ 781873.096687632845715, 8997059.137668935582042 ], [ 781873.117269382113591, 8997059.172597996890545 ], [ 781873.141447263304144, 8997059.205141473561525 ], [ 781873.168947331374511, 8997059.234930632635951 ], [ 781873.199457999784499, 8997059.26162795163691 ], [ 781873.232633570209146, 8997059.284930940717459 ], [ 781873.26809815026354, 8997059.304575566202402 ], [ 781873.305449912091717, 8997059.320339247584343 ], [ 781873.344265645369887, 8997059.332043373957276 ], [ 781873.384105552337132, 8997059.339555336162448 ], [ 781873.424518230720423, 8997059.342790018767118 ], [ 781873.465045788907446, 8997059.341710770502687 ], [ 781873.505229033529758, 8997059.336329823359847 ], [ 781873.544612672179937, 8997059.326708141714334 ], [ 781873.582750472589396, 8997059.312954744324088 ], [ 781873.61921031831298, 8997059.295225463807583 ], [ 781873.653579104575329, 8997059.273721178993583 ], [ 781873.685467419447377, 8997059.248685540631413 ], [ 781873.714513955404982, 8997059.220402216538787 ], [ 781873.740389603772201, 8997059.189191663637757 ], [ 781873.762801183038391, 8997059.155407512560487 ], [ 781873.78149476100225, 8997059.119432549923658 ], [ 781873.796258531976491, 8997059.081674387678504 ], [ 781873.806925216689706, 8997059.042560840025544 ], [ 781873.813373957178555, 8997059.0025350805372 ], [ 781873.815531686646864, 8997058.962050614878535 ] ] ] ] } },
{ "type": "Feature", "properties": { "LAYER": "_BM dan Cp", "GM_TYPE": "Unknown Area Type", "ELEVATION": null }, "geometry": { "type": "MultiPolygon", "coordinates": [ [ [ [ 781880.404754403862171, 8997017.795664397999644 ], [ 781880.404523404780775, 8997017.782504003494978 ], [ 781880.40383069193922, 8997017.769359821453691 ], [ 781880.402677118778229, 8997017.756248047575355 ], [ 781880.401064106728882, 8997017.743184834718704 ], [ 781880.398993642651476, 8997017.730186276137829 ], [ 781880.396468277671374, 8997017.717268384993076 ], [ 781880.393491122871637, 8997017.704447079449892 ], [ 781880.390065846033394, 8997017.691738152876496 ], [ 781880.386196667212062, 8997017.679157260805368 ], [ 781880.381888353149407, 8997017.666719907894731 ], [ 781880.377146211802028, 8997017.65444141253829 ], [ 781880.371976085240021, 8997017.642336903139949 ], [ 781880.36638434312772, 8997017.630421292036772 ], [ 781880.360377874458209, 8997017.618709260597825 ], [ 781880.353964079287834, 8997017.607215236872435 ], [ 781880.347150859190151, 8997017.595953380689025 ], [ 781880.339946608175524, 8997017.584937568753958 ], [ 781880.332360201864503, 8997017.57418137229979 ], [ 781880.324400986544788, 8997017.563698040321469 ], [ 781880.31607876799535, 8997017.553500490263104 ], [ 781880.307403799146414, 8997017.543601283803582 ], [ 781880.298386767506599, 8997017.534012619405985 ], [ 781880.289038782007992, 8997017.524746308103204 ], [ 781880.279371359501965, 8997017.515813767910004 ], [ 781880.269396409858018, 8997017.507226001471281 ], [ 781880.259126222459599, 8997017.498993588611484 ], [ 781880.248573450138792, 8997017.491126675158739 ], [ 781880.237751093576662, 8997017.483634948730469 ], [ 781880.226672486169264, 8997017.476527642458677 ], [ 781880.215351276565343, 8997017.469813510775566 ], [ 781880.203801412484609, 8997017.463500825688243 ], [ 781880.192037123255432, 8997017.457597365602851 ], [ 781880.180072902468964, 8997017.452110400423408 ], [ 781880.16792349005118, 8997017.44704669341445 ], [ 781880.155603853869252, 8997017.442412482574582 ], [ 781880.143129171803594, 8997017.438213475048542 ], [ 781880.130514812422916, 8997017.434454847127199 ], [ 781880.117776316823438, 8997017.431141225621104 ], [ 781880.104929378605448, 8997017.428276697173715 ], [ 781880.09198982513044, 8997017.425864787772298 ], [ 781880.078973597963341, 8997017.423908468335867 ], [ 781880.065896732965484, 8997017.422410152852535 ], [ 781880.052775340736844, 8997017.421371683478355 ], [ 781880.039625586825423, 8997017.42079434171319 ], [ 781880.026463671703823, 8997017.420678837224841 ], [ 781880.013305810745806, 8997017.421025313436985 ], [ 781880.000168214319274, 8997017.421833343803883 ], [ 781879.987067067995667, 8997017.423101931810379 ], [ 781879.974018512177281, 8997017.424829514697194 ], [ 781879.961038622888736, 8997017.427013965323567 ], [ 781879.94814339093864, 8997017.429652592167258 ], [ 781879.93534870352596, 8997017.432742143049836 ], [ 781879.92267032340169, 8997017.436278810724616 ], [ 781879.910123870475218, 8997017.440258242189884 ], [ 781879.897724801790901, 8997017.444675531238317 ], [ 781879.885488392901607, 8997017.449525237083435 ], [ 781879.873429719125852, 8997017.454801386222243 ], [ 781879.8615636365721, 8997017.460497476160526 ], [ 781879.849904764327221, 8997017.466606490314007 ], [ 781879.838467466062866, 8997017.473120901733637 ], [ 781879.827265832340345, 8997017.480032684281468 ], [ 781879.816313663613982, 8997017.487333325669169 ], [ 781879.80562445288524, 8997017.495013827458024 ], [ 781879.795211369288154, 8997017.503064731135964 ], [ 781879.785087241558358, 8997017.511476116254926 ], [ 781879.775264542666264, 8997017.520237619057298 ], [ 781879.765755374100991, 8997017.529338447377086 ], [ 781879.75657145108562, 8997017.538767386227846 ], [ 781879.74772408825811, 8997017.548512822017074 ], [ 781879.739224185585044, 8997017.558562748134136 ], [ 781879.731082214624621, 8997017.568904781714082 ], [ 781879.723308206535876, 8997017.57952618226409 ], [ 781879.71591173869092, 8997017.590413864701986 ], [ 781879.708901923615485, 8997017.601554414257407 ], [ 781879.702287397230975, 8997017.612934106960893 ], [ 781879.696076308726333, 8997017.624538920819759 ], [ 781879.690276310080662, 8997017.636354561895132 ], [ 781879.684894546982832, 8997017.648366471752524 ], [ 781879.679937649518251, 8997017.660559851676226 ], [ 781879.675411724718288, 8997017.672919679433107 ], [ 781879.67132234852761, 8997017.68543072976172 ], [ 781879.667674558935687, 8997017.698077585548162 ], [ 781879.664472849923186, 8997017.710844669491053 ], [ 781879.661721166223288, 8997017.72371624968946 ], [ 781879.659422897850163, 8997017.736676469445229 ], [ 781879.65758087602444, 8997017.749709364026785 ], [ 781879.656197370379232, 8997017.762798873707652 ], [ 781879.655274085234851, 8997017.775928873568773 ], [ 781879.654812158085406, 8997017.789083186537027 ], [ 781879.654812158085406, 8997017.802245609462261 ], [ 781879.655274085234851, 8997017.815399922430515 ], [ 781879.656197370379232, 8997017.828529922291636 ], [ 781879.65758087602444, 8997017.841619431972504 ], [ 781879.659422897850163, 8997017.85465232655406 ], [ 781879.661721166223288, 8997017.867612546309829 ], [ 781879.664472849923186, 8997017.880484126508236 ], [ 781879.667674558935687, 8997017.893251210451126 ], [ 781879.67132234852761, 8997017.905898066237569 ], [ 781879.675411724718288, 8997017.918409116566181 ], [ 781879.679937649518251, 8997017.930768944323063 ], [ 781879.684894546982832, 8997017.942962324246764 ], [ 781879.690276310080662, 8997017.954974234104156 ], [ 781879.696076308726333, 8997017.966789875179529 ], [ 781879.702287397230975, 8997017.978394689038396 ], [ 781879.708901923615485, 8997017.989774381741881 ], [ 781879.71591173869092, 8997018.000914931297302 ], [ 781879.723308206535876, 8997018.011802613735199 ], [ 781879.731082214624621, 8997018.022424014285207 ], [ 781879.739224185585044, 8997018.032766047865152 ], [ 781879.74772408825811, 8997018.042815973982215 ], [ 781879.75657145108562, 8997018.052561409771442 ], [ 781879.765755374100991, 8997018.061990348622203 ], [ 781879.775264542666264, 8997018.071091176941991 ], [ 781879.785087241558358, 8997018.079852679744363 ], [ 781879.795211369288154, 8997018.088264064863324 ], [ 781879.80562445288524, 8997018.096314968541265 ], [ 781879.816313663613982, 8997018.103995470330119 ], [ 781879.827265832340345, 8997018.11129611171782 ], [ 781879.838467466062866, 8997018.118207894265652 ], [ 781879.849904764327221, 8997018.124722305685282 ], [ 781879.8615636365721, 8997018.130831319838762 ], [ 781879.873429719125852, 8997018.136527409777045 ], [ 781879.885488392901607, 8997018.141803558915854 ], [ 781879.897724801790901, 8997018.146653264760971 ], [ 781879.910123870475218, 8997018.151070553809404 ], [ 781879.92267032340169, 8997018.155049985274673 ], [ 781879.93534870352596, 8997018.158586652949452 ], [ 781879.94814339093864, 8997018.16167620383203 ], [ 781879.961038622888736, 8997018.164314830675721 ], [ 781879.974018512177281, 8997018.166499281302094 ], [ 781879.987067067995667, 8997018.16822686418891 ], [ 781880.000168214319274, 8997018.169495452195406 ], [ 781880.013305810745806, 8997018.170303482562304 ], [ 781880.026463671703823, 8997018.170649958774447 ], [ 781880.039625586825423, 8997018.170534454286098 ], [ 781880.052775340736844, 8997018.169957112520933 ], [ 781880.065896732965484, 8997018.168918643146753 ], [ 781880.078973597963341, 8997018.167420327663422 ], [ 781880.09198982513044, 8997018.165464008226991 ], [ 781880.104929378605448, 8997018.163052098825574 ], [ 781880.117776316823438, 8997018.160187570378184 ], [ 781880.130514812422916, 8997018.156873948872089 ], [ 781880.143129171803594, 8997018.153115320950747 ], [ 781880.155603853869252, 8997018.148916313424706 ], [ 781880.16792349005118, 8997018.144282102584839 ], [ 781880.180072902468964, 8997018.139218395575881 ], [ 781880.192037123255432, 8997018.133731430396438 ], [ 781880.203801412484609, 8997018.127827970311046 ], [ 781880.215351276565343, 8997018.121515285223722 ], [ 781880.226672486169264, 8997018.114801153540611 ], [ 781880.237751093576662, 8997018.10769384726882 ], [ 781880.248573450138792, 8997018.100202120840549 ], [ 781880.259126222459599, 8997018.092335207387805 ], [ 781880.269396409858018, 8997018.084102794528008 ], [ 781880.279371359501965, 8997018.075515028089285 ], [ 781880.289038782007992, 8997018.066582487896085 ], [ 781880.298386767506599, 8997018.057316176593304 ], [ 781880.307403799146414, 8997018.047727512195706 ], [ 781880.31607876799535, 8997018.037828305736184 ], [ 781880.324400986544788, 8997018.027630755677819 ], [ 781880.332360201864503, 8997018.017147423699498 ], [ 781880.339946608175524, 8997018.006391227245331 ], [ 781880.347150859190151, 8997017.995375415310264 ], [ 781880.353964079287834, 8997017.984113559126854 ], [ 781880.360377874458209, 8997017.972619535401464 ], [ 781880.36638434312772, 8997017.960907503962517 ], [ 781880.371976085240021, 8997017.94899189285934 ], [ 781880.377146211802028, 8997017.936887383460999 ], [ 781880.381888353149407, 8997017.924608888104558 ], [ 781880.386196667212062, 8997017.91217153519392 ], [ 781880.390065846033394, 8997017.899590643122792 ], [ 781880.393491122871637, 8997017.886881716549397 ], [ 781880.396468277671374, 8997017.874060411006212 ], [ 781880.398993642651476, 8997017.86114251986146 ], [ 781880.401064106728882, 8997017.848143961280584 ], [ 781880.402677118778229, 8997017.835080748423934 ], [ 781880.40383069193922, 8997017.821968974545598 ], [ 781880.404523404780775, 8997017.808824792504311 ], [ 781880.404754403862171, 8997017.795664397999644 ] ] ] ] } },
{ "type": "Feature", "properties": { "LAYER": "_BM dan Cp", "GM_TYPE": "Unknown Area Type", "ELEVATION": null }, "geometry": { "type": "MultiPolygon", "coordinates": [ [ [ [ 781882.279754403862171, 8997017.795664397999644 ], [ 781882.278368409024552, 8997017.716702029109001 ], [ 781882.274212132208049, 8997017.637836942449212 ], [ 781882.267290693707764, 8997017.559166297316551 ], [ 781882.257612620829605, 8997017.480787016451359 ], [ 781882.245189836947247, 8997017.402795664966106 ], [ 781882.230037646717392, 8997017.325288323685527 ], [ 781882.212174717802554, 8997017.248360484838486 ], [ 781882.191623057122342, 8997017.172106921672821 ], [ 781882.168407984194346, 8997017.096621578559279 ], [ 781882.142558099818416, 8997017.021997453644872 ], [ 781882.114105251152068, 8997016.948326481506228 ], [ 781882.083084491896443, 8997016.875699425116181 ], [ 781882.049534039339051, 8997016.804205764085054 ], [ 781882.013495227554813, 8997016.733933573588729 ], [ 781881.975012456299737, 8997016.664969431236386 ], [ 781881.934133136062883, 8997016.597398299723864 ], [ 781881.890907630091533, 8997016.531303426250815 ], [ 781881.845389191876166, 8997016.466766238212585 ], [ 781881.797633899957873, 8997016.403866248205304 ], [ 781881.747700588661246, 8997016.342680947855115 ], [ 781881.695650775567628, 8997016.283285716548562 ], [ 781881.641548585845158, 8997016.225753726437688 ], [ 781881.585460673086345, 8997016.170155860483646 ], [ 781881.527456137351692, 8997016.11656061373651 ], [ 781881.467606440070085, 8997016.065034015104175 ], [ 781881.405985315679573, 8997016.01563954539597 ], [ 781881.342668681172654, 8997015.968438057228923 ], [ 781881.277734542265534, 8997015.923487704247236 ], [ 781881.211262897704728, 8997015.880843862891197 ], [ 781881.143335640081204, 8997015.84055907279253 ], [ 781881.074036455480382, 8997015.802682964131236 ], [ 781881.00345072010532, 8997015.767262198030949 ], [ 781880.931665395502932, 8997015.734340414404869 ], [ 781880.85876892064698, 8997015.703958172351122 ], [ 781880.784851103788242, 8997015.676152903586626 ], [ 781880.710003011277877, 8997015.650958862155676 ], [ 781880.634316855575889, 8997015.628407089039683 ], [ 781880.557885881746188, 8997015.608525367453694 ], [ 781880.480804252321832, 8997015.591338189318776 ], [ 781880.403166931588203, 8997015.57686673104763 ], [ 781880.325069568352774, 8997015.565128821879625 ], [ 781880.246608378249221, 8997015.5561389233917 ], [ 781880.167880024993792, 8997015.549908109009266 ], [ 781880.088981501641683, 8997015.546444054692984 ], [ 781880.010010010679252, 8997015.54575103148818 ], [ 781879.931062844814733, 8997015.547829890623689 ], [ 781879.852237266488373, 8997015.552678070962429 ], [ 781879.77363038843032, 8997015.560289599001408 ], [ 781879.695339053985663, 8997015.570655100047588 ], [ 781879.617459717672318, 8997015.583761801943183 ], [ 781879.540088326553814, 8997015.599593557417393 ], [ 781879.463320201844908, 8997015.61813086271286 ], [ 781879.387249921332113, 8997015.63935087993741 ], [ 781879.311971203540452, 8997015.663227463141084 ], [ 781879.237576791201718, 8997015.689731201156974 ], [ 781879.164158338098787, 8997015.718829438090324 ], [ 781879.091806295327842, 8997015.750486325472593 ], [ 781879.020609800238162, 8997015.784662865102291 ], [ 781878.950656566768885, 8997015.821316946297884 ], [ 781878.882032776833512, 8997015.860403416678309 ], [ 781878.814822974614799, 8997015.901874119415879 ], [ 781878.749109962256625, 8997015.94567796215415 ], [ 781878.684974698000588, 8997015.991760980337858 ], [ 781878.622496196185239, 8997016.04006639868021 ], [ 781878.561751429922879, 8997016.090534705668688 ], [ 781878.502815236570314, 8997016.143103724345565 ], [ 781878.445760225295089, 8997016.197708690539002 ], [ 781878.390656687552109, 8997016.254282331094146 ], [ 781878.337572510587052, 8997016.312754947692156 ], [ 781878.286573093850166, 8997016.373054500669241 ], [ 781878.237721268553287, 8997016.435106702148914 ], [ 781878.191077219787985, 8997016.498835105448961 ], [ 781878.146698412718251, 8997016.564161196351051 ], [ 781878.104639522149228, 8997016.631004493683577 ], [ 781878.064952364074998, 8997016.699282646179199 ], [ 781878.027685833163559, 8997016.76891153678298 ], [ 781877.99288584140595, 8997016.839805381372571 ], [ 781877.960595262353308, 8997016.911876840516925 ], [ 781877.930853877798654, 8997016.985037121921778 ], [ 781877.903698329115286, 8997017.059196090325713 ], [ 781877.879162071621977, 8997017.134262386709452 ], [ 781877.857275333954021, 8997017.210143527016044 ], [ 781877.838065080577508, 8997017.286746025085449 ], [ 781877.821554978261702, 8997017.363975510001183 ], [ 781877.807765367440879, 8997017.441736832261086 ], [ 781877.796713236952201, 8997017.519934192299843 ], [ 781877.788412202848122, 8997017.598471250385046 ], [ 781877.782872491981834, 8997017.677251247689128 ], [ 781877.780100929201581, 8997017.756177132949233 ], [ 781877.780100929201581, 8997017.835151663050056 ], [ 781877.782872491981834, 8997017.914077548310161 ], [ 781877.788412202848122, 8997017.992857545614243 ], [ 781877.796713236952201, 8997018.071394603699446 ], [ 781877.807765367440879, 8997018.149591963738203 ], [ 781877.821554978261702, 8997018.227353285998106 ], [ 781877.838065080577508, 8997018.304582770913839 ], [ 781877.857275333954021, 8997018.381185268983245 ], [ 781877.879162071621977, 8997018.457066409289837 ], [ 781877.903698329115286, 8997018.532132705673575 ], [ 781877.930853877798654, 8997018.606291674077511 ], [ 781877.960595262353308, 8997018.679451955482364 ], [ 781877.99288584140595, 8997018.751523414626718 ], [ 781878.027685833163559, 8997018.822417259216309 ], [ 781878.064952364074998, 8997018.892046149820089 ], [ 781878.104639522149228, 8997018.960324302315712 ], [ 781878.146698412718251, 8997019.027167599648237 ], [ 781878.191077219787985, 8997019.092493690550327 ], [ 781878.237721268553287, 8997019.156222093850374 ], [ 781878.286573093850166, 8997019.218274295330048 ], [ 781878.337572510587052, 8997019.278573848307133 ], [ 781878.390656687552109, 8997019.337046464905143 ], [ 781878.445760225295089, 8997019.393620105460286 ], [ 781878.502815236570314, 8997019.448225071653724 ], [ 781878.561751429922879, 8997019.500794090330601 ], [ 781878.622496196185239, 8997019.551262397319078 ], [ 781878.684974698000588, 8997019.59956781566143 ], [ 781878.749109962256625, 8997019.645650833845139 ], [ 781878.814822974614799, 8997019.689454676583409 ], [ 781878.882032776833512, 8997019.730925379320979 ], [ 781878.950656566768885, 8997019.770011849701405 ], [ 781879.020609800238162, 8997019.806665930896997 ], [ 781879.091806295327842, 8997019.840842470526695 ], [ 781879.164158338098787, 8997019.872499357908964 ], [ 781879.237576791201718, 8997019.901597594842315 ], [ 781879.311971203540452, 8997019.928101332858205 ], [ 781879.387249921332113, 8997019.951977916061878 ], [ 781879.463320201844908, 8997019.973197933286428 ], [ 781879.540088326553814, 8997019.991735238581896 ], [ 781879.617459717672318, 8997020.007566994056106 ], [ 781879.695339053985663, 8997020.0206736959517 ], [ 781879.77363038843032, 8997020.031039196997881 ], [ 781879.852237266488373, 8997020.03865072503686 ], [ 781879.931062844814733, 8997020.0434989053756 ], [ 781880.010010010679252, 8997020.045577764511108 ], [ 781880.088981501641683, 8997020.044884741306305 ], [ 781880.167880024993792, 8997020.041420686990023 ], [ 781880.246608378249221, 8997020.035189872607589 ], [ 781880.325069568352774, 8997020.026199974119663 ], [ 781880.403166931588203, 8997020.014462064951658 ], [ 781880.480804252321832, 8997019.999990606680512 ], [ 781880.557885881746188, 8997019.982803428545594 ], [ 781880.634316855575889, 8997019.962921706959605 ], [ 781880.710003011277877, 8997019.940369933843613 ], [ 781880.784851103788242, 8997019.915175892412663 ], [ 781880.85876892064698, 8997019.887370623648167 ], [ 781880.931665395502932, 8997019.856988381594419 ], [ 781881.00345072010532, 8997019.82406659796834 ], [ 781881.074036455480382, 8997019.788645831868052 ], [ 781881.143335640081204, 8997019.750769723206758 ], [ 781881.211262897704728, 8997019.710484933108091 ], [ 781881.277734542265534, 8997019.667841091752052 ], [ 781881.342668681172654, 8997019.622890738770366 ], [ 781881.405985315679573, 8997019.575689250603318 ], [ 781881.467606440070085, 8997019.526294780895114 ], [ 781881.527456137351692, 8997019.474768182262778 ], [ 781881.585460673086345, 8997019.421172935515642 ], [ 781881.641548585845158, 8997019.365575069561601 ], [ 781881.695650775567628, 8997019.308043079450727 ], [ 781881.747700588661246, 8997019.248647848144174 ], [ 781881.797633899957873, 8997019.187462547793984 ], [ 781881.845389191876166, 8997019.124562557786703 ], [ 781881.890907630091533, 8997019.060025369748473 ], [ 781881.934133136062883, 8997018.993930496275425 ], [ 781881.975012456299737, 8997018.926359364762902 ], [ 781882.013495227554813, 8997018.85739522241056 ], [ 781882.049534039339051, 8997018.787123031914234 ], [ 781882.083084491896443, 8997018.715629370883107 ], [ 781882.114105251152068, 8997018.64300231449306 ], [ 781882.142558099818416, 8997018.569331342354417 ], [ 781882.168407984194346, 8997018.494707217440009 ], [ 781882.191623057122342, 8997018.419221874326468 ], [ 781882.212174717802554, 8997018.342968311160803 ], [ 781882.230037646717392, 8997018.266040472313762 ], [ 781882.245189836947247, 8997018.188533131033182 ], [ 781882.257612620829605, 8997018.11054177954793 ], [ 781882.267290693707764, 8997018.032162498682737 ], [ 781882.274212132208049, 8997017.953491853550076 ], [ 781882.278368409024552, 8997017.874626766890287 ], [ 781882.279754403862171, 8997017.795664397999644 ] ] ] ] } },
{ "type": "Feature", "properties": { "LAYER": "_BM dan Cp", "GM_TYPE": "Unknown Area Type", "ELEVATION": null }, "geometry": { "type": "MultiPolygon", "coordinates": [ [ [ [ 781885.654754403862171, 8997017.795664397999644 ], [ 781885.65128941682633, 8997017.598258476704359 ], [ 781885.640898724552244, 8997017.401095757260919 ], [ 781885.623595128417946, 8997017.204419145360589 ], [ 781885.599399946280755, 8997017.008470945060253 ], [ 781885.568342986516654, 8997016.813492562621832 ], [ 781885.530462511116639, 8997016.619724212214351 ], [ 781885.485805188771337, 8997016.42740461602807 ], [ 781885.434426036896184, 8997016.236770708113909 ], [ 781885.376388354576193, 8997016.048057349398732 ], [ 781885.311763643869199, 8997015.861497035250068 ], [ 781885.240631522145122, 8997015.677319606766105 ], [ 781885.163079623831436, 8997015.495751967653632 ], [ 781885.079203492496163, 8997015.317017812281847 ], [ 781884.989106463151984, 8997015.141337336972356 ], [ 781884.892899535014294, 8997014.968926979228854 ], [ 781884.790701234480366, 8997014.799999149516225 ], [ 781884.682637469377369, 8997014.634761966764927 ], [ 781884.568841373780742, 8997014.473419001325965 ], [ 781884.449453143985011, 8997014.316169025376439 ], [ 781884.324619865743443, 8997014.163205772638321 ], [ 781884.194495333009399, 8997014.014717692509294 ], [ 781884.05923985876143, 8997013.870887720957398 ], [ 781883.919020076864399, 8997013.731893055140972 ], [ 781883.774008737760596, 8997013.597904937341809 ], [ 781883.624384494381957, 8997013.46908844076097 ], [ 781883.470331683405675, 8997013.345602264627814 ], [ 781883.312040097196586, 8997013.227598546072841 ], [ 781883.149704750045203, 8997013.115222662687302 ], [ 781882.983525638352148, 8997013.008613061159849 ], [ 781882.81370749429334, 8997012.907901085913181 ], [ 781882.640459532733075, 8997012.813210813328624 ], [ 781882.463995194644667, 8997012.724658899009228 ], [ 781882.284531882964075, 8997012.642354439944029 ], [ 781882.102290695882402, 8997012.566398836672306 ], [ 781881.917496153735556, 8997012.496885662898421 ], [ 781881.73037592228502, 8997012.433900561183691 ], [ 781881.541160533088259, 8997012.377521125599742 ], [ 781881.350083098514006, 8997012.327816819772124 ], [ 781881.157379025011323, 8997012.284848876297474 ], [ 781880.963285723235458, 8997012.248670231550932 ], [ 781880.768042315146886, 8997012.219325458630919 ], [ 781880.571889339829795, 8997012.196850709617138 ], [ 781880.375068456633016, 8997012.181273674592376 ], [ 781880.177822148194537, 8997012.172613540664315 ], [ 781879.98039342102129, 8997012.170880980789661 ], [ 781879.783025506301783, 8997012.17607812769711 ], [ 781879.585961560369469, 8997012.188198579475284 ], [ 781879.389444365282543, 8997012.207227401435375 ], [ 781879.193716029170901, 8997012.233141154050827 ], [ 781878.999017688445747, 8997012.265907909721136 ], [ 781878.805589210707694, 8997012.305487299337983 ], [ 781878.613668898819014, 8997012.351830560714006 ], [ 781878.423493197653443, 8997012.404880601912737 ], [ 781878.235296402941458, 8997012.464572062715888 ], [ 781878.049310372211039, 8997012.530831405892968 ], [ 781877.865764239337295, 8997012.603576997295022 ], [ 781877.684884132468142, 8997012.682719217613339 ], [ 781877.506892894860357, 8997012.768160562962294 ], [ 781877.332009811070748, 8997012.859795769676566 ], [ 781877.160450336174108, 8997012.957511944696307 ], [ 781876.992425830685534, 8997013.061188699677587 ], [ 781876.828143299906515, 8997013.170698307454586 ], [ 781876.667805139324628, 8997013.285905852913857 ], [ 781876.51160888466984, 8997013.406669398769736 ], [ 781876.359746969072148, 8997013.532840166240931 ], [ 781876.212406485807151, 8997013.664262713864446 ], [ 781876.069768957444467, 8997013.80077512934804 ], [ 781875.932010113028809, 8997013.942209230735898 ], [ 781875.799299670616165, 8997014.088390771299601 ], [ 781875.671801128890365, 8997014.239139653742313 ], [ 781875.549671565531753, 8997014.394270159304142 ], [ 781875.433061443502083, 8997014.553591167554259 ], [ 781875.322114426176995, 8997014.716906394809484 ], [ 781875.216967199463397, 8997014.884014638140798 ], [ 781875.117749304394238, 8997015.054710019379854 ], [ 781875.024582976941019, 8997015.228782244026661 ], [ 781874.93758299772162, 8997015.406016856431961 ], [ 781874.856856550090015, 8997015.586195504292846 ], [ 781874.782503088819794, 8997015.769096206873655 ], [ 781874.714614216936752, 8997015.954493630677462 ], [ 781874.653273573261686, 8997016.142159370705485 ], [ 781874.598556729150005, 8997016.331862218677998 ], [ 781874.550531095592305, 8997016.523368466645479 ], [ 781874.509255839860998, 8997016.716442175209522 ], [ 781874.47478181286715, 8997016.910845482721925 ], [ 781874.447151486529037, 8997017.106338880956173 ], [ 781874.42639890126884, 8997017.302681526169181 ], [ 781874.412549624103121, 8997017.499631524085999 ], [ 781874.40562071732711, 8997017.696946233510971 ], [ 781874.40562071732711, 8997017.894382562488317 ], [ 781874.412549624103121, 8997018.09169727191329 ], [ 781874.42639890126884, 8997018.288647269830108 ], [ 781874.447151486529037, 8997018.484989915043116 ], [ 781874.47478181286715, 8997018.680483313277364 ], [ 781874.509255839860998, 8997018.874886620789766 ], [ 781874.550531095592305, 8997019.067960329353809 ], [ 781874.598556729150005, 8997019.259466577321291 ], [ 781874.653273573261686, 8997019.449169425293803 ], [ 781874.714614216936752, 8997019.636835165321827 ], [ 781874.782503088819794, 8997019.822232589125633 ], [ 781874.856856550090015, 8997020.005133291706443 ], [ 781874.93758299772162, 8997020.185311939567327 ], [ 781875.024582976941019, 8997020.362546551972628 ], [ 781875.117749304394238, 8997020.536618776619434 ], [ 781875.216967199463397, 8997020.707314157858491 ], [ 781875.322114426176995, 8997020.874422401189804 ], [ 781875.433061443502083, 8997021.037737628445029 ], [ 781875.549671565531753, 8997021.197058636695147 ], [ 781875.671801128890365, 8997021.352189142256975 ], [ 781875.799299670616165, 8997021.502938024699688 ], [ 781875.932010113028809, 8997021.649119565263391 ], [ 781876.069768957444467, 8997021.790553666651249 ], [ 781876.212406485807151, 8997021.927066082134843 ], [ 781876.359746969072148, 8997022.058488629758358 ], [ 781876.51160888466984, 8997022.184659397229552 ], [ 781876.667805139324628, 8997022.305422943085432 ], [ 781876.828143299906515, 8997022.420630488544703 ], [ 781876.992425830685534, 8997022.530140096321702 ], [ 781877.160450336174108, 8997022.633816851302981 ], [ 781877.332009811070748, 8997022.731533026322722 ], [ 781877.506892894860357, 8997022.823168233036995 ], [ 781877.684884132468142, 8997022.908609578385949 ], [ 781877.865764239337295, 8997022.987751798704267 ], [ 781878.049310372211039, 8997023.06049739010632 ], [ 781878.235296402941458, 8997023.126756733283401 ], [ 781878.423493197653443, 8997023.186448194086552 ], [ 781878.613668898819014, 8997023.239498235285282 ], [ 781878.805589210707694, 8997023.285841496661305 ], [ 781878.999017688445747, 8997023.325420886278152 ], [ 781879.193716029170901, 8997023.358187641948462 ], [ 781879.389444365282543, 8997023.384101394563913 ], [ 781879.585961560369469, 8997023.403130216524005 ], [ 781879.783025506301783, 8997023.415250668302178 ], [ 781879.98039342102129, 8997023.420447815209627 ], [ 781880.177822148194537, 8997023.418715255334973 ], [ 781880.375068456633016, 8997023.410055121406913 ], [ 781880.571889339829795, 8997023.394478086382151 ], [ 781880.768042315146886, 8997023.372003337368369 ], [ 781880.963285723235458, 8997023.342658564448357 ], [ 781881.157379025011323, 8997023.306479919701815 ], [ 781881.350083098514006, 8997023.263511976227164 ], [ 781881.541160533088259, 8997023.213807670399547 ], [ 781881.73037592228502, 8997023.157428234815598 ], [ 781881.917496153735556, 8997023.094443133100867 ], [ 781882.102290695882402, 8997023.024929959326982 ], [ 781882.284531882964075, 8997022.94897435605526 ], [ 781882.463995194644667, 8997022.866669896990061 ], [ 781882.640459532733075, 8997022.778117982670665 ], [ 781882.81370749429334, 8997022.683427710086107 ], [ 781882.983525638352148, 8997022.582715734839439 ], [ 781883.149704750045203, 8997022.476106133311987 ], [ 781883.312040097196586, 8997022.363730249926448 ], [ 781883.470331683405675, 8997022.245726531371474 ], [ 781883.624384494381957, 8997022.122240355238318 ], [ 781883.774008737760596, 8997021.993423858657479 ], [ 781883.919020076864399, 8997021.859435740858316 ], [ 781884.05923985876143, 8997021.72044107504189 ], [ 781884.194495333009399, 8997021.576611103489995 ], [ 781884.324619865743443, 8997021.428123023360968 ], [ 781884.449453143985011, 8997021.275159770622849 ], [ 781884.568841373780742, 8997021.117909794673324 ], [ 781884.682637469377369, 8997020.956566829234362 ], [ 781884.790701234480366, 8997020.791329646483064 ], [ 781884.892899535014294, 8997020.622401816770434 ], [ 781884.989106463151984, 8997020.449991459026933 ], [ 781885.079203492496163, 8997020.274310983717442 ], [ 781885.163079623831436, 8997020.095576828345656 ], [ 781885.240631522145122, 8997019.914009189233184 ], [ 781885.311763643869199, 8997019.729831760749221 ], [ 781885.376388354576193, 8997019.543271446600556 ], [ 781885.434426036896184, 8997019.35455808788538 ], [ 781885.485805188771337, 8997019.163924179971218 ], [ 781885.530462511116639, 8997018.971604583784938 ], [ 781885.568342986516654, 8997018.777836233377457 ], [ 781885.599399946280755, 8997018.582857850939035 ], [ 781885.623595128417946, 8997018.3869096506387 ], [ 781885.640898724552244, 8997018.19023303873837 ], [ 781885.65128941682633, 8997017.99307031929493 ], [ 781885.654754403862171, 8997017.795664397999644 ] ] ] ] } },
{ "type": "Feature", "properties": { "LAYER": "_BM dan Cp", "GM_TYPE": "Unknown Area Type", "ELEVATION": 0 }, "geometry": { "type": "MultiPolygon", "coordinates": [ [ [ [ 781880.404754403862171, 8997017.795664397999644 ], [ 781880.402629953925498, 8997017.755804341286421 ], [ 781880.396280675078742, 8997017.716395914554596 ], [ 781880.385778506984934, 8997017.677885631099343 ], [ 781880.371242443681695, 8997017.640709828585386 ], [ 781880.352837184327655, 8997017.605289723724127 ], [ 781880.330771268112585, 8997017.572026638314128 ], [ 781880.305294710444286, 8997017.541297459974885 ], [ 781880.276696171029471, 8997017.513450359925628 ], [ 781880.245299682719633, 8997017.48880085721612 ], [ 781880.211460980237462, 8997017.467628240585327 ], [ 781880.175563469645567, 8997017.450172405689955 ], [ 781880.138013884075917, 8997017.436631133779883 ], [ 781880.099237675429322, 8997017.427157850936055 ], [ 781880.059674193500541, 8997017.421859895810485 ], [ 781880.019771708291955, 8997017.420797294005752 ], [ 781879.979982331162319, 8997017.4239820856601 ], [ 781879.940756891388446, 8997017.431378187611699 ], [ 781879.902539829025045, 8997017.44290179759264 ], [ 781879.865764158661477, 8997017.458422349765897 ], [ 781879.830846563330851, 8997017.477763988077641 ], [ 781879.798182673286647, 8997017.500707564875484 ], [ 781879.768142583430745, 8997017.526993120089173 ], [ 781879.741066660033539, 8997017.556322829797864 ], [ 781879.717261684243567, 8997017.588364373892546 ], [ 781879.696997375693172, 8997017.622754709795117 ], [ 781879.680503337294795, 8997017.659104181453586 ], [ 781879.667966453009285, 8997017.697000935673714 ], [ 781879.659528770833276, 8997017.736015586182475 ], [ 781879.655285893008113, 8997017.775706082582474 ], [ 781879.655285893008113, 8997017.815622713416815 ], [ 781879.659528770833276, 8997017.855313209816813 ], [ 781879.667966453009285, 8997017.894327860325575 ], [ 781879.680503337294795, 8997017.932224614545703 ], [ 781879.696997375693172, 8997017.968574086204171 ], [ 781879.717261684243567, 8997018.002964422106743 ], [ 781879.741066660033539, 8997018.035005966201425 ], [ 781879.768142583430745, 8997018.064335675910115 ], [ 781879.798182673286647, 8997018.090621231123805 ], [ 781879.830846563330851, 8997018.113564807921648 ], [ 781879.865764158661477, 8997018.132906446233392 ], [ 781879.902539829025045, 8997018.148426998406649 ], [ 781879.940756891388446, 8997018.159950608387589 ], [ 781879.979982331162319, 8997018.167346710339189 ], [ 781880.019771708291955, 8997018.170531501993537 ], [ 781880.059674193500541, 8997018.169468900188804 ], [ 781880.099237675429322, 8997018.164170945063233 ], [ 781880.138013884075917, 8997018.154697662219405 ], [ 781880.175563469645567, 8997018.141156390309334 ], [ 781880.211460980237462, 8997018.123700555413961 ], [ 781880.245299682719633, 8997018.102527938783169 ], [ 781880.276696171029471, 8997018.077878436073661 ], [ 781880.305294710444286, 8997018.050031336024404 ], [ 781880.330771268112585, 8997018.019302157685161 ], [ 781880.352837184327655, 8997017.986039072275162 ], [ 781880.371242443681695, 8997017.950618967413902 ], [ 781880.385778506984934, 8997017.913443164899945 ], [ 781880.396280675078742, 8997017.874932881444693 ], [ 781880.402629953925498, 8997017.835524454712868 ], [ 781880.404754403862171, 8997017.795664397999644 ] ] ] ] } },
{ "type": "Feature", "properties": { "LAYER": "_BM dan Cp", "GM_TYPE": "Unknown Area Type", "ELEVATION": null }, "geometry": { "type": "MultiPolygon", "coordinates": [ [ [ [ 782472.045312699861825, 8995410.41179053671658 ], [ 782472.045078082126565, 8995410.398423984646797 ], [ 782472.044374517863616, 8995410.385073898360133 ], [ 782472.043202874017879, 8995410.371756728738546 ], [ 782472.04156459402293, 8995410.358488880097866 ], [ 782472.039461696287617, 8995410.345286699011922 ], [ 782472.036896771285683, 8995410.332166450098157 ], [ 782472.033872979343869, 8995410.319144297391176 ], [ 782472.030394045519643, 8995410.30623628385365 ], [ 782472.026464255992323, 8995410.293458314612508 ], [ 782472.022088452125899, 8995410.28082612901926 ], [ 782472.017272024881095, 8995410.26835528947413 ], [ 782472.012020908179693, 8995410.256061162799597 ], [ 782472.006341571453959, 8995410.24395889416337 ], [ 782472.000241011381149, 8995410.232063394039869 ], [ 782471.993726743967272, 8995410.220389315858483 ], [ 782471.986806794651784, 8995410.208951042965055 ], [ 782471.979489688994363, 8995410.197762668132782 ], [ 782471.971784441382624, 8995410.18683797493577 ], [ 782471.963700544903986, 8995410.176190420985222 ], [ 782471.9552479586564, 8995410.165833126753569 ], [ 782471.946437096223235, 8995410.155778849497437 ], [ 782471.937278812634759, 8995410.146039979532361 ], [ 782471.927784390863962, 8995410.136628510430455 ], [ 782471.917965527973138, 8995410.127556040883064 ], [ 782471.907834320678376, 8995410.118833746761084 ], [ 782471.897403250564821, 8995410.110472375527024 ], [ 782471.886685168836266, 8995410.102482223883271 ], [ 782471.875693279900588, 8995410.094873141497374 ], [ 782471.864441125886515, 8995410.087654497474432 ], [ 782471.852942569414154, 8995410.080835189670324 ], [ 782471.841211776481941, 8995410.074423616752028 ], [ 782471.829263199470006, 8995410.068427678197622 ], [ 782471.817111558979377, 8995410.062854761257768 ], [ 782471.804771825787611, 8995410.05771172977984 ], [ 782471.792259202338755, 8995410.053004924207926 ], [ 782471.779589104116894, 8995410.048740139231086 ], [ 782471.766777140670456, 8995410.044922631233931 ], [ 782471.753839096287265, 8995410.041557103395462 ], [ 782471.740790910553187, 8995410.038647700101137 ], [ 782471.727648658794351, 8995410.036198008805513 ], [ 782471.714428532170132, 8995410.034211045131087 ], [ 782471.70114681776613, 8995410.032689256593585 ], [ 782471.687819878803566, 8995410.031634520739317 ], [ 782471.674464133800939, 8995410.031048133969307 ], [ 782471.66109603701625, 8995410.030930820852518 ], [ 782471.64773205795791, 8995410.031282724812627 ], [ 782471.634388660895638, 8995410.032103411853313 ], [ 782471.62108228483703, 8995410.033391872420907 ], [ 782471.607829323271289, 8995410.03514651954174 ], [ 782471.594646103680134, 8995410.03736518882215 ], [ 782471.581548867863603, 8995410.040045149624348 ], [ 782471.568553751334548, 8995410.043183097615838 ], [ 782471.555676764226519, 8995410.046775169670582 ], [ 782471.542933770921081, 8995410.050816938281059 ], [ 782471.530340470606461, 8995410.055303424596786 ], [ 782471.517912378185429, 8995410.060229100286961 ], [ 782471.505664805066772, 8995410.065587900578976 ], [ 782471.493612840189599, 8995410.071373218670487 ], [ 782471.481771331513301, 8995410.0775779299438 ], [ 782471.470154867623933, 8995410.084194390103221 ], [ 782471.458777760155499, 8995410.091214448213577 ], [ 782471.447654025512747, 8995410.098629452288151 ], [ 782471.436797368223779, 8995410.10643027164042 ], [ 782471.426221163477749, 8995410.114607291296124 ], [ 782471.415938441059552, 8995410.123150439932942 ], [ 782471.405961869517341, 8995410.132049193605781 ], [ 782471.396303739631549, 8995410.14129258506 ], [ 782471.386975950328633, 8995410.15086922980845 ], [ 782471.377989993430674, 8995410.160767327994108 ], [ 782471.369356939569116, 8995410.170974686741829 ], [ 782471.361087424564175, 8995410.181478727608919 ], [ 782471.353191636502743, 8995410.192266512662172 ], [ 782471.345679302816279, 8995410.203324750065804 ], [ 782471.338559678872116, 8995410.214639816433191 ], [ 782471.331841535866261, 8995410.226197771728039 ], [ 782471.325533150578849, 8995410.23798437602818 ], [ 782471.319642294896767, 8995410.249985110014677 ], [ 782471.314176226267591, 8995410.26218518614769 ], [ 782471.309141678968444, 8995410.274569574743509 ], [ 782471.304544855491258, 8995410.287123020738363 ], [ 782471.300391419092193, 8995410.299830056726933 ], [ 782471.29668648680672, 8995410.312675025314093 ], [ 782471.293434623046778, 8995410.325642105191946 ], [ 782471.290639834245667, 8995410.338715320453048 ], [ 782471.288305563270114, 8995410.351878562942147 ], [ 782471.286434686277062, 8995410.365115616470575 ], [ 782471.285029507940635, 8995410.37841017358005 ], [ 782471.284091759473085, 8995410.39174585416913 ], [ 782471.283622596296482, 8995410.405106231570244 ], [ 782471.283622596296482, 8995410.418474841862917 ], [ 782471.284091759473085, 8995410.43183521926403 ], [ 782471.285029507940635, 8995410.44517089985311 ], [ 782471.286434686277062, 8995410.458465456962585 ], [ 782471.288305563270114, 8995410.471702510491014 ], [ 782471.290639834245667, 8995410.484865752980113 ], [ 782471.293434623046778, 8995410.497938968241215 ], [ 782471.29668648680672, 8995410.510906048119068 ], [ 782471.300391419092193, 8995410.523751016706228 ], [ 782471.304544855491258, 8995410.536458052694798 ], [ 782471.309141678968444, 8995410.549011498689651 ], [ 782471.314176226267591, 8995410.561395887285471 ], [ 782471.319642294896767, 8995410.573595963418484 ], [ 782471.325533150578849, 8995410.585596697404981 ], [ 782471.331841535866261, 8995410.597383301705122 ], [ 782471.338559678872116, 8995410.608941256999969 ], [ 782471.345679302816279, 8995410.620256323367357 ], [ 782471.353191636502743, 8995410.631314560770988 ], [ 782471.361087424564175, 8995410.642102345824242 ], [ 782471.369356939569116, 8995410.652606386691332 ], [ 782471.377989993430674, 8995410.662813745439053 ], [ 782471.386975950328633, 8995410.672711843624711 ], [ 782471.396303739631549, 8995410.68228848837316 ], [ 782471.405961869517341, 8995410.69153187982738 ], [ 782471.415938441059552, 8995410.700430633500218 ], [ 782471.426221163477749, 8995410.708973782137036 ], [ 782471.436797368223779, 8995410.717150801792741 ], [ 782471.447654025512747, 8995410.72495162114501 ], [ 782471.458777760155499, 8995410.732366625219584 ], [ 782471.470154867623933, 8995410.73938668332994 ], [ 782471.481771331513301, 8995410.746003143489361 ], [ 782471.493612840189599, 8995410.752207854762673 ], [ 782471.505664805066772, 8995410.757993172854185 ], [ 782471.517912378185429, 8995410.7633519731462 ], [ 782471.530340470606461, 8995410.768277648836374 ], [ 782471.542933770921081, 8995410.772764135152102 ], [ 782471.555676764226519, 8995410.776805903762579 ], [ 782471.568553751334548, 8995410.780397975817323 ], [ 782471.581548867863603, 8995410.783535923808813 ], [ 782471.594646103680134, 8995410.786215884611011 ], [ 782471.607829323271289, 8995410.78843455389142 ], [ 782471.62108228483703, 8995410.790189201012254 ], [ 782471.634388660895638, 8995410.791477661579847 ], [ 782471.64773205795791, 8995410.792298348620534 ], [ 782471.66109603701625, 8995410.792650252580643 ], [ 782471.674464133800939, 8995410.792532939463854 ], [ 782471.687819878803566, 8995410.791946552693844 ], [ 782471.70114681776613, 8995410.790891816839576 ], [ 782471.714428532170132, 8995410.789370028302073 ], [ 782471.727648658794351, 8995410.787383064627647 ], [ 782471.740790910553187, 8995410.784933373332024 ], [ 782471.753839096287265, 8995410.782023970037699 ], [ 782471.766777140670456, 8995410.77865844219923 ], [ 782471.779589104116894, 8995410.774840934202075 ], [ 782471.792259202338755, 8995410.770576149225235 ], [ 782471.804771825787611, 8995410.765869343653321 ], [ 782471.817111558979377, 8995410.760726312175393 ], [ 782471.829263199470006, 8995410.755153395235538 ], [ 782471.841211776481941, 8995410.749157456681132 ], [ 782471.852942569414154, 8995410.742745883762836 ], [ 782471.864441125886515, 8995410.735926575958729 ], [ 782471.875693279900588, 8995410.728707931935787 ], [ 782471.886685168836266, 8995410.72109884954989 ], [ 782471.897403250564821, 8995410.713108697906137 ], [ 782471.907834320678376, 8995410.704747326672077 ], [ 782471.917965527973138, 8995410.696025032550097 ], [ 782471.927784390863962, 8995410.686952563002706 ], [ 782471.937278812634759, 8995410.6775410939008 ], [ 782471.946437096223235, 8995410.667802223935723 ], [ 782471.9552479586564, 8995410.657747946679592 ], [ 782471.963700544903986, 8995410.647390652447939 ], [ 782471.971784441382624, 8995410.636743098497391 ], [ 782471.979489688994363, 8995410.625818405300379 ], [ 782471.986806794651784, 8995410.614630030468106 ], [ 782471.993726743967272, 8995410.603191757574677 ], [ 782472.000241011381149, 8995410.591517679393291 ], [ 782472.006341571453959, 8995410.579622179269791 ], [ 782472.012020908179693, 8995410.567519910633564 ], [ 782472.017272024881095, 8995410.555225783959031 ], [ 782472.022088452125899, 8995410.5427549444139 ], [ 782472.026464255992323, 8995410.530122758820653 ], [ 782472.030394045519643, 8995410.517344789579511 ], [ 782472.033872979343869, 8995410.504436776041985 ], [ 782472.036896771285683, 8995410.491414623335004 ], [ 782472.039461696287617, 8995410.478294374421239 ], [ 782472.04156459402293, 8995410.465092193335295 ], [ 782472.043202874017879, 8995410.451824344694614 ], [ 782472.044374517863616, 8995410.438507175073028 ], [ 782472.045078082126565, 8995410.425157088786364 ], [ 782472.045312699861825, 8995410.41179053671658 ] ] ] ] } },
{ "type": "Feature", "properties": { "LAYER": "_BM dan Cp", "GM_TYPE": "Unknown Area Type", "ELEVATION": 0 }, "geometry": { "type": "MultiPolygon", "coordinates": [ [ [ [ 782472.045312699861825, 8995410.41179053671658 ], [ 782472.043154970393516, 8995410.371306071057916 ], [ 782472.036706229904667, 8995410.331280311569571 ], [ 782472.026039545191452, 8995410.292166763916612 ], [ 782472.011275774217211, 8995410.254408601671457 ], [ 782471.992582196253352, 8995410.218433639034629 ], [ 782471.970170616987161, 8995410.184649487957358 ], [ 782471.944294968619943, 8995410.153438935056329 ], [ 782471.915248432662338, 8995410.125155610963702 ], [ 782471.883360117790289, 8995410.100119972601533 ], [ 782471.848991331527941, 8995410.078615687787533 ], [ 782471.812531485804357, 8995410.060886407271028 ], [ 782471.774393685394898, 8995410.047133009880781 ], [ 782471.735010046744719, 8995410.037511328235269 ], [ 782471.694826802122407, 8995410.032130381092429 ], [ 782471.654299243935384, 8995410.031051132827997 ], [ 782471.613886565552093, 8995410.034285815432668 ], [ 782471.574046658584848, 8995410.041797777637839 ], [ 782471.535230925306678, 8995410.053501904010773 ], [ 782471.497879163478501, 8995410.069265585392714 ], [ 782471.462414583424106, 8995410.088910210877657 ], [ 782471.42923901299946, 8995410.112213199958205 ], [ 782471.398728344589472, 8995410.138910518959165 ], [ 782471.371228276519105, 8995410.16869967803359 ], [ 782471.347050395328552, 8995410.201243154704571 ], [ 782471.326468646060675, 8995410.236172216013074 ], [ 782471.309716228279285, 8995410.273091102018952 ], [ 782471.296982953557745, 8995410.311581511050463 ], [ 782471.288413094822317, 8995410.351207325235009 ], [ 782471.284103752230294, 8995410.391519574448466 ], [ 782471.284103752230294, 8995410.432061498984694 ], [ 782471.288413094822317, 8995410.472373748198152 ], [ 782471.296982953557745, 8995410.511999562382698 ], [ 782471.309716228279285, 8995410.550489971414208 ], [ 782471.326468646060675, 8995410.587408857420087 ], [ 782471.347050395328552, 8995410.62233791872859 ], [ 782471.371228276519105, 8995410.65488139539957 ], [ 782471.398728344589472, 8995410.684670554473996 ], [ 782471.42923901299946, 8995410.711367873474956 ], [ 782471.462414583424106, 8995410.734670862555504 ], [ 782471.497879163478501, 8995410.754315488040447 ], [ 782471.535230925306678, 8995410.770079169422388 ], [ 782471.574046658584848, 8995410.781783295795321 ], [ 782471.613886565552093, 8995410.789295258000493 ], [ 782471.654299243935384, 8995410.792529940605164 ], [ 782471.694826802122407, 8995410.791450692340732 ], [ 782471.735010046744719, 8995410.786069745197892 ], [ 782471.774393685394898, 8995410.77644806355238 ], [ 782471.812531485804357, 8995410.762694666162133 ], [ 782471.848991331527941, 8995410.744965385645628 ], [ 782471.883360117790289, 8995410.723461100831628 ], [ 782471.915248432662338, 8995410.698425462469459 ], [ 782471.944294968619943, 8995410.670142138376832 ], [ 782471.970170616987161, 8995410.638931585475802 ], [ 782471.992582196253352, 8995410.605147434398532 ], [ 782472.011275774217211, 8995410.569172471761703 ], [ 782472.026039545191452, 8995410.531414309516549 ], [ 782472.036706229904667, 8995410.492300761863589 ], [ 782472.043154970393516, 8995410.452275002375245 ], [ 782472.045312699861825, 8995410.41179053671658 ] ] ] ] } },
{ "type": "Feature", "properties": { "LAYER": "_BM dan Cp", "GM_TYPE": "Unknown Area Type", "ELEVATION": null }, "geometry": { "type": "MultiPolygon", "coordinates": [ [ [ [ 782474.314465951058082, 8995370.83604240231216 ], [ 782474.314234951976687, 8995370.822882007807493 ], [ 782474.313542239135131, 8995370.809737825766206 ], [ 782474.31238866597414, 8995370.79662605188787 ], [ 782474.310775653924793, 8995370.783562839031219 ], [ 782474.308705189847387, 8995370.770564280450344 ], [ 782474.306179824867286, 8995370.757646389305592 ], [ 782474.303202670067549, 8995370.744825083762407 ], [ 782474.299777393229306, 8995370.732116157189012 ], [ 782474.295908214407973, 8995370.719535265117884 ], [ 782474.291599900345318, 8995370.707097912207246 ], [ 782474.28685775899794, 8995370.694819416850805 ], [ 782474.281687632435933, 8995370.682714907452464 ], [ 782474.276095890323631, 8995370.670799296349287 ], [ 782474.27008942165412, 8995370.65908726491034 ], [ 782474.263675626483746, 8995370.64759324118495 ], [ 782474.256862406386063, 8995370.63633138500154 ], [ 782474.249658155371435, 8995370.625315573066473 ], [ 782474.242071749060415, 8995370.614559376612306 ], [ 782474.234112533740699, 8995370.604076044633985 ], [ 782474.225790315191261, 8995370.59387849457562 ], [ 782474.217115346342325, 8995370.583979288116097 ], [ 782474.208098314702511, 8995370.5743906237185 ], [ 782474.198750329203904, 8995370.565124312415719 ], [ 782474.189082906697877, 8995370.556191772222519 ], [ 782474.17910795705393, 8995370.547604005783796 ], [ 782474.168837769655511, 8995370.539371592923999 ], [ 782474.158284997334704, 8995370.531504679471254 ], [ 782474.147462640772574, 8995370.524012953042984 ], [ 782474.136384033365175, 8995370.516905646771193 ], [ 782474.125062823761255, 8995370.510191515088081 ], [ 782474.11351295968052, 8995370.503878830000758 ], [ 782474.101748670451343, 8995370.497975369915366 ], [ 782474.089784449664876, 8995370.492488404735923 ], [ 782474.077635037247092, 8995370.487424697726965 ], [ 782474.065315401065163, 8995370.482790486887097 ], [ 782474.052840718999505, 8995370.478591479361057 ], [ 782474.040226359618828, 8995370.474832851439714 ], [ 782474.027487864019349, 8995370.471519229933619 ], [ 782474.014640925801359, 8995370.46865470148623 ], [ 782474.001701372326352, 8995370.466242792084813 ], [ 782473.988685145159252, 8995370.464286472648382 ], [ 782473.975608280161396, 8995370.462788157165051 ], [ 782473.962486887932755, 8995370.461749687790871 ], [ 782473.949337134021334, 8995370.461172346025705 ], [ 782473.936175218899734, 8995370.461056841537356 ], [ 782473.923017357941717, 8995370.4614033177495 ], [ 782473.909879761515185, 8995370.462211348116398 ], [ 782473.896778615191579, 8995370.463479936122894 ], [ 782473.883730059373192, 8995370.465207519009709 ], [ 782473.870750170084648, 8995370.467391969636083 ], [ 782473.857854938134551, 8995370.470030596479774 ], [ 782473.845060250721872, 8995370.473120147362351 ], [ 782473.832381870597601, 8995370.476656815037131 ], [ 782473.819835417671129, 8995370.480636246502399 ], [ 782473.807436348986812, 8995370.485053535550833 ], [ 782473.795199940097518, 8995370.48990324139595 ], [ 782473.783141266321763, 8995370.495179390534759 ], [ 782473.771275183768012, 8995370.500875480473042 ], [ 782473.759616311523132, 8995370.506984494626522 ], [ 782473.748179013258778, 8995370.513498906046152 ], [ 782473.736977379536256, 8995370.520410688593984 ], [ 782473.726025210809894, 8995370.527711329981685 ], [ 782473.715336000081152, 8995370.535391831770539 ], [ 782473.704922916484065, 8995370.54344273544848 ], [ 782473.694798788754269, 8995370.551854120567441 ], [ 782473.684976089862175, 8995370.560615623369813 ], [ 782473.675466921296902, 8995370.569716451689601 ], [ 782473.666282998281531, 8995370.579145390540361 ], [ 782473.657435635454021, 8995370.588890826329589 ], [ 782473.648935732780956, 8995370.598940752446651 ], [ 782473.640793761820532, 8995370.609282786026597 ], [ 782473.633019753731787, 8995370.619904186576605 ], [ 782473.625623285886832, 8995370.630791869014502 ], [ 782473.618613470811397, 8995370.641932418569922 ], [ 782473.611998944426887, 8995370.653312111273408 ], [ 782473.605787855922244, 8995370.664916925132275 ], [ 782473.599987857276574, 8995370.676732566207647 ], [ 782473.594606094178744, 8995370.68874447606504 ], [ 782473.589649196714163, 8995370.700937855988741 ], [ 782473.585123271914199, 8995370.713297683745623 ], [ 782473.581033895723522, 8995370.725808734074235 ], [ 782473.577386106131598, 8995370.738455589860678 ], [ 782473.574184397119097, 8995370.751222673803568 ], [ 782473.571432713419199, 8995370.764094254001975 ], [ 782473.569134445046075, 8995370.777054473757744 ], [ 782473.567292423220351, 8995370.7900873683393 ], [ 782473.565908917575143, 8995370.803176878020167 ], [ 782473.564985632430762, 8995370.816306877881289 ], [ 782473.564523705281317, 8995370.829461190849543 ], [ 782473.564523705281317, 8995370.842623613774776 ], [ 782473.564985632430762, 8995370.855777926743031 ], [ 782473.565908917575143, 8995370.868907926604152 ], [ 782473.567292423220351, 8995370.881997436285019 ], [ 782473.569134445046075, 8995370.895030330866575 ], [ 782473.571432713419199, 8995370.907990550622344 ], [ 782473.574184397119097, 8995370.920862130820751 ], [ 782473.577386106131598, 8995370.933629214763641 ], [ 782473.581033895723522, 8995370.946276070550084 ], [ 782473.585123271914199, 8995370.958787120878696 ], [ 782473.589649196714163, 8995370.971146948635578 ], [ 782473.594606094178744, 8995370.983340328559279 ], [ 782473.599987857276574, 8995370.995352238416672 ], [ 782473.605787855922244, 8995371.007167879492044 ], [ 782473.611998944426887, 8995371.018772693350911 ], [ 782473.618613470811397, 8995371.030152386054397 ], [ 782473.625623285886832, 8995371.041292935609818 ], [ 782473.633019753731787, 8995371.052180618047714 ], [ 782473.640793761820532, 8995371.062802018597722 ], [ 782473.648935732780956, 8995371.073144052177668 ], [ 782473.657435635454021, 8995371.08319397829473 ], [ 782473.666282998281531, 8995371.092939414083958 ], [ 782473.675466921296902, 8995371.102368352934718 ], [ 782473.684976089862175, 8995371.111469181254506 ], [ 782473.694798788754269, 8995371.120230684056878 ], [ 782473.704922916484065, 8995371.128642069175839 ], [ 782473.715336000081152, 8995371.13669297285378 ], [ 782473.726025210809894, 8995371.144373474642634 ], [ 782473.736977379536256, 8995371.151674116030335 ], [ 782473.748179013258778, 8995371.158585898578167 ], [ 782473.759616311523132, 8995371.165100309997797 ], [ 782473.771275183768012, 8995371.171209324151278 ], [ 782473.783141266321763, 8995371.176905414089561 ], [ 782473.795199940097518, 8995371.182181563228369 ], [ 782473.807436348986812, 8995371.187031269073486 ], [ 782473.819835417671129, 8995371.19144855812192 ], [ 782473.832381870597601, 8995371.195427989587188 ], [ 782473.845060250721872, 8995371.198964657261968 ], [ 782473.857854938134551, 8995371.202054208144546 ], [ 782473.870750170084648, 8995371.204692834988236 ], [ 782473.883730059373192, 8995371.20687728561461 ], [ 782473.896778615191579, 8995371.208604868501425 ], [ 782473.909879761515185, 8995371.209873456507921 ], [ 782473.923017357941717, 8995371.210681486874819 ], [ 782473.936175218899734, 8995371.211027963086963 ], [ 782473.949337134021334, 8995371.210912458598614 ], [ 782473.962486887932755, 8995371.210335116833448 ], [ 782473.975608280161396, 8995371.209296647459269 ], [ 782473.988685145159252, 8995371.207798331975937 ], [ 782474.001701372326352, 8995371.205842012539506 ], [ 782474.014640925801359, 8995371.203430103138089 ], [ 782474.027487864019349, 8995371.2005655746907 ], [ 782474.040226359618828, 8995371.197251953184605 ], [ 782474.052840718999505, 8995371.193493325263262 ], [ 782474.065315401065163, 8995371.189294317737222 ], [ 782474.077635037247092, 8995371.184660106897354 ], [ 782474.089784449664876, 8995371.179596399888396 ], [ 782474.101748670451343, 8995371.174109434708953 ], [ 782474.11351295968052, 8995371.168205974623561 ], [ 782474.125062823761255, 8995371.161893289536238 ], [ 782474.136384033365175, 8995371.155179157853127 ], [ 782474.147462640772574, 8995371.148071851581335 ], [ 782474.158284997334704, 8995371.140580125153065 ], [ 782474.168837769655511, 8995371.13271321170032 ], [ 782474.17910795705393, 8995371.124480798840523 ], [ 782474.189082906697877, 8995371.1158930324018 ], [ 782474.198750329203904, 8995371.1069604922086 ], [ 782474.208098314702511, 8995371.097694180905819 ], [ 782474.217115346342325, 8995371.088105516508222 ], [ 782474.225790315191261, 8995371.078206310048699 ], [ 782474.234112533740699, 8995371.068008759990335 ], [ 782474.242071749060415, 8995371.057525428012013 ], [ 782474.249658155371435, 8995371.046769231557846 ], [ 782474.256862406386063, 8995371.035753419622779 ], [ 782474.263675626483746, 8995371.024491563439369 ], [ 782474.27008942165412, 8995371.012997539713979 ], [ 782474.276095890323631, 8995371.001285508275032 ], [ 782474.281687632435933, 8995370.989369897171855 ], [ 782474.28685775899794, 8995370.977265387773514 ], [ 782474.291599900345318, 8995370.964986892417073 ], [ 782474.295908214407973, 8995370.952549539506435 ], [ 782474.299777393229306, 8995370.939968647435308 ], [ 782474.303202670067549, 8995370.927259720861912 ], [ 782474.306179824867286, 8995370.914438415318727 ], [ 782474.308705189847387, 8995370.901520524173975 ], [ 782474.310775653924793, 8995370.8885219655931 ], [ 782474.31238866597414, 8995370.875458752736449 ], [ 782474.313542239135131, 8995370.862346978858113 ], [ 782474.314234951976687, 8995370.849202796816826 ], [ 782474.314465951058082, 8995370.83604240231216 ] ] ] ] } },
{ "type": "Feature", "properties": { "LAYER": "_BM dan Cp", "GM_TYPE": "Unknown Area Type", "ELEVATION": null }, "geometry": { "type": "MultiPolygon", "coordinates": [ [ [ [ 782476.189465951058082, 8995370.83604240231216 ], [ 782476.188079956220463, 8995370.757080033421516 ], [ 782476.183923679403961, 8995370.678214946761727 ], [ 782476.177002240903676, 8995370.599544301629066 ], [ 782476.167324168025516, 8995370.521165020763874 ], [ 782476.154901384143159, 8995370.443173669278622 ], [ 782476.139749193913303, 8995370.365666327998042 ], [ 782476.121886264998466, 8995370.288738489151001 ], [ 782476.101334604318254, 8995370.212484925985336 ], [ 782476.078119531390257, 8995370.136999582871795 ], [ 782476.052269647014327, 8995370.062375457957387 ], [ 782476.02381679834798, 8995369.988704485818744 ], [ 782475.992796039092354, 8995369.916077429428697 ], [ 782475.959245586534962, 8995369.84458376839757 ], [ 782475.923206774750724, 8995369.774311577901244 ], [ 782475.884724003495649, 8995369.705347435548902 ], [ 782475.843844683258794, 8995369.637776304036379 ], [ 782475.800619177287444, 8995369.571681430563331 ], [ 782475.755100739072077, 8995369.507144242525101 ], [ 782475.707345447153784, 8995369.444244252517819 ], [ 782475.657412135857157, 8995369.38305895216763 ], [ 782475.60536232276354, 8995369.323663720861077 ], [ 782475.551260133041069, 8995369.266131730750203 ], [ 782475.495172220282257, 8995369.210533864796162 ], [ 782475.437167684547603, 8995369.156938618049026 ], [ 782475.377317987265997, 8995369.10541201941669 ], [ 782475.315696862875484, 8995369.056017549708486 ], [ 782475.252380228368565, 8995369.008816061541438 ], [ 782475.187446089461446, 8995368.963865708559752 ], [ 782475.120974444900639, 8995368.921221867203712 ], [ 782475.053047187277116, 8995368.880937077105045 ], [ 782474.983748002676293, 8995368.843060968443751 ], [ 782474.913162267301232, 8995368.807640202343464 ], [ 782474.841376942698844, 8995368.774718418717384 ], [ 782474.768480467842892, 8995368.744336176663637 ], [ 782474.694562650984153, 8995368.716530907899141 ], [ 782474.619714558473788, 8995368.691336866468191 ], [ 782474.544028402771801, 8995368.668785093352199 ], [ 782474.467597428942099, 8995368.64890337176621 ], [ 782474.390515799517743, 8995368.631716193631291 ], [ 782474.312878478784114, 8995368.617244735360146 ], [ 782474.234781115548685, 8995368.605506826192141 ], [ 782474.156319925445132, 8995368.596516927704215 ], [ 782474.077591572189704, 8995368.590286113321781 ], [ 782473.998693048837595, 8995368.586822059005499 ], [ 782473.919721557875164, 8995368.586129035800695 ], [ 782473.840774392010644, 8995368.588207894936204 ], [ 782473.761948813684285, 8995368.593056075274944 ], [ 782473.683341935626231, 8995368.600667603313923 ], [ 782473.605050601181574, 8995368.611033104360104 ], [ 782473.52717126486823, 8995368.624139806255698 ], [ 782473.449799873749726, 8995368.639971561729908 ], [ 782473.37303174904082, 8995368.658508867025375 ], [ 782473.296961468528025, 8995368.679728884249926 ], [ 782473.221682750736363, 8995368.703605467453599 ], [ 782473.14728833839763, 8995368.730109205469489 ], [ 782473.073869885294698, 8995368.75920744240284 ], [ 782473.001517842523754, 8995368.790864329785109 ], [ 782472.930321347434074, 8995368.825040869414806 ], [ 782472.860368113964796, 8995368.861694950610399 ], [ 782472.791744324029423, 8995368.900781420990825 ], [ 782472.72453452181071, 8995368.942252123728395 ], [ 782472.658821509452537, 8995368.986055966466665 ], [ 782472.594686245196499, 8995369.032138984650373 ], [ 782472.53220774338115, 8995369.080444402992725 ], [ 782472.47146297711879, 8995369.130912709981203 ], [ 782472.412526783766225, 8995369.18348172865808 ], [ 782472.355471772491001, 8995369.238086694851518 ], [ 782472.300368234748021, 8995369.294660335406661 ], [ 782472.247284057782963, 8995369.353132952004671 ], [ 782472.196284641046077, 8995369.413432504981756 ], [ 782472.147432815749198, 8995369.47548470646143 ], [ 782472.100788766983896, 8995369.539213109761477 ], [ 782472.056409959914163, 8995369.604539200663567 ], [ 782472.014351069345139, 8995369.671382497996092 ], [ 782471.974663911270909, 8995369.739660650491714 ], [ 782471.937397380359471, 8995369.809289541095495 ], [ 782471.902597388601862, 8995369.880183385685086 ], [ 782471.87030680954922, 8995369.95225484482944 ], [ 782471.840565424994566, 8995370.025415126234293 ], [ 782471.813409876311198, 8995370.099574094638228 ], [ 782471.788873618817888, 8995370.174640391021967 ], [ 782471.766986881149933, 8995370.250521531328559 ], [ 782471.747776627773419, 8995370.327124029397964 ], [ 782471.731266525457613, 8995370.404353514313698 ], [ 782471.717476914636791, 8995370.482114836573601 ], [ 782471.706424784148112, 8995370.560312196612358 ], [ 782471.698123750044033, 8995370.638849254697561 ], [ 782471.692584039177746, 8995370.717629252001643 ], [ 782471.689812476397492, 8995370.796555137261748 ], [ 782471.689812476397492, 8995370.875529667362571 ], [ 782471.692584039177746, 8995370.954455552622676 ], [ 782471.698123750044033, 8995371.033235549926758 ], [ 782471.706424784148112, 8995371.111772608011961 ], [ 782471.717476914636791, 8995371.189969968050718 ], [ 782471.731266525457613, 8995371.267731290310621 ], [ 782471.747776627773419, 8995371.344960775226355 ], [ 782471.766986881149933, 8995371.42156327329576 ], [ 782471.788873618817888, 8995371.497444413602352 ], [ 782471.813409876311198, 8995371.572510709986091 ], [ 782471.840565424994566, 8995371.646669678390026 ], [ 782471.87030680954922, 8995371.719829959794879 ], [ 782471.902597388601862, 8995371.791901418939233 ], [ 782471.937397380359471, 8995371.862795263528824 ], [ 782471.974663911270909, 8995371.932424154132605 ], [ 782472.014351069345139, 8995372.000702306628227 ], [ 782472.056409959914163, 8995372.067545603960752 ], [ 782472.100788766983896, 8995372.132871694862843 ], [ 782472.147432815749198, 8995372.196600098162889 ], [ 782472.196284641046077, 8995372.258652299642563 ], [ 782472.247284057782963, 8995372.318951852619648 ], [ 782472.300368234748021, 8995372.377424469217658 ], [ 782472.355471772491001, 8995372.433998109772801 ], [ 782472.412526783766225, 8995372.488603075966239 ], [ 782472.47146297711879, 8995372.541172094643116 ], [ 782472.53220774338115, 8995372.591640401631594 ], [ 782472.594686245196499, 8995372.639945819973946 ], [ 782472.658821509452537, 8995372.686028838157654 ], [ 782472.72453452181071, 8995372.729832680895925 ], [ 782472.791744324029423, 8995372.771303383633494 ], [ 782472.860368113964796, 8995372.81038985401392 ], [ 782472.930321347434074, 8995372.847043935209513 ], [ 782473.001517842523754, 8995372.881220474839211 ], [ 782473.073869885294698, 8995372.912877362221479 ], [ 782473.14728833839763, 8995372.94197559915483 ], [ 782473.221682750736363, 8995372.96847933717072 ], [ 782473.296961468528025, 8995372.992355920374393 ], [ 782473.37303174904082, 8995373.013575937598944 ], [ 782473.449799873749726, 8995373.032113242894411 ], [ 782473.52717126486823, 8995373.047944998368621 ], [ 782473.605050601181574, 8995373.061051700264215 ], [ 782473.683341935626231, 8995373.071417201310396 ], [ 782473.761948813684285, 8995373.079028729349375 ], [ 782473.840774392010644, 8995373.083876909688115 ], [ 782473.919721557875164, 8995373.085955768823624 ], [ 782473.998693048837595, 8995373.08526274561882 ], [ 782474.077591572189704, 8995373.081798691302538 ], [ 782474.156319925445132, 8995373.075567876920104 ], [ 782474.234781115548685, 8995373.066577978432178 ], [ 782474.312878478784114, 8995373.054840069264174 ], [ 782474.390515799517743, 8995373.040368610993028 ], [ 782474.467597428942099, 8995373.023181432858109 ], [ 782474.544028402771801, 8995373.00329971127212 ], [ 782474.619714558473788, 8995372.980747938156128 ], [ 782474.694562650984153, 8995372.955553896725178 ], [ 782474.768480467842892, 8995372.927748627960682 ], [ 782474.841376942698844, 8995372.897366385906935 ], [ 782474.913162267301232, 8995372.864444602280855 ], [ 782474.983748002676293, 8995372.829023836180568 ], [ 782475.053047187277116, 8995372.791147727519274 ], [ 782475.120974444900639, 8995372.750862937420607 ], [ 782475.187446089461446, 8995372.708219096064568 ], [ 782475.252380228368565, 8995372.663268743082881 ], [ 782475.315696862875484, 8995372.616067254915833 ], [ 782475.377317987265997, 8995372.566672785207629 ], [ 782475.437167684547603, 8995372.515146186575294 ], [ 782475.495172220282257, 8995372.461550939828157 ], [ 782475.551260133041069, 8995372.405953073874116 ], [ 782475.60536232276354, 8995372.348421083763242 ], [ 782475.657412135857157, 8995372.289025852456689 ], [ 782475.707345447153784, 8995372.2278405521065 ], [ 782475.755100739072077, 8995372.164940562099218 ], [ 782475.800619177287444, 8995372.100403374060988 ], [ 782475.843844683258794, 8995372.03430850058794 ], [ 782475.884724003495649, 8995371.966737369075418 ], [ 782475.923206774750724, 8995371.897773226723075 ], [ 782475.959245586534962, 8995371.827501036226749 ], [ 782475.992796039092354, 8995371.756007375195622 ], [ 782476.02381679834798, 8995371.683380318805575 ], [ 782476.052269647014327, 8995371.609709346666932 ], [ 782476.078119531390257, 8995371.535085221752524 ], [ 782476.101334604318254, 8995371.459599878638983 ], [ 782476.121886264998466, 8995371.383346315473318 ], [ 782476.139749193913303, 8995371.306418476626277 ], [ 782476.154901384143159, 8995371.228911135345697 ], [ 782476.167324168025516, 8995371.150919783860445 ], [ 782476.177002240903676, 8995371.072540502995253 ], [ 782476.183923679403961, 8995370.993869857862592 ], [ 782476.188079956220463, 8995370.915004771202803 ], [ 782476.189465951058082, 8995370.83604240231216 ] ] ] ] } },
{ "type": "Feature", "properties": { "LAYER": "_BM dan Cp", "GM_TYPE": "Unknown Area Type", "ELEVATION": null }, "geometry": { "type": "MultiPolygon", "coordinates": [ [ [ [ 782479.564465951058082, 8995370.83604240231216 ], [ 782479.561000964022242, 8995370.638636481016874 ], [ 782479.550610271748155, 8995370.441473761573434 ], [ 782479.533306675613858, 8995370.244797149673104 ], [ 782479.509111493476667, 8995370.048848949372768 ], [ 782479.478054533712566, 8995369.853870566934347 ], [ 782479.44017405831255, 8995369.660102216526866 ], [ 782479.395516735967249, 8995369.467782620340586 ], [ 782479.344137584092095, 8995369.277148712426424 ], [ 782479.286099901772104, 8995369.088435353711247 ], [ 782479.22147519106511, 8995368.901875039562583 ], [ 782479.150343069341034, 8995368.71769761107862 ], [ 782479.072791171027347, 8995368.536129971966147 ], [ 782478.988915039692074, 8995368.357395816594362 ], [ 782478.898818010347895, 8995368.181715341284871 ], [ 782478.802611082210205, 8995368.009304983541369 ], [ 782478.700412781676278, 8995367.84037715382874 ], [ 782478.59234901657328, 8995367.675139971077442 ], [ 782478.478552920976654, 8995367.51379700563848 ], [ 782478.359164691180922, 8995367.356547029688954 ], [ 782478.234331412939355, 8995367.203583776950836 ], [ 782478.104206880205311, 8995367.055095696821809 ], [ 782477.968951405957341, 8995366.911265725269914 ], [ 782477.82873162406031, 8995366.772271059453487 ], [ 782477.683720284956507, 8995366.638282941654325 ], [ 782477.534096041577868, 8995366.509466445073485 ], [ 782477.380043230601586, 8995366.38598026894033 ], [ 782477.221751644392498, 8995366.267976550385356 ], [ 782477.059416297241114, 8995366.155600666999817 ], [ 782476.89323718554806, 8995366.048991065472364 ], [ 782476.723419041489251, 8995365.948279090225697 ], [ 782476.550171079928987, 8995365.853588817641139 ], [ 782476.373706741840579, 8995365.765036903321743 ], [ 782476.194243430159986, 8995365.682732444256544 ], [ 782476.012002243078314, 8995365.606776840984821 ], [ 782475.827207700931467, 8995365.537263667210937 ], [ 782475.640087469480932, 8995365.474278565496206 ], [ 782475.450872080284171, 8995365.417899129912257 ], [ 782475.259794645709917, 8995365.36819482408464 ], [ 782475.067090572207235, 8995365.325226880609989 ], [ 782474.87299727043137, 8995365.289048235863447 ], [ 782474.677753862342797, 8995365.259703462943435 ], [ 782474.481600887025706, 8995365.237228713929653 ], [ 782474.284780003828928, 8995365.221651678904891 ], [ 782474.087533695390448, 8995365.21299154497683 ], [ 782473.890104968217202, 8995365.211258985102177 ], [ 782473.692737053497694, 8995365.216456132009625 ], [ 782473.495673107565381, 8995365.228576583787799 ], [ 782473.299155912478454, 8995365.24760540574789 ], [ 782473.103427576366812, 8995365.273519158363342 ], [ 782472.908729235641658, 8995365.306285914033651 ], [ 782472.715300757903606, 8995365.345865303650498 ], [ 782472.523380446014926, 8995365.392208565026522 ], [ 782472.333204744849354, 8995365.445258606225252 ], [ 782472.145007950137369, 8995365.504950067028403 ], [ 782471.95902191940695, 8995365.571209410205483 ], [ 782471.775475786533207, 8995365.643955001607537 ], [ 782471.594595679664053, 8995365.723097221925855 ], [ 782471.416604442056268, 8995365.808538567274809 ], [ 782471.241721358266659, 8995365.900173773989081 ], [ 782471.070161883370019, 8995365.997889949008822 ], [ 782470.902137377881445, 8995366.101566703990102 ], [ 782470.737854847102426, 8995366.211076311767101 ], [ 782470.577516686520539, 8995366.326283857226372 ], [ 782470.421320431865752, 8995366.447047403082252 ], [ 782470.26945851626806, 8995366.573218170553446 ], [ 782470.122118033003062, 8995366.704640718176961 ], [ 782469.979480504640378, 8995366.841153133660555 ], [ 782469.841721660224721, 8995366.982587235048413 ], [ 782469.709011217812076, 8995367.128768775612116 ], [ 782469.581512676086277, 8995367.279517658054829 ], [ 782469.459383112727664, 8995367.434648163616657 ], [ 782469.342772990697995, 8995367.593969171866775 ], [ 782469.231825973372906, 8995367.757284399122 ], [ 782469.126678746659309, 8995367.924392642453313 ], [ 782469.027460851590149, 8995368.095088023692369 ], [ 782468.934294524136931, 8995368.269160248339176 ], [ 782468.847294544917531, 8995368.446394860744476 ], [ 782468.766568097285926, 8995368.626573508605361 ], [ 782468.692214636015706, 8995368.809474211186171 ], [ 782468.624325764132664, 8995368.994871634989977 ], [ 782468.562985120457597, 8995369.182537375018001 ], [ 782468.508268276345916, 8995369.372240222990513 ], [ 782468.460242642788216, 8995369.563746470957994 ], [ 782468.41896738705691, 8995369.756820179522038 ], [ 782468.384493360063061, 8995369.95122348703444 ], [ 782468.356863033724949, 8995370.146716885268688 ], [ 782468.336110448464751, 8995370.343059530481696 ], [ 782468.322261171299033, 8995370.540009528398514 ], [ 782468.315332264523022, 8995370.737324237823486 ], [ 782468.315332264523022, 8995370.934760566800833 ], [ 782468.322261171299033, 8995371.132075276225805 ], [ 782468.336110448464751, 8995371.329025274142623 ], [ 782468.356863033724949, 8995371.525367919355631 ], [ 782468.384493360063061, 8995371.720861317589879 ], [ 782468.41896738705691, 8995371.915264625102282 ], [ 782468.460242642788216, 8995372.108338333666325 ], [ 782468.508268276345916, 8995372.299844581633806 ], [ 782468.562985120457597, 8995372.489547429606318 ], [ 782468.624325764132664, 8995372.677213169634342 ], [ 782468.692214636015706, 8995372.862610593438148 ], [ 782468.766568097285926, 8995373.045511296018958 ], [ 782468.847294544917531, 8995373.225689943879843 ], [ 782468.934294524136931, 8995373.402924556285143 ], [ 782469.027460851590149, 8995373.57699678093195 ], [ 782469.126678746659309, 8995373.747692162171006 ], [ 782469.231825973372906, 8995373.914800405502319 ], [ 782469.342772990697995, 8995374.078115632757545 ], [ 782469.459383112727664, 8995374.237436641007662 ], [ 782469.581512676086277, 8995374.39256714656949 ], [ 782469.709011217812076, 8995374.543316029012203 ], [ 782469.841721660224721, 8995374.689497569575906 ], [ 782469.979480504640378, 8995374.830931670963764 ], [ 782470.122118033003062, 8995374.967444086447358 ], [ 782470.26945851626806, 8995375.098866634070873 ], [ 782470.421320431865752, 8995375.225037401542068 ], [ 782470.577516686520539, 8995375.345800947397947 ], [ 782470.737854847102426, 8995375.461008492857218 ], [ 782470.902137377881445, 8995375.570518100634217 ], [ 782471.070161883370019, 8995375.674194855615497 ], [ 782471.241721358266659, 8995375.771911030635238 ], [ 782471.416604442056268, 8995375.86354623734951 ], [ 782471.594595679664053, 8995375.948987582698464 ], [ 782471.775475786533207, 8995376.028129803016782 ], [ 782471.95902191940695, 8995376.100875394418836 ], [ 782472.145007950137369, 8995376.167134737595916 ], [ 782472.333204744849354, 8995376.226826198399067 ], [ 782472.523380446014926, 8995376.279876239597797 ], [ 782472.715300757903606, 8995376.326219500973821 ], [ 782472.908729235641658, 8995376.365798890590668 ], [ 782473.103427576366812, 8995376.398565646260977 ], [ 782473.299155912478454, 8995376.424479398876429 ], [ 782473.495673107565381, 8995376.44350822083652 ], [ 782473.692737053497694, 8995376.455628672614694 ], [ 782473.890104968217202, 8995376.460825819522142 ], [ 782474.087533695390448, 8995376.459093259647489 ], [ 782474.284780003828928, 8995376.450433125719428 ], [ 782474.481600887025706, 8995376.434856090694666 ], [ 782474.677753862342797, 8995376.412381341680884 ], [ 782474.87299727043137, 8995376.383036568760872 ], [ 782475.067090572207235, 8995376.34685792401433 ], [ 782475.259794645709917, 8995376.30388998053968 ], [ 782475.450872080284171, 8995376.254185674712062 ], [ 782475.640087469480932, 8995376.197806239128113 ], [ 782475.827207700931467, 8995376.134821137413383 ], [ 782476.012002243078314, 8995376.065307963639498 ], [ 782476.194243430159986, 8995375.989352360367775 ], [ 782476.373706741840579, 8995375.907047901302576 ], [ 782476.550171079928987, 8995375.81849598698318 ], [ 782476.723419041489251, 8995375.723805714398623 ], [ 782476.89323718554806, 8995375.623093739151955 ], [ 782477.059416297241114, 8995375.516484137624502 ], [ 782477.221751644392498, 8995375.404108254238963 ], [ 782477.380043230601586, 8995375.28610453568399 ], [ 782477.534096041577868, 8995375.162618359550834 ], [ 782477.683720284956507, 8995375.033801862969995 ], [ 782477.82873162406031, 8995374.899813745170832 ], [ 782477.968951405957341, 8995374.760819079354405 ], [ 782478.104206880205311, 8995374.61698910780251 ], [ 782478.234331412939355, 8995374.468501027673483 ], [ 782478.359164691180922, 8995374.315537774935365 ], [ 782478.478552920976654, 8995374.158287798985839 ], [ 782478.59234901657328, 8995373.996944833546877 ], [ 782478.700412781676278, 8995373.831707650795579 ], [ 782478.802611082210205, 8995373.66277982108295 ], [ 782478.898818010347895, 8995373.490369463339448 ], [ 782478.988915039692074, 8995373.314688988029957 ], [ 782479.072791171027347, 8995373.135954832658172 ], [ 782479.150343069341034, 8995372.954387193545699 ], [ 782479.22147519106511, 8995372.770209765061736 ], [ 782479.286099901772104, 8995372.583649450913072 ], [ 782479.344137584092095, 8995372.394936092197895 ], [ 782479.395516735967249, 8995372.204302184283733 ], [ 782479.44017405831255, 8995372.011982588097453 ], [ 782479.478054533712566, 8995371.818214237689972 ], [ 782479.509111493476667, 8995371.623235855251551 ], [ 782479.533306675613858, 8995371.427287654951215 ], [ 782479.550610271748155, 8995371.230611043050885 ], [ 782479.561000964022242, 8995371.033448323607445 ], [ 782479.564465951058082, 8995370.83604240231216 ] ] ] ] } },
{ "type": "Feature", "properties": { "LAYER": "_BM dan Cp", "GM_TYPE": "Unknown Area Type", "ELEVATION": 0 }, "geometry": { "type": "MultiPolygon", "coordinates": [ [ [ [ 782474.314465951058082, 8995370.83604240231216 ], [ 782474.312341501121409, 8995370.796182345598936 ], [ 782474.305992222274654, 8995370.756773918867111 ], [ 782474.295490054180846, 8995370.718263635411859 ], [ 782474.280953990877606, 8995370.681087832897902 ], [ 782474.262548731523566, 8995370.645667728036642 ], [ 782474.240482815308496, 8995370.612404642626643 ], [ 782474.215006257640198, 8995370.5816754642874 ], [ 782474.186407718225382, 8995370.553828364238143 ], [ 782474.155011229915544, 8995370.529178861528635 ], [ 782474.121172527433373, 8995370.508006244897842 ], [ 782474.085275016841479, 8995370.49055041000247 ], [ 782474.047725431271829, 8995370.477009138092399 ], [ 782474.008949222625233, 8995370.46753585524857 ], [ 782473.969385740696453, 8995370.462237900123 ], [ 782473.929483255487867, 8995370.461175298318267 ], [ 782473.88969387835823, 8995370.464360089972615 ], [ 782473.850468438584358, 8995370.471756191924214 ], [ 782473.812251376220956, 8995370.483279801905155 ], [ 782473.775475705857389, 8995370.498800354078412 ], [ 782473.740558110526763, 8995370.518141992390156 ], [ 782473.707894220482558, 8995370.541085569187999 ], [ 782473.677854130626656, 8995370.567371124401689 ], [ 782473.65077820722945, 8995370.596700834110379 ], [ 782473.626973231439479, 8995370.628742378205061 ], [ 782473.606708922889084, 8995370.663132714107633 ], [ 782473.590214884490706, 8995370.699482185766101 ], [ 782473.577678000205196, 8995370.737378939986229 ], [ 782473.569240318029188, 8995370.77639359049499 ], [ 782473.564997440204024, 8995370.816084086894989 ], [ 782473.564997440204024, 8995370.85600071772933 ], [ 782473.569240318029188, 8995370.895691214129329 ], [ 782473.577678000205196, 8995370.93470586463809 ], [ 782473.590214884490706, 8995370.972602618858218 ], [ 782473.606708922889084, 8995371.008952090516686 ], [ 782473.626973231439479, 8995371.043342426419258 ], [ 782473.65077820722945, 8995371.07538397051394 ], [ 782473.677854130626656, 8995371.104713680222631 ], [ 782473.707894220482558, 8995371.13099923543632 ], [ 782473.740558110526763, 8995371.153942812234163 ], [ 782473.775475705857389, 8995371.173284450545907 ], [ 782473.812251376220956, 8995371.188805002719164 ], [ 782473.850468438584358, 8995371.200328612700105 ], [ 782473.88969387835823, 8995371.207724714651704 ], [ 782473.929483255487867, 8995371.210909506306052 ], [ 782473.969385740696453, 8995371.209846904501319 ], [ 782474.008949222625233, 8995371.204548949375749 ], [ 782474.047725431271829, 8995371.19507566653192 ], [ 782474.085275016841479, 8995371.181534394621849 ], [ 782474.121172527433373, 8995371.164078559726477 ], [ 782474.155011229915544, 8995371.142905943095684 ], [ 782474.186407718225382, 8995371.118256440386176 ], [ 782474.215006257640198, 8995371.090409340336919 ], [ 782474.240482815308496, 8995371.059680161997676 ], [ 782474.262548731523566, 8995371.026417076587677 ], [ 782474.280953990877606, 8995370.990996971726418 ], [ 782474.295490054180846, 8995370.953821169212461 ], [ 782474.305992222274654, 8995370.915310885757208 ], [ 782474.312341501121409, 8995370.875902459025383 ], [ 782474.314465951058082, 8995370.83604240231216 ] ] ] ] } },
{ "type": "Feature", "properties": { "LAYER": "_BM dan Cp", "GM_TYPE": "Unknown Area Type", "ELEVATION": null }, "geometry": { "type": "MultiPolygon", "coordinates": [ [ [ [ 782678.245669200317934, 8994590.366054711863399 ], [ 782678.245434582582675, 8994590.352688159793615 ], [ 782678.244731018319726, 8994590.339338073506951 ], [ 782678.243559374473989, 8994590.326020903885365 ], [ 782678.241921094479039, 8994590.312753055244684 ], [ 782678.239818196743727, 8994590.29955087415874 ], [ 782678.237253271741793, 8994590.286430625244975 ], [ 782678.234229479799978, 8994590.273408472537994 ], [ 782678.230750545975752, 8994590.260500459000468 ], [ 782678.226820756448433, 8994590.247722489759326 ], [ 782678.222444952582009, 8994590.235090304166079 ], [ 782678.217628525337204, 8994590.222619464620948 ], [ 782678.212377408635803, 8994590.210325337946415 ], [ 782678.206698071910068, 8994590.198223069310188 ], [ 782678.200597511837259, 8994590.186327569186687 ], [ 782678.194083244423382, 8994590.174653491005301 ], [ 782678.187163295107894, 8994590.163215218111873 ], [ 782678.179846189450473, 8994590.1520268432796 ], [ 782678.172140941838734, 8994590.141102150082588 ], [ 782678.164057045360096, 8994590.13045459613204 ], [ 782678.15560445911251, 8994590.120097301900387 ], [ 782678.146793596679345, 8994590.110043024644256 ], [ 782678.137635313090868, 8994590.100304154679179 ], [ 782678.128140891320072, 8994590.090892685577273 ], [ 782678.118322028429247, 8994590.081820216029882 ], [ 782678.108190821134485, 8994590.073097921907902 ], [ 782678.097759751020931, 8994590.064736550673842 ], [ 782678.087041669292375, 8994590.056746399030089 ], [ 782678.076049780356698, 8994590.049137316644192 ], [ 782678.064797626342624, 8994590.04191867262125 ], [ 782678.053299069870263, 8994590.035099364817142 ], [ 782678.041568276938051, 8994590.028687791898847 ], [ 782678.029619699926116, 8994590.02269185334444 ], [ 782678.017468059435487, 8994590.017118936404586 ], [ 782678.005128326243721, 8994590.011975904926658 ], [ 782677.992615702794865, 8994590.007269099354744 ], [ 782677.979945604573004, 8994590.003004314377904 ], [ 782677.967133641126566, 8994589.999186806380749 ], [ 782677.954195596743375, 8994589.99582127854228 ], [ 782677.941147411009297, 8994589.992911875247955 ], [ 782677.928005159250461, 8994589.990462183952332 ], [ 782677.914785032626241, 8994589.988475220277905 ], [ 782677.90150331822224, 8994589.986953431740403 ], [ 782677.888176379259676, 8994589.985898695886135 ], [ 782677.874820634257048, 8994589.985312309116125 ], [ 782677.86145253747236, 8994589.985194995999336 ], [ 782677.84808855841402, 8994589.985546899959445 ], [ 782677.834745161351748, 8994589.986367587000132 ], [ 782677.82143878529314, 8994589.987656047567725 ], [ 782677.808185823727399, 8994589.989410694688559 ], [ 782677.795002604136243, 8994589.991629363968968 ], [ 782677.781905368319713, 8994589.994309324771166 ], [ 782677.768910251790658, 8994589.997447272762656 ], [ 782677.756033264682628, 8994590.0010393448174 ], [ 782677.743290271377191, 8994590.005081113427877 ], [ 782677.730696971062571, 8994590.009567599743605 ], [ 782677.718268878641538, 8994590.014493275433779 ], [ 782677.706021305522881, 8994590.019852075725794 ], [ 782677.693969340645708, 8994590.025637393817306 ], [ 782677.68212783196941, 8994590.031842105090618 ], [ 782677.670511368080042, 8994590.038458565250039 ], [ 782677.659134260611609, 8994590.045478623360395 ], [ 782677.648010525968857, 8994590.052893627434969 ], [ 782677.637153868679889, 8994590.060694446787238 ], [ 782677.626577663933858, 8994590.068871466442943 ], [ 782677.616294941515662, 8994590.077414615079761 ], [ 782677.606318369973451, 8994590.086313368752599 ], [ 782677.596660240087658, 8994590.095556760206819 ], [ 782677.587332450784743, 8994590.105133404955268 ], [ 782677.578346493886784, 8994590.115031503140926 ], [ 782677.569713440025225, 8994590.125238861888647 ], [ 782677.561443925020285, 8994590.135742902755737 ], [ 782677.553548136958852, 8994590.14653068780899 ], [ 782677.546035803272389, 8994590.157588925212622 ], [ 782677.538916179328226, 8994590.168903991580009 ], [ 782677.53219803632237, 8994590.180461946874857 ], [ 782677.525889651034959, 8994590.192248551174998 ], [ 782677.519998795352876, 8994590.204249285161495 ], [ 782677.514532726723701, 8994590.216449361294508 ], [ 782677.509498179424554, 8994590.228833749890327 ], [ 782677.504901355947368, 8994590.241387195885181 ], [ 782677.500747919548303, 8994590.254094231873751 ], [ 782677.49704298726283, 8994590.266939200460911 ], [ 782677.493791123502888, 8994590.279906280338764 ], [ 782677.490996334701777, 8994590.292979495599866 ], [ 782677.488662063726224, 8994590.306142738088965 ], [ 782677.486791186733171, 8994590.319379791617393 ], [ 782677.485386008396745, 8994590.332674348726869 ], [ 782677.484448259929195, 8994590.346010029315948 ], [ 782677.483979096752591, 8994590.359370406717062 ], [ 782677.483979096752591, 8994590.372739017009735 ], [ 782677.484448259929195, 8994590.386099394410849 ], [ 782677.485386008396745, 8994590.399435074999928 ], [ 782677.486791186733171, 8994590.412729632109404 ], [ 782677.488662063726224, 8994590.425966685637832 ], [ 782677.490996334701777, 8994590.439129928126931 ], [ 782677.493791123502888, 8994590.452203143388033 ], [ 782677.49704298726283, 8994590.465170223265886 ], [ 782677.500747919548303, 8994590.478015191853046 ], [ 782677.504901355947368, 8994590.490722227841616 ], [ 782677.509498179424554, 8994590.50327567383647 ], [ 782677.514532726723701, 8994590.515660062432289 ], [ 782677.519998795352876, 8994590.527860138565302 ], [ 782677.525889651034959, 8994590.539860872551799 ], [ 782677.53219803632237, 8994590.55164747685194 ], [ 782677.538916179328226, 8994590.563205432146788 ], [ 782677.546035803272389, 8994590.574520498514175 ], [ 782677.553548136958852, 8994590.585578735917807 ], [ 782677.561443925020285, 8994590.59636652097106 ], [ 782677.569713440025225, 8994590.60687056183815 ], [ 782677.578346493886784, 8994590.617077920585871 ], [ 782677.587332450784743, 8994590.626976018771529 ], [ 782677.596660240087658, 8994590.636552663519979 ], [ 782677.606318369973451, 8994590.645796054974198 ], [ 782677.616294941515662, 8994590.654694808647037 ], [ 782677.626577663933858, 8994590.663237957283854 ], [ 782677.637153868679889, 8994590.671414976939559 ], [ 782677.648010525968857, 8994590.679215796291828 ], [ 782677.659134260611609, 8994590.686630800366402 ], [ 782677.670511368080042, 8994590.693650858476758 ], [ 782677.68212783196941, 8994590.700267318636179 ], [ 782677.693969340645708, 8994590.706472029909492 ], [ 782677.706021305522881, 8994590.712257348001003 ], [ 782677.718268878641538, 8994590.717616148293018 ], [ 782677.730696971062571, 8994590.722541823983192 ], [ 782677.743290271377191, 8994590.72702831029892 ], [ 782677.756033264682628, 8994590.731070078909397 ], [ 782677.768910251790658, 8994590.734662150964141 ], [ 782677.781905368319713, 8994590.737800098955631 ], [ 782677.795002604136243, 8994590.740480059757829 ], [ 782677.808185823727399, 8994590.742698729038239 ], [ 782677.82143878529314, 8994590.744453376159072 ], [ 782677.834745161351748, 8994590.745741836726665 ], [ 782677.84808855841402, 8994590.746562523767352 ], [ 782677.86145253747236, 8994590.746914427727461 ], [ 782677.874820634257048, 8994590.746797114610672 ], [ 782677.888176379259676, 8994590.746210727840662 ], [ 782677.90150331822224, 8994590.745155991986394 ], [ 782677.914785032626241, 8994590.743634203448892 ], [ 782677.928005159250461, 8994590.741647239774466 ], [ 782677.941147411009297, 8994590.739197548478842 ], [ 782677.954195596743375, 8994590.736288145184517 ], [ 782677.967133641126566, 8994590.732922617346048 ], [ 782677.979945604573004, 8994590.729105109348893 ], [ 782677.992615702794865, 8994590.724840324372053 ], [ 782678.005128326243721, 8994590.720133518800139 ], [ 782678.017468059435487, 8994590.714990487322211 ], [ 782678.029619699926116, 8994590.709417570382357 ], [ 782678.041568276938051, 8994590.70342163182795 ], [ 782678.053299069870263, 8994590.697010058909655 ], [ 782678.064797626342624, 8994590.690190751105547 ], [ 782678.076049780356698, 8994590.682972107082605 ], [ 782678.087041669292375, 8994590.675363024696708 ], [ 782678.097759751020931, 8994590.667372873052955 ], [ 782678.108190821134485, 8994590.659011501818895 ], [ 782678.118322028429247, 8994590.650289207696915 ], [ 782678.128140891320072, 8994590.641216738149524 ], [ 782678.137635313090868, 8994590.631805269047618 ], [ 782678.146793596679345, 8994590.622066399082541 ], [ 782678.15560445911251, 8994590.61201212182641 ], [ 782678.164057045360096, 8994590.601654827594757 ], [ 782678.172140941838734, 8994590.591007273644209 ], [ 782678.179846189450473, 8994590.580082580447197 ], [ 782678.187163295107894, 8994590.568894205614924 ], [ 782678.194083244423382, 8994590.557455932721496 ], [ 782678.200597511837259, 8994590.54578185454011 ], [ 782678.206698071910068, 8994590.533886354416609 ], [ 782678.212377408635803, 8994590.521784085780382 ], [ 782678.217628525337204, 8994590.509489959105849 ], [ 782678.222444952582009, 8994590.497019119560719 ], [ 782678.226820756448433, 8994590.484386933967471 ], [ 782678.230750545975752, 8994590.471608964726329 ], [ 782678.234229479799978, 8994590.458700951188803 ], [ 782678.237253271741793, 8994590.445678798481822 ], [ 782678.239818196743727, 8994590.432558549568057 ], [ 782678.241921094479039, 8994590.419356368482113 ], [ 782678.243559374473989, 8994590.406088519841433 ], [ 782678.244731018319726, 8994590.392771350219846 ], [ 782678.245434582582675, 8994590.379421263933182 ], [ 782678.245669200317934, 8994590.366054711863399 ] ] ] ] } },
{ "type": "Feature", "properties": { "LAYER": "_BM dan Cp", "GM_TYPE": "Unknown Area Type", "ELEVATION": 0 }, "geometry": { "type": "MultiPolygon", "coordinates": [ [ [ [ 782678.245669200317934, 8994590.366054711863399 ], [ 782678.243511470849626, 8994590.325570246204734 ], [ 782678.237062730360776, 8994590.28554448671639 ], [ 782678.226396045647562, 8994590.24643093906343 ], [ 782678.21163227467332, 8994590.208672776818275 ], [ 782678.192938696709462, 8994590.172697814181447 ], [ 782678.170527117443271, 8994590.138913663104177 ], [ 782678.144651469076052, 8994590.107703110203147 ], [ 782678.115604933118448, 8994590.07941978611052 ], [ 782678.083716618246399, 8994590.054384147748351 ], [ 782678.049347831984051, 8994590.032879862934351 ], [ 782678.012887986260466, 8994590.015150582417846 ], [ 782677.974750185851008, 8994590.001397185027599 ], [ 782677.935366547200829, 8994589.991775503382087 ], [ 782677.895183302578516, 8994589.986394556239247 ], [ 782677.854655744391493, 8994589.985315307974815 ], [ 782677.814243066008203, 8994589.988549990579486 ], [ 782677.774403159040958, 8994589.996061952784657 ], [ 782677.735587425762787, 8994590.007766079157591 ], [ 782677.698235663934611, 8994590.023529760539532 ], [ 782677.662771083880216, 8994590.043174386024475 ], [ 782677.62959551345557, 8994590.066477375105023 ], [ 782677.599084845045581, 8994590.093174694105983 ], [ 782677.571584776975214, 8994590.122963853180408 ], [ 782677.547406895784661, 8994590.155507329851389 ], [ 782677.526825146516785, 8994590.190436391159892 ], [ 782677.510072728735395, 8994590.227355277165771 ], [ 782677.497339454013854, 8994590.265845686197281 ], [ 782677.488769595278427, 8994590.305471500381827 ], [ 782677.484460252686404, 8994590.345783749595284 ], [ 782677.484460252686404, 8994590.386325674131513 ], [ 782677.488769595278427, 8994590.42663792334497 ], [ 782677.497339454013854, 8994590.466263737529516 ], [ 782677.510072728735395, 8994590.504754146561027 ], [ 782677.526825146516785, 8994590.541673032566905 ], [ 782677.547406895784661, 8994590.576602093875408 ], [ 782677.571584776975214, 8994590.609145570546389 ], [ 782677.599084845045581, 8994590.638934729620814 ], [ 782677.62959551345557, 8994590.665632048621774 ], [ 782677.662771083880216, 8994590.688935037702322 ], [ 782677.698235663934611, 8994590.708579663187265 ], [ 782677.735587425762787, 8994590.724343344569206 ], [ 782677.774403159040958, 8994590.73604747094214 ], [ 782677.814243066008203, 8994590.743559433147311 ], [ 782677.854655744391493, 8994590.746794115751982 ], [ 782677.895183302578516, 8994590.74571486748755 ], [ 782677.935366547200829, 8994590.74033392034471 ], [ 782677.974750185851008, 8994590.730712238699198 ], [ 782678.012887986260466, 8994590.716958841308951 ], [ 782678.049347831984051, 8994590.699229560792446 ], [ 782678.083716618246399, 8994590.677725275978446 ], [ 782678.115604933118448, 8994590.652689637616277 ], [ 782678.144651469076052, 8994590.62440631352365 ], [ 782678.170527117443271, 8994590.593195760622621 ], [ 782678.192938696709462, 8994590.55941160954535 ], [ 782678.21163227467332, 8994590.523436646908522 ], [ 782678.226396045647562, 8994590.485678484663367 ], [ 782678.237062730360776, 8994590.446564937010407 ], [ 782678.243511470849626, 8994590.406539177522063 ], [ 782678.245669200317934, 8994590.366054711863399 ] ] ] ] } },
{ "type": "Feature", "properties": { "LAYER": "_BM dan Cp", "GM_TYPE": "Unknown Area Type", "ELEVATION": null }, "geometry": { "type": "MultiPolygon", "coordinates": [ [ [ [ 782651.21509843680542, 8994613.145635990425944 ], [ 782651.214867437724024, 8994613.132475595921278 ], [ 782651.214174724882469, 8994613.119331413879991 ], [ 782651.213021151721478, 8994613.106219640001655 ], [ 782651.21140813967213, 8994613.093156427145004 ], [ 782651.209337675594725, 8994613.080157868564129 ], [ 782651.206812310614623, 8994613.067239977419376 ], [ 782651.203835155814886, 8994613.054418671876192 ], [ 782651.200409878976643, 8994613.041709745302796 ], [ 782651.19654070015531, 8994613.029128853231668 ], [ 782651.192232386092655, 8994613.016691500321031 ], [ 782651.187490244745277, 8994613.00441300496459 ], [ 782651.18232011818327, 8994612.992308495566249 ], [ 782651.176728376070969, 8994612.980392884463072 ], [ 782651.170721907401457, 8994612.968680853024125 ], [ 782651.164308112231083, 8994612.957186829298735 ], [ 782651.1574948921334, 8994612.945924973115325 ], [ 782651.150290641118772, 8994612.934909161180258 ], [ 782651.142704234807752, 8994612.92415296472609 ], [ 782651.134745019488037, 8994612.913669632747769 ], [ 782651.126422800938599, 8994612.903472082689404 ], [ 782651.117747832089663, 8994612.893572876229882 ], [ 782651.108730800449848, 8994612.883984211832285 ], [ 782651.099382814951241, 8994612.874717900529504 ], [ 782651.089715392445214, 8994612.865785360336304 ], [ 782651.079740442801267, 8994612.857197593897581 ], [ 782651.069470255402848, 8994612.848965181037784 ], [ 782651.058917483082041, 8994612.841098267585039 ], [ 782651.048095126519911, 8994612.833606541156769 ], [ 782651.037016519112512, 8994612.826499234884977 ], [ 782651.025695309508592, 8994612.819785103201866 ], [ 782651.014145445427857, 8994612.813472418114543 ], [ 782651.00238115619868, 8994612.807568958029151 ], [ 782650.990416935412213, 8994612.802081992849708 ], [ 782650.978267522994429, 8994612.79701828584075 ], [ 782650.965947886812501, 8994612.792384075000882 ], [ 782650.953473204746842, 8994612.788185067474842 ], [ 782650.940858845366165, 8994612.784426439553499 ], [ 782650.928120349766687, 8994612.781112818047404 ], [ 782650.915273411548696, 8994612.778248289600015 ], [ 782650.902333858073689, 8994612.775836380198598 ], [ 782650.889317630906589, 8994612.773880060762167 ], [ 782650.876240765908733, 8994612.772381745278835 ], [ 782650.863119373680092, 8994612.771343275904655 ], [ 782650.849969619768672, 8994612.77076593413949 ], [ 782650.836807704647072, 8994612.770650429651141 ], [ 782650.823649843689054, 8994612.770996905863285 ], [ 782650.810512247262523, 8994612.771804936230183 ], [ 782650.797411100938916, 8994612.773073524236679 ], [ 782650.78436254512053, 8994612.774801107123494 ], [ 782650.771382655831985, 8994612.776985557749867 ], [ 782650.758487423881888, 8994612.779624184593558 ], [ 782650.745692736469209, 8994612.782713735476136 ], [ 782650.733014356344938, 8994612.786250403150916 ], [ 782650.720467903418466, 8994612.790229834616184 ], [ 782650.708068834734149, 8994612.794647123664618 ], [ 782650.695832425844856, 8994612.799496829509735 ], [ 782650.683773752069101, 8994612.804772978648543 ], [ 782650.671907669515349, 8994612.810469068586826 ], [ 782650.660248797270469, 8994612.816578082740307 ], [ 782650.648811499006115, 8994612.823092494159937 ], [ 782650.637609865283594, 8994612.830004276707768 ], [ 782650.626657696557231, 8994612.837304918095469 ], [ 782650.615968485828489, 8994612.844985419884324 ], [ 782650.605555402231403, 8994612.853036323562264 ], [ 782650.595431274501607, 8994612.861447708681226 ], [ 782650.585608575609513, 8994612.870209211483598 ], [ 782650.576099407044239, 8994612.879310039803386 ], [ 782650.566915484028868, 8994612.888738978654146 ], [ 782650.558068121201359, 8994612.898484414443374 ], [ 782650.549568218528293, 8994612.908534340560436 ], [ 782650.54142624756787, 8994612.918876374140382 ], [ 782650.533652239479125, 8994612.92949777469039 ], [ 782650.526255771634169, 8994612.940385457128286 ], [ 782650.519245956558734, 8994612.951526006683707 ], [ 782650.512631430174224, 8994612.962905699387193 ], [ 782650.506420341669582, 8994612.974510513246059 ], [ 782650.500620343023911, 8994612.986326154321432 ], [ 782650.495238579926081, 8994612.998338064178824 ], [ 782650.4902816824615, 8994613.010531444102526 ], [ 782650.485755757661536, 8994613.022891271859407 ], [ 782650.481666381470859, 8994613.03540232218802 ], [ 782650.478018591878936, 8994613.048049177974463 ], [ 782650.474816882866435, 8994613.060816261917353 ], [ 782650.472065199166536, 8994613.07368784211576 ], [ 782650.469766930793412, 8994613.086648061871529 ], [ 782650.467924908967689, 8994613.099680956453085 ], [ 782650.466541403322481, 8994613.112770466133952 ], [ 782650.465618118178099, 8994613.125900465995073 ], [ 782650.465156191028655, 8994613.139054778963327 ], [ 782650.465156191028655, 8994613.152217201888561 ], [ 782650.465618118178099, 8994613.165371514856815 ], [ 782650.466541403322481, 8994613.178501514717937 ], [ 782650.467924908967689, 8994613.191591024398804 ], [ 782650.469766930793412, 8994613.20462391898036 ], [ 782650.472065199166536, 8994613.217584138736129 ], [ 782650.474816882866435, 8994613.230455718934536 ], [ 782650.478018591878936, 8994613.243222802877426 ], [ 782650.481666381470859, 8994613.255869658663869 ], [ 782650.485755757661536, 8994613.268380708992481 ], [ 782650.4902816824615, 8994613.280740536749363 ], [ 782650.495238579926081, 8994613.292933916673064 ], [ 782650.500620343023911, 8994613.304945826530457 ], [ 782650.506420341669582, 8994613.316761467605829 ], [ 782650.512631430174224, 8994613.328366281464696 ], [ 782650.519245956558734, 8994613.339745974168181 ], [ 782650.526255771634169, 8994613.350886523723602 ], [ 782650.533652239479125, 8994613.361774206161499 ], [ 782650.54142624756787, 8994613.372395606711507 ], [ 782650.549568218528293, 8994613.382737640291452 ], [ 782650.558068121201359, 8994613.392787566408515 ], [ 782650.566915484028868, 8994613.402533002197742 ], [ 782650.576099407044239, 8994613.411961941048503 ], [ 782650.585608575609513, 8994613.421062769368291 ], [ 782650.595431274501607, 8994613.429824272170663 ], [ 782650.605555402231403, 8994613.438235657289624 ], [ 782650.615968485828489, 8994613.446286560967565 ], [ 782650.626657696557231, 8994613.453967062756419 ], [ 782650.637609865283594, 8994613.46126770414412 ], [ 782650.648811499006115, 8994613.468179486691952 ], [ 782650.660248797270469, 8994613.474693898111582 ], [ 782650.671907669515349, 8994613.480802912265062 ], [ 782650.683773752069101, 8994613.486499002203345 ], [ 782650.695832425844856, 8994613.491775151342154 ], [ 782650.708068834734149, 8994613.496624857187271 ], [ 782650.720467903418466, 8994613.501042146235704 ], [ 782650.733014356344938, 8994613.505021577700973 ], [ 782650.745692736469209, 8994613.508558245375752 ], [ 782650.758487423881888, 8994613.51164779625833 ], [ 782650.771382655831985, 8994613.514286423102021 ], [ 782650.78436254512053, 8994613.516470873728395 ], [ 782650.797411100938916, 8994613.51819845661521 ], [ 782650.810512247262523, 8994613.519467044621706 ], [ 782650.823649843689054, 8994613.520275074988604 ], [ 782650.836807704647072, 8994613.520621551200747 ], [ 782650.849969619768672, 8994613.520506046712399 ], [ 782650.863119373680092, 8994613.519928704947233 ], [ 782650.876240765908733, 8994613.518890235573053 ], [ 782650.889317630906589, 8994613.517391920089722 ], [ 782650.902333858073689, 8994613.515435600653291 ], [ 782650.915273411548696, 8994613.513023691251874 ], [ 782650.928120349766687, 8994613.510159162804484 ], [ 782650.940858845366165, 8994613.506845541298389 ], [ 782650.953473204746842, 8994613.503086913377047 ], [ 782650.965947886812501, 8994613.498887905851007 ], [ 782650.978267522994429, 8994613.494253695011139 ], [ 782650.990416935412213, 8994613.489189988002181 ], [ 782651.00238115619868, 8994613.483703022822738 ], [ 782651.014145445427857, 8994613.477799562737346 ], [ 782651.025695309508592, 8994613.471486877650023 ], [ 782651.037016519112512, 8994613.464772745966911 ], [ 782651.048095126519911, 8994613.45766543969512 ], [ 782651.058917483082041, 8994613.45017371326685 ], [ 782651.069470255402848, 8994613.442306799814105 ], [ 782651.079740442801267, 8994613.434074386954308 ], [ 782651.089715392445214, 8994613.425486620515585 ], [ 782651.099382814951241, 8994613.416554080322385 ], [ 782651.108730800449848, 8994613.407287769019604 ], [ 782651.117747832089663, 8994613.397699104622006 ], [ 782651.126422800938599, 8994613.387799898162484 ], [ 782651.134745019488037, 8994613.377602348104119 ], [ 782651.142704234807752, 8994613.367119016125798 ], [ 782651.150290641118772, 8994613.356362819671631 ], [ 782651.1574948921334, 8994613.345347007736564 ], [ 782651.164308112231083, 8994613.334085151553154 ], [ 782651.170721907401457, 8994613.322591127827764 ], [ 782651.176728376070969, 8994613.310879096388817 ], [ 782651.18232011818327, 8994613.29896348528564 ], [ 782651.187490244745277, 8994613.286858975887299 ], [ 782651.192232386092655, 8994613.274580480530858 ], [ 782651.19654070015531, 8994613.26214312762022 ], [ 782651.200409878976643, 8994613.249562235549092 ], [ 782651.203835155814886, 8994613.236853308975697 ], [ 782651.206812310614623, 8994613.224032003432512 ], [ 782651.209337675594725, 8994613.21111411228776 ], [ 782651.21140813967213, 8994613.198115553706884 ], [ 782651.213021151721478, 8994613.185052340850234 ], [ 782651.214174724882469, 8994613.171940566971898 ], [ 782651.214867437724024, 8994613.158796384930611 ], [ 782651.21509843680542, 8994613.145635990425944 ] ] ] ] } },
{ "type": "Feature", "properties": { "LAYER": "_BM dan Cp", "GM_TYPE": "Unknown Area Type", "ELEVATION": null }, "geometry": { "type": "MultiPolygon", "coordinates": [ [ [ [ 782653.09009843680542, 8994613.145635990425944 ], [ 782653.0887124419678, 8994613.066673621535301 ], [ 782653.084556165151298, 8994612.987808534875512 ], [ 782653.077634726651013, 8994612.909137889742851 ], [ 782653.067956653772853, 8994612.830758608877659 ], [ 782653.055533869890496, 8994612.752767257392406 ], [ 782653.040381679660641, 8994612.675259916111827 ], [ 782653.022518750745803, 8994612.598332077264786 ], [ 782653.001967090065591, 8994612.522078514099121 ], [ 782652.978752017137595, 8994612.446593170985579 ], [ 782652.952902132761665, 8994612.371969046071172 ], [ 782652.924449284095317, 8994612.298298073932528 ], [ 782652.893428524839692, 8994612.225671017542481 ], [ 782652.859878072282299, 8994612.154177356511354 ], [ 782652.823839260498062, 8994612.083905166015029 ], [ 782652.785356489242986, 8994612.014941023662686 ], [ 782652.744477169006132, 8994611.947369892150164 ], [ 782652.701251663034782, 8994611.881275018677115 ], [ 782652.655733224819414, 8994611.816737830638885 ], [ 782652.607977932901122, 8994611.753837840631604 ], [ 782652.558044621604495, 8994611.692652540281415 ], [ 782652.505994808510877, 8994611.633257308974862 ], [ 782652.451892618788406, 8994611.575725318863988 ], [ 782652.395804706029594, 8994611.520127452909946 ], [ 782652.33780017029494, 8994611.46653220616281 ], [ 782652.277950473013334, 8994611.415005607530475 ], [ 782652.216329348622821, 8994611.36561113782227 ], [ 782652.153012714115903, 8994611.318409649655223 ], [ 782652.088078575208783, 8994611.273459296673536 ], [ 782652.021606930647977, 8994611.230815455317497 ], [ 782651.953679673024453, 8994611.19053066521883 ], [ 782651.884380488423631, 8994611.152654556557536 ], [ 782651.813794753048569, 8994611.117233790457249 ], [ 782651.742009428446181, 8994611.084312006831169 ], [ 782651.669112953590229, 8994611.053929764777422 ], [ 782651.59519513673149, 8994611.026124496012926 ], [ 782651.520347044221126, 8994611.000930454581976 ], [ 782651.444660888519138, 8994610.978378681465983 ], [ 782651.368229914689437, 8994610.958496959879994 ], [ 782651.291148285265081, 8994610.941309781745076 ], [ 782651.213510964531451, 8994610.92683832347393 ], [ 782651.135413601296023, 8994610.915100414305925 ], [ 782651.056952411192469, 8994610.906110515818 ], [ 782650.978224057937041, 8994610.899879701435566 ], [ 782650.899325534584932, 8994610.896415647119284 ], [ 782650.820354043622501, 8994610.89572262391448 ], [ 782650.741406877757981, 8994610.897801483049989 ], [ 782650.662581299431622, 8994610.902649663388729 ], [ 782650.583974421373568, 8994610.910261191427708 ], [ 782650.505683086928912, 8994610.920626692473888 ], [ 782650.427803750615567, 8994610.933733394369483 ], [ 782650.350432359497063, 8994610.949565149843693 ], [ 782650.273664234788157, 8994610.96810245513916 ], [ 782650.197593954275362, 8994610.98932247236371 ], [ 782650.122315236483701, 8994611.013199055567384 ], [ 782650.047920824144967, 8994611.039702793583274 ], [ 782649.974502371042036, 8994611.068801030516624 ], [ 782649.902150328271091, 8994611.100457917898893 ], [ 782649.830953833181411, 8994611.134634457528591 ], [ 782649.761000599712133, 8994611.171288538724184 ], [ 782649.692376809776761, 8994611.210375009104609 ], [ 782649.625167007558048, 8994611.251845711842179 ], [ 782649.559453995199874, 8994611.29564955458045 ], [ 782649.495318730943836, 8994611.341732572764158 ], [ 782649.432840229128487, 8994611.39003799110651 ], [ 782649.372095462866127, 8994611.440506298094988 ], [ 782649.313159269513562, 8994611.493075316771865 ], [ 782649.256104258238338, 8994611.547680282965302 ], [ 782649.201000720495358, 8994611.604253923520446 ], [ 782649.1479165435303, 8994611.662726540118456 ], [ 782649.096917126793414, 8994611.723026093095541 ], [ 782649.048065301496536, 8994611.785078294575214 ], [ 782649.001421252731234, 8994611.848806697875261 ], [ 782648.9570424456615, 8994611.914132788777351 ], [ 782648.914983555092476, 8994611.980976086109877 ], [ 782648.875296397018246, 8994612.049254238605499 ], [ 782648.838029866106808, 8994612.11888312920928 ], [ 782648.803229874349199, 8994612.189776973798871 ], [ 782648.770939295296557, 8994612.261848432943225 ], [ 782648.741197910741903, 8994612.335008714348078 ], [ 782648.714042362058535, 8994612.409167682752013 ], [ 782648.689506104565226, 8994612.484233979135752 ], [ 782648.66761936689727, 8994612.560115119442344 ], [ 782648.648409113520756, 8994612.636717617511749 ], [ 782648.631899011204951, 8994612.713947102427483 ], [ 782648.618109400384128, 8994612.791708424687386 ], [ 782648.607057269895449, 8994612.869905784726143 ], [ 782648.59875623579137, 8994612.948442842811346 ], [ 782648.593216524925083, 8994613.027222840115428 ], [ 782648.590444962144829, 8994613.106148725375533 ], [ 782648.590444962144829, 8994613.185123255476356 ], [ 782648.593216524925083, 8994613.264049140736461 ], [ 782648.59875623579137, 8994613.342829138040543 ], [ 782648.607057269895449, 8994613.421366196125746 ], [ 782648.618109400384128, 8994613.499563556164503 ], [ 782648.631899011204951, 8994613.577324878424406 ], [ 782648.648409113520756, 8994613.654554363340139 ], [ 782648.66761936689727, 8994613.731156861409545 ], [ 782648.689506104565226, 8994613.807038001716137 ], [ 782648.714042362058535, 8994613.882104298099875 ], [ 782648.741197910741903, 8994613.956263266503811 ], [ 782648.770939295296557, 8994614.029423547908664 ], [ 782648.803229874349199, 8994614.101495007053018 ], [ 782648.838029866106808, 8994614.172388851642609 ], [ 782648.875296397018246, 8994614.242017742246389 ], [ 782648.914983555092476, 8994614.310295894742012 ], [ 782648.9570424456615, 8994614.377139192074537 ], [ 782649.001421252731234, 8994614.442465282976627 ], [ 782649.048065301496536, 8994614.506193686276674 ], [ 782649.096917126793414, 8994614.568245887756348 ], [ 782649.1479165435303, 8994614.628545440733433 ], [ 782649.201000720495358, 8994614.687018057331443 ], [ 782649.256104258238338, 8994614.743591697886586 ], [ 782649.313159269513562, 8994614.798196664080024 ], [ 782649.372095462866127, 8994614.850765682756901 ], [ 782649.432840229128487, 8994614.901233989745378 ], [ 782649.495318730943836, 8994614.94953940808773 ], [ 782649.559453995199874, 8994614.995622426271439 ], [ 782649.625167007558048, 8994615.039426269009709 ], [ 782649.692376809776761, 8994615.080896971747279 ], [ 782649.761000599712133, 8994615.119983442127705 ], [ 782649.830953833181411, 8994615.156637523323298 ], [ 782649.902150328271091, 8994615.190814062952995 ], [ 782649.974502371042036, 8994615.222470950335264 ], [ 782650.047920824144967, 8994615.251569187268615 ], [ 782650.122315236483701, 8994615.278072925284505 ], [ 782650.197593954275362, 8994615.301949508488178 ], [ 782650.273664234788157, 8994615.323169525712729 ], [ 782650.350432359497063, 8994615.341706831008196 ], [ 782650.427803750615567, 8994615.357538586482406 ], [ 782650.505683086928912, 8994615.370645288378 ], [ 782650.583974421373568, 8994615.381010789424181 ], [ 782650.662581299431622, 8994615.38862231746316 ], [ 782650.741406877757981, 8994615.3934704978019 ], [ 782650.820354043622501, 8994615.395549356937408 ], [ 782650.899325534584932, 8994615.394856333732605 ], [ 782650.978224057937041, 8994615.391392279416323 ], [ 782651.056952411192469, 8994615.385161465033889 ], [ 782651.135413601296023, 8994615.376171566545963 ], [ 782651.213510964531451, 8994615.364433657377958 ], [ 782651.291148285265081, 8994615.349962199106812 ], [ 782651.368229914689437, 8994615.332775020971894 ], [ 782651.444660888519138, 8994615.312893299385905 ], [ 782651.520347044221126, 8994615.290341526269913 ], [ 782651.59519513673149, 8994615.265147484838963 ], [ 782651.669112953590229, 8994615.237342216074467 ], [ 782651.742009428446181, 8994615.20695997402072 ], [ 782651.813794753048569, 8994615.17403819039464 ], [ 782651.884380488423631, 8994615.138617424294353 ], [ 782651.953679673024453, 8994615.100741315633059 ], [ 782652.021606930647977, 8994615.060456525534391 ], [ 782652.088078575208783, 8994615.017812684178352 ], [ 782652.153012714115903, 8994614.972862331196666 ], [ 782652.216329348622821, 8994614.925660843029618 ], [ 782652.277950473013334, 8994614.876266373321414 ], [ 782652.33780017029494, 8994614.824739774689078 ], [ 782652.395804706029594, 8994614.771144527941942 ], [ 782652.451892618788406, 8994614.715546661987901 ], [ 782652.505994808510877, 8994614.658014671877027 ], [ 782652.558044621604495, 8994614.598619440570474 ], [ 782652.607977932901122, 8994614.537434140220284 ], [ 782652.655733224819414, 8994614.474534150213003 ], [ 782652.701251663034782, 8994614.409996962174773 ], [ 782652.744477169006132, 8994614.343902088701725 ], [ 782652.785356489242986, 8994614.276330957189202 ], [ 782652.823839260498062, 8994614.20736681483686 ], [ 782652.859878072282299, 8994614.137094624340534 ], [ 782652.893428524839692, 8994614.065600963309407 ], [ 782652.924449284095317, 8994613.99297390691936 ], [ 782652.952902132761665, 8994613.919302934780717 ], [ 782652.978752017137595, 8994613.844678809866309 ], [ 782653.001967090065591, 8994613.769193466752768 ], [ 782653.022518750745803, 8994613.692939903587103 ], [ 782653.040381679660641, 8994613.616012064740062 ], [ 782653.055533869890496, 8994613.538504723459482 ], [ 782653.067956653772853, 8994613.46051337197423 ], [ 782653.077634726651013, 8994613.382134091109037 ], [ 782653.084556165151298, 8994613.303463445976377 ], [ 782653.0887124419678, 8994613.224598359316587 ], [ 782653.09009843680542, 8994613.145635990425944 ] ] ] ] } },
{ "type": "Feature", "properties": { "LAYER": "_BM dan Cp", "GM_TYPE": "Unknown Area Type", "ELEVATION": null }, "geometry": { "type": "MultiPolygon", "coordinates": [ [ [ [ 782656.46509843680542, 8994613.145635990425944 ], [ 782656.461633449769579, 8994612.948230069130659 ], [ 782656.451242757495493, 8994612.751067349687219 ], [ 782656.433939161361195, 8994612.554390737786889 ], [ 782656.409743979224004, 8994612.358442537486553 ], [ 782656.378687019459903, 8994612.163464155048132 ], [ 782656.340806544059888, 8994611.969695804640651 ], [ 782656.296149221714586, 8994611.77737620845437 ], [ 782656.244770069839433, 8994611.586742300540209 ], [ 782656.186732387519442, 8994611.398028941825032 ], [ 782656.122107676812448, 8994611.211468627676368 ], [ 782656.050975555088371, 8994611.027291199192405 ], [ 782655.973423656774685, 8994610.845723560079932 ], [ 782655.889547525439411, 8994610.666989404708147 ], [ 782655.799450496095233, 8994610.491308929398656 ], [ 782655.703243567957543, 8994610.318898571655154 ], [ 782655.601045267423615, 8994610.149970741942525 ], [ 782655.492981502320617, 8994609.984733559191227 ], [ 782655.379185406723991, 8994609.823390593752265 ], [ 782655.259797176928259, 8994609.666140617802739 ], [ 782655.134963898686692, 8994609.513177365064621 ], [ 782655.004839365952648, 8994609.364689284935594 ], [ 782654.869583891704679, 8994609.220859313383698 ], [ 782654.729364109807648, 8994609.081864647567272 ], [ 782654.584352770703845, 8994608.947876529768109 ], [ 782654.434728527325206, 8994608.81906003318727 ], [ 782654.280675716348924, 8994608.695573857054114 ], [ 782654.122384130139835, 8994608.577570138499141 ], [ 782653.960048782988451, 8994608.465194255113602 ], [ 782653.793869671295397, 8994608.358584653586149 ], [ 782653.624051527236588, 8994608.257872678339481 ], [ 782653.450803565676324, 8994608.163182405754924 ], [ 782653.274339227587916, 8994608.074630491435528 ], [ 782653.094875915907323, 8994607.992326032370329 ], [ 782652.912634728825651, 8994607.916370429098606 ], [ 782652.727840186678804, 8994607.846857255324721 ], [ 782652.540719955228269, 8994607.783872153609991 ], [ 782652.351504566031508, 8994607.727492718026042 ], [ 782652.160427131457254, 8994607.677788412198424 ], [ 782651.967723057954572, 8994607.634820468723774 ], [ 782651.773629756178707, 8994607.598641823977232 ], [ 782651.578386348090135, 8994607.56929705105722 ], [ 782651.382233372773044, 8994607.546822302043438 ], [ 782651.185412489576265, 8994607.531245267018676 ], [ 782650.988166181137785, 8994607.522585133090615 ], [ 782650.790737453964539, 8994607.520852573215961 ], [ 782650.593369539245032, 8994607.52604972012341 ], [ 782650.396305593312718, 8994607.538170171901584 ], [ 782650.199788398225792, 8994607.557198993861675 ], [ 782650.004060062114149, 8994607.583112746477127 ], [ 782649.809361721388996, 8994607.615879502147436 ], [ 782649.615933243650943, 8994607.655458891764283 ], [ 782649.424012931762263, 8994607.701802153140306 ], [ 782649.233837230596691, 8994607.754852194339037 ], [ 782649.045640435884707, 8994607.814543655142188 ], [ 782648.859654405154288, 8994607.880802998319268 ], [ 782648.676108272280544, 8994607.953548589721322 ], [ 782648.49522816541139, 8994608.032690810039639 ], [ 782648.317236927803606, 8994608.118132155388594 ], [ 782648.142353844013996, 8994608.209767362102866 ], [ 782647.970794369117357, 8994608.307483537122607 ], [ 782647.802769863628782, 8994608.411160292103887 ], [ 782647.638487332849763, 8994608.520669899880886 ], [ 782647.478149172267877, 8994608.635877445340157 ], [ 782647.321952917613089, 8994608.756640991196036 ], [ 782647.170091002015397, 8994608.882811758667231 ], [ 782647.022750518750399, 8994609.014234306290746 ], [ 782646.880112990387715, 8994609.15074672177434 ], [ 782646.742354145972058, 8994609.292180823162198 ], [ 782646.609643703559414, 8994609.438362363725901 ], [ 782646.482145161833614, 8994609.589111246168613 ], [ 782646.360015598475002, 8994609.744241751730442 ], [ 782646.243405476445332, 8994609.903562759980559 ], [ 782646.132458459120244, 8994610.066877987235785 ], [ 782646.027311232406646, 8994610.233986230567098 ], [ 782645.928093337337486, 8994610.404681611806154 ], [ 782645.834927009884268, 8994610.578753836452961 ], [ 782645.747927030664869, 8994610.755988448858261 ], [ 782645.667200583033264, 8994610.936167096719146 ], [ 782645.592847121763043, 8994611.119067799299955 ], [ 782645.524958249880001, 8994611.304465223103762 ], [ 782645.463617606204934, 8994611.492130963131785 ], [ 782645.408900762093253, 8994611.681833811104298 ], [ 782645.360875128535554, 8994611.873340059071779 ], [ 782645.319599872804247, 8994612.066413767635822 ], [ 782645.285125845810398, 8994612.260817075148225 ], [ 782645.257495519472286, 8994612.456310473382473 ], [ 782645.236742934212089, 8994612.652653118595481 ], [ 782645.22289365704637, 8994612.849603116512299 ], [ 782645.215964750270359, 8994613.046917825937271 ], [ 782645.215964750270359, 8994613.244354154914618 ], [ 782645.22289365704637, 8994613.44166886433959 ], [ 782645.236742934212089, 8994613.638618862256408 ], [ 782645.257495519472286, 8994613.834961507469416 ], [ 782645.285125845810398, 8994614.030454905703664 ], [ 782645.319599872804247, 8994614.224858213216066 ], [ 782645.360875128535554, 8994614.417931921780109 ], [ 782645.408900762093253, 8994614.609438169747591 ], [ 782645.463617606204934, 8994614.799141017720103 ], [ 782645.524958249880001, 8994614.986806757748127 ], [ 782645.592847121763043, 8994615.172204181551933 ], [ 782645.667200583033264, 8994615.355104884132743 ], [ 782645.747927030664869, 8994615.535283531993628 ], [ 782645.834927009884268, 8994615.712518144398928 ], [ 782645.928093337337486, 8994615.886590369045734 ], [ 782646.027311232406646, 8994616.057285750284791 ], [ 782646.132458459120244, 8994616.224393993616104 ], [ 782646.243405476445332, 8994616.387709220871329 ], [ 782646.360015598475002, 8994616.547030229121447 ], [ 782646.482145161833614, 8994616.702160734683275 ], [ 782646.609643703559414, 8994616.852909617125988 ], [ 782646.742354145972058, 8994616.999091157689691 ], [ 782646.880112990387715, 8994617.140525259077549 ], [ 782647.022750518750399, 8994617.277037674561143 ], [ 782647.170091002015397, 8994617.408460222184658 ], [ 782647.321952917613089, 8994617.534630989655852 ], [ 782647.478149172267877, 8994617.655394535511732 ], [ 782647.638487332849763, 8994617.770602080971003 ], [ 782647.802769863628782, 8994617.880111688748002 ], [ 782647.970794369117357, 8994617.983788443729281 ], [ 782648.142353844013996, 8994618.081504618749022 ], [ 782648.317236927803606, 8994618.173139825463295 ], [ 782648.49522816541139, 8994618.258581170812249 ], [ 782648.676108272280544, 8994618.337723391130567 ], [ 782648.859654405154288, 8994618.41046898253262 ], [ 782649.045640435884707, 8994618.476728325709701 ], [ 782649.233837230596691, 8994618.536419786512852 ], [ 782649.424012931762263, 8994618.589469827711582 ], [ 782649.615933243650943, 8994618.635813089087605 ], [ 782649.809361721388996, 8994618.675392478704453 ], [ 782650.004060062114149, 8994618.708159234374762 ], [ 782650.199788398225792, 8994618.734072986990213 ], [ 782650.396305593312718, 8994618.753101808950305 ], [ 782650.593369539245032, 8994618.765222260728478 ], [ 782650.790737453964539, 8994618.770419407635927 ], [ 782650.988166181137785, 8994618.768686847761273 ], [ 782651.185412489576265, 8994618.760026713833213 ], [ 782651.382233372773044, 8994618.744449678808451 ], [ 782651.578386348090135, 8994618.721974929794669 ], [ 782651.773629756178707, 8994618.692630156874657 ], [ 782651.967723057954572, 8994618.656451512128115 ], [ 782652.160427131457254, 8994618.613483568653464 ], [ 782652.351504566031508, 8994618.563779262825847 ], [ 782652.540719955228269, 8994618.507399827241898 ], [ 782652.727840186678804, 8994618.444414725527167 ], [ 782652.912634728825651, 8994618.374901551753283 ], [ 782653.094875915907323, 8994618.29894594848156 ], [ 782653.274339227587916, 8994618.216641489416361 ], [ 782653.450803565676324, 8994618.128089575096965 ], [ 782653.624051527236588, 8994618.033399302512407 ], [ 782653.793869671295397, 8994617.932687327265739 ], [ 782653.960048782988451, 8994617.826077725738287 ], [ 782654.122384130139835, 8994617.713701842352748 ], [ 782654.280675716348924, 8994617.595698123797774 ], [ 782654.434728527325206, 8994617.472211947664618 ], [ 782654.584352770703845, 8994617.343395451083779 ], [ 782654.729364109807648, 8994617.209407333284616 ], [ 782654.869583891704679, 8994617.07041266746819 ], [ 782655.004839365952648, 8994616.926582695916295 ], [ 782655.134963898686692, 8994616.778094615787268 ], [ 782655.259797176928259, 8994616.62513136304915 ], [ 782655.379185406723991, 8994616.467881387099624 ], [ 782655.492981502320617, 8994616.306538421660662 ], [ 782655.601045267423615, 8994616.141301238909364 ], [ 782655.703243567957543, 8994615.972373409196734 ], [ 782655.799450496095233, 8994615.799963051453233 ], [ 782655.889547525439411, 8994615.624282576143742 ], [ 782655.973423656774685, 8994615.445548420771956 ], [ 782656.050975555088371, 8994615.263980781659484 ], [ 782656.122107676812448, 8994615.079803353175521 ], [ 782656.186732387519442, 8994614.893243039026856 ], [ 782656.244770069839433, 8994614.70452968031168 ], [ 782656.296149221714586, 8994614.513895772397518 ], [ 782656.340806544059888, 8994614.321576176211238 ], [ 782656.378687019459903, 8994614.127807825803757 ], [ 782656.409743979224004, 8994613.932829443365335 ], [ 782656.433939161361195, 8994613.736881243065 ], [ 782656.451242757495493, 8994613.54020463116467 ], [ 782656.461633449769579, 8994613.34304191172123 ], [ 782656.46509843680542, 8994613.145635990425944 ] ] ] ] } },
{ "type": "Feature", "properties": { "LAYER": "_BM dan Cp", "GM_TYPE": "Unknown Area Type", "ELEVATION": 0 }, "geometry": { "type": "MultiPolygon", "coordinates": [ [ [ [ 782651.21509843680542, 8994613.145635990425944 ], [ 782651.212973986868747, 8994613.105775933712721 ], [ 782651.206624708021991, 8994613.066367506980896 ], [ 782651.196122539928183, 8994613.027857223525643 ], [ 782651.181586476624943, 8994612.990681421011686 ], [ 782651.163181217270903, 8994612.955261316150427 ], [ 782651.141115301055834, 8994612.921998230740428 ], [ 782651.115638743387535, 8994612.891269052401185 ], [ 782651.08704020397272, 8994612.863421952351928 ], [ 782651.055643715662882, 8994612.83877244964242 ], [ 782651.02180501318071, 8994612.817599833011627 ], [ 782650.985907502588816, 8994612.800143998116255 ], [ 782650.948357917019166, 8994612.786602726206183 ], [ 782650.909581708372571, 8994612.777129443362355 ], [ 782650.87001822644379, 8994612.771831488236785 ], [ 782650.830115741235204, 8994612.770768886432052 ], [ 782650.790326364105567, 8994612.7739536780864 ], [ 782650.751100924331695, 8994612.781349780037999 ], [ 782650.712883861968294, 8994612.79287339001894 ], [ 782650.676108191604726, 8994612.808393942192197 ], [ 782650.6411905962741, 8994612.827735580503941 ], [ 782650.608526706229895, 8994612.850679157301784 ], [ 782650.578486616373993, 8994612.876964712515473 ], [ 782650.551410692976788, 8994612.906294422224164 ], [ 782650.527605717186816, 8994612.938335966318846 ], [ 782650.507341408636421, 8994612.972726302221417 ], [ 782650.490847370238043, 8994613.009075773879886 ], [ 782650.478310485952534, 8994613.046972528100014 ], [ 782650.469872803776525, 8994613.085987178608775 ], [ 782650.465629925951362, 8994613.125677675008774 ], [ 782650.465629925951362, 8994613.165594305843115 ], [ 782650.469872803776525, 8994613.205284802243114 ], [ 782650.478310485952534, 8994613.244299452751875 ], [ 782650.490847370238043, 8994613.282196206972003 ], [ 782650.507341408636421, 8994613.318545678630471 ], [ 782650.527605717186816, 8994613.352936014533043 ], [ 782650.551410692976788, 8994613.384977558627725 ], [ 782650.578486616373993, 8994613.414307268336415 ], [ 782650.608526706229895, 8994613.440592823550105 ], [ 782650.6411905962741, 8994613.463536400347948 ], [ 782650.676108191604726, 8994613.482878038659692 ], [ 782650.712883861968294, 8994613.498398590832949 ], [ 782650.751100924331695, 8994613.50992220081389 ], [ 782650.790326364105567, 8994613.517318302765489 ], [ 782650.830115741235204, 8994613.520503094419837 ], [ 782650.87001822644379, 8994613.519440492615104 ], [ 782650.909581708372571, 8994613.514142537489533 ], [ 782650.948357917019166, 8994613.504669254645705 ], [ 782650.985907502588816, 8994613.491127982735634 ], [ 782651.02180501318071, 8994613.473672147840261 ], [ 782651.055643715662882, 8994613.452499531209469 ], [ 782651.08704020397272, 8994613.427850028499961 ], [ 782651.115638743387535, 8994613.400002928450704 ], [ 782651.141115301055834, 8994613.369273750111461 ], [ 782651.163181217270903, 8994613.336010664701462 ], [ 782651.181586476624943, 8994613.300590559840202 ], [ 782651.196122539928183, 8994613.263414757326245 ], [ 782651.206624708021991, 8994613.224904473870993 ], [ 782651.212973986868747, 8994613.185496047139168 ], [ 782651.21509843680542, 8994613.145635990425944 ] ] ] ] } },
{ "type": "Feature", "properties": { "LAYER": "_BM dan Cp", "GM_TYPE": "Unknown Area Type", "ELEVATION": null }, "geometry": { "type": "MultiPolygon", "coordinates": [ [ [ [ 781006.928406430291943, 8999076.477574674412608 ], [ 781006.928175431210548, 8999076.464414279907942 ], [ 781006.927482718368992, 8999076.451270097866654 ], [ 781006.926329145208001, 8999076.438158323988318 ], [ 781006.924716133158654, 8999076.425095111131668 ], [ 781006.922645669081248, 8999076.412096552550793 ], [ 781006.920120304101147, 8999076.39917866140604 ], [ 781006.91714314930141, 8999076.386357355862856 ], [ 781006.913717872463167, 8999076.37364842928946 ], [ 781006.909848693641834, 8999076.361067537218332 ], [ 781006.905540379579179, 8999076.348630184307694 ], [ 781006.9007982382318, 8999076.336351688951254 ], [ 781006.895628111669794, 8999076.324247179552913 ], [ 781006.890036369557492, 8999076.312331568449736 ], [ 781006.884029900887981, 8999076.300619537010789 ], [ 781006.877616105717607, 8999076.289125513285398 ], [ 781006.870802885619923, 8999076.277863657101989 ], [ 781006.863598634605296, 8999076.266847845166922 ], [ 781006.856012228294276, 8999076.256091648712754 ], [ 781006.84805301297456, 8999076.245608316734433 ], [ 781006.839730794425122, 8999076.235410766676068 ], [ 781006.831055825576186, 8999076.225511560216546 ], [ 781006.822038793936372, 8999076.215922895818949 ], [ 781006.812690808437765, 8999076.206656584516168 ], [ 781006.803023385931738, 8999076.197724044322968 ], [ 781006.793048436287791, 8999076.189136277884245 ], [ 781006.782778248889372, 8999076.180903865024447 ], [ 781006.772225476568565, 8999076.173036951571703 ], [ 781006.761403120006435, 8999076.165545225143433 ], [ 781006.750324512599036, 8999076.158437918871641 ], [ 781006.739003302995116, 8999076.15172378718853 ], [ 781006.727453438914381, 8999076.145411102101207 ], [ 781006.715689149685204, 8999076.139507642015815 ], [ 781006.703724928898737, 8999076.134020676836371 ], [ 781006.691575516480953, 8999076.128956969827414 ], [ 781006.679255880299024, 8999076.124322758987546 ], [ 781006.666781198233366, 8999076.120123751461506 ], [ 781006.654166838852689, 8999076.116365123540163 ], [ 781006.64142834325321, 8999076.113051502034068 ], [ 781006.62858140503522, 8999076.110186973586679 ], [ 781006.615641851560213, 8999076.107775064185262 ], [ 781006.602625624393113, 8999076.105818744748831 ], [ 781006.589548759395257, 8999076.104320429265499 ], [ 781006.576427367166616, 8999076.103281959891319 ], [ 781006.563277613255195, 8999076.102704618126154 ], [ 781006.550115698133595, 8999076.102589113637805 ], [ 781006.536957837175578, 8999076.102935589849949 ], [ 781006.523820240749046, 8999076.103743620216846 ], [ 781006.51071909442544, 8999076.105012208223343 ], [ 781006.497670538607053, 8999076.106739791110158 ], [ 781006.484690649318509, 8999076.108924241736531 ], [ 781006.471795417368412, 8999076.111562868580222 ], [ 781006.459000729955733, 8999076.1146524194628 ], [ 781006.446322349831462, 8999076.11818908713758 ], [ 781006.43377589690499, 8999076.122168518602848 ], [ 781006.421376828220673, 8999076.126585807651281 ], [ 781006.409140419331379, 8999076.131435513496399 ], [ 781006.397081745555624, 8999076.136711662635207 ], [ 781006.385215663001873, 8999076.14240775257349 ], [ 781006.373556790756993, 8999076.148516766726971 ], [ 781006.362119492492639, 8999076.155031178146601 ], [ 781006.350917858770117, 8999076.161942960694432 ], [ 781006.339965690043755, 8999076.169243602082133 ], [ 781006.329276479315013, 8999076.176924103870988 ], [ 781006.318863395717926, 8999076.184975007548928 ], [ 781006.30873926798813, 8999076.19338639266789 ], [ 781006.298916569096036, 8999076.202147895470262 ], [ 781006.289407400530763, 8999076.21124872379005 ], [ 781006.280223477515392, 8999076.22067766264081 ], [ 781006.271376114687882, 8999076.230423098430037 ], [ 781006.262876212014817, 8999076.2404730245471 ], [ 781006.254734241054393, 8999076.250815058127046 ], [ 781006.246960232965648, 8999076.261436458677053 ], [ 781006.239563765120693, 8999076.27232414111495 ], [ 781006.232553950045258, 8999076.283464690670371 ], [ 781006.225939423660748, 8999076.294844383373857 ], [ 781006.219728335156105, 8999076.306449197232723 ], [ 781006.213928336510435, 8999076.318264838308096 ], [ 781006.208546573412605, 8999076.330276748165488 ], [ 781006.203589675948024, 8999076.34247012808919 ], [ 781006.19906375114806, 8999076.354829955846071 ], [ 781006.194974374957383, 8999076.367341006174684 ], [ 781006.191326585365459, 8999076.379987861961126 ], [ 781006.188124876352958, 8999076.392754945904016 ], [ 781006.18537319265306, 8999076.405626526102424 ], [ 781006.183074924279936, 8999076.418586745858192 ], [ 781006.181232902454212, 8999076.431619640439749 ], [ 781006.179849396809004, 8999076.444709150120616 ], [ 781006.178926111664623, 8999076.457839149981737 ], [ 781006.178464184515178, 8999076.470993462949991 ], [ 781006.178464184515178, 8999076.484155885875225 ], [ 781006.178926111664623, 8999076.497310198843479 ], [ 781006.179849396809004, 8999076.5104401987046 ], [ 781006.181232902454212, 8999076.523529708385468 ], [ 781006.183074924279936, 8999076.536562602967024 ], [ 781006.18537319265306, 8999076.549522822722793 ], [ 781006.188124876352958, 8999076.5623944029212 ], [ 781006.191326585365459, 8999076.57516148686409 ], [ 781006.194974374957383, 8999076.587808342650533 ], [ 781006.19906375114806, 8999076.600319392979145 ], [ 781006.203589675948024, 8999076.612679220736027 ], [ 781006.208546573412605, 8999076.624872600659728 ], [ 781006.213928336510435, 8999076.63688451051712 ], [ 781006.219728335156105, 8999076.648700151592493 ], [ 781006.225939423660748, 8999076.66030496545136 ], [ 781006.232553950045258, 8999076.671684658154845 ], [ 781006.239563765120693, 8999076.682825207710266 ], [ 781006.246960232965648, 8999076.693712890148163 ], [ 781006.254734241054393, 8999076.704334290698171 ], [ 781006.262876212014817, 8999076.714676324278116 ], [ 781006.271376114687882, 8999076.724726250395179 ], [ 781006.280223477515392, 8999076.734471686184406 ], [ 781006.289407400530763, 8999076.743900625035167 ], [ 781006.298916569096036, 8999076.753001453354955 ], [ 781006.30873926798813, 8999076.761762956157327 ], [ 781006.318863395717926, 8999076.770174341276288 ], [ 781006.329276479315013, 8999076.778225244954228 ], [ 781006.339965690043755, 8999076.785905746743083 ], [ 781006.350917858770117, 8999076.793206388130784 ], [ 781006.362119492492639, 8999076.800118170678616 ], [ 781006.373556790756993, 8999076.806632582098246 ], [ 781006.385215663001873, 8999076.812741596251726 ], [ 781006.397081745555624, 8999076.818437686190009 ], [ 781006.409140419331379, 8999076.823713835328817 ], [ 781006.421376828220673, 8999076.828563541173935 ], [ 781006.43377589690499, 8999076.832980830222368 ], [ 781006.446322349831462, 8999076.836960261687636 ], [ 781006.459000729955733, 8999076.840496929362416 ], [ 781006.471795417368412, 8999076.843586480244994 ], [ 781006.484690649318509, 8999076.846225107088685 ], [ 781006.497670538607053, 8999076.848409557715058 ], [ 781006.51071909442544, 8999076.850137140601873 ], [ 781006.523820240749046, 8999076.85140572860837 ], [ 781006.536957837175578, 8999076.852213758975267 ], [ 781006.550115698133595, 8999076.852560235187411 ], [ 781006.563277613255195, 8999076.852444730699062 ], [ 781006.576427367166616, 8999076.851867388933897 ], [ 781006.589548759395257, 8999076.850828919559717 ], [ 781006.602625624393113, 8999076.849330604076385 ], [ 781006.615641851560213, 8999076.847374284639955 ], [ 781006.62858140503522, 8999076.844962375238538 ], [ 781006.64142834325321, 8999076.842097846791148 ], [ 781006.654166838852689, 8999076.838784225285053 ], [ 781006.666781198233366, 8999076.83502559736371 ], [ 781006.679255880299024, 8999076.83082658983767 ], [ 781006.691575516480953, 8999076.826192378997803 ], [ 781006.703724928898737, 8999076.821128671988845 ], [ 781006.715689149685204, 8999076.815641706809402 ], [ 781006.727453438914381, 8999076.80973824672401 ], [ 781006.739003302995116, 8999076.803425561636686 ], [ 781006.750324512599036, 8999076.796711429953575 ], [ 781006.761403120006435, 8999076.789604123681784 ], [ 781006.772225476568565, 8999076.782112397253513 ], [ 781006.782778248889372, 8999076.774245483800769 ], [ 781006.793048436287791, 8999076.766013070940971 ], [ 781006.803023385931738, 8999076.757425304502249 ], [ 781006.812690808437765, 8999076.748492764309049 ], [ 781006.822038793936372, 8999076.739226453006268 ], [ 781006.831055825576186, 8999076.72963778860867 ], [ 781006.839730794425122, 8999076.719738582149148 ], [ 781006.84805301297456, 8999076.709541032090783 ], [ 781006.856012228294276, 8999076.699057700112462 ], [ 781006.863598634605296, 8999076.688301503658295 ], [ 781006.870802885619923, 8999076.677285691723228 ], [ 781006.877616105717607, 8999076.666023835539818 ], [ 781006.884029900887981, 8999076.654529811814427 ], [ 781006.890036369557492, 8999076.642817780375481 ], [ 781006.895628111669794, 8999076.630902169272304 ], [ 781006.9007982382318, 8999076.618797659873962 ], [ 781006.905540379579179, 8999076.606519164517522 ], [ 781006.909848693641834, 8999076.594081811606884 ], [ 781006.913717872463167, 8999076.581500919535756 ], [ 781006.91714314930141, 8999076.56879199296236 ], [ 781006.920120304101147, 8999076.555970687419176 ], [ 781006.922645669081248, 8999076.543052796274424 ], [ 781006.924716133158654, 8999076.530054237693548 ], [ 781006.926329145208001, 8999076.516991024836898 ], [ 781006.927482718368992, 8999076.503879250958562 ], [ 781006.928175431210548, 8999076.490735068917274 ], [ 781006.928406430291943, 8999076.477574674412608 ] ] ] ] } },
{ "type": "Feature", "properties": { "LAYER": "_BM dan Cp", "GM_TYPE": "Unknown Area Type", "ELEVATION": null }, "geometry": { "type": "MultiPolygon", "coordinates": [ [ [ [ 781008.803406430291943, 8999076.477574674412608 ], [ 781008.802020435454324, 8999076.398612305521965 ], [ 781008.797864158637822, 8999076.319747218862176 ], [ 781008.790942720137537, 8999076.241076573729515 ], [ 781008.781264647259377, 8999076.162697292864323 ], [ 781008.76884186337702, 8999076.08470594137907 ], [ 781008.753689673147164, 8999076.007198600098491 ], [ 781008.735826744232327, 8999075.93027076125145 ], [ 781008.715275083552115, 8999075.854017198085785 ], [ 781008.692060010624118, 8999075.778531854972243 ], [ 781008.666210126248188, 8999075.703907730057836 ], [ 781008.637757277581841, 8999075.630236757919192 ], [ 781008.606736518326215, 8999075.557609701529145 ], [ 781008.573186065768823, 8999075.486116040498018 ], [ 781008.537147253984585, 8999075.415843850001693 ], [ 781008.498664482729509, 8999075.34687970764935 ], [ 781008.457785162492655, 8999075.279308576136827 ], [ 781008.414559656521305, 8999075.213213702663779 ], [ 781008.369041218305938, 8999075.148676514625549 ], [ 781008.321285926387645, 8999075.085776524618268 ], [ 781008.271352615091018, 8999075.024591224268079 ], [ 781008.219302801997401, 8999074.965195992961526 ], [ 781008.16520061227493, 8999074.907664002850652 ], [ 781008.109112699516118, 8999074.85206613689661 ], [ 781008.051108163781464, 8999074.798470890149474 ], [ 781007.991258466499858, 8999074.746944291517138 ], [ 781007.929637342109345, 8999074.697549821808934 ], [ 781007.866320707602426, 8999074.650348333641887 ], [ 781007.801386568695307, 8999074.6053979806602 ], [ 781007.7349149241345, 8999074.562754139304161 ], [ 781007.666987666510977, 8999074.522469349205494 ], [ 781007.597688481910154, 8999074.4845932405442 ], [ 781007.527102746535093, 8999074.449172474443913 ], [ 781007.455317421932705, 8999074.416250690817833 ], [ 781007.382420947076753, 8999074.385868448764086 ], [ 781007.308503130218014, 8999074.35806317999959 ], [ 781007.233655037707649, 8999074.33286913856864 ], [ 781007.157968882005662, 8999074.310317365452647 ], [ 781007.08153790817596, 8999074.290435643866658 ], [ 781007.004456278751604, 8999074.27324846573174 ], [ 781006.926818958017975, 8999074.258777007460594 ], [ 781006.848721594782546, 8999074.247039098292589 ], [ 781006.770260404678993, 8999074.238049199804664 ], [ 781006.691532051423565, 8999074.23181838542223 ], [ 781006.612633528071456, 8999074.228354331105947 ], [ 781006.533662037109025, 8999074.227661307901144 ], [ 781006.454714871244505, 8999074.229740167036653 ], [ 781006.375889292918146, 8999074.234588347375393 ], [ 781006.297282414860092, 8999074.242199875414371 ], [ 781006.218991080415435, 8999074.252565376460552 ], [ 781006.141111744102091, 8999074.265672078356147 ], [ 781006.063740352983586, 8999074.281503833830357 ], [ 781005.986972228274681, 8999074.300041139125824 ], [ 781005.910901947761886, 8999074.321261156350374 ], [ 781005.835623229970224, 8999074.345137739554048 ], [ 781005.761228817631491, 8999074.371641477569938 ], [ 781005.687810364528559, 8999074.400739714503288 ], [ 781005.615458321757615, 8999074.432396601885557 ], [ 781005.544261826667935, 8999074.466573141515255 ], [ 781005.474308593198657, 8999074.503227222710848 ], [ 781005.405684803263284, 8999074.542313693091273 ], [ 781005.338475001044571, 8999074.583784395828843 ], [ 781005.272761988686398, 8999074.627588238567114 ], [ 781005.20862672443036, 8999074.673671256750822 ], [ 781005.146148222615011, 8999074.721976675093174 ], [ 781005.085403456352651, 8999074.772444982081652 ], [ 781005.026467263000086, 8999074.825014000758529 ], [ 781004.969412251724862, 8999074.879618966951966 ], [ 781004.914308713981882, 8999074.93619260750711 ], [ 781004.861224537016824, 8999074.99466522410512 ], [ 781004.810225120279938, 8999075.054964777082205 ], [ 781004.761373294983059, 8999075.117016978561878 ], [ 781004.714729246217757, 8999075.180745381861925 ], [ 781004.670350439148024, 8999075.246071472764015 ], [ 781004.628291548579, 8999075.31291477009654 ], [ 781004.58860439050477, 8999075.381192922592163 ], [ 781004.551337859593332, 8999075.450821813195944 ], [ 781004.516537867835723, 8999075.521715657785535 ], [ 781004.484247288783081, 8999075.593787116929889 ], [ 781004.454505904228427, 8999075.666947398334742 ], [ 781004.427350355545059, 8999075.741106366738677 ], [ 781004.402814098051749, 8999075.816172663122416 ], [ 781004.380927360383794, 8999075.892053803429008 ], [ 781004.36171710700728, 8999075.968656301498413 ], [ 781004.345207004691474, 8999076.045885786414146 ], [ 781004.331417393870652, 8999076.123647108674049 ], [ 781004.320365263381973, 8999076.201844468712807 ], [ 781004.312064229277894, 8999076.28038152679801 ], [ 781004.306524518411607, 8999076.359161524102092 ], [ 781004.303752955631353, 8999076.438087409362197 ], [ 781004.303752955631353, 8999076.517061939463019 ], [ 781004.306524518411607, 8999076.595987824723125 ], [ 781004.312064229277894, 8999076.674767822027206 ], [ 781004.320365263381973, 8999076.75330488011241 ], [ 781004.331417393870652, 8999076.831502240151167 ], [ 781004.345207004691474, 8999076.90926356241107 ], [ 781004.36171710700728, 8999076.986493047326803 ], [ 781004.380927360383794, 8999077.063095545396209 ], [ 781004.402814098051749, 8999077.138976685702801 ], [ 781004.427350355545059, 8999077.214042982086539 ], [ 781004.454505904228427, 8999077.288201950490475 ], [ 781004.484247288783081, 8999077.361362231895328 ], [ 781004.516537867835723, 8999077.433433691039681 ], [ 781004.551337859593332, 8999077.504327535629272 ], [ 781004.58860439050477, 8999077.573956426233053 ], [ 781004.628291548579, 8999077.642234578728676 ], [ 781004.670350439148024, 8999077.709077876061201 ], [ 781004.714729246217757, 8999077.774403966963291 ], [ 781004.761373294983059, 8999077.838132370263338 ], [ 781004.810225120279938, 8999077.900184571743011 ], [ 781004.861224537016824, 8999077.960484124720097 ], [ 781004.914308713981882, 8999078.018956741318107 ], [ 781004.969412251724862, 8999078.07553038187325 ], [ 781005.026467263000086, 8999078.130135348066688 ], [ 781005.085403456352651, 8999078.182704366743565 ], [ 781005.146148222615011, 8999078.233172673732042 ], [ 781005.20862672443036, 8999078.281478092074394 ], [ 781005.272761988686398, 8999078.327561110258102 ], [ 781005.338475001044571, 8999078.371364952996373 ], [ 781005.405684803263284, 8999078.412835655733943 ], [ 781005.474308593198657, 8999078.451922126114368 ], [ 781005.544261826667935, 8999078.488576207309961 ], [ 781005.615458321757615, 8999078.522752746939659 ], [ 781005.687810364528559, 8999078.554409634321928 ], [ 781005.761228817631491, 8999078.583507871255279 ], [ 781005.835623229970224, 8999078.610011609271169 ], [ 781005.910901947761886, 8999078.633888192474842 ], [ 781005.986972228274681, 8999078.655108209699392 ], [ 781006.063740352983586, 8999078.67364551499486 ], [ 781006.141111744102091, 8999078.689477270469069 ], [ 781006.218991080415435, 8999078.702583972364664 ], [ 781006.297282414860092, 8999078.712949473410845 ], [ 781006.375889292918146, 8999078.720561001449823 ], [ 781006.454714871244505, 8999078.725409181788564 ], [ 781006.533662037109025, 8999078.727488040924072 ], [ 781006.612633528071456, 8999078.726795017719269 ], [ 781006.691532051423565, 8999078.723330963402987 ], [ 781006.770260404678993, 8999078.717100149020553 ], [ 781006.848721594782546, 8999078.708110250532627 ], [ 781006.926818958017975, 8999078.696372341364622 ], [ 781007.004456278751604, 8999078.681900883093476 ], [ 781007.08153790817596, 8999078.664713704958558 ], [ 781007.157968882005662, 8999078.644831983372569 ], [ 781007.233655037707649, 8999078.622280210256577 ], [ 781007.308503130218014, 8999078.597086168825626 ], [ 781007.382420947076753, 8999078.569280900061131 ], [ 781007.455317421932705, 8999078.538898658007383 ], [ 781007.527102746535093, 8999078.505976874381304 ], [ 781007.597688481910154, 8999078.470556108281016 ], [ 781007.666987666510977, 8999078.432679999619722 ], [ 781007.7349149241345, 8999078.392395209521055 ], [ 781007.801386568695307, 8999078.349751368165016 ], [ 781007.866320707602426, 8999078.30480101518333 ], [ 781007.929637342109345, 8999078.257599527016282 ], [ 781007.991258466499858, 8999078.208205057308078 ], [ 781008.051108163781464, 8999078.156678458675742 ], [ 781008.109112699516118, 8999078.103083211928606 ], [ 781008.16520061227493, 8999078.047485345974565 ], [ 781008.219302801997401, 8999077.98995335586369 ], [ 781008.271352615091018, 8999077.930558124557137 ], [ 781008.321285926387645, 8999077.869372824206948 ], [ 781008.369041218305938, 8999077.806472834199667 ], [ 781008.414559656521305, 8999077.741935646161437 ], [ 781008.457785162492655, 8999077.675840772688389 ], [ 781008.498664482729509, 8999077.608269641175866 ], [ 781008.537147253984585, 8999077.539305498823524 ], [ 781008.573186065768823, 8999077.469033308327198 ], [ 781008.606736518326215, 8999077.397539647296071 ], [ 781008.637757277581841, 8999077.324912590906024 ], [ 781008.666210126248188, 8999077.251241618767381 ], [ 781008.692060010624118, 8999077.176617493852973 ], [ 781008.715275083552115, 8999077.101132150739431 ], [ 781008.735826744232327, 8999077.024878587573767 ], [ 781008.753689673147164, 8999076.947950748726726 ], [ 781008.76884186337702, 8999076.870443407446146 ], [ 781008.781264647259377, 8999076.792452055960894 ], [ 781008.790942720137537, 8999076.714072775095701 ], [ 781008.797864158637822, 8999076.63540212996304 ], [ 781008.802020435454324, 8999076.556537043303251 ], [ 781008.803406430291943, 8999076.477574674412608 ] ] ] ] } },
{ "type": "Feature", "properties": { "LAYER": "_BM dan Cp", "GM_TYPE": "Unknown Area Type", "ELEVATION": null }, "geometry": { "type": "MultiPolygon", "coordinates": [ [ [ [ 781012.178406430291943, 8999076.477574674412608 ], [ 781012.174941443256103, 8999076.280168753117323 ], [ 781012.164550750982016, 8999076.083006033673882 ], [ 781012.147247154847719, 8999075.886329421773553 ], [ 781012.123051972710527, 8999075.690381221473217 ], [ 781012.091995012946427, 8999075.495402839034796 ], [ 781012.054114537546411, 8999075.301634488627315 ], [ 781012.00945721520111, 8999075.109314892441034 ], [ 781011.958078063325956, 8999074.918680984526873 ], [ 781011.900040381005965, 8999074.729967625811696 ], [ 781011.835415670298971, 8999074.543407311663032 ], [ 781011.764283548574895, 8999074.359229883179069 ], [ 781011.686731650261208, 8999074.177662244066596 ], [ 781011.602855518925935, 8999073.998928088694811 ], [ 781011.512758489581756, 8999073.82324761338532 ], [ 781011.416551561444066, 8999073.650837255641818 ], [ 781011.314353260910138, 8999073.481909425929189 ], [ 781011.206289495807141, 8999073.316672243177891 ], [ 781011.092493400210515, 8999073.155329277738929 ], [ 781010.973105170414783, 8999072.998079301789403 ], [ 781010.848271892173216, 8999072.845116049051285 ], [ 781010.718147359439172, 8999072.696627968922257 ], [ 781010.582891885191202, 8999072.552797997370362 ], [ 781010.442672103294171, 8999072.413803331553936 ], [ 781010.297660764190368, 8999072.279815213754773 ], [ 781010.148036520811729, 8999072.150998717173934 ], [ 781009.993983709835447, 8999072.027512541040778 ], [ 781009.835692123626359, 8999071.909508822485805 ], [ 781009.673356776474975, 8999071.797132939100266 ], [ 781009.507177664781921, 8999071.690523337572813 ], [ 781009.337359520723112, 8999071.589811362326145 ], [ 781009.164111559162848, 8999071.495121089741588 ], [ 781008.98764722107444, 8999071.406569175422192 ], [ 781008.808183909393847, 8999071.324264716356993 ], [ 781008.625942722312175, 8999071.24830911308527 ], [ 781008.441148180165328, 8999071.178795939311385 ], [ 781008.254027948714793, 8999071.115810837596655 ], [ 781008.064812559518032, 8999071.059431402012706 ], [ 781007.873735124943778, 8999071.009727096185088 ], [ 781007.681031051441096, 8999070.966759152710438 ], [ 781007.486937749665231, 8999070.930580507963896 ], [ 781007.291694341576658, 8999070.901235735043883 ], [ 781007.095541366259567, 8999070.878760986030102 ], [ 781006.898720483062789, 8999070.86318395100534 ], [ 781006.701474174624309, 8999070.854523817077279 ], [ 781006.504045447451063, 8999070.852791257202625 ], [ 781006.306677532731555, 8999070.857988404110074 ], [ 781006.109613586799242, 8999070.870108855888247 ], [ 781005.913096391712315, 8999070.889137677848339 ], [ 781005.717368055600673, 8999070.915051430463791 ], [ 781005.522669714875519, 8999070.9478181861341 ], [ 781005.329241237137467, 8999070.987397575750947 ], [ 781005.137320925248787, 8999071.03374083712697 ], [ 781004.947145224083215, 8999071.086790878325701 ], [ 781004.75894842937123, 8999071.146482339128852 ], [ 781004.572962398640811, 8999071.212741682305932 ], [ 781004.389416265767068, 8999071.285487273707986 ], [ 781004.208536158897914, 8999071.364629494026303 ], [ 781004.030544921290129, 8999071.450070839375257 ], [ 781003.85566183750052, 8999071.54170604608953 ], [ 781003.68410236260388, 8999071.639422221109271 ], [ 781003.516077857115306, 8999071.74309897609055 ], [ 781003.351795326336287, 8999071.85260858386755 ], [ 781003.1914571657544, 8999071.96781612932682 ], [ 781003.035260911099613, 8999072.0885796751827 ], [ 781002.883398995501921, 8999072.214750442653894 ], [ 781002.736058512236923, 8999072.34617299027741 ], [ 781002.593420983874239, 8999072.482685405761003 ], [ 781002.455662139458582, 8999072.624119507148862 ], [ 781002.322951697045937, 8999072.770301047712564 ], [ 781002.195453155320138, 8999072.921049930155277 ], [ 781002.073323591961525, 8999073.076180435717106 ], [ 781001.956713469931856, 8999073.235501443967223 ], [ 781001.845766452606767, 8999073.398816671222448 ], [ 781001.74061922589317, 8999073.565924914553761 ], [ 781001.64140133082401, 8999073.736620295792818 ], [ 781001.548235003370792, 8999073.910692520439625 ], [ 781001.461235024151392, 8999074.087927132844925 ], [ 781001.380508576519787, 8999074.26810578070581 ], [ 781001.306155115249567, 8999074.451006483286619 ], [ 781001.238266243366525, 8999074.636403907090425 ], [ 781001.176925599691458, 8999074.824069647118449 ], [ 781001.122208755579777, 8999075.013772495090961 ], [ 781001.074183122022077, 8999075.205278743058443 ], [ 781001.03290786629077, 8999075.398352451622486 ], [ 781000.998433839296922, 8999075.592755759134889 ], [ 781000.97080351295881, 8999075.788249157369137 ], [ 781000.950050927698612, 8999075.984591802582145 ], [ 781000.936201650532894, 8999076.181541800498962 ], [ 781000.929272743756883, 8999076.378856509923935 ], [ 781000.929272743756883, 8999076.576292838901281 ], [ 781000.936201650532894, 8999076.773607548326254 ], [ 781000.950050927698612, 8999076.970557546243072 ], [ 781000.97080351295881, 8999077.166900191456079 ], [ 781000.998433839296922, 8999077.362393589690328 ], [ 781001.03290786629077, 8999077.55679689720273 ], [ 781001.074183122022077, 8999077.749870605766773 ], [ 781001.122208755579777, 8999077.941376853734255 ], [ 781001.176925599691458, 8999078.131079701706767 ], [ 781001.238266243366525, 8999078.318745441734791 ], [ 781001.306155115249567, 8999078.504142865538597 ], [ 781001.380508576519787, 8999078.687043568119407 ], [ 781001.461235024151392, 8999078.867222215980291 ], [ 781001.548235003370792, 8999079.044456828385592 ], [ 781001.64140133082401, 8999079.218529053032398 ], [ 781001.74061922589317, 8999079.389224434271455 ], [ 781001.845766452606767, 8999079.556332677602768 ], [ 781001.956713469931856, 8999079.719647904857993 ], [ 781002.073323591961525, 8999079.87896891310811 ], [ 781002.195453155320138, 8999080.034099418669939 ], [ 781002.322951697045937, 8999080.184848301112652 ], [ 781002.455662139458582, 8999080.331029841676354 ], [ 781002.593420983874239, 8999080.472463943064213 ], [ 781002.736058512236923, 8999080.608976358547807 ], [ 781002.883398995501921, 8999080.740398906171322 ], [ 781003.035260911099613, 8999080.866569673642516 ], [ 781003.1914571657544, 8999080.987333219498396 ], [ 781003.351795326336287, 8999081.102540764957666 ], [ 781003.516077857115306, 8999081.212050372734666 ], [ 781003.68410236260388, 8999081.315727127715945 ], [ 781003.85566183750052, 8999081.413443302735686 ], [ 781004.030544921290129, 8999081.505078509449959 ], [ 781004.208536158897914, 8999081.590519854798913 ], [ 781004.389416265767068, 8999081.66966207511723 ], [ 781004.572962398640811, 8999081.742407666519284 ], [ 781004.75894842937123, 8999081.808667009696364 ], [ 781004.947145224083215, 8999081.868358470499516 ], [ 781005.137320925248787, 8999081.921408511698246 ], [ 781005.329241237137467, 8999081.967751773074269 ], [ 781005.522669714875519, 8999082.007331162691116 ], [ 781005.717368055600673, 8999082.040097918361425 ], [ 781005.913096391712315, 8999082.066011670976877 ], [ 781006.109613586799242, 8999082.085040492936969 ], [ 781006.306677532731555, 8999082.097160944715142 ], [ 781006.504045447451063, 8999082.102358091622591 ], [ 781006.701474174624309, 8999082.100625531747937 ], [ 781006.898720483062789, 8999082.091965397819877 ], [ 781007.095541366259567, 8999082.076388362795115 ], [ 781007.291694341576658, 8999082.053913613781333 ], [ 781007.486937749665231, 8999082.02456884086132 ], [ 781007.681031051441096, 8999081.988390196114779 ], [ 781007.873735124943778, 8999081.945422252640128 ], [ 781008.064812559518032, 8999081.89571794681251 ], [ 781008.254027948714793, 8999081.839338511228561 ], [ 781008.441148180165328, 8999081.776353409513831 ], [ 781008.625942722312175, 8999081.706840235739946 ], [ 781008.808183909393847, 8999081.630884632468224 ], [ 781008.98764722107444, 8999081.548580173403025 ], [ 781009.164111559162848, 8999081.460028259083629 ], [ 781009.337359520723112, 8999081.365337986499071 ], [ 781009.507177664781921, 8999081.264626011252403 ], [ 781009.673356776474975, 8999081.158016409724951 ], [ 781009.835692123626359, 8999081.045640526339412 ], [ 781009.993983709835447, 8999080.927636807784438 ], [ 781010.148036520811729, 8999080.804150631651282 ], [ 781010.297660764190368, 8999080.675334135070443 ], [ 781010.442672103294171, 8999080.54134601727128 ], [ 781010.582891885191202, 8999080.402351351454854 ], [ 781010.718147359439172, 8999080.258521379902959 ], [ 781010.848271892173216, 8999080.110033299773932 ], [ 781010.973105170414783, 8999079.957070047035813 ], [ 781011.092493400210515, 8999079.799820071086287 ], [ 781011.206289495807141, 8999079.638477105647326 ], [ 781011.314353260910138, 8999079.473239922896028 ], [ 781011.416551561444066, 8999079.304312093183398 ], [ 781011.512758489581756, 8999079.131901735439897 ], [ 781011.602855518925935, 8999078.956221260130405 ], [ 781011.686731650261208, 8999078.77748710475862 ], [ 781011.764283548574895, 8999078.595919465646148 ], [ 781011.835415670298971, 8999078.411742037162185 ], [ 781011.900040381005965, 8999078.22518172301352 ], [ 781011.958078063325956, 8999078.036468364298344 ], [ 781012.00945721520111, 8999077.845834456384182 ], [ 781012.054114537546411, 8999077.653514860197902 ], [ 781012.091995012946427, 8999077.459746509790421 ], [ 781012.123051972710527, 8999077.264768127351999 ], [ 781012.147247154847719, 8999077.068819927051663 ], [ 781012.164550750982016, 8999076.872143315151334 ], [ 781012.174941443256103, 8999076.674980595707893 ], [ 781012.178406430291943, 8999076.477574674412608 ] ] ] ] } },
{ "type": "Feature", "properties": { "LAYER": "_BM dan Cp", "GM_TYPE": "Unknown Area Type", "ELEVATION": 0 }, "geometry": { "type": "MultiPolygon", "coordinates": [ [ [ [ 781006.928406430291943, 8999076.477574674412608 ], [ 781006.92628198035527, 8999076.437714617699385 ], [ 781006.919932701508515, 8999076.39830619096756 ], [ 781006.909430533414707, 8999076.359795907512307 ], [ 781006.894894470111467, 8999076.32262010499835 ], [ 781006.876489210757427, 8999076.287200000137091 ], [ 781006.854423294542357, 8999076.253936914727092 ], [ 781006.828946736874059, 8999076.223207736387849 ], [ 781006.800348197459243, 8999076.195360636338592 ], [ 781006.768951709149405, 8999076.170711133629084 ], [ 781006.735113006667234, 8999076.149538516998291 ], [ 781006.69921549607534, 8999076.132082682102919 ], [ 781006.66166591050569, 8999076.118541410192847 ], [ 781006.622889701859094, 8999076.109068127349019 ], [ 781006.583326219930314, 8999076.103770172223449 ], [ 781006.543423734721728, 8999076.102707570418715 ], [ 781006.503634357592091, 8999076.105892362073064 ], [ 781006.464408917818218, 8999076.113288464024663 ], [ 781006.426191855454817, 8999076.124812074005604 ], [ 781006.38941618509125, 8999076.140332626178861 ], [ 781006.354498589760624, 8999076.159674264490604 ], [ 781006.321834699716419, 8999076.182617841288447 ], [ 781006.291794609860517, 8999076.208903396502137 ], [ 781006.264718686463311, 8999076.238233106210828 ], [ 781006.24091371067334, 8999076.27027465030551 ], [ 781006.220649402122945, 8999076.304664986208081 ], [ 781006.204155363724567, 8999076.341014457866549 ], [ 781006.191618479439057, 8999076.378911212086678 ], [ 781006.183180797263049, 8999076.417925862595439 ], [ 781006.178937919437885, 8999076.457616358995438 ], [ 781006.178937919437885, 8999076.497532989829779 ], [ 781006.183180797263049, 8999076.537223486229777 ], [ 781006.191618479439057, 8999076.576238136738539 ], [ 781006.204155363724567, 8999076.614134890958667 ], [ 781006.220649402122945, 8999076.650484362617135 ], [ 781006.24091371067334, 8999076.684874698519707 ], [ 781006.264718686463311, 8999076.716916242614388 ], [ 781006.291794609860517, 8999076.746245952323079 ], [ 781006.321834699716419, 8999076.772531507536769 ], [ 781006.354498589760624, 8999076.795475084334612 ], [ 781006.38941618509125, 8999076.814816722646356 ], [ 781006.426191855454817, 8999076.830337274819613 ], [ 781006.464408917818218, 8999076.841860884800553 ], [ 781006.503634357592091, 8999076.849256986752152 ], [ 781006.543423734721728, 8999076.852441778406501 ], [ 781006.583326219930314, 8999076.851379176601768 ], [ 781006.622889701859094, 8999076.846081221476197 ], [ 781006.66166591050569, 8999076.836607938632369 ], [ 781006.69921549607534, 8999076.823066666722298 ], [ 781006.735113006667234, 8999076.805610831826925 ], [ 781006.768951709149405, 8999076.784438215196133 ], [ 781006.800348197459243, 8999076.759788712486625 ], [ 781006.828946736874059, 8999076.731941612437367 ], [ 781006.854423294542357, 8999076.701212434098125 ], [ 781006.876489210757427, 8999076.667949348688126 ], [ 781006.894894470111467, 8999076.632529243826866 ], [ 781006.909430533414707, 8999076.595353441312909 ], [ 781006.919932701508515, 8999076.556843157857656 ], [ 781006.92628198035527, 8999076.517434731125832 ], [ 781006.928406430291943, 8999076.477574674412608 ] ] ] ] } },
{ "type": "Feature", "properties": { "LAYER": "_BM dan Cp", "GM_TYPE": "Unknown Area Type", "ELEVATION": null }, "geometry": { "type": "MultiPolygon", "coordinates": [ [ [ [ 780992.962204291252419, 8999090.70290800742805 ], [ 780992.96196967351716, 8999090.689541455358267 ], [ 780992.961266109254211, 8999090.676191369071603 ], [ 780992.960094465408474, 8999090.662874199450016 ], [ 780992.958456185413525, 8999090.649606350809336 ], [ 780992.956353287678212, 8999090.636404169723392 ], [ 780992.953788362676278, 8999090.623283920809627 ], [ 780992.950764570734464, 8999090.610261768102646 ], [ 780992.947285636910237, 8999090.59735375456512 ], [ 780992.943355847382918, 8999090.584575785323977 ], [ 780992.938980043516494, 8999090.57194359973073 ], [ 780992.93416361627169, 8999090.559472760185599 ], [ 780992.928912499570288, 8999090.547178633511066 ], [ 780992.923233162844554, 8999090.53507636487484 ], [ 780992.917132602771744, 8999090.523180864751339 ], [ 780992.910618335357867, 8999090.511506786569953 ], [ 780992.903698386042379, 8999090.500068513676524 ], [ 780992.896381280384958, 8999090.488880138844252 ], [ 780992.888676032773219, 8999090.47795544564724 ], [ 780992.880592136294581, 8999090.467307891696692 ], [ 780992.872139550046995, 8999090.456950597465038 ], [ 780992.86332868761383, 8999090.446896320208907 ], [ 780992.854170404025353, 8999090.437157450243831 ], [ 780992.844675982254557, 8999090.427745981141925 ], [ 780992.834857119363733, 8999090.418673511594534 ], [ 780992.824725912068971, 8999090.409951217472553 ], [ 780992.814294841955416, 8999090.401589846238494 ], [ 780992.803576760226861, 8999090.393599694594741 ], [ 780992.792584871291183, 8999090.385990612208843 ], [ 780992.78133271727711, 8999090.378771968185902 ], [ 780992.769834160804749, 8999090.371952660381794 ], [ 780992.758103367872536, 8999090.365541087463498 ], [ 780992.746154790860601, 8999090.359545148909092 ], [ 780992.734003150369972, 8999090.353972231969237 ], [ 780992.721663417178206, 8999090.348829200491309 ], [ 780992.70915079372935, 8999090.344122394919395 ], [ 780992.696480695507489, 8999090.339857609942555 ], [ 780992.683668732061051, 8999090.3360401019454 ], [ 780992.67073068767786, 8999090.332674574106932 ], [ 780992.657682501943782, 8999090.329765170812607 ], [ 780992.644540250184946, 8999090.327315479516983 ], [ 780992.631320123560727, 8999090.325328515842557 ], [ 780992.618038409156725, 8999090.323806727305055 ], [ 780992.604711470194161, 8999090.322751991450787 ], [ 780992.591355725191534, 8999090.322165604680777 ], [ 780992.577987628406845, 8999090.322048291563988 ], [ 780992.564623649348505, 8999090.322400195524096 ], [ 780992.551280252286233, 8999090.323220882564783 ], [ 780992.537973876227625, 8999090.324509343132377 ], [ 780992.524720914661884, 8999090.32626399025321 ], [ 780992.511537695070729, 8999090.32848265953362 ], [ 780992.498440459254198, 8999090.331162620335817 ], [ 780992.485445342725143, 8999090.334300568327308 ], [ 780992.472568355617113, 8999090.337892640382051 ], [ 780992.459825362311676, 8999090.341934408992529 ], [ 780992.447232061997056, 8999090.346420895308256 ], [ 780992.434803969576024, 8999090.35134657099843 ], [ 780992.422556396457367, 8999090.356705371290445 ], [ 780992.410504431580193, 8999090.362490689381957 ], [ 780992.398662922903895, 8999090.36869540065527 ], [ 780992.387046459014527, 8999090.375311860814691 ], [ 780992.375669351546094, 8999090.382331918925047 ], [ 780992.364545616903342, 8999090.38974692299962 ], [ 780992.353688959614374, 8999090.39754774235189 ], [ 780992.343112754868343, 8999090.405724762007594 ], [ 780992.332830032450147, 8999090.414267910644412 ], [ 780992.322853460907936, 8999090.42316666431725 ], [ 780992.313195331022143, 8999090.43241005577147 ], [ 780992.303867541719228, 8999090.441986700519919 ], [ 780992.294881584821269, 8999090.451884798705578 ], [ 780992.28624853095971, 8999090.462092157453299 ], [ 780992.27797901595477, 8999090.472596198320389 ], [ 780992.270083227893338, 8999090.483383983373642 ], [ 780992.262570894206874, 8999090.494442220777273 ], [ 780992.255451270262711, 8999090.505757287144661 ], [ 780992.248733127256855, 8999090.517315242439508 ], [ 780992.242424741969444, 8999090.52910184673965 ], [ 780992.236533886287361, 8999090.541102580726147 ], [ 780992.231067817658186, 8999090.553302656859159 ], [ 780992.226033270359039, 8999090.565687045454979 ], [ 780992.221436446881853, 8999090.578240491449833 ], [ 780992.217283010482788, 8999090.590947527438402 ], [ 780992.213578078197315, 8999090.603792496025562 ], [ 780992.210326214437373, 8999090.616759575903416 ], [ 780992.207531425636262, 8999090.629832791164517 ], [ 780992.205197154660709, 8999090.642996033653617 ], [ 780992.203326277667657, 8999090.656233087182045 ], [ 780992.20192109933123, 8999090.66952764429152 ], [ 780992.20098335086368, 8999090.6828633248806 ], [ 780992.200514187687077, 8999090.696223702281713 ], [ 780992.200514187687077, 8999090.709592312574387 ], [ 780992.20098335086368, 8999090.7229526899755 ], [ 780992.20192109933123, 8999090.73628837056458 ], [ 780992.203326277667657, 8999090.749582927674055 ], [ 780992.205197154660709, 8999090.762819981202483 ], [ 780992.207531425636262, 8999090.775983223691583 ], [ 780992.210326214437373, 8999090.789056438952684 ], [ 780992.213578078197315, 8999090.802023518830538 ], [ 780992.217283010482788, 8999090.814868487417698 ], [ 780992.221436446881853, 8999090.827575523406267 ], [ 780992.226033270359039, 8999090.840128969401121 ], [ 780992.231067817658186, 8999090.852513357996941 ], [ 780992.236533886287361, 8999090.864713434129953 ], [ 780992.242424741969444, 8999090.87671416811645 ], [ 780992.248733127256855, 8999090.888500772416592 ], [ 780992.255451270262711, 8999090.900058727711439 ], [ 780992.262570894206874, 8999090.911373794078827 ], [ 780992.270083227893338, 8999090.922432031482458 ], [ 780992.27797901595477, 8999090.933219816535711 ], [ 780992.28624853095971, 8999090.943723857402802 ], [ 780992.294881584821269, 8999090.953931216150522 ], [ 780992.303867541719228, 8999090.963829314336181 ], [ 780992.313195331022143, 8999090.97340595908463 ], [ 780992.322853460907936, 8999090.98264935053885 ], [ 780992.332830032450147, 8999090.991548104211688 ], [ 780992.343112754868343, 8999091.000091252848506 ], [ 780992.353688959614374, 8999091.00826827250421 ], [ 780992.364545616903342, 8999091.01606909185648 ], [ 780992.375669351546094, 8999091.023484095931053 ], [ 780992.387046459014527, 8999091.030504154041409 ], [ 780992.398662922903895, 8999091.03712061420083 ], [ 780992.410504431580193, 8999091.043325325474143 ], [ 780992.422556396457367, 8999091.049110643565655 ], [ 780992.434803969576024, 8999091.05446944385767 ], [ 780992.447232061997056, 8999091.059395119547844 ], [ 780992.459825362311676, 8999091.063881605863571 ], [ 780992.472568355617113, 8999091.067923374474049 ], [ 780992.485445342725143, 8999091.071515446528792 ], [ 780992.498440459254198, 8999091.074653394520283 ], [ 780992.511537695070729, 8999091.07733335532248 ], [ 780992.524720914661884, 8999091.07955202460289 ], [ 780992.537973876227625, 8999091.081306671723723 ], [ 780992.551280252286233, 8999091.082595132291317 ], [ 780992.564623649348505, 8999091.083415819332004 ], [ 780992.577987628406845, 8999091.083767723292112 ], [ 780992.591355725191534, 8999091.083650410175323 ], [ 780992.604711470194161, 8999091.083064023405313 ], [ 780992.618038409156725, 8999091.082009287551045 ], [ 780992.631320123560727, 8999091.080487499013543 ], [ 780992.644540250184946, 8999091.078500535339117 ], [ 780992.657682501943782, 8999091.076050844043493 ], [ 780992.67073068767786, 8999091.073141440749168 ], [ 780992.683668732061051, 8999091.0697759129107 ], [ 780992.696480695507489, 8999091.065958404913545 ], [ 780992.70915079372935, 8999091.061693619936705 ], [ 780992.721663417178206, 8999091.056986814364791 ], [ 780992.734003150369972, 8999091.051843782886863 ], [ 780992.746154790860601, 8999091.046270865947008 ], [ 780992.758103367872536, 8999091.040274927392602 ], [ 780992.769834160804749, 8999091.033863354474306 ], [ 780992.78133271727711, 8999091.027044046670198 ], [ 780992.792584871291183, 8999091.019825402647257 ], [ 780992.803576760226861, 8999091.012216320261359 ], [ 780992.814294841955416, 8999091.004226168617606 ], [ 780992.824725912068971, 8999090.995864797383547 ], [ 780992.834857119363733, 8999090.987142503261566 ], [ 780992.844675982254557, 8999090.978070033714175 ], [ 780992.854170404025353, 8999090.968658564612269 ], [ 780992.86332868761383, 8999090.958919694647193 ], [ 780992.872139550046995, 8999090.948865417391062 ], [ 780992.880592136294581, 8999090.938508123159409 ], [ 780992.888676032773219, 8999090.92786056920886 ], [ 780992.896381280384958, 8999090.916935876011848 ], [ 780992.903698386042379, 8999090.905747501179576 ], [ 780992.910618335357867, 8999090.894309228286147 ], [ 780992.917132602771744, 8999090.882635150104761 ], [ 780992.923233162844554, 8999090.87073964998126 ], [ 780992.928912499570288, 8999090.858637381345034 ], [ 780992.93416361627169, 8999090.846343254670501 ], [ 780992.938980043516494, 8999090.83387241512537 ], [ 780992.943355847382918, 8999090.821240229532123 ], [ 780992.947285636910237, 8999090.80846226029098 ], [ 780992.950764570734464, 8999090.795554246753454 ], [ 780992.953788362676278, 8999090.782532094046474 ], [ 780992.956353287678212, 8999090.769411845132709 ], [ 780992.958456185413525, 8999090.756209664046764 ], [ 780992.960094465408474, 8999090.742941815406084 ], [ 780992.961266109254211, 8999090.729624645784497 ], [ 780992.96196967351716, 8999090.716274559497833 ], [ 780992.962204291252419, 8999090.70290800742805 ] ] ] ] } },
{ "type": "Feature", "properties": { "LAYER": "_BM dan Cp", "GM_TYPE": "Unknown Area Type", "ELEVATION": 0 }, "geometry": { "type": "MultiPolygon", "coordinates": [ [ [ [ 780992.962204291252419, 8999090.70290800742805 ], [ 780992.960046561784111, 8999090.662423541769385 ], [ 780992.953597821295261, 8999090.622397782281041 ], [ 780992.942931136582047, 8999090.583284234628081 ], [ 780992.928167365607806, 8999090.545526072382927 ], [ 780992.909473787643947, 8999090.509551109746099 ], [ 780992.887062208377756, 8999090.475766958668828 ], [ 780992.861186560010538, 8999090.444556405767798 ], [ 780992.832140024052933, 8999090.416273081675172 ], [ 780992.800251709180884, 8999090.391237443313003 ], [ 780992.765882922918536, 8999090.369733158499002 ], [ 780992.729423077194951, 8999090.352003877982497 ], [ 780992.691285276785493, 8999090.338250480592251 ], [ 780992.651901638135314, 8999090.328628798946738 ], [ 780992.611718393513002, 8999090.323247851803899 ], [ 780992.571190835325979, 8999090.322168603539467 ], [ 780992.530778156942688, 8999090.325403286144137 ], [ 780992.490938249975443, 8999090.332915248349309 ], [ 780992.452122516697273, 8999090.344619374722242 ], [ 780992.414770754869096, 8999090.360383056104183 ], [ 780992.379306174814701, 8999090.380027681589127 ], [ 780992.346130604390055, 8999090.403330670669675 ], [ 780992.315619935980067, 8999090.430027989670634 ], [ 780992.2881198679097, 8999090.45981714874506 ], [ 780992.263941986719146, 8999090.49236062541604 ], [ 780992.24336023745127, 8999090.527289686724544 ], [ 780992.22660781966988, 8999090.564208572730422 ], [ 780992.213874544948339, 8999090.602698981761932 ], [ 780992.205304686212912, 8999090.642324795946479 ], [ 780992.200995343620889, 8999090.682637045159936 ], [ 780992.200995343620889, 8999090.723178969696164 ], [ 780992.205304686212912, 8999090.763491218909621 ], [ 780992.213874544948339, 8999090.803117033094168 ], [ 780992.22660781966988, 8999090.841607442125678 ], [ 780992.24336023745127, 8999090.878526328131557 ], [ 780992.263941986719146, 8999090.91345538944006 ], [ 780992.2881198679097, 8999090.94599886611104 ], [ 780992.315619935980067, 8999090.975788025185466 ], [ 780992.346130604390055, 8999091.002485344186425 ], [ 780992.379306174814701, 8999091.025788333266973 ], [ 780992.414770754869096, 8999091.045432958751917 ], [ 780992.452122516697273, 8999091.061196640133858 ], [ 780992.490938249975443, 8999091.072900766506791 ], [ 780992.530778156942688, 8999091.080412728711963 ], [ 780992.571190835325979, 8999091.083647411316633 ], [ 780992.611718393513002, 8999091.082568163052201 ], [ 780992.651901638135314, 8999091.077187215909362 ], [ 780992.691285276785493, 8999091.067565534263849 ], [ 780992.729423077194951, 8999091.053812136873603 ], [ 780992.765882922918536, 8999091.036082856357098 ], [ 780992.800251709180884, 8999091.014578571543097 ], [ 780992.832140024052933, 8999090.989542933180928 ], [ 780992.861186560010538, 8999090.961259609088302 ], [ 780992.887062208377756, 8999090.930049056187272 ], [ 780992.909473787643947, 8999090.896264905110002 ], [ 780992.928167365607806, 8999090.860289942473173 ], [ 780992.942931136582047, 8999090.822531780228019 ], [ 780992.953597821295261, 8999090.783418232575059 ], [ 780992.960046561784111, 8999090.743392473086715 ], [ 780992.962204291252419, 8999090.70290800742805 ] ] ] ] } },
{ "type": "Feature", "properties": { "LAYER": "_BM dan Cp", "GM_TYPE": "Unknown Area Type", "ELEVATION": null }, "geometry": { "type": "MultiPolygon", "coordinates": [ [ [ [ 781811.791187389055267, 8997973.724695442244411 ], [ 781811.790952771320008, 8997973.711328890174627 ], [ 781811.790249207057059, 8997973.697978803887963 ], [ 781811.789077563211322, 8997973.684661634266376 ], [ 781811.787439283216372, 8997973.671393785625696 ], [ 781811.78533638548106, 8997973.658191604539752 ], [ 781811.782771460479125, 8997973.645071355625987 ], [ 781811.779747668537311, 8997973.632049202919006 ], [ 781811.776268734713085, 8997973.61914118938148 ], [ 781811.772338945185766, 8997973.606363220140338 ], [ 781811.767963141319342, 8997973.593731034547091 ], [ 781811.763146714074537, 8997973.58126019500196 ], [ 781811.757895597373135, 8997973.568966068327427 ], [ 781811.752216260647401, 8997973.5568637996912 ], [ 781811.746115700574592, 8997973.544968299567699 ], [ 781811.739601433160715, 8997973.533294221386313 ], [ 781811.732681483845226, 8997973.521855948492885 ], [ 781811.725364378187805, 8997973.510667573660612 ], [ 781811.717659130576067, 8997973.4997428804636 ], [ 781811.709575234097429, 8997973.489095326513052 ], [ 781811.701122647849843, 8997973.478738032281399 ], [ 781811.692311785416678, 8997973.468683755025268 ], [ 781811.683153501828201, 8997973.458944885060191 ], [ 781811.673659080057405, 8997973.449533415958285 ], [ 781811.66384021716658, 8997973.440460946410894 ], [ 781811.653709009871818, 8997973.431738652288914 ], [ 781811.643277939758264, 8997973.423377281054854 ], [ 781811.632559858029708, 8997973.415387129411101 ], [ 781811.621567969094031, 8997973.407778047025204 ], [ 781811.610315815079957, 8997973.400559403002262 ], [ 781811.598817258607596, 8997973.393740095198154 ], [ 781811.587086465675384, 8997973.387328522279859 ], [ 781811.575137888663448, 8997973.381332583725452 ], [ 781811.56298624817282, 8997973.375759666785598 ], [ 781811.550646514981054, 8997973.37061663530767 ], [ 781811.538133891532198, 8997973.365909829735756 ], [ 781811.525463793310337, 8997973.361645044758916 ], [ 781811.512651829863898, 8997973.357827536761761 ], [ 781811.499713785480708, 8997973.354462008923292 ], [ 781811.48666559974663, 8997973.351552605628967 ], [ 781811.473523347987793, 8997973.349102914333344 ], [ 781811.460303221363574, 8997973.347115950658917 ], [ 781811.447021506959572, 8997973.345594162121415 ], [ 781811.433694567997009, 8997973.344539426267147 ], [ 781811.420338822994381, 8997973.343953039497137 ], [ 781811.406970726209693, 8997973.343835726380348 ], [ 781811.393606747151352, 8997973.344187630340457 ], [ 781811.380263350089081, 8997973.345008317381144 ], [ 781811.366956974030472, 8997973.346296777948737 ], [ 781811.353704012464732, 8997973.348051425069571 ], [ 781811.340520792873576, 8997973.35027009434998 ], [ 781811.327423557057045, 8997973.352950055152178 ], [ 781811.31442844052799, 8997973.356088003143668 ], [ 781811.301551453419961, 8997973.359680075198412 ], [ 781811.288808460114524, 8997973.363721843808889 ], [ 781811.276215159799904, 8997973.368208330124617 ], [ 781811.263787067378871, 8997973.373134005814791 ], [ 781811.251539494260214, 8997973.378492806106806 ], [ 781811.239487529383041, 8997973.384278124198318 ], [ 781811.227646020706743, 8997973.39048283547163 ], [ 781811.216029556817375, 8997973.397099295631051 ], [ 781811.204652449348941, 8997973.404119353741407 ], [ 781811.19352871470619, 8997973.411534357815981 ], [ 781811.182672057417221, 8997973.41933517716825 ], [ 781811.172095852671191, 8997973.427512196823955 ], [ 781811.161813130252995, 8997973.436055345460773 ], [ 781811.151836558710784, 8997973.444954099133611 ], [ 781811.142178428824991, 8997973.454197490587831 ], [ 781811.132850639522076, 8997973.46377413533628 ], [ 781811.123864682624117, 8997973.473672233521938 ], [ 781811.115231628762558, 8997973.483879592269659 ], [ 781811.106962113757618, 8997973.494383633136749 ], [ 781811.099066325696185, 8997973.505171418190002 ], [ 781811.091553992009722, 8997973.516229655593634 ], [ 781811.084434368065558, 8997973.527544721961021 ], [ 781811.077716225059703, 8997973.539102677255869 ], [ 781811.071407839772291, 8997973.55088928155601 ], [ 781811.065516984090209, 8997973.562890015542507 ], [ 781811.060050915461034, 8997973.57509009167552 ], [ 781811.055016368161887, 8997973.587474480271339 ], [ 781811.050419544684701, 8997973.600027926266193 ], [ 781811.046266108285636, 8997973.612734962254763 ], [ 781811.042561176000163, 8997973.625579930841923 ], [ 781811.039309312240221, 8997973.638547010719776 ], [ 781811.036514523439109, 8997973.651620225980878 ], [ 781811.034180252463557, 8997973.664783468469977 ], [ 781811.032309375470504, 8997973.678020521998405 ], [ 781811.030904197134078, 8997973.691315079107881 ], [ 781811.029966448666528, 8997973.70465075969696 ], [ 781811.029497285489924, 8997973.718011137098074 ], [ 781811.029497285489924, 8997973.731379747390747 ], [ 781811.029966448666528, 8997973.744740124791861 ], [ 781811.030904197134078, 8997973.75807580538094 ], [ 781811.032309375470504, 8997973.771370362490416 ], [ 781811.034180252463557, 8997973.784607416018844 ], [ 781811.036514523439109, 8997973.797770658507943 ], [ 781811.039309312240221, 8997973.810843873769045 ], [ 781811.042561176000163, 8997973.823810953646898 ], [ 781811.046266108285636, 8997973.836655922234058 ], [ 781811.050419544684701, 8997973.849362958222628 ], [ 781811.055016368161887, 8997973.861916404217482 ], [ 781811.060050915461034, 8997973.874300792813301 ], [ 781811.065516984090209, 8997973.886500868946314 ], [ 781811.071407839772291, 8997973.898501602932811 ], [ 781811.077716225059703, 8997973.910288207232952 ], [ 781811.084434368065558, 8997973.9218461625278 ], [ 781811.091553992009722, 8997973.933161228895187 ], [ 781811.099066325696185, 8997973.944219466298819 ], [ 781811.106962113757618, 8997973.955007251352072 ], [ 781811.115231628762558, 8997973.965511292219162 ], [ 781811.123864682624117, 8997973.975718650966883 ], [ 781811.132850639522076, 8997973.985616749152541 ], [ 781811.142178428824991, 8997973.99519339390099 ], [ 781811.151836558710784, 8997974.00443678535521 ], [ 781811.161813130252995, 8997974.013335539028049 ], [ 781811.172095852671191, 8997974.021878687664866 ], [ 781811.182672057417221, 8997974.030055707320571 ], [ 781811.19352871470619, 8997974.03785652667284 ], [ 781811.204652449348941, 8997974.045271530747414 ], [ 781811.216029556817375, 8997974.05229158885777 ], [ 781811.227646020706743, 8997974.058908049017191 ], [ 781811.239487529383041, 8997974.065112760290504 ], [ 781811.251539494260214, 8997974.070898078382015 ], [ 781811.263787067378871, 8997974.07625687867403 ], [ 781811.276215159799904, 8997974.081182554364204 ], [ 781811.288808460114524, 8997974.085669040679932 ], [ 781811.301551453419961, 8997974.089710809290409 ], [ 781811.31442844052799, 8997974.093302881345153 ], [ 781811.327423557057045, 8997974.096440829336643 ], [ 781811.340520792873576, 8997974.099120790138841 ], [ 781811.353704012464732, 8997974.10133945941925 ], [ 781811.366956974030472, 8997974.103094106540084 ], [ 781811.380263350089081, 8997974.104382567107677 ], [ 781811.393606747151352, 8997974.105203254148364 ], [ 781811.406970726209693, 8997974.105555158108473 ], [ 781811.420338822994381, 8997974.105437844991684 ], [ 781811.433694567997009, 8997974.104851458221674 ], [ 781811.447021506959572, 8997974.103796722367406 ], [ 781811.460303221363574, 8997974.102274933829904 ], [ 781811.473523347987793, 8997974.100287970155478 ], [ 781811.48666559974663, 8997974.097838278859854 ], [ 781811.499713785480708, 8997974.094928875565529 ], [ 781811.512651829863898, 8997974.09156334772706 ], [ 781811.525463793310337, 8997974.087745839729905 ], [ 781811.538133891532198, 8997974.083481054753065 ], [ 781811.550646514981054, 8997974.078774249181151 ], [ 781811.56298624817282, 8997974.073631217703223 ], [ 781811.575137888663448, 8997974.068058300763369 ], [ 781811.587086465675384, 8997974.062062362208962 ], [ 781811.598817258607596, 8997974.055650789290667 ], [ 781811.610315815079957, 8997974.048831481486559 ], [ 781811.621567969094031, 8997974.041612837463617 ], [ 781811.632559858029708, 8997974.03400375507772 ], [ 781811.643277939758264, 8997974.026013603433967 ], [ 781811.653709009871818, 8997974.017652232199907 ], [ 781811.66384021716658, 8997974.008929938077927 ], [ 781811.673659080057405, 8997973.999857468530536 ], [ 781811.683153501828201, 8997973.99044599942863 ], [ 781811.692311785416678, 8997973.980707129463553 ], [ 781811.701122647849843, 8997973.970652852207422 ], [ 781811.709575234097429, 8997973.960295557975769 ], [ 781811.717659130576067, 8997973.949648004025221 ], [ 781811.725364378187805, 8997973.938723310828209 ], [ 781811.732681483845226, 8997973.927534935995936 ], [ 781811.739601433160715, 8997973.916096663102508 ], [ 781811.746115700574592, 8997973.904422584921122 ], [ 781811.752216260647401, 8997973.892527084797621 ], [ 781811.757895597373135, 8997973.880424816161394 ], [ 781811.763146714074537, 8997973.868130689486861 ], [ 781811.767963141319342, 8997973.85565984994173 ], [ 781811.772338945185766, 8997973.843027664348483 ], [ 781811.776268734713085, 8997973.830249695107341 ], [ 781811.779747668537311, 8997973.817341681569815 ], [ 781811.782771460479125, 8997973.804319528862834 ], [ 781811.78533638548106, 8997973.791199279949069 ], [ 781811.787439283216372, 8997973.777997098863125 ], [ 781811.789077563211322, 8997973.764729250222445 ], [ 781811.790249207057059, 8997973.751412080600858 ], [ 781811.790952771320008, 8997973.738061994314194 ], [ 781811.791187389055267, 8997973.724695442244411 ] ] ] ] } },
{ "type": "Feature", "properties": { "LAYER": "_BM dan Cp", "GM_TYPE": "Unknown Area Type", "ELEVATION": 0 }, "geometry": { "type": "MultiPolygon", "coordinates": [ [ [ [ 781811.791187389055267, 8997973.724695442244411 ], [ 781811.789029659586959, 8997973.684210976585746 ], [ 781811.782580919098109, 8997973.644185217097402 ], [ 781811.771914234384894, 8997973.605071669444442 ], [ 781811.757150463410653, 8997973.567313507199287 ], [ 781811.738456885446794, 8997973.531338544562459 ], [ 781811.716045306180604, 8997973.497554393485188 ], [ 781811.690169657813385, 8997973.466343840584159 ], [ 781811.66112312185578, 8997973.438060516491532 ], [ 781811.629234806983732, 8997973.413024878129363 ], [ 781811.594866020721383, 8997973.391520593315363 ], [ 781811.558406174997799, 8997973.373791312798858 ], [ 781811.520268374588341, 8997973.360037915408611 ], [ 781811.480884735938162, 8997973.350416233763099 ], [ 781811.440701491315849, 8997973.345035286620259 ], [ 781811.400173933128826, 8997973.343956038355827 ], [ 781811.359761254745536, 8997973.347190720960498 ], [ 781811.319921347778291, 8997973.354702683165669 ], [ 781811.28110561450012, 8997973.366406809538603 ], [ 781811.243753852671944, 8997973.382170490920544 ], [ 781811.208289272617549, 8997973.401815116405487 ], [ 781811.175113702192903, 8997973.425118105486035 ], [ 781811.144603033782914, 8997973.451815424486995 ], [ 781811.117102965712547, 8997973.48160458356142 ], [ 781811.092925084521994, 8997973.514148060232401 ], [ 781811.072343335254118, 8997973.549077121540904 ], [ 781811.055590917472728, 8997973.585996007546782 ], [ 781811.042857642751187, 8997973.624486416578293 ], [ 781811.03428778401576, 8997973.664112230762839 ], [ 781811.029978441423737, 8997973.704424479976296 ], [ 781811.029978441423737, 8997973.744966404512525 ], [ 781811.03428778401576, 8997973.785278653725982 ], [ 781811.042857642751187, 8997973.824904467910528 ], [ 781811.055590917472728, 8997973.863394876942039 ], [ 781811.072343335254118, 8997973.900313762947917 ], [ 781811.092925084521994, 8997973.93524282425642 ], [ 781811.117102965712547, 8997973.967786300927401 ], [ 781811.144603033782914, 8997973.997575460001826 ], [ 781811.175113702192903, 8997974.024272779002786 ], [ 781811.208289272617549, 8997974.047575768083334 ], [ 781811.243753852671944, 8997974.067220393568277 ], [ 781811.28110561450012, 8997974.082984074950218 ], [ 781811.319921347778291, 8997974.094688201323152 ], [ 781811.359761254745536, 8997974.102200163528323 ], [ 781811.400173933128826, 8997974.105434846132994 ], [ 781811.440701491315849, 8997974.104355597868562 ], [ 781811.480884735938162, 8997974.098974650725722 ], [ 781811.520268374588341, 8997974.08935296908021 ], [ 781811.558406174997799, 8997974.075599571689963 ], [ 781811.594866020721383, 8997974.057870291173458 ], [ 781811.629234806983732, 8997974.036366006359458 ], [ 781811.66112312185578, 8997974.011330367997289 ], [ 781811.690169657813385, 8997973.983047043904662 ], [ 781811.716045306180604, 8997973.951836491003633 ], [ 781811.738456885446794, 8997973.918052339926362 ], [ 781811.757150463410653, 8997973.882077377289534 ], [ 781811.771914234384894, 8997973.844319215044379 ], [ 781811.782580919098109, 8997973.805205667391419 ], [ 781811.789029659586959, 8997973.765179907903075 ], [ 781811.791187389055267, 8997973.724695442244411 ] ] ] ] } },
{ "type": "Feature", "properties": { "LAYER": "_BM dan Cp", "GM_TYPE": "Unknown Area Type", "ELEVATION": null }, "geometry": { "type": "MultiPolygon", "coordinates": [ [ [ [ 781825.321132062352262, 8997987.726726626977324 ], [ 781825.320901063270867, 8997987.713566232472658 ], [ 781825.320208350429311, 8997987.700422050431371 ], [ 781825.31905477726832, 8997987.687310276553035 ], [ 781825.317441765218973, 8997987.674247063696384 ], [ 781825.315371301141568, 8997987.661248505115509 ], [ 781825.312845936161466, 8997987.648330613970757 ], [ 781825.309868781361729, 8997987.635509308427572 ], [ 781825.306443504523486, 8997987.622800381854177 ], [ 781825.302574325702153, 8997987.610219489783049 ], [ 781825.298266011639498, 8997987.597782136872411 ], [ 781825.29352387029212, 8997987.58550364151597 ], [ 781825.288353743730113, 8997987.573399132117629 ], [ 781825.282762001617812, 8997987.561483521014452 ], [ 781825.2767555329483, 8997987.549771489575505 ], [ 781825.270341737777926, 8997987.538277465850115 ], [ 781825.263528517680243, 8997987.527015609666705 ], [ 781825.256324266665615, 8997987.515999797731638 ], [ 781825.248737860354595, 8997987.505243601277471 ], [ 781825.240778645034879, 8997987.49476026929915 ], [ 781825.232456426485442, 8997987.484562719240785 ], [ 781825.223781457636505, 8997987.474663512781262 ], [ 781825.214764425996691, 8997987.465074848383665 ], [ 781825.205416440498084, 8997987.455808537080884 ], [ 781825.195749017992057, 8997987.446875996887684 ], [ 781825.18577406834811, 8997987.438288230448961 ], [ 781825.175503880949691, 8997987.430055817589164 ], [ 781825.164951108628884, 8997987.422188904136419 ], [ 781825.154128752066754, 8997987.414697177708149 ], [ 781825.143050144659355, 8997987.407589871436357 ], [ 781825.131728935055435, 8997987.400875739753246 ], [ 781825.1201790709747, 8997987.394563054665923 ], [ 781825.108414781745523, 8997987.388659594580531 ], [ 781825.096450560959056, 8997987.383172629401088 ], [ 781825.084301148541272, 8997987.37810892239213 ], [ 781825.071981512359343, 8997987.373474711552262 ], [ 781825.059506830293685, 8997987.369275704026222 ], [ 781825.046892470913008, 8997987.365517076104879 ], [ 781825.034153975313529, 8997987.362203454598784 ], [ 781825.021307037095539, 8997987.359338926151395 ], [ 781825.008367483620532, 8997987.356927016749978 ], [ 781824.995351256453432, 8997987.354970697313547 ], [ 781824.982274391455576, 8997987.353472381830215 ], [ 781824.969152999226935, 8997987.352433912456036 ], [ 781824.956003245315515, 8997987.35185657069087 ], [ 781824.942841330193914, 8997987.351741066202521 ], [ 781824.929683469235897, 8997987.352087542414665 ], [ 781824.916545872809365, 8997987.352895572781563 ], [ 781824.903444726485759, 8997987.354164160788059 ], [ 781824.890396170667373, 8997987.355891743674874 ], [ 781824.877416281378828, 8997987.358076194301248 ], [ 781824.864521049428731, 8997987.360714821144938 ], [ 781824.851726362016052, 8997987.363804372027516 ], [ 781824.839047981891781, 8997987.367341039702296 ], [ 781824.826501528965309, 8997987.371320471167564 ], [ 781824.814102460280992, 8997987.375737760215998 ], [ 781824.801866051391698, 8997987.380587466061115 ], [ 781824.789807377615944, 8997987.385863615199924 ], [ 781824.777941295062192, 8997987.391559705138206 ], [ 781824.766282422817312, 8997987.397668719291687 ], [ 781824.754845124552958, 8997987.404183130711317 ], [ 781824.743643490830436, 8997987.411094913259149 ], [ 781824.732691322104074, 8997987.41839555464685 ], [ 781824.722002111375332, 8997987.426076056435704 ], [ 781824.711589027778246, 8997987.434126960113645 ], [ 781824.70146490004845, 8997987.442538345232606 ], [ 781824.691642201156355, 8997987.451299848034978 ], [ 781824.682133032591082, 8997987.460400676354766 ], [ 781824.672949109575711, 8997987.469829615205526 ], [ 781824.664101746748202, 8997987.479575050994754 ], [ 781824.655601844075136, 8997987.489624977111816 ], [ 781824.647459873114713, 8997987.499967010691762 ], [ 781824.639685865025967, 8997987.51058841124177 ], [ 781824.632289397181012, 8997987.521476093679667 ], [ 781824.625279582105577, 8997987.532616643235087 ], [ 781824.618665055721067, 8997987.543996335938573 ], [ 781824.612453967216425, 8997987.55560114979744 ], [ 781824.606653968570754, 8997987.567416790872812 ], [ 781824.601272205472924, 8997987.579428700730205 ], [ 781824.596315308008343, 8997987.591622080653906 ], [ 781824.591789383208379, 8997987.603981908410788 ], [ 781824.587700007017702, 8997987.6164929587394 ], [ 781824.584052217425779, 8997987.629139814525843 ], [ 781824.580850508413278, 8997987.641906898468733 ], [ 781824.578098824713379, 8997987.65477847866714 ], [ 781824.575800556340255, 8997987.667738698422909 ], [ 781824.573958534514531, 8997987.680771593004465 ], [ 781824.572575028869323, 8997987.693861102685332 ], [ 781824.571651743724942, 8997987.706991102546453 ], [ 781824.571189816575497, 8997987.720145415514708 ], [ 781824.571189816575497, 8997987.733307838439941 ], [ 781824.571651743724942, 8997987.746462151408195 ], [ 781824.572575028869323, 8997987.759592151269317 ], [ 781824.573958534514531, 8997987.772681660950184 ], [ 781824.575800556340255, 8997987.78571455553174 ], [ 781824.578098824713379, 8997987.798674775287509 ], [ 781824.580850508413278, 8997987.811546355485916 ], [ 781824.584052217425779, 8997987.824313439428806 ], [ 781824.587700007017702, 8997987.836960295215249 ], [ 781824.591789383208379, 8997987.849471345543861 ], [ 781824.596315308008343, 8997987.861831173300743 ], [ 781824.601272205472924, 8997987.874024553224444 ], [ 781824.606653968570754, 8997987.886036463081837 ], [ 781824.612453967216425, 8997987.897852104157209 ], [ 781824.618665055721067, 8997987.909456918016076 ], [ 781824.625279582105577, 8997987.920836610719562 ], [ 781824.632289397181012, 8997987.931977160274982 ], [ 781824.639685865025967, 8997987.942864842712879 ], [ 781824.647459873114713, 8997987.953486243262887 ], [ 781824.655601844075136, 8997987.963828276842833 ], [ 781824.664101746748202, 8997987.973878202959895 ], [ 781824.672949109575711, 8997987.983623638749123 ], [ 781824.682133032591082, 8997987.993052577599883 ], [ 781824.691642201156355, 8997988.002153405919671 ], [ 781824.70146490004845, 8997988.010914908722043 ], [ 781824.711589027778246, 8997988.019326293841004 ], [ 781824.722002111375332, 8997988.027377197518945 ], [ 781824.732691322104074, 8997988.035057699307799 ], [ 781824.743643490830436, 8997988.0423583406955 ], [ 781824.754845124552958, 8997988.049270123243332 ], [ 781824.766282422817312, 8997988.055784534662962 ], [ 781824.777941295062192, 8997988.061893548816442 ], [ 781824.789807377615944, 8997988.067589638754725 ], [ 781824.801866051391698, 8997988.072865787893534 ], [ 781824.814102460280992, 8997988.077715493738651 ], [ 781824.826501528965309, 8997988.082132782787085 ], [ 781824.839047981891781, 8997988.086112214252353 ], [ 781824.851726362016052, 8997988.089648881927133 ], [ 781824.864521049428731, 8997988.092738432809711 ], [ 781824.877416281378828, 8997988.095377059653401 ], [ 781824.890396170667373, 8997988.097561510279775 ], [ 781824.903444726485759, 8997988.09928909316659 ], [ 781824.916545872809365, 8997988.100557681173086 ], [ 781824.929683469235897, 8997988.101365711539984 ], [ 781824.942841330193914, 8997988.101712187752128 ], [ 781824.956003245315515, 8997988.101596683263779 ], [ 781824.969152999226935, 8997988.101019341498613 ], [ 781824.982274391455576, 8997988.099980872124434 ], [ 781824.995351256453432, 8997988.098482556641102 ], [ 781825.008367483620532, 8997988.096526237204671 ], [ 781825.021307037095539, 8997988.094114327803254 ], [ 781825.034153975313529, 8997988.091249799355865 ], [ 781825.046892470913008, 8997988.08793617784977 ], [ 781825.059506830293685, 8997988.084177549928427 ], [ 781825.071981512359343, 8997988.079978542402387 ], [ 781825.084301148541272, 8997988.075344331562519 ], [ 781825.096450560959056, 8997988.070280624553561 ], [ 781825.108414781745523, 8997988.064793659374118 ], [ 781825.1201790709747, 8997988.058890199288726 ], [ 781825.131728935055435, 8997988.052577514201403 ], [ 781825.143050144659355, 8997988.045863382518291 ], [ 781825.154128752066754, 8997988.0387560762465 ], [ 781825.164951108628884, 8997988.03126434981823 ], [ 781825.175503880949691, 8997988.023397436365485 ], [ 781825.18577406834811, 8997988.015165023505688 ], [ 781825.195749017992057, 8997988.006577257066965 ], [ 781825.205416440498084, 8997987.997644716873765 ], [ 781825.214764425996691, 8997987.988378405570984 ], [ 781825.223781457636505, 8997987.978789741173387 ], [ 781825.232456426485442, 8997987.968890534713864 ], [ 781825.240778645034879, 8997987.958692984655499 ], [ 781825.248737860354595, 8997987.948209652677178 ], [ 781825.256324266665615, 8997987.937453456223011 ], [ 781825.263528517680243, 8997987.926437644287944 ], [ 781825.270341737777926, 8997987.915175788104534 ], [ 781825.2767555329483, 8997987.903681764379144 ], [ 781825.282762001617812, 8997987.891969732940197 ], [ 781825.288353743730113, 8997987.88005412183702 ], [ 781825.29352387029212, 8997987.867949612438679 ], [ 781825.298266011639498, 8997987.855671117082238 ], [ 781825.302574325702153, 8997987.8432337641716 ], [ 781825.306443504523486, 8997987.830652872100472 ], [ 781825.309868781361729, 8997987.817943945527077 ], [ 781825.312845936161466, 8997987.805122639983892 ], [ 781825.315371301141568, 8997987.79220474883914 ], [ 781825.317441765218973, 8997987.779206190258265 ], [ 781825.31905477726832, 8997987.766142977401614 ], [ 781825.320208350429311, 8997987.753031203523278 ], [ 781825.320901063270867, 8997987.739887021481991 ], [ 781825.321132062352262, 8997987.726726626977324 ] ] ] ] } },
{ "type": "Feature", "properties": { "LAYER": "_BM dan Cp", "GM_TYPE": "Unknown Area Type", "ELEVATION": null }, "geometry": { "type": "MultiPolygon", "coordinates": [ [ [ [ 781827.196132062352262, 8997987.726726626977324 ], [ 781827.194746067514643, 8997987.647764258086681 ], [ 781827.190589790698141, 8997987.568899171426892 ], [ 781827.183668352197856, 8997987.490228526294231 ], [ 781827.173990279319696, 8997987.411849245429039 ], [ 781827.161567495437339, 8997987.333857893943787 ], [ 781827.146415305207483, 8997987.256350552663207 ], [ 781827.128552376292646, 8997987.179422713816166 ], [ 781827.108000715612434, 8997987.103169150650501 ], [ 781827.084785642684437, 8997987.02768380753696 ], [ 781827.058935758308508, 8997986.953059682622552 ], [ 781827.03048290964216, 8997986.879388710483909 ], [ 781826.999462150386535, 8997986.806761654093862 ], [ 781826.965911697829142, 8997986.735267993062735 ], [ 781826.929872886044905, 8997986.664995802566409 ], [ 781826.891390114789829, 8997986.596031660214067 ], [ 781826.850510794552974, 8997986.528460528701544 ], [ 781826.807285288581625, 8997986.462365655228496 ], [ 781826.761766850366257, 8997986.397828467190266 ], [ 781826.714011558447964, 8997986.334928477182984 ], [ 781826.664078247151338, 8997986.273743176832795 ], [ 781826.61202843405772, 8997986.214347945526242 ], [ 781826.557926244335249, 8997986.156815955415368 ], [ 781826.501838331576437, 8997986.101218089461327 ], [ 781826.443833795841783, 8997986.04762284271419 ], [ 781826.383984098560177, 8997985.996096244081855 ], [ 781826.322362974169664, 8997985.946701774373651 ], [ 781826.259046339662746, 8997985.899500286206603 ], [ 781826.194112200755626, 8997985.854549933224916 ], [ 781826.12764055619482, 8997985.811906091868877 ], [ 781826.059713298571296, 8997985.77162130177021 ], [ 781825.990414113970473, 8997985.733745193108916 ], [ 781825.919828378595412, 8997985.698324427008629 ], [ 781825.848043053993024, 8997985.665402643382549 ], [ 781825.775146579137072, 8997985.635020401328802 ], [ 781825.701228762278333, 8997985.607215132564306 ], [ 781825.626380669767968, 8997985.582021091133356 ], [ 781825.550694514065981, 8997985.559469318017364 ], [ 781825.474263540236279, 8997985.539587596431375 ], [ 781825.397181910811923, 8997985.522400418296456 ], [ 781825.319544590078294, 8997985.507928960025311 ], [ 781825.241447226842865, 8997985.496191050857306 ], [ 781825.162986036739312, 8997985.48720115236938 ], [ 781825.084257683483884, 8997985.480970337986946 ], [ 781825.005359160131775, 8997985.477506283670664 ], [ 781824.926387669169344, 8997985.47681326046586 ], [ 781824.847440503304824, 8997985.478892119601369 ], [ 781824.768614924978465, 8997985.483740299940109 ], [ 781824.690008046920411, 8997985.491351827979088 ], [ 781824.611716712475754, 8997985.501717329025269 ], [ 781824.53383737616241, 8997985.514824030920863 ], [ 781824.456465985043906, 8997985.530655786395073 ], [ 781824.379697860335, 8997985.54919309169054 ], [ 781824.303627579822205, 8997985.570413108915091 ], [ 781824.228348862030543, 8997985.594289692118764 ], [ 781824.15395444969181, 8997985.620793430134654 ], [ 781824.080535996588878, 8997985.649891667068005 ], [ 781824.008183953817934, 8997985.681548554450274 ], [ 781823.936987458728254, 8997985.715725094079971 ], [ 781823.867034225258976, 8997985.752379175275564 ], [ 781823.798410435323603, 8997985.79146564565599 ], [ 781823.731200633104891, 8997985.832936348393559 ], [ 781823.665487620746717, 8997985.87674019113183 ], [ 781823.601352356490679, 8997985.922823209315538 ], [ 781823.53887385467533, 8997985.97112862765789 ], [ 781823.47812908841297, 8997986.021596934646368 ], [ 781823.419192895060405, 8997986.074165953323245 ], [ 781823.362137883785181, 8997986.128770919516683 ], [ 781823.307034346042201, 8997986.185344560071826 ], [ 781823.253950169077143, 8997986.243817176669836 ], [ 781823.202950752340257, 8997986.304116729646921 ], [ 781823.154098927043378, 8997986.366168931126595 ], [ 781823.107454878278077, 8997986.429897334426641 ], [ 781823.063076071208343, 8997986.495223425328732 ], [ 781823.021017180639319, 8997986.562066722661257 ], [ 781822.981330022565089, 8997986.630344875156879 ], [ 781822.944063491653651, 8997986.69997376576066 ], [ 781822.909263499896042, 8997986.770867610350251 ], [ 781822.8769729208434, 8997986.842939069494605 ], [ 781822.847231536288746, 8997986.916099350899458 ], [ 781822.820075987605378, 8997986.990258319303393 ], [ 781822.795539730112068, 8997987.065324615687132 ], [ 781822.773652992444113, 8997987.141205755993724 ], [ 781822.754442739067599, 8997987.217808254063129 ], [ 781822.737932636751793, 8997987.295037738978863 ], [ 781822.724143025930971, 8997987.372799061238766 ], [ 781822.713090895442292, 8997987.450996421277523 ], [ 781822.704789861338213, 8997987.529533479362726 ], [ 781822.699250150471926, 8997987.608313476666808 ], [ 781822.696478587691672, 8997987.687239361926913 ], [ 781822.696478587691672, 8997987.766213892027736 ], [ 781822.699250150471926, 8997987.845139777287841 ], [ 781822.704789861338213, 8997987.923919774591923 ], [ 781822.713090895442292, 8997988.002456832677126 ], [ 781822.724143025930971, 8997988.080654192715883 ], [ 781822.737932636751793, 8997988.158415514975786 ], [ 781822.754442739067599, 8997988.23564499989152 ], [ 781822.773652992444113, 8997988.312247497960925 ], [ 781822.795539730112068, 8997988.388128638267517 ], [ 781822.820075987605378, 8997988.463194934651256 ], [ 781822.847231536288746, 8997988.537353903055191 ], [ 781822.8769729208434, 8997988.610514184460044 ], [ 781822.909263499896042, 8997988.682585643604398 ], [ 781822.944063491653651, 8997988.753479488193989 ], [ 781822.981330022565089, 8997988.82310837879777 ], [ 781823.021017180639319, 8997988.891386531293392 ], [ 781823.063076071208343, 8997988.958229828625917 ], [ 781823.107454878278077, 8997989.023555919528008 ], [ 781823.154098927043378, 8997989.087284322828054 ], [ 781823.202950752340257, 8997989.149336524307728 ], [ 781823.253950169077143, 8997989.209636077284813 ], [ 781823.307034346042201, 8997989.268108693882823 ], [ 781823.362137883785181, 8997989.324682334437966 ], [ 781823.419192895060405, 8997989.379287300631404 ], [ 781823.47812908841297, 8997989.431856319308281 ], [ 781823.53887385467533, 8997989.482324626296759 ], [ 781823.601352356490679, 8997989.530630044639111 ], [ 781823.665487620746717, 8997989.576713062822819 ], [ 781823.731200633104891, 8997989.62051690556109 ], [ 781823.798410435323603, 8997989.661987608298659 ], [ 781823.867034225258976, 8997989.701074078679085 ], [ 781823.936987458728254, 8997989.737728159874678 ], [ 781824.008183953817934, 8997989.771904699504375 ], [ 781824.080535996588878, 8997989.803561586886644 ], [ 781824.15395444969181, 8997989.832659823819995 ], [ 781824.228348862030543, 8997989.859163561835885 ], [ 781824.303627579822205, 8997989.883040145039558 ], [ 781824.379697860335, 8997989.904260162264109 ], [ 781824.456465985043906, 8997989.922797467559576 ], [ 781824.53383737616241, 8997989.938629223033786 ], [ 781824.611716712475754, 8997989.95173592492938 ], [ 781824.690008046920411, 8997989.962101425975561 ], [ 781824.768614924978465, 8997989.96971295401454 ], [ 781824.847440503304824, 8997989.97456113435328 ], [ 781824.926387669169344, 8997989.976639993488789 ], [ 781825.005359160131775, 8997989.975946970283985 ], [ 781825.084257683483884, 8997989.972482915967703 ], [ 781825.162986036739312, 8997989.966252101585269 ], [ 781825.241447226842865, 8997989.957262203097343 ], [ 781825.319544590078294, 8997989.945524293929338 ], [ 781825.397181910811923, 8997989.931052835658193 ], [ 781825.474263540236279, 8997989.913865657523274 ], [ 781825.550694514065981, 8997989.893983935937285 ], [ 781825.626380669767968, 8997989.871432162821293 ], [ 781825.701228762278333, 8997989.846238121390343 ], [ 781825.775146579137072, 8997989.818432852625847 ], [ 781825.848043053993024, 8997989.7880506105721 ], [ 781825.919828378595412, 8997989.75512882694602 ], [ 781825.990414113970473, 8997989.719708060845733 ], [ 781826.059713298571296, 8997989.681831952184439 ], [ 781826.12764055619482, 8997989.641547162085772 ], [ 781826.194112200755626, 8997989.598903320729733 ], [ 781826.259046339662746, 8997989.553952967748046 ], [ 781826.322362974169664, 8997989.506751479580998 ], [ 781826.383984098560177, 8997989.457357009872794 ], [ 781826.443833795841783, 8997989.405830411240458 ], [ 781826.501838331576437, 8997989.352235164493322 ], [ 781826.557926244335249, 8997989.296637298539281 ], [ 781826.61202843405772, 8997989.239105308428407 ], [ 781826.664078247151338, 8997989.179710077121854 ], [ 781826.714011558447964, 8997989.118524776771665 ], [ 781826.761766850366257, 8997989.055624786764383 ], [ 781826.807285288581625, 8997988.991087598726153 ], [ 781826.850510794552974, 8997988.924992725253105 ], [ 781826.891390114789829, 8997988.857421593740582 ], [ 781826.929872886044905, 8997988.78845745138824 ], [ 781826.965911697829142, 8997988.718185260891914 ], [ 781826.999462150386535, 8997988.646691599860787 ], [ 781827.03048290964216, 8997988.57406454347074 ], [ 781827.058935758308508, 8997988.500393571332097 ], [ 781827.084785642684437, 8997988.425769446417689 ], [ 781827.108000715612434, 8997988.350284103304148 ], [ 781827.128552376292646, 8997988.274030540138483 ], [ 781827.146415305207483, 8997988.197102701291442 ], [ 781827.161567495437339, 8997988.119595360010862 ], [ 781827.173990279319696, 8997988.04160400852561 ], [ 781827.183668352197856, 8997987.963224727660418 ], [ 781827.190589790698141, 8997987.884554082527757 ], [ 781827.194746067514643, 8997987.805688995867968 ], [ 781827.196132062352262, 8997987.726726626977324 ] ] ] ] } },
{ "type": "Feature", "properties": { "LAYER": "_BM dan Cp", "GM_TYPE": "Unknown Area Type", "ELEVATION": null }, "geometry": { "type": "MultiPolygon", "coordinates": [ [ [ [ 781830.571132062352262, 8997987.726726626977324 ], [ 781830.567667075316422, 8997987.529320705682039 ], [ 781830.557276383042336, 8997987.332157986238599 ], [ 781830.539972786908038, 8997987.135481374338269 ], [ 781830.515777604770847, 8997986.939533174037933 ], [ 781830.484720645006746, 8997986.744554791599512 ], [ 781830.44684016960673, 8997986.550786441192031 ], [ 781830.402182847261429, 8997986.358466845005751 ], [ 781830.350803695386276, 8997986.167832937091589 ], [ 781830.292766013066284, 8997985.979119578376412 ], [ 781830.22814130235929, 8997985.792559264227748 ], [ 781830.157009180635214, 8997985.608381835743785 ], [ 781830.079457282321528, 8997985.426814196631312 ], [ 781829.995581150986254, 8997985.248080041259527 ], [ 781829.905484121642075, 8997985.072399565950036 ], [ 781829.809277193504386, 8997984.899989208206534 ], [ 781829.707078892970458, 8997984.731061378493905 ], [ 781829.59901512786746, 8997984.565824195742607 ], [ 781829.485219032270834, 8997984.404481230303645 ], [ 781829.365830802475102, 8997984.247231254354119 ], [ 781829.240997524233535, 8997984.094268001616001 ], [ 781829.110872991499491, 8997983.945779921486974 ], [ 781828.975617517251521, 8997983.801949949935079 ], [ 781828.835397735354491, 8997983.662955284118652 ], [ 781828.690386396250688, 8997983.528967166319489 ], [ 781828.540762152872048, 8997983.40015066973865 ], [ 781828.386709341895767, 8997983.276664493605494 ], [ 781828.228417755686678, 8997983.158660775050521 ], [ 781828.066082408535294, 8997983.046284891664982 ], [ 781827.89990329684224, 8997982.939675290137529 ], [ 781827.730085152783431, 8997982.838963314890862 ], [ 781827.556837191223167, 8997982.744273042306304 ], [ 781827.380372853134759, 8997982.655721127986908 ], [ 781827.200909541454166, 8997982.573416668921709 ], [ 781827.018668354372494, 8997982.497461065649986 ], [ 781826.833873812225647, 8997982.427947891876101 ], [ 781826.646753580775112, 8997982.364962790161371 ], [ 781826.457538191578351, 8997982.308583354577422 ], [ 781826.266460757004097, 8997982.258879048749804 ], [ 781826.073756683501415, 8997982.215911105275154 ], [ 781825.87966338172555, 8997982.179732460528612 ], [ 781825.684419973636977, 8997982.1503876876086 ], [ 781825.488266998319887, 8997982.127912938594818 ], [ 781825.291446115123108, 8997982.112335903570056 ], [ 781825.094199806684628, 8997982.103675769641995 ], [ 781824.896771079511382, 8997982.101943209767342 ], [ 781824.699403164791875, 8997982.10714035667479 ], [ 781824.502339218859561, 8997982.119260808452964 ], [ 781824.305822023772635, 8997982.138289630413055 ], [ 781824.110093687660992, 8997982.164203383028507 ], [ 781823.915395346935838, 8997982.196970138698816 ], [ 781823.721966869197786, 8997982.236549528315663 ], [ 781823.530046557309106, 8997982.282892789691687 ], [ 781823.339870856143534, 8997982.335942830890417 ], [ 781823.151674061431549, 8997982.395634291693568 ], [ 781822.965688030701131, 8997982.461893634870648 ], [ 781822.782141897827387, 8997982.534639226272702 ], [ 781822.601261790958233, 8997982.61378144659102 ], [ 781822.423270553350449, 8997982.699222791939974 ], [ 781822.248387469560839, 8997982.790857998654246 ], [ 781822.0768279946642, 8997982.888574173673987 ], [ 781821.908803489175625, 8997982.992250928655267 ], [ 781821.744520958396606, 8997983.101760536432266 ], [ 781821.584182797814719, 8997983.216968081891537 ], [ 781821.427986543159932, 8997983.337731627747416 ], [ 781821.27612462756224, 8997983.463902395218611 ], [ 781821.128784144297242, 8997983.595324942842126 ], [ 781820.986146615934558, 8997983.73183735832572 ], [ 781820.848387771518901, 8997983.873271459713578 ], [ 781820.715677329106256, 8997984.019453000277281 ], [ 781820.588178787380457, 8997984.170201882719994 ], [ 781820.466049224021845, 8997984.325332388281822 ], [ 781820.349439101992175, 8997984.48465339653194 ], [ 781820.238492084667087, 8997984.647968623787165 ], [ 781820.133344857953489, 8997984.815076867118478 ], [ 781820.034126962884329, 8997984.985772248357534 ], [ 781819.940960635431111, 8997985.159844473004341 ], [ 781819.853960656211711, 8997985.337079085409641 ], [ 781819.773234208580106, 8997985.517257733270526 ], [ 781819.698880747309886, 8997985.700158435851336 ], [ 781819.630991875426844, 8997985.885555859655142 ], [ 781819.569651231751777, 8997986.073221599683166 ], [ 781819.514934387640096, 8997986.262924447655678 ], [ 781819.466908754082397, 8997986.454430695623159 ], [ 781819.42563349835109, 8997986.647504404187202 ], [ 781819.391159471357241, 8997986.841907711699605 ], [ 781819.363529145019129, 8997987.037401109933853 ], [ 781819.342776559758931, 8997987.233743755146861 ], [ 781819.328927282593213, 8997987.430693753063679 ], [ 781819.321998375817202, 8997987.628008462488651 ], [ 781819.321998375817202, 8997987.825444791465998 ], [ 781819.328927282593213, 8997988.02275950089097 ], [ 781819.342776559758931, 8997988.219709498807788 ], [ 781819.363529145019129, 8997988.416052144020796 ], [ 781819.391159471357241, 8997988.611545542255044 ], [ 781819.42563349835109, 8997988.805948849767447 ], [ 781819.466908754082397, 8997988.99902255833149 ], [ 781819.514934387640096, 8997989.190528806298971 ], [ 781819.569651231751777, 8997989.380231654271483 ], [ 781819.630991875426844, 8997989.567897394299507 ], [ 781819.698880747309886, 8997989.753294818103313 ], [ 781819.773234208580106, 8997989.936195520684123 ], [ 781819.853960656211711, 8997990.116374168545008 ], [ 781819.940960635431111, 8997990.293608780950308 ], [ 781820.034126962884329, 8997990.467681005597115 ], [ 781820.133344857953489, 8997990.638376386836171 ], [ 781820.238492084667087, 8997990.805484630167484 ], [ 781820.349439101992175, 8997990.968799857422709 ], [ 781820.466049224021845, 8997991.128120865672827 ], [ 781820.588178787380457, 8997991.283251371234655 ], [ 781820.715677329106256, 8997991.434000253677368 ], [ 781820.848387771518901, 8997991.580181794241071 ], [ 781820.986146615934558, 8997991.721615895628929 ], [ 781821.128784144297242, 8997991.858128311112523 ], [ 781821.27612462756224, 8997991.989550858736038 ], [ 781821.427986543159932, 8997992.115721626207232 ], [ 781821.584182797814719, 8997992.236485172063112 ], [ 781821.744520958396606, 8997992.351692717522383 ], [ 781821.908803489175625, 8997992.461202325299382 ], [ 781822.0768279946642, 8997992.564879080280662 ], [ 781822.248387469560839, 8997992.662595255300403 ], [ 781822.423270553350449, 8997992.754230462014675 ], [ 781822.601261790958233, 8997992.839671807363629 ], [ 781822.782141897827387, 8997992.918814027681947 ], [ 781822.965688030701131, 8997992.991559619084001 ], [ 781823.151674061431549, 8997993.057818962261081 ], [ 781823.339870856143534, 8997993.117510423064232 ], [ 781823.530046557309106, 8997993.170560464262962 ], [ 781823.721966869197786, 8997993.216903725638986 ], [ 781823.915395346935838, 8997993.256483115255833 ], [ 781824.110093687660992, 8997993.289249870926142 ], [ 781824.305822023772635, 8997993.315163623541594 ], [ 781824.502339218859561, 8997993.334192445501685 ], [ 781824.699403164791875, 8997993.346312897279859 ], [ 781824.896771079511382, 8997993.351510044187307 ], [ 781825.094199806684628, 8997993.349777484312654 ], [ 781825.291446115123108, 8997993.341117350384593 ], [ 781825.488266998319887, 8997993.325540315359831 ], [ 781825.684419973636977, 8997993.303065566346049 ], [ 781825.87966338172555, 8997993.273720793426037 ], [ 781826.073756683501415, 8997993.237542148679495 ], [ 781826.266460757004097, 8997993.194574205204844 ], [ 781826.457538191578351, 8997993.144869899377227 ], [ 781826.646753580775112, 8997993.088490463793278 ], [ 781826.833873812225647, 8997993.025505362078547 ], [ 781827.018668354372494, 8997992.955992188304663 ], [ 781827.200909541454166, 8997992.88003658503294 ], [ 781827.380372853134759, 8997992.797732125967741 ], [ 781827.556837191223167, 8997992.709180211648345 ], [ 781827.730085152783431, 8997992.614489939063787 ], [ 781827.89990329684224, 8997992.51377796381712 ], [ 781828.066082408535294, 8997992.407168362289667 ], [ 781828.228417755686678, 8997992.294792478904128 ], [ 781828.386709341895767, 8997992.176788760349154 ], [ 781828.540762152872048, 8997992.053302584215999 ], [ 781828.690386396250688, 8997991.924486087635159 ], [ 781828.835397735354491, 8997991.790497969835997 ], [ 781828.975617517251521, 8997991.65150330401957 ], [ 781829.110872991499491, 8997991.507673332467675 ], [ 781829.240997524233535, 8997991.359185252338648 ], [ 781829.365830802475102, 8997991.20622199960053 ], [ 781829.485219032270834, 8997991.048972023651004 ], [ 781829.59901512786746, 8997990.887629058212042 ], [ 781829.707078892970458, 8997990.722391875460744 ], [ 781829.809277193504386, 8997990.553464045748115 ], [ 781829.905484121642075, 8997990.381053688004613 ], [ 781829.995581150986254, 8997990.205373212695122 ], [ 781830.079457282321528, 8997990.026639057323337 ], [ 781830.157009180635214, 8997989.845071418210864 ], [ 781830.22814130235929, 8997989.660893989726901 ], [ 781830.292766013066284, 8997989.474333675578237 ], [ 781830.350803695386276, 8997989.28562031686306 ], [ 781830.402182847261429, 8997989.094986408948898 ], [ 781830.44684016960673, 8997988.902666812762618 ], [ 781830.484720645006746, 8997988.708898462355137 ], [ 781830.515777604770847, 8997988.513920079916716 ], [ 781830.539972786908038, 8997988.31797187961638 ], [ 781830.557276383042336, 8997988.12129526771605 ], [ 781830.567667075316422, 8997987.92413254827261 ], [ 781830.571132062352262, 8997987.726726626977324 ] ] ] ] } },
{ "type": "Feature", "properties": { "LAYER": "_BM dan Cp", "GM_TYPE": "Unknown Area Type", "ELEVATION": 0 }, "geometry": { "type": "MultiPolygon", "coordinates": [ [ [ [ 781825.321132062352262, 8997987.726726626977324 ], [ 781825.319007612415589, 8997987.686866570264101 ], [ 781825.312658333568834, 8997987.647458143532276 ], [ 781825.302156165475026, 8997987.608947860077024 ], [ 781825.287620102171786, 8997987.571772057563066 ], [ 781825.269214842817746, 8997987.536351952701807 ], [ 781825.247148926602677, 8997987.503088867291808 ], [ 781825.221672368934378, 8997987.472359688952565 ], [ 781825.193073829519562, 8997987.444512588903308 ], [ 781825.161677341209725, 8997987.4198630861938 ], [ 781825.127838638727553, 8997987.398690469563007 ], [ 781825.091941128135659, 8997987.381234634667635 ], [ 781825.054391542566009, 8997987.367693362757564 ], [ 781825.015615333919413, 8997987.358220079913735 ], [ 781824.976051851990633, 8997987.352922124788165 ], [ 781824.936149366782047, 8997987.351859522983432 ], [ 781824.89635998965241, 8997987.35504431463778 ], [ 781824.857134549878538, 8997987.362440416589379 ], [ 781824.818917487515137, 8997987.37396402657032 ], [ 781824.782141817151569, 8997987.389484578743577 ], [ 781824.747224221820943, 8997987.408826217055321 ], [ 781824.714560331776738, 8997987.431769793853164 ], [ 781824.684520241920836, 8997987.458055349066854 ], [ 781824.65744431852363, 8997987.487385058775544 ], [ 781824.633639342733659, 8997987.519426602870226 ], [ 781824.613375034183264, 8997987.553816938772798 ], [ 781824.596880995784886, 8997987.590166410431266 ], [ 781824.584344111499377, 8997987.628063164651394 ], [ 781824.575906429323368, 8997987.667077815160155 ], [ 781824.571663551498204, 8997987.706768311560154 ], [ 781824.571663551498204, 8997987.746684942394495 ], [ 781824.575906429323368, 8997987.786375438794494 ], [ 781824.584344111499377, 8997987.825390089303255 ], [ 781824.596880995784886, 8997987.863286843523383 ], [ 781824.613375034183264, 8997987.899636315181851 ], [ 781824.633639342733659, 8997987.934026651084423 ], [ 781824.65744431852363, 8997987.966068195179105 ], [ 781824.684520241920836, 8997987.995397904887795 ], [ 781824.714560331776738, 8997988.021683460101485 ], [ 781824.747224221820943, 8997988.044627036899328 ], [ 781824.782141817151569, 8997988.063968675211072 ], [ 781824.818917487515137, 8997988.079489227384329 ], [ 781824.857134549878538, 8997988.09101283736527 ], [ 781824.89635998965241, 8997988.098408939316869 ], [ 781824.936149366782047, 8997988.101593730971217 ], [ 781824.976051851990633, 8997988.100531129166484 ], [ 781825.015615333919413, 8997988.095233174040914 ], [ 781825.054391542566009, 8997988.085759891197085 ], [ 781825.091941128135659, 8997988.072218619287014 ], [ 781825.127838638727553, 8997988.054762784391642 ], [ 781825.161677341209725, 8997988.033590167760849 ], [ 781825.193073829519562, 8997988.008940665051341 ], [ 781825.221672368934378, 8997987.981093565002084 ], [ 781825.247148926602677, 8997987.950364386662841 ], [ 781825.269214842817746, 8997987.917101301252842 ], [ 781825.287620102171786, 8997987.881681196391582 ], [ 781825.302156165475026, 8997987.844505393877625 ], [ 781825.312658333568834, 8997987.805995110422373 ], [ 781825.319007612415589, 8997987.766586683690548 ], [ 781825.321132062352262, 8997987.726726626977324 ] ] ] ] } },
{ "type": "Feature", "properties": { "LAYER": "_BM dan Cp", "GM_TYPE": "Unknown Area Type", "ELEVATION": null }, "geometry": { "type": "MultiPolygon", "coordinates": [ [ [ [ 781873.815531686646864, 8997058.962050614878535 ], [ 781873.815297068911605, 8997058.948684062808752 ], [ 781873.814593504648656, 8997058.935333976522088 ], [ 781873.813421860802919, 8997058.922016806900501 ], [ 781873.811783580807969, 8997058.908748958259821 ], [ 781873.809680683072656, 8997058.895546777173877 ], [ 781873.807115758070722, 8997058.882426528260112 ], [ 781873.804091966128908, 8997058.869404375553131 ], [ 781873.800613032304682, 8997058.856496362015605 ], [ 781873.796683242777362, 8997058.843718392774463 ], [ 781873.792307438910939, 8997058.831086207181215 ], [ 781873.787491011666134, 8997058.818615367636085 ], [ 781873.782239894964732, 8997058.806321240961552 ], [ 781873.776560558238998, 8997058.794218972325325 ], [ 781873.770459998166189, 8997058.782323472201824 ], [ 781873.763945730752312, 8997058.770649394020438 ], [ 781873.757025781436823, 8997058.759211121127009 ], [ 781873.749708675779402, 8997058.748022746294737 ], [ 781873.742003428167664, 8997058.737098053097725 ], [ 781873.733919531689025, 8997058.726450499147177 ], [ 781873.72546694544144, 8997058.716093204915524 ], [ 781873.716656083008274, 8997058.706038927659392 ], [ 781873.707497799419798, 8997058.696300057694316 ], [ 781873.698003377649002, 8997058.68688858859241 ], [ 781873.688184514758177, 8997058.677816119045019 ], [ 781873.678053307463415, 8997058.669093824923038 ], [ 781873.66762223734986, 8997058.660732453688979 ], [ 781873.656904155621305, 8997058.652742302045226 ], [ 781873.645912266685627, 8997058.645133219659328 ], [ 781873.634660112671554, 8997058.637914575636387 ], [ 781873.623161556199193, 8997058.631095267832279 ], [ 781873.611430763266981, 8997058.624683694913983 ], [ 781873.599482186255045, 8997058.618687756359577 ], [ 781873.587330545764416, 8997058.613114839419723 ], [ 781873.574990812572651, 8997058.607971807941794 ], [ 781873.562478189123794, 8997058.603265002369881 ], [ 781873.549808090901934, 8997058.599000217393041 ], [ 781873.536996127455495, 8997058.595182709395885 ], [ 781873.524058083072305, 8997058.591817181557417 ], [ 781873.511009897338226, 8997058.588907778263092 ], [ 781873.49786764557939, 8997058.586458086967468 ], [ 781873.484647518955171, 8997058.584471123293042 ], [ 781873.471365804551169, 8997058.58294933475554 ], [ 781873.458038865588605, 8997058.581894598901272 ], [ 781873.444683120585978, 8997058.581308212131262 ], [ 781873.431315023801289, 8997058.581190899014473 ], [ 781873.417951044742949, 8997058.581542802974582 ], [ 781873.404607647680677, 8997058.582363490015268 ], [ 781873.391301271622069, 8997058.583651950582862 ], [ 781873.378048310056329, 8997058.585406597703695 ], [ 781873.364865090465173, 8997058.587625266984105 ], [ 781873.351767854648642, 8997058.590305227786303 ], [ 781873.338772738119587, 8997058.593443175777793 ], [ 781873.325895751011558, 8997058.597035247832537 ], [ 781873.313152757706121, 8997058.601077016443014 ], [ 781873.3005594573915, 8997058.605563502758741 ], [ 781873.288131364970468, 8997058.610489178448915 ], [ 781873.275883791851811, 8997058.615847978740931 ], [ 781873.263831826974638, 8997058.621633296832442 ], [ 781873.25199031829834, 8997058.627838008105755 ], [ 781873.240373854408972, 8997058.634454468265176 ], [ 781873.228996746940538, 8997058.641474526375532 ], [ 781873.217873012297787, 8997058.648889530450106 ], [ 781873.207016355008818, 8997058.656690349802375 ], [ 781873.196440150262788, 8997058.664867369458079 ], [ 781873.186157427844591, 8997058.673410518094897 ], [ 781873.176180856302381, 8997058.682309271767735 ], [ 781873.166522726416588, 8997058.691552663221955 ], [ 781873.157194937113672, 8997058.701129307970405 ], [ 781873.148208980215713, 8997058.711027406156063 ], [ 781873.139575926354155, 8997058.721234764903784 ], [ 781873.131306411349215, 8997058.731738805770874 ], [ 781873.123410623287782, 8997058.742526590824127 ], [ 781873.115898289601319, 8997058.753584828227758 ], [ 781873.108778665657155, 8997058.764899894595146 ], [ 781873.1020605226513, 8997058.776457849889994 ], [ 781873.095752137363888, 8997058.788244454190135 ], [ 781873.089861281681806, 8997058.800245188176632 ], [ 781873.08439521305263, 8997058.812445264309645 ], [ 781873.079360665753484, 8997058.824829652905464 ], [ 781873.074763842276298, 8997058.837383098900318 ], [ 781873.070610405877233, 8997058.850090134888887 ], [ 781873.06690547359176, 8997058.862935103476048 ], [ 781873.063653609831817, 8997058.875902183353901 ], [ 781873.060858821030706, 8997058.888975398615003 ], [ 781873.058524550055154, 8997058.902138641104102 ], [ 781873.056653673062101, 8997058.91537569463253 ], [ 781873.055248494725674, 8997058.928670251742005 ], [ 781873.054310746258125, 8997058.942005932331085 ], [ 781873.053841583081521, 8997058.955366309732199 ], [ 781873.053841583081521, 8997058.968734920024872 ], [ 781873.054310746258125, 8997058.982095297425985 ], [ 781873.055248494725674, 8997058.995430978015065 ], [ 781873.056653673062101, 8997059.00872553512454 ], [ 781873.058524550055154, 8997059.021962588652968 ], [ 781873.060858821030706, 8997059.035125831142068 ], [ 781873.063653609831817, 8997059.04819904640317 ], [ 781873.06690547359176, 8997059.061166126281023 ], [ 781873.070610405877233, 8997059.074011094868183 ], [ 781873.074763842276298, 8997059.086718130856752 ], [ 781873.079360665753484, 8997059.099271576851606 ], [ 781873.08439521305263, 8997059.111655965447426 ], [ 781873.089861281681806, 8997059.123856041580439 ], [ 781873.095752137363888, 8997059.135856775566936 ], [ 781873.1020605226513, 8997059.147643379867077 ], [ 781873.108778665657155, 8997059.159201335161924 ], [ 781873.115898289601319, 8997059.170516401529312 ], [ 781873.123410623287782, 8997059.181574638932943 ], [ 781873.131306411349215, 8997059.192362423986197 ], [ 781873.139575926354155, 8997059.202866464853287 ], [ 781873.148208980215713, 8997059.213073823601007 ], [ 781873.157194937113672, 8997059.222971921786666 ], [ 781873.166522726416588, 8997059.232548566535115 ], [ 781873.176180856302381, 8997059.241791957989335 ], [ 781873.186157427844591, 8997059.250690711662173 ], [ 781873.196440150262788, 8997059.259233860298991 ], [ 781873.207016355008818, 8997059.267410879954696 ], [ 781873.217873012297787, 8997059.275211699306965 ], [ 781873.228996746940538, 8997059.282626703381538 ], [ 781873.240373854408972, 8997059.289646761491895 ], [ 781873.25199031829834, 8997059.296263221651316 ], [ 781873.263831826974638, 8997059.302467932924628 ], [ 781873.275883791851811, 8997059.30825325101614 ], [ 781873.288131364970468, 8997059.313612051308155 ], [ 781873.3005594573915, 8997059.318537726998329 ], [ 781873.313152757706121, 8997059.323024213314056 ], [ 781873.325895751011558, 8997059.327065981924534 ], [ 781873.338772738119587, 8997059.330658053979278 ], [ 781873.351767854648642, 8997059.333796001970768 ], [ 781873.364865090465173, 8997059.336475962772965 ], [ 781873.378048310056329, 8997059.338694632053375 ], [ 781873.391301271622069, 8997059.340449279174209 ], [ 781873.404607647680677, 8997059.341737739741802 ], [ 781873.417951044742949, 8997059.342558426782489 ], [ 781873.431315023801289, 8997059.342910330742598 ], [ 781873.444683120585978, 8997059.342793017625809 ], [ 781873.458038865588605, 8997059.342206630855799 ], [ 781873.471365804551169, 8997059.341151895001531 ], [ 781873.484647518955171, 8997059.339630106464028 ], [ 781873.49786764557939, 8997059.337643142789602 ], [ 781873.511009897338226, 8997059.335193451493979 ], [ 781873.524058083072305, 8997059.332284048199654 ], [ 781873.536996127455495, 8997059.328918520361185 ], [ 781873.549808090901934, 8997059.32510101236403 ], [ 781873.562478189123794, 8997059.32083622738719 ], [ 781873.574990812572651, 8997059.316129421815276 ], [ 781873.587330545764416, 8997059.310986390337348 ], [ 781873.599482186255045, 8997059.305413473397493 ], [ 781873.611430763266981, 8997059.299417534843087 ], [ 781873.623161556199193, 8997059.293005961924791 ], [ 781873.634660112671554, 8997059.286186654120684 ], [ 781873.645912266685627, 8997059.278968010097742 ], [ 781873.656904155621305, 8997059.271358927711844 ], [ 781873.66762223734986, 8997059.263368776068091 ], [ 781873.678053307463415, 8997059.255007404834032 ], [ 781873.688184514758177, 8997059.246285110712051 ], [ 781873.698003377649002, 8997059.23721264116466 ], [ 781873.707497799419798, 8997059.227801172062755 ], [ 781873.716656083008274, 8997059.218062302097678 ], [ 781873.72546694544144, 8997059.208008024841547 ], [ 781873.733919531689025, 8997059.197650730609894 ], [ 781873.742003428167664, 8997059.187003176659346 ], [ 781873.749708675779402, 8997059.176078483462334 ], [ 781873.757025781436823, 8997059.164890108630061 ], [ 781873.763945730752312, 8997059.153451835736632 ], [ 781873.770459998166189, 8997059.141777757555246 ], [ 781873.776560558238998, 8997059.129882257431746 ], [ 781873.782239894964732, 8997059.117779988795519 ], [ 781873.787491011666134, 8997059.105485862120986 ], [ 781873.792307438910939, 8997059.093015022575855 ], [ 781873.796683242777362, 8997059.080382836982608 ], [ 781873.800613032304682, 8997059.067604867741466 ], [ 781873.804091966128908, 8997059.054696854203939 ], [ 781873.807115758070722, 8997059.041674701496959 ], [ 781873.809680683072656, 8997059.028554452583194 ], [ 781873.811783580807969, 8997059.01535227149725 ], [ 781873.813421860802919, 8997059.002084422856569 ], [ 781873.814593504648656, 8997058.988767253234982 ], [ 781873.815297068911605, 8997058.975417166948318 ], [ 781873.815531686646864, 8997058.962050614878535 ] ] ] ] } },
{ "type": "Feature", "properties": { "LAYER": "_BM dan Cp", "GM_TYPE": "Unknown Area Type", "ELEVATION": 0 }, "geometry": { "type": "MultiPolygon", "coordinates": [ [ [ [ 781873.815531686646864, 8997058.962050614878535 ], [ 781873.813373957178555, 8997058.921566149219871 ], [ 781873.806925216689706, 8997058.881540389731526 ], [ 781873.796258531976491, 8997058.842426842078567 ], [ 781873.78149476100225, 8997058.804668679833412 ], [ 781873.762801183038391, 8997058.768693717196584 ], [ 781873.740389603772201, 8997058.734909566119313 ], [ 781873.714513955404982, 8997058.703699013218284 ], [ 781873.685467419447377, 8997058.675415689125657 ], [ 781873.653579104575329, 8997058.650380050763488 ], [ 781873.61921031831298, 8997058.628875765949488 ], [ 781873.582750472589396, 8997058.611146485432982 ], [ 781873.544612672179937, 8997058.597393088042736 ], [ 781873.505229033529758, 8997058.587771406397223 ], [ 781873.465045788907446, 8997058.582390459254384 ], [ 781873.424518230720423, 8997058.581311210989952 ], [ 781873.384105552337132, 8997058.584545893594623 ], [ 781873.344265645369887, 8997058.592057855799794 ], [ 781873.305449912091717, 8997058.603761982172728 ], [ 781873.26809815026354, 8997058.619525663554668 ], [ 781873.232633570209146, 8997058.639170289039612 ], [ 781873.199457999784499, 8997058.66247327812016 ], [ 781873.168947331374511, 8997058.689170597121119 ], [ 781873.141447263304144, 8997058.718959756195545 ], [ 781873.117269382113591, 8997058.751503232866526 ], [ 781873.096687632845715, 8997058.786432294175029 ], [ 781873.079935215064324, 8997058.823351180180907 ], [ 781873.067201940342784, 8997058.861841589212418 ], [ 781873.058632081607357, 8997058.901467403396964 ], [ 781873.054322739015333, 8997058.941779652610421 ], [ 781873.054322739015333, 8997058.982321577146649 ], [ 781873.058632081607357, 8997059.022633826360106 ], [ 781873.067201940342784, 8997059.062259640544653 ], [ 781873.079935215064324, 8997059.100750049576163 ], [ 781873.096687632845715, 8997059.137668935582042 ], [ 781873.117269382113591, 8997059.172597996890545 ], [ 781873.141447263304144, 8997059.205141473561525 ], [ 781873.168947331374511, 8997059.234930632635951 ], [ 781873.199457999784499, 8997059.26162795163691 ], [ 781873.232633570209146, 8997059.284930940717459 ], [ 781873.26809815026354, 8997059.304575566202402 ], [ 781873.305449912091717, 8997059.320339247584343 ], [ 781873.344265645369887, 8997059.332043373957276 ], [ 781873.384105552337132, 8997059.339555336162448 ], [ 781873.424518230720423, 8997059.342790018767118 ], [ 781873.465045788907446, 8997059.341710770502687 ], [ 781873.505229033529758, 8997059.336329823359847 ], [ 781873.544612672179937, 8997059.326708141714334 ], [ 781873.582750472589396, 8997059.312954744324088 ], [ 781873.61921031831298, 8997059.295225463807583 ], [ 781873.653579104575329, 8997059.273721178993583 ], [ 781873.685467419447377, 8997059.248685540631413 ], [ 781873.714513955404982, 8997059.220402216538787 ], [ 781873.740389603772201, 8997059.189191663637757 ], [ 781873.762801183038391, 8997059.155407512560487 ], [ 781873.78149476100225, 8997059.119432549923658 ], [ 781873.796258531976491, 8997059.081674387678504 ], [ 781873.806925216689706, 8997059.042560840025544 ], [ 781873.813373957178555, 8997059.0025350805372 ], [ 781873.815531686646864, 8997058.962050614878535 ] ] ] ] } },
{ "type": "Feature", "properties": { "LAYER": "_BM dan Cp", "GM_TYPE": "Unknown Area Type", "ELEVATION": null }, "geometry": { "type": "MultiPolygon", "coordinates": [ [ [ [ 781880.404754403862171, 8997017.795664397999644 ], [ 781880.404523404780775, 8997017.782504003494978 ], [ 781880.40383069193922, 8997017.769359821453691 ], [ 781880.402677118778229, 8997017.756248047575355 ], [ 781880.401064106728882, 8997017.743184834718704 ], [ 781880.398993642651476, 8997017.730186276137829 ], [ 781880.396468277671374, 8997017.717268384993076 ], [ 781880.393491122871637, 8997017.704447079449892 ], [ 781880.390065846033394, 8997017.691738152876496 ], [ 781880.386196667212062, 8997017.679157260805368 ], [ 781880.381888353149407, 8997017.666719907894731 ], [ 781880.377146211802028, 8997017.65444141253829 ], [ 781880.371976085240021, 8997017.642336903139949 ], [ 781880.36638434312772, 8997017.630421292036772 ], [ 781880.360377874458209, 8997017.618709260597825 ], [ 781880.353964079287834, 8997017.607215236872435 ], [ 781880.347150859190151, 8997017.595953380689025 ], [ 781880.339946608175524, 8997017.584937568753958 ], [ 781880.332360201864503, 8997017.57418137229979 ], [ 781880.324400986544788, 8997017.563698040321469 ], [ 781880.31607876799535, 8997017.553500490263104 ], [ 781880.307403799146414, 8997017.543601283803582 ], [ 781880.298386767506599, 8997017.534012619405985 ], [ 781880.289038782007992, 8997017.524746308103204 ], [ 781880.279371359501965, 8997017.515813767910004 ], [ 781880.269396409858018, 8997017.507226001471281 ], [ 781880.259126222459599, 8997017.498993588611484 ], [ 781880.248573450138792, 8997017.491126675158739 ], [ 781880.237751093576662, 8997017.483634948730469 ], [ 781880.226672486169264, 8997017.476527642458677 ], [ 781880.215351276565343, 8997017.469813510775566 ], [ 781880.203801412484609, 8997017.463500825688243 ], [ 781880.192037123255432, 8997017.457597365602851 ], [ 781880.180072902468964, 8997017.452110400423408 ], [ 781880.16792349005118, 8997017.44704669341445 ], [ 781880.155603853869252, 8997017.442412482574582 ], [ 781880.143129171803594, 8997017.438213475048542 ], [ 781880.130514812422916, 8997017.434454847127199 ], [ 781880.117776316823438, 8997017.431141225621104 ], [ 781880.104929378605448, 8997017.428276697173715 ], [ 781880.09198982513044, 8997017.425864787772298 ], [ 781880.078973597963341, 8997017.423908468335867 ], [ 781880.065896732965484, 8997017.422410152852535 ], [ 781880.052775340736844, 8997017.421371683478355 ], [ 781880.039625586825423, 8997017.42079434171319 ], [ 781880.026463671703823, 8997017.420678837224841 ], [ 781880.013305810745806, 8997017.421025313436985 ], [ 781880.000168214319274, 8997017.421833343803883 ], [ 781879.987067067995667, 8997017.423101931810379 ], [ 781879.974018512177281, 8997017.424829514697194 ], [ 781879.961038622888736, 8997017.427013965323567 ], [ 781879.94814339093864, 8997017.429652592167258 ], [ 781879.93534870352596, 8997017.432742143049836 ], [ 781879.92267032340169, 8997017.436278810724616 ], [ 781879.910123870475218, 8997017.440258242189884 ], [ 781879.897724801790901, 8997017.444675531238317 ], [ 781879.885488392901607, 8997017.449525237083435 ], [ 781879.873429719125852, 8997017.454801386222243 ], [ 781879.8615636365721, 8997017.460497476160526 ], [ 781879.849904764327221, 8997017.466606490314007 ], [ 781879.838467466062866, 8997017.473120901733637 ], [ 781879.827265832340345, 8997017.480032684281468 ], [ 781879.816313663613982, 8997017.487333325669169 ], [ 781879.80562445288524, 8997017.495013827458024 ], [ 781879.795211369288154, 8997017.503064731135964 ], [ 781879.785087241558358, 8997017.511476116254926 ], [ 781879.775264542666264, 8997017.520237619057298 ], [ 781879.765755374100991, 8997017.529338447377086 ], [ 781879.75657145108562, 8997017.538767386227846 ], [ 781879.74772408825811, 8997017.548512822017074 ], [ 781879.739224185585044, 8997017.558562748134136 ], [ 781879.731082214624621, 8997017.568904781714082 ], [ 781879.723308206535876, 8997017.57952618226409 ], [ 781879.71591173869092, 8997017.590413864701986 ], [ 781879.708901923615485, 8997017.601554414257407 ], [ 781879.702287397230975, 8997017.612934106960893 ], [ 781879.696076308726333, 8997017.624538920819759 ], [ 781879.690276310080662, 8997017.636354561895132 ], [ 781879.684894546982832, 8997017.648366471752524 ], [ 781879.679937649518251, 8997017.660559851676226 ], [ 781879.675411724718288, 8997017.672919679433107 ], [ 781879.67132234852761, 8997017.68543072976172 ], [ 781879.667674558935687, 8997017.698077585548162 ], [ 781879.664472849923186, 8997017.710844669491053 ], [ 781879.661721166223288, 8997017.72371624968946 ], [ 781879.659422897850163, 8997017.736676469445229 ], [ 781879.65758087602444, 8997017.749709364026785 ], [ 781879.656197370379232, 8997017.762798873707652 ], [ 781879.655274085234851, 8997017.775928873568773 ], [ 781879.654812158085406, 8997017.789083186537027 ], [ 781879.654812158085406, 8997017.802245609462261 ], [ 781879.655274085234851, 8997017.815399922430515 ], [ 781879.656197370379232, 8997017.828529922291636 ], [ 781879.65758087602444, 8997017.841619431972504 ], [ 781879.659422897850163, 8997017.85465232655406 ], [ 781879.661721166223288, 8997017.867612546309829 ], [ 781879.664472849923186, 8997017.880484126508236 ], [ 781879.667674558935687, 8997017.893251210451126 ], [ 781879.67132234852761, 8997017.905898066237569 ], [ 781879.675411724718288, 8997017.918409116566181 ], [ 781879.679937649518251, 8997017.930768944323063 ], [ 781879.684894546982832, 8997017.942962324246764 ], [ 781879.690276310080662, 8997017.954974234104156 ], [ 781879.696076308726333, 8997017.966789875179529 ], [ 781879.702287397230975, 8997017.978394689038396 ], [ 781879.708901923615485, 8997017.989774381741881 ], [ 781879.71591173869092, 8997018.000914931297302 ], [ 781879.723308206535876, 8997018.011802613735199 ], [ 781879.731082214624621, 8997018.022424014285207 ], [ 781879.739224185585044, 8997018.032766047865152 ], [ 781879.74772408825811, 8997018.042815973982215 ], [ 781879.75657145108562, 8997018.052561409771442 ], [ 781879.765755374100991, 8997018.061990348622203 ], [ 781879.775264542666264, 8997018.071091176941991 ], [ 781879.785087241558358, 8997018.079852679744363 ], [ 781879.795211369288154, 8997018.088264064863324 ], [ 781879.80562445288524, 8997018.096314968541265 ], [ 781879.816313663613982, 8997018.103995470330119 ], [ 781879.827265832340345, 8997018.11129611171782 ], [ 781879.838467466062866, 8997018.118207894265652 ], [ 781879.849904764327221, 8997018.124722305685282 ], [ 781879.8615636365721, 8997018.130831319838762 ], [ 781879.873429719125852, 8997018.136527409777045 ], [ 781879.885488392901607, 8997018.141803558915854 ], [ 781879.897724801790901, 8997018.146653264760971 ], [ 781879.910123870475218, 8997018.151070553809404 ], [ 781879.92267032340169, 8997018.155049985274673 ], [ 781879.93534870352596, 8997018.158586652949452 ], [ 781879.94814339093864, 8997018.16167620383203 ], [ 781879.961038622888736, 8997018.164314830675721 ], [ 781879.974018512177281, 8997018.166499281302094 ], [ 781879.987067067995667, 8997018.16822686418891 ], [ 781880.000168214319274, 8997018.169495452195406 ], [ 781880.013305810745806, 8997018.170303482562304 ], [ 781880.026463671703823, 8997018.170649958774447 ], [ 781880.039625586825423, 8997018.170534454286098 ], [ 781880.052775340736844, 8997018.169957112520933 ], [ 781880.065896732965484, 8997018.168918643146753 ], [ 781880.078973597963341, 8997018.167420327663422 ], [ 781880.09198982513044, 8997018.165464008226991 ], [ 781880.104929378605448, 8997018.163052098825574 ], [ 781880.117776316823438, 8997018.160187570378184 ], [ 781880.130514812422916, 8997018.156873948872089 ], [ 781880.143129171803594, 8997018.153115320950747 ], [ 781880.155603853869252, 8997018.148916313424706 ], [ 781880.16792349005118, 8997018.144282102584839 ], [ 781880.180072902468964, 8997018.139218395575881 ], [ 781880.192037123255432, 8997018.133731430396438 ], [ 781880.203801412484609, 8997018.127827970311046 ], [ 781880.215351276565343, 8997018.121515285223722 ], [ 781880.226672486169264, 8997018.114801153540611 ], [ 781880.237751093576662, 8997018.10769384726882 ], [ 781880.248573450138792, 8997018.100202120840549 ], [ 781880.259126222459599, 8997018.092335207387805 ], [ 781880.269396409858018, 8997018.084102794528008 ], [ 781880.279371359501965, 8997018.075515028089285 ], [ 781880.289038782007992, 8997018.066582487896085 ], [ 781880.298386767506599, 8997018.057316176593304 ], [ 781880.307403799146414, 8997018.047727512195706 ], [ 781880.31607876799535, 8997018.037828305736184 ], [ 781880.324400986544788, 8997018.027630755677819 ], [ 781880.332360201864503, 8997018.017147423699498 ], [ 781880.339946608175524, 8997018.006391227245331 ], [ 781880.347150859190151, 8997017.995375415310264 ], [ 781880.353964079287834, 8997017.984113559126854 ], [ 781880.360377874458209, 8997017.972619535401464 ], [ 781880.36638434312772, 8997017.960907503962517 ], [ 781880.371976085240021, 8997017.94899189285934 ], [ 781880.377146211802028, 8997017.936887383460999 ], [ 781880.381888353149407, 8997017.924608888104558 ], [ 781880.386196667212062, 8997017.91217153519392 ], [ 781880.390065846033394, 8997017.899590643122792 ], [ 781880.393491122871637, 8997017.886881716549397 ], [ 781880.396468277671374, 8997017.874060411006212 ], [ 781880.398993642651476, 8997017.86114251986146 ], [ 781880.401064106728882, 8997017.848143961280584 ], [ 781880.402677118778229, 8997017.835080748423934 ], [ 781880.40383069193922, 8997017.821968974545598 ], [ 781880.404523404780775, 8997017.808824792504311 ], [ 781880.404754403862171, 8997017.795664397999644 ] ] ] ] } },
{ "type": "Feature", "properties": { "LAYER": "_BM dan Cp", "GM_TYPE": "Unknown Area Type", "ELEVATION": null }, "geometry": { "type": "MultiPolygon", "coordinates": [ [ [ [ 781882.279754403862171, 8997017.795664397999644 ], [ 781882.278368409024552, 8997017.716702029109001 ], [ 781882.274212132208049, 8997017.637836942449212 ], [ 781882.267290693707764, 8997017.559166297316551 ], [ 781882.257612620829605, 8997017.480787016451359 ], [ 781882.245189836947247, 8997017.402795664966106 ], [ 781882.230037646717392, 8997017.325288323685527 ], [ 781882.212174717802554, 8997017.248360484838486 ], [ 781882.191623057122342, 8997017.172106921672821 ], [ 781882.168407984194346, 8997017.096621578559279 ], [ 781882.142558099818416, 8997017.021997453644872 ], [ 781882.114105251152068, 8997016.948326481506228 ], [ 781882.083084491896443, 8997016.875699425116181 ], [ 781882.049534039339051, 8997016.804205764085054 ], [ 781882.013495227554813, 8997016.733933573588729 ], [ 781881.975012456299737, 8997016.664969431236386 ], [ 781881.934133136062883, 8997016.597398299723864 ], [ 781881.890907630091533, 8997016.531303426250815 ], [ 781881.845389191876166, 8997016.466766238212585 ], [ 781881.797633899957873, 8997016.403866248205304 ], [ 781881.747700588661246, 8997016.342680947855115 ], [ 781881.695650775567628, 8997016.283285716548562 ], [ 781881.641548585845158, 8997016.225753726437688 ], [ 781881.585460673086345, 8997016.170155860483646 ], [ 781881.527456137351692, 8997016.11656061373651 ], [ 781881.467606440070085, 8997016.065034015104175 ], [ 781881.405985315679573, 8997016.01563954539597 ], [ 781881.342668681172654, 8997015.968438057228923 ], [ 781881.277734542265534, 8997015.923487704247236 ], [ 781881.211262897704728, 8997015.880843862891197 ], [ 781881.143335640081204, 8997015.84055907279253 ], [ 781881.074036455480382, 8997015.802682964131236 ], [ 781881.00345072010532, 8997015.767262198030949 ], [ 781880.931665395502932, 8997015.734340414404869 ], [ 781880.85876892064698, 8997015.703958172351122 ], [ 781880.784851103788242, 8997015.676152903586626 ], [ 781880.710003011277877, 8997015.650958862155676 ], [ 781880.634316855575889, 8997015.628407089039683 ], [ 781880.557885881746188, 8997015.608525367453694 ], [ 781880.480804252321832, 8997015.591338189318776 ], [ 781880.403166931588203, 8997015.57686673104763 ], [ 781880.325069568352774, 8997015.565128821879625 ], [ 781880.246608378249221, 8997015.5561389233917 ], [ 781880.167880024993792, 8997015.549908109009266 ], [ 781880.088981501641683, 8997015.546444054692984 ], [ 781880.010010010679252, 8997015.54575103148818 ], [ 781879.931062844814733, 8997015.547829890623689 ], [ 781879.852237266488373, 8997015.552678070962429 ], [ 781879.77363038843032, 8997015.560289599001408 ], [ 781879.695339053985663, 8997015.570655100047588 ], [ 781879.617459717672318, 8997015.583761801943183 ], [ 781879.540088326553814, 8997015.599593557417393 ], [ 781879.463320201844908, 8997015.61813086271286 ], [ 781879.387249921332113, 8997015.63935087993741 ], [ 781879.311971203540452, 8997015.663227463141084 ], [ 781879.237576791201718, 8997015.689731201156974 ], [ 781879.164158338098787, 8997015.718829438090324 ], [ 781879.091806295327842, 8997015.750486325472593 ], [ 781879.020609800238162, 8997015.784662865102291 ], [ 781878.950656566768885, 8997015.821316946297884 ], [ 781878.882032776833512, 8997015.860403416678309 ], [ 781878.814822974614799, 8997015.901874119415879 ], [ 781878.749109962256625, 8997015.94567796215415 ], [ 781878.684974698000588, 8997015.991760980337858 ], [ 781878.622496196185239, 8997016.04006639868021 ], [ 781878.561751429922879, 8997016.090534705668688 ], [ 781878.502815236570314, 8997016.143103724345565 ], [ 781878.445760225295089, 8997016.197708690539002 ], [ 781878.390656687552109, 8997016.254282331094146 ], [ 781878.337572510587052, 8997016.312754947692156 ], [ 781878.286573093850166, 8997016.373054500669241 ], [ 781878.237721268553287, 8997016.435106702148914 ], [ 781878.191077219787985, 8997016.498835105448961 ], [ 781878.146698412718251, 8997016.564161196351051 ], [ 781878.104639522149228, 8997016.631004493683577 ], [ 781878.064952364074998, 8997016.699282646179199 ], [ 781878.027685833163559, 8997016.76891153678298 ], [ 781877.99288584140595, 8997016.839805381372571 ], [ 781877.960595262353308, 8997016.911876840516925 ], [ 781877.930853877798654, 8997016.985037121921778 ], [ 781877.903698329115286, 8997017.059196090325713 ], [ 781877.879162071621977, 8997017.134262386709452 ], [ 781877.857275333954021, 8997017.210143527016044 ], [ 781877.838065080577508, 8997017.286746025085449 ], [ 781877.821554978261702, 8997017.363975510001183 ], [ 781877.807765367440879, 8997017.441736832261086 ], [ 781877.796713236952201, 8997017.519934192299843 ], [ 781877.788412202848122, 8997017.598471250385046 ], [ 781877.782872491981834, 8997017.677251247689128 ], [ 781877.780100929201581, 8997017.756177132949233 ], [ 781877.780100929201581, 8997017.835151663050056 ], [ 781877.782872491981834, 8997017.914077548310161 ], [ 781877.788412202848122, 8997017.992857545614243 ], [ 781877.796713236952201, 8997018.071394603699446 ], [ 781877.807765367440879, 8997018.149591963738203 ], [ 781877.821554978261702, 8997018.227353285998106 ], [ 781877.838065080577508, 8997018.304582770913839 ], [ 781877.857275333954021, 8997018.381185268983245 ], [ 781877.879162071621977, 8997018.457066409289837 ], [ 781877.903698329115286, 8997018.532132705673575 ], [ 781877.930853877798654, 8997018.606291674077511 ], [ 781877.960595262353308, 8997018.679451955482364 ], [ 781877.99288584140595, 8997018.751523414626718 ], [ 781878.027685833163559, 8997018.822417259216309 ], [ 781878.064952364074998, 8997018.892046149820089 ], [ 781878.104639522149228, 8997018.960324302315712 ], [ 781878.146698412718251, 8997019.027167599648237 ], [ 781878.191077219787985, 8997019.092493690550327 ], [ 781878.237721268553287, 8997019.156222093850374 ], [ 781878.286573093850166, 8997019.218274295330048 ], [ 781878.337572510587052, 8997019.278573848307133 ], [ 781878.390656687552109, 8997019.337046464905143 ], [ 781878.445760225295089, 8997019.393620105460286 ], [ 781878.502815236570314, 8997019.448225071653724 ], [ 781878.561751429922879, 8997019.500794090330601 ], [ 781878.622496196185239, 8997019.551262397319078 ], [ 781878.684974698000588, 8997019.59956781566143 ], [ 781878.749109962256625, 8997019.645650833845139 ], [ 781878.814822974614799, 8997019.689454676583409 ], [ 781878.882032776833512, 8997019.730925379320979 ], [ 781878.950656566768885, 8997019.770011849701405 ], [ 781879.020609800238162, 8997019.806665930896997 ], [ 781879.091806295327842, 8997019.840842470526695 ], [ 781879.164158338098787, 8997019.872499357908964 ], [ 781879.237576791201718, 8997019.901597594842315 ], [ 781879.311971203540452, 8997019.928101332858205 ], [ 781879.387249921332113, 8997019.951977916061878 ], [ 781879.463320201844908, 8997019.973197933286428 ], [ 781879.540088326553814, 8997019.991735238581896 ], [ 781879.617459717672318, 8997020.007566994056106 ], [ 781879.695339053985663, 8997020.0206736959517 ], [ 781879.77363038843032, 8997020.031039196997881 ], [ 781879.852237266488373, 8997020.03865072503686 ], [ 781879.931062844814733, 8997020.0434989053756 ], [ 781880.010010010679252, 8997020.045577764511108 ], [ 781880.088981501641683, 8997020.044884741306305 ], [ 781880.167880024993792, 8997020.041420686990023 ], [ 781880.246608378249221, 8997020.035189872607589 ], [ 781880.325069568352774, 8997020.026199974119663 ], [ 781880.403166931588203, 8997020.014462064951658 ], [ 781880.480804252321832, 8997019.999990606680512 ], [ 781880.557885881746188, 8997019.982803428545594 ], [ 781880.634316855575889, 8997019.962921706959605 ], [ 781880.710003011277877, 8997019.940369933843613 ], [ 781880.784851103788242, 8997019.915175892412663 ], [ 781880.85876892064698, 8997019.887370623648167 ], [ 781880.931665395502932, 8997019.856988381594419 ], [ 781881.00345072010532, 8997019.82406659796834 ], [ 781881.074036455480382, 8997019.788645831868052 ], [ 781881.143335640081204, 8997019.750769723206758 ], [ 781881.211262897704728, 8997019.710484933108091 ], [ 781881.277734542265534, 8997019.667841091752052 ], [ 781881.342668681172654, 8997019.622890738770366 ], [ 781881.405985315679573, 8997019.575689250603318 ], [ 781881.467606440070085, 8997019.526294780895114 ], [ 781881.527456137351692, 8997019.474768182262778 ], [ 781881.585460673086345, 8997019.421172935515642 ], [ 781881.641548585845158, 8997019.365575069561601 ], [ 781881.695650775567628, 8997019.308043079450727 ], [ 781881.747700588661246, 8997019.248647848144174 ], [ 781881.797633899957873, 8997019.187462547793984 ], [ 781881.845389191876166, 8997019.124562557786703 ], [ 781881.890907630091533, 8997019.060025369748473 ], [ 781881.934133136062883, 8997018.993930496275425 ], [ 781881.975012456299737, 8997018.926359364762902 ], [ 781882.013495227554813, 8997018.85739522241056 ], [ 781882.049534039339051, 8997018.787123031914234 ], [ 781882.083084491896443, 8997018.715629370883107 ], [ 781882.114105251152068, 8997018.64300231449306 ], [ 781882.142558099818416, 8997018.569331342354417 ], [ 781882.168407984194346, 8997018.494707217440009 ], [ 781882.191623057122342, 8997018.419221874326468 ], [ 781882.212174717802554, 8997018.342968311160803 ], [ 781882.230037646717392, 8997018.266040472313762 ], [ 781882.245189836947247, 8997018.188533131033182 ], [ 781882.257612620829605, 8997018.11054177954793 ], [ 781882.267290693707764, 8997018.032162498682737 ], [ 781882.274212132208049, 8997017.953491853550076 ], [ 781882.278368409024552, 8997017.874626766890287 ], [ 781882.279754403862171, 8997017.795664397999644 ] ] ] ] } },
{ "type": "Feature", "properties": { "LAYER": "_BM dan Cp", "GM_TYPE": "Unknown Area Type", "ELEVATION": null }, "geometry": { "type": "MultiPolygon", "coordinates": [ [ [ [ 781885.654754403862171, 8997017.795664397999644 ], [ 781885.65128941682633, 8997017.598258476704359 ], [ 781885.640898724552244, 8997017.401095757260919 ], [ 781885.623595128417946, 8997017.204419145360589 ], [ 781885.599399946280755, 8997017.008470945060253 ], [ 781885.568342986516654, 8997016.813492562621832 ], [ 781885.530462511116639, 8997016.619724212214351 ], [ 781885.485805188771337, 8997016.42740461602807 ], [ 781885.434426036896184, 8997016.236770708113909 ], [ 781885.376388354576193, 8997016.048057349398732 ], [ 781885.311763643869199, 8997015.861497035250068 ], [ 781885.240631522145122, 8997015.677319606766105 ], [ 781885.163079623831436, 8997015.495751967653632 ], [ 781885.079203492496163, 8997015.317017812281847 ], [ 781884.989106463151984, 8997015.141337336972356 ], [ 781884.892899535014294, 8997014.968926979228854 ], [ 781884.790701234480366, 8997014.799999149516225 ], [ 781884.682637469377369, 8997014.634761966764927 ], [ 781884.568841373780742, 8997014.473419001325965 ], [ 781884.449453143985011, 8997014.316169025376439 ], [ 781884.324619865743443, 8997014.163205772638321 ], [ 781884.194495333009399, 8997014.014717692509294 ], [ 781884.05923985876143, 8997013.870887720957398 ], [ 781883.919020076864399, 8997013.731893055140972 ], [ 781883.774008737760596, 8997013.597904937341809 ], [ 781883.624384494381957, 8997013.46908844076097 ], [ 781883.470331683405675, 8997013.345602264627814 ], [ 781883.312040097196586, 8997013.227598546072841 ], [ 781883.149704750045203, 8997013.115222662687302 ], [ 781882.983525638352148, 8997013.008613061159849 ], [ 781882.81370749429334, 8997012.907901085913181 ], [ 781882.640459532733075, 8997012.813210813328624 ], [ 781882.463995194644667, 8997012.724658899009228 ], [ 781882.284531882964075, 8997012.642354439944029 ], [ 781882.102290695882402, 8997012.566398836672306 ], [ 781881.917496153735556, 8997012.496885662898421 ], [ 781881.73037592228502, 8997012.433900561183691 ], [ 781881.541160533088259, 8997012.377521125599742 ], [ 781881.350083098514006, 8997012.327816819772124 ], [ 781881.157379025011323, 8997012.284848876297474 ], [ 781880.963285723235458, 8997012.248670231550932 ], [ 781880.768042315146886, 8997012.219325458630919 ], [ 781880.571889339829795, 8997012.196850709617138 ], [ 781880.375068456633016, 8997012.181273674592376 ], [ 781880.177822148194537, 8997012.172613540664315 ], [ 781879.98039342102129, 8997012.170880980789661 ], [ 781879.783025506301783, 8997012.17607812769711 ], [ 781879.585961560369469, 8997012.188198579475284 ], [ 781879.389444365282543, 8997012.207227401435375 ], [ 781879.193716029170901, 8997012.233141154050827 ], [ 781878.999017688445747, 8997012.265907909721136 ], [ 781878.805589210707694, 8997012.305487299337983 ], [ 781878.613668898819014, 8997012.351830560714006 ], [ 781878.423493197653443, 8997012.404880601912737 ], [ 781878.235296402941458, 8997012.464572062715888 ], [ 781878.049310372211039, 8997012.530831405892968 ], [ 781877.865764239337295, 8997012.603576997295022 ], [ 781877.684884132468142, 8997012.682719217613339 ], [ 781877.506892894860357, 8997012.768160562962294 ], [ 781877.332009811070748, 8997012.859795769676566 ], [ 781877.160450336174108, 8997012.957511944696307 ], [ 781876.992425830685534, 8997013.061188699677587 ], [ 781876.828143299906515, 8997013.170698307454586 ], [ 781876.667805139324628, 8997013.285905852913857 ], [ 781876.51160888466984, 8997013.406669398769736 ], [ 781876.359746969072148, 8997013.532840166240931 ], [ 781876.212406485807151, 8997013.664262713864446 ], [ 781876.069768957444467, 8997013.80077512934804 ], [ 781875.932010113028809, 8997013.942209230735898 ], [ 781875.799299670616165, 8997014.088390771299601 ], [ 781875.671801128890365, 8997014.239139653742313 ], [ 781875.549671565531753, 8997014.394270159304142 ], [ 781875.433061443502083, 8997014.553591167554259 ], [ 781875.322114426176995, 8997014.716906394809484 ], [ 781875.216967199463397, 8997014.884014638140798 ], [ 781875.117749304394238, 8997015.054710019379854 ], [ 781875.024582976941019, 8997015.228782244026661 ], [ 781874.93758299772162, 8997015.406016856431961 ], [ 781874.856856550090015, 8997015.586195504292846 ], [ 781874.782503088819794, 8997015.769096206873655 ], [ 781874.714614216936752, 8997015.954493630677462 ], [ 781874.653273573261686, 8997016.142159370705485 ], [ 781874.598556729150005, 8997016.331862218677998 ], [ 781874.550531095592305, 8997016.523368466645479 ], [ 781874.509255839860998, 8997016.716442175209522 ], [ 781874.47478181286715, 8997016.910845482721925 ], [ 781874.447151486529037, 8997017.106338880956173 ], [ 781874.42639890126884, 8997017.302681526169181 ], [ 781874.412549624103121, 8997017.499631524085999 ], [ 781874.40562071732711, 8997017.696946233510971 ], [ 781874.40562071732711, 8997017.894382562488317 ], [ 781874.412549624103121, 8997018.09169727191329 ], [ 781874.42639890126884, 8997018.288647269830108 ], [ 781874.447151486529037, 8997018.484989915043116 ], [ 781874.47478181286715, 8997018.680483313277364 ], [ 781874.509255839860998, 8997018.874886620789766 ], [ 781874.550531095592305, 8997019.067960329353809 ], [ 781874.598556729150005, 8997019.259466577321291 ], [ 781874.653273573261686, 8997019.449169425293803 ], [ 781874.714614216936752, 8997019.636835165321827 ], [ 781874.782503088819794, 8997019.822232589125633 ], [ 781874.856856550090015, 8997020.005133291706443 ], [ 781874.93758299772162, 8997020.185311939567327 ], [ 781875.024582976941019, 8997020.362546551972628 ], [ 781875.117749304394238, 8997020.536618776619434 ], [ 781875.216967199463397, 8997020.707314157858491 ], [ 781875.322114426176995, 8997020.874422401189804 ], [ 781875.433061443502083, 8997021.037737628445029 ], [ 781875.549671565531753, 8997021.197058636695147 ], [ 781875.671801128890365, 8997021.352189142256975 ], [ 781875.799299670616165, 8997021.502938024699688 ], [ 781875.932010113028809, 8997021.649119565263391 ], [ 781876.069768957444467, 8997021.790553666651249 ], [ 781876.212406485807151, 8997021.927066082134843 ], [ 781876.359746969072148, 8997022.058488629758358 ], [ 781876.51160888466984, 8997022.184659397229552 ], [ 781876.667805139324628, 8997022.305422943085432 ], [ 781876.828143299906515, 8997022.420630488544703 ], [ 781876.992425830685534, 8997022.530140096321702 ], [ 781877.160450336174108, 8997022.633816851302981 ], [ 781877.332009811070748, 8997022.731533026322722 ], [ 781877.506892894860357, 8997022.823168233036995 ], [ 781877.684884132468142, 8997022.908609578385949 ], [ 781877.865764239337295, 8997022.987751798704267 ], [ 781878.049310372211039, 8997023.06049739010632 ], [ 781878.235296402941458, 8997023.126756733283401 ], [ 781878.423493197653443, 8997023.186448194086552 ], [ 781878.613668898819014, 8997023.239498235285282 ], [ 781878.805589210707694, 8997023.285841496661305 ], [ 781878.999017688445747, 8997023.325420886278152 ], [ 781879.193716029170901, 8997023.358187641948462 ], [ 781879.389444365282543, 8997023.384101394563913 ], [ 781879.585961560369469, 8997023.403130216524005 ], [ 781879.783025506301783, 8997023.415250668302178 ], [ 781879.98039342102129, 8997023.420447815209627 ], [ 781880.177822148194537, 8997023.418715255334973 ], [ 781880.375068456633016, 8997023.410055121406913 ], [ 781880.571889339829795, 8997023.394478086382151 ], [ 781880.768042315146886, 8997023.372003337368369 ], [ 781880.963285723235458, 8997023.342658564448357 ], [ 781881.157379025011323, 8997023.306479919701815 ], [ 781881.350083098514006, 8997023.263511976227164 ], [ 781881.541160533088259, 8997023.213807670399547 ], [ 781881.73037592228502, 8997023.157428234815598 ], [ 781881.917496153735556, 8997023.094443133100867 ], [ 781882.102290695882402, 8997023.024929959326982 ], [ 781882.284531882964075, 8997022.94897435605526 ], [ 781882.463995194644667, 8997022.866669896990061 ], [ 781882.640459532733075, 8997022.778117982670665 ], [ 781882.81370749429334, 8997022.683427710086107 ], [ 781882.983525638352148, 8997022.582715734839439 ], [ 781883.149704750045203, 8997022.476106133311987 ], [ 781883.312040097196586, 8997022.363730249926448 ], [ 781883.470331683405675, 8997022.245726531371474 ], [ 781883.624384494381957, 8997022.122240355238318 ], [ 781883.774008737760596, 8997021.993423858657479 ], [ 781883.919020076864399, 8997021.859435740858316 ], [ 781884.05923985876143, 8997021.72044107504189 ], [ 781884.194495333009399, 8997021.576611103489995 ], [ 781884.324619865743443, 8997021.428123023360968 ], [ 781884.449453143985011, 8997021.275159770622849 ], [ 781884.568841373780742, 8997021.117909794673324 ], [ 781884.682637469377369, 8997020.956566829234362 ], [ 781884.790701234480366, 8997020.791329646483064 ], [ 781884.892899535014294, 8997020.622401816770434 ], [ 781884.989106463151984, 8997020.449991459026933 ], [ 781885.079203492496163, 8997020.274310983717442 ], [ 781885.163079623831436, 8997020.095576828345656 ], [ 781885.240631522145122, 8997019.914009189233184 ], [ 781885.311763643869199, 8997019.729831760749221 ], [ 781885.376388354576193, 8997019.543271446600556 ], [ 781885.434426036896184, 8997019.35455808788538 ], [ 781885.485805188771337, 8997019.163924179971218 ], [ 781885.530462511116639, 8997018.971604583784938 ], [ 781885.568342986516654, 8997018.777836233377457 ], [ 781885.599399946280755, 8997018.582857850939035 ], [ 781885.623595128417946, 8997018.3869096506387 ], [ 781885.640898724552244, 8997018.19023303873837 ], [ 781885.65128941682633, 8997017.99307031929493 ], [ 781885.654754403862171, 8997017.795664397999644 ] ] ] ] } },
{ "type": "Feature", "properties": { "LAYER": "_BM dan Cp", "GM_TYPE": "Unknown Area Type", "ELEVATION": 0 }, "geometry": { "type": "MultiPolygon", "coordinates": [ [ [ [ 781880.404754403862171, 8997017.795664397999644 ], [ 781880.402629953925498, 8997017.755804341286421 ], [ 781880.396280675078742, 8997017.716395914554596 ], [ 781880.385778506984934, 8997017.677885631099343 ], [ 781880.371242443681695, 8997017.640709828585386 ], [ 781880.352837184327655, 8997017.605289723724127 ], [ 781880.330771268112585, 8997017.572026638314128 ], [ 781880.305294710444286, 8997017.541297459974885 ], [ 781880.276696171029471, 8997017.513450359925628 ], [ 781880.245299682719633, 8997017.48880085721612 ], [ 781880.211460980237462, 8997017.467628240585327 ], [ 781880.175563469645567, 8997017.450172405689955 ], [ 781880.138013884075917, 8997017.436631133779883 ], [ 781880.099237675429322, 8997017.427157850936055 ], [ 781880.059674193500541, 8997017.421859895810485 ], [ 781880.019771708291955, 8997017.420797294005752 ], [ 781879.979982331162319, 8997017.4239820856601 ], [ 781879.940756891388446, 8997017.431378187611699 ], [ 781879.902539829025045, 8997017.44290179759264 ], [ 781879.865764158661477, 8997017.458422349765897 ], [ 781879.830846563330851, 8997017.477763988077641 ], [ 781879.798182673286647, 8997017.500707564875484 ], [ 781879.768142583430745, 8997017.526993120089173 ], [ 781879.741066660033539, 8997017.556322829797864 ], [ 781879.717261684243567, 8997017.588364373892546 ], [ 781879.696997375693172, 8997017.622754709795117 ], [ 781879.680503337294795, 8997017.659104181453586 ], [ 781879.667966453009285, 8997017.697000935673714 ], [ 781879.659528770833276, 8997017.736015586182475 ], [ 781879.655285893008113, 8997017.775706082582474 ], [ 781879.655285893008113, 8997017.815622713416815 ], [ 781879.659528770833276, 8997017.855313209816813 ], [ 781879.667966453009285, 8997017.894327860325575 ], [ 781879.680503337294795, 8997017.932224614545703 ], [ 781879.696997375693172, 8997017.968574086204171 ], [ 781879.717261684243567, 8997018.002964422106743 ], [ 781879.741066660033539, 8997018.035005966201425 ], [ 781879.768142583430745, 8997018.064335675910115 ], [ 781879.798182673286647, 8997018.090621231123805 ], [ 781879.830846563330851, 8997018.113564807921648 ], [ 781879.865764158661477, 8997018.132906446233392 ], [ 781879.902539829025045, 8997018.148426998406649 ], [ 781879.940756891388446, 8997018.159950608387589 ], [ 781879.979982331162319, 8997018.167346710339189 ], [ 781880.019771708291955, 8997018.170531501993537 ], [ 781880.059674193500541, 8997018.169468900188804 ], [ 781880.099237675429322, 8997018.164170945063233 ], [ 781880.138013884075917, 8997018.154697662219405 ], [ 781880.175563469645567, 8997018.141156390309334 ], [ 781880.211460980237462, 8997018.123700555413961 ], [ 781880.245299682719633, 8997018.102527938783169 ], [ 781880.276696171029471, 8997018.077878436073661 ], [ 781880.305294710444286, 8997018.050031336024404 ], [ 781880.330771268112585, 8997018.019302157685161 ], [ 781880.352837184327655, 8997017.986039072275162 ], [ 781880.371242443681695, 8997017.950618967413902 ], [ 781880.385778506984934, 8997017.913443164899945 ], [ 781880.396280675078742, 8997017.874932881444693 ], [ 781880.402629953925498, 8997017.835524454712868 ], [ 781880.404754403862171, 8997017.795664397999644 ] ] ] ] } },
{ "type": "Feature", "properties": { "LAYER": "_BM dan Cp", "GM_TYPE": "Unknown Area Type", "ELEVATION": null }, "geometry": { "type": "MultiPolygon", "coordinates": [ [ [ [ 782472.045312699861825, 8995410.41179053671658 ], [ 782472.045078082126565, 8995410.398423984646797 ], [ 782472.044374517863616, 8995410.385073898360133 ], [ 782472.043202874017879, 8995410.371756728738546 ], [ 782472.04156459402293, 8995410.358488880097866 ], [ 782472.039461696287617, 8995410.345286699011922 ], [ 782472.036896771285683, 8995410.332166450098157 ], [ 782472.033872979343869, 8995410.319144297391176 ], [ 782472.030394045519643, 8995410.30623628385365 ], [ 782472.026464255992323, 8995410.293458314612508 ], [ 782472.022088452125899, 8995410.28082612901926 ], [ 782472.017272024881095, 8995410.26835528947413 ], [ 782472.012020908179693, 8995410.256061162799597 ], [ 782472.006341571453959, 8995410.24395889416337 ], [ 782472.000241011381149, 8995410.232063394039869 ], [ 782471.993726743967272, 8995410.220389315858483 ], [ 782471.986806794651784, 8995410.208951042965055 ], [ 782471.979489688994363, 8995410.197762668132782 ], [ 782471.971784441382624, 8995410.18683797493577 ], [ 782471.963700544903986, 8995410.176190420985222 ], [ 782471.9552479586564, 8995410.165833126753569 ], [ 782471.946437096223235, 8995410.155778849497437 ], [ 782471.937278812634759, 8995410.146039979532361 ], [ 782471.927784390863962, 8995410.136628510430455 ], [ 782471.917965527973138, 8995410.127556040883064 ], [ 782471.907834320678376, 8995410.118833746761084 ], [ 782471.897403250564821, 8995410.110472375527024 ], [ 782471.886685168836266, 8995410.102482223883271 ], [ 782471.875693279900588, 8995410.094873141497374 ], [ 782471.864441125886515, 8995410.087654497474432 ], [ 782471.852942569414154, 8995410.080835189670324 ], [ 782471.841211776481941, 8995410.074423616752028 ], [ 782471.829263199470006, 8995410.068427678197622 ], [ 782471.817111558979377, 8995410.062854761257768 ], [ 782471.804771825787611, 8995410.05771172977984 ], [ 782471.792259202338755, 8995410.053004924207926 ], [ 782471.779589104116894, 8995410.048740139231086 ], [ 782471.766777140670456, 8995410.044922631233931 ], [ 782471.753839096287265, 8995410.041557103395462 ], [ 782471.740790910553187, 8995410.038647700101137 ], [ 782471.727648658794351, 8995410.036198008805513 ], [ 782471.714428532170132, 8995410.034211045131087 ], [ 782471.70114681776613, 8995410.032689256593585 ], [ 782471.687819878803566, 8995410.031634520739317 ], [ 782471.674464133800939, 8995410.031048133969307 ], [ 782471.66109603701625, 8995410.030930820852518 ], [ 782471.64773205795791, 8995410.031282724812627 ], [ 782471.634388660895638, 8995410.032103411853313 ], [ 782471.62108228483703, 8995410.033391872420907 ], [ 782471.607829323271289, 8995410.03514651954174 ], [ 782471.594646103680134, 8995410.03736518882215 ], [ 782471.581548867863603, 8995410.040045149624348 ], [ 782471.568553751334548, 8995410.043183097615838 ], [ 782471.555676764226519, 8995410.046775169670582 ], [ 782471.542933770921081, 8995410.050816938281059 ], [ 782471.530340470606461, 8995410.055303424596786 ], [ 782471.517912378185429, 8995410.060229100286961 ], [ 782471.505664805066772, 8995410.065587900578976 ], [ 782471.493612840189599, 8995410.071373218670487 ], [ 782471.481771331513301, 8995410.0775779299438 ], [ 782471.470154867623933, 8995410.084194390103221 ], [ 782471.458777760155499, 8995410.091214448213577 ], [ 782471.447654025512747, 8995410.098629452288151 ], [ 782471.436797368223779, 8995410.10643027164042 ], [ 782471.426221163477749, 8995410.114607291296124 ], [ 782471.415938441059552, 8995410.123150439932942 ], [ 782471.405961869517341, 8995410.132049193605781 ], [ 782471.396303739631549, 8995410.14129258506 ], [ 782471.386975950328633, 8995410.15086922980845 ], [ 782471.377989993430674, 8995410.160767327994108 ], [ 782471.369356939569116, 8995410.170974686741829 ], [ 782471.361087424564175, 8995410.181478727608919 ], [ 782471.353191636502743, 8995410.192266512662172 ], [ 782471.345679302816279, 8995410.203324750065804 ], [ 782471.338559678872116, 8995410.214639816433191 ], [ 782471.331841535866261, 8995410.226197771728039 ], [ 782471.325533150578849, 8995410.23798437602818 ], [ 782471.319642294896767, 8995410.249985110014677 ], [ 782471.314176226267591, 8995410.26218518614769 ], [ 782471.309141678968444, 8995410.274569574743509 ], [ 782471.304544855491258, 8995410.287123020738363 ], [ 782471.300391419092193, 8995410.299830056726933 ], [ 782471.29668648680672, 8995410.312675025314093 ], [ 782471.293434623046778, 8995410.325642105191946 ], [ 782471.290639834245667, 8995410.338715320453048 ], [ 782471.288305563270114, 8995410.351878562942147 ], [ 782471.286434686277062, 8995410.365115616470575 ], [ 782471.285029507940635, 8995410.37841017358005 ], [ 782471.284091759473085, 8995410.39174585416913 ], [ 782471.283622596296482, 8995410.405106231570244 ], [ 782471.283622596296482, 8995410.418474841862917 ], [ 782471.284091759473085, 8995410.43183521926403 ], [ 782471.285029507940635, 8995410.44517089985311 ], [ 782471.286434686277062, 8995410.458465456962585 ], [ 782471.288305563270114, 8995410.471702510491014 ], [ 782471.290639834245667, 8995410.484865752980113 ], [ 782471.293434623046778, 8995410.497938968241215 ], [ 782471.29668648680672, 8995410.510906048119068 ], [ 782471.300391419092193, 8995410.523751016706228 ], [ 782471.304544855491258, 8995410.536458052694798 ], [ 782471.309141678968444, 8995410.549011498689651 ], [ 782471.314176226267591, 8995410.561395887285471 ], [ 782471.319642294896767, 8995410.573595963418484 ], [ 782471.325533150578849, 8995410.585596697404981 ], [ 782471.331841535866261, 8995410.597383301705122 ], [ 782471.338559678872116, 8995410.608941256999969 ], [ 782471.345679302816279, 8995410.620256323367357 ], [ 782471.353191636502743, 8995410.631314560770988 ], [ 782471.361087424564175, 8995410.642102345824242 ], [ 782471.369356939569116, 8995410.652606386691332 ], [ 782471.377989993430674, 8995410.662813745439053 ], [ 782471.386975950328633, 8995410.672711843624711 ], [ 782471.396303739631549, 8995410.68228848837316 ], [ 782471.405961869517341, 8995410.69153187982738 ], [ 782471.415938441059552, 8995410.700430633500218 ], [ 782471.426221163477749, 8995410.708973782137036 ], [ 782471.436797368223779, 8995410.717150801792741 ], [ 782471.447654025512747, 8995410.72495162114501 ], [ 782471.458777760155499, 8995410.732366625219584 ], [ 782471.470154867623933, 8995410.73938668332994 ], [ 782471.481771331513301, 8995410.746003143489361 ], [ 782471.493612840189599, 8995410.752207854762673 ], [ 782471.505664805066772, 8995410.757993172854185 ], [ 782471.517912378185429, 8995410.7633519731462 ], [ 782471.530340470606461, 8995410.768277648836374 ], [ 782471.542933770921081, 8995410.772764135152102 ], [ 782471.555676764226519, 8995410.776805903762579 ], [ 782471.568553751334548, 8995410.780397975817323 ], [ 782471.581548867863603, 8995410.783535923808813 ], [ 782471.594646103680134, 8995410.786215884611011 ], [ 782471.607829323271289, 8995410.78843455389142 ], [ 782471.62108228483703, 8995410.790189201012254 ], [ 782471.634388660895638, 8995410.791477661579847 ], [ 782471.64773205795791, 8995410.792298348620534 ], [ 782471.66109603701625, 8995410.792650252580643 ], [ 782471.674464133800939, 8995410.792532939463854 ], [ 782471.687819878803566, 8995410.791946552693844 ], [ 782471.70114681776613, 8995410.790891816839576 ], [ 782471.714428532170132, 8995410.789370028302073 ], [ 782471.727648658794351, 8995410.787383064627647 ], [ 782471.740790910553187, 8995410.784933373332024 ], [ 782471.753839096287265, 8995410.782023970037699 ], [ 782471.766777140670456, 8995410.77865844219923 ], [ 782471.779589104116894, 8995410.774840934202075 ], [ 782471.792259202338755, 8995410.770576149225235 ], [ 782471.804771825787611, 8995410.765869343653321 ], [ 782471.817111558979377, 8995410.760726312175393 ], [ 782471.829263199470006, 8995410.755153395235538 ], [ 782471.841211776481941, 8995410.749157456681132 ], [ 782471.852942569414154, 8995410.742745883762836 ], [ 782471.864441125886515, 8995410.735926575958729 ], [ 782471.875693279900588, 8995410.728707931935787 ], [ 782471.886685168836266, 8995410.72109884954989 ], [ 782471.897403250564821, 8995410.713108697906137 ], [ 782471.907834320678376, 8995410.704747326672077 ], [ 782471.917965527973138, 8995410.696025032550097 ], [ 782471.927784390863962, 8995410.686952563002706 ], [ 782471.937278812634759, 8995410.6775410939008 ], [ 782471.946437096223235, 8995410.667802223935723 ], [ 782471.9552479586564, 8995410.657747946679592 ], [ 782471.963700544903986, 8995410.647390652447939 ], [ 782471.971784441382624, 8995410.636743098497391 ], [ 782471.979489688994363, 8995410.625818405300379 ], [ 782471.986806794651784, 8995410.614630030468106 ], [ 782471.993726743967272, 8995410.603191757574677 ], [ 782472.000241011381149, 8995410.591517679393291 ], [ 782472.006341571453959, 8995410.579622179269791 ], [ 782472.012020908179693, 8995410.567519910633564 ], [ 782472.017272024881095, 8995410.555225783959031 ], [ 782472.022088452125899, 8995410.5427549444139 ], [ 782472.026464255992323, 8995410.530122758820653 ], [ 782472.030394045519643, 8995410.517344789579511 ], [ 782472.033872979343869, 8995410.504436776041985 ], [ 782472.036896771285683, 8995410.491414623335004 ], [ 782472.039461696287617, 8995410.478294374421239 ], [ 782472.04156459402293, 8995410.465092193335295 ], [ 782472.043202874017879, 8995410.451824344694614 ], [ 782472.044374517863616, 8995410.438507175073028 ], [ 782472.045078082126565, 8995410.425157088786364 ], [ 782472.045312699861825, 8995410.41179053671658 ] ] ] ] } },
{ "type": "Feature", "properties": { "LAYER": "_BM dan Cp", "GM_TYPE": "Unknown Area Type", "ELEVATION": 0 }, "geometry": { "type": "MultiPolygon", "coordinates": [ [ [ [ 782472.045312699861825, 8995410.41179053671658 ], [ 782472.043154970393516, 8995410.371306071057916 ], [ 782472.036706229904667, 8995410.331280311569571 ], [ 782472.026039545191452, 8995410.292166763916612 ], [ 782472.011275774217211, 8995410.254408601671457 ], [ 782471.992582196253352, 8995410.218433639034629 ], [ 782471.970170616987161, 8995410.184649487957358 ], [ 782471.944294968619943, 8995410.153438935056329 ], [ 782471.915248432662338, 8995410.125155610963702 ], [ 782471.883360117790289, 8995410.100119972601533 ], [ 782471.848991331527941, 8995410.078615687787533 ], [ 782471.812531485804357, 8995410.060886407271028 ], [ 782471.774393685394898, 8995410.047133009880781 ], [ 782471.735010046744719, 8995410.037511328235269 ], [ 782471.694826802122407, 8995410.032130381092429 ], [ 782471.654299243935384, 8995410.031051132827997 ], [ 782471.613886565552093, 8995410.034285815432668 ], [ 782471.574046658584848, 8995410.041797777637839 ], [ 782471.535230925306678, 8995410.053501904010773 ], [ 782471.497879163478501, 8995410.069265585392714 ], [ 782471.462414583424106, 8995410.088910210877657 ], [ 782471.42923901299946, 8995410.112213199958205 ], [ 782471.398728344589472, 8995410.138910518959165 ], [ 782471.371228276519105, 8995410.16869967803359 ], [ 782471.347050395328552, 8995410.201243154704571 ], [ 782471.326468646060675, 8995410.236172216013074 ], [ 782471.309716228279285, 8995410.273091102018952 ], [ 782471.296982953557745, 8995410.311581511050463 ], [ 782471.288413094822317, 8995410.351207325235009 ], [ 782471.284103752230294, 8995410.391519574448466 ], [ 782471.284103752230294, 8995410.432061498984694 ], [ 782471.288413094822317, 8995410.472373748198152 ], [ 782471.296982953557745, 8995410.511999562382698 ], [ 782471.309716228279285, 8995410.550489971414208 ], [ 782471.326468646060675, 8995410.587408857420087 ], [ 782471.347050395328552, 8995410.62233791872859 ], [ 782471.371228276519105, 8995410.65488139539957 ], [ 782471.398728344589472, 8995410.684670554473996 ], [ 782471.42923901299946, 8995410.711367873474956 ], [ 782471.462414583424106, 8995410.734670862555504 ], [ 782471.497879163478501, 8995410.754315488040447 ], [ 782471.535230925306678, 8995410.770079169422388 ], [ 782471.574046658584848, 8995410.781783295795321 ], [ 782471.613886565552093, 8995410.789295258000493 ], [ 782471.654299243935384, 8995410.792529940605164 ], [ 782471.694826802122407, 8995410.791450692340732 ], [ 782471.735010046744719, 8995410.786069745197892 ], [ 782471.774393685394898, 8995410.77644806355238 ], [ 782471.812531485804357, 8995410.762694666162133 ], [ 782471.848991331527941, 8995410.744965385645628 ], [ 782471.883360117790289, 8995410.723461100831628 ], [ 782471.915248432662338, 8995410.698425462469459 ], [ 782471.944294968619943, 8995410.670142138376832 ], [ 782471.970170616987161, 8995410.638931585475802 ], [ 782471.992582196253352, 8995410.605147434398532 ], [ 782472.011275774217211, 8995410.569172471761703 ], [ 782472.026039545191452, 8995410.531414309516549 ], [ 782472.036706229904667, 8995410.492300761863589 ], [ 782472.043154970393516, 8995410.452275002375245 ], [ 782472.045312699861825, 8995410.41179053671658 ] ] ] ] } },
{ "type": "Feature", "properties": { "LAYER": "_BM dan Cp", "GM_TYPE": "Unknown Area Type", "ELEVATION": null }, "geometry": { "type": "MultiPolygon", "coordinates": [ [ [ [ 782474.314465951058082, 8995370.83604240231216 ], [ 782474.314234951976687, 8995370.822882007807493 ], [ 782474.313542239135131, 8995370.809737825766206 ], [ 782474.31238866597414, 8995370.79662605188787 ], [ 782474.310775653924793, 8995370.783562839031219 ], [ 782474.308705189847387, 8995370.770564280450344 ], [ 782474.306179824867286, 8995370.757646389305592 ], [ 782474.303202670067549, 8995370.744825083762407 ], [ 782474.299777393229306, 8995370.732116157189012 ], [ 782474.295908214407973, 8995370.719535265117884 ], [ 782474.291599900345318, 8995370.707097912207246 ], [ 782474.28685775899794, 8995370.694819416850805 ], [ 782474.281687632435933, 8995370.682714907452464 ], [ 782474.276095890323631, 8995370.670799296349287 ], [ 782474.27008942165412, 8995370.65908726491034 ], [ 782474.263675626483746, 8995370.64759324118495 ], [ 782474.256862406386063, 8995370.63633138500154 ], [ 782474.249658155371435, 8995370.625315573066473 ], [ 782474.242071749060415, 8995370.614559376612306 ], [ 782474.234112533740699, 8995370.604076044633985 ], [ 782474.225790315191261, 8995370.59387849457562 ], [ 782474.217115346342325, 8995370.583979288116097 ], [ 782474.208098314702511, 8995370.5743906237185 ], [ 782474.198750329203904, 8995370.565124312415719 ], [ 782474.189082906697877, 8995370.556191772222519 ], [ 782474.17910795705393, 8995370.547604005783796 ], [ 782474.168837769655511, 8995370.539371592923999 ], [ 782474.158284997334704, 8995370.531504679471254 ], [ 782474.147462640772574, 8995370.524012953042984 ], [ 782474.136384033365175, 8995370.516905646771193 ], [ 782474.125062823761255, 8995370.510191515088081 ], [ 782474.11351295968052, 8995370.503878830000758 ], [ 782474.101748670451343, 8995370.497975369915366 ], [ 782474.089784449664876, 8995370.492488404735923 ], [ 782474.077635037247092, 8995370.487424697726965 ], [ 782474.065315401065163, 8995370.482790486887097 ], [ 782474.052840718999505, 8995370.478591479361057 ], [ 782474.040226359618828, 8995370.474832851439714 ], [ 782474.027487864019349, 8995370.471519229933619 ], [ 782474.014640925801359, 8995370.46865470148623 ], [ 782474.001701372326352, 8995370.466242792084813 ], [ 782473.988685145159252, 8995370.464286472648382 ], [ 782473.975608280161396, 8995370.462788157165051 ], [ 782473.962486887932755, 8995370.461749687790871 ], [ 782473.949337134021334, 8995370.461172346025705 ], [ 782473.936175218899734, 8995370.461056841537356 ], [ 782473.923017357941717, 8995370.4614033177495 ], [ 782473.909879761515185, 8995370.462211348116398 ], [ 782473.896778615191579, 8995370.463479936122894 ], [ 782473.883730059373192, 8995370.465207519009709 ], [ 782473.870750170084648, 8995370.467391969636083 ], [ 782473.857854938134551, 8995370.470030596479774 ], [ 782473.845060250721872, 8995370.473120147362351 ], [ 782473.832381870597601, 8995370.476656815037131 ], [ 782473.819835417671129, 8995370.480636246502399 ], [ 782473.807436348986812, 8995370.485053535550833 ], [ 782473.795199940097518, 8995370.48990324139595 ], [ 782473.783141266321763, 8995370.495179390534759 ], [ 782473.771275183768012, 8995370.500875480473042 ], [ 782473.759616311523132, 8995370.506984494626522 ], [ 782473.748179013258778, 8995370.513498906046152 ], [ 782473.736977379536256, 8995370.520410688593984 ], [ 782473.726025210809894, 8995370.527711329981685 ], [ 782473.715336000081152, 8995370.535391831770539 ], [ 782473.704922916484065, 8995370.54344273544848 ], [ 782473.694798788754269, 8995370.551854120567441 ], [ 782473.684976089862175, 8995370.560615623369813 ], [ 782473.675466921296902, 8995370.569716451689601 ], [ 782473.666282998281531, 8995370.579145390540361 ], [ 782473.657435635454021, 8995370.588890826329589 ], [ 782473.648935732780956, 8995370.598940752446651 ], [ 782473.640793761820532, 8995370.609282786026597 ], [ 782473.633019753731787, 8995370.619904186576605 ], [ 782473.625623285886832, 8995370.630791869014502 ], [ 782473.618613470811397, 8995370.641932418569922 ], [ 782473.611998944426887, 8995370.653312111273408 ], [ 782473.605787855922244, 8995370.664916925132275 ], [ 782473.599987857276574, 8995370.676732566207647 ], [ 782473.594606094178744, 8995370.68874447606504 ], [ 782473.589649196714163, 8995370.700937855988741 ], [ 782473.585123271914199, 8995370.713297683745623 ], [ 782473.581033895723522, 8995370.725808734074235 ], [ 782473.577386106131598, 8995370.738455589860678 ], [ 782473.574184397119097, 8995370.751222673803568 ], [ 782473.571432713419199, 8995370.764094254001975 ], [ 782473.569134445046075, 8995370.777054473757744 ], [ 782473.567292423220351, 8995370.7900873683393 ], [ 782473.565908917575143, 8995370.803176878020167 ], [ 782473.564985632430762, 8995370.816306877881289 ], [ 782473.564523705281317, 8995370.829461190849543 ], [ 782473.564523705281317, 8995370.842623613774776 ], [ 782473.564985632430762, 8995370.855777926743031 ], [ 782473.565908917575143, 8995370.868907926604152 ], [ 782473.567292423220351, 8995370.881997436285019 ], [ 782473.569134445046075, 8995370.895030330866575 ], [ 782473.571432713419199, 8995370.907990550622344 ], [ 782473.574184397119097, 8995370.920862130820751 ], [ 782473.577386106131598, 8995370.933629214763641 ], [ 782473.581033895723522, 8995370.946276070550084 ], [ 782473.585123271914199, 8995370.958787120878696 ], [ 782473.589649196714163, 8995370.971146948635578 ], [ 782473.594606094178744, 8995370.983340328559279 ], [ 782473.599987857276574, 8995370.995352238416672 ], [ 782473.605787855922244, 8995371.007167879492044 ], [ 782473.611998944426887, 8995371.018772693350911 ], [ 782473.618613470811397, 8995371.030152386054397 ], [ 782473.625623285886832, 8995371.041292935609818 ], [ 782473.633019753731787, 8995371.052180618047714 ], [ 782473.640793761820532, 8995371.062802018597722 ], [ 782473.648935732780956, 8995371.073144052177668 ], [ 782473.657435635454021, 8995371.08319397829473 ], [ 782473.666282998281531, 8995371.092939414083958 ], [ 782473.675466921296902, 8995371.102368352934718 ], [ 782473.684976089862175, 8995371.111469181254506 ], [ 782473.694798788754269, 8995371.120230684056878 ], [ 782473.704922916484065, 8995371.128642069175839 ], [ 782473.715336000081152, 8995371.13669297285378 ], [ 782473.726025210809894, 8995371.144373474642634 ], [ 782473.736977379536256, 8995371.151674116030335 ], [ 782473.748179013258778, 8995371.158585898578167 ], [ 782473.759616311523132, 8995371.165100309997797 ], [ 782473.771275183768012, 8995371.171209324151278 ], [ 782473.783141266321763, 8995371.176905414089561 ], [ 782473.795199940097518, 8995371.182181563228369 ], [ 782473.807436348986812, 8995371.187031269073486 ], [ 782473.819835417671129, 8995371.19144855812192 ], [ 782473.832381870597601, 8995371.195427989587188 ], [ 782473.845060250721872, 8995371.198964657261968 ], [ 782473.857854938134551, 8995371.202054208144546 ], [ 782473.870750170084648, 8995371.204692834988236 ], [ 782473.883730059373192, 8995371.20687728561461 ], [ 782473.896778615191579, 8995371.208604868501425 ], [ 782473.909879761515185, 8995371.209873456507921 ], [ 782473.923017357941717, 8995371.210681486874819 ], [ 782473.936175218899734, 8995371.211027963086963 ], [ 782473.949337134021334, 8995371.210912458598614 ], [ 782473.962486887932755, 8995371.210335116833448 ], [ 782473.975608280161396, 8995371.209296647459269 ], [ 782473.988685145159252, 8995371.207798331975937 ], [ 782474.001701372326352, 8995371.205842012539506 ], [ 782474.014640925801359, 8995371.203430103138089 ], [ 782474.027487864019349, 8995371.2005655746907 ], [ 782474.040226359618828, 8995371.197251953184605 ], [ 782474.052840718999505, 8995371.193493325263262 ], [ 782474.065315401065163, 8995371.189294317737222 ], [ 782474.077635037247092, 8995371.184660106897354 ], [ 782474.089784449664876, 8995371.179596399888396 ], [ 782474.101748670451343, 8995371.174109434708953 ], [ 782474.11351295968052, 8995371.168205974623561 ], [ 782474.125062823761255, 8995371.161893289536238 ], [ 782474.136384033365175, 8995371.155179157853127 ], [ 782474.147462640772574, 8995371.148071851581335 ], [ 782474.158284997334704, 8995371.140580125153065 ], [ 782474.168837769655511, 8995371.13271321170032 ], [ 782474.17910795705393, 8995371.124480798840523 ], [ 782474.189082906697877, 8995371.1158930324018 ], [ 782474.198750329203904, 8995371.1069604922086 ], [ 782474.208098314702511, 8995371.097694180905819 ], [ 782474.217115346342325, 8995371.088105516508222 ], [ 782474.225790315191261, 8995371.078206310048699 ], [ 782474.234112533740699, 8995371.068008759990335 ], [ 782474.242071749060415, 8995371.057525428012013 ], [ 782474.249658155371435, 8995371.046769231557846 ], [ 782474.256862406386063, 8995371.035753419622779 ], [ 782474.263675626483746, 8995371.024491563439369 ], [ 782474.27008942165412, 8995371.012997539713979 ], [ 782474.276095890323631, 8995371.001285508275032 ], [ 782474.281687632435933, 8995370.989369897171855 ], [ 782474.28685775899794, 8995370.977265387773514 ], [ 782474.291599900345318, 8995370.964986892417073 ], [ 782474.295908214407973, 8995370.952549539506435 ], [ 782474.299777393229306, 8995370.939968647435308 ], [ 782474.303202670067549, 8995370.927259720861912 ], [ 782474.306179824867286, 8995370.914438415318727 ], [ 782474.308705189847387, 8995370.901520524173975 ], [ 782474.310775653924793, 8995370.8885219655931 ], [ 782474.31238866597414, 8995370.875458752736449 ], [ 782474.313542239135131, 8995370.862346978858113 ], [ 782474.314234951976687, 8995370.849202796816826 ], [ 782474.314465951058082, 8995370.83604240231216 ] ] ] ] } },
{ "type": "Feature", "properties": { "LAYER": "_BM dan Cp", "GM_TYPE": "Unknown Area Type", "ELEVATION": null }, "geometry": { "type": "MultiPolygon", "coordinates": [ [ [ [ 782476.189465951058082, 8995370.83604240231216 ], [ 782476.188079956220463, 8995370.757080033421516 ], [ 782476.183923679403961, 8995370.678214946761727 ], [ 782476.177002240903676, 8995370.599544301629066 ], [ 782476.167324168025516, 8995370.521165020763874 ], [ 782476.154901384143159, 8995370.443173669278622 ], [ 782476.139749193913303, 8995370.365666327998042 ], [ 782476.121886264998466, 8995370.288738489151001 ], [ 782476.101334604318254, 8995370.212484925985336 ], [ 782476.078119531390257, 8995370.136999582871795 ], [ 782476.052269647014327, 8995370.062375457957387 ], [ 782476.02381679834798, 8995369.988704485818744 ], [ 782475.992796039092354, 8995369.916077429428697 ], [ 782475.959245586534962, 8995369.84458376839757 ], [ 782475.923206774750724, 8995369.774311577901244 ], [ 782475.884724003495649, 8995369.705347435548902 ], [ 782475.843844683258794, 8995369.637776304036379 ], [ 782475.800619177287444, 8995369.571681430563331 ], [ 782475.755100739072077, 8995369.507144242525101 ], [ 782475.707345447153784, 8995369.444244252517819 ], [ 782475.657412135857157, 8995369.38305895216763 ], [ 782475.60536232276354, 8995369.323663720861077 ], [ 782475.551260133041069, 8995369.266131730750203 ], [ 782475.495172220282257, 8995369.210533864796162 ], [ 782475.437167684547603, 8995369.156938618049026 ], [ 782475.377317987265997, 8995369.10541201941669 ], [ 782475.315696862875484, 8995369.056017549708486 ], [ 782475.252380228368565, 8995369.008816061541438 ], [ 782475.187446089461446, 8995368.963865708559752 ], [ 782475.120974444900639, 8995368.921221867203712 ], [ 782475.053047187277116, 8995368.880937077105045 ], [ 782474.983748002676293, 8995368.843060968443751 ], [ 782474.913162267301232, 8995368.807640202343464 ], [ 782474.841376942698844, 8995368.774718418717384 ], [ 782474.768480467842892, 8995368.744336176663637 ], [ 782474.694562650984153, 8995368.716530907899141 ], [ 782474.619714558473788, 8995368.691336866468191 ], [ 782474.544028402771801, 8995368.668785093352199 ], [ 782474.467597428942099, 8995368.64890337176621 ], [ 782474.390515799517743, 8995368.631716193631291 ], [ 782474.312878478784114, 8995368.617244735360146 ], [ 782474.234781115548685, 8995368.605506826192141 ], [ 782474.156319925445132, 8995368.596516927704215 ], [ 782474.077591572189704, 8995368.590286113321781 ], [ 782473.998693048837595, 8995368.586822059005499 ], [ 782473.919721557875164, 8995368.586129035800695 ], [ 782473.840774392010644, 8995368.588207894936204 ], [ 782473.761948813684285, 8995368.593056075274944 ], [ 782473.683341935626231, 8995368.600667603313923 ], [ 782473.605050601181574, 8995368.611033104360104 ], [ 782473.52717126486823, 8995368.624139806255698 ], [ 782473.449799873749726, 8995368.639971561729908 ], [ 782473.37303174904082, 8995368.658508867025375 ], [ 782473.296961468528025, 8995368.679728884249926 ], [ 782473.221682750736363, 8995368.703605467453599 ], [ 782473.14728833839763, 8995368.730109205469489 ], [ 782473.073869885294698, 8995368.75920744240284 ], [ 782473.001517842523754, 8995368.790864329785109 ], [ 782472.930321347434074, 8995368.825040869414806 ], [ 782472.860368113964796, 8995368.861694950610399 ], [ 782472.791744324029423, 8995368.900781420990825 ], [ 782472.72453452181071, 8995368.942252123728395 ], [ 782472.658821509452537, 8995368.986055966466665 ], [ 782472.594686245196499, 8995369.032138984650373 ], [ 782472.53220774338115, 8995369.080444402992725 ], [ 782472.47146297711879, 8995369.130912709981203 ], [ 782472.412526783766225, 8995369.18348172865808 ], [ 782472.355471772491001, 8995369.238086694851518 ], [ 782472.300368234748021, 8995369.294660335406661 ], [ 782472.247284057782963, 8995369.353132952004671 ], [ 782472.196284641046077, 8995369.413432504981756 ], [ 782472.147432815749198, 8995369.47548470646143 ], [ 782472.100788766983896, 8995369.539213109761477 ], [ 782472.056409959914163, 8995369.604539200663567 ], [ 782472.014351069345139, 8995369.671382497996092 ], [ 782471.974663911270909, 8995369.739660650491714 ], [ 782471.937397380359471, 8995369.809289541095495 ], [ 782471.902597388601862, 8995369.880183385685086 ], [ 782471.87030680954922, 8995369.95225484482944 ], [ 782471.840565424994566, 8995370.025415126234293 ], [ 782471.813409876311198, 8995370.099574094638228 ], [ 782471.788873618817888, 8995370.174640391021967 ], [ 782471.766986881149933, 8995370.250521531328559 ], [ 782471.747776627773419, 8995370.327124029397964 ], [ 782471.731266525457613, 8995370.404353514313698 ], [ 782471.717476914636791, 8995370.482114836573601 ], [ 782471.706424784148112, 8995370.560312196612358 ], [ 782471.698123750044033, 8995370.638849254697561 ], [ 782471.692584039177746, 8995370.717629252001643 ], [ 782471.689812476397492, 8995370.796555137261748 ], [ 782471.689812476397492, 8995370.875529667362571 ], [ 782471.692584039177746, 8995370.954455552622676 ], [ 782471.698123750044033, 8995371.033235549926758 ], [ 782471.706424784148112, 8995371.111772608011961 ], [ 782471.717476914636791, 8995371.189969968050718 ], [ 782471.731266525457613, 8995371.267731290310621 ], [ 782471.747776627773419, 8995371.344960775226355 ], [ 782471.766986881149933, 8995371.42156327329576 ], [ 782471.788873618817888, 8995371.497444413602352 ], [ 782471.813409876311198, 8995371.572510709986091 ], [ 782471.840565424994566, 8995371.646669678390026 ], [ 782471.87030680954922, 8995371.719829959794879 ], [ 782471.902597388601862, 8995371.791901418939233 ], [ 782471.937397380359471, 8995371.862795263528824 ], [ 782471.974663911270909, 8995371.932424154132605 ], [ 782472.014351069345139, 8995372.000702306628227 ], [ 782472.056409959914163, 8995372.067545603960752 ], [ 782472.100788766983896, 8995372.132871694862843 ], [ 782472.147432815749198, 8995372.196600098162889 ], [ 782472.196284641046077, 8995372.258652299642563 ], [ 782472.247284057782963, 8995372.318951852619648 ], [ 782472.300368234748021, 8995372.377424469217658 ], [ 782472.355471772491001, 8995372.433998109772801 ], [ 782472.412526783766225, 8995372.488603075966239 ], [ 782472.47146297711879, 8995372.541172094643116 ], [ 782472.53220774338115, 8995372.591640401631594 ], [ 782472.594686245196499, 8995372.639945819973946 ], [ 782472.658821509452537, 8995372.686028838157654 ], [ 782472.72453452181071, 8995372.729832680895925 ], [ 782472.791744324029423, 8995372.771303383633494 ], [ 782472.860368113964796, 8995372.81038985401392 ], [ 782472.930321347434074, 8995372.847043935209513 ], [ 782473.001517842523754, 8995372.881220474839211 ], [ 782473.073869885294698, 8995372.912877362221479 ], [ 782473.14728833839763, 8995372.94197559915483 ], [ 782473.221682750736363, 8995372.96847933717072 ], [ 782473.296961468528025, 8995372.992355920374393 ], [ 782473.37303174904082, 8995373.013575937598944 ], [ 782473.449799873749726, 8995373.032113242894411 ], [ 782473.52717126486823, 8995373.047944998368621 ], [ 782473.605050601181574, 8995373.061051700264215 ], [ 782473.683341935626231, 8995373.071417201310396 ], [ 782473.761948813684285, 8995373.079028729349375 ], [ 782473.840774392010644, 8995373.083876909688115 ], [ 782473.919721557875164, 8995373.085955768823624 ], [ 782473.998693048837595, 8995373.08526274561882 ], [ 782474.077591572189704, 8995373.081798691302538 ], [ 782474.156319925445132, 8995373.075567876920104 ], [ 782474.234781115548685, 8995373.066577978432178 ], [ 782474.312878478784114, 8995373.054840069264174 ], [ 782474.390515799517743, 8995373.040368610993028 ], [ 782474.467597428942099, 8995373.023181432858109 ], [ 782474.544028402771801, 8995373.00329971127212 ], [ 782474.619714558473788, 8995372.980747938156128 ], [ 782474.694562650984153, 8995372.955553896725178 ], [ 782474.768480467842892, 8995372.927748627960682 ], [ 782474.841376942698844, 8995372.897366385906935 ], [ 782474.913162267301232, 8995372.864444602280855 ], [ 782474.983748002676293, 8995372.829023836180568 ], [ 782475.053047187277116, 8995372.791147727519274 ], [ 782475.120974444900639, 8995372.750862937420607 ], [ 782475.187446089461446, 8995372.708219096064568 ], [ 782475.252380228368565, 8995372.663268743082881 ], [ 782475.315696862875484, 8995372.616067254915833 ], [ 782475.377317987265997, 8995372.566672785207629 ], [ 782475.437167684547603, 8995372.515146186575294 ], [ 782475.495172220282257, 8995372.461550939828157 ], [ 782475.551260133041069, 8995372.405953073874116 ], [ 782475.60536232276354, 8995372.348421083763242 ], [ 782475.657412135857157, 8995372.289025852456689 ], [ 782475.707345447153784, 8995372.2278405521065 ], [ 782475.755100739072077, 8995372.164940562099218 ], [ 782475.800619177287444, 8995372.100403374060988 ], [ 782475.843844683258794, 8995372.03430850058794 ], [ 782475.884724003495649, 8995371.966737369075418 ], [ 782475.923206774750724, 8995371.897773226723075 ], [ 782475.959245586534962, 8995371.827501036226749 ], [ 782475.992796039092354, 8995371.756007375195622 ], [ 782476.02381679834798, 8995371.683380318805575 ], [ 782476.052269647014327, 8995371.609709346666932 ], [ 782476.078119531390257, 8995371.535085221752524 ], [ 782476.101334604318254, 8995371.459599878638983 ], [ 782476.121886264998466, 8995371.383346315473318 ], [ 782476.139749193913303, 8995371.306418476626277 ], [ 782476.154901384143159, 8995371.228911135345697 ], [ 782476.167324168025516, 8995371.150919783860445 ], [ 782476.177002240903676, 8995371.072540502995253 ], [ 782476.183923679403961, 8995370.993869857862592 ], [ 782476.188079956220463, 8995370.915004771202803 ], [ 782476.189465951058082, 8995370.83604240231216 ] ] ] ] } },
{ "type": "Feature", "properties": { "LAYER": "_BM dan Cp", "GM_TYPE": "Unknown Area Type", "ELEVATION": null }, "geometry": { "type": "MultiPolygon", "coordinates": [ [ [ [ 782479.564465951058082, 8995370.83604240231216 ], [ 782479.561000964022242, 8995370.638636481016874 ], [ 782479.550610271748155, 8995370.441473761573434 ], [ 782479.533306675613858, 8995370.244797149673104 ], [ 782479.509111493476667, 8995370.048848949372768 ], [ 782479.478054533712566, 8995369.853870566934347 ], [ 782479.44017405831255, 8995369.660102216526866 ], [ 782479.395516735967249, 8995369.467782620340586 ], [ 782479.344137584092095, 8995369.277148712426424 ], [ 782479.286099901772104, 8995369.088435353711247 ], [ 782479.22147519106511, 8995368.901875039562583 ], [ 782479.150343069341034, 8995368.71769761107862 ], [ 782479.072791171027347, 8995368.536129971966147 ], [ 782478.988915039692074, 8995368.357395816594362 ], [ 782478.898818010347895, 8995368.181715341284871 ], [ 782478.802611082210205, 8995368.009304983541369 ], [ 782478.700412781676278, 8995367.84037715382874 ], [ 782478.59234901657328, 8995367.675139971077442 ], [ 782478.478552920976654, 8995367.51379700563848 ], [ 782478.359164691180922, 8995367.356547029688954 ], [ 782478.234331412939355, 8995367.203583776950836 ], [ 782478.104206880205311, 8995367.055095696821809 ], [ 782477.968951405957341, 8995366.911265725269914 ], [ 782477.82873162406031, 8995366.772271059453487 ], [ 782477.683720284956507, 8995366.638282941654325 ], [ 782477.534096041577868, 8995366.509466445073485 ], [ 782477.380043230601586, 8995366.38598026894033 ], [ 782477.221751644392498, 8995366.267976550385356 ], [ 782477.059416297241114, 8995366.155600666999817 ], [ 782476.89323718554806, 8995366.048991065472364 ], [ 782476.723419041489251, 8995365.948279090225697 ], [ 782476.550171079928987, 8995365.853588817641139 ], [ 782476.373706741840579, 8995365.765036903321743 ], [ 782476.194243430159986, 8995365.682732444256544 ], [ 782476.012002243078314, 8995365.606776840984821 ], [ 782475.827207700931467, 8995365.537263667210937 ], [ 782475.640087469480932, 8995365.474278565496206 ], [ 782475.450872080284171, 8995365.417899129912257 ], [ 782475.259794645709917, 8995365.36819482408464 ], [ 782475.067090572207235, 8995365.325226880609989 ], [ 782474.87299727043137, 8995365.289048235863447 ], [ 782474.677753862342797, 8995365.259703462943435 ], [ 782474.481600887025706, 8995365.237228713929653 ], [ 782474.284780003828928, 8995365.221651678904891 ], [ 782474.087533695390448, 8995365.21299154497683 ], [ 782473.890104968217202, 8995365.211258985102177 ], [ 782473.692737053497694, 8995365.216456132009625 ], [ 782473.495673107565381, 8995365.228576583787799 ], [ 782473.299155912478454, 8995365.24760540574789 ], [ 782473.103427576366812, 8995365.273519158363342 ], [ 782472.908729235641658, 8995365.306285914033651 ], [ 782472.715300757903606, 8995365.345865303650498 ], [ 782472.523380446014926, 8995365.392208565026522 ], [ 782472.333204744849354, 8995365.445258606225252 ], [ 782472.145007950137369, 8995365.504950067028403 ], [ 782471.95902191940695, 8995365.571209410205483 ], [ 782471.775475786533207, 8995365.643955001607537 ], [ 782471.594595679664053, 8995365.723097221925855 ], [ 782471.416604442056268, 8995365.808538567274809 ], [ 782471.241721358266659, 8995365.900173773989081 ], [ 782471.070161883370019, 8995365.997889949008822 ], [ 782470.902137377881445, 8995366.101566703990102 ], [ 782470.737854847102426, 8995366.211076311767101 ], [ 782470.577516686520539, 8995366.326283857226372 ], [ 782470.421320431865752, 8995366.447047403082252 ], [ 782470.26945851626806, 8995366.573218170553446 ], [ 782470.122118033003062, 8995366.704640718176961 ], [ 782469.979480504640378, 8995366.841153133660555 ], [ 782469.841721660224721, 8995366.982587235048413 ], [ 782469.709011217812076, 8995367.128768775612116 ], [ 782469.581512676086277, 8995367.279517658054829 ], [ 782469.459383112727664, 8995367.434648163616657 ], [ 782469.342772990697995, 8995367.593969171866775 ], [ 782469.231825973372906, 8995367.757284399122 ], [ 782469.126678746659309, 8995367.924392642453313 ], [ 782469.027460851590149, 8995368.095088023692369 ], [ 782468.934294524136931, 8995368.269160248339176 ], [ 782468.847294544917531, 8995368.446394860744476 ], [ 782468.766568097285926, 8995368.626573508605361 ], [ 782468.692214636015706, 8995368.809474211186171 ], [ 782468.624325764132664, 8995368.994871634989977 ], [ 782468.562985120457597, 8995369.182537375018001 ], [ 782468.508268276345916, 8995369.372240222990513 ], [ 782468.460242642788216, 8995369.563746470957994 ], [ 782468.41896738705691, 8995369.756820179522038 ], [ 782468.384493360063061, 8995369.95122348703444 ], [ 782468.356863033724949, 8995370.146716885268688 ], [ 782468.336110448464751, 8995370.343059530481696 ], [ 782468.322261171299033, 8995370.540009528398514 ], [ 782468.315332264523022, 8995370.737324237823486 ], [ 782468.315332264523022, 8995370.934760566800833 ], [ 782468.322261171299033, 8995371.132075276225805 ], [ 782468.336110448464751, 8995371.329025274142623 ], [ 782468.356863033724949, 8995371.525367919355631 ], [ 782468.384493360063061, 8995371.720861317589879 ], [ 782468.41896738705691, 8995371.915264625102282 ], [ 782468.460242642788216, 8995372.108338333666325 ], [ 782468.508268276345916, 8995372.299844581633806 ], [ 782468.562985120457597, 8995372.489547429606318 ], [ 782468.624325764132664, 8995372.677213169634342 ], [ 782468.692214636015706, 8995372.862610593438148 ], [ 782468.766568097285926, 8995373.045511296018958 ], [ 782468.847294544917531, 8995373.225689943879843 ], [ 782468.934294524136931, 8995373.402924556285143 ], [ 782469.027460851590149, 8995373.57699678093195 ], [ 782469.126678746659309, 8995373.747692162171006 ], [ 782469.231825973372906, 8995373.914800405502319 ], [ 782469.342772990697995, 8995374.078115632757545 ], [ 782469.459383112727664, 8995374.237436641007662 ], [ 782469.581512676086277, 8995374.39256714656949 ], [ 782469.709011217812076, 8995374.543316029012203 ], [ 782469.841721660224721, 8995374.689497569575906 ], [ 782469.979480504640378, 8995374.830931670963764 ], [ 782470.122118033003062, 8995374.967444086447358 ], [ 782470.26945851626806, 8995375.098866634070873 ], [ 782470.421320431865752, 8995375.225037401542068 ], [ 782470.577516686520539, 8995375.345800947397947 ], [ 782470.737854847102426, 8995375.461008492857218 ], [ 782470.902137377881445, 8995375.570518100634217 ], [ 782471.070161883370019, 8995375.674194855615497 ], [ 782471.241721358266659, 8995375.771911030635238 ], [ 782471.416604442056268, 8995375.86354623734951 ], [ 782471.594595679664053, 8995375.948987582698464 ], [ 782471.775475786533207, 8995376.028129803016782 ], [ 782471.95902191940695, 8995376.100875394418836 ], [ 782472.145007950137369, 8995376.167134737595916 ], [ 782472.333204744849354, 8995376.226826198399067 ], [ 782472.523380446014926, 8995376.279876239597797 ], [ 782472.715300757903606, 8995376.326219500973821 ], [ 782472.908729235641658, 8995376.365798890590668 ], [ 782473.103427576366812, 8995376.398565646260977 ], [ 782473.299155912478454, 8995376.424479398876429 ], [ 782473.495673107565381, 8995376.44350822083652 ], [ 782473.692737053497694, 8995376.455628672614694 ], [ 782473.890104968217202, 8995376.460825819522142 ], [ 782474.087533695390448, 8995376.459093259647489 ], [ 782474.284780003828928, 8995376.450433125719428 ], [ 782474.481600887025706, 8995376.434856090694666 ], [ 782474.677753862342797, 8995376.412381341680884 ], [ 782474.87299727043137, 8995376.383036568760872 ], [ 782475.067090572207235, 8995376.34685792401433 ], [ 782475.259794645709917, 8995376.30388998053968 ], [ 782475.450872080284171, 8995376.254185674712062 ], [ 782475.640087469480932, 8995376.197806239128113 ], [ 782475.827207700931467, 8995376.134821137413383 ], [ 782476.012002243078314, 8995376.065307963639498 ], [ 782476.194243430159986, 8995375.989352360367775 ], [ 782476.373706741840579, 8995375.907047901302576 ], [ 782476.550171079928987, 8995375.81849598698318 ], [ 782476.723419041489251, 8995375.723805714398623 ], [ 782476.89323718554806, 8995375.623093739151955 ], [ 782477.059416297241114, 8995375.516484137624502 ], [ 782477.221751644392498, 8995375.404108254238963 ], [ 782477.380043230601586, 8995375.28610453568399 ], [ 782477.534096041577868, 8995375.162618359550834 ], [ 782477.683720284956507, 8995375.033801862969995 ], [ 782477.82873162406031, 8995374.899813745170832 ], [ 782477.968951405957341, 8995374.760819079354405 ], [ 782478.104206880205311, 8995374.61698910780251 ], [ 782478.234331412939355, 8995374.468501027673483 ], [ 782478.359164691180922, 8995374.315537774935365 ], [ 782478.478552920976654, 8995374.158287798985839 ], [ 782478.59234901657328, 8995373.996944833546877 ], [ 782478.700412781676278, 8995373.831707650795579 ], [ 782478.802611082210205, 8995373.66277982108295 ], [ 782478.898818010347895, 8995373.490369463339448 ], [ 782478.988915039692074, 8995373.314688988029957 ], [ 782479.072791171027347, 8995373.135954832658172 ], [ 782479.150343069341034, 8995372.954387193545699 ], [ 782479.22147519106511, 8995372.770209765061736 ], [ 782479.286099901772104, 8995372.583649450913072 ], [ 782479.344137584092095, 8995372.394936092197895 ], [ 782479.395516735967249, 8995372.204302184283733 ], [ 782479.44017405831255, 8995372.011982588097453 ], [ 782479.478054533712566, 8995371.818214237689972 ], [ 782479.509111493476667, 8995371.623235855251551 ], [ 782479.533306675613858, 8995371.427287654951215 ], [ 782479.550610271748155, 8995371.230611043050885 ], [ 782479.561000964022242, 8995371.033448323607445 ], [ 782479.564465951058082, 8995370.83604240231216 ] ] ] ] } },
{ "type": "Feature", "properties": { "LAYER": "_BM dan Cp", "GM_TYPE": "Unknown Area Type", "ELEVATION": 0 }, "geometry": { "type": "MultiPolygon", "coordinates": [ [ [ [ 782474.314465951058082, 8995370.83604240231216 ], [ 782474.312341501121409, 8995370.796182345598936 ], [ 782474.305992222274654, 8995370.756773918867111 ], [ 782474.295490054180846, 8995370.718263635411859 ], [ 782474.280953990877606, 8995370.681087832897902 ], [ 782474.262548731523566, 8995370.645667728036642 ], [ 782474.240482815308496, 8995370.612404642626643 ], [ 782474.215006257640198, 8995370.5816754642874 ], [ 782474.186407718225382, 8995370.553828364238143 ], [ 782474.155011229915544, 8995370.529178861528635 ], [ 782474.121172527433373, 8995370.508006244897842 ], [ 782474.085275016841479, 8995370.49055041000247 ], [ 782474.047725431271829, 8995370.477009138092399 ], [ 782474.008949222625233, 8995370.46753585524857 ], [ 782473.969385740696453, 8995370.462237900123 ], [ 782473.929483255487867, 8995370.461175298318267 ], [ 782473.88969387835823, 8995370.464360089972615 ], [ 782473.850468438584358, 8995370.471756191924214 ], [ 782473.812251376220956, 8995370.483279801905155 ], [ 782473.775475705857389, 8995370.498800354078412 ], [ 782473.740558110526763, 8995370.518141992390156 ], [ 782473.707894220482558, 8995370.541085569187999 ], [ 782473.677854130626656, 8995370.567371124401689 ], [ 782473.65077820722945, 8995370.596700834110379 ], [ 782473.626973231439479, 8995370.628742378205061 ], [ 782473.606708922889084, 8995370.663132714107633 ], [ 782473.590214884490706, 8995370.699482185766101 ], [ 782473.577678000205196, 8995370.737378939986229 ], [ 782473.569240318029188, 8995370.77639359049499 ], [ 782473.564997440204024, 8995370.816084086894989 ], [ 782473.564997440204024, 8995370.85600071772933 ], [ 782473.569240318029188, 8995370.895691214129329 ], [ 782473.577678000205196, 8995370.93470586463809 ], [ 782473.590214884490706, 8995370.972602618858218 ], [ 782473.606708922889084, 8995371.008952090516686 ], [ 782473.626973231439479, 8995371.043342426419258 ], [ 782473.65077820722945, 8995371.07538397051394 ], [ 782473.677854130626656, 8995371.104713680222631 ], [ 782473.707894220482558, 8995371.13099923543632 ], [ 782473.740558110526763, 8995371.153942812234163 ], [ 782473.775475705857389, 8995371.173284450545907 ], [ 782473.812251376220956, 8995371.188805002719164 ], [ 782473.850468438584358, 8995371.200328612700105 ], [ 782473.88969387835823, 8995371.207724714651704 ], [ 782473.929483255487867, 8995371.210909506306052 ], [ 782473.969385740696453, 8995371.209846904501319 ], [ 782474.008949222625233, 8995371.204548949375749 ], [ 782474.047725431271829, 8995371.19507566653192 ], [ 782474.085275016841479, 8995371.181534394621849 ], [ 782474.121172527433373, 8995371.164078559726477 ], [ 782474.155011229915544, 8995371.142905943095684 ], [ 782474.186407718225382, 8995371.118256440386176 ], [ 782474.215006257640198, 8995371.090409340336919 ], [ 782474.240482815308496, 8995371.059680161997676 ], [ 782474.262548731523566, 8995371.026417076587677 ], [ 782474.280953990877606, 8995370.990996971726418 ], [ 782474.295490054180846, 8995370.953821169212461 ], [ 782474.305992222274654, 8995370.915310885757208 ], [ 782474.312341501121409, 8995370.875902459025383 ], [ 782474.314465951058082, 8995370.83604240231216 ] ] ] ] } },
{ "type": "Feature", "properties": { "LAYER": "_BM dan Cp", "GM_TYPE": "Unknown Area Type", "ELEVATION": null }, "geometry": { "type": "MultiPolygon", "coordinates": [ [ [ [ 782678.245669200317934, 8994590.366054711863399 ], [ 782678.245434582582675, 8994590.352688159793615 ], [ 782678.244731018319726, 8994590.339338073506951 ], [ 782678.243559374473989, 8994590.326020903885365 ], [ 782678.241921094479039, 8994590.312753055244684 ], [ 782678.239818196743727, 8994590.29955087415874 ], [ 782678.237253271741793, 8994590.286430625244975 ], [ 782678.234229479799978, 8994590.273408472537994 ], [ 782678.230750545975752, 8994590.260500459000468 ], [ 782678.226820756448433, 8994590.247722489759326 ], [ 782678.222444952582009, 8994590.235090304166079 ], [ 782678.217628525337204, 8994590.222619464620948 ], [ 782678.212377408635803, 8994590.210325337946415 ], [ 782678.206698071910068, 8994590.198223069310188 ], [ 782678.200597511837259, 8994590.186327569186687 ], [ 782678.194083244423382, 8994590.174653491005301 ], [ 782678.187163295107894, 8994590.163215218111873 ], [ 782678.179846189450473, 8994590.1520268432796 ], [ 782678.172140941838734, 8994590.141102150082588 ], [ 782678.164057045360096, 8994590.13045459613204 ], [ 782678.15560445911251, 8994590.120097301900387 ], [ 782678.146793596679345, 8994590.110043024644256 ], [ 782678.137635313090868, 8994590.100304154679179 ], [ 782678.128140891320072, 8994590.090892685577273 ], [ 782678.118322028429247, 8994590.081820216029882 ], [ 782678.108190821134485, 8994590.073097921907902 ], [ 782678.097759751020931, 8994590.064736550673842 ], [ 782678.087041669292375, 8994590.056746399030089 ], [ 782678.076049780356698, 8994590.049137316644192 ], [ 782678.064797626342624, 8994590.04191867262125 ], [ 782678.053299069870263, 8994590.035099364817142 ], [ 782678.041568276938051, 8994590.028687791898847 ], [ 782678.029619699926116, 8994590.02269185334444 ], [ 782678.017468059435487, 8994590.017118936404586 ], [ 782678.005128326243721, 8994590.011975904926658 ], [ 782677.992615702794865, 8994590.007269099354744 ], [ 782677.979945604573004, 8994590.003004314377904 ], [ 782677.967133641126566, 8994589.999186806380749 ], [ 782677.954195596743375, 8994589.99582127854228 ], [ 782677.941147411009297, 8994589.992911875247955 ], [ 782677.928005159250461, 8994589.990462183952332 ], [ 782677.914785032626241, 8994589.988475220277905 ], [ 782677.90150331822224, 8994589.986953431740403 ], [ 782677.888176379259676, 8994589.985898695886135 ], [ 782677.874820634257048, 8994589.985312309116125 ], [ 782677.86145253747236, 8994589.985194995999336 ], [ 782677.84808855841402, 8994589.985546899959445 ], [ 782677.834745161351748, 8994589.986367587000132 ], [ 782677.82143878529314, 8994589.987656047567725 ], [ 782677.808185823727399, 8994589.989410694688559 ], [ 782677.795002604136243, 8994589.991629363968968 ], [ 782677.781905368319713, 8994589.994309324771166 ], [ 782677.768910251790658, 8994589.997447272762656 ], [ 782677.756033264682628, 8994590.0010393448174 ], [ 782677.743290271377191, 8994590.005081113427877 ], [ 782677.730696971062571, 8994590.009567599743605 ], [ 782677.718268878641538, 8994590.014493275433779 ], [ 782677.706021305522881, 8994590.019852075725794 ], [ 782677.693969340645708, 8994590.025637393817306 ], [ 782677.68212783196941, 8994590.031842105090618 ], [ 782677.670511368080042, 8994590.038458565250039 ], [ 782677.659134260611609, 8994590.045478623360395 ], [ 782677.648010525968857, 8994590.052893627434969 ], [ 782677.637153868679889, 8994590.060694446787238 ], [ 782677.626577663933858, 8994590.068871466442943 ], [ 782677.616294941515662, 8994590.077414615079761 ], [ 782677.606318369973451, 8994590.086313368752599 ], [ 782677.596660240087658, 8994590.095556760206819 ], [ 782677.587332450784743, 8994590.105133404955268 ], [ 782677.578346493886784, 8994590.115031503140926 ], [ 782677.569713440025225, 8994590.125238861888647 ], [ 782677.561443925020285, 8994590.135742902755737 ], [ 782677.553548136958852, 8994590.14653068780899 ], [ 782677.546035803272389, 8994590.157588925212622 ], [ 782677.538916179328226, 8994590.168903991580009 ], [ 782677.53219803632237, 8994590.180461946874857 ], [ 782677.525889651034959, 8994590.192248551174998 ], [ 782677.519998795352876, 8994590.204249285161495 ], [ 782677.514532726723701, 8994590.216449361294508 ], [ 782677.509498179424554, 8994590.228833749890327 ], [ 782677.504901355947368, 8994590.241387195885181 ], [ 782677.500747919548303, 8994590.254094231873751 ], [ 782677.49704298726283, 8994590.266939200460911 ], [ 782677.493791123502888, 8994590.279906280338764 ], [ 782677.490996334701777, 8994590.292979495599866 ], [ 782677.488662063726224, 8994590.306142738088965 ], [ 782677.486791186733171, 8994590.319379791617393 ], [ 782677.485386008396745, 8994590.332674348726869 ], [ 782677.484448259929195, 8994590.346010029315948 ], [ 782677.483979096752591, 8994590.359370406717062 ], [ 782677.483979096752591, 8994590.372739017009735 ], [ 782677.484448259929195, 8994590.386099394410849 ], [ 782677.485386008396745, 8994590.399435074999928 ], [ 782677.486791186733171, 8994590.412729632109404 ], [ 782677.488662063726224, 8994590.425966685637832 ], [ 782677.490996334701777, 8994590.439129928126931 ], [ 782677.493791123502888, 8994590.452203143388033 ], [ 782677.49704298726283, 8994590.465170223265886 ], [ 782677.500747919548303, 8994590.478015191853046 ], [ 782677.504901355947368, 8994590.490722227841616 ], [ 782677.509498179424554, 8994590.50327567383647 ], [ 782677.514532726723701, 8994590.515660062432289 ], [ 782677.519998795352876, 8994590.527860138565302 ], [ 782677.525889651034959, 8994590.539860872551799 ], [ 782677.53219803632237, 8994590.55164747685194 ], [ 782677.538916179328226, 8994590.563205432146788 ], [ 782677.546035803272389, 8994590.574520498514175 ], [ 782677.553548136958852, 8994590.585578735917807 ], [ 782677.561443925020285, 8994590.59636652097106 ], [ 782677.569713440025225, 8994590.60687056183815 ], [ 782677.578346493886784, 8994590.617077920585871 ], [ 782677.587332450784743, 8994590.626976018771529 ], [ 782677.596660240087658, 8994590.636552663519979 ], [ 782677.606318369973451, 8994590.645796054974198 ], [ 782677.616294941515662, 8994590.654694808647037 ], [ 782677.626577663933858, 8994590.663237957283854 ], [ 782677.637153868679889, 8994590.671414976939559 ], [ 782677.648010525968857, 8994590.679215796291828 ], [ 782677.659134260611609, 8994590.686630800366402 ], [ 782677.670511368080042, 8994590.693650858476758 ], [ 782677.68212783196941, 8994590.700267318636179 ], [ 782677.693969340645708, 8994590.706472029909492 ], [ 782677.706021305522881, 8994590.712257348001003 ], [ 782677.718268878641538, 8994590.717616148293018 ], [ 782677.730696971062571, 8994590.722541823983192 ], [ 782677.743290271377191, 8994590.72702831029892 ], [ 782677.756033264682628, 8994590.731070078909397 ], [ 782677.768910251790658, 8994590.734662150964141 ], [ 782677.781905368319713, 8994590.737800098955631 ], [ 782677.795002604136243, 8994590.740480059757829 ], [ 782677.808185823727399, 8994590.742698729038239 ], [ 782677.82143878529314, 8994590.744453376159072 ], [ 782677.834745161351748, 8994590.745741836726665 ], [ 782677.84808855841402, 8994590.746562523767352 ], [ 782677.86145253747236, 8994590.746914427727461 ], [ 782677.874820634257048, 8994590.746797114610672 ], [ 782677.888176379259676, 8994590.746210727840662 ], [ 782677.90150331822224, 8994590.745155991986394 ], [ 782677.914785032626241, 8994590.743634203448892 ], [ 782677.928005159250461, 8994590.741647239774466 ], [ 782677.941147411009297, 8994590.739197548478842 ], [ 782677.954195596743375, 8994590.736288145184517 ], [ 782677.967133641126566, 8994590.732922617346048 ], [ 782677.979945604573004, 8994590.729105109348893 ], [ 782677.992615702794865, 8994590.724840324372053 ], [ 782678.005128326243721, 8994590.720133518800139 ], [ 782678.017468059435487, 8994590.714990487322211 ], [ 782678.029619699926116, 8994590.709417570382357 ], [ 782678.041568276938051, 8994590.70342163182795 ], [ 782678.053299069870263, 8994590.697010058909655 ], [ 782678.064797626342624, 8994590.690190751105547 ], [ 782678.076049780356698, 8994590.682972107082605 ], [ 782678.087041669292375, 8994590.675363024696708 ], [ 782678.097759751020931, 8994590.667372873052955 ], [ 782678.108190821134485, 8994590.659011501818895 ], [ 782678.118322028429247, 8994590.650289207696915 ], [ 782678.128140891320072, 8994590.641216738149524 ], [ 782678.137635313090868, 8994590.631805269047618 ], [ 782678.146793596679345, 8994590.622066399082541 ], [ 782678.15560445911251, 8994590.61201212182641 ], [ 782678.164057045360096, 8994590.601654827594757 ], [ 782678.172140941838734, 8994590.591007273644209 ], [ 782678.179846189450473, 8994590.580082580447197 ], [ 782678.187163295107894, 8994590.568894205614924 ], [ 782678.194083244423382, 8994590.557455932721496 ], [ 782678.200597511837259, 8994590.54578185454011 ], [ 782678.206698071910068, 8994590.533886354416609 ], [ 782678.212377408635803, 8994590.521784085780382 ], [ 782678.217628525337204, 8994590.509489959105849 ], [ 782678.222444952582009, 8994590.497019119560719 ], [ 782678.226820756448433, 8994590.484386933967471 ], [ 782678.230750545975752, 8994590.471608964726329 ], [ 782678.234229479799978, 8994590.458700951188803 ], [ 782678.237253271741793, 8994590.445678798481822 ], [ 782678.239818196743727, 8994590.432558549568057 ], [ 782678.241921094479039, 8994590.419356368482113 ], [ 782678.243559374473989, 8994590.406088519841433 ], [ 782678.244731018319726, 8994590.392771350219846 ], [ 782678.245434582582675, 8994590.379421263933182 ], [ 782678.245669200317934, 8994590.366054711863399 ] ] ] ] } },
{ "type": "Feature", "properties": { "LAYER": "_BM dan Cp", "GM_TYPE": "Unknown Area Type", "ELEVATION": 0 }, "geometry": { "type": "MultiPolygon", "coordinates": [ [ [ [ 782678.245669200317934, 8994590.366054711863399 ], [ 782678.243511470849626, 8994590.325570246204734 ], [ 782678.237062730360776, 8994590.28554448671639 ], [ 782678.226396045647562, 8994590.24643093906343 ], [ 782678.21163227467332, 8994590.208672776818275 ], [ 782678.192938696709462, 8994590.172697814181447 ], [ 782678.170527117443271, 8994590.138913663104177 ], [ 782678.144651469076052, 8994590.107703110203147 ], [ 782678.115604933118448, 8994590.07941978611052 ], [ 782678.083716618246399, 8994590.054384147748351 ], [ 782678.049347831984051, 8994590.032879862934351 ], [ 782678.012887986260466, 8994590.015150582417846 ], [ 782677.974750185851008, 8994590.001397185027599 ], [ 782677.935366547200829, 8994589.991775503382087 ], [ 782677.895183302578516, 8994589.986394556239247 ], [ 782677.854655744391493, 8994589.985315307974815 ], [ 782677.814243066008203, 8994589.988549990579486 ], [ 782677.774403159040958, 8994589.996061952784657 ], [ 782677.735587425762787, 8994590.007766079157591 ], [ 782677.698235663934611, 8994590.023529760539532 ], [ 782677.662771083880216, 8994590.043174386024475 ], [ 782677.62959551345557, 8994590.066477375105023 ], [ 782677.599084845045581, 8994590.093174694105983 ], [ 782677.571584776975214, 8994590.122963853180408 ], [ 782677.547406895784661, 8994590.155507329851389 ], [ 782677.526825146516785, 8994590.190436391159892 ], [ 782677.510072728735395, 8994590.227355277165771 ], [ 782677.497339454013854, 8994590.265845686197281 ], [ 782677.488769595278427, 8994590.305471500381827 ], [ 782677.484460252686404, 8994590.345783749595284 ], [ 782677.484460252686404, 8994590.386325674131513 ], [ 782677.488769595278427, 8994590.42663792334497 ], [ 782677.497339454013854, 8994590.466263737529516 ], [ 782677.510072728735395, 8994590.504754146561027 ], [ 782677.526825146516785, 8994590.541673032566905 ], [ 782677.547406895784661, 8994590.576602093875408 ], [ 782677.571584776975214, 8994590.609145570546389 ], [ 782677.599084845045581, 8994590.638934729620814 ], [ 782677.62959551345557, 8994590.665632048621774 ], [ 782677.662771083880216, 8994590.688935037702322 ], [ 782677.698235663934611, 8994590.708579663187265 ], [ 782677.735587425762787, 8994590.724343344569206 ], [ 782677.774403159040958, 8994590.73604747094214 ], [ 782677.814243066008203, 8994590.743559433147311 ], [ 782677.854655744391493, 8994590.746794115751982 ], [ 782677.895183302578516, 8994590.74571486748755 ], [ 782677.935366547200829, 8994590.74033392034471 ], [ 782677.974750185851008, 8994590.730712238699198 ], [ 782678.012887986260466, 8994590.716958841308951 ], [ 782678.049347831984051, 8994590.699229560792446 ], [ 782678.083716618246399, 8994590.677725275978446 ], [ 782678.115604933118448, 8994590.652689637616277 ], [ 782678.144651469076052, 8994590.62440631352365 ], [ 782678.170527117443271, 8994590.593195760622621 ], [ 782678.192938696709462, 8994590.55941160954535 ], [ 782678.21163227467332, 8994590.523436646908522 ], [ 782678.226396045647562, 8994590.485678484663367 ], [ 782678.237062730360776, 8994590.446564937010407 ], [ 782678.243511470849626, 8994590.406539177522063 ], [ 782678.245669200317934, 8994590.366054711863399 ] ] ] ] } },
{ "type": "Feature", "properties": { "LAYER": "_BM dan Cp", "GM_TYPE": "Unknown Area Type", "ELEVATION": null }, "geometry": { "type": "MultiPolygon", "coordinates": [ [ [ [ 782651.21509843680542, 8994613.145635990425944 ], [ 782651.214867437724024, 8994613.132475595921278 ], [ 782651.214174724882469, 8994613.119331413879991 ], [ 782651.213021151721478, 8994613.106219640001655 ], [ 782651.21140813967213, 8994613.093156427145004 ], [ 782651.209337675594725, 8994613.080157868564129 ], [ 782651.206812310614623, 8994613.067239977419376 ], [ 782651.203835155814886, 8994613.054418671876192 ], [ 782651.200409878976643, 8994613.041709745302796 ], [ 782651.19654070015531, 8994613.029128853231668 ], [ 782651.192232386092655, 8994613.016691500321031 ], [ 782651.187490244745277, 8994613.00441300496459 ], [ 782651.18232011818327, 8994612.992308495566249 ], [ 782651.176728376070969, 8994612.980392884463072 ], [ 782651.170721907401457, 8994612.968680853024125 ], [ 782651.164308112231083, 8994612.957186829298735 ], [ 782651.1574948921334, 8994612.945924973115325 ], [ 782651.150290641118772, 8994612.934909161180258 ], [ 782651.142704234807752, 8994612.92415296472609 ], [ 782651.134745019488037, 8994612.913669632747769 ], [ 782651.126422800938599, 8994612.903472082689404 ], [ 782651.117747832089663, 8994612.893572876229882 ], [ 782651.108730800449848, 8994612.883984211832285 ], [ 782651.099382814951241, 8994612.874717900529504 ], [ 782651.089715392445214, 8994612.865785360336304 ], [ 782651.079740442801267, 8994612.857197593897581 ], [ 782651.069470255402848, 8994612.848965181037784 ], [ 782651.058917483082041, 8994612.841098267585039 ], [ 782651.048095126519911, 8994612.833606541156769 ], [ 782651.037016519112512, 8994612.826499234884977 ], [ 782651.025695309508592, 8994612.819785103201866 ], [ 782651.014145445427857, 8994612.813472418114543 ], [ 782651.00238115619868, 8994612.807568958029151 ], [ 782650.990416935412213, 8994612.802081992849708 ], [ 782650.978267522994429, 8994612.79701828584075 ], [ 782650.965947886812501, 8994612.792384075000882 ], [ 782650.953473204746842, 8994612.788185067474842 ], [ 782650.940858845366165, 8994612.784426439553499 ], [ 782650.928120349766687, 8994612.781112818047404 ], [ 782650.915273411548696, 8994612.778248289600015 ], [ 782650.902333858073689, 8994612.775836380198598 ], [ 782650.889317630906589, 8994612.773880060762167 ], [ 782650.876240765908733, 8994612.772381745278835 ], [ 782650.863119373680092, 8994612.771343275904655 ], [ 782650.849969619768672, 8994612.77076593413949 ], [ 782650.836807704647072, 8994612.770650429651141 ], [ 782650.823649843689054, 8994612.770996905863285 ], [ 782650.810512247262523, 8994612.771804936230183 ], [ 782650.797411100938916, 8994612.773073524236679 ], [ 782650.78436254512053, 8994612.774801107123494 ], [ 782650.771382655831985, 8994612.776985557749867 ], [ 782650.758487423881888, 8994612.779624184593558 ], [ 782650.745692736469209, 8994612.782713735476136 ], [ 782650.733014356344938, 8994612.786250403150916 ], [ 782650.720467903418466, 8994612.790229834616184 ], [ 782650.708068834734149, 8994612.794647123664618 ], [ 782650.695832425844856, 8994612.799496829509735 ], [ 782650.683773752069101, 8994612.804772978648543 ], [ 782650.671907669515349, 8994612.810469068586826 ], [ 782650.660248797270469, 8994612.816578082740307 ], [ 782650.648811499006115, 8994612.823092494159937 ], [ 782650.637609865283594, 8994612.830004276707768 ], [ 782650.626657696557231, 8994612.837304918095469 ], [ 782650.615968485828489, 8994612.844985419884324 ], [ 782650.605555402231403, 8994612.853036323562264 ], [ 782650.595431274501607, 8994612.861447708681226 ], [ 782650.585608575609513, 8994612.870209211483598 ], [ 782650.576099407044239, 8994612.879310039803386 ], [ 782650.566915484028868, 8994612.888738978654146 ], [ 782650.558068121201359, 8994612.898484414443374 ], [ 782650.549568218528293, 8994612.908534340560436 ], [ 782650.54142624756787, 8994612.918876374140382 ], [ 782650.533652239479125, 8994612.92949777469039 ], [ 782650.526255771634169, 8994612.940385457128286 ], [ 782650.519245956558734, 8994612.951526006683707 ], [ 782650.512631430174224, 8994612.962905699387193 ], [ 782650.506420341669582, 8994612.974510513246059 ], [ 782650.500620343023911, 8994612.986326154321432 ], [ 782650.495238579926081, 8994612.998338064178824 ], [ 782650.4902816824615, 8994613.010531444102526 ], [ 782650.485755757661536, 8994613.022891271859407 ], [ 782650.481666381470859, 8994613.03540232218802 ], [ 782650.478018591878936, 8994613.048049177974463 ], [ 782650.474816882866435, 8994613.060816261917353 ], [ 782650.472065199166536, 8994613.07368784211576 ], [ 782650.469766930793412, 8994613.086648061871529 ], [ 782650.467924908967689, 8994613.099680956453085 ], [ 782650.466541403322481, 8994613.112770466133952 ], [ 782650.465618118178099, 8994613.125900465995073 ], [ 782650.465156191028655, 8994613.139054778963327 ], [ 782650.465156191028655, 8994613.152217201888561 ], [ 782650.465618118178099, 8994613.165371514856815 ], [ 782650.466541403322481, 8994613.178501514717937 ], [ 782650.467924908967689, 8994613.191591024398804 ], [ 782650.469766930793412, 8994613.20462391898036 ], [ 782650.472065199166536, 8994613.217584138736129 ], [ 782650.474816882866435, 8994613.230455718934536 ], [ 782650.478018591878936, 8994613.243222802877426 ], [ 782650.481666381470859, 8994613.255869658663869 ], [ 782650.485755757661536, 8994613.268380708992481 ], [ 782650.4902816824615, 8994613.280740536749363 ], [ 782650.495238579926081, 8994613.292933916673064 ], [ 782650.500620343023911, 8994613.304945826530457 ], [ 782650.506420341669582, 8994613.316761467605829 ], [ 782650.512631430174224, 8994613.328366281464696 ], [ 782650.519245956558734, 8994613.339745974168181 ], [ 782650.526255771634169, 8994613.350886523723602 ], [ 782650.533652239479125, 8994613.361774206161499 ], [ 782650.54142624756787, 8994613.372395606711507 ], [ 782650.549568218528293, 8994613.382737640291452 ], [ 782650.558068121201359, 8994613.392787566408515 ], [ 782650.566915484028868, 8994613.402533002197742 ], [ 782650.576099407044239, 8994613.411961941048503 ], [ 782650.585608575609513, 8994613.421062769368291 ], [ 782650.595431274501607, 8994613.429824272170663 ], [ 782650.605555402231403, 8994613.438235657289624 ], [ 782650.615968485828489, 8994613.446286560967565 ], [ 782650.626657696557231, 8994613.453967062756419 ], [ 782650.637609865283594, 8994613.46126770414412 ], [ 782650.648811499006115, 8994613.468179486691952 ], [ 782650.660248797270469, 8994613.474693898111582 ], [ 782650.671907669515349, 8994613.480802912265062 ], [ 782650.683773752069101, 8994613.486499002203345 ], [ 782650.695832425844856, 8994613.491775151342154 ], [ 782650.708068834734149, 8994613.496624857187271 ], [ 782650.720467903418466, 8994613.501042146235704 ], [ 782650.733014356344938, 8994613.505021577700973 ], [ 782650.745692736469209, 8994613.508558245375752 ], [ 782650.758487423881888, 8994613.51164779625833 ], [ 782650.771382655831985, 8994613.514286423102021 ], [ 782650.78436254512053, 8994613.516470873728395 ], [ 782650.797411100938916, 8994613.51819845661521 ], [ 782650.810512247262523, 8994613.519467044621706 ], [ 782650.823649843689054, 8994613.520275074988604 ], [ 782650.836807704647072, 8994613.520621551200747 ], [ 782650.849969619768672, 8994613.520506046712399 ], [ 782650.863119373680092, 8994613.519928704947233 ], [ 782650.876240765908733, 8994613.518890235573053 ], [ 782650.889317630906589, 8994613.517391920089722 ], [ 782650.902333858073689, 8994613.515435600653291 ], [ 782650.915273411548696, 8994613.513023691251874 ], [ 782650.928120349766687, 8994613.510159162804484 ], [ 782650.940858845366165, 8994613.506845541298389 ], [ 782650.953473204746842, 8994613.503086913377047 ], [ 782650.965947886812501, 8994613.498887905851007 ], [ 782650.978267522994429, 8994613.494253695011139 ], [ 782650.990416935412213, 8994613.489189988002181 ], [ 782651.00238115619868, 8994613.483703022822738 ], [ 782651.014145445427857, 8994613.477799562737346 ], [ 782651.025695309508592, 8994613.471486877650023 ], [ 782651.037016519112512, 8994613.464772745966911 ], [ 782651.048095126519911, 8994613.45766543969512 ], [ 782651.058917483082041, 8994613.45017371326685 ], [ 782651.069470255402848, 8994613.442306799814105 ], [ 782651.079740442801267, 8994613.434074386954308 ], [ 782651.089715392445214, 8994613.425486620515585 ], [ 782651.099382814951241, 8994613.416554080322385 ], [ 782651.108730800449848, 8994613.407287769019604 ], [ 782651.117747832089663, 8994613.397699104622006 ], [ 782651.126422800938599, 8994613.387799898162484 ], [ 782651.134745019488037, 8994613.377602348104119 ], [ 782651.142704234807752, 8994613.367119016125798 ], [ 782651.150290641118772, 8994613.356362819671631 ], [ 782651.1574948921334, 8994613.345347007736564 ], [ 782651.164308112231083, 8994613.334085151553154 ], [ 782651.170721907401457, 8994613.322591127827764 ], [ 782651.176728376070969, 8994613.310879096388817 ], [ 782651.18232011818327, 8994613.29896348528564 ], [ 782651.187490244745277, 8994613.286858975887299 ], [ 782651.192232386092655, 8994613.274580480530858 ], [ 782651.19654070015531, 8994613.26214312762022 ], [ 782651.200409878976643, 8994613.249562235549092 ], [ 782651.203835155814886, 8994613.236853308975697 ], [ 782651.206812310614623, 8994613.224032003432512 ], [ 782651.209337675594725, 8994613.21111411228776 ], [ 782651.21140813967213, 8994613.198115553706884 ], [ 782651.213021151721478, 8994613.185052340850234 ], [ 782651.214174724882469, 8994613.171940566971898 ], [ 782651.214867437724024, 8994613.158796384930611 ], [ 782651.21509843680542, 8994613.145635990425944 ] ] ] ] } },
{ "type": "Feature", "properties": { "LAYER": "_BM dan Cp", "GM_TYPE": "Unknown Area Type", "ELEVATION": null }, "geometry": { "type": "MultiPolygon", "coordinates": [ [ [ [ 782653.09009843680542, 8994613.145635990425944 ], [ 782653.0887124419678, 8994613.066673621535301 ], [ 782653.084556165151298, 8994612.987808534875512 ], [ 782653.077634726651013, 8994612.909137889742851 ], [ 782653.067956653772853, 8994612.830758608877659 ], [ 782653.055533869890496, 8994612.752767257392406 ], [ 782653.040381679660641, 8994612.675259916111827 ], [ 782653.022518750745803, 8994612.598332077264786 ], [ 782653.001967090065591, 8994612.522078514099121 ], [ 782652.978752017137595, 8994612.446593170985579 ], [ 782652.952902132761665, 8994612.371969046071172 ], [ 782652.924449284095317, 8994612.298298073932528 ], [ 782652.893428524839692, 8994612.225671017542481 ], [ 782652.859878072282299, 8994612.154177356511354 ], [ 782652.823839260498062, 8994612.083905166015029 ], [ 782652.785356489242986, 8994612.014941023662686 ], [ 782652.744477169006132, 8994611.947369892150164 ], [ 782652.701251663034782, 8994611.881275018677115 ], [ 782652.655733224819414, 8994611.816737830638885 ], [ 782652.607977932901122, 8994611.753837840631604 ], [ 782652.558044621604495, 8994611.692652540281415 ], [ 782652.505994808510877, 8994611.633257308974862 ], [ 782652.451892618788406, 8994611.575725318863988 ], [ 782652.395804706029594, 8994611.520127452909946 ], [ 782652.33780017029494, 8994611.46653220616281 ], [ 782652.277950473013334, 8994611.415005607530475 ], [ 782652.216329348622821, 8994611.36561113782227 ], [ 782652.153012714115903, 8994611.318409649655223 ], [ 782652.088078575208783, 8994611.273459296673536 ], [ 782652.021606930647977, 8994611.230815455317497 ], [ 782651.953679673024453, 8994611.19053066521883 ], [ 782651.884380488423631, 8994611.152654556557536 ], [ 782651.813794753048569, 8994611.117233790457249 ], [ 782651.742009428446181, 8994611.084312006831169 ], [ 782651.669112953590229, 8994611.053929764777422 ], [ 782651.59519513673149, 8994611.026124496012926 ], [ 782651.520347044221126, 8994611.000930454581976 ], [ 782651.444660888519138, 8994610.978378681465983 ], [ 782651.368229914689437, 8994610.958496959879994 ], [ 782651.291148285265081, 8994610.941309781745076 ], [ 782651.213510964531451, 8994610.92683832347393 ], [ 782651.135413601296023, 8994610.915100414305925 ], [ 782651.056952411192469, 8994610.906110515818 ], [ 782650.978224057937041, 8994610.899879701435566 ], [ 782650.899325534584932, 8994610.896415647119284 ], [ 782650.820354043622501, 8994610.89572262391448 ], [ 782650.741406877757981, 8994610.897801483049989 ], [ 782650.662581299431622, 8994610.902649663388729 ], [ 782650.583974421373568, 8994610.910261191427708 ], [ 782650.505683086928912, 8994610.920626692473888 ], [ 782650.427803750615567, 8994610.933733394369483 ], [ 782650.350432359497063, 8994610.949565149843693 ], [ 782650.273664234788157, 8994610.96810245513916 ], [ 782650.197593954275362, 8994610.98932247236371 ], [ 782650.122315236483701, 8994611.013199055567384 ], [ 782650.047920824144967, 8994611.039702793583274 ], [ 782649.974502371042036, 8994611.068801030516624 ], [ 782649.902150328271091, 8994611.100457917898893 ], [ 782649.830953833181411, 8994611.134634457528591 ], [ 782649.761000599712133, 8994611.171288538724184 ], [ 782649.692376809776761, 8994611.210375009104609 ], [ 782649.625167007558048, 8994611.251845711842179 ], [ 782649.559453995199874, 8994611.29564955458045 ], [ 782649.495318730943836, 8994611.341732572764158 ], [ 782649.432840229128487, 8994611.39003799110651 ], [ 782649.372095462866127, 8994611.440506298094988 ], [ 782649.313159269513562, 8994611.493075316771865 ], [ 782649.256104258238338, 8994611.547680282965302 ], [ 782649.201000720495358, 8994611.604253923520446 ], [ 782649.1479165435303, 8994611.662726540118456 ], [ 782649.096917126793414, 8994611.723026093095541 ], [ 782649.048065301496536, 8994611.785078294575214 ], [ 782649.001421252731234, 8994611.848806697875261 ], [ 782648.9570424456615, 8994611.914132788777351 ], [ 782648.914983555092476, 8994611.980976086109877 ], [ 782648.875296397018246, 8994612.049254238605499 ], [ 782648.838029866106808, 8994612.11888312920928 ], [ 782648.803229874349199, 8994612.189776973798871 ], [ 782648.770939295296557, 8994612.261848432943225 ], [ 782648.741197910741903, 8994612.335008714348078 ], [ 782648.714042362058535, 8994612.409167682752013 ], [ 782648.689506104565226, 8994612.484233979135752 ], [ 782648.66761936689727, 8994612.560115119442344 ], [ 782648.648409113520756, 8994612.636717617511749 ], [ 782648.631899011204951, 8994612.713947102427483 ], [ 782648.618109400384128, 8994612.791708424687386 ], [ 782648.607057269895449, 8994612.869905784726143 ], [ 782648.59875623579137, 8994612.948442842811346 ], [ 782648.593216524925083, 8994613.027222840115428 ], [ 782648.590444962144829, 8994613.106148725375533 ], [ 782648.590444962144829, 8994613.185123255476356 ], [ 782648.593216524925083, 8994613.264049140736461 ], [ 782648.59875623579137, 8994613.342829138040543 ], [ 782648.607057269895449, 8994613.421366196125746 ], [ 782648.618109400384128, 8994613.499563556164503 ], [ 782648.631899011204951, 8994613.577324878424406 ], [ 782648.648409113520756, 8994613.654554363340139 ], [ 782648.66761936689727, 8994613.731156861409545 ], [ 782648.689506104565226, 8994613.807038001716137 ], [ 782648.714042362058535, 8994613.882104298099875 ], [ 782648.741197910741903, 8994613.956263266503811 ], [ 782648.770939295296557, 8994614.029423547908664 ], [ 782648.803229874349199, 8994614.101495007053018 ], [ 782648.838029866106808, 8994614.172388851642609 ], [ 782648.875296397018246, 8994614.242017742246389 ], [ 782648.914983555092476, 8994614.310295894742012 ], [ 782648.9570424456615, 8994614.377139192074537 ], [ 782649.001421252731234, 8994614.442465282976627 ], [ 782649.048065301496536, 8994614.506193686276674 ], [ 782649.096917126793414, 8994614.568245887756348 ], [ 782649.1479165435303, 8994614.628545440733433 ], [ 782649.201000720495358, 8994614.687018057331443 ], [ 782649.256104258238338, 8994614.743591697886586 ], [ 782649.313159269513562, 8994614.798196664080024 ], [ 782649.372095462866127, 8994614.850765682756901 ], [ 782649.432840229128487, 8994614.901233989745378 ], [ 782649.495318730943836, 8994614.94953940808773 ], [ 782649.559453995199874, 8994614.995622426271439 ], [ 782649.625167007558048, 8994615.039426269009709 ], [ 782649.692376809776761, 8994615.080896971747279 ], [ 782649.761000599712133, 8994615.119983442127705 ], [ 782649.830953833181411, 8994615.156637523323298 ], [ 782649.902150328271091, 8994615.190814062952995 ], [ 782649.974502371042036, 8994615.222470950335264 ], [ 782650.047920824144967, 8994615.251569187268615 ], [ 782650.122315236483701, 8994615.278072925284505 ], [ 782650.197593954275362, 8994615.301949508488178 ], [ 782650.273664234788157, 8994615.323169525712729 ], [ 782650.350432359497063, 8994615.341706831008196 ], [ 782650.427803750615567, 8994615.357538586482406 ], [ 782650.505683086928912, 8994615.370645288378 ], [ 782650.583974421373568, 8994615.381010789424181 ], [ 782650.662581299431622, 8994615.38862231746316 ], [ 782650.741406877757981, 8994615.3934704978019 ], [ 782650.820354043622501, 8994615.395549356937408 ], [ 782650.899325534584932, 8994615.394856333732605 ], [ 782650.978224057937041, 8994615.391392279416323 ], [ 782651.056952411192469, 8994615.385161465033889 ], [ 782651.135413601296023, 8994615.376171566545963 ], [ 782651.213510964531451, 8994615.364433657377958 ], [ 782651.291148285265081, 8994615.349962199106812 ], [ 782651.368229914689437, 8994615.332775020971894 ], [ 782651.444660888519138, 8994615.312893299385905 ], [ 782651.520347044221126, 8994615.290341526269913 ], [ 782651.59519513673149, 8994615.265147484838963 ], [ 782651.669112953590229, 8994615.237342216074467 ], [ 782651.742009428446181, 8994615.20695997402072 ], [ 782651.813794753048569, 8994615.17403819039464 ], [ 782651.884380488423631, 8994615.138617424294353 ], [ 782651.953679673024453, 8994615.100741315633059 ], [ 782652.021606930647977, 8994615.060456525534391 ], [ 782652.088078575208783, 8994615.017812684178352 ], [ 782652.153012714115903, 8994614.972862331196666 ], [ 782652.216329348622821, 8994614.925660843029618 ], [ 782652.277950473013334, 8994614.876266373321414 ], [ 782652.33780017029494, 8994614.824739774689078 ], [ 782652.395804706029594, 8994614.771144527941942 ], [ 782652.451892618788406, 8994614.715546661987901 ], [ 782652.505994808510877, 8994614.658014671877027 ], [ 782652.558044621604495, 8994614.598619440570474 ], [ 782652.607977932901122, 8994614.537434140220284 ], [ 782652.655733224819414, 8994614.474534150213003 ], [ 782652.701251663034782, 8994614.409996962174773 ], [ 782652.744477169006132, 8994614.343902088701725 ], [ 782652.785356489242986, 8994614.276330957189202 ], [ 782652.823839260498062, 8994614.20736681483686 ], [ 782652.859878072282299, 8994614.137094624340534 ], [ 782652.893428524839692, 8994614.065600963309407 ], [ 782652.924449284095317, 8994613.99297390691936 ], [ 782652.952902132761665, 8994613.919302934780717 ], [ 782652.978752017137595, 8994613.844678809866309 ], [ 782653.001967090065591, 8994613.769193466752768 ], [ 782653.022518750745803, 8994613.692939903587103 ], [ 782653.040381679660641, 8994613.616012064740062 ], [ 782653.055533869890496, 8994613.538504723459482 ], [ 782653.067956653772853, 8994613.46051337197423 ], [ 782653.077634726651013, 8994613.382134091109037 ], [ 782653.084556165151298, 8994613.303463445976377 ], [ 782653.0887124419678, 8994613.224598359316587 ], [ 782653.09009843680542, 8994613.145635990425944 ] ] ] ] } },
{ "type": "Feature", "properties": { "LAYER": "_BM dan Cp", "GM_TYPE": "Unknown Area Type", "ELEVATION": null }, "geometry": { "type": "MultiPolygon", "coordinates": [ [ [ [ 782656.46509843680542, 8994613.145635990425944 ], [ 782656.461633449769579, 8994612.948230069130659 ], [ 782656.451242757495493, 8994612.751067349687219 ], [ 782656.433939161361195, 8994612.554390737786889 ], [ 782656.409743979224004, 8994612.358442537486553 ], [ 782656.378687019459903, 8994612.163464155048132 ], [ 782656.340806544059888, 8994611.969695804640651 ], [ 782656.296149221714586, 8994611.77737620845437 ], [ 782656.244770069839433, 8994611.586742300540209 ], [ 782656.186732387519442, 8994611.398028941825032 ], [ 782656.122107676812448, 8994611.211468627676368 ], [ 782656.050975555088371, 8994611.027291199192405 ], [ 782655.973423656774685, 8994610.845723560079932 ], [ 782655.889547525439411, 8994610.666989404708147 ], [ 782655.799450496095233, 8994610.491308929398656 ], [ 782655.703243567957543, 8994610.318898571655154 ], [ 782655.601045267423615, 8994610.149970741942525 ], [ 782655.492981502320617, 8994609.984733559191227 ], [ 782655.379185406723991, 8994609.823390593752265 ], [ 782655.259797176928259, 8994609.666140617802739 ], [ 782655.134963898686692, 8994609.513177365064621 ], [ 782655.004839365952648, 8994609.364689284935594 ], [ 782654.869583891704679, 8994609.220859313383698 ], [ 782654.729364109807648, 8994609.081864647567272 ], [ 782654.584352770703845, 8994608.947876529768109 ], [ 782654.434728527325206, 8994608.81906003318727 ], [ 782654.280675716348924, 8994608.695573857054114 ], [ 782654.122384130139835, 8994608.577570138499141 ], [ 782653.960048782988451, 8994608.465194255113602 ], [ 782653.793869671295397, 8994608.358584653586149 ], [ 782653.624051527236588, 8994608.257872678339481 ], [ 782653.450803565676324, 8994608.163182405754924 ], [ 782653.274339227587916, 8994608.074630491435528 ], [ 782653.094875915907323, 8994607.992326032370329 ], [ 782652.912634728825651, 8994607.916370429098606 ], [ 782652.727840186678804, 8994607.846857255324721 ], [ 782652.540719955228269, 8994607.783872153609991 ], [ 782652.351504566031508, 8994607.727492718026042 ], [ 782652.160427131457254, 8994607.677788412198424 ], [ 782651.967723057954572, 8994607.634820468723774 ], [ 782651.773629756178707, 8994607.598641823977232 ], [ 782651.578386348090135, 8994607.56929705105722 ], [ 782651.382233372773044, 8994607.546822302043438 ], [ 782651.185412489576265, 8994607.531245267018676 ], [ 782650.988166181137785, 8994607.522585133090615 ], [ 782650.790737453964539, 8994607.520852573215961 ], [ 782650.593369539245032, 8994607.52604972012341 ], [ 782650.396305593312718, 8994607.538170171901584 ], [ 782650.199788398225792, 8994607.557198993861675 ], [ 782650.004060062114149, 8994607.583112746477127 ], [ 782649.809361721388996, 8994607.615879502147436 ], [ 782649.615933243650943, 8994607.655458891764283 ], [ 782649.424012931762263, 8994607.701802153140306 ], [ 782649.233837230596691, 8994607.754852194339037 ], [ 782649.045640435884707, 8994607.814543655142188 ], [ 782648.859654405154288, 8994607.880802998319268 ], [ 782648.676108272280544, 8994607.953548589721322 ], [ 782648.49522816541139, 8994608.032690810039639 ], [ 782648.317236927803606, 8994608.118132155388594 ], [ 782648.142353844013996, 8994608.209767362102866 ], [ 782647.970794369117357, 8994608.307483537122607 ], [ 782647.802769863628782, 8994608.411160292103887 ], [ 782647.638487332849763, 8994608.520669899880886 ], [ 782647.478149172267877, 8994608.635877445340157 ], [ 782647.321952917613089, 8994608.756640991196036 ], [ 782647.170091002015397, 8994608.882811758667231 ], [ 782647.022750518750399, 8994609.014234306290746 ], [ 782646.880112990387715, 8994609.15074672177434 ], [ 782646.742354145972058, 8994609.292180823162198 ], [ 782646.609643703559414, 8994609.438362363725901 ], [ 782646.482145161833614, 8994609.589111246168613 ], [ 782646.360015598475002, 8994609.744241751730442 ], [ 782646.243405476445332, 8994609.903562759980559 ], [ 782646.132458459120244, 8994610.066877987235785 ], [ 782646.027311232406646, 8994610.233986230567098 ], [ 782645.928093337337486, 8994610.404681611806154 ], [ 782645.834927009884268, 8994610.578753836452961 ], [ 782645.747927030664869, 8994610.755988448858261 ], [ 782645.667200583033264, 8994610.936167096719146 ], [ 782645.592847121763043, 8994611.119067799299955 ], [ 782645.524958249880001, 8994611.304465223103762 ], [ 782645.463617606204934, 8994611.492130963131785 ], [ 782645.408900762093253, 8994611.681833811104298 ], [ 782645.360875128535554, 8994611.873340059071779 ], [ 782645.319599872804247, 8994612.066413767635822 ], [ 782645.285125845810398, 8994612.260817075148225 ], [ 782645.257495519472286, 8994612.456310473382473 ], [ 782645.236742934212089, 8994612.652653118595481 ], [ 782645.22289365704637, 8994612.849603116512299 ], [ 782645.215964750270359, 8994613.046917825937271 ], [ 782645.215964750270359, 8994613.244354154914618 ], [ 782645.22289365704637, 8994613.44166886433959 ], [ 782645.236742934212089, 8994613.638618862256408 ], [ 782645.257495519472286, 8994613.834961507469416 ], [ 782645.285125845810398, 8994614.030454905703664 ], [ 782645.319599872804247, 8994614.224858213216066 ], [ 782645.360875128535554, 8994614.417931921780109 ], [ 782645.408900762093253, 8994614.609438169747591 ], [ 782645.463617606204934, 8994614.799141017720103 ], [ 782645.524958249880001, 8994614.986806757748127 ], [ 782645.592847121763043, 8994615.172204181551933 ], [ 782645.667200583033264, 8994615.355104884132743 ], [ 782645.747927030664869, 8994615.535283531993628 ], [ 782645.834927009884268, 8994615.712518144398928 ], [ 782645.928093337337486, 8994615.886590369045734 ], [ 782646.027311232406646, 8994616.057285750284791 ], [ 782646.132458459120244, 8994616.224393993616104 ], [ 782646.243405476445332, 8994616.387709220871329 ], [ 782646.360015598475002, 8994616.547030229121447 ], [ 782646.482145161833614, 8994616.702160734683275 ], [ 782646.609643703559414, 8994616.852909617125988 ], [ 782646.742354145972058, 8994616.999091157689691 ], [ 782646.880112990387715, 8994617.140525259077549 ], [ 782647.022750518750399, 8994617.277037674561143 ], [ 782647.170091002015397, 8994617.408460222184658 ], [ 782647.321952917613089, 8994617.534630989655852 ], [ 782647.478149172267877, 8994617.655394535511732 ], [ 782647.638487332849763, 8994617.770602080971003 ], [ 782647.802769863628782, 8994617.880111688748002 ], [ 782647.970794369117357, 8994617.983788443729281 ], [ 782648.142353844013996, 8994618.081504618749022 ], [ 782648.317236927803606, 8994618.173139825463295 ], [ 782648.49522816541139, 8994618.258581170812249 ], [ 782648.676108272280544, 8994618.337723391130567 ], [ 782648.859654405154288, 8994618.41046898253262 ], [ 782649.045640435884707, 8994618.476728325709701 ], [ 782649.233837230596691, 8994618.536419786512852 ], [ 782649.424012931762263, 8994618.589469827711582 ], [ 782649.615933243650943, 8994618.635813089087605 ], [ 782649.809361721388996, 8994618.675392478704453 ], [ 782650.004060062114149, 8994618.708159234374762 ], [ 782650.199788398225792, 8994618.734072986990213 ], [ 782650.396305593312718, 8994618.753101808950305 ], [ 782650.593369539245032, 8994618.765222260728478 ], [ 782650.790737453964539, 8994618.770419407635927 ], [ 782650.988166181137785, 8994618.768686847761273 ], [ 782651.185412489576265, 8994618.760026713833213 ], [ 782651.382233372773044, 8994618.744449678808451 ], [ 782651.578386348090135, 8994618.721974929794669 ], [ 782651.773629756178707, 8994618.692630156874657 ], [ 782651.967723057954572, 8994618.656451512128115 ], [ 782652.160427131457254, 8994618.613483568653464 ], [ 782652.351504566031508, 8994618.563779262825847 ], [ 782652.540719955228269, 8994618.507399827241898 ], [ 782652.727840186678804, 8994618.444414725527167 ], [ 782652.912634728825651, 8994618.374901551753283 ], [ 782653.094875915907323, 8994618.29894594848156 ], [ 782653.274339227587916, 8994618.216641489416361 ], [ 782653.450803565676324, 8994618.128089575096965 ], [ 782653.624051527236588, 8994618.033399302512407 ], [ 782653.793869671295397, 8994617.932687327265739 ], [ 782653.960048782988451, 8994617.826077725738287 ], [ 782654.122384130139835, 8994617.713701842352748 ], [ 782654.280675716348924, 8994617.595698123797774 ], [ 782654.434728527325206, 8994617.472211947664618 ], [ 782654.584352770703845, 8994617.343395451083779 ], [ 782654.729364109807648, 8994617.209407333284616 ], [ 782654.869583891704679, 8994617.07041266746819 ], [ 782655.004839365952648, 8994616.926582695916295 ], [ 782655.134963898686692, 8994616.778094615787268 ], [ 782655.259797176928259, 8994616.62513136304915 ], [ 782655.379185406723991, 8994616.467881387099624 ], [ 782655.492981502320617, 8994616.306538421660662 ], [ 782655.601045267423615, 8994616.141301238909364 ], [ 782655.703243567957543, 8994615.972373409196734 ], [ 782655.799450496095233, 8994615.799963051453233 ], [ 782655.889547525439411, 8994615.624282576143742 ], [ 782655.973423656774685, 8994615.445548420771956 ], [ 782656.050975555088371, 8994615.263980781659484 ], [ 782656.122107676812448, 8994615.079803353175521 ], [ 782656.186732387519442, 8994614.893243039026856 ], [ 782656.244770069839433, 8994614.70452968031168 ], [ 782656.296149221714586, 8994614.513895772397518 ], [ 782656.340806544059888, 8994614.321576176211238 ], [ 782656.378687019459903, 8994614.127807825803757 ], [ 782656.409743979224004, 8994613.932829443365335 ], [ 782656.433939161361195, 8994613.736881243065 ], [ 782656.451242757495493, 8994613.54020463116467 ], [ 782656.461633449769579, 8994613.34304191172123 ], [ 782656.46509843680542, 8994613.145635990425944 ] ] ] ] } },
{ "type": "Feature", "properties": { "LAYER": "_BM dan Cp", "GM_TYPE": "Unknown Area Type", "ELEVATION": 0 }, "geometry": { "type": "MultiPolygon", "coordinates": [ [ [ [ 782651.21509843680542, 8994613.145635990425944 ], [ 782651.212973986868747, 8994613.105775933712721 ], [ 782651.206624708021991, 8994613.066367506980896 ], [ 782651.196122539928183, 8994613.027857223525643 ], [ 782651.181586476624943, 8994612.990681421011686 ], [ 782651.163181217270903, 8994612.955261316150427 ], [ 782651.141115301055834, 8994612.921998230740428 ], [ 782651.115638743387535, 8994612.891269052401185 ], [ 782651.08704020397272, 8994612.863421952351928 ], [ 782651.055643715662882, 8994612.83877244964242 ], [ 782651.02180501318071, 8994612.817599833011627 ], [ 782650.985907502588816, 8994612.800143998116255 ], [ 782650.948357917019166, 8994612.786602726206183 ], [ 782650.909581708372571, 8994612.777129443362355 ], [ 782650.87001822644379, 8994612.771831488236785 ], [ 782650.830115741235204, 8994612.770768886432052 ], [ 782650.790326364105567, 8994612.7739536780864 ], [ 782650.751100924331695, 8994612.781349780037999 ], [ 782650.712883861968294, 8994612.79287339001894 ], [ 782650.676108191604726, 8994612.808393942192197 ], [ 782650.6411905962741, 8994612.827735580503941 ], [ 782650.608526706229895, 8994612.850679157301784 ], [ 782650.578486616373993, 8994612.876964712515473 ], [ 782650.551410692976788, 8994612.906294422224164 ], [ 782650.527605717186816, 8994612.938335966318846 ], [ 782650.507341408636421, 8994612.972726302221417 ], [ 782650.490847370238043, 8994613.009075773879886 ], [ 782650.478310485952534, 8994613.046972528100014 ], [ 782650.469872803776525, 8994613.085987178608775 ], [ 782650.465629925951362, 8994613.125677675008774 ], [ 782650.465629925951362, 8994613.165594305843115 ], [ 782650.469872803776525, 8994613.205284802243114 ], [ 782650.478310485952534, 8994613.244299452751875 ], [ 782650.490847370238043, 8994613.282196206972003 ], [ 782650.507341408636421, 8994613.318545678630471 ], [ 782650.527605717186816, 8994613.352936014533043 ], [ 782650.551410692976788, 8994613.384977558627725 ], [ 782650.578486616373993, 8994613.414307268336415 ], [ 782650.608526706229895, 8994613.440592823550105 ], [ 782650.6411905962741, 8994613.463536400347948 ], [ 782650.676108191604726, 8994613.482878038659692 ], [ 782650.712883861968294, 8994613.498398590832949 ], [ 782650.751100924331695, 8994613.50992220081389 ], [ 782650.790326364105567, 8994613.517318302765489 ], [ 782650.830115741235204, 8994613.520503094419837 ], [ 782650.87001822644379, 8994613.519440492615104 ], [ 782650.909581708372571, 8994613.514142537489533 ], [ 782650.948357917019166, 8994613.504669254645705 ], [ 782650.985907502588816, 8994613.491127982735634 ], [ 782651.02180501318071, 8994613.473672147840261 ], [ 782651.055643715662882, 8994613.452499531209469 ], [ 782651.08704020397272, 8994613.427850028499961 ], [ 782651.115638743387535, 8994613.400002928450704 ], [ 782651.141115301055834, 8994613.369273750111461 ], [ 782651.163181217270903, 8994613.336010664701462 ], [ 782651.181586476624943, 8994613.300590559840202 ], [ 782651.196122539928183, 8994613.263414757326245 ], [ 782651.206624708021991, 8994613.224904473870993 ], [ 782651.212973986868747, 8994613.185496047139168 ], [ 782651.21509843680542, 8994613.145635990425944 ] ] ] ] } }
]
}
