{
"type": "FeatureCollection",
"name": "batas_daerah_irigasi",
"crs": { "type": "name", "properties": { "name": "urn:ogc:def:crs:EPSG::32751" } },
"features": [
{ "type": "Feature", "properties": { "id": null, "Name": null, "description": "Unknown Area Type<BR><BR><B>GM_LAYER</B> = Unknown Area Type<BR><B>LAYER</B> = Unknown Area Type<BR><B>MAP_NAME</B> = AOI_DI<BR><B>fid</B> = 3<BR><B>SUCO_NAME</B> = PAULATA", "timestamp": null, "begin": null, "end": null, "altitudeMode": null, "tessellate": -1, "extrude": 0, "visibility": -1, "drawOrder": null, "icon": null }, "geometry": { "type": "Polygon", "coordinates": [ [ [ 778624.130483464454301, 8994433.808621808886528, 0.0 ], [ 778640.52938417904079, 8994532.158750161528587, 0.0 ], [ 778657.745772754540667, 8994593.990356687456369, 0.0 ], [ 778679.645763821783476, 8994725.551177874207497, 0.0 ], [ 778722.849636886385269, 8994903.400702783837914, 0.0 ], [ 778777.237616309663281, 8995000.433908605948091, 0.0 ], [ 778795.20041870046407, 8995048.96228202059865, 0.0 ], [ 778825.074772348860279, 8995120.731739033013582, 0.0 ], [ 778851.715738491853699, 8995210.149012332782149, 0.0 ], [ 778885.816393602406606, 8995286.216081272810698, 0.0 ], [ 778936.365654992638156, 8995434.252048036083579, 0.0 ], [ 778973.115475036436692, 8995529.086761008948088, 0.0 ], [ 778975.707501574186608, 8995659.727401059120893, 0.0 ], [ 778939.881904592504725, 8995817.127209432423115, 0.0 ], [ 778912.300252022221684, 8995953.361247889697552, 0.0 ], [ 778898.452156581450254, 8996013.299272844567895, 0.0 ], [ 778846.510515108238906, 8996146.431631989777088, 0.0 ], [ 778792.998349652858451, 8996295.089165192097425, 0.0 ], [ 778755.569741933606565, 8996463.581281183287501, 0.0 ], [ 778716.701574889011681, 8996666.383781477808952, 0.0 ], [ 778633.977381847798824, 8996838.463323256000876, 0.0 ], [ 778567.120070125674829, 8996999.350174222141504, 0.0 ], [ 778501.285801726859063, 8997066.299224682152271, 0.0 ], [ 778419.474606145638973, 8997128.821229431778193, 0.0 ], [ 778314.41949086333625, 8997228.021614957600832, 0.0 ], [ 778243.455805469769984, 8997281.602211864665151, 0.0 ], [ 778179.93763920199126, 8997319.722027875483036, 0.0 ], [ 778088.863263048697263, 8997377.87488267198205, 0.0 ], [ 777993.346654292196035, 8997400.70266486518085, 0.0 ], [ 777888.798194589326158, 8997452.299671424552798, 0.0 ], [ 777814.200250009540468, 8997466.116209076717496, 0.0 ], [ 777741.958597774850205, 8997456.6975959520787, 0.0 ], [ 777649.621281672036275, 8997453.961891647428274, 0.0 ], [ 777590.661375398281962, 8997423.448480006307364, 0.0 ], [ 777515.817323220893741, 8997401.805048003792763, 0.0 ], [ 777459.589954180642962, 8997402.195438982918859, 0.0 ], [ 777384.1683518900536, 8997418.233201047405601, 0.0 ], [ 777351.854338586330414, 8997437.240323666483164, 0.0 ], [ 777228.337343591731042, 8996396.823811175301671, 0.0 ], [ 777628.839109074673615, 8995082.732862615957856, 0.0 ], [ 777998.471809262642637, 8994686.763822035863996, 0.0 ], [ 778518.158075273269787, 8994448.971862817183137, 0.0 ], [ 778624.130483464454301, 8994433.808621808886528, 0.0 ] ] ] } },
{ "type": "Feature", "properties": { "id": null, "Name": null, "description": "Unknown Area Type<BR><BR><B>GM_LAYER</B> = Unknown Area Type<BR><B>LAYER</B> = Unknown Area Type<BR><B>MAP_NAME</B> = AOI_DI<BR><B>fid</B> = 1<BR><B>SUCO_NAME</B> = LUAN KADOE", "timestamp": null, "begin": null, "end": null, "altitudeMode": null, "tessellate": -1, "extrude": 0, "visibility": -1, "drawOrder": null, "icon": null }, "geometry": { "type": "Polygon", "coordinates": [ [ [ 780835.43200404883828, 8989056.210896417498589, 0.0 ], [ 780387.579664518823847, 8988909.514699200168252, 0.0 ], [ 779977.096487964503467, 8988781.283667534589767, 0.0 ], [ 779961.902384458808228, 8988795.129848591983318, 0.0 ], [ 779939.072440033662133, 8988737.292183769866824, 0.0 ], [ 779824.749003130011261, 8988470.341701889410615, 0.0 ], [ 779777.929383285809308, 8988375.474280463531613, 0.0 ], [ 779699.753312580287457, 8988236.606593830510974, 0.0 ], [ 779646.206237714155577, 8988139.570321477949619, 0.0 ], [ 779606.294780655764043, 8988072.305876441299915, 0.0 ], [ 779574.44578237796668, 8987958.546425025910139, 0.0 ], [ 779554.428937272168696, 8987856.840648122131824, 0.0 ], [ 779548.761974014109001, 8987767.276296354830265, 0.0 ], [ 779533.982780665159225, 8987694.346249874681234, 0.0 ], [ 779515.808761672233231, 8987615.952071478590369, 0.0 ], [ 779465.204248623456806, 8987460.214275937527418, 0.0 ], [ 779638.860350301954895, 8987041.181179560720921, 0.0 ], [ 780017.024581749225035, 8986551.437765726819634, 0.0 ], [ 780629.062398201553151, 8986228.628824913874269, 0.0 ], [ 781070.51146484457422, 8986787.497231692075729, 0.0 ], [ 781589.567207294050604, 8987786.05093377456069, 0.0 ], [ 781671.292151828412898, 8988806.449776595458388, 0.0 ], [ 780835.43200404883828, 8989056.210896417498589, 0.0 ] ] ] } },
{ "type": "Feature", "properties": { "id": null, "Name": null, "description": "Unknown Area Type<BR><BR><B>GM_LAYER</B> = Unknown Area Type<BR><B>LAYER</B> = Unknown Area Type<BR><B>MAP_NAME</B> = AOI_DI<BR><B>fid</B> = 1<BR><B>SUCO_NAME</B> = KAKEULAKU", "timestamp": null, "begin": null, "end": null, "altitudeMode": null, "tessellate": -1, "extrude": 0, "visibility": -1, "drawOrder": null, "icon": null }, "geometry": { "type": "Polygon", "coordinates": [ [ [ 778674.197341432794929, 8984755.512684237211943, 0.0 ], [ 778584.135653952369466, 8984595.726992607116699, 0.0 ], [ 778461.082258282694966, 8984397.44084832444787, 0.0 ], [ 778354.87873213342391, 8984208.956509010866284, 0.0 ], [ 778302.429787548258901, 8984028.852652125060558, 0.0 ], [ 778272.098744536400773, 8983891.86426648311317, 0.0 ], [ 778262.873632034519687, 8983773.513107629492879, 0.0 ], [ 778247.439986845594831, 8983607.607087722048163, 0.0 ], [ 778194.496839781757444, 8983476.266488447785378, 0.0 ], [ 778014.166572818765417, 8983245.139549622312188, 0.0 ], [ 777918.229824884794652, 8983084.339979434385896, 0.0 ], [ 777828.407295788405463, 8982957.692238695919514, 0.0 ], [ 777808.912836622446775, 8982810.601346725597978, 0.0 ], [ 777803.348602690268308, 8982735.3905288875103, 0.0 ], [ 777836.208549401955679, 8982398.696869190782309, 0.0 ], [ 777908.729810089804232, 8982094.968060452491045, 0.0 ], [ 777955.077440269174986, 8981886.620964720845222, 0.0 ], [ 777966.456609406741336, 8981716.093089237809181, 0.0 ], [ 777965.455839652568102, 8981574.465136583894491, 0.0 ], [ 777838.748371967580169, 8981451.456185644492507, 0.0 ], [ 777771.874690453289077, 8981366.652123272418976, 0.0 ], [ 777709.800494156661443, 8981248.674557786434889, 0.0 ], [ 777723.693866824381985, 8981196.54515984095633, 0.0 ], [ 777770.100382322678342, 8981115.479157410562038, 0.0 ], [ 777789.865679181646556, 8981063.308209678158164, 0.0 ], [ 777797.691340884543024, 8980983.570092970505357, 0.0 ], [ 777774.369236544938758, 8980888.537682453170419, 0.0 ], [ 777725.920775531674735, 8980799.276459936052561, 0.0 ], [ 777706.087017437675968, 8980723.005563164129853, 0.0 ], [ 777724.646235861466266, 8980618.917391775175929, 0.0 ], [ 777798.93701027543284, 8980566.360966965556145, 0.0 ], [ 777865.105445899534971, 8980551.539657922461629, 0.0 ], [ 777917.083399265771732, 8980546.739380199462175, 0.0 ], [ 777945.40084067825228, 8980517.726585989817977, 0.0 ], [ 777949.298017316032201, 8980475.693974716588855, 0.0 ], [ 777920.408806964405812, 8980423.866969911381602, 0.0 ], [ 777896.513970146887004, 8980366.516538498923182, 0.0 ], [ 777864.308284520287998, 8980320.201076973229647, 0.0 ], [ 777851.451517274137586, 8980281.55874896235764, 0.0 ], [ 777857.073431986849755, 8980246.163001084700227, 0.0 ], [ 777898.796588991070166, 8980214.839009867981076, 0.0 ], [ 777943.146015931270085, 8980199.010807458311319, 0.0 ], [ 777960.636460795998573, 8980181.156267071142793, 0.0 ], [ 777983.968236022046767, 8980158.933225888758898, 0.0 ], [ 777989.534703947603703, 8980115.727824714034796, 0.0 ], [ 777980.715218063327484, 8980054.893458826467395, 0.0 ], [ 777954.421084714005701, 8980014.129907852038741, 0.0 ], [ 777910.432768257334828, 8979962.409828800708055, 0.0 ], [ 777848.789977385778911, 8979905.326561946421862, 0.0 ], [ 777789.083374847308733, 8979884.746464718133211, 0.0 ], [ 777736.001028111204505, 8979851.87678287923336, 0.0 ], [ 777671.732455348595977, 8979779.297528989613056, 0.0 ], [ 777635.427926345961168, 8979746.414661269634962, 0.0 ], [ 777585.662471703835763, 8979708.033318318426609, 0.0 ], [ 777569.435015647439286, 8979667.198502954095602, 0.0 ], [ 777561.744452135404572, 8979647.30579655431211, 0.0 ], [ 777539.0092614130117, 8979635.2238844409585, 0.0 ], [ 777501.873609259957448, 8979603.402229888364673, 0.0 ], [ 777518.642897251760587, 8979602.2282810267061, 0.0 ], [ 777525.34538368077483, 8979601.019960526376963, 0.0 ], [ 777540.436996630975045, 8979599.857873121276498, 0.0 ], [ 777558.883216688875109, 8979598.566518921405077, 0.0 ], [ 777564.763291801558807, 8979599.68588356859982, 0.0 ], [ 777570.642610276117921, 8979600.699709862470627, 0.0 ], [ 777576.522686512907967, 8979601.819072926416993, 0.0 ], [ 777584.918521323939785, 8979602.815114725381136, 0.0 ], [ 777591.637437315192074, 8979603.928544368594885, 0.0 ], [ 777597.509306630236097, 8979603.887023515999317, 0.0 ], [ 777605.897680776193738, 8979603.827706560492516, 0.0 ], [ 777611.769550651311874, 8979603.786183567717671, 0.0 ], [ 777625.182747711893171, 8979602.530389359220862, 0.0 ], [ 777638.58848139771726, 8979600.219235576689243, 0.0 ], [ 777645.299179743044078, 8979600.171774975955486, 0.0 ], [ 777657.874296343885362, 8979599.027439270168543, 0.0 ], [ 777672.134544512024149, 8979598.926576903089881, 0.0 ], [ 777678.845244182739407, 8979598.87911050580442, 0.0 ], [ 777687.233632936608046, 8979598.819775791838765, 0.0 ], [ 777701.509561262326315, 8979600.935128754004836, 0.0 ], [ 777715.792958434787579, 8979604.105843318626285, 0.0 ], [ 777721.680511197308078, 8979606.280530201271176, 0.0 ], [ 777730.084571937099099, 8979608.437424337491393, 0.0 ], [ 777737.649794541997835, 8979610.600240435451269, 0.0 ], [ 777751.110799569869414, 8979616.098642867058516, 0.0 ], [ 777768.780920721124858, 8979623.678055416792631, 0.0 ], [ 777779.732884026714601, 8979630.249600388109684, 0.0 ], [ 777799.127747414866462, 8979644.465836213901639, 0.0 ], [ 777819.362224789103493, 8979658.781667863950133, 0.0 ], [ 777830.298513872316107, 8979663.136964697390795, 0.0 ], [ 777835.347244537784718, 8979665.31758588552475, 0.0 ], [ 777856.364572689519264, 8979671.712340766564012, 0.0 ], [ 777863.090978647116572, 8979673.88107455521822, 0.0 ], [ 777888.287588814273477, 8979678.135428387671709, 0.0 ], [ 777895.00652911933139, 8979679.248823074623942, 0.0 ], [ 777918.517249892815016, 8979682.354150854051113, 0.0 ], [ 777926.921348098199815, 8979684.510999066755176, 0.0 ], [ 777934.486616558628157, 8979686.673795068636537, 0.0 ], [ 777942.890717446105555, 8979688.830640349537134, 0.0 ], [ 777950.471678452566266, 8979693.20967441983521, 0.0 ], [ 777958.045158691937104, 8979696.533339513465762, 0.0 ], [ 777965.626123438123614, 8979700.912371501326561, 0.0 ], [ 777973.207079069921747, 8979705.291391488164663, 0.0 ], [ 777987.521944603300653, 8979712.894483622163534, 0.0 ], [ 777995.93354026414454, 8979716.106676992028952, 0.0 ], [ 778003.507030717795715, 8979719.430346585810184, 0.0 ], [ 778013.604536910075694, 8979723.791541878134012, 0.0 ], [ 778058.204472698038444, 8979743.422853479161859, 0.0 ], [ 778080.068963618716225, 8979750.972453778609633, 0.0 ], [ 778097.731778548797593, 8979757.496404523029923, 0.0 ], [ 778110.345833941129968, 8979761.839756157249212, 0.0 ], [ 778123.7987381023122, 8979766.177162569016218, 0.0 ], [ 778129.67812893295195, 8979767.190926775336266, 0.0 ], [ 778138.074792181025259, 8979768.292390640825033, 0.0 ], [ 778147.317788701504469, 8979770.443257570266724, 0.0 ], [ 778182.588151044677943, 8979775.681496310979128, 0.0 ], [ 778190.984820658224635, 8979776.782949764281511, 0.0 ], [ 778196.856740043964237, 8979776.741346191614866, 0.0 ], [ 778203.574971999740228, 8979777.749156922101974, 0.0 ], [ 778217.851042360183783, 8979779.864347245544195, 0.0 ], [ 778225.408881007693708, 8979780.971737621352077, 0.0 ], [ 778233.813033879734576, 8979783.128541437909007, 0.0 ], [ 778243.055297338753007, 8979785.173861159011722, 0.0 ], [ 778252.306525958236307, 8979788.485603218898177, 0.0 ], [ 778260.718162399018183, 8979791.697750113904476, 0.0 ], [ 778306.134036320261657, 8979808.051284043118358, 0.0 ], [ 778323.796928911469877, 8979814.575150195509195, 0.0 ], [ 778333.039957877481356, 8979816.725979102775455, 0.0 ], [ 778340.597053674515337, 8979817.72782307676971, 0.0 ], [ 778348.162390537909232, 8979819.890552412718534, 0.0 ], [ 778370.02702025801409, 8979827.44001772813499, 0.0 ], [ 778390.206494143232703, 8979833.946018643677235, 0.0 ], [ 778404.498326335684396, 8979838.277396656572819, 0.0 ], [ 778428.880289483000524, 8979845.914530534297228, 0.0 ], [ 778447.373849652009085, 8979851.271504586562514, 0.0 ], [ 778465.021095224074088, 8979855.579081572592258, 0.0 ], [ 778486.031227525323629, 8979860.918193787336349, 0.0 ], [ 778499.476754744187929, 8979864.200142163783312, 0.0 ], [ 778514.591750409919769, 8979866.309299122542143, 0.0 ], [ 778531.384448264492676, 8979868.40653957426548, 0.0 ], [ 778545.668087017256767, 8979871.576985498890281, 0.0 ], [ 778558.266543389996514, 8979873.703978002071381, 0.0 ], [ 778564.15421398030594, 8979875.878573006018996, 0.0 ], [ 778589.359372939448804, 8979881.293421341106296, 0.0 ], [ 778600.28762546100188, 8979884.487654590979218, 0.0 ], [ 778609.523215281544253, 8979885.583076540380716, 0.0 ], [ 778623.822599055594765, 8979890.969747938215733, 0.0 ], [ 778630.541629679501057, 8979892.083021210506558, 0.0 ], [ 778634.751608359394595, 8979894.269511459395289, 0.0 ], [ 778641.46990247326903, 8979895.277244636788964, 0.0 ], [ 778650.705487585626543, 8979896.372657982632518, 0.0 ], [ 778668.328834177693352, 8979897.303014742210507, 0.0 ], [ 778681.750438905204646, 8979897.207767523825169, 0.0 ], [ 778685.944694065721706, 8979897.178001800552011, 0.0 ], [ 778692.662981406087056, 8979898.18572679720819, 0.0 ], [ 778703.583775502629578, 8979900.324583688750863, 0.0 ], [ 778728.773262553149834, 8979903.523099988698959, 0.0 ], [ 778737.161766070639715, 8979903.463558485731483, 0.0 ], [ 778749.752030122093856, 8979904.429605221375823, 0.0 ], [ 778755.632220858940855, 8979905.548813194036484, 0.0 ], [ 778762.350525664864108, 8979906.556527072563767, 0.0 ], [ 778778.320164389093406, 8979910.875888843089342, 0.0 ], [ 778794.274073984008282, 8979912.9789810013026, 0.0 ], [ 778802.670825274428353, 8979914.080316323786974, 0.0 ], [ 778809.381642071180977, 8979914.032671052962542, 0.0 ], [ 778816.931300333701074, 8979913.979068828746676, 0.0 ], [ 778825.327315533766523, 8979914.974872015416622, 0.0 ], [ 778833.708333505317569, 8979913.85994746722281, 0.0 ], [ 778840.426645460072905, 8979914.86765999533236, 0.0 ], [ 778847.137453144881874, 8979914.82000838406384, 0.0 ], [ 778851.347452316316776, 8979917.006468275561929, 0.0 ], [ 778859.744209504220635, 8979918.107803139835596, 0.0 ], [ 778879.045301878359169, 8979919.026144763454795, 0.0 ], [ 778885.756123056984507, 8979918.978486662730575, 0.0 ], [ 778891.628080842667259, 8979918.936784958466887, 0.0 ], [ 778907.566271987045184, 8979918.823590049520135, 0.0 ], [ 778917.63250579778105, 8979918.752095136791468, 0.0 ], [ 778926.029269063612446, 8979919.853405384346843, 0.0 ], [ 778933.586441736319102, 8979920.855144714936614, 0.0 ], [ 778947.862674840027466, 8979922.970094528049231, 0.0 ], [ 778957.098294802010059, 8979924.065439969301224, 0.0 ], [ 778972.213386062881909, 8979926.174433834850788, 0.0 ], [ 778984.803672956535593, 8979927.140408910810947, 0.0 ], [ 778994.031060799024999, 8979927.07485437579453, 0.0 ], [ 779004.105539543437771, 8979928.164229778572917, 0.0 ], [ 779013.340416084509343, 8979929.154024114832282, 0.0 ], [ 779020.059493471635506, 8979930.267235483974218, 0.0 ], [ 779059.524586175801232, 8979935.474956756457686, 0.0 ], [ 779067.081772205303423, 8979936.476661093533039, 0.0 ], [ 779072.114896833198145, 8979936.440894115716219, 0.0 ], [ 779088.891969156917185, 8979936.321666264906526, 0.0 ], [ 779095.602792016696185, 8979936.273973159492016, 0.0 ], [ 779101.474771891022101, 8979936.232240678742528, 0.0 ], [ 779112.3881180009339, 8979937.315638996660709, 0.0 ], [ 779119.953559689223766, 8979939.478226374834776, 0.0 ], [ 779126.671885792748071, 8979940.485893234610558, 0.0 ], [ 779133.390973630943336, 8979941.599086627364159, 0.0 ], [ 779151.853255477501079, 8979942.523261751979589, 0.0 ], [ 779176.195788414916024, 8979944.566589241847396, 0.0 ], [ 779185.423181555233896, 8979944.500990893691778, 0.0 ], [ 779193.819984536385164, 8979945.602247389033437, 0.0 ], [ 779208.088012886815704, 8979946.55621550232172, 0.0 ], [ 779231.575936186360195, 8979946.389214808121324, 0.0 ], [ 779252.547308049630374, 8979946.240095080807805, 0.0 ], [ 779265.977239108644426, 8979947.305557534098625, 0.0 ], [ 779271.849227544502355, 8979947.263800010085106, 0.0 ], [ 779287.787472043652087, 8979947.150453802198172, 0.0 ], [ 779303.725718249334022, 8979947.037101106718183, 0.0 ], [ 779321.333409622893669, 8979945.750903699547052, 0.0 ], [ 779332.231028251233511, 8979944.617982292547822, 0.0 ], [ 779350.677588099380955, 8979943.325815437361598, 0.0 ], [ 779356.542060954496264, 8979942.228678395971656, 0.0 ], [ 779379.159627107321285, 8979937.635043518617749, 0.0 ], [ 779388.371264212299138, 8979935.353146245703101, 0.0 ], [ 779400.922556297038682, 8979930.831100517883897, 0.0 ], [ 779415.144049262395129, 8979925.241767756640911, 0.0 ], [ 779448.635181512217969, 8979916.137969072908163, 0.0 ], [ 779455.337767348624766, 8979914.929318066686392, 0.0 ], [ 779461.186465346487239, 8979911.615911582484841, 0.0 ], [ 779471.236963290721178, 8979909.328011073172092, 0.0 ], [ 779478.770882262848318, 8979907.058029137551785, 0.0 ], [ 779506.421556720277295, 8979902.428490711376071, 0.0 ], [ 779513.95548502530437, 8979900.158489970490336, 0.0 ], [ 779520.65805809921585, 8979898.949826611205935, 0.0 ], [ 779527.361393239349127, 8979897.846689864993095, 0.0 ], [ 779534.063977124751545, 8979896.638023920357227, 0.0 ], [ 779536.573021449614316, 8979895.564752954989672, 0.0 ], [ 779539.073812686139718, 8979893.330574611201882, 0.0 ], [ 779545.761370233958587, 8979890.011181166395545, 0.0 ], [ 779552.448164568049833, 8979886.586247319355607, 0.0 ], [ 779556.626666163094342, 8979884.340134905651212, 0.0 ], [ 779559.135720311896876, 8979883.266850968822837, 0.0 ], [ 779561.589175439439714, 8979874.383899334818125, 0.0 ], [ 779561.565132482210174, 8979871.006738636642694, 0.0 ], [ 779562.356653119320981, 8979864.351984158158302, 0.0 ], [ 779564.841662352671847, 8979859.901549730449915, 0.0 ], [ 779565.641435716766864, 8979854.407691281288862, 0.0 ], [ 779569.765082122641616, 8979844.457436241209507, 0.0 ], [ 779570.572378764627501, 8979840.018934562802315, 0.0 ], [ 779572.162926339777187, 8979827.764792108908296, 0.0 ], [ 779572.115587719716132, 8979821.116009131073952, 0.0 ], [ 779573.73844346916303, 8979813.399923577904701, 0.0 ], [ 779576.207666688598692, 8979806.733222335577011, 0.0 ], [ 779578.700934921274893, 8979803.443681882694364, 0.0 ], [ 779582.032294391770847, 8979800.042629279196262, 0.0 ], [ 779587.033857856877148, 8979795.574272714555264, 0.0 ], [ 779590.373493275837973, 8979793.334126491099596, 0.0 ], [ 779594.551982315257192, 8979791.08799559250474, 0.0 ], [ 779599.585095649934374, 8979791.052155984565616, 0.0 ], [ 779605.472856203326955, 8979793.226607408374548, 0.0 ], [ 779608.844054873567075, 8979795.418967662379146, 0.0 ], [ 779612.20772765786387, 8979796.555970225483179, 0.0 ], [ 779617.264151271898299, 8979799.791751461103559, 0.0 ], [ 779618.965909599792212, 8979803.156966211274266, 0.0 ], [ 779619.843844598741271, 8979808.638880977407098, 0.0 ], [ 779623.230828134808689, 8979813.047506015747786, 0.0 ], [ 779623.278175796265714, 8979819.69629130512476, 0.0 ], [ 779624.994966074940749, 8979825.172232519835234, 0.0 ], [ 779625.865386050194502, 8979829.59877872467041, 0.0 ], [ 779628.405989914550446, 8979832.958019983023405, 0.0 ], [ 779631.800491467118263, 8979838.422002762556076, 0.0 ], [ 779632.647613864159212, 8979839.576925801113248, 0.0 ], [ 779636.026333627291024, 8979842.824653962627053, 0.0 ], [ 779637.712311731651425, 8979843.973614199087024, 0.0 ], [ 779647.794349569128826, 8979846.118181589990854, 0.0 ], [ 779653.67385450261645, 8979847.131731744855642, 0.0 ], [ 779655.351565676741302, 8979847.119783377274871, 0.0 ], [ 779662.05488320114091, 8979846.01662028580904, 0.0 ], [ 779672.928425657562912, 8979841.506431009620428, 0.0 ], [ 779686.326060950406827, 8979838.033671358600259, 0.0 ], [ 779692.190521948039532, 8979836.936488447710872, 0.0 ], [ 779695.545944335171953, 8979836.91258811019361, 0.0 ], [ 779696.392317217425443, 8979837.961971141397953, 0.0 ], [ 779698.924670633510686, 8979840.160312220454216, 0.0 ], [ 779698.940457016695291, 8979842.376567712053657, 0.0 ], [ 779699.803368302294984, 8979845.747756427153945, 0.0 ], [ 779700.688831605017185, 8979852.285030778497458, 0.0 ], [ 779699.874030949547887, 8979855.668169783428311, 0.0 ], [ 779699.889817221090198, 8979857.884436337277293, 0.0 ], [ 779699.913120653713122, 8979861.156061066314578, 0.0 ], [ 779703.324162222445011, 8979868.941846771165729, 0.0 ], [ 779705.025178504758514, 8979872.20152135938406, 0.0 ], [ 779710.113945750403218, 8979879.975356709212065, 0.0 ], [ 779727.895315064699389, 8979903.067857475951314, 0.0 ], [ 779737.17761425790377, 8979910.706286363303661, 0.0 ], [ 779749.008828942896798, 8979922.864838130772114, 0.0 ], [ 779760.04779501084704, 8979941.572616145014763, 0.0 ], [ 779772.756968860281631, 8979959.2130830232054, 0.0 ], [ 779777.837487900163978, 8979965.826018109917641, 0.0 ], [ 779782.125753678614274, 8979978.988181991502643, 0.0 ], [ 779785.521038971142843, 8979984.557699531316757, 0.0 ], [ 779798.206174655817449, 8979998.82099880091846, 0.0 ], [ 779803.279183129779994, 8980004.378563117235899, 0.0 ], [ 779842.981545090675354, 8980042.829507943242788, 0.0 ], [ 779851.43256919446867, 8980051.529260493814945, 0.0 ], [ 779858.183303279336542, 8980057.07486717402935, 0.0 ], [ 779865.764639601693489, 8980061.45359717682004, 0.0 ], [ 779877.571860554860905, 8980070.234976060688496, 0.0 ], [ 779883.482999150874093, 8980075.681018501520157, 0.0 ], [ 779890.225469790864736, 8980080.065734352916479, 0.0 ], [ 779906.25032884767279, 8980092.088836109265685, 0.0 ], [ 779928.171305938158184, 8980107.447253273800015, 0.0 ], [ 779942.503419933840632, 8980117.371583597734571, 0.0 ], [ 779949.253438727231696, 8980122.811652719974518, 0.0 ], [ 779965.255017034593038, 8980131.563109649345279, 0.0 ], [ 779973.682758204406127, 8980136.991217818111181, 0.0 ], [ 779979.58639892260544, 8980141.381891958415508, 0.0 ], [ 779991.401948881801218, 8980151.324149211868644, 0.0 ], [ 780009.966788557358086, 8980166.600917005911469, 0.0 ], [ 780017.556432337267324, 8980172.140527570620179, 0.0 ], [ 780028.509061427786946, 8980178.711587779223919, 0.0 ], [ 780032.726709427544847, 8980181.953317891806364, 0.0 ], [ 780049.607079266221263, 8980196.292214348912239, 0.0 ], [ 780056.348851753864437, 8980200.571372676640749, 0.0 ], [ 780061.421912862220779, 8980206.12892023101449, 0.0 ], [ 780068.18024245055858, 8980212.729877341538668, 0.0 ], [ 780082.543288356391713, 8980226.981169546023011, 0.0 ], [ 780096.044150464003906, 8980237.966807674616575, 0.0 ], [ 780107.843205940676853, 8980245.587233716621995, 0.0 ], [ 780120.489411732414737, 8980254.362587122246623, 0.0 ], [ 780148.298455391312018, 8980271.895317295566201, 0.0 ], [ 780160.936401511076838, 8980279.509761644527316, 0.0 ], [ 780174.421500608557835, 8980288.279110243543983, 0.0 ], [ 780183.696458418853581, 8980294.86210816167295, 0.0 ], [ 780201.407526614842936, 8980308.034083038568497, 0.0 ], [ 780209.004767735721543, 8980314.629032557830215, 0.0 ], [ 780213.222436387091875, 8980317.870751198381186, 0.0 ], [ 780228.385301258647814, 8980326.628132242709398, 0.0 ], [ 780241.870445998269133, 8980335.397465934976935, 0.0 ], [ 780262.937023673555814, 8980348.545487765222788, 0.0 ], [ 780274.728623566450551, 8980355.110519146546721, 0.0 ], [ 780295.786954353796318, 8980367.097616268321872, 0.0 ], [ 780305.046142967999913, 8980371.464320831000805, 0.0 ], [ 780318.523794716806151, 8980379.178274566307664, 0.0 ], [ 780334.541398828849196, 8980390.145906466990709, 0.0 ], [ 780338.75908790086396, 8980393.387616554275155, 0.0 ], [ 780344.654531385516748, 8980396.617354851216078, 0.0 ], [ 780362.349894887534901, 8980407.573018936440349, 0.0 ], [ 780380.045269517926499, 8980418.528666622936726, 0.0 ], [ 780396.885966395377181, 8980427.274019246920943, 0.0 ], [ 780411.201769261155277, 8980434.876424964517355, 0.0 ], [ 780419.622119389474392, 8980439.249097160995007, 0.0 ], [ 780439.849966664332896, 8980452.403041873127222, 0.0 ], [ 780444.914832007838413, 8980456.799660060554743, 0.0 ], [ 780446.608397389529273, 8980459.003962080925703, 0.0 ], [ 780452.512148759094998, 8980463.394592098891735, 0.0 ], [ 780465.158518507843837, 8980472.169873805716634, 0.0 ], [ 780471.908681390108541, 8980477.60987750813365, 0.0 ], [ 780478.659588697715662, 8980483.155431354418397, 0.0 ], [ 780484.563347837654874, 8980487.546058474108577, 0.0 ], [ 780492.983720109914429, 8980491.918720155954361, 0.0 ], [ 780504.782958828262053, 8980499.539067832753062, 0.0 ], [ 780523.317288880236447, 8980510.488684253767133, 0.0 ], [ 780532.584092654520646, 8980515.910725828260183, 0.0 ], [ 780546.908251404529437, 8980524.674001386389136, 0.0 ], [ 780557.01468074019067, 8980530.195589469745755, 0.0 ], [ 780569.645275763701648, 8980536.754570633172989, 0.0 ], [ 780575.533230276312679, 8980538.928909983485937, 0.0 ], [ 780583.953627464594319, 8980543.301557844504714, 0.0 ], [ 780597.438192415516824, 8980551.965281914919615, 0.0 ], [ 780607.552174745360389, 8980558.54222510010004, 0.0 ], [ 780618.505037400173023, 8980565.113175986334682, 0.0 ], [ 780624.401290888199583, 8980568.448414072394371, 0.0 ], [ 780633.660578678129241, 8980572.815074805170298, 0.0 ], [ 780661.446005629608408, 8980586.97038970887661, 0.0 ], [ 780678.30268996511586, 8980597.931938350200653, 0.0 ], [ 780691.78804279002361, 8980606.701169455423951, 0.0 ], [ 780709.483624279731885, 8980617.65671736933291, 0.0 ], [ 780729.71922386798542, 8980631.865928525105119, 0.0 ], [ 780741.526844886364415, 8980640.647144865244627, 0.0 ], [ 780755.866942269029096, 8980651.626650480553508, 0.0 ], [ 780761.770763871492818, 8980656.017250986769795, 0.0 ], [ 780778.626758207450621, 8980666.873232118785381, 0.0 ], [ 780795.475976573652588, 8980676.779382800683379, 0.0 ], [ 780805.597573084989563, 8980684.411658136174083, 0.0 ], [ 780818.23656915826723, 8980692.131489479914308, 0.0 ], [ 780834.246176355518401, 8980701.938083281740546, 0.0 ], [ 780840.988896779948846, 8980706.322681840509176, 0.0 ], [ 780846.053845940507017, 8980710.719269001856446, 0.0 ], [ 780864.595951690571383, 8980722.72415367513895, 0.0 ], [ 780880.62972168950364, 8980735.90792447887361, 0.0 ], [ 780898.341267094248906, 8980749.079689541831613, 0.0 ], [ 780910.995392926735803, 8980758.910245317965746, 0.0 ], [ 780923.641982167260721, 8980767.685421178117394, 0.0 ], [ 780934.602525024674833, 8980775.31169124878943, 0.0 ], [ 780951.467682128539309, 8980787.434071324765682, 0.0 ], [ 780959.895733017707244, 8980792.862041916698217, 0.0 ], [ 780969.163424452068284, 8980798.389543525874615, 0.0 ], [ 780985.173122086562216, 8980808.196097506210208, 0.0 ], [ 780989.39168470306322, 8980811.543303985148668, 0.0 ], [ 780999.489216023590416, 8980815.798356644809246, 0.0 ], [ 781007.086707737063989, 8980822.393224751576781, 0.0 ], [ 781016.361960060312413, 8980828.976097043603659, 0.0 ], [ 781021.41941249393858, 8980832.31729276292026, 0.0 ], [ 781024.80664214596618, 8980836.725872803479433, 0.0 ], [ 781044.21115170349367, 8980851.996347507461905, 0.0 ], [ 781053.486418241634965, 8980858.579214558005333, 0.0 ], [ 781085.514980410691351, 8980879.458721557632089, 0.0 ], [ 781095.629147829255089, 8980886.035572458058596, 0.0 ], [ 781103.210067215142772, 8980890.308614341542125, 0.0 ], [ 781111.638920775381848, 8980895.84209293872118, 0.0 ], [ 781116.688089522533119, 8980898.022384058684111, 0.0 ], [ 781120.898372356779873, 8980900.208674073219299, 0.0 ], [ 781126.802268357365392, 8980904.599240684881806, 0.0 ], [ 781145.360422203550115, 8980918.820316394791007, 0.0 ], [ 781161.378527515335009, 8980929.787731738761067, 0.0 ], [ 781167.282444217242301, 8980934.178294584155083, 0.0 ], [ 781173.170499056344852, 8980936.35258050635457, 0.0 ], [ 781179.058565677609295, 8980938.526854580268264, 0.0 ], [ 781187.479138870025054, 8980942.899414137005806, 0.0 ], [ 781196.738613441237248, 8980947.265982657670975, 0.0 ], [ 781202.634222292341292, 8980950.495633512735367, 0.0 ], [ 781216.128145221620798, 8980960.425657011568546, 0.0 ], [ 781230.476064414600842, 8980972.460435641929507, 0.0 ], [ 781237.218885698821396, 8980976.844990476965904, 0.0 ], [ 781243.969259010860696, 8980982.284924276173115, 0.0 ], [ 781265.052462589461356, 8980997.648869249969721, 0.0 ], [ 781281.078191734733991, 8981009.671622268855572, 0.0 ], [ 781291.208301963284612, 8981018.464740805327892, 0.0 ], [ 781298.81418327242136, 8981026.220485338941216, 0.0 ], [ 781305.557022939436138, 8981030.60503295622766, 0.0 ], [ 781318.211357482010499, 8981040.435509026050568, 0.0 ], [ 781337.600994591368362, 8981053.595146540552378, 0.0 ], [ 781342.66605075658299, 8981057.991707503795624, 0.0 ], [ 781346.045028537977487, 8981061.239353904500604, 0.0 ], [ 781357.868800773750991, 8981072.236735416576266, 0.0 ], [ 781365.466409067856148, 8981078.831563487648964, 0.0 ], [ 781371.362810689490288, 8981082.166727250441909, 0.0 ], [ 781375.580685091670603, 8981085.40836863219738, 0.0 ], [ 781379.798560235765763, 8981088.650009747594595, 0.0 ], [ 781396.671568006277084, 8981101.8276521936059, 0.0 ], [ 781405.10807091370225, 8981108.416471872478724, 0.0 ], [ 781416.077118765795603, 8981117.203557208180428, 0.0 ], [ 781421.142203665571287, 8981121.600112497806549, 0.0 ], [ 781426.207289656042121, 8981125.996656371280551, 0.0 ], [ 781430.425173877738416, 8981129.238294331356883, 0.0 ], [ 781433.80490988958627, 8981132.591477135196328, 0.0 ], [ 781471.760596814565361, 8981161.027444938197732, 0.0 ], [ 781475.979244618560188, 8981164.374620359390974, 0.0 ], [ 781481.899092327803373, 8981170.98143570125103, 0.0 ], [ 781485.278091965126805, 8981174.229075772687793, 0.0 ], [ 781503.037671948317438, 8981194.049551950767636, 0.0 ], [ 781514.845663053682074, 8981202.830616131424904, 0.0 ], [ 781521.60442948457785, 8981209.431433735415339, 0.0 ], [ 781525.822320395498537, 8981212.673066020011902, 0.0 ], [ 781535.106089885579422, 8981220.416774656623602, 0.0 ], [ 781542.719616530928761, 8981229.227876879274845, 0.0 ], [ 781553.703856114996597, 8981240.125693459063768, 0.0 ], [ 781557.083612391725183, 8981243.478870982304215, 0.0 ], [ 781565.520186239969917, 8981250.067660354077816, 0.0 ], [ 781570.576982259750366, 8981253.303283136337996, 0.0 ], [ 781579.844900673255324, 8981258.830703848972917, 0.0 ], [ 781595.854974407935515, 8981268.637100147083402, 0.0 ], [ 781605.969345249934122, 8981275.213880458846688, 0.0 ], [ 781610.187262127292342, 8981278.455507356673479, 0.0 ], [ 781614.40593549166806, 8981281.802663357928395, 0.0 ], [ 781621.156408238923177, 8981287.242560340091586, 0.0 ], [ 781626.229853803524747, 8981292.800001764670014, 0.0 ], [ 781634.658126431633718, 8981298.227881629019976, 0.0 ], [ 781642.264143189648166, 8981305.983592003583908, 0.0 ], [ 781654.071447626920417, 8981314.659102261066437, 0.0 ], [ 781670.089882083237171, 8981325.626391408964992, 0.0 ], [ 781672.63076823449228, 8981328.985561056062579, 0.0 ], [ 781689.495673591387458, 8981341.002219375222921, 0.0 ], [ 781699.610081939725205, 8981347.578984785825014, 0.0 ], [ 781713.926552973454818, 8981355.181073581799865, 0.0 ], [ 781722.355620803777128, 8981360.714470848441124, 0.0 ], [ 781725.734646844444796, 8981363.962099960073829, 0.0 ], [ 781731.638701494783163, 8981368.35262337513268, 0.0 ], [ 781740.091202191077173, 8981377.157685976475477, 0.0 ], [ 781745.156359976157546, 8981381.554207038134336, 0.0 ], [ 781754.440217374591157, 8981389.297886058688164, 0.0 ], [ 781767.086476694443263, 8981397.967365685850382, 0.0 ], [ 781775.531430563190952, 8981405.717052215710282, 0.0 ], [ 781781.435497703030705, 8981410.107560249045491, 0.0 ], [ 781786.500653780996799, 8981414.504078429192305, 0.0 ], [ 781793.243625339469872, 8981418.888585859909654, 0.0 ], [ 781799.147696752101183, 8981423.279092293232679, 0.0 ], [ 781803.365636699600145, 8981426.520707052201033, 0.0 ], [ 781812.641199089237489, 8981433.103465151041746, 0.0 ], [ 781825.295806430513039, 8981442.93384644575417, 0.0 ], [ 781831.208204393973574, 8981448.485263206064701, 0.0 ], [ 781835.42615004745312, 8981451.726875955238938, 0.0 ], [ 781839.652426420594566, 8981456.129401637241244, 0.0 ], [ 781845.556509349495173, 8981460.519903982058167, 0.0 ], [ 781855.686862425762229, 8981469.312941752374172, 0.0 ], [ 781865.80890054255724, 8981476.945053581148386, 0.0 ], [ 781873.406680001411587, 8981483.539827054366469, 0.0 ], [ 781884.368385774898343, 8981491.271464617922902, 0.0 ], [ 781894.482872103573754, 8981497.848199006170034, 0.0 ], [ 781903.766033159103245, 8981505.486317325383425, 0.0 ], [ 781910.516589258098975, 8981510.926185589283705, 0.0 ], [ 781915.581785127520561, 8981515.322694381698966, 0.0 ], [ 781939.229961134842597, 8981537.31727053783834, 0.0 ], [ 781951.892959024524316, 8981548.308542627841234, 0.0 ], [ 781958.635964500717819, 8981552.69302180595696, 0.0 ], [ 781965.37898265500553, 8981557.077500153332949, 0.0 ], [ 781976.339973493479192, 8981564.703592797741294, 0.0 ], [ 781980.558712653582916, 8981568.050726052373648, 0.0 ], [ 781997.432152998284437, 8981581.228219419717789, 0.0 ], [ 782008.384834983153269, 8981587.693380996584892, 0.0 ], [ 782011.772239514160901, 8981592.101911505684257, 0.0 ], [ 782016.829891791101545, 8981595.443039178848267, 0.0 ], [ 782021.056193709257059, 8981599.845554959028959, 0.0 ], [ 782032.033110278658569, 8981609.687926806509495, 0.0 ], [ 782053.117005318519659, 8981625.051621476188302, 0.0 ], [ 782067.449557931977324, 8981634.869927423074841, 0.0 ], [ 782075.878745327936485, 8981640.403289392590523, 0.0 ], [ 782090.227203115588054, 8981652.437879616394639, 0.0 ], [ 782096.131336664431728, 8981656.828359803184867, 0.0 ], [ 782111.302822450990789, 8981666.640640025958419, 0.0 ], [ 782133.209810007363558, 8981679.782002044841647, 0.0 ], [ 782140.791772004566155, 8981684.160445056855679, 0.0 ], [ 782161.84397626365535, 8981695.091511258855462, 0.0 ], [ 782166.901657399255782, 8981698.432626621797681, 0.0 ], [ 782184.637603081995621, 8981714.875731449574232, 0.0 ], [ 782190.541758488398045, 8981719.266202813014388, 0.0 ], [ 782208.277723823906854, 8981735.70929105207324, 0.0 ], [ 782212.495746806846, 8981738.950879853218794, 0.0 ], [ 782226.829145838040859, 8981748.874690411612391, 0.0 ], [ 782241.170124005060643, 8981759.853873115032911, 0.0 ], [ 782247.074304387439042, 8981764.244339413940907, 0.0 ], [ 782253.817387053975835, 8981768.62879784218967, 0.0 ], [ 782279.942514709895477, 8981785.011681998148561, 0.0 ], [ 782286.693188665900379, 8981790.451512394472957, 0.0 ], [ 782293.436292215250432, 8981794.835955284535885, 0.0 ], [ 782300.179386454634368, 8981799.220397504046559, 0.0 ], [ 782312.826678091660142, 8981807.995310204103589, 0.0 ], [ 782335.572742748539895, 8981821.130568336695433, 0.0 ], [ 782348.267764281714335, 8981836.554375560954213, 0.0 ], [ 782361.785804363433272, 8981849.755845442414284, 0.0 ], [ 782371.908053639577702, 8981857.387879585847259, 0.0 ], [ 782376.973351176129654, 8981861.784365754574537, 0.0 ], [ 782382.86923281243071, 8981865.013902494683862, 0.0 ], [ 782389.604776669526473, 8981868.342947790399194, 0.0 ], [ 782404.768858979339711, 8981877.099779913201928, 0.0 ], [ 782412.350908526568674, 8981881.478188894689083, 0.0 ], [ 782421.61835469014477, 8981886.899941939860582, 0.0 ], [ 782429.200408595614135, 8981891.278348691761494, 0.0 ], [ 782436.790028925752267, 8981896.712142346426845, 0.0 ], [ 782461.238272863789462, 8981913.212533533573151, 0.0 ], [ 782468.836236404255033, 8981919.807241333648562, 0.0 ], [ 782482.337681058095768, 8981930.686852077022195, 0.0 ], [ 782494.146157650044188, 8981939.467751052230597, 0.0 ], [ 782503.43787760916166, 8981948.26670528575778, 0.0 ], [ 782511.0358555696439, 8981954.861408639699221, 0.0 ], [ 782515.254688577842899, 8981958.208519028499722, 0.0 ], [ 782531.272913659922779, 8981969.070051178336143, 0.0 ], [ 782548.978077929001302, 8981981.185991795733571, 0.0 ], [ 782567.545665019191802, 8981996.56758863851428, 0.0 ], [ 782588.629255324136466, 8982011.825578104704618, 0.0 ], [ 782595.380774436285719, 8982017.370907455682755, 0.0 ], [ 782616.449241080088541, 8982030.518120780587196, 0.0 ], [ 782632.45994975103531, 8982040.32424907758832, 0.0 ], [ 782640.042052130913362, 8982044.702629579231143, 0.0 ], [ 782649.302007622318342, 8982049.068958461284637, 0.0 ], [ 782678.759708406636491, 8982062.155894976109266, 0.0 ], [ 782692.23776778858155, 8982069.763774629682302, 0.0 ], [ 782707.410354208434001, 8982079.681449064984918, 0.0 ], [ 782712.474953510565683, 8982083.972357617691159, 0.0 ], [ 782721.750851199962199, 8982090.554983841255307, 0.0 ], [ 782730.187819705111906, 8982097.143635531887412, 0.0 ], [ 782734.406689686700702, 8982100.490731542930007, 0.0 ], [ 782769.831708402023651, 8982126.72771848924458, 0.0 ], [ 782782.487572344136424, 8982136.663457110524178, 0.0 ], [ 782790.908637860557064, 8982141.035790478810668, 0.0 ], [ 782826.317811179207638, 8982165.056446388363838, 0.0 ], [ 782849.935069721308537, 8982182.618104010820389, 0.0 ], [ 782855.831808885326609, 8982185.953123578801751, 0.0 ], [ 782870.164807521272451, 8982195.771245980635285, 0.0 ], [ 782880.271344155538827, 8982201.18689882569015, 0.0 ], [ 782884.490229004994035, 8982204.533985259011388, 0.0 ], [ 782896.306467941147275, 8982214.370189812034369, 0.0 ], [ 782915.705660034902394, 8982228.690267832949758, 0.0 ], [ 782922.448924919823185, 8982233.074653116986156, 0.0 ], [ 782938.467398770153522, 8982243.93607997149229, 0.0 ], [ 782947.735781652852893, 8982249.463282007724047, 0.0 ], [ 782970.498306393157691, 8982264.814623577520251, 0.0 ], [ 782979.774287076434121, 8982271.397201104089618, 0.0 ], [ 783000.858226491604, 8982286.655052369460464, 0.0 ], [ 783008.456363615114242, 8982293.249699622392654, 0.0 ], [ 783012.6669351242017, 8982295.435844652354717, 0.0 ], [ 783029.525151203619316, 8982306.396757878363132, 0.0 ], [ 783034.590589182684198, 8982310.793194647878408, 0.0 ], [ 783048.923687030561268, 8982320.611265167593956, 0.0 ], [ 783053.989118249388412, 8982325.007700594142079, 0.0 ], [ 783065.806211083428934, 8982334.949405651539564, 0.0 ], [ 783086.052042484050617, 8982350.318792277947068, 0.0 ], [ 783108.829870315501466, 8982367.780857935547829, 0.0 ], [ 783118.944832327077165, 8982374.35738224722445, 0.0 ], [ 783129.059798209462315, 8982380.933915939182043, 0.0 ], [ 783141.707509728497826, 8982389.708662286400795, 0.0 ], [ 783161.090181756997481, 8982401.706820318475366, 0.0 ], [ 783177.101971667958423, 8982411.618345992639661, 0.0 ], [ 783186.369688315317035, 8982417.03996997885406, 0.0 ], [ 783193.951942778192461, 8982421.418291116133332, 0.0 ], [ 783201.542561209760606, 8982426.957523636519909, 0.0 ], [ 783207.44619743002113, 8982431.242360159754753, 0.0 ], [ 783229.346481386106461, 8982443.327943364158273, 0.0 ], [ 783240.308012905297801, 8982450.953805223107338, 0.0 ], [ 783254.633630943251774, 8982459.716446090489626, 0.0 ], [ 783276.557490146718919, 8982475.07371149212122, 0.0 ], [ 783290.883127177366987, 8982483.836343728005886, 0.0 ], [ 782535.300136870704591, 8983037.336066735908389, 0.0 ], [ 781923.594569909851998, 8983397.658337544649839, 0.0 ], [ 781236.621972140157595, 8983646.103508168831468, 0.0 ], [ 780733.04778851789888, 8983509.191947085782886, 0.0 ], [ 780245.960506018600427, 8983072.422572892159224, 0.0 ], [ 779630.853075892198831, 8982955.026717266067863, 0.0 ], [ 779219.419545865850523, 8983997.643925536423922, 0.0 ], [ 778674.197341432794929, 8984755.512684237211943, 0.0 ] ] ] } },
{ "type": "Feature", "properties": { "id": null, "Name": null, "description": "Unknown Area Type<BR><BR><B>GM_LAYER</B> = Unknown Area Type<BR><B>LAYER</B> = Unknown Area Type<BR><B>MAP_NAME</B> = AOI_DI<BR><B>fid</B> = 1<BR><B>SUCO_NAME</B> = BUIHA", "timestamp": null, "begin": null, "end": null, "altitudeMode": null, "tessellate": -1, "extrude": 0, "visibility": -1, "drawOrder": null, "icon": null }, "geometry": { "type": "Polygon", "coordinates": [ [ [ 781589.728509076405317, 8993138.006761278957129, 0.0 ], [ 781495.368383844848722, 8993085.586601108312607, 0.0 ], [ 781394.467041249852628, 8993057.487244045361876, 0.0 ], [ 781311.140950355445966, 8993022.61427865922451, 0.0 ], [ 781159.461869406048208, 8992934.081194603815675, 0.0 ], [ 781109.671392044285312, 8992894.643692458048463, 0.0 ], [ 781066.398042437620461, 8992827.402602631598711, 0.0 ], [ 781038.33142672223039, 8992774.51330609805882, 0.0 ], [ 781007.410472439136356, 8992673.93923900835216, 0.0 ], [ 780991.907902950420976, 8992617.689391968771815, 0.0 ], [ 780949.797293585375883, 8992477.405130947008729, 0.0 ], [ 780900.134695501998067, 8992337.174239244312048, 0.0 ], [ 780875.252788581186906, 8992259.882312387228012, 0.0 ], [ 780863.960948410560377, 8992205.713591266423464, 0.0 ], [ 780839.91334169334732, 8992008.942472029477358, 0.0 ], [ 780829.022929591708817, 8991892.81789755821228, 0.0 ], [ 781216.051607781322673, 8991667.323328526690602, 0.0 ], [ 781626.259750502416864, 8991751.841309417039156, 0.0 ], [ 781916.160216611810029, 8992374.238378450274467, 0.0 ], [ 781589.728509076405317, 8993138.006761278957129, 0.0 ] ] ] } },
{ "type": "Feature", "properties": { "id": null, "Name": null, "description": "Unknown Area Type<BR><BR><B>GM_LAYER</B> = Unknown Area Type<BR><B>LAYER</B> = Unknown Area Type<BR><B>MAP_NAME</B> = AOI_DI<BR><B>fid</B> = 2<BR><B>SUCO_NAME</B> = LIAS", "timestamp": null, "begin": null, "end": null, "altitudeMode": null, "tessellate": -1, "extrude": 0, "visibility": -1, "drawOrder": null, "icon": null }, "geometry": { "type": "Polygon", "coordinates": [ [ [ 778412.185365761630237, 8992632.384464014321566, 0.0 ], [ 778404.057812170940451, 8992622.174245310947299, 0.0 ], [ 778130.602657718816772, 8992278.643725778907537, 0.0 ], [ 777995.366749531822279, 8991577.099824670702219, 0.0 ], [ 778482.089155638590455, 8990627.668197067454457, 0.0 ], [ 778850.015692064305767, 8989997.523402182385325, 0.0 ], [ 779348.638773302547634, 8989422.650755790993571, 0.0 ], [ 779962.369600196368992, 8988796.313484773039818, 0.0 ], [ 780004.00565069320146, 8988901.794468319043517, 0.0 ], [ 780070.147465628338978, 8988999.797154385596514, 0.0 ], [ 780106.76601168490015, 8989075.844798928126693, 0.0 ], [ 780151.752116123330779, 8989148.56150702945888, 0.0 ], [ 780169.77138458727859, 8989204.89882380887866, 0.0 ], [ 780242.012175888405181, 8989453.360548369586468, 0.0 ], [ 780252.840316118439659, 8989560.725255714729428, 0.0 ], [ 780267.870485024177469, 8989669.010149523615837, 0.0 ], [ 780279.64929289475549, 8990029.667777726426721, 0.0 ], [ 780282.62059550313279, 8990093.921549124643207, 0.0 ], [ 780287.214128170162439, 8990150.248256562277675, 0.0 ], [ 780289.760084033245221, 8990273.080567386001348, 0.0 ], [ 780305.254923316184431, 8990328.380397226661444, 0.0 ], [ 780369.986242954619229, 8990336.597146546468139, 0.0 ], [ 780425.767187814228237, 8990401.619136592373252, 0.0 ], [ 780507.854310781229287, 8990499.509347191080451, 0.0 ], [ 780504.889543076627888, 8990554.939658254384995, 0.0 ], [ 780500.94395277404692, 8990590.323989026248455, 0.0 ], [ 780492.803654802381061, 8990625.843502907082438, 0.0 ], [ 780488.19119825179223, 8990685.612654915079474, 0.0 ], [ 780477.767700798925944, 8990754.288346868008375, 0.0 ], [ 780481.632574784918688, 8990826.240416280925274, 0.0 ], [ 780514.763594390125945, 8990883.526527129113674, 0.0 ], [ 780549.736922528943978, 8990964.018775153905153, 0.0 ], [ 780571.003673592116684, 8991004.818681890144944, 0.0 ], [ 780587.306705574505031, 8991055.680113412439823, 0.0 ], [ 780616.539286095765419, 8991154.999355113133788, 0.0 ], [ 780659.763757919659838, 8991215.591489907354116, 0.0 ], [ 780691.319203013088554, 8991287.34795861877501, 0.0 ], [ 780718.959583862335421, 8991336.921597171574831, 0.0 ], [ 780259.02286108059343, 8991795.363846689462662, 0.0 ], [ 778589.357320203911513, 8992650.094580782577395, 0.0 ], [ 778412.185365761630237, 8992632.384464014321566, 0.0 ] ] ] } },
{ "type": "Feature", "properties": { "id": null, "Name": null, "description": "Unknown Area Type<BR><BR><B>GM_LAYER</B> = Unknown Area Type<BR><B>LAYER</B> = Unknown Area Type<BR><B>MAP_NAME</B> = AOI_DI<BR><B>fid</B> = 1<BR><B>SUCO_NAME</B> = RAIBERE", "timestamp": null, "begin": null, "end": null, "altitudeMode": null, "tessellate": -1, "extrude": 0, "visibility": -1, "drawOrder": null, "icon": null }, "geometry": { "type": "Polygon", "coordinates": [ [ [ 781919.883699666708708, 8998169.122290840372443, 0.0 ], [ 781509.855373536935076, 8998112.032201236113906, 0.0 ], [ 781448.194776068208739, 8998175.580209463834763, 0.0 ], [ 781360.609880679752678, 8998252.503163486719131, 0.0 ], [ 781308.001783580053598, 8998290.551580609753728, 0.0 ], [ 781270.421557134017348, 8998317.306822968646884, 0.0 ], [ 781230.503044144366868, 8998369.619543220847845, 0.0 ], [ 781209.871776259737089, 8998419.580261394381523, 0.0 ], [ 781187.158017983660102, 8998531.508558778092265, 0.0 ], [ 781147.969484729925171, 8998687.774498464539647, 0.0 ], [ 781129.071222957689315, 8998745.532996857538819, 0.0 ], [ 781093.286051363218576, 8998788.950870640575886, 0.0 ], [ 781081.194388442439958, 8998859.854204827919602, 0.0 ], [ 781060.08783622388728, 8998961.744490880519152, 0.0 ], [ 781004.812511888798326, 8999098.281122842803597, 0.0 ], [ 780972.321684844908305, 8999132.810138646513224, 0.0 ], [ 780922.174985514255241, 8999163.030255980789661, 0.0 ], [ 780864.498471732251346, 8999196.680447295308113, 0.0 ], [ 780826.140672450652346, 8999232.411391988396645, 0.0 ], [ 780782.155809080693871, 8999303.538098944351077, 0.0 ], [ 780755.010274829575792, 8999382.251172244548798, 0.0 ], [ 780721.507655552006327, 8999511.985193429514766, 0.0 ], [ 780723.488739579217508, 8999555.137693839147687, 0.0 ], [ 780739.791559499455616, 8999605.89433166757226, 0.0 ], [ 780763.780328759807162, 8999675.488997645676136, 0.0 ], [ 780763.290175574133173, 8999725.30793110653758, 0.0 ], [ 780758.797341879224405, 8999802.806725179776549, 0.0 ], [ 780751.148441009921953, 8999909.03486392647028, 0.0 ], [ 780738.10805741767399, 8999964.535398736596107, 0.0 ], [ 780733.583973223809153, 9000037.601646678522229, 0.0 ], [ 780750.958989478647709, 9000121.596326190978289, 0.0 ], [ 780790.046962808584794, 9000189.924329198896885, 0.0 ], [ 780811.017838092520833, 9000223.715900536626577, 0.0 ], [ 780396.664127759169787, 9000477.78110789321363, 0.0 ], [ 779970.037758639082313, 8999831.34375249221921, 0.0 ], [ 780470.010015542153269, 8998541.492756484076381, 0.0 ], [ 780873.264738547848538, 8997626.973057264462113, 0.0 ], [ 781611.447475982131436, 8996926.079597633332014, 0.0 ], [ 781663.826999437529594, 8996855.946958765387535, 0.0 ], [ 781707.923473761882633, 8996801.387314958497882, 0.0 ], [ 781776.052827039733529, 8996703.491268435493112, 0.0 ], [ 781826.738373764324933, 8996631.259347511455417, 0.0 ], [ 781884.913388750981539, 8996550.003343887627125, 0.0 ], [ 781909.777864967705682, 8996505.605565534904599, 0.0 ], [ 781914.414554893737659, 8996449.107676794752479, 0.0 ], [ 781904.667494736611843, 8996376.141190545633435, 0.0 ], [ 781913.351897708023898, 8996298.611771101132035, 0.0 ], [ 781929.636125511024147, 8996227.677835674956441, 0.0 ], [ 781958.422741478425451, 8996144.518191466107965, 0.0 ], [ 782010.675084754591808, 8996056.654367886483669, 0.0 ], [ 782054.543250462273136, 8995970.010627394542098, 0.0 ], [ 782080.097778096329421, 8995904.604745093733072, 0.0 ], [ 782087.251541587524116, 8995848.088924931362271, 0.0 ], [ 782096.547563928412274, 8995738.470065373927355, 0.0 ], [ 782114.572065392741933, 8995676.389150829985738, 0.0 ], [ 782188.054119722452015, 8995623.836974669247866, 0.0 ], [ 782271.880494548357092, 8995609.945590455085039, 0.0 ], [ 782329.675842095399275, 8995594.021842742338777, 0.0 ], [ 782387.385242635384202, 8995565.961182821542025, 0.0 ], [ 782415.675368105177768, 8995531.459505336359143, 0.0 ], [ 782436.232529422268271, 8995471.576742257922888, 0.0 ], [ 782448.452140312641859, 8995419.457602607086301, 0.0 ], [ 782446.389596356195398, 8995365.223198734223843, 0.0 ], [ 782425.637448707362637, 8995279.03613387607038, 0.0 ], [ 782393.356310547096655, 8995223.960309753194451, 0.0 ], [ 782351.153605199069716, 8995189.957734625786543, 0.0 ], [ 782297.249314456712455, 8995162.687180645763874, 0.0 ], [ 782230.764656715793535, 8995136.561029249802232, 0.0 ], [ 782186.067780722631142, 8995105.847830627113581, 0.0 ], [ 782137.795399410766549, 8995044.235915308818221, 0.0 ], [ 782063.391035755048506, 8994966.238683044910431, 0.0 ], [ 782010.734909822233021, 8994878.061005271971226, 0.0 ], [ 781922.056712183170021, 8994799.003678046166897, 0.0 ], [ 781851.267389875371009, 8994757.392859259620309, 0.0 ], [ 781809.206711525213905, 8994743.336487179622054, 0.0 ], [ 781779.608475650544278, 8994711.46086154691875, 0.0 ], [ 781767.390625718631782, 8994645.161091886460781, 0.0 ], [ 781768.27880162675865, 8994533.3854607231915, 0.0 ], [ 782302.869928710744716, 8994394.725456576794386, 0.0 ], [ 782700.874385247589089, 8994504.30558286421001, 0.0 ], [ 783051.270397402811795, 8994901.470636932179332, 0.0 ], [ 783019.349096534075215, 8995651.045019056648016, 0.0 ], [ 783023.068992721731775, 8996175.561882263049483, 0.0 ], [ 782793.760024124989286, 8997101.380456354469061, 0.0 ], [ 782463.006458007963374, 8997728.173342294991016, 0.0 ], [ 781919.883699666708708, 8998169.122290840372443, 0.0 ] ] ] } },
{ "type": "Feature", "properties": { "id": null, "Name": null, "description": "Unknown Area Type<BR><BR><B>GM_LAYER</B> = Unknown Area Type<BR><B>LAYER</B> = <BR><B>MAP_NAME</B> = AOI_DI<BR><B>fid</B> = 4<BR><B>SUCO_NAME</B> = TAZ HILIN", "timestamp": null, "begin": null, "end": null, "altitudeMode": null, "tessellate": -1, "extrude": 0, "visibility": -1, "drawOrder": null, "icon": null }, "geometry": { "type": "Polygon", "coordinates": [ [ [ 763131.732723986264318, 8990672.75381176918745, 0.0 ], [ 763053.875015996163711, 8990698.702342541888356, 0.0 ], [ 762986.092848152504303, 8990725.744769234210253, 0.0 ], [ 762673.712476398912258, 8990812.974741917103529, 0.0 ], [ 762544.035067216027528, 8990869.235079335048795, 0.0 ], [ 762432.82918120524846, 8990927.4833639934659, 0.0 ], [ 762396.94981805793941, 8990957.585057117044926, 0.0 ], [ 762277.602436332497746, 8991053.56020768918097, 0.0 ], [ 762212.686885626520962, 8991133.662811966612935, 0.0 ], [ 762133.573572783730924, 8991223.778610114008188, 0.0 ], [ 762049.492014575516805, 8991323.952113695442677, 0.0 ], [ 762006.141063507529907, 8991366.238313559442759, 0.0 ], [ 761946.878919262788258, 8991413.167068883776665, 0.0 ], [ 761882.341226763091981, 8991423.512248862534761, 0.0 ], [ 761817.577481291024014, 8991399.562193376943469, 0.0 ], [ 761642.83266919082962, 8991365.361772026866674, 0.0 ], [ 761561.384501180611551, 8991355.978581141680479, 0.0 ], [ 761332.243101552710868, 8991343.029559521004558, 0.0 ], [ 761193.006526276818477, 8991349.538378991186619, 0.0 ], [ 761160.380049931118265, 8991364.104663472622633, 0.0 ], [ 761116.875744455261156, 8991383.174590460956097, 0.0 ], [ 761045.369095865869895, 8991482.101731175556779, 0.0 ], [ 760999.719222860992886, 8991557.748284589499235, 0.0 ], [ 760909.84118586673867, 8991670.092144457623363, 0.0 ], [ 760787.869975491194054, 8991750.566003983840346, 0.0 ], [ 760678.490305236191489, 8991832.012027787044644, 0.0 ], [ 760643.542159285047092, 8991876.457158820703626, 0.0 ], [ 760584.859971752157435, 8991756.224468281492591, 0.0 ], [ 760529.686967562884092, 8991659.290265042334795, 0.0 ], [ 760467.049705232377164, 8991575.595874162390828, 0.0 ], [ 760412.290134265786037, 8991541.658560767769814, 0.0 ], [ 760339.976784161175601, 8991517.755775632336736, 0.0 ], [ 760312.933259792043827, 8991488.068865587934852, 0.0 ], [ 760298.351601694244891, 8991439.516494804993272, 0.0 ], [ 760262.779966847039759, 8991388.780064690858126, 0.0 ], [ 760205.119508075062186, 8991296.188630687072873, 0.0 ], [ 760134.325798902893439, 8991248.004485687240958, 0.0 ], [ 760078.692074980819598, 8991208.585239179432392, 0.0 ], [ 760002.799155287793837, 8991150.409298166632652, 0.0 ], [ 759982.424486128380522, 8991114.030436793342233, 0.0 ], [ 759955.995952730067074, 8991050.04319766536355, 0.0 ], [ 759937.949712701723911, 8990984.840292813256383, 0.0 ], [ 759912.222796807764098, 8990899.848649531602859, 0.0 ], [ 759830.831705391174182, 8990642.474230634048581, 0.0 ], [ 759810.564771910081618, 8990494.341933537274599, 0.0 ], [ 759819.452838729135692, 8990442.259084122255445, 0.0 ], [ 759805.479386896593496, 8990358.351345201954246, 0.0 ], [ 759755.393124515307136, 8990268.981607150286436, 0.0 ], [ 759713.278403187985532, 8990243.825392588973045, 0.0 ], [ 759686.31551039381884, 8990226.273412622511387, 0.0 ], [ 759634.169924891320989, 8990206.775697711855173, 0.0 ], [ 759557.367942735203542, 8990137.525213249027729, 0.0 ], [ 759492.78890600532759, 8990012.898822708055377, 0.0 ], [ 759462.991187490872107, 8989946.717598797753453, 0.0 ], [ 759424.152781948214397, 8989909.298714011907578, 0.0 ], [ 759381.257411683676764, 8989764.691497886553407, 0.0 ], [ 759361.997082552174106, 8989641.984736416488886, 0.0 ], [ 759345.897191218915395, 8989489.393345400691032, 0.0 ], [ 759345.035645489580929, 8989357.702027844265103, 0.0 ], [ 759345.230426643509418, 8989259.244600463658571, 0.0 ], [ 759373.441488171811216, 8989083.041897913441062, 0.0 ], [ 759385.020161937223747, 8989057.534226465970278, 0.0 ], [ 759403.150750017375685, 8989007.607061184942722, 0.0 ], [ 759438.964554726495408, 8988967.589106878265738, 0.0 ], [ 759483.101993782445788, 8988917.491565709933639, 0.0 ], [ 759599.755763254361227, 8988795.05524024926126, 0.0 ], [ 759685.672709222882986, 8988719.251631302759051, 0.0 ], [ 759761.695857809623703, 8988669.999847821891308, 0.0 ], [ 759846.333817468490452, 8988655.093089867383242, 0.0 ], [ 759897.515565740410239, 8988655.812575802206993, 0.0 ], [ 759922.683529710397124, 8988655.647437376901507, 0.0 ], [ 759998.151407341123559, 8988649.664759382605553, 0.0 ], [ 760021.597867746721022, 8988642.862669445574284, 0.0 ], [ 760067.644924279302359, 8988628.208708358928561, 0.0 ], [ 760146.922125521348789, 8988563.52769972011447, 0.0 ], [ 760171.061898324405774, 8988534.560260087251663, 0.0 ], [ 760186.892749917227775, 8988517.888516914099455, 0.0 ], [ 760216.898044270230457, 8988487.827233692631125, 0.0 ], [ 760245.729435896268114, 8988406.804043337702751, 0.0 ], [ 760279.681627935147844, 8988339.043549446389079, 0.0 ], [ 760340.603497804608196, 8988289.995043814182281, 0.0 ], [ 760402.393298719776794, 8988245.372847525402904, 0.0 ], [ 760444.857842590776272, 8988196.339970801025629, 0.0 ], [ 760478.080229990184307, 8988145.257268358021975, 0.0 ], [ 760483.077676806366071, 8988139.736977964639664, 0.0 ], [ 760520.457760722259991, 8988083.033913962543011, 0.0 ], [ 760614.914686213131063, 8987903.121201511472464, 0.0 ], [ 760675.419850058620796, 8987790.96923372708261, 0.0 ], [ 760709.276050925487652, 8987708.85692940838635, 0.0 ], [ 760721.713796960422769, 8987686.614222036674619, 0.0 ], [ 760744.080152964917943, 8987643.306117473170161, 0.0 ], [ 760834.698320502880961, 8987517.7642917688936, 0.0 ], [ 760904.677819303236902, 8987443.116990517824888, 0.0 ], [ 760967.275314961792901, 8987394.055896164849401, 0.0 ], [ 761061.991497306153178, 8987381.189776865765452, 0.0 ], [ 761105.59328857017681, 8987377.630667023360729, 0.0 ], [ 761177.352319776779041, 8987318.483519174158573, 0.0 ], [ 761202.949528661672957, 8987256.369680086150765, 0.0 ], [ 761208.463722108863294, 8987202.091961465775967, 0.0 ], [ 761252.887908685952425, 8987069.044506102800369, 0.0 ], [ 761284.35707994713448, 8987006.891740599647164, 0.0 ], [ 761301.725153452367522, 8986969.103524090722203, 0.0 ], [ 761335.966788309859112, 8986945.661097850650549, 0.0 ], [ 761417.355075324652717, 8986947.339231144636869, 0.0 ], [ 761530.03133177140262, 8986986.378272004425526, 0.0 ], [ 761622.648118161712773, 8987036.735742771998048, 0.0 ], [ 761759.858630219940096, 8987106.637248039245605, 0.0 ], [ 761814.636411156971008, 8987143.842724665999413, 0.0 ], [ 761908.246680268552154, 8987217.409377055242658, 0.0 ], [ 762007.648635577876121, 8987278.696234825998545, 0.0 ], [ 762132.749673576792702, 8987293.380112880840898, 0.0 ], [ 762249.146230987738818, 8987260.527949078008533, 0.0 ], [ 762336.806827401625924, 8987195.78528138063848, 0.0 ], [ 762403.420105526922271, 8987119.995954701676965, 0.0 ], [ 762459.644033835735172, 8986995.732171224430203, 0.0 ], [ 762514.600943724741228, 8986933.422013157978654, 0.0 ], [ 762570.359433671925217, 8986865.513374771922827, 0.0 ], [ 762626.220767992548645, 8986813.11667138338089, 0.0 ], [ 762644.589105096645653, 8986799.803551252931356, 0.0 ], [ 762663.80265900073573, 8986787.434567544609308, 0.0 ], [ 762702.231137303286232, 8986762.907605774700642, 0.0 ], [ 762774.244587597087957, 8986742.484079860150814, 0.0 ], [ 762814.343061494524591, 8986716.785051420331001, 0.0 ], [ 762845.161608445690945, 8986683.338531821966171, 0.0 ], [ 762892.537862023804337, 8986616.64575058594346, 0.0 ], [ 762913.13500319654122, 8986560.050714200362563, 0.0 ], [ 762921.803514827042818, 8986475.886387676000595, 0.0 ], [ 762925.239875220344402, 8986361.892114501446486, 0.0 ], [ 762948.25793836847879, 8986290.92895114608109, 0.0 ], [ 762953.107363622402772, 8986263.248053105548024, 0.0 ], [ 762957.117879314813763, 8986235.57273475266993, 0.0 ], [ 762973.61561893299222, 8986193.35683118738234, 0.0 ], [ 762999.996731161139905, 8986123.53200688585639, 0.0 ], [ 763059.903259009472094, 8986048.946186160668731, 0.0 ], [ 763114.606808878714219, 8985948.962307734414935, 0.0 ], [ 763128.463106581475586, 8985888.085167266428471, 0.0 ], [ 763144.040703048929572, 8985833.739355584606528, 0.0 ], [ 763147.042646432179026, 8985780.638129647821188, 0.0 ], [ 763173.730290890205652, 8985631.030835527926683, 0.0 ], [ 763179.130611249478534, 8985560.184677224606276, 0.0 ], [ 763178.783887360827066, 8985508.161040980368853, 0.0 ], [ 763175.310197714250535, 8985490.4552665296942, 0.0 ], [ 763167.296071134041995, 8985420.859340701252222, 0.0 ], [ 763156.912290419917554, 8985373.33483449369669, 0.0 ], [ 763152.563163212733343, 8985350.147369796410203, 0.0 ], [ 763127.785538644180633, 8985282.773762986063957, 0.0 ], [ 763083.037403074791655, 8985239.910521181300282, 0.0 ], [ 763057.693907576845959, 8985213.486042413860559, 0.0 ], [ 763031.512261826079339, 8985187.172672931104898, 0.0 ], [ 762995.130587872467004, 8985140.876696914434433, 0.0 ], [ 762978.014236023649573, 8985090.125664666295052, 0.0 ], [ 762994.974528989521787, 8984991.553899710997939, 0.0 ], [ 762997.894724180921912, 8984926.211854349821806, 0.0 ], [ 763014.200185291701928, 8984855.293079378083348, 0.0 ], [ 763003.640034681651741, 8984781.281939405947924, 0.0 ], [ 762998.906916336040013, 8984700.478098502382636, 0.0 ], [ 763001.386934920446947, 8984694.974043050780892, 0.0 ], [ 763008.810806425986812, 8984676.034821979701519, 0.0 ], [ 763027.7733219335787, 8984626.204130487516522, 0.0 ], [ 763067.691868229419924, 8984573.91203948110342, 0.0 ], [ 763094.254663207568228, 8984531.628701129928231, 0.0 ], [ 763125.49649740755558, 8984436.23287102393806, 0.0 ], [ 763135.260808745864779, 8984390.895643245428801, 0.0 ], [ 763141.742176126223058, 8984356.449837636202574, 0.0 ], [ 763167.259526317706332, 8984283.253251139074564, 0.0 ], [ 763196.265279798069969, 8984229.978412533178926, 0.0 ], [ 763239.427922537201084, 8984161.096195857971907, 0.0 ], [ 763277.631262234528549, 8984103.327585093677044, 0.0 ], [ 763295.025231080595404, 8984069.969660861417651, 0.0 ], [ 763313.853740682359785, 8984000.194469166919589, 0.0 ], [ 763316.118687814567238, 8983962.505315311253071, 0.0 ], [ 763316.839136374299414, 8983944.771545881405473, 0.0 ], [ 763316.721436387859285, 8983927.148906417191029, 0.0 ], [ 763311.214713518740609, 8983856.269854517653584, 0.0 ], [ 763305.047446232172661, 8983812.094191171228886, 0.0 ], [ 763306.436852250481024, 8983768.923343595117331, 0.0 ], [ 763307.224242768017575, 8983761.214432939887047, 0.0 ], [ 763317.04649085062556, 8983724.635610762983561, 0.0 ], [ 763335.234607157763094, 8983684.623941514641047, 0.0 ], [ 763369.4277054509148, 8983654.530609309673309, 0.0 ], [ 763429.499368981458247, 8983605.480018857866526, 0.0 ], [ 763447.026212304597721, 8983592.066130777820945, 0.0 ], [ 763502.027238936745562, 8983537.456195479258895, 0.0 ], [ 763556.144808171084151, 8983476.203677542507648, 0.0 ], [ 763594.480244633043185, 8983438.378693781793118, 0.0 ], [ 763613.588635172927752, 8983410.602072697132826, 0.0 ], [ 763617.738354038214311, 8983403.925935203209519, 0.0 ], [ 763638.405772127793171, 8983358.409872060641646, 0.0 ], [ 763652.273443497251719, 8983299.642519375309348, 0.0 ], [ 763662.88951160479337, 8983256.409796761348844, 0.0 ], [ 763678.576000546803698, 8983218.736214656382799, 0.0 ], [ 763729.1226908036042, 8983125.426090585067868, 0.0 ], [ 763752.298495235852897, 8983078.732257023453712, 0.0 ], [ 763774.361907285870984, 8982991.205787470564246, 0.0 ], [ 763791.428947789827362, 8982909.200288269668818, 0.0 ], [ 763801.131602551904507, 8982854.892929766327143, 0.0 ], [ 763806.647851681220345, 8982801.774443021044135, 0.0 ], [ 763825.636917213676497, 8982756.26935875043273, 0.0 ], [ 763887.161413908586837, 8982673.965851422399282, 0.0 ], [ 763943.660460868151858, 8982592.856706026941538, 0.0 ], [ 764025.412417315645143, 8982524.769317071884871, 0.0 ], [ 764069.491416773060337, 8982468.015079069882631, 0.0 ], [ 764094.478416219120845, 8982441.359393585473299, 0.0 ], [ 764119.45688502327539, 8982413.437388498336077, 0.0 ], [ 764139.172969416016713, 8982351.358880236744881, 0.0 ], [ 764137.220574231585488, 8982310.426278145983815, 0.0 ], [ 764141.013852888485417, 8982250.670737557113171, 0.0 ], [ 764152.437897543655708, 8982202.999954279512167, 0.0 ], [ 764217.449840717134066, 8982140.617312029004097, 0.0 ], [ 764305.799579729209654, 8982055.91640248708427, 0.0 ], [ 764370.796152314171195, 8981991.317335734143853, 0.0 ], [ 764418.340533863287419, 8981951.10738280788064, 0.0 ], [ 764524.600520041771233, 8981785.554554715752602, 0.0 ], [ 764545.807115736184642, 8981695.816564902663231, 0.0 ], [ 764551.988855719566345, 8981617.154761221259832, 0.0 ], [ 764551.631845990894362, 8981564.07532530464232, 0.0 ], [ 764628.844203953864053, 8981445.150609441101551, 0.0 ], [ 764644.602534860838205, 8981418.450866155326366, 0.0 ], [ 764661.192543028388172, 8981390.690201027318835, 0.0 ], [ 764689.331848300527781, 8981334.041925277560949, 0.0 ], [ 764748.499596634879708, 8981276.129400473088026, 0.0 ], [ 764822.090248399181291, 8981242.391665542498231, 0.0 ], [ 764863.89665958005935, 8981222.27028620056808, 0.0 ], [ 764901.44860903150402, 8981193.207412097603083, 0.0 ], [ 764931.369526763213798, 8981152.059849869459867, 0.0 ], [ 764947.157381593016908, 8981129.791989075019956, 0.0 ], [ 764955.471407190896571, 8981118.760756900534034, 0.0 ], [ 764964.459235010435805, 8981083.241821359843016, 0.0 ], [ 764978.375967698520981, 8981032.282158549875021, 0.0 ], [ 765009.750147134065628, 8980957.882471650838852, 0.0 ], [ 765037.109512925380841, 8980910.103568570688367, 0.0 ], [ 765078.766022551804781, 8980867.821363802999258, 0.0 ], [ 765102.065791524597444, 8980840.01510863378644, 0.0 ], [ 765119.434161932906136, 8980803.384246217086911, 0.0 ], [ 765120.011703186202794, 8980764.650485636666417, 0.0 ], [ 765119.083213810576126, 8980751.359844271093607, 0.0 ], [ 765115.51164169353433, 8980719.302525795996189, 0.0 ], [ 765129.33039599203039, 8980653.885629473254085, 0.0 ], [ 765148.346288672881201, 8980612.811306815594435, 0.0 ], [ 765201.692653101170436, 8980562.640658481046557, 0.0 ], [ 765268.773670853348449, 8980558.916383078321815, 0.0 ], [ 765273.806396602769382, 8980558.882406279444695, 0.0 ], [ 765326.635145137552172, 8980556.309564597904682, 0.0 ], [ 765377.793441698653623, 8980554.803228095173836, 0.0 ], [ 765422.227195786195807, 8980551.231635134667158, 0.0 ], [ 765474.944027125835419, 8980532.090939465910196, 0.0 ], [ 765512.494882579776458, 8980503.027174709364772, 0.0 ], [ 765558.403610334731638, 8980469.474556919187307, 0.0 ], [ 765600.163980236742646, 8980442.703918186947703, 0.0 ], [ 765655.419114540563896, 8980426.817218959331512, 0.0 ], [ 765702.42123323539272, 8980430.93169779330492, 0.0 ], [ 765782.278208412113599, 8980455.824622320011258, 0.0 ], [ 765819.978763659950346, 8980448.921080380678177, 0.0 ], [ 765845.906262399046682, 8980437.664843369275331, 0.0 ], [ 765880.184513275977224, 8980420.864429112523794, 0.0 ], [ 765926.834568877471611, 8980372.953963972628117, 0.0 ], [ 765953.391466358210891, 8980330.772619133815169, 0.0 ], [ 765977.356197488610633, 8980277.42245108447969, 0.0 ], [ 765987.002191649051383, 8980215.410075379535556, 0.0 ], [ 765991.907695808215067, 8980196.592232732102275, 0.0 ], [ 766003.343388638691977, 8980151.136197995394468, 0.0 ], [ 766015.437695256667212, 8980079.081710806116462, 0.0 ], [ 766037.747416852973402, 8980029.119650423526764, 0.0 ], [ 766069.448823051527143, 8980003.471751525998116, 0.0 ], [ 766103.748768364428543, 8979989.942348366603255, 0.0 ], [ 766142.11529123398941, 8979957.600703673437238, 0.0 ], [ 766182.016975250095129, 8979904.247775733470917, 0.0 ], [ 766218.555542585672811, 8979849.75674251653254, 0.0 ], [ 766239.292468751431443, 8979815.318296289071441, 0.0 ], [ 766249.858818545937538, 8979765.435625020414591, 0.0 ], [ 766261.930195285240188, 8979690.109564544633031, 0.0 ], [ 766269.942906105425209, 8979634.756539344787598, 0.0 ], [ 766287.952844989602454, 8979569.310157449916005, 0.0 ], [ 766305.312217950820923, 8979531.623041026294231, 0.0 ], [ 766337.04307989962399, 8979510.406904347240925, 0.0 ], [ 766397.246346098836511, 8979482.243461852893233, 0.0 ], [ 766428.901916894828901, 8979449.946881636977196, 0.0 ], [ 766472.165552013553679, 8979397.731431985273957, 0.0 ], [ 766500.382794330478646, 8979353.216391244903207, 0.0 ], [ 766562.11345993867144, 8979302.986027734354138, 0.0 ], [ 766575.406168678309768, 8979284.111016616225243, 0.0 ], [ 766590.353460907703266, 8979261.847738768905401, 0.0 ], [ 766598.41780184279196, 8979214.197977522388101, 0.0 ], [ 766589.751958046574146, 8979173.31040270626545, 0.0 ], [ 766581.917706670239568, 8979131.361852673813701, 0.0 ], [ 766545.391985773923807, 8979064.069467628374696, 0.0 ], [ 766521.470730359549634, 8979000.068481044843793, 0.0 ], [ 766505.046048355521634, 8978928.312734022736549, 0.0 ], [ 766528.948527925182134, 8978866.097485894337296, 0.0 ], [ 766552.058034416055307, 8978810.641648491844535, 0.0 ], [ 766661.826434693299234, 8978670.487551098689437, 0.0 ], [ 766704.226955179823563, 8978614.90036035515368, 0.0 ], [ 766770.943331051617861, 8978557.986816916614771, 0.0 ], [ 766776.784452894935384, 8978553.514727342873812, 0.0 ], [ 766786.811461409321055, 8978547.853305770084262, 0.0 ], [ 766846.077212894102558, 8978505.448191780596972, 0.0 ], [ 766869.283648264594376, 8978464.343708215281367, 0.0 ], [ 766868.793806105619296, 8978392.373995237052441, 0.0 ], [ 766837.285990708740428, 8978322.937101271003485, 0.0 ], [ 766783.267079127952456, 8978273.493482030928135, 0.0 ], [ 766737.545298330835067, 8978210.696310916915536, 0.0 ], [ 766737.244430925929919, 8978166.480345379561186, 0.0 ], [ 766747.075989441014826, 8978132.115451103076339, 0.0 ], [ 766759.355530420900322, 8978087.70832896232605, 0.0 ], [ 766776.600695196306333, 8978033.452894059941173, 0.0 ], [ 766793.058772860793397, 8977986.801116121932864, 0.0 ], [ 766838.722576297703199, 8977917.894218591973186, 0.0 ], [ 766881.136885584448464, 8977864.522610947489738, 0.0 ], [ 766923.731507469899952, 8977837.63833824545145, 0.0 ], [ 766963.809847158379853, 8977810.771146547049284, 0.0 ], [ 767008.150148427113891, 8977793.900436280295253, 0.0 ], [ 767027.388660305179656, 8977786.065469903871417, 0.0 ], [ 767045.780515690101311, 8977777.075395444408059, 0.0 ], [ 767082.38293004676234, 8977732.502265540882945, 0.0 ], [ 767066.999362039845437, 8977690.605175990611315, 0.0 ], [ 767032.339261336484924, 8977650.950127033516765, 0.0 ], [ 767040.312323861988261, 8977590.109059680253267, 0.0 ], [ 767049.424751074519008, 8977573.372812554240227, 0.0 ], [ 767061.885635077487677, 8977555.663938427343965, 0.0 ], [ 767082.620179739547893, 8977521.224502107128501, 0.0 ], [ 767136.828445191611536, 8977475.47587669081986, 0.0 ], [ 767211.309440532466397, 8977450.58983800560236, 0.0 ], [ 767264.013544657966122, 8977430.284605745226145, 0.0 ], [ 767298.182683125371113, 8977397.96950913593173, 0.0 ], [ 767328.815331951482221, 8977339.084248125553131, 0.0 ], [ 767369.452836035750806, 8977271.371436387300491, 0.0 ], [ 767382.744274591095746, 8977252.495853764936328, 0.0 ], [ 767396.034978598589078, 8977233.514743499457836, 0.0 ], [ 767418.348485307302326, 8977184.711769707500935, 0.0 ], [ 767426.4561530117644, 8977143.709665862843394, 0.0 ], [ 767435.319647766533308, 8977090.566123398020864, 0.0 ], [ 767444.809898420935497, 8977006.391642313450575, 0.0 ], [ 767453.544249535887502, 8976934.358580127358437, 0.0 ], [ 767462.067276266403496, 8976831.405829733237624, 0.0 ], [ 767461.954080548137426, 8976814.837940882891417, 0.0 ], [ 767465.096987307304516, 8976783.789811721071601, 0.0 ], [ 767486.985965187195688, 8976672.936250496655703, 0.0 ], [ 767491.481697933282703, 8976594.389055958017707, 0.0 ], [ 767495.327633028617129, 8976543.495916843414307, 0.0 ], [ 767475.636166210984811, 8976484.954220749437809, 0.0 ], [ 767402.206578762736171, 8976417.915014866739511, 0.0 ], [ 767181.161397274117917, 8975369.268896030262113, 0.0 ], [ 767213.092150070471689, 8975377.915385758504272, 0.0 ], [ 767229.065469567896798, 8975383.399437610059977, 0.0 ], [ 767284.532220590859652, 8975399.588868226855993, 0.0 ], [ 767303.028852568939328, 8975406.110965555533767, 0.0 ], [ 767319.009420992340893, 8975412.650261105969548, 0.0 ], [ 767331.635233010048978, 8975419.212492985650897, 0.0 ], [ 767344.245894808671437, 8975423.558631215244532, 0.0 ], [ 767365.273062650347129, 8975432.174058005213737, 0.0 ], [ 767379.561117682722397, 8975436.508714910596609, 0.0 ], [ 767409.814624552498572, 8975445.166541794314981, 0.0 ], [ 767426.626709808828309, 8975450.644790211692452, 0.0 ], [ 767441.760695082717575, 8975456.028965750709176, 0.0 ], [ 767461.104020145954564, 8975463.706070508807898, 0.0 ], [ 767476.23801833903417, 8975469.090246280655265, 0.0 ], [ 767493.04940777644515, 8975474.462940309196711, 0.0 ], [ 767526.688092300668359, 8975487.529912188649178, 0.0 ], [ 767542.668751893914305, 8975494.069134430959821, 0.0 ], [ 767574.637313766404986, 8975508.202839363366365, 0.0 ], [ 767612.492657378781587, 8975524.617964269593358, 0.0 ], [ 767624.26471041503828, 8975528.969769665971398, 0.0 ], [ 767636.043990711565129, 8975534.37684853374958, 0.0 ], [ 767654.540782985510305, 8975540.898810960352421, 0.0 ], [ 767670.506325265974738, 8975545.221896819770336, 0.0 ], [ 767699.906164622399956, 8975551.669194746762514, 0.0 ], [ 767737.730545622995123, 8975563.546510515734553, 0.0 ], [ 767761.282684706384316, 8975573.410864358767867, 0.0 ], [ 767771.38461335527245, 8975578.829409126192331, 0.0 ], [ 767784.841332629788667, 8975584.224975543096662, 0.0 ], [ 767803.361319106654264, 8975594.123774517327547, 0.0 ], [ 767813.456043794983998, 8975598.487022606655955, 0.0 ], [ 767865.583927432191558, 8975616.914856839925051, 0.0 ], [ 767881.564727368298918, 8975623.453968660905957, 0.0 ], [ 767933.707893467624672, 8975644.097805550321937, 0.0 ], [ 767951.366120426682755, 8975650.625400628894567, 0.0 ], [ 767969.032299254904501, 8975658.313799047842622, 0.0 ], [ 767983.319832309149206, 8975662.542753672227263, 0.0 ], [ 768004.340836587361991, 8975670.208147188648582, 0.0 ], [ 768020.306504315696657, 8975674.531113792210817, 0.0 ], [ 768037.949577728053555, 8975678.842576714232564, 0.0 ], [ 768061.47874144394882, 8975685.329887079074979, 0.0 ], [ 768079.967764392029494, 8975690.690874330699444, 0.0 ], [ 768095.933456424390897, 8975695.013814382255077, 0.0 ], [ 768145.538359052618034, 8975712.403302161023021, 0.0 ], [ 768159.826670093927532, 8975716.737722560763359, 0.0 ], [ 768201.021462933858857, 8975730.807753086090088, 0.0 ], [ 768217.841099209501408, 8975737.341001627966762, 0.0 ], [ 768238.86945771088358, 8975746.061571624130011, 0.0 ], [ 768257.366516655194573, 8975752.583300525322556, 0.0 ], [ 768294.367888078209944, 8975766.682017639279366, 0.0 ], [ 768330.545806761016138, 8975783.002565696835518, 0.0 ], [ 768349.881612685974687, 8975789.518504541367292, 0.0 ], [ 768365.855367039795965, 8975795.002165140584111, 0.0 ], [ 768397.794202844728716, 8975804.703136978670955, 0.0 ], [ 768438.128071566461585, 8975815.507332071661949, 0.0 ], [ 768455.778544385451823, 8975820.873916640877724, 0.0 ], [ 768494.435048343148082, 8975831.689587507396936, 0.0 ], [ 768509.562178171472624, 8975836.018143374472857, 0.0 ], [ 768540.647912756656297, 8975843.614198885858059, 0.0 ], [ 768557.452470302116126, 8975847.931220909580588, 0.0 ], [ 768608.719378854846582, 8975862.987065842375159, 0.0 ], [ 768625.531932496000081, 8975868.464888324961066, 0.0 ], [ 768658.324874950456433, 8975880.376016965135932, 0.0 ], [ 768706.253001367324032, 8975897.776441024616361, 0.0 ], [ 768720.548752644681372, 8975903.165984662249684, 0.0 ], [ 768754.203673953656107, 8975918.448211377486587, 0.0 ], [ 768768.507409063866362, 8975924.998556790873408, 0.0 ], [ 768781.118512268410996, 8975929.34431466460228, 0.0 ], [ 768796.2529904874973, 8975934.728072749450803, 0.0 ], [ 768823.991326266317628, 8975943.402277356013656, 0.0 ], [ 768842.473408399149776, 8975947.707667227834463, 0.0 ], [ 768871.043228305410594, 8975955.320794159546494, 0.0 ], [ 768885.339026183821261, 8975960.710288930684328, 0.0 ], [ 768908.868622806854546, 8975967.197169683873653, 0.0 ], [ 768934.082920607179403, 8975974.727789962664247, 0.0 ], [ 768947.532771741505712, 8975979.067736541852355, 0.0 ], [ 768957.620522864279337, 8975982.375462649390101, 0.0 ], [ 768979.464759189169854, 8975987.71302430331707, 0.0 ], [ 769001.332217185641639, 8975996.427495401352644, 0.0 ], [ 769012.265961851226166, 8976000.784727230668068, 0.0 ], [ 769024.892365953070112, 8976007.34653402864933, 0.0 ], [ 769030.793828890193254, 8976011.738372169435024, 0.0 ], [ 769041.742825382854789, 8976018.311712054535747, 0.0 ], [ 769051.006403980311006, 8976023.73577000759542, 0.0 ], [ 769074.566588926594704, 8976034.654786491766572, 0.0 ], [ 769080.468062710715458, 8976039.046619608998299, 0.0 ], [ 769090.570367229636759, 8976044.464901424944401, 0.0 ], [ 769099.826712145120837, 8976048.833653911948204, 0.0 ], [ 769107.39037436270155, 8976050.997840499505401, 0.0 ], [ 769123.356427706778049, 8976055.320428559556603, 0.0 ], [ 769135.121663747821003, 8976058.616577234119177, 0.0 ], [ 769144.370021518087015, 8976061.824503071606159, 0.0 ], [ 769155.303798052016646, 8976066.181703805923462, 0.0 ], [ 769185.566499968757853, 8976075.99920279532671, 0.0 ], [ 769197.33828788693063, 8976080.245101535692811, 0.0 ], [ 769222.560735633596778, 8976088.936388067901134, 0.0 ], [ 769236.857386265648529, 8976094.431311493739486, 0.0 ], [ 769252.83074782800395, 8976099.809142122045159, 0.0 ], [ 769267.950871455599554, 8976103.082166042178869, 0.0 ], [ 769281.408094641054049, 8976108.477317169308662, 0.0 ], [ 769298.235444620950148, 8976116.065476948395371, 0.0 ], [ 769331.07542711077258, 8976134.730024285614491, 0.0 ], [ 769344.540666642133147, 8976141.28597854077816, 0.0 ], [ 769358.844629327068105, 8976147.83615455031395, 0.0 ], [ 769376.495476566022262, 8976153.202395105734468, 0.0 ], [ 769411.820446653757244, 8976167.311806969344616, 0.0 ], [ 769419.392157486756332, 8976170.636763984337449, 0.0 ], [ 769456.379342030733824, 8976182.518482800573111, 0.0 ], [ 769473.26783100515604, 8976198.971043607220054, 0.0 ], [ 769499.497095784638077, 8976232.033694034442306, 0.0 ], [ 769517.285407914314419, 8976257.344952300190926, 0.0 ], [ 769531.673055365914479, 8976276.030955893918872, 0.0 ], [ 769552.778477051993832, 8976295.83155457675457, 0.0 ], [ 769476.275846896809526, 8977001.327761499211192, 0.0 ], [ 769468.581311197718605, 8977102.060428153723478, 0.0 ], [ 769473.460517670726404, 8977201.651210632175207, 0.0 ], [ 769483.875403973390348, 8977252.44706947542727, 0.0 ], [ 769489.349341145367362, 8977316.574252983555198, 0.0 ], [ 769505.856185480603017, 8977399.410628501325846, 0.0 ], [ 769520.769782209186815, 8977494.49996155872941, 0.0 ], [ 769524.292491966392845, 8977518.854140745475888, 0.0 ], [ 769558.237250517588109, 8977697.923396607860923, 0.0 ], [ 769582.292961194762029, 8977780.707874165847898, 0.0 ], [ 769609.757478911662474, 8977871.278449734672904, 0.0 ], [ 769650.832430146401748, 8977989.405401360243559, 0.0 ], [ 769678.677577829221264, 8978135.273402109742165, 0.0 ], [ 769681.894446991151199, 8978237.091941496357322, 0.0 ], [ 769688.321144376299344, 8978317.781521733850241, 0.0 ], [ 769674.129201219766401, 8978449.586028346791863, 0.0 ], [ 769692.656359923654236, 8978582.220834380015731, 0.0 ], [ 769710.582636532606557, 8978627.477323347702622, 0.0 ], [ 769764.019056176999584, 8978713.436937456950545, 0.0 ], [ 769825.050394137040712, 8978805.992965180426836, 0.0 ], [ 769853.369606442982331, 8978898.774012092500925, 0.0 ], [ 769863.784856176236644, 8978949.569973582401872, 0.0 ], [ 769869.861760186031461, 8978979.394420996308327, 0.0 ], [ 769863.585590038914233, 8979042.547195741906762, 0.0 ], [ 769861.350880210171454, 8979083.509942345321178, 0.0 ], [ 769841.569904811913148, 8979134.513586912304163, 0.0 ], [ 769818.35825422918424, 8979174.56522018276155, 0.0 ], [ 769776.775990376831032, 8979226.774049704894423, 0.0 ], [ 769729.414217029698193, 8979292.425386385992169, 0.0 ], [ 769697.677399187581614, 8979312.58948809094727, 0.0 ], [ 769671.788862073095515, 8979329.336280580610037, 0.0 ], [ 769578.957534561865032, 8979369.865998309105635, 0.0 ], [ 769503.572491335100494, 8979385.791716109961271, 0.0 ], [ 769466.123407250270247, 8979429.212320676073432, 0.0 ], [ 769431.380381120950915, 8979500.264233686029911, 0.0 ], [ 769424.769297396065667, 8979514.767788348719478, 0.0 ], [ 769417.311460665659979, 8979528.116267956793308, 0.0 ], [ 769394.952377467649058, 8979570.272295957431197, 0.0 ], [ 769392.075900510884821, 8979640.050063723698258, 0.0 ], [ 769408.240348372142762, 8979673.076848994940519, 0.0 ], [ 769405.226986998692155, 8979722.909609030932188, 0.0 ], [ 769378.689676532521844, 8979767.41600508056581, 0.0 ], [ 769323.837387916399166, 8979841.877196121960878, 0.0 ], [ 769260.476050542318262, 8979898.772426979616284, 0.0 ], [ 769214.569403621833771, 8979932.224839013069868, 0.0 ], [ 769176.303735465276986, 8979979.027614763006568, 0.0 ], [ 769194.244726941920817, 8980026.500431446358562, 0.0 ], [ 769218.003835482057184, 8980066.123857643455267, 0.0 ], [ 769231.803701845929027, 8980121.32905032299459, 0.0 ], [ 769227.928691777400672, 8980167.896069886162877, 0.0 ], [ 769223.863439025590196, 8980186.708982137963176, 0.0 ], [ 769214.139182157348841, 8980236.587635075673461, 0.0 ], [ 769146.567740925587714, 8980291.295093828812242, 0.0 ], [ 769151.372798195690848, 8980258.019002938643098, 0.0 ], [ 769155.339769988087937, 8980224.854188123717904, 0.0 ], [ 769155.089571531163529, 8980188.341181935742497, 0.0 ], [ 769112.022164587164298, 8980146.52826333232224, 0.0 ], [ 769048.401944006211124, 8980165.749138718470931, 0.0 ], [ 769050.489399847108871, 8980225.572502639144659, 0.0 ], [ 769059.981505065923557, 8980264.23839558288455, 0.0 ], [ 769068.709997338242829, 8980313.885033888742328, 0.0 ], [ 769039.859896714682691, 8980388.27287619560957, 0.0 ], [ 768999.968591807060875, 8980442.79038723371923, 0.0 ], [ 768941.962335125310346, 8980424.402501063421369, 0.0 ], [ 768909.943235238082707, 8980403.514929454773664, 0.0 ], [ 768852.020158523810096, 8980397.262732585892081, 0.0 ], [ 768810.926652880734764, 8980398.704805180430412, 0.0 ], [ 768757.892795552266762, 8980371.417838163673878, 0.0 ], [ 768724.499433122575283, 8980394.86364808678627, 0.0 ], [ 768681.932591557269916, 8980426.181647699326277, 0.0 ], [ 768635.261849643196911, 8980470.719319039955735, 0.0 ], [ 768594.288795046275482, 8980489.784405872225761, 0.0 ], [ 768526.459488446591422, 8980506.92231029458344, 0.0 ], [ 768416.908302673604339, 8980556.321729285642505, 0.0 ], [ 768376.086459909798577, 8980597.547483593225479, 0.0 ], [ 768302.044379515573382, 8980687.650830028578639, 0.0 ], [ 768275.482027829159051, 8980728.779055496677756, 0.0 ], [ 768234.750585941364989, 8980783.301139947026968, 0.0 ], [ 768200.60134713142179, 8980818.993337120860815, 0.0 ], [ 768180.809028264135122, 8980868.834501337260008, 0.0 ], [ 768183.779067971860059, 8980935.300112511962652, 0.0 ], [ 768187.572063201805577, 8980999.438384162262082, 0.0 ], [ 768177.022378249559551, 8981051.53818373568356, 0.0 ], [ 768118.96166466770228, 8981148.180385824292898, 0.0 ], [ 768084.304808580782264, 8981232.526553584262729, 0.0 ], [ 768037.050353160477243, 8981314.742332002148032, 0.0 ], [ 767987.39930459484458, 8981414.598333701491356, 0.0 ], [ 767974.159356257645413, 8981441.282856294885278, 0.0 ], [ 767937.778853219468147, 8981518.991907959803939, 0.0 ], [ 767924.659586445079185, 8981563.405103461816907, 0.0 ], [ 767914.056038092356175, 8981607.695614829659462, 0.0 ], [ 767909.967563134618104, 8981623.236796010285616, 0.0 ], [ 767893.883838734822348, 8981725.080048885196447, 0.0 ], [ 767885.056268796441145, 8981783.816439809277654, 0.0 ], [ 767881.897112952894531, 8981812.648426461964846, 0.0 ], [ 767848.698099079541862, 8981864.902153298258781, 0.0 ], [ 767800.648520937771536, 8981953.771266534924507, 0.0 ], [ 767779.403333760099486, 8982036.864624064415693, 0.0 ], [ 767768.965214158874005, 8982105.531955780461431, 0.0 ], [ 767752.941623273771256, 8982216.344847282394767, 0.0 ], [ 767751.873427940998226, 8982305.949409767985344, 0.0 ], [ 767769.978637182386592, 8982377.799591610208154, 0.0 ], [ 767785.777678052894771, 8982480.586569860577583, 0.0 ], [ 767796.915947000496089, 8982514.808949967846274, 0.0 ], [ 767800.655338630080223, 8982571.243550775572658, 0.0 ], [ 767805.361335756373592, 8982646.456407597288489, 0.0 ], [ 767784.085242881672457, 8982725.117476034909487, 0.0 ], [ 767749.274763092398643, 8982787.301887741312385, 0.0 ], [ 767688.482724649831653, 8982853.039891665801406, 0.0 ], [ 767678.14928443741519, 8982937.219655388966203, 0.0 ], [ 767721.118717056000605, 8982964.577171387150884, 0.0 ], [ 767829.835322669940069, 8983038.027603972703218, 0.0 ], [ 767932.498773627798073, 8983084.819196164608002, 0.0 ], [ 768092.537456621183082, 8983180.081919636577368, 0.0 ], [ 768179.264067672076635, 8983227.087039452046156, 0.0 ], [ 768286.093466262100264, 8983269.522744189947844, 0.0 ], [ 768297.163965000654571, 8983293.719969946891069, 0.0 ], [ 768298.864689044421539, 8983297.085438957437873, 0.0 ], [ 768304.81938105286099, 8983309.181201247498393, 0.0 ], [ 768299.489836340770125, 8983388.894968593493104, 0.0 ], [ 768301.582150428788736, 8983449.773311223834753, 0.0 ], [ 768299.404662413988262, 8983499.599739303812385, 0.0 ], [ 768286.404465976636857, 8983561.636159904301167, 0.0 ], [ 768281.021566832903773, 8983633.540811888873577, 0.0 ], [ 768269.161750919884071, 8983739.89330474473536, 0.0 ], [ 768217.081022080499679, 8983853.16802154108882, 0.0 ], [ 768207.134417150402442, 8983870.859700702130795, 0.0 ], [ 768194.694851121632382, 8983892.050927478820086, 0.0 ], [ 768163.065915218321607, 8983928.78047956712544, 0.0 ], [ 768123.946591739775613, 8983974.320164766162634, 0.0 ], [ 768077.262915022554807, 8984017.800557047128677, 0.0 ], [ 768060.015224263304844, 8984072.161714918911457, 0.0 ], [ 768059.590267946012318, 8984133.05706987157464, 0.0 ], [ 768064.175624630879611, 8984190.54131143540144, 0.0 ], [ 768064.371450616861694, 8984219.35045344941318, 0.0 ], [ 768079.083642545854673, 8984285.630619445815682, 0.0 ], [ 768075.100097976624966, 8984316.684364387765527, 0.0 ], [ 768074.358759241527878, 8984331.041871920228004, 0.0 ], [ 768073.580122168874368, 8984339.911919897422194, 0.0 ], [ 768074.497410713578574, 8984474.882218180224299, 0.0 ], [ 768086.813415525713935, 8984558.908207170665264, 0.0 ], [ 768110.783535521826707, 8984629.557873267680407, 0.0 ], [ 768166.684733722824603, 8984707.799960233271122, 0.0 ], [ 768186.960904205334373, 8984728.663200281560421, 0.0 ], [ 768224.996643905993551, 8984770.406772645190358, 0.0 ], [ 768312.821514960145578, 8984855.080343328416348, 0.0 ], [ 768350.887643386726268, 8984901.256038611754775, 0.0 ], [ 768426.219278333010152, 8984999.206092771142721, 0.0 ], [ 768449.979814650840126, 8985038.935998087748885, 0.0 ], [ 768455.471861902857199, 8985106.334292870014906, 0.0 ], [ 768474.454555856762454, 8985183.666478054597974, 0.0 ], [ 768489.333175492356531, 8985274.323758210986853, 0.0 ], [ 768484.420295829884708, 8985292.08673263899982, 0.0 ], [ 768478.713711520656943, 8985316.503689717501402, 0.0 ], [ 768464.328041751519777, 8985421.712463479489088, 0.0 ], [ 768268.689303925260901, 8985397.608726730570197, 0.0 ], [ 768058.138445349875838, 8985401.254915816709399, 0.0 ], [ 768005.287278791889548, 8985401.613690122961998, 0.0 ], [ 767898.768299803603441, 8985405.608079873025417, 0.0 ], [ 767792.272279306314886, 8985412.979067215695977, 0.0 ], [ 767735.9983115097275, 8985403.440629279240966, 0.0 ], [ 767653.379951738519594, 8985344.163844745606184, 0.0 ], [ 767551.332666261121631, 8985265.178526755422354, 0.0 ], [ 767472.835060646058992, 8985194.898208416998386, 0.0 ], [ 767438.949479329050519, 8985146.477379489690065, 0.0 ], [ 767429.286903660511598, 8985082.379169087857008, 0.0 ], [ 767396.974141733022407, 8985018.434422478079796, 0.0 ], [ 767340.445768393110484, 8984971.222292607650161, 0.0 ], [ 767321.90717745188158, 8984959.106122247874737, 0.0 ], [ 767290.755894252797589, 8984942.748541718348861, 0.0 ], [ 767223.652287873788737, 8984944.363813579082489, 0.0 ], [ 767180.374192524934188, 8984995.523339519277215, 0.0 ], [ 767172.434562525479123, 8985061.956832565367222, 0.0 ], [ 767178.658987697563134, 8985113.942059004679322, 0.0 ], [ 767191.519585102563724, 8985154.801490552723408, 0.0 ], [ 767158.952569688204676, 8985177.183680905029178, 0.0 ], [ 767147.252282496192493, 8985183.805857248604298, 0.0 ], [ 767123.860981247620657, 8985198.422043999657035, 0.0 ], [ 767074.343160108895972, 8985195.380071634426713, 0.0 ], [ 767027.986790047492832, 8985163.611922798678279, 0.0 ], [ 766922.705861970083788, 8985102.376678502187133, 0.0 ], [ 766851.114508570870385, 8985184.753529764711857, 0.0 ], [ 766795.949212320731021, 8985214.991931885480881, 0.0 ], [ 766764.39275176951196, 8985262.800074392929673, 0.0 ], [ 766753.238566455664113, 8985350.255822464823723, 0.0 ], [ 766766.704709580400959, 8985480.813286287710071, 0.0 ], [ 766769.400360958185047, 8985507.28357744589448, 0.0 ], [ 766772.0967239709571, 8985533.859387837350368, 0.0 ], [ 766772.463145594578236, 8985588.100289108231664, 0.0 ], [ 766733.895642155548558, 8985591.632290510460734, 0.0 ], [ 766722.959956877864897, 8985587.27381731942296, 0.0 ], [ 766682.603494927985594, 8985574.354889553040266, 0.0 ], [ 766617.81343086482957, 8985545.982200307771564, 0.0 ], [ 766622.344234511256218, 8985595.762599689885974, 0.0 ], [ 766647.757870698580518, 8985632.105003889650106, 0.0 ], [ 766664.078257532324642, 8985688.45430283434689, 0.0 ], [ 766660.182252664119005, 8985732.698427222669125, 0.0 ], [ 766622.010692639276385, 8985794.903252031654119, 0.0 ], [ 766577.556417192565277, 8985796.364143084734678, 0.0 ], [ 766512.33808127429802, 8985828.885868966579437, 0.0 ], [ 766442.902337761595845, 8985858.058891335502267, 0.0 ], [ 766387.646847875788808, 8985875.10555119626224, 0.0 ], [ 766337.41623379138764, 8985890.851852303370833, 0.0 ], [ 766247.586212347261608, 8985881.537444235756993, 0.0 ], [ 766150.206119423964992, 8985872.273713916540146, 0.0 ], [ 766084.801257249899209, 8985877.146657757461071, 0.0 ], [ 766010.451250347774476, 8985924.081174928694963, 0.0 ], [ 765967.215266290586442, 8985981.886829266324639, 0.0 ], [ 765929.948833982809447, 8986054.109990622848272, 0.0 ], [ 765904.4340907454025, 8986127.309323849156499, 0.0 ], [ 765882.259950238047168, 8986198.269964631646872, 0.0 ], [ 765872.054136903258041, 8986302.392380019649863, 0.0 ], [ 765900.631464798003435, 8986434.958352532237768, 0.0 ], [ 765923.024070701329038, 8986521.132224636152387, 0.0 ], [ 765934.547655193367973, 8986612.866852125152946, 0.0 ], [ 765934.095612701494247, 8986670.384397424757481, 0.0 ], [ 765921.231453564832918, 8986753.523964695632458, 0.0 ], [ 765904.179657077882439, 8986837.747000232338905, 0.0 ], [ 765905.524548305431381, 8986912.98167971149087, 0.0 ], [ 765939.647260915488005, 8986996.860563054680824, 0.0 ], [ 765963.568768497905694, 8987060.862662270665169, 0.0 ], [ 765986.599600748158991, 8987117.166968619450927, 0.0 ], [ 766016.23761582118459, 8987157.913764763623476, 0.0 ], [ 766077.799922066973522, 8987205.094279047101736, 0.0 ], [ 766147.848302086815238, 8987266.569898944348097, 0.0 ], [ 766241.468856296385638, 8987340.022930346429348, 0.0 ], [ 766284.634731564787216, 8987396.191697901114821, 0.0 ], [ 766317.065668713534251, 8987477.865793256089091, 0.0 ], [ 766306.606171512161382, 8987544.315461717545986, 0.0 ], [ 766300.2894827502314, 8987603.033435201272368, 0.0 ], [ 766307.306414606748149, 8987648.36471308581531, 0.0 ], [ 766339.53648385964334, 8987700.174807526171207, 0.0 ], [ 766380.267612844938412, 8987768.496110532432795, 0.0 ], [ 766359.509808554197662, 8987800.71737595461309, 0.0 ], [ 766286.248137971851975, 8987885.318858306854963, 0.0 ], [ 766212.117393853375688, 8987965.493649147450924, 0.0 ], [ 766141.289659204194322, 8988037.836698858067393, 0.0 ], [ 766087.1598918994423, 8988098.03677648678422, 0.0 ], [ 765982.439956705202349, 8988245.850868290290236, 0.0 ], [ 765871.787666874937713, 8988384.945231756195426, 0.0 ], [ 765844.362008336465806, 8988423.859240721911192, 0.0 ], [ 765833.551861691870727, 8988438.28402298502624, 0.0 ], [ 765823.58138622099068, 8988452.808687070384622, 0.0 ], [ 765757.904725317610428, 8988542.845244031399488, 0.0 ], [ 765673.533166647190228, 8988722.708266010507941, 0.0 ], [ 765635.356129911146127, 8988784.910892309620976, 0.0 ], [ 765565.587511244812049, 8988890.487314058467746, 0.0 ], [ 765435.575952978571877, 8989020.844688536599278, 0.0 ], [ 765404.17639251658693, 8989092.921396750956774, 0.0 ], [ 765390.536436749622226, 8989185.985266599804163, 0.0 ], [ 765385.182253105100244, 8989263.480630628764629, 0.0 ], [ 765359.588720206636935, 8989325.598465386778116, 0.0 ], [ 765351.295744343078695, 8989340.111679419875145, 0.0 ], [ 765324.729626606917009, 8989382.290680527687073, 0.0 ], [ 765291.510938439751044, 8989433.378753785043955, 0.0 ], [ 765263.259659546194598, 8989474.513653639703989, 0.0 ], [ 765182.976791308494285, 8989513.780437055975199, 0.0 ], [ 765116.971261258702725, 8989555.167682029306889, 0.0 ], [ 765055.331224039779045, 8989622.06395742110908, 0.0 ], [ 765039.508391660521738, 8989639.79329976439476, 0.0 ], [ 764966.975428396603093, 8989708.872777355834842, 0.0 ], [ 764869.310091043123975, 8989783.713029690086842, 0.0 ], [ 764771.621856490033679, 8989855.176125265657902, 0.0 ], [ 764727.369848112459294, 8989887.552684469148517, 0.0 ], [ 764542.670223344466649, 8989996.109096828848124, 0.0 ], [ 764342.265247904928401, 8990140.227072207257152, 0.0 ], [ 764267.139487847685814, 8990198.241333009675145, 0.0 ], [ 764188.760853175888769, 8990271.789922850206494, 0.0 ], [ 764165.431450490374118, 8990296.322628170251846, 0.0 ], [ 764131.246417551185004, 8990328.63124249689281, 0.0 ], [ 764092.329383004689589, 8990406.349062599241734, 0.0 ], [ 764071.605279777897522, 8990444.161066312342882, 0.0 ], [ 764036.757260855520144, 8990502.961897963657975, 0.0 ], [ 763973.273822841467336, 8990545.490511018782854, 0.0 ], [ 763877.827099127462134, 8990575.990097800269723, 0.0 ], [ 763796.488873618189245, 8990583.179161421954632, 0.0 ], [ 763689.936693797586486, 8990583.887222714722157, 0.0 ], [ 763595.815288167679682, 8990561.29598505795002, 0.0 ], [ 763516.773467648192309, 8990535.227502455934882, 0.0 ], [ 763424.410908658523113, 8990524.760101003572345, 0.0 ], [ 763367.374269802472554, 8990527.354750713333488, 0.0 ], [ 763290.32649270282127, 8990548.866267703473568, 0.0 ], [ 763267.953041574917734, 8990591.120799213647842, 0.0 ], [ 763228.792009063996375, 8990632.325813362374902, 0.0 ], [ 763190.301246184506454, 8990648.09382750838995, 0.0 ], [ 763131.732723986264318, 8990672.75381176918745, 0.0 ] ] ] } },
{ "type": "Feature", "properties": { "id": null, "Name": null, "description": "Unknown Area Type<BR><BR><B>GM_LAYER</B> = Unknown Area Type<BR><B>LAYER</B> = <BR><B>MAP_NAME</B> = AOI_DI<BR><B>fid</B> = 5<BR><B>SUCO_NAME</B> = BECO", "timestamp": null, "begin": null, "end": null, "altitudeMode": null, "tessellate": -1, "extrude": 0, "visibility": -1, "drawOrder": null, "icon": null }, "geometry": { "type": "Polygon", "coordinates": [ [ [ 759424.152781948214397, 8989909.298714011907578, 0.0 ], [ 759364.89812686399091, 8989957.27865300513804, 0.0 ], [ 759251.125625545857474, 8990007.830885531380773, 0.0 ], [ 759200.918535192846321, 8990028.103465177118778, 0.0 ], [ 759150.711407463648356, 8990048.375979155302048, 0.0 ], [ 759102.29727230546996, 8990086.259568484500051, 0.0 ], [ 759084.115177543484606, 8990128.483278660103679, 0.0 ], [ 759067.588903579278849, 8990167.319305527955294, 0.0 ], [ 759066.771305208094418, 8990170.595966685563326, 0.0 ], [ 759061.824366903863847, 8990183.924561336636543, 0.0 ], [ 759058.526416683103889, 8990192.8103012368083, 0.0 ], [ 758998.171596177737229, 8990200.907768869772553, 0.0 ], [ 758957.033651182078756, 8990196.744214663282037, 0.0 ], [ 758881.368951524724253, 8990172.967036958783865, 0.0 ], [ 758811.554365807911381, 8990145.66921010799706, 0.0 ], [ 758746.91885763022583, 8990140.603494646027684, 0.0 ], [ 758698.48298784752842, 8990175.215299556031823, 0.0 ], [ 758645.823354688938707, 8990205.422474743798375, 0.0 ], [ 758542.066980541916564, 8990248.203570326790214, 0.0 ], [ 758459.949460876639932, 8990264.14535821788013, 0.0 ], [ 758389.707884585019201, 8990300.059510940685868, 0.0 ], [ 758324.521258828230202, 8990339.211890935897827, 0.0 ], [ 758292.806360261049122, 8990364.850030979141593, 0.0 ], [ 758240.776471734279767, 8990362.972641784697771, 0.0 ], [ 758202.973187583149411, 8990355.515290381386876, 0.0 ], [ 758099.9034770677099, 8990374.969392923638225, 0.0 ], [ 758006.70705972937867, 8990364.495313739404082, 0.0 ], [ 757927.279755654162727, 8990407.116320595145226, 0.0 ], [ 757878.039754460449331, 8990447.219399310648441, 0.0 ], [ 757837.095997274853289, 8990472.91704823449254, 0.0 ], [ 757800.224988321540877, 8990479.804687183350325, 0.0 ], [ 757709.495447137509473, 8990461.610505133867264, 0.0 ], [ 757602.209510955610313, 8990477.819284068420529, 0.0 ], [ 757546.859510163310915, 8990481.449818965047598, 0.0 ], [ 757406.753607350285165, 8990482.35884803161025, 0.0 ], [ 757321.043846516869962, 8990461.915236132219434, 0.0 ], [ 757214.94826818886213, 8990402.875971155241132, 0.0 ], [ 757160.000441971817054, 8990339.073013056069613, 0.0 ], [ 757133.813063961570151, 8990311.48969161324203, 0.0 ], [ 757129.320024351822212, 8990306.410946821793914, 0.0 ], [ 758455.024372259387746, 8985304.390722077339888, 0.0 ], [ 758487.643907891353592, 8985255.916316458955407, 0.0 ], [ 758505.917603373527527, 8985228.148836644366384, 0.0 ], [ 758511.731522204587236, 8985219.246567247435451, 0.0 ], [ 758517.537836580071598, 8985209.183572242036462, 0.0 ], [ 758511.36871989897918, 8985163.847756858915091, 0.0 ], [ 758496.366282170638442, 8985148.403425408527255, 0.0 ], [ 761325.625623436295427, 8974473.314078807830811, 0.0 ], [ 761355.44679089775309, 8974486.965744467452168, 0.0 ], [ 761411.812783354427665, 8974513.076216945424676, 0.0 ], [ 761415.182171054068021, 8974515.269760973751545, 0.0 ], [ 761443.792647724156268, 8974529.535690572112799, 0.0 ], [ 761455.563268096651882, 8974533.889101885259151, 0.0 ], [ 761469.010453905793838, 8974538.125766092911363, 0.0 ], [ 761475.742166862706654, 8974541.457611411809921, 0.0 ], [ 761483.31182568857912, 8974544.678325453773141, 0.0 ], [ 761490.904082485358231, 8974551.275809751823545, 0.0 ], [ 761497.650647739181295, 8974556.823672361671925, 0.0 ], [ 761504.38943234924227, 8974561.210760811343789, 0.0 ], [ 761511.966870149713941, 8974565.592233365401626, 0.0 ], [ 761518.683048938517459, 8974566.60255927965045, 0.0 ], [ 761523.722664597677067, 8974567.729630483314395, 0.0 ], [ 761533.793407275574282, 8974568.717481654137373, 0.0 ], [ 761540.517371702007949, 8974570.888566754758358, 0.0 ], [ 761550.603662537410855, 8974574.197950586676598, 0.0 ], [ 761558.180403309059329, 8974578.473889188840985, 0.0 ], [ 761562.39622150384821, 8974581.822581952437758, 0.0 ], [ 761571.650943670538254, 8974586.192813560366631, 0.0 ], [ 761614.555203886004165, 8974605.850414948537946, 0.0 ], [ 761653.258539452217519, 8974624.375316429883242, 0.0 ], [ 761664.197640461265109, 8974629.789532277733088, 0.0 ], [ 761674.291033133631572, 8974634.154138354584575, 0.0 ], [ 761686.915214464534074, 8974640.717876655980945, 0.0 ], [ 761697.016390353208408, 8974646.243242038413882, 0.0 ], [ 761707.116862481925637, 8974651.663067443296313, 0.0 ], [ 761715.540061766514555, 8974657.09413979947567, 0.0 ], [ 761732.387164166197181, 8974668.061796832829714, 0.0 ], [ 761740.803289563511498, 8974672.437617378309369, 0.0 ], [ 761752.581772154546343, 8974677.951733589172363, 0.0 ], [ 761760.990135477972217, 8974681.166786517947912, 0.0 ], [ 761770.230062604183331, 8974683.320969754830003, 0.0 ], [ 761807.211733130039647, 8974695.208967240527272, 0.0 ], [ 761822.344816600671038, 8974700.700572669506073, 0.0 ], [ 761837.484978758031502, 8974707.24742210842669, 0.0 ], [ 761848.424138861475512, 8974712.661609590053558, 0.0 ], [ 761861.04837486310862, 8974719.225305307656527, 0.0 ], [ 761875.357689148047939, 8974726.938530245795846, 0.0 ], [ 761898.074695838615298, 8974737.761264584958553, 0.0 ], [ 761915.745687901973724, 8974746.507226902991533, 0.0 ], [ 761926.677798851509579, 8974750.86614853516221, 0.0 ], [ 761953.58877175510861, 8974761.766259139403701, 0.0 ], [ 762000.6570177358808, 8974776.963405974209309, 0.0 ], [ 762025.890744336997159, 8974787.874725088477135, 0.0 ], [ 762049.447202528594062, 8974798.797282036393881, 0.0 ], [ 762067.102697316091508, 8974805.2216583378613, 0.0 ], [ 762081.404311978025362, 8974811.774059260264039, 0.0 ], [ 762099.068316295044497, 8974819.464717859402299, 0.0 ], [ 762114.193725858815014, 8974823.795465786010027, 0.0 ], [ 762143.612990037305281, 8974833.517824560403824, 0.0 ], [ 762161.254363705520518, 8974837.831675410270691, 0.0 ], [ 762174.6954116364941, 8974841.118418462574482, 0.0 ], [ 762186.458454425213858, 8974844.310886213555932, 0.0 ], [ 762198.221499988343567, 8974847.503350906074047, 0.0 ], [ 762224.286934296833351, 8974857.35368756391108, 0.0 ], [ 762268.876356073073111, 8974878.054721172899008, 0.0 ], [ 762305.881128401262686, 8974893.319119315594435, 0.0 ], [ 762321.006608065916225, 8974897.649800159037113, 0.0 ], [ 762352.941972081083804, 8974907.35513648763299, 0.0 ], [ 762373.952915883855894, 8974913.862390376627445, 0.0 ], [ 762390.763518263818696, 8974919.342564651742578, 0.0 ], [ 762405.903198992367834, 8974925.783711457625031, 0.0 ], [ 762419.359200765611604, 8974931.286393662914634, 0.0 ], [ 762434.491805624449626, 8974936.672290127724409, 0.0 ], [ 762477.375108513282612, 8974953.057884644716978, 0.0 ], [ 762495.030786757473834, 8974959.48210278712213, 0.0 ], [ 762515.203145269188099, 8974965.994938783347607, 0.0 ], [ 762530.328695155214518, 8974970.325551545247436, 0.0 ], [ 762555.540788104990497, 8974977.965331237763166, 0.0 ], [ 762576.55891997483559, 8974985.527758920565248, 0.0 ], [ 762598.40152378869243, 8974990.974033903330564, 0.0 ], [ 762655.526546077569947, 8975004.942109666764736, 0.0 ], [ 762673.168097640154883, 8975009.255763303488493, 0.0 ], [ 762687.455039928667247, 8975013.591972513124347, 0.0 ], [ 762704.272854671929963, 8975020.127266129478812, 0.0 ], [ 762715.197386213345453, 8975023.325237311422825, 0.0 ], [ 762754.718537339242175, 8975038.572373852133751, 0.0 ], [ 762769.005506201297976, 8975042.908547170460224, 0.0 ], [ 762800.948992022429593, 8975053.774347122758627, 0.0 ], [ 762842.124831204419024, 8975065.633321003988385, 0.0 ], [ 762861.451587315881625, 8975071.09640316106379, 0.0 ], [ 762896.756875005201437, 8975082.994816718623042, 0.0 ], [ 762912.721206741174683, 8975087.319661656394601, 0.0 ], [ 762928.685543657513335, 8975091.644512033089995, 0.0 ], [ 762979.93321410974022, 8975104.59642188064754, 0.0 ], [ 763011.854123098193668, 8975112.085285155102611, 0.0 ], [ 763053.846793361240998, 8975120.667147513478994, 0.0 ], [ 763093.315684173488989, 8975128.105133602395654, 0.0 ], [ 763130.276441830443218, 8975136.720808917656541, 0.0 ], [ 763150.427037010202184, 8975139.962078047916293, 0.0 ], [ 763199.974860531161539, 8975149.548232287168503, 0.0 ], [ 763228.526316842064261, 8975154.843498161062598, 0.0 ], [ 763259.601593655766919, 8975161.282572243362665, 0.0 ], [ 763283.128929808037356, 8975167.772473115473986, 0.0 ], [ 763306.641336226835847, 8975172.046328134834766, 0.0 ], [ 763324.283117691753432, 8975176.35972517170012, 0.0 ], [ 763347.803361570928246, 8975181.794333565980196, 0.0 ], [ 763364.605781557736918, 8975186.007848735898733, 0.0 ], [ 763396.512684832210653, 8975191.385915586724877, 0.0 ], [ 763413.315830545732751, 8975195.704929262399673, 0.0 ], [ 763426.756499603041448, 8975198.885771408677101, 0.0 ], [ 763444.406144145061262, 8975204.359908116981387, 0.0 ], [ 763478.019586632959545, 8975214.053153041750193, 0.0 ], [ 763495.66925059678033, 8975219.527259092777967, 0.0 ], [ 763513.318209962104447, 8975224.895841304212809, 0.0 ], [ 763535.999159833183512, 8975230.230476763099432, 0.0 ], [ 763553.626075159525499, 8975232.327757302671671, 0.0 ], [ 763568.729879951570183, 8975233.386737072840333, 0.0 ], [ 763606.491898687789217, 8975236.403505198657513, 0.0 ], [ 763624.111700156820007, 8975237.445495249703526, 0.0 ], [ 763650.97891509719193, 8975241.696547333151102, 0.0 ], [ 763670.290296625113115, 8975244.837713379412889, 0.0 ], [ 763685.401240281178616, 8975246.951899962499738, 0.0 ], [ 763696.318862570915371, 8975249.094383489340544, 0.0 ], [ 763725.724881737376563, 8975256.705220554023981, 0.0 ], [ 763763.531826850958169, 8975266.369955211877823, 0.0 ], [ 763778.649914589012042, 8975269.53937066718936, 0.0 ], [ 763795.446054751984775, 8975272.802988851442933, 0.0 ], [ 763817.266374632716179, 8975274.87184664607048, 0.0 ], [ 763833.19322719774209, 8975273.603511244058609, 0.0 ], [ 763865.047646634979174, 8975271.172337556257844, 0.0 ], [ 763886.853007161756977, 8975271.02512658201158, 0.0 ], [ 763901.963994248188101, 8975273.139246139675379, 0.0 ], [ 763920.444623167510144, 8975277.446740034967661, 0.0 ], [ 763934.739751026732847, 8975282.943333309143782, 0.0 ], [ 763978.454570448026061, 8975298.055564487352967, 0.0 ], [ 764012.076180027914234, 8975308.90918499045074, 0.0 ], [ 764036.442512079142034, 8975315.393022261559963, 0.0 ], [ 764051.561380320927128, 8975318.667871227487922, 0.0 ], [ 764071.704423727467656, 8975320.747928055003285, 0.0 ], [ 764090.17014133837074, 8975322.83931865170598, 0.0 ], [ 764115.330246643163264, 8975322.669322226196527, 0.0 ], [ 764131.272115691914223, 8975323.616902176290751, 0.0 ], [ 764149.737845176830888, 8975325.708265818655491, 0.0 ], [ 764174.920795071870089, 8975328.915058918297291, 0.0 ], [ 764195.902538425289094, 8975330.989386765286326, 0.0 ], [ 764220.238985056988895, 8975333.041038990020752, 0.0 ], [ 764238.689743195660412, 8975332.91631636954844, 0.0 ], [ 764255.440341735025868, 8975329.426095316186547, 0.0 ], [ 764298.160505034727976, 8975321.433527050539851, 0.0 ], [ 764314.926073762238957, 8975320.159325772896409, 0.0 ], [ 764340.079088889993727, 8975318.93391883932054, 0.0 ], [ 764382.034794203820638, 8975321.921616278588772, 0.0 ], [ 764408.895134321646765, 8975325.11691802740097, 0.0 ], [ 764446.680362541927025, 8975331.509747728705406, 0.0 ], [ 764472.716332458658144, 8975336.821203738451004, 0.0 ], [ 764503.792209470761009, 8975343.259367249906063, 0.0 ], [ 764533.182899775216356, 8975348.548086754977703, 0.0 ], [ 764559.20463414338883, 8975351.748968679457903, 0.0 ], [ 764584.379834953229874, 8975353.79471542313695, 0.0 ], [ 764608.716368302470073, 8975355.846134953200817, 0.0 ], [ 764630.529037040425465, 8975356.753776974976063, 0.0 ], [ 764653.181088218698278, 8975357.761269014328718, 0.0 ], [ 764669.961716721649282, 8975358.702958308160305, 0.0 ], [ 764697.645836668089032, 8975359.676342528313398, 0.0 ], [ 764721.959529566112906, 8975358.350854868069291, 0.0 ], [ 764742.934258420951664, 8975359.369643909856677, 0.0 ], [ 764783.22781046689488, 8975364.584344634786248, 0.0 ], [ 764800.854998705442995, 8975366.681095773354173, 0.0 ], [ 764843.642445627949201, 8975368.607370464131236, 0.0 ], [ 764867.125352294882759, 8975368.448261763900518, 0.0 ], [ 764902.319694740464911, 8975363.77747111953795, 0.0 ], [ 764930.819646167103201, 8975361.368165651336312, 0.0 ], [ 764951.786543686175719, 8975361.226057149469852, 0.0 ], [ 764962.682173362700269, 8975360.096897969022393, 0.0 ], [ 764975.269462560303509, 8975361.066882308572531, 0.0 ], [ 764985.348603525431827, 8975363.214717341586947, 0.0 ], [ 764996.266411983058788, 8975365.356864642351866, 0.0 ], [ 765026.510983451036736, 8975372.855596143752337, 0.0 ], [ 765039.10615399479866, 8975374.986349456012249, 0.0 ], [ 765048.339473836938851, 8975376.084597505629063, 0.0 ], [ 765056.711209299392067, 8975373.811672871932387, 0.0 ], [ 765065.082955217920244, 8975371.538746120408177, 0.0 ], [ 765072.616012450540438, 8975369.271515592932701, 0.0 ], [ 765082.665100776473992, 8975366.987210365012288, 0.0 ], [ 765093.560748919378966, 8975365.858014117926359, 0.0 ], [ 765120.368342025671154, 8975361.243884013965726, 0.0 ], [ 765136.303200999973342, 8975361.135805269703269, 0.0 ], [ 765143.851286873919889, 8975361.084607841446996, 0.0 ], [ 765158.115962384967133, 8975362.043168181553483, 0.0 ], [ 765169.033792688045651, 8975364.185269627720118, 0.0 ], [ 765180.805336027755402, 8975368.537727791815996, 0.0 ], [ 765190.899526855326258, 8975372.901562390848994, 0.0 ], [ 765203.531959576765075, 8975380.519645541906357, 0.0 ], [ 765217.8574948979076, 8975390.447935495525599, 0.0 ], [ 765300.984021349227987, 8975404.23613404110074, 0.0 ], [ 765315.151314912829548, 8975390.843021487817168, 0.0 ], [ 765326.8254937781021, 8975380.843831030651927, 0.0 ], [ 765341.861533974064514, 8975371.877136122435331, 0.0 ], [ 765356.051726037403569, 8975361.860854821279645, 0.0 ], [ 765364.408413861645386, 8975357.371807459741831, 0.0 ], [ 765372.765111089684069, 8975352.882757738232613, 0.0 ], [ 765390.309276152285747, 8975342.738155774772167, 0.0 ], [ 765396.157814447302371, 8975339.426972424611449, 0.0 ], [ 765402.867241582367569, 8975339.381418021395802, 0.0 ], [ 765412.107740277657285, 8975341.534842180088162, 0.0 ], [ 765437.313220189651474, 8975348.012166190892458, 0.0 ], [ 765463.349519467679784, 8975353.323000295087695, 0.0 ], [ 765479.299461602116935, 8975355.430845035240054, 0.0 ], [ 765511.177136041922495, 8975356.375178569927812, 0.0 ], [ 765522.910751831019297, 8975355.134632769972086, 0.0 ], [ 765535.475878780591302, 8975352.833112861961126, 0.0 ], [ 765550.557043651351705, 8975350.514496171846986, 0.0 ], [ 765567.315567306475714, 8975348.184488601982594, 0.0 ], [ 765583.243297925801016, 8975347.02095259167254, 0.0 ], [ 765600.016879187198356, 8975346.906984999775887, 0.0 ], [ 765616.797632948262617, 8975347.848284013569355, 0.0 ], [ 765650.359854609356262, 8975349.836368637159467, 0.0 ], [ 765666.294764393940568, 8975349.728072520345449, 0.0 ], [ 765683.083418097463436, 8975351.830136673524976, 0.0 ], [ 765700.703582910820842, 8975352.871219024062157, 0.0 ], [ 765716.645672561135143, 8975353.818177180364728, 0.0 ], [ 765730.072440352989361, 8975354.8877516631037, 0.0 ], [ 765781.262064189650118, 8975358.972064232453704, 0.0 ], [ 765799.720209999009967, 8975359.901882451027632, 0.0 ], [ 765816.501714204670861, 8975360.948617160320282, 0.0 ], [ 765857.634383733733557, 8975366.156534617766738, 0.0 ], [ 765875.253862606361508, 8975367.092022523283958, 0.0 ], [ 765892.874062149669044, 8975368.133021425455809, 0.0 ], [ 765909.647686627926305, 8975368.018923219293356, 0.0 ], [ 765924.7439490982797, 8975367.916228674352169, 0.0 ], [ 765940.678895013872534, 8975367.807822531089187, 0.0 ], [ 765954.921401116298512, 8975365.49475110694766, 0.0 ], [ 765969.171086971648037, 8975364.236950254067779, 0.0 ], [ 765985.94471819838509, 8975364.122818861156702, 0.0 ], [ 766002.718340235529467, 8975364.008680326864123, 0.0 ], [ 766032.925963788409717, 8975366.019284717738628, 0.0 ], [ 766043.836736347526312, 8975367.105877930298448, 0.0 ], [ 766098.335981523618102, 8975364.518748436123133, 0.0 ], [ 766116.779090453637764, 8975363.232346473261714, 0.0 ], [ 766147.780879270168953, 8975358.694473922252655, 0.0 ], [ 766162.862072567921132, 8975356.375612525269389, 0.0 ], [ 766183.821232654852793, 8975355.072045538574457, 0.0 ], [ 766198.056556657538749, 8975351.703614039346576, 0.0 ], [ 766209.767924995161593, 8975347.191514987498522, 0.0 ], [ 766218.955336726270616, 8975341.535739537328482, 0.0 ], [ 766228.974252786487341, 8975334.81898214109242, 0.0 ], [ 766239.824649966321886, 8975327.04124197922647, 0.0 ], [ 766249.850736471125856, 8975321.37975549697876, 0.0 ], [ 766264.070952517678961, 8975315.795219914987683, 0.0 ], [ 766275.767221244401298, 8975309.067020665854216, 0.0 ], [ 766286.632701112190261, 8975303.505338910967112, 0.0 ], [ 766294.150637958897278, 8975299.021775770932436, 0.0 ], [ 766315.850680229021236, 8975283.360701870173216, 0.0 ], [ 766327.546921946923248, 8975276.632482316344976, 0.0 ], [ 766336.742225410998799, 8975272.137479092925787, 0.0 ], [ 766350.962417689966969, 8975266.552915055304766, 0.0 ], [ 766362.680943738901988, 8975263.096026776358485, 0.0 ], [ 766376.923425742425025, 8975260.782785400748253, 0.0 ], [ 766391.173818886745721, 8975259.630347622558475, 0.0 ], [ 766406.285191770177335, 8975261.743522616103292, 0.0 ], [ 766418.03392609313596, 8975262.718771386891603, 0.0 ], [ 766428.10602728894446, 8975263.810969427227974, 0.0 ], [ 766435.6613518234808, 8975264.814785894006491, 0.0 ], [ 766444.048177135409787, 8975264.75761541724205, 0.0 ], [ 766452.427798110991716, 8975263.645174769684672, 0.0 ], [ 766458.290662877261639, 8975262.444354409351945, 0.0 ], [ 766463.315553282620385, 8975261.35476983897388, 0.0 ], [ 766466.662370022968389, 8975260.17110070027411, 0.0 ], [ 766469.171223507262766, 8975259.09867911413312, 0.0 ], [ 766499.265203014016151, 8975244.435580477118492, 0.0 ], [ 766526.020266828592867, 8975232.116927623748779, 0.0 ], [ 766533.553295678459108, 8975229.84938695281744, 0.0 ], [ 766539.408948361990042, 8975227.593272430822253, 0.0 ], [ 766547.78857478289865, 8975226.480808515101671, 0.0 ], [ 766557.014069422613829, 8975226.417892152443528, 0.0 ], [ 766567.924137602909468, 8975227.398802792653441, 0.0 ], [ 766582.196843645069748, 8975229.517640186473727, 0.0 ], [ 766596.477470309473574, 8975232.797272467985749, 0.0 ], [ 766608.241332265082747, 8975235.988532423973083, 0.0 ], [ 766646.064822781365365, 8975247.866729469969869, 0.0 ], [ 766667.077254138654098, 8975254.371917169541121, 0.0 ], [ 766687.251011360436678, 8975260.882817756384611, 0.0 ], [ 766700.685063100187108, 8975263.007328011095524, 0.0 ], [ 766708.241128590889275, 8975264.116635015234351, 0.0 ], [ 766716.635169755900279, 8975265.114676209166646, 0.0 ], [ 766725.853482623817399, 8975263.996452026069164, 0.0 ], [ 766762.725315841380507, 8975259.312449188902974, 0.0 ], [ 766792.071320286835544, 8975257.951296800747514, 0.0 ], [ 766802.967002695659176, 8975256.821604110300541, 0.0 ], [ 766813.87710348458495, 8975257.802449939772487, 0.0 ], [ 766828.149857261916623, 8975259.921203892678022, 0.0 ], [ 766842.430538729182445, 8975263.200754549354315, 0.0 ], [ 766849.993819979019463, 8975265.365295300260186, 0.0 ], [ 766859.249613299500197, 8975269.734466589987278, 0.0 ], [ 766867.66671311436221, 8975274.109373545274138, 0.0 ], [ 766880.284446581383236, 8975279.510907521471381, 0.0 ], [ 766893.733664310304448, 8975283.851440219208598, 0.0 ], [ 766906.351417447323911, 8975289.25297849625349, 0.0 ], [ 766923.14816945977509, 8975292.515323368832469, 0.0 ], [ 766939.944216409930959, 8975295.672131180763245, 0.0 ], [ 766952.547569077229127, 8975298.963102463632822, 0.0 ], [ 766968.520062795374542, 8975304.341701604425907, 0.0 ], [ 766979.453257804154418, 8975308.699404897168279, 0.0 ], [ 766995.433701667468995, 8975315.238797564059496, 0.0 ], [ 767010.56032766320277, 8975319.56785018928349, 0.0 ], [ 767024.848271311027929, 8975323.902616046369076, 0.0 ], [ 767040.813593809260055, 8975328.225918333977461, 0.0 ], [ 767056.786131130764261, 8975333.604498581960797, 0.0 ], [ 767076.960032658535056, 8975340.115214314311743, 0.0 ], [ 767092.071542745921761, 8975342.228153048083186, 0.0 ], [ 767108.029675954370759, 8975345.496158877387643, 0.0 ], [ 767123.995024807751179, 8975349.819431835785508, 0.0 ], [ 767161.834061501547694, 8975363.913286598399282, 0.0 ], [ 767181.161397274117917, 8975369.268896030262113, 0.0 ], [ 767402.206578762736171, 8976417.915014866739511, 0.0 ], [ 767475.636166210984811, 8976484.954220749437809, 0.0 ], [ 767495.327633028617129, 8976543.495916843414307, 0.0 ], [ 767491.481697933282703, 8976594.389055958017707, 0.0 ], [ 767486.985965187195688, 8976672.936250496655703, 0.0 ], [ 767465.096987307304516, 8976783.789811721071601, 0.0 ], [ 767461.954080548137426, 8976814.837940882891417, 0.0 ], [ 767462.067276266403496, 8976831.405829733237624, 0.0 ], [ 767453.544249535887502, 8976934.358580127358437, 0.0 ], [ 767444.809898420935497, 8977006.391642313450575, 0.0 ], [ 767435.319647766533308, 8977090.566123398020864, 0.0 ], [ 767426.4561530117644, 8977143.709665862843394, 0.0 ], [ 767418.348485307302326, 8977184.711769707500935, 0.0 ], [ 767396.034978598589078, 8977233.514743499457836, 0.0 ], [ 767382.744274591095746, 8977252.495853764936328, 0.0 ], [ 767369.452836035750806, 8977271.371436387300491, 0.0 ], [ 767328.815331951482221, 8977339.084248125553131, 0.0 ], [ 767298.182683125371113, 8977397.96950913593173, 0.0 ], [ 767264.013544657966122, 8977430.284605745226145, 0.0 ], [ 767211.309440532466397, 8977450.58983800560236, 0.0 ], [ 767136.828445191611536, 8977475.47587669081986, 0.0 ], [ 767082.620179739547893, 8977521.224502107128501, 0.0 ], [ 767061.885635077487677, 8977555.663938427343965, 0.0 ], [ 767049.424751074519008, 8977573.372812554240227, 0.0 ], [ 767040.312323861988261, 8977590.109059680253267, 0.0 ], [ 767032.339261336484924, 8977650.950127033516765, 0.0 ], [ 767066.999362039845437, 8977690.605175990611315, 0.0 ], [ 767082.38293004676234, 8977732.502265540882945, 0.0 ], [ 767045.780515690101311, 8977777.075395444408059, 0.0 ], [ 767027.388660305179656, 8977786.065469903871417, 0.0 ], [ 767008.150148427113891, 8977793.900436280295253, 0.0 ], [ 766963.809847158379853, 8977810.771146547049284, 0.0 ], [ 766923.731507469899952, 8977837.63833824545145, 0.0 ], [ 766881.136885584448464, 8977864.522610947489738, 0.0 ], [ 766838.722576297703199, 8977917.894218591973186, 0.0 ], [ 766793.058772860793397, 8977986.801116121932864, 0.0 ], [ 766776.600695196306333, 8978033.452894059941173, 0.0 ], [ 766759.355530420900322, 8978087.70832896232605, 0.0 ], [ 766747.075989441014826, 8978132.115451103076339, 0.0 ], [ 766737.244430925929919, 8978166.480345379561186, 0.0 ], [ 766737.545298330835067, 8978210.696310916915536, 0.0 ], [ 766783.267079127952456, 8978273.493482030928135, 0.0 ], [ 766837.285990708740428, 8978322.937101271003485, 0.0 ], [ 766868.793806105619296, 8978392.373995237052441, 0.0 ], [ 766869.283648264594376, 8978464.343708215281367, 0.0 ], [ 766846.077212894102558, 8978505.448191780596972, 0.0 ], [ 766786.811461409321055, 8978547.853305770084262, 0.0 ], [ 766776.784452894935384, 8978553.514727342873812, 0.0 ], [ 766770.943331051617861, 8978557.986816916614771, 0.0 ], [ 766704.226955179823563, 8978614.90036035515368, 0.0 ], [ 766661.826434693299234, 8978670.487551098689437, 0.0 ], [ 766552.058034416055307, 8978810.641648491844535, 0.0 ], [ 766528.948527925182134, 8978866.097485894337296, 0.0 ], [ 766505.046048355521634, 8978928.312734022736549, 0.0 ], [ 766521.470730359549634, 8979000.068481044843793, 0.0 ], [ 766545.391985773923807, 8979064.069467628374696, 0.0 ], [ 766581.917706670239568, 8979131.361852673813701, 0.0 ], [ 766589.751958046574146, 8979173.31040270626545, 0.0 ], [ 766598.41780184279196, 8979214.197977522388101, 0.0 ], [ 766590.353460907703266, 8979261.847738768905401, 0.0 ], [ 766575.406168678309768, 8979284.111016616225243, 0.0 ], [ 766562.11345993867144, 8979302.986027734354138, 0.0 ], [ 766500.382794330478646, 8979353.216391244903207, 0.0 ], [ 766472.165552013553679, 8979397.731431985273957, 0.0 ], [ 766428.901916894828901, 8979449.946881636977196, 0.0 ], [ 766397.246346098836511, 8979482.243461852893233, 0.0 ], [ 766337.04307989962399, 8979510.406904347240925, 0.0 ], [ 766305.312217950820923, 8979531.623041026294231, 0.0 ], [ 766287.952844989602454, 8979569.310157449916005, 0.0 ], [ 766269.942906105425209, 8979634.756539344787598, 0.0 ], [ 766261.930195285240188, 8979690.109564544633031, 0.0 ], [ 766249.858818545937538, 8979765.435625020414591, 0.0 ], [ 766239.292468751431443, 8979815.318296289071441, 0.0 ], [ 766218.555542585672811, 8979849.75674251653254, 0.0 ], [ 766182.016975250095129, 8979904.247775733470917, 0.0 ], [ 766142.11529123398941, 8979957.600703673437238, 0.0 ], [ 766103.748768364428543, 8979989.942348366603255, 0.0 ], [ 766069.448823051527143, 8980003.471751525998116, 0.0 ], [ 766037.747416852973402, 8980029.119650423526764, 0.0 ], [ 766015.437695256667212, 8980079.081710806116462, 0.0 ], [ 766003.343388638691977, 8980151.136197995394468, 0.0 ], [ 765991.907695808215067, 8980196.592232732102275, 0.0 ], [ 765987.002191649051383, 8980215.410075379535556, 0.0 ], [ 765977.356197488610633, 8980277.42245108447969, 0.0 ], [ 765953.391466358210891, 8980330.772619133815169, 0.0 ], [ 765926.834568877471611, 8980372.953963972628117, 0.0 ], [ 765880.184513275977224, 8980420.864429112523794, 0.0 ], [ 765845.906262399046682, 8980437.664843369275331, 0.0 ], [ 765819.978763659950346, 8980448.921080380678177, 0.0 ], [ 765782.278208412113599, 8980455.824622320011258, 0.0 ], [ 765702.42123323539272, 8980430.93169779330492, 0.0 ], [ 765655.419114540563896, 8980426.817218959331512, 0.0 ], [ 765600.163980236742646, 8980442.703918186947703, 0.0 ], [ 765558.403610334731638, 8980469.474556919187307, 0.0 ], [ 765512.494882579776458, 8980503.027174709364772, 0.0 ], [ 765474.944027125835419, 8980532.090939465910196, 0.0 ], [ 765422.227195786195807, 8980551.231635134667158, 0.0 ], [ 765377.793441698653623, 8980554.803228095173836, 0.0 ], [ 765326.635145137552172, 8980556.309564597904682, 0.0 ], [ 765273.806396602769382, 8980558.882406279444695, 0.0 ], [ 765268.773670853348449, 8980558.916383078321815, 0.0 ], [ 765201.692653101170436, 8980562.640658481046557, 0.0 ], [ 765148.346288672881201, 8980612.811306815594435, 0.0 ], [ 765129.33039599203039, 8980653.885629473254085, 0.0 ], [ 765115.51164169353433, 8980719.302525795996189, 0.0 ], [ 765119.083213810576126, 8980751.359844271093607, 0.0 ], [ 765120.011703186202794, 8980764.650485636666417, 0.0 ], [ 765119.434161932906136, 8980803.384246217086911, 0.0 ], [ 765102.065791524597444, 8980840.01510863378644, 0.0 ], [ 765078.766022551804781, 8980867.821363802999258, 0.0 ], [ 765037.109512925380841, 8980910.103568570688367, 0.0 ], [ 765009.750147134065628, 8980957.882471650838852, 0.0 ], [ 764978.375967698520981, 8981032.282158549875021, 0.0 ], [ 764964.459235010435805, 8981083.241821359843016, 0.0 ], [ 764955.471407190896571, 8981118.760756900534034, 0.0 ], [ 764947.157381593016908, 8981129.791989075019956, 0.0 ], [ 764931.369526763213798, 8981152.059849869459867, 0.0 ], [ 764901.44860903150402, 8981193.207412097603083, 0.0 ], [ 764863.89665958005935, 8981222.27028620056808, 0.0 ], [ 764822.090248399181291, 8981242.391665542498231, 0.0 ], [ 764748.499596634879708, 8981276.129400473088026, 0.0 ], [ 764689.331848300527781, 8981334.041925277560949, 0.0 ], [ 764661.192543028388172, 8981390.690201027318835, 0.0 ], [ 764644.602534860838205, 8981418.450866155326366, 0.0 ], [ 764628.844203953864053, 8981445.150609441101551, 0.0 ], [ 764551.631845990894362, 8981564.07532530464232, 0.0 ], [ 764551.988855719566345, 8981617.154761221259832, 0.0 ], [ 764545.807115736184642, 8981695.816564902663231, 0.0 ], [ 764524.600520041771233, 8981785.554554715752602, 0.0 ], [ 764418.340533863287419, 8981951.10738280788064, 0.0 ], [ 764370.796152314171195, 8981991.317335734143853, 0.0 ], [ 764305.799579729209654, 8982055.91640248708427, 0.0 ], [ 764217.449840717134066, 8982140.617312029004097, 0.0 ], [ 764152.437897543655708, 8982202.999954279512167, 0.0 ], [ 764141.013852888485417, 8982250.670737557113171, 0.0 ], [ 764137.220574231585488, 8982310.426278145983815, 0.0 ], [ 764139.172969416016713, 8982351.358880236744881, 0.0 ], [ 764119.45688502327539, 8982413.437388498336077, 0.0 ], [ 764094.478416219120845, 8982441.359393585473299, 0.0 ], [ 764069.491416773060337, 8982468.015079069882631, 0.0 ], [ 764025.412417315645143, 8982524.769317071884871, 0.0 ], [ 763943.660460868151858, 8982592.856706026941538, 0.0 ], [ 763887.161413908586837, 8982673.965851422399282, 0.0 ], [ 763825.636917213676497, 8982756.26935875043273, 0.0 ], [ 763806.647851681220345, 8982801.774443021044135, 0.0 ], [ 763801.131602551904507, 8982854.892929766327143, 0.0 ], [ 763791.428947789827362, 8982909.200288269668818, 0.0 ], [ 763774.361907285870984, 8982991.205787470564246, 0.0 ], [ 763752.298495235852897, 8983078.732257023453712, 0.0 ], [ 763729.1226908036042, 8983125.426090585067868, 0.0 ], [ 763678.576000546803698, 8983218.736214656382799, 0.0 ], [ 763662.88951160479337, 8983256.409796761348844, 0.0 ], [ 763652.273443497251719, 8983299.642519375309348, 0.0 ], [ 763638.405772127793171, 8983358.409872060641646, 0.0 ], [ 763617.738354038214311, 8983403.925935203209519, 0.0 ], [ 763613.588635172927752, 8983410.602072697132826, 0.0 ], [ 763594.480244633043185, 8983438.378693781793118, 0.0 ], [ 763556.144808171084151, 8983476.203677542507648, 0.0 ], [ 763502.027238936745562, 8983537.456195479258895, 0.0 ], [ 763447.026212304597721, 8983592.066130777820945, 0.0 ], [ 763429.499368981458247, 8983605.480018857866526, 0.0 ], [ 763369.4277054509148, 8983654.530609309673309, 0.0 ], [ 763335.234607157763094, 8983684.623941514641047, 0.0 ], [ 763317.04649085062556, 8983724.635610762983561, 0.0 ], [ 763307.224242768017575, 8983761.214432939887047, 0.0 ], [ 763306.436852250481024, 8983768.923343595117331, 0.0 ], [ 763305.047446232172661, 8983812.094191171228886, 0.0 ], [ 763311.214713518740609, 8983856.269854517653584, 0.0 ], [ 763316.721436387859285, 8983927.148906417191029, 0.0 ], [ 763316.839136374299414, 8983944.771545881405473, 0.0 ], [ 763316.118687814567238, 8983962.505315311253071, 0.0 ], [ 763313.853740682359785, 8984000.194469166919589, 0.0 ], [ 763295.025231080595404, 8984069.969660861417651, 0.0 ], [ 763277.631262234528549, 8984103.327585093677044, 0.0 ], [ 763239.427922537201084, 8984161.096195857971907, 0.0 ], [ 763196.265279798069969, 8984229.978412533178926, 0.0 ], [ 763167.259526317706332, 8984283.253251139074564, 0.0 ], [ 763141.742176126223058, 8984356.449837636202574, 0.0 ], [ 763135.260808745864779, 8984390.895643245428801, 0.0 ], [ 763125.49649740755558, 8984436.23287102393806, 0.0 ], [ 763094.254663207568228, 8984531.628701129928231, 0.0 ], [ 763067.691868229419924, 8984573.91203948110342, 0.0 ], [ 763027.7733219335787, 8984626.204130487516522, 0.0 ], [ 763008.810806425986812, 8984676.034821979701519, 0.0 ], [ 763001.386934920446947, 8984694.974043050780892, 0.0 ], [ 762998.906916336040013, 8984700.478098502382636, 0.0 ], [ 763003.640034681651741, 8984781.281939405947924, 0.0 ], [ 763014.200185291701928, 8984855.293079378083348, 0.0 ], [ 762997.894724180921912, 8984926.211854349821806, 0.0 ], [ 762994.974528989521787, 8984991.553899710997939, 0.0 ], [ 762978.014236023649573, 8985090.125664666295052, 0.0 ], [ 762995.130587872467004, 8985140.876696914434433, 0.0 ], [ 763031.512261826079339, 8985187.172672931104898, 0.0 ], [ 763057.693907576845959, 8985213.486042413860559, 0.0 ], [ 763083.037403074791655, 8985239.910521181300282, 0.0 ], [ 763127.785538644180633, 8985282.773762986063957, 0.0 ], [ 763152.563163212733343, 8985350.147369796410203, 0.0 ], [ 763156.912290419917554, 8985373.33483449369669, 0.0 ], [ 763167.296071134041995, 8985420.859340701252222, 0.0 ], [ 763175.310197714250535, 8985490.4552665296942, 0.0 ], [ 763178.783887360827066, 8985508.161040980368853, 0.0 ], [ 763179.130611249478534, 8985560.184677224606276, 0.0 ], [ 763173.730290890205652, 8985631.030835527926683, 0.0 ], [ 763147.042646432179026, 8985780.638129647821188, 0.0 ], [ 763144.040703048929572, 8985833.739355584606528, 0.0 ], [ 763128.463106581475586, 8985888.085167266428471, 0.0 ], [ 763114.606808878714219, 8985948.962307734414935, 0.0 ], [ 763059.903259009472094, 8986048.946186160668731, 0.0 ], [ 762999.996731161139905, 8986123.53200688585639, 0.0 ], [ 762973.61561893299222, 8986193.35683118738234, 0.0 ], [ 762957.117879314813763, 8986235.57273475266993, 0.0 ], [ 762953.107363622402772, 8986263.248053105548024, 0.0 ], [ 762948.25793836847879, 8986290.92895114608109, 0.0 ], [ 762925.239875220344402, 8986361.892114501446486, 0.0 ], [ 762921.803514827042818, 8986475.886387676000595, 0.0 ], [ 762913.13500319654122, 8986560.050714200362563, 0.0 ], [ 762892.537862023804337, 8986616.64575058594346, 0.0 ], [ 762845.161608445690945, 8986683.338531821966171, 0.0 ], [ 762814.343061494524591, 8986716.785051420331001, 0.0 ], [ 762774.244587597087957, 8986742.484079860150814, 0.0 ], [ 762702.231137303286232, 8986762.907605774700642, 0.0 ], [ 762663.80265900073573, 8986787.434567544609308, 0.0 ], [ 762644.589105096645653, 8986799.803551252931356, 0.0 ], [ 762626.220767992548645, 8986813.11667138338089, 0.0 ], [ 762570.359433671925217, 8986865.513374771922827, 0.0 ], [ 762514.600943724741228, 8986933.422013157978654, 0.0 ], [ 762459.644033835735172, 8986995.732171224430203, 0.0 ], [ 762403.420105526922271, 8987119.995954701676965, 0.0 ], [ 762336.806827401625924, 8987195.78528138063848, 0.0 ], [ 762249.146230987738818, 8987260.527949078008533, 0.0 ], [ 762132.749673576792702, 8987293.380112880840898, 0.0 ], [ 762007.648635577876121, 8987278.696234825998545, 0.0 ], [ 761908.246680268552154, 8987217.409377055242658, 0.0 ], [ 761814.636411156971008, 8987143.842724665999413, 0.0 ], [ 761759.858630219940096, 8987106.637248039245605, 0.0 ], [ 761622.648118161712773, 8987036.735742771998048, 0.0 ], [ 761530.03133177140262, 8986986.378272004425526, 0.0 ], [ 761417.355075324652717, 8986947.339231144636869, 0.0 ], [ 761335.966788309859112, 8986945.661097850650549, 0.0 ], [ 761301.725153452367522, 8986969.103524090722203, 0.0 ], [ 761284.35707994713448, 8987006.891740599647164, 0.0 ], [ 761252.887908685952425, 8987069.044506102800369, 0.0 ], [ 761208.463722108863294, 8987202.091961465775967, 0.0 ], [ 761202.949528661672957, 8987256.369680086150765, 0.0 ], [ 761177.352319776779041, 8987318.483519174158573, 0.0 ], [ 761105.59328857017681, 8987377.630667023360729, 0.0 ], [ 761061.991497306153178, 8987381.189776865765452, 0.0 ], [ 760967.275314961792901, 8987394.055896164849401, 0.0 ], [ 760904.677819303236902, 8987443.116990517824888, 0.0 ], [ 760834.698320502880961, 8987517.7642917688936, 0.0 ], [ 760744.080152964917943, 8987643.306117473170161, 0.0 ], [ 760721.713796960422769, 8987686.614222036674619, 0.0 ], [ 760709.276050925487652, 8987708.85692940838635, 0.0 ], [ 760675.419850058620796, 8987790.96923372708261, 0.0 ], [ 760614.914686213131063, 8987903.121201511472464, 0.0 ], [ 760520.457760722259991, 8988083.033913962543011, 0.0 ], [ 760483.077676806366071, 8988139.736977964639664, 0.0 ], [ 760478.080229990184307, 8988145.257268358021975, 0.0 ], [ 760444.857842590776272, 8988196.339970801025629, 0.0 ], [ 760402.393298719776794, 8988245.372847525402904, 0.0 ], [ 760340.603497804608196, 8988289.995043814182281, 0.0 ], [ 760279.681627935147844, 8988339.043549446389079, 0.0 ], [ 760245.729435896268114, 8988406.804043337702751, 0.0 ], [ 760216.898044270230457, 8988487.827233692631125, 0.0 ], [ 760186.892749917227775, 8988517.888516914099455, 0.0 ], [ 760171.061898324405774, 8988534.560260087251663, 0.0 ], [ 760146.922125521348789, 8988563.52769972011447, 0.0 ], [ 760067.644924279302359, 8988628.208708358928561, 0.0 ], [ 760021.597867746721022, 8988642.862669445574284, 0.0 ], [ 759998.151407341123559, 8988649.664759382605553, 0.0 ], [ 759922.683529710397124, 8988655.647437376901507, 0.0 ], [ 759897.515565740410239, 8988655.812575802206993, 0.0 ], [ 759846.333817468490452, 8988655.093089867383242, 0.0 ], [ 759761.695857809623703, 8988669.999847821891308, 0.0 ], [ 759685.672709222882986, 8988719.251631302759051, 0.0 ], [ 759599.755763254361227, 8988795.05524024926126, 0.0 ], [ 759483.101993782445788, 8988917.491565709933639, 0.0 ], [ 759438.964554726495408, 8988967.589106878265738, 0.0 ], [ 759403.150750017375685, 8989007.607061184942722, 0.0 ], [ 759385.020161937223747, 8989057.534226465970278, 0.0 ], [ 759373.441488171811216, 8989083.041897913441062, 0.0 ], [ 759345.230426643509418, 8989259.244600463658571, 0.0 ], [ 759345.035645489580929, 8989357.702027844265103, 0.0 ], [ 759345.897191218915395, 8989489.393345400691032, 0.0 ], [ 759361.997082552174106, 8989641.984736416488886, 0.0 ], [ 759381.257411683676764, 8989764.691497886553407, 0.0 ], [ 759424.152781948214397, 8989909.298714011907578, 0.0 ] ] ] } },
{ "type": "Feature", "properties": { "id": null, "Name": null, "description": "Unknown Area Type<BR><BR><B>GM_LAYER</B> = Unknown Area Type<BR><B>LAYER</B> = <BR><B>MAP_NAME</B> = AOI_DI<BR><B>fid</B> = 6<BR><B>SUCO_NAME</B> = RAIMEA", "timestamp": null, "begin": null, "end": null, "altitudeMode": null, "tessellate": -1, "extrude": 0, "visibility": -1, "drawOrder": null, "icon": null }, "geometry": { "type": "Polygon", "coordinates": [ [ [ 767688.482724649831653, 8982853.039891665801406, 0.0 ], [ 767749.274763092398643, 8982787.301887741312385, 0.0 ], [ 767784.085242881672457, 8982725.117476034909487, 0.0 ], [ 767805.361335756373592, 8982646.456407597288489, 0.0 ], [ 767800.655338630080223, 8982571.243550775572658, 0.0 ], [ 767796.915947000496089, 8982514.808949967846274, 0.0 ], [ 767785.777678052894771, 8982480.586569860577583, 0.0 ], [ 767769.978637182386592, 8982377.799591610208154, 0.0 ], [ 767751.873427940998226, 8982305.949409767985344, 0.0 ], [ 767752.941623273771256, 8982216.344847282394767, 0.0 ], [ 767768.965214158874005, 8982105.531955780461431, 0.0 ], [ 767779.403333760099486, 8982036.864624064415693, 0.0 ], [ 767800.648520937771536, 8981953.771266534924507, 0.0 ], [ 767848.698099079541862, 8981864.902153298258781, 0.0 ], [ 767881.897112952894531, 8981812.648426461964846, 0.0 ], [ 767885.056268796441145, 8981783.816439809277654, 0.0 ], [ 767893.883838734822348, 8981725.080048885196447, 0.0 ], [ 767909.967563134618104, 8981623.236796010285616, 0.0 ], [ 767914.056038092356175, 8981607.695614829659462, 0.0 ], [ 767924.659586445079185, 8981563.405103461816907, 0.0 ], [ 767937.778853219468147, 8981518.991907959803939, 0.0 ], [ 767974.159356257645413, 8981441.282856294885278, 0.0 ], [ 767987.39930459484458, 8981414.598333701491356, 0.0 ], [ 768037.050353160477243, 8981314.742332002148032, 0.0 ], [ 768084.304808580782264, 8981232.526553584262729, 0.0 ], [ 768118.96166466770228, 8981148.180385824292898, 0.0 ], [ 768177.022378249559551, 8981051.53818373568356, 0.0 ], [ 768187.572063201805577, 8980999.438384162262082, 0.0 ], [ 768183.779067971860059, 8980935.300112511962652, 0.0 ], [ 768180.809028264135122, 8980868.834501337260008, 0.0 ], [ 768200.60134713142179, 8980818.993337120860815, 0.0 ], [ 768234.750585941364989, 8980783.301139947026968, 0.0 ], [ 768275.482027829159051, 8980728.779055496677756, 0.0 ], [ 768302.044379515573382, 8980687.650830028578639, 0.0 ], [ 768376.086459909798577, 8980597.547483593225479, 0.0 ], [ 768416.908302673604339, 8980556.321729285642505, 0.0 ], [ 768526.459488446591422, 8980506.92231029458344, 0.0 ], [ 768594.288795046275482, 8980489.784405872225761, 0.0 ], [ 768635.261849643196911, 8980470.719319039955735, 0.0 ], [ 768681.932591557269916, 8980426.181647699326277, 0.0 ], [ 768724.499433122575283, 8980394.86364808678627, 0.0 ], [ 768757.892795552266762, 8980371.417838163673878, 0.0 ], [ 768810.926652880734764, 8980398.704805180430412, 0.0 ], [ 768852.020158523810096, 8980397.262732585892081, 0.0 ], [ 768909.943235238082707, 8980403.514929454773664, 0.0 ], [ 768941.962335125310346, 8980424.402501063421369, 0.0 ], [ 768999.968591807060875, 8980442.79038723371923, 0.0 ], [ 769039.859896714682691, 8980388.27287619560957, 0.0 ], [ 769068.709997338242829, 8980313.885033888742328, 0.0 ], [ 769059.981505065923557, 8980264.23839558288455, 0.0 ], [ 769050.489399847108871, 8980225.572502639144659, 0.0 ], [ 769048.401944006211124, 8980165.749138718470931, 0.0 ], [ 769112.022164587164298, 8980146.52826333232224, 0.0 ], [ 769155.089571531163529, 8980188.341181935742497, 0.0 ], [ 769155.339769988087937, 8980224.854188123717904, 0.0 ], [ 769151.372798195690848, 8980258.019002938643098, 0.0 ], [ 769146.567740925587714, 8980291.295093828812242, 0.0 ], [ 769214.139182157348841, 8980236.587635075673461, 0.0 ], [ 769223.863439025590196, 8980186.708982137963176, 0.0 ], [ 769227.928691777400672, 8980167.896069886162877, 0.0 ], [ 769231.803701845929027, 8980121.32905032299459, 0.0 ], [ 769218.003835482057184, 8980066.123857643455267, 0.0 ], [ 769194.244726941920817, 8980026.500431446358562, 0.0 ], [ 769176.303735465276986, 8979979.027614763006568, 0.0 ], [ 769214.569403621833771, 8979932.224839013069868, 0.0 ], [ 769260.476050542318262, 8979898.772426979616284, 0.0 ], [ 769323.837387916399166, 8979841.877196121960878, 0.0 ], [ 769378.689676532521844, 8979767.41600508056581, 0.0 ], [ 769405.226986998692155, 8979722.909609030932188, 0.0 ], [ 769408.240348372142762, 8979673.076848994940519, 0.0 ], [ 769392.075900510884821, 8979640.050063723698258, 0.0 ], [ 769394.952377467649058, 8979570.272295957431197, 0.0 ], [ 769417.311460665659979, 8979528.116267956793308, 0.0 ], [ 769424.769297396065667, 8979514.767788348719478, 0.0 ], [ 769431.380381120950915, 8979500.264233686029911, 0.0 ], [ 769466.123407250270247, 8979429.212320676073432, 0.0 ], [ 769503.572491335100494, 8979385.791716109961271, 0.0 ], [ 769578.957534561865032, 8979369.865998309105635, 0.0 ], [ 769671.788862073095515, 8979329.336280580610037, 0.0 ], [ 769697.677399187581614, 8979312.58948809094727, 0.0 ], [ 769729.414217029698193, 8979292.425386385992169, 0.0 ], [ 769776.775990376831032, 8979226.774049704894423, 0.0 ], [ 769818.35825422918424, 8979174.56522018276155, 0.0 ], [ 769841.569904811913148, 8979134.513586912304163, 0.0 ], [ 769861.350880210171454, 8979083.509942345321178, 0.0 ], [ 769863.585590038914233, 8979042.547195741906762, 0.0 ], [ 769869.861760186031461, 8978979.394420996308327, 0.0 ], [ 769863.784856176236644, 8978949.569973582401872, 0.0 ], [ 769853.369606442982331, 8978898.774012092500925, 0.0 ], [ 769825.050394137040712, 8978805.992965180426836, 0.0 ], [ 769764.019056176999584, 8978713.436937456950545, 0.0 ], [ 769710.582636532606557, 8978627.477323347702622, 0.0 ], [ 769692.656359923654236, 8978582.220834380015731, 0.0 ], [ 769674.129201219766401, 8978449.586028346791863, 0.0 ], [ 769688.321144376299344, 8978317.781521733850241, 0.0 ], [ 769681.894446991151199, 8978237.091941496357322, 0.0 ], [ 769678.677577829221264, 8978135.273402109742165, 0.0 ], [ 769650.832430146401748, 8977989.405401360243559, 0.0 ], [ 769609.757478911662474, 8977871.278449734672904, 0.0 ], [ 769582.292961194762029, 8977780.707874165847898, 0.0 ], [ 769558.237250517588109, 8977697.923396607860923, 0.0 ], [ 769524.292491966392845, 8977518.854140745475888, 0.0 ], [ 769520.769782209186815, 8977494.49996155872941, 0.0 ], [ 769505.856185480603017, 8977399.410628501325846, 0.0 ], [ 769489.349341145367362, 8977316.574252983555198, 0.0 ], [ 769483.875403973390348, 8977252.44706947542727, 0.0 ], [ 769473.460517670726404, 8977201.651210632175207, 0.0 ], [ 769468.581311197718605, 8977102.060428153723478, 0.0 ], [ 769476.275846896809526, 8977001.327761499211192, 0.0 ], [ 769552.778477051993832, 8976295.83155457675457, 0.0 ], [ 769556.118097555940039, 8976293.592331578955054, 0.0 ], [ 769559.472985355416313, 8976293.569218637421727, 0.0 ], [ 769565.352036686381325, 8976294.689591674134135, 0.0 ], [ 769572.915792369283736, 8976296.853696130216122, 0.0 ], [ 769581.340822160360403, 8976302.283442698419094, 0.0 ], [ 769587.250403339858167, 8976307.836045753210783, 0.0 ], [ 769599.091395488008857, 8976322.107151668518782, 0.0 ], [ 769604.154271770967171, 8976326.504710745066404, 0.0 ], [ 769608.347886404255405, 8976326.475815292447805, 0.0 ], [ 769612.533502500737086, 8976325.286097668111324, 0.0 ], [ 769615.857842399389483, 8976320.830736093223095, 0.0 ], [ 769616.666024220408872, 8976316.392723212018609, 0.0 ], [ 769619.983101914636791, 8976310.882071359083056, 0.0 ], [ 769624.984895723173395, 8976306.415160393342376, 0.0 ], [ 769630.001948980730958, 8976304.164371071383357, 0.0 ], [ 769636.711729770991951, 8976304.118132693693042, 0.0 ], [ 769646.784390358021483, 8976305.209595028311014, 0.0 ], [ 769657.710331708425656, 8976308.405865157023072, 0.0 ], [ 769671.175707706483081, 8976314.961736416444182, 0.0 ], [ 769686.333810043754056, 8976323.722154807299376, 0.0 ], [ 769698.137025953503326, 8976332.505704386159778, 0.0 ], [ 769710.786245339084417, 8976342.338749565184116, 0.0 ], [ 769724.274195701582357, 8976352.166021866723895, 0.0 ], [ 769730.175817596376874, 8976356.557787815108895, 0.0 ], [ 769741.117778623476624, 8976362.075696602463722, 0.0 ], [ 769752.890465395525098, 8976366.426987305283546, 0.0 ], [ 769763.816439042566344, 8976369.623234465718269, 0.0 ], [ 769772.203675614786334, 8976369.565411351621151, 0.0 ], [ 769781.444927571574226, 8976371.717928385362029, 0.0 ], [ 769790.694173656171188, 8976375.031266616657376, 0.0 ], [ 769799.950697973370552, 8976379.399893777444959, 0.0 ], [ 769818.45576087385416, 8976386.976319817826152, 0.0 ], [ 769827.712303495500237, 8976391.3449418656528, 0.0 ], [ 769832.782486177282408, 8976396.797782359644771, 0.0 ], [ 769835.321949730161577, 8976400.157380342483521, 0.0 ], [ 769837.883972371928394, 8976406.788383565843105, 0.0 ], [ 769835.398357713944279, 8976411.237985035404563, 0.0 ], [ 769848.756834323052317, 8976402.280955145135522, 0.0 ], [ 769867.963096819934435, 8976389.906490799039602, 0.0 ], [ 769892.232989586191252, 8976382.03507836535573, 0.0 ], [ 769909.007493890356272, 8976381.919376567006111, 0.0 ], [ 769988.25251085346099, 8976440.049979444593191, 0.0 ], [ 770006.780959512339905, 8976451.003285743296146, 0.0 ], [ 770023.623953915433958, 8976460.80733578465879, 0.0 ], [ 770038.782219110988081, 8976469.567652527242899, 0.0 ], [ 770056.479253659490496, 8976481.582033498212695, 0.0 ], [ 770077.562521870597266, 8976498.111024383455515, 0.0 ], [ 770088.52645206428133, 8976506.794747777283192, 0.0 ], [ 770112.102631512563676, 8976519.929407246410847, 0.0 ], [ 770126.406918542226776, 8976526.479371415451169, 0.0 ], [ 770146.605634160689078, 8976536.365760736167431, 0.0 ], [ 770160.932518245186657, 8976546.187138359993696, 0.0 ], [ 770187.078129978501238, 8976567.008080018684268, 0.0 ], [ 770198.04283623630181, 8976575.797305457293987, 0.0 ], [ 770226.719987203134224, 8976598.816990621387959, 0.0 ], [ 770239.362166268751025, 8976607.594627412036061, 0.0 ], [ 770260.429560169111937, 8976621.801903896033764, 0.0 ], [ 770277.280724908458069, 8976632.766706474125385, 0.0 ], [ 770294.124612603336573, 8976642.676210237666965, 0.0 ], [ 770338.729799363994971, 8976664.424952078610659, 0.0 ], [ 770347.147755604470149, 8976668.799276014789939, 0.0 ], [ 770365.661133273737505, 8976677.536344269290566, 0.0 ], [ 770391.753742765169591, 8976690.653505500406027, 0.0 ], [ 770478.494897340191528, 8976740.922107229009271, 0.0 ], [ 770498.709160052589141, 8976753.024489743635058, 0.0 ], [ 770516.406495406059548, 8976765.038720697164536, 0.0 ], [ 770534.088527240557596, 8976774.836822431534529, 0.0 ], [ 770551.763275803416036, 8976783.579611713066697, 0.0 ], [ 770571.954237904865295, 8976792.305014712736011, 0.0 ], [ 770589.621711908606812, 8976799.992495192214847, 0.0 ], [ 770603.910895849345252, 8976804.326195793226361, 0.0 ], [ 770621.569630491547287, 8976810.747302869334817, 0.0 ], [ 770644.284884402877651, 8976820.616111030802131, 0.0 ], [ 770656.91192939481698, 8976827.177529692649841, 0.0 ], [ 770671.231781321577728, 8976835.943473163992167, 0.0 ], [ 770685.550910906866193, 8976844.603891134262085, 0.0 ], [ 770732.734887267230079, 8976875.304964147508144, 0.0 ], [ 770743.684487392776646, 8976881.877963412553072, 0.0 ], [ 770767.268492966308258, 8976896.067651063203812, 0.0 ], [ 770784.958685868652537, 8976907.026501284912229, 0.0 ], [ 770820.3464270173572, 8976929.999493760988116, 0.0 ], [ 770852.333978281822056, 8976946.45278886705637, 0.0 ], [ 770870.016204206040129, 8976956.250781675800681, 0.0 ], [ 770889.375928106834181, 8976966.037162786349654, 0.0 ], [ 770929.773618741426617, 8976985.703818432986736, 0.0 ], [ 770948.280027807690203, 8976993.385374069213867, 0.0 ], [ 770964.276783817680553, 8977002.034112514927983, 0.0 ], [ 771000.488870970788412, 8977022.890578789636493, 0.0 ], [ 771014.800858303206041, 8977030.495602888986468, 0.0 ], [ 771085.615671679377556, 8977082.034373803064227, 0.0 ], [ 771102.467325075762346, 8977092.99893156811595, 0.0 ], [ 771116.779364061192609, 8977100.603930097073317, 0.0 ], [ 771134.45444025634788, 8977109.346538972109556, 0.0 ], [ 771152.144871217431501, 8977120.305274499580264, 0.0 ], [ 771172.358856983366422, 8977132.30188006721437, 0.0 ], [ 771210.271374774165452, 8977156.41804027184844, 0.0 ], [ 771232.18629124679137, 8977171.779985090717673, 0.0 ], [ 771246.506433098576963, 8977180.545794829726219, 0.0 ], [ 771260.826593141653575, 8977189.31158984452486, 0.0 ], [ 771289.466182072064839, 8977206.737646961584687, 0.0 ], [ 771303.786352979252115, 8977215.503442354500294, 0.0 ], [ 771323.139030872145668, 8977224.234358336776495, 0.0 ], [ 771374.509808314498514, 8977253.745016124099493, 0.0 ], [ 771392.193076893570833, 8977263.648376097902656, 0.0 ], [ 771404.835060220677406, 8977272.320236500352621, 0.0 ], [ 771424.22657077643089, 8977286.644234282895923, 0.0 ], [ 771438.577526937238872, 8977299.842279892414808, 0.0 ], [ 771452.912402091431431, 8977310.718641409650445, 0.0 ], [ 771467.240702936891466, 8977320.645231485366821, 0.0 ], [ 771481.583640951197594, 8977332.682421827688813, 0.0 ], [ 771527.122194427764043, 8977367.826774163171649, 0.0 ], [ 771539.764978148043156, 8977376.604140851646662, 0.0 ], [ 771559.132453254656866, 8977387.445590075105429, 0.0 ], [ 771575.130279583507217, 8977396.199677823111415, 0.0 ], [ 771592.805628747446463, 8977404.942140748724341, 0.0 ], [ 771610.473669848404825, 8977412.629284009337425, 0.0 ], [ 771628.979745526565239, 8977420.205071203410625, 0.0 ], [ 771666.030703042750247, 8977440.949763253331184, 0.0 ], [ 771699.703990360256284, 8977458.446246342733502, 0.0 ], [ 771715.709208128973842, 8977468.255606772378087, 0.0 ], [ 771729.183515852317214, 8977475.971799220889807, 0.0 ], [ 771765.418542624684051, 8977499.993698470294476, 0.0 ], [ 771779.754330629017204, 8977510.975516278296709, 0.0 ], [ 771794.098181043518707, 8977523.1181684974581, 0.0 ], [ 771815.158720495412126, 8977536.164042484015226, 0.0 ], [ 771852.210648815380409, 8977557.014134962111712, 0.0 ], [ 771887.576320296153426, 8977576.609483510255814, 0.0 ], [ 771906.105990979587659, 8977587.56216636300087, 0.0 ], [ 771922.119383890414611, 8977598.532307963818312, 0.0 ], [ 771937.286698280833662, 8977608.452962351962924, 0.0 ], [ 772027.464454656932503, 8977669.776628658175468, 0.0 ], [ 772108.354534478858113, 8977722.299628807231784, 0.0 ], [ 772175.755657845875248, 8977764.995809942483902, 0.0 ], [ 772181.649759416701272, 8977768.226491335779428, 0.0 ], [ 772202.719378994079307, 8977782.538599004969001, 0.0 ], [ 772249.074523415765725, 8977814.299576165154576, 0.0 ], [ 772292.913449816638604, 8977846.078013334423304, 0.0 ], [ 772304.709758965182118, 8977853.700203998014331, 0.0 ], [ 772321.554833084461279, 8977863.609092473983765, 0.0 ], [ 772329.98066847701557, 8977869.03843261115253, 0.0 ], [ 772339.253356097731739, 8977875.622784066945314, 0.0 ], [ 772351.896524416981265, 8977884.399966821074486, 0.0 ], [ 772366.23264521069359, 8977895.381648609414697, 0.0 ], [ 772383.939267197507434, 8977908.556169139221311, 0.0 ], [ 772409.217586161685176, 8977924.949671775102615, 0.0 ], [ 772415.965914372587577, 8977930.390660140663385, 0.0 ], [ 772465.669189876876771, 8977961.072853064164519, 0.0 ], [ 772474.087744974647649, 8977965.446853274479508, 0.0 ], [ 772479.135786583297886, 8977967.628016006201506, 0.0 ], [ 772490.924850864335895, 8977974.19484981149435, 0.0 ], [ 772515.333674659021199, 8977986.161835089325905, 0.0 ], [ 772526.283966594492085, 8977992.734493415802717, 0.0 ], [ 772543.951803357806057, 8978000.315797945484519, 0.0 ], [ 772552.363040386466309, 8978003.634476907551289, 0.0 ], [ 772558.265280273742974, 8978008.025962239131331, 0.0 ], [ 772564.159459862159565, 8978011.256603751331568, 0.0 ], [ 772570.061713453615084, 8978015.648087868466973, 0.0 ], [ 772579.342546630185097, 8978023.393245302140713, 0.0 ], [ 772588.630722969770432, 8978032.193710619583726, 0.0 ], [ 772595.386438193032518, 8978038.689988479018211, 0.0 ], [ 772602.127465475583449, 8978043.075647369027138, 0.0 ], [ 772606.344835500814952, 8978046.423475217074156, 0.0 ], [ 772611.400249205296859, 8978049.659956891089678, 0.0 ], [ 772617.287089611869305, 8978051.83527284860611, 0.0 ], [ 772624.012718879152089, 8978054.004765048623085, 0.0 ], [ 772629.060795071301982, 8978056.185913540422916, 0.0 ], [ 772634.116935461759567, 8978059.527916373685002, 0.0 ], [ 772640.019205492921174, 8978063.919393856078386, 0.0 ], [ 772645.921477026189677, 8978068.310881854966283, 0.0 ], [ 772678.818045268999413, 8978094.571713920682669, 0.0 ], [ 772686.413288957905024, 8978101.167682114988565, 0.0 ], [ 772694.83189622592181, 8978105.541649198159575, 0.0 ], [ 772699.041206230642274, 8978107.728637740015984, 0.0 ], [ 772716.717219470301643, 8978116.470730887725949, 0.0 ], [ 772723.450211260234937, 8978119.695520395413041, 0.0 ], [ 772751.237838103901595, 8978135.016057047992945, 0.0 ], [ 772759.656462660292163, 8978139.390025051310658, 0.0 ], [ 772773.970046429429203, 8978147.100134773179889, 0.0 ], [ 772789.121682431083173, 8978154.698869368061423, 0.0 ], [ 772837.955994342104532, 8978180.954242302104831, 0.0 ], [ 772861.541748902527615, 8978195.143067134544253, 0.0 ], [ 772875.87815214577131, 8978206.124628799036145, 0.0 ], [ 772881.780465584946796, 8978210.516082676127553, 0.0 ], [ 772887.690137558849528, 8978215.96285811625421, 0.0 ], [ 772901.195120882708579, 8978228.005575355142355, 0.0 ], [ 772907.936234142864123, 8978232.391187816858292, 0.0 ], [ 772912.15364410483744, 8978235.739005921408534, 0.0 ], [ 772919.733542772941291, 8978240.11877784691751, 0.0 ], [ 772934.885253177490085, 8978247.717472802847624, 0.0 ], [ 772950.86105872108601, 8978253.199689390137792, 0.0 ], [ 772955.909187115263194, 8978255.380818283185363, 0.0 ], [ 772962.650301897898316, 8978259.766424229368567, 0.0 ], [ 772978.656246250029653, 8978269.575435353443027, 0.0 ], [ 772982.872943575493991, 8978272.817713879048824, 0.0 ], [ 772992.977283589425497, 8978278.340811567381024, 0.0 ], [ 773002.242118972120807, 8978283.76420259103179, 0.0 ], [ 773016.547735304338858, 8978290.313403360545635, 0.0 ], [ 773029.175788669614121, 8978296.874282881617546, 0.0 ], [ 773045.174419872928411, 8978305.627951873466372, 0.0 ], [ 773066.228543929988518, 8978317.618058001622558, 0.0 ], [ 773080.534188045421615, 8978324.167241441085935, 0.0 ], [ 773103.25856773275882, 8978335.090324910357594, 0.0 ], [ 773110.838502861442976, 8978339.470070527866483, 0.0 ], [ 773143.659204914467409, 8978354.755352051928639, 0.0 ], [ 773185.76027020229958, 8978377.680155713111162, 0.0 ], [ 773228.700169915682636, 8978400.599070994183421, 0.0 ], [ 773248.908277097856626, 8978411.53962729126215, 0.0 ], [ 773258.18937067175284, 8978419.28468288294971, 0.0 ], [ 773271.663664438063279, 8978426.89497385174036, 0.0 ], [ 773286.000289703952149, 8978437.876437311992049, 0.0 ], [ 773302.014501989586279, 8978448.846204996109009, 0.0 ], [ 773330.656165274092928, 8978466.271243542432785, 0.0 ], [ 773343.284347023349255, 8978472.832050377503037, 0.0 ], [ 773348.340628006029874, 8978476.173990774899721, 0.0 ], [ 773366.001558767165989, 8978482.699708845466375, 0.0 ], [ 773371.049750628648326, 8978484.880786979570985, 0.0 ], [ 773375.25914181896951, 8978487.067723436281085, 0.0 ], [ 773381.153482946450822, 8978490.29827836714685, 0.0 ], [ 773401.369062016485259, 8978502.29410476796329, 0.0 ], [ 773405.578457300085574, 8978504.481027834117413, 0.0 ], [ 773421.577285947045311, 8978513.234598292037845, 0.0 ], [ 773437.584217360941693, 8978523.149002615362406, 0.0 ], [ 773453.590422098059207, 8978532.957878764718771, 0.0 ], [ 773460.323570695938542, 8978536.182576196268201, 0.0 ], [ 773479.677597680361941, 8978544.9127327054739, 0.0 ], [ 773484.733891554642469, 8978548.25464997254312, 0.0 ], [ 773493.991519935894758, 8978552.622655024752021, 0.0 ], [ 773505.780974215827882, 8978559.189262662082911, 0.0 ], [ 773511.675329593243077, 8978562.419803684577346, 0.0 ], [ 773532.737887920462526, 8978575.570582652464509, 0.0 ], [ 773536.9473121475894, 8978577.75750657171011, 0.0 ], [ 773542.002880309941247, 8978580.993895024061203, 0.0 ], [ 773554.623797075590119, 8978586.499325960874557, 0.0 ], [ 773569.768450400442816, 8978593.042526949197054, 0.0 ], [ 773581.53437559818849, 8978596.23210122063756, 0.0 ], [ 773596.679039538023062, 8978602.775293985381722, 0.0 ], [ 773609.307326585287228, 8978609.336038272827864, 0.0 ], [ 773613.516760328901, 8978611.52294497564435, 0.0 ], [ 773628.66143814381212, 8978618.066128335893154, 0.0 ], [ 773652.232351678307168, 8978630.038442090153694, 0.0 ], [ 773669.085565774003044, 8978641.00225424952805, 0.0 ], [ 773675.834959362167865, 8978646.548637943342328, 0.0 ], [ 773680.051755447173491, 8978649.790867079049349, 0.0 ], [ 773687.63921163068153, 8978655.225861316546798, 0.0 ], [ 773692.695553080877289, 8978658.567760020494461, 0.0 ], [ 773696.90498750039842, 8978660.754671508446336, 0.0 ], [ 773701.960594230680726, 8978663.991045497357845, 0.0 ], [ 773710.372123226872645, 8978667.309538889676332, 0.0 ], [ 773726.362996995798312, 8978674.902157407253981, 0.0 ], [ 773749.926630767877214, 8978685.819112194702029, 0.0 ], [ 773756.659840257954784, 8978689.043771993368864, 0.0 ], [ 773762.546876943903044, 8978691.218968838453293, 0.0 ], [ 773768.433925405843183, 8978693.394153827801347, 0.0 ], [ 773775.159760994254611, 8978695.563494209200144, 0.0 ], [ 773780.208014065399766, 8978697.744543882086873, 0.0 ], [ 773786.095065105240792, 8978699.919726736843586, 0.0 ], [ 773802.932885922724381, 8978708.667329434305429, 0.0 ], [ 773823.988270524074323, 8978720.762669607996941, 0.0 ], [ 773839.147778393002227, 8978729.416426936164498, 0.0 ], [ 773852.623065565596335, 8978737.132110618054867, 0.0 ], [ 773855.99373317277059, 8978739.324865944683552, 0.0 ], [ 773868.629492384381592, 8978746.940867267549038, 0.0 ], [ 773882.943592222873122, 8978754.650686893612146, 0.0 ], [ 773890.523734324495308, 8978759.030336666852236, 0.0 ], [ 773897.256961814127862, 8978762.254978727549314, 0.0 ], [ 773917.441934880102053, 8978769.818252470344305, 0.0 ], [ 773922.490209159208462, 8978771.999277345836163, 0.0 ], [ 773955.27339926129207, 8978781.796384340152144, 0.0 ], [ 773964.523038994753733, 8978785.003442021086812, 0.0 ], [ 773983.869981626514345, 8978792.67808180116117, 0.0 ], [ 774002.377396071911789, 8978800.253038177266717, 0.0 ], [ 774013.312757563311607, 8978804.609221741557121, 0.0 ], [ 774019.199834500439465, 8978806.78438837453723, 0.0 ], [ 774025.086923290742561, 8978808.959554221481085, 0.0 ], [ 774031.812813978875056, 8978811.128848414868116, 0.0 ], [ 774036.868464971892536, 8978814.365191614255309, 0.0 ], [ 774047.819330475875176, 8978820.937551600858569, 0.0 ], [ 774053.706412931205705, 8978823.11271420493722, 0.0 ], [ 774063.818482861621305, 8978829.690931338816881, 0.0 ], [ 774069.713678655447438, 8978833.026935322210193, 0.0 ], [ 774080.656434519216418, 8978838.438434666022658, 0.0 ], [ 774094.115611523389816, 8978843.832348665222526, 0.0 ], [ 774102.534593977266923, 8978848.206096166744828, 0.0 ], [ 774110.107412911602296, 8978851.530384290963411, 0.0 ], [ 774117.679484983673319, 8978854.749136112630367, 0.0 ], [ 774124.405392254004255, 8978856.918417848646641, 0.0 ], [ 774132.808895068010315, 8978859.075986266136169, 0.0 ], [ 774182.430263792164624, 8978877.620420541614294, 0.0 ], [ 774190.848529791925102, 8978881.888618279248476, 0.0 ], [ 774199.260170208872296, 8978885.207030003890395, 0.0 ], [ 774209.348671338520944, 8978888.408178612589836, 0.0 ], [ 774233.751434141304344, 8978899.319048563018441, 0.0 ], [ 774240.477349281311035, 8978901.488325258716941, 0.0 ], [ 774257.292526891455054, 8978906.964263772591949, 0.0 ], [ 774284.210986954160035, 8978917.751992279663682, 0.0 ], [ 774293.46145243558567, 8978921.064512185752392, 0.0 ], [ 774303.549976249225438, 8978924.265641041100025, 0.0 ], [ 774311.969009103020653, 8978928.639365343376994, 0.0 ], [ 774329.645897856913507, 8978937.380922267213464, 0.0 ], [ 774365.823011042317376, 8978952.64197470061481, 0.0 ], [ 774381.806815335294232, 8978959.179068675264716, 0.0 ], [ 774406.225183804519475, 8978972.306044816970825, 0.0 ], [ 774413.797327253269032, 8978975.524751948192716, 0.0 ], [ 774421.37758119951468, 8978979.904314909130335, 0.0 ], [ 774438.208338286494836, 8978987.596381051465869, 0.0 ], [ 774452.514560400741175, 8978994.145188178867102, 0.0 ], [ 774460.086713793920353, 8978997.363888485357165, 0.0 ], [ 774475.216248190030456, 8979001.690631126984954, 0.0 ], [ 774484.458627362037078, 8979003.842269260436296, 0.0 ], [ 774502.950785052846186, 8979009.200850639492273, 0.0 ], [ 774511.362483370467089, 8979012.519209686666727, 0.0 ], [ 774537.419435238465667, 8979020.041146501898766, 0.0 ], [ 774562.638320186524652, 8979027.674474315717816, 0.0 ], [ 774571.041917610913515, 8979029.831964865326881, 0.0 ], [ 774598.792020520428196, 8979039.558318719267845, 0.0 ], [ 774608.888743356801569, 8979043.920242005959153, 0.0 ], [ 774628.243398788268678, 8979052.649953758344054, 0.0 ], [ 774648.444262181525119, 8979062.429120626300573, 0.0 ], [ 774666.975632579531521, 8979073.380882550030947, 0.0 ], [ 774677.079774378333241, 8979078.798126727342606, 0.0 ], [ 774687.184647228219546, 8979084.320893689990044, 0.0 ], [ 774694.756847538053989, 8979087.539558382704854, 0.0 ], [ 774708.216970080393367, 8979093.038842249661684, 0.0 ], [ 774730.079976971028373, 8979100.590038662776351, 0.0 ], [ 774750.250603684806265, 8979106.042313821613789, 0.0 ], [ 774759.493038587272167, 8979108.193897703662515, 0.0 ], [ 774769.573558743577451, 8979110.23406994715333, 0.0 ], [ 774779.662938141846098, 8979113.540635231882334, 0.0 ], [ 774789.751580786774866, 8979116.741662660613656, 0.0 ], [ 774809.083419635077007, 8979122.199786314740777, 0.0 ], [ 774828.407135469955392, 8979126.497041938826442, 0.0 ], [ 774836.810771685093641, 8979128.654485143721104, 0.0 ], [ 774846.060624914476648, 8979131.861375560984015, 0.0 ], [ 774895.674741823459044, 8979149.244227631017566, 0.0 ], [ 774904.917214482557029, 8979151.395770950242877, 0.0 ], [ 774917.522325527505018, 8979154.579140931367874, 0.0 ], [ 774929.289365428732708, 8979157.873920332640409, 0.0 ], [ 774941.894482523435727, 8979161.057283567264676, 0.0 ], [ 774951.152492104563862, 8979165.425014378502965, 0.0 ], [ 774962.911406152881682, 8979167.558924363926053, 0.0 ], [ 775023.44578000344336, 8979187.081427350640297, 0.0 ], [ 775039.421714875032194, 8979192.457435060292482, 0.0 ], [ 775050.349970309995115, 8979195.758063143119216, 0.0 ], [ 775063.802082603797317, 8979200.096375232562423, 0.0 ], [ 775076.415372515562922, 8979204.440563574433327, 0.0 ], [ 775087.342897107824683, 8979207.635647153481841, 0.0 ], [ 775096.585394550231285, 8979209.787162939086556, 0.0 ], [ 775124.312918238923885, 8979216.241687638685107, 0.0 ], [ 775133.555421903613023, 8979218.393184734508395, 0.0 ], [ 775154.556894068606198, 8979222.678550673648715, 0.0 ], [ 775163.799402756965719, 8979224.83004149608314, 0.0 ], [ 775174.719546153908595, 8979226.969777585938573, 0.0 ], [ 775187.317335749859922, 8979229.097735408693552, 0.0 ], [ 775199.07630009832792, 8979231.23158316873014, 0.0 ], [ 775209.165033979108557, 8979234.432519914582372, 0.0 ], [ 775229.335858201840892, 8979239.884595934301615, 0.0 ], [ 775238.585781455272809, 8979243.091409398242831, 0.0 ], [ 775247.82831565500237, 8979245.242882870137691, 0.0 ], [ 775264.643874574685469, 8979250.71847715601325, 0.0 ], [ 775271.377363286796026, 8979253.942935375496745, 0.0 ], [ 775278.950411337660626, 8979257.267033703625202, 0.0 ], [ 775297.465828604297712, 8979265.896841734647751, 0.0 ], [ 775331.958787446841598, 8979280.113624008372426, 0.0 ], [ 775347.950382544659078, 8979287.705730091780424, 0.0 ], [ 775373.177129914984107, 8979296.393963558599353, 0.0 ], [ 775381.580872644903138, 8979298.551296627148986, 0.0 ], [ 775390.823425181559287, 8979300.702753130346537, 0.0 ], [ 775399.227170774713159, 8979302.860082926228642, 0.0 ], [ 775408.469726367620751, 8979305.011535802856088, 0.0 ], [ 775416.873474896070547, 8979307.168873392045498, 0.0 ], [ 775422.760754585033283, 8979309.343858912587166, 0.0 ], [ 775431.16450559720397, 8979311.501193897798657, 0.0 ], [ 775458.076347225578502, 8979321.232936412096024, 0.0 ], [ 775491.699511688668281, 8979331.02308452501893, 0.0 ], [ 775515.240550052956678, 8979338.562142537906766, 0.0 ], [ 775538.774202810833231, 8979345.045859700068831, 0.0 ], [ 775568.195166667923331, 8979353.704543510451913, 0.0 ], [ 775587.526574052637443, 8979359.056807415559888, 0.0 ], [ 775596.769175469060428, 8979361.208222163841128, 0.0 ], [ 775608.520822307909839, 8979362.286623174324632, 0.0 ], [ 775617.755274723051116, 8979363.277167608961463, 0.0 ], [ 775626.990458275424317, 8979364.373235296458006, 0.0 ], [ 775635.394232349703088, 8979366.530521709471941, 0.0 ], [ 775645.475663378136232, 8979368.676035152748227, 0.0 ], [ 775654.718262837501243, 8979370.827437793835998, 0.0 ], [ 775665.630355137167498, 8979371.806177996098995, 0.0 ], [ 775687.470863309688866, 8979376.085393562912941, 0.0 ], [ 775710.157615842530504, 8979381.414047036319971, 0.0 ], [ 775725.271986823761836, 8979383.524175673723221, 0.0 ], [ 775829.434333175770007, 8979403.90004650875926, 0.0 ], [ 775839.523203248274513, 8979407.100846754387021, 0.0 ], [ 775872.315212967339903, 8979417.951951444149017, 0.0 ], [ 775899.219894196721725, 8979426.628108572214842, 0.0 ], [ 775908.462547615286894, 8979428.779447706416249, 0.0 ], [ 775929.464313022559509, 8979433.064440779387951, 0.0 ], [ 775950.457935490412638, 8979436.188555359840393, 0.0 ], [ 775963.055888420087285, 8979438.316304616630077, 0.0 ], [ 775984.04210081032943, 8979440.385070579126477, 0.0 ], [ 775993.277335781836882, 8979441.481059739366174, 0.0 ], [ 776003.343234739964828, 8979441.410279607400298, 0.0 ], [ 776020.974152653710917, 8979443.502609437331557, 0.0 ], [ 776030.208660643314943, 8979444.493064813315868, 0.0 ], [ 776036.088596243294887, 8979445.612640408799052, 0.0 ], [ 776041.975965371355414, 8979447.787558741867542, 0.0 ], [ 776047.855171028524637, 8979448.801596142351627, 0.0 ], [ 776058.767324345535599, 8979449.780246637761593, 0.0 ], [ 776065.486089100362733, 8979450.893918663263321, 0.0 ], [ 776073.051114700152539, 8979453.05702244117856, 0.0 ], [ 776104.980695239733905, 8979460.536787960678339, 0.0 ], [ 776115.062196653336287, 8979462.682183187454939, 0.0 ], [ 776123.458632791647688, 8979463.784044763073325, 0.0 ], [ 776131.862483135890216, 8979465.941248973831534, 0.0 ], [ 776141.935822332161479, 8979466.925768192857504, 0.0 ], [ 776152.017340990249068, 8979469.071165900677443, 0.0 ], [ 776162.09885043441318, 8979471.216561395674944, 0.0 ], [ 776170.502717569237575, 8979473.373747188597918, 0.0 ], [ 776181.41563246131409, 8979474.457891870290041, 0.0 ], [ 776193.17480227118358, 8979476.591476021334529, 0.0 ], [ 776202.409322215011343, 8979477.581883180886507, 0.0 ], [ 776223.411198587738909, 8979481.86674565076828, 0.0 ], [ 776268.754678255296312, 8979488.196587242186069, 0.0 ], [ 776278.828036175575107, 8979489.181084878742695, 0.0 ], [ 776288.902149066096172, 8979490.271105671301484, 0.0 ], [ 776297.290423694299534, 8979490.212062001228333, 0.0 ], [ 776306.524967103032395, 8979491.202446175739169, 0.0 ], [ 776314.91324294381775, 8979491.143398789688945, 0.0 ], [ 776352.67612041789107, 8979493.093880370259285, 0.0 ], [ 776361.911401510704309, 8979494.189788961783051, 0.0 ], [ 776373.654997557867318, 8979494.107105745002627, 0.0 ], [ 776405.561696623102762, 8979498.315087050199509, 0.0 ], [ 776416.47391061601229, 8979499.293644204735756, 0.0 ], [ 776427.386858121259138, 8979500.377724329009652, 0.0 ], [ 776438.299063893035054, 8979501.356275800615549, 0.0 ], [ 776451.735935896984302, 8979503.477962557226419, 0.0 ], [ 776537.335944910999388, 8979508.468597784638405, 0.0 ], [ 776542.384529405739158, 8979510.649349547922611, 0.0 ], [ 776549.110786695033312, 8979512.818292394280434, 0.0 ], [ 776574.338142268592492, 8979521.505852717906237, 0.0 ], [ 776584.418984659714624, 8979523.545612599700689, 0.0 ], [ 776604.590319980750792, 8979528.997061878442764, 0.0 ], [ 776623.930280093103647, 8979535.50976107083261, 0.0 ], [ 776643.25463036634028, 8979539.806230958551168, 0.0 ], [ 776671.813565008342266, 8979545.093007812276483, 0.0 ], [ 776681.887719483114779, 8979546.182934699580073, 0.0 ], [ 776692.799974482972175, 8979547.161420533433557, 0.0 ], [ 776723.013533060438931, 8979549.16476721316576, 0.0 ], [ 776754.058493335382082, 8979550.106840129941702, 0.0 ], [ 776763.293080594274215, 8979551.097134971991181, 0.0 ], [ 776772.528412934858352, 8979552.1929537858814, 0.0 ], [ 776789.312496942467988, 8979553.130013652145863, 0.0 ], [ 776817.840977534651756, 8979554.089781239628792, 0.0 ], [ 776824.559083344880491, 8979555.097796816378832, 0.0 ], [ 776832.108569538686424, 8979555.044557863846421, 0.0 ], [ 776845.538085806067102, 8979556.110782369971275, 0.0 ], [ 776856.442906054668128, 8979556.033875403925776, 0.0 ], [ 776866.508893835125491, 8979555.962881667539477, 0.0 ], [ 776887.471527558751404, 8979554.654094066470861, 0.0 ], [ 776894.182183526922017, 8979554.606759851798415, 0.0 ], [ 776900.046573191764764, 8979553.510002886876464, 0.0 ], [ 776908.434896430466324, 8979553.450832163915038, 0.0 ], [ 776914.306730669923127, 8979553.409411534667015, 0.0 ], [ 776926.04219944938086, 8979552.165691822767258, 0.0 ], [ 776931.914034207584336, 8979552.124268507584929, 0.0 ], [ 776946.174194295890629, 8979552.023665435612202, 0.0 ], [ 776962.950856901472434, 8979551.905302219092846, 0.0 ], [ 776973.016850968590006, 8979551.834280870854855, 0.0 ], [ 776998.166217116639018, 8979549.440489334985614, 0.0 ], [ 777016.620541550335474, 8979549.310264686122537, 0.0 ], [ 777027.533576111542061, 8979550.39418625459075, 0.0 ], [ 777057.77031556610018, 8979555.668859172612429, 0.0 ], [ 777086.368880561087281, 8979566.548674983903766, 0.0 ], [ 777122.516982800327241, 8979577.375180430710316, 0.0 ], [ 777158.508631434058771, 8979566.039411585777998, 0.0 ], [ 777160.170654353918508, 8979563.811337554827332, 0.0 ], [ 777165.156721957144327, 8979557.127125788480043, 0.0 ], [ 777167.657579100923613, 8979554.893139634281397, 0.0 ], [ 777176.007169417338446, 8979549.346112605184317, 0.0 ], [ 777185.187395332730375, 8979542.632282113656402, 0.0 ], [ 777189.373372149420902, 8979541.441788205876946, 0.0 ], [ 777196.060948674799874, 8979538.122831393033266, 0.0 ], [ 777203.5948005404789, 8979535.853290293365717, 0.0 ], [ 777214.491454839706421, 8979534.615404071286321, 0.0 ], [ 777218.685617922688834, 8979534.585784811526537, 0.0 ], [ 777227.928452991181985, 8979536.736850826069713, 0.0 ], [ 777242.212487744633108, 8979540.013247339054942, 0.0 ], [ 777248.099975073477253, 8979542.18799564987421, 0.0 ], [ 777285.948922930285335, 8979556.274080211296678, 0.0 ], [ 777303.603228396968916, 8979561.637450406327844, 0.0 ], [ 777309.498925293330103, 8979564.973081206902862, 0.0 ], [ 777332.201914788689464, 8979572.51710681989789, 0.0 ], [ 777344.823965558083728, 8979578.021544765681028, 0.0 ], [ 777349.87264242907986, 8979580.202218184247613, 0.0 ], [ 777359.969987211632542, 8979584.563552530482411, 0.0 ], [ 777364.187285831896588, 8979587.805492950603366, 0.0 ], [ 777373.445797979948111, 8979592.1727514564991, 0.0 ], [ 777381.85728409839794, 8979595.385066971182823, 0.0 ], [ 777390.276963700307533, 8979599.758249524980783, 0.0 ], [ 777397.003321656491607, 8979601.927052808925509, 0.0 ], [ 777402.890832344652154, 8979604.101793741807342, 0.0 ], [ 777412.1419080857886, 8979607.413703115656972, 0.0 ], [ 777422.215405230177566, 8979608.397912511602044, 0.0 ], [ 777428.941767882555723, 8979610.566722260788083, 0.0 ], [ 777434.813620639732108, 8979610.525226103141904, 0.0 ], [ 777441.524322351673618, 8979610.477800754830241, 0.0 ], [ 777447.404379948275164, 8979611.597182609140873, 0.0 ], [ 777454.953920256230049, 8979611.543826645240188, 0.0 ], [ 777462.5191136803478, 8979613.706702835857868, 0.0 ], [ 777478.488353154389188, 8979618.026511393487453, 0.0 ], [ 777501.873609259957448, 8979603.402229888364673, 0.0 ], [ 777539.0092614130117, 8979635.2238844409585, 0.0 ], [ 777561.744452135404572, 8979647.30579655431211, 0.0 ], [ 777569.435015647439286, 8979667.198502954095602, 0.0 ], [ 777585.662471703835763, 8979708.033318318426609, 0.0 ], [ 777635.427926345961168, 8979746.414661269634962, 0.0 ], [ 777671.732455348595977, 8979779.297528989613056, 0.0 ], [ 777736.001028111204505, 8979851.87678287923336, 0.0 ], [ 777789.083374847308733, 8979884.746464718133211, 0.0 ], [ 777848.789977385778911, 8979905.326561946421862, 0.0 ], [ 777910.432768257334828, 8979962.409828800708055, 0.0 ], [ 777954.421084714005701, 8980014.129907852038741, 0.0 ], [ 777980.715218063327484, 8980054.893458826467395, 0.0 ], [ 777989.534703947603703, 8980115.727824714034796, 0.0 ], [ 777983.968236022046767, 8980158.933225888758898, 0.0 ], [ 777960.636460795998573, 8980181.156267071142793, 0.0 ], [ 777943.146015931270085, 8980199.010807458311319, 0.0 ], [ 777898.796588991070166, 8980214.839009867981076, 0.0 ], [ 777857.073431986849755, 8980246.163001084700227, 0.0 ], [ 777851.451517274137586, 8980281.55874896235764, 0.0 ], [ 777864.308284520287998, 8980320.201076973229647, 0.0 ], [ 777896.513970146887004, 8980366.516538498923182, 0.0 ], [ 777920.408806964405812, 8980423.866969911381602, 0.0 ], [ 777949.298017316032201, 8980475.693974716588855, 0.0 ], [ 777945.40084067825228, 8980517.726585989817977, 0.0 ], [ 777917.083399265771732, 8980546.739380199462175, 0.0 ], [ 777865.105445899534971, 8980551.539657922461629, 0.0 ], [ 777798.93701027543284, 8980566.360966965556145, 0.0 ], [ 777724.646235861466266, 8980618.917391775175929, 0.0 ], [ 777706.087017437675968, 8980723.005563164129853, 0.0 ], [ 777725.920775531674735, 8980799.276459936052561, 0.0 ], [ 777774.369236544938758, 8980888.537682453170419, 0.0 ], [ 777797.691340884543024, 8980983.570092970505357, 0.0 ], [ 777789.865679181646556, 8981063.308209678158164, 0.0 ], [ 777770.100382322678342, 8981115.479157410562038, 0.0 ], [ 777723.693866824381985, 8981196.54515984095633, 0.0 ], [ 777709.800494156661443, 8981248.674557786434889, 0.0 ], [ 777771.874690453289077, 8981366.652123272418976, 0.0 ], [ 777838.748371967580169, 8981451.456185644492507, 0.0 ], [ 777965.455839652568102, 8981574.465136583894491, 0.0 ], [ 777966.456609406741336, 8981716.093089237809181, 0.0 ], [ 777955.077440269174986, 8981886.620964720845222, 0.0 ], [ 777908.729810089804232, 8982094.968060452491045, 0.0 ], [ 777836.208549401955679, 8982398.696869190782309, 0.0 ], [ 777803.348602690268308, 8982735.3905288875103, 0.0 ], [ 777808.922136470442638, 8982678.283225910738111, 0.0 ], [ 777807.036429773434065, 8982677.568563237786293, 0.0 ], [ 777746.41217696480453, 8982659.26308929361403, 0.0 ], [ 777618.431701170746237, 8982657.823947079479694, 0.0 ], [ 777532.528448566794395, 8982684.187490003183484, 0.0 ], [ 777505.252564177033491, 8982775.703524146229029, 0.0 ], [ 777373.639088234980591, 8983249.64067592471838, 0.0 ], [ 777358.255827117129229, 8983708.708955394104123, 0.0 ], [ 777495.074037285638042, 8984635.03308561630547, 0.0 ], [ 778051.228812729590572, 8986719.892046172171831, 0.0 ], [ 777962.163609186653048, 8986701.732190854847431, 0.0 ], [ 777873.494612893788144, 8986739.927675973623991, 0.0 ], [ 777836.944579413160682, 8986792.215675292536616, 0.0 ], [ 777799.120519117917866, 8986902.031766995787621, 0.0 ], [ 777770.929023628355935, 8986949.828246975317597, 0.0 ], [ 777635.112593672471121, 8986965.135374402627349, 0.0 ], [ 777497.812935809139162, 8987008.209311928600073, 0.0 ], [ 777494.347297557862476, 8987112.190121650695801, 0.0 ], [ 777470.583445320604369, 8987193.20013783685863, 0.0 ], [ 777469.394007840077393, 8987262.864595716819167, 0.0 ], [ 777455.402645458467305, 8987301.695744836702943, 0.0 ], [ 777451.502958707977086, 8987343.833365391939878, 0.0 ], [ 777489.692535235313699, 8987405.517246216535568, 0.0 ], [ 777461.66300617530942, 8987476.530857576057315, 0.0 ], [ 777447.733659062068909, 8987524.226856924593449, 0.0 ], [ 777443.771709778113291, 8987557.49958473816514, 0.0 ], [ 777462.624993119621649, 8987613.725506858900189, 0.0 ], [ 777472.149313770351, 8987655.769007941707969, 0.0 ], [ 777458.583856175886467, 8987755.387878926470876, 0.0 ], [ 777463.95158304576762, 8987802.94858349300921, 0.0 ], [ 777478.851017512846738, 8987893.608129240572453, 0.0 ], [ 777440.520453908480704, 8987931.554397903382778, 0.0 ], [ 777380.343629539012909, 8987965.115489587187767, 0.0 ], [ 777295.967596868285909, 8988017.737531375139952, 0.0 ], [ 777216.493936295970343, 8988051.538996646180749, 0.0 ], [ 777113.589048347435892, 8988094.264033110812306, 0.0 ], [ 777014.655347260646522, 8988104.9825788307935, 0.0 ], [ 776910.516336847795174, 8988091.252203790470958, 0.0 ], [ 776838.89829505875241, 8988048.58757228218019, 0.0 ], [ 776773.757010578294285, 8988092.208472916856408, 0.0 ], [ 776721.869457940803841, 8988111.357106905430555, 0.0 ], [ 776665.918785757035948, 8988149.425504352897406, 0.0 ], [ 776637.82510336174164, 8988211.573123147711158, 0.0 ], [ 776600.46379860304296, 8988268.297417372465134, 0.0 ], [ 776539.447745308862068, 8988301.968291891738772, 0.0 ], [ 776506.563232375774533, 8988278.873850097879767, 0.0 ], [ 776477.372776041505858, 8988183.987231569364667, 0.0 ], [ 776421.09694571653381, 8988175.51488927565515, 0.0 ], [ 776378.538556901505217, 8988208.951118702068925, 0.0 ], [ 776304.059258034802042, 8988237.1220279969275, 0.0 ], [ 776231.641961311222985, 8988200.055531196296215, 0.0 ], [ 776181.239350945921615, 8988191.541883949190378, 0.0 ], [ 776100.78688017942477, 8988205.40079895965755, 0.0 ], [ 776039.739094141987152, 8988234.532894920557737, 0.0 ], [ 775893.982574356487021, 8988268.793284777551889, 0.0 ], [ 775842.771935545140877, 8988264.717428931966424, 0.0 ], [ 775804.139151279814541, 8988259.498540610074997, 0.0 ], [ 775683.044511320302263, 8988341.078476058319211, 0.0 ], [ 775556.046232694061473, 8988418.371920317411423, 0.0 ], [ 775447.266586245270446, 8988461.132741969078779, 0.0 ], [ 775370.300357961910777, 8988493.751467604190111, 0.0 ], [ 775320.921755739487708, 8988511.825105275958776, 0.0 ], [ 775242.970431544352323, 8988523.448343861848116, 0.0 ], [ 775187.464993974659592, 8988505.048287192359567, 0.0 ], [ 775124.200314704328775, 8988456.729333367198706, 0.0 ], [ 775109.71426130796317, 8988424.746482653543353, 0.0 ], [ 775095.228225417202339, 8988392.763632444664836, 0.0 ], [ 775064.854527727235109, 8988368.595397461205721, 0.0 ], [ 775027.122531212633476, 8988372.234658591449261, 0.0 ], [ 774951.519348111352883, 8988359.461875148117542, 0.0 ], [ 774881.042602525674738, 8988359.951117537915707, 0.0 ], [ 774797.126369485980831, 8988358.317199554294348, 0.0 ], [ 774730.79860861832276, 8988352.128534339368343, 0.0 ], [ 774680.404728040099144, 8988344.773857474327087, 0.0 ], [ 774611.606142489705235, 8988345.250988341867924, 0.0 ], [ 774549.488916811067611, 8988341.249114204198122, 0.0 ], [ 774441.034791839774698, 8988309.917526399716735, 0.0 ], [ 774367.217712077312171, 8988312.645314712077379, 0.0 ], [ 774370.796007607947104, 8988344.703834412619472, 0.0 ], [ 774367.508710411726497, 8988354.647108128294349, 0.0 ], [ 774366.715765365632251, 8988361.301436366513371, 0.0 ], [ 774313.172912699053995, 8988383.835149712860584, 0.0 ], [ 774288.979143001371995, 8988403.843706924468279, 0.0 ], [ 774289.048577330773696, 8988413.869258936494589, 0.0 ], [ 774272.482579703442752, 8988444.906357027590275, 0.0 ], [ 774263.360932331997901, 8988460.483489075675607, 0.0 ], [ 774249.243225290323608, 8988481.583133792504668, 0.0 ], [ 774237.619876258773729, 8988499.393838074058294, 0.0 ], [ 774214.227742020273581, 8988514.014376059174538, 0.0 ], [ 774179.142074888106436, 8988536.314514635130763, 0.0 ], [ 774168.38836570084095, 8988558.551729997619987, 0.0 ], [ 774161.92902793828398, 8988595.112252729013562, 0.0 ], [ 774171.342197188641876, 8988621.642432870343328, 0.0 ], [ 774185.689372999942861, 8988633.679896410554647, 0.0 ], [ 774205.948354456573725, 8988651.269885256886482, 0.0 ], [ 774238.868504521204159, 8988679.74809786118567, 0.0 ], [ 774270.835712774191052, 8988691.769091973081231, 0.0 ], [ 774288.508301759604365, 8988699.350942593067884, 0.0 ], [ 774301.192874870495871, 8988713.616165770217776, 0.0 ], [ 774302.986340602627024, 8988730.278610458597541, 0.0 ], [ 774308.143180864397436, 8988747.973145574331284, 0.0 ], [ 774290.684632188058458, 8988771.312194850295782, 0.0 ], [ 774287.427936605643481, 8988785.687789117917418, 0.0 ], [ 774276.78887002367992, 8988824.493564993143082, 0.0 ], [ 774239.849571134662256, 8988821.477612214162946, 0.0 ], [ 774208.004987920518033, 8988827.185935560613871, 0.0 ], [ 774182.941891759866849, 8988842.873325940221548, 0.0 ], [ 774163.782569329137914, 8988862.952408209443092, 0.0 ], [ 774184.956578701152466, 8988891.511963648721576, 0.0 ], [ 774197.787190549541265, 8988926.883627686649561, 0.0 ], [ 774173.570348470937461, 8988943.620502449572086, 0.0 ], [ 774100.606543209287338, 8988948.557840917259455, 0.0 ], [ 774095.671715041273274, 8988962.94500288926065, 0.0 ], [ 774048.08494324865751, 8988997.573629375547171, 0.0 ], [ 774008.812394075794145, 8989021.168854409828782, 0.0 ], [ 773986.357367248972878, 8989050.030153220519423, 0.0 ], [ 773947.89238848653622, 8989069.081624642014503, 0.0 ], [ 773889.176426692865789, 8989071.70373509824276, 0.0 ], [ 773848.888239353662357, 8989069.76587132550776, 0.0 ], [ 773822.955251469276845, 8989081.026420509442687, 0.0 ], [ 773803.017858553328551, 8989109.975702045485377, 0.0 ], [ 773774.559759980766103, 8989120.09275127761066, 0.0 ], [ 773730.130415242398158, 8989125.993076601997018, 0.0 ], [ 773700.002278336789459, 8989137.282499736174941, 0.0 ], [ 773658.234257032861933, 8989164.060621157288551, 0.0 ], [ 773622.156448609894142, 8989164.309706956148148, 0.0 ], [ 773588.656896663014777, 8989173.406031109392643, 0.0 ], [ 773559.352432708139531, 8989182.47336863912642, 0.0 ], [ 773513.328759727068245, 8989200.521133976057172, 0.0 ], [ 773490.797593595692888, 8989218.406743319705129, 0.0 ], [ 773460.836816883995198, 8989253.968184564262629, 0.0 ], [ 773440.899087428348139, 8989282.917187413200736, 0.0 ], [ 773413.447996378643438, 8989317.405894313007593, 0.0 ], [ 773374.960028318222612, 8989333.18519151955843, 0.0 ], [ 773339.873239476233721, 8989355.4842464402318, 0.0 ], [ 773311.575713989557698, 8989388.923309845849872, 0.0 ], [ 773299.234110708814114, 8989424.363075207918882, 0.0 ], [ 773282.751189694856293, 8989467.64106610044837, 0.0 ], [ 773273.888542474713176, 8989520.892473479732871, 0.0 ], [ 773266.451511970022693, 8989537.512927951291203, 0.0 ], [ 773257.40552693605423, 8989564.170433614403009, 0.0 ], [ 773252.592462230473757, 8989596.286644170060754, 0.0 ], [ 773239.579647310078144, 8989656.10985847748816, 0.0 ], [ 773194.272204465931281, 8989656.422028983011842, 0.0 ], [ 773100.377566610230133, 8989668.150103261694312, 0.0 ], [ 773022.332879658322781, 8989666.471270337700844, 0.0 ], [ 772959.222892629448324, 8989640.310632949694991, 0.0 ], [ 772912.092964789364487, 8989619.633353939279914, 0.0 ], [ 772853.383793694898486, 8989623.309010934084654, 0.0 ], [ 772788.916182871791534, 8989643.698861721903086, 0.0 ], [ 772717.919217558344826, 8989690.728554792702198, 0.0 ], [ 772651.048315868596546, 8989727.703794565051794, 0.0 ], [ 772542.431276415823959, 8989794.832424871623516, 0.0 ], [ 772493.171657045837492, 8989830.525387013331056, 0.0 ], [ 772423.555678628152236, 8989834.380775064229965, 0.0 ], [ 772399.360193570144475, 8989854.387672821059823, 0.0 ], [ 772354.991087503032759, 8989869.150764049962163, 0.0 ], [ 772305.587073949049227, 8989883.842825762927532, 0.0 ], [ 772267.914205201668665, 8989896.238038115203381, 0.0 ], [ 772210.105397187522613, 8989908.876943599432707, 0.0 ], [ 772173.225903461570852, 8989914.617878701537848, 0.0 ], [ 772137.307062969193794, 8989938.082136960700154, 0.0 ], [ 772120.746620860882103, 8989970.278536111116409, 0.0 ], [ 772105.925010959152132, 8990011.327977104112506, 0.0 ], [ 772070.906594408676028, 8990043.756472237408161, 0.0 ], [ 772043.271490917773917, 8990051.650091065093875, 0.0 ], [ 771938.620846208184958, 8990085.611248942092061, 0.0 ], [ 771915.5721279096324, 8990028.146955713629723, 0.0 ], [ 771897.641515422263183, 8989982.889676040038466, 0.0 ], [ 771849.506030653603375, 8989937.839434988796711, 0.0 ], [ 771776.336616733460687, 8989912.906859589740634, 0.0 ], [ 771758.664329272694886, 8989905.323867704719305, 0.0 ], [ 771726.652740037534386, 8989886.757925840094686, 0.0 ], [ 771687.640560809988528, 8989826.1313879750669, 0.0 ], [ 771600.53910483524669, 8989727.102841204032302, 0.0 ], [ 771532.31337774626445, 8989688.838682696223259, 0.0 ], [ 771451.850764072849415, 8989701.526090536266565, 0.0 ], [ 771391.570778187131509, 8989720.82943388260901, 0.0 ], [ 771375.629440834163688, 8989720.938527250662446, 0.0 ], [ 771343.746771113015711, 8989721.15669471770525, 0.0 ], [ 771289.119671885389835, 8989708.23304027877748, 0.0 ], [ 771253.767641035956331, 8989691.905897259712219, 0.0 ], [ 771210.002374549163505, 8989672.259167080745101, 0.0 ], [ 771139.199637779733166, 8989625.147171391174197, 0.0 ], [ 771080.067510657478124, 8989566.874149227514863, 0.0 ], [ 771065.706176910665818, 8989552.619611259549856, 0.0 ], [ 771014.934071644442156, 8989489.856947204098105, 0.0 ], [ 770952.265248438576236, 8989405.118821796029806, 0.0 ], [ 770937.865789683070034, 8989385.271193858236074, 0.0 ], [ 770893.692903199233115, 8989305.894439397379756, 0.0 ], [ 770873.17093739239499, 8989249.573664855211973, 0.0 ], [ 770893.654892796650529, 8989177.56460240110755, 0.0 ], [ 770906.050957515835762, 8989149.829799376428127, 0.0 ], [ 770914.296710399677977, 8989128.666515711694956, 0.0 ], [ 770891.303905264474452, 8989079.116873646155, 0.0 ], [ 770823.737392174894921, 8989014.252760073170066, 0.0 ], [ 770793.215384446084499, 8988967.920598395168781, 0.0 ], [ 770774.999308015452698, 8988880.662475707009435, 0.0 ], [ 770744.18320006004069, 8988791.274239579215646, 0.0 ], [ 770761.060647127917036, 8988682.669383740052581, 0.0 ], [ 770769.707449483918026, 8988597.443889396265149, 0.0 ], [ 770705.610983480000868, 8988549.125037154182792, 0.0 ], [ 770659.489665380911902, 8988552.817316776141524, 0.0 ], [ 770600.903921794495545, 8988574.218957614153624, 0.0 ], [ 770557.450203515123576, 8988599.949583360925317, 0.0 ], [ 770498.766363098751754, 8988606.999036123976111, 0.0 ], [ 770435.834983105654828, 8988606.373392706736922, 0.0 ], [ 770336.796172169852071, 8988601.456105111166835, 0.0 ], [ 770227.841498547932133, 8988618.873947964981198, 0.0 ], [ 770180.086853807326406, 8988629.119905618950725, 0.0 ], [ 770167.517153129330836, 8988631.421846451237798, 0.0 ], [ 770155.831781769753434, 8988640.366414234042168, 0.0 ], [ 770117.472200517076999, 8988674.926577219739556, 0.0 ], [ 770092.739998230710626, 8988739.259925523772836, 0.0 ], [ 770077.545909894630313, 8988848.907850814983249, 0.0 ], [ 770070.176243713358417, 8988875.552672011777759, 0.0 ], [ 770058.679215432144701, 8988912.145809110254049, 0.0 ], [ 770002.956373665947467, 8988984.394199315458536, 0.0 ], [ 769967.047798453830183, 8988886.175670003518462, 0.0 ], [ 769949.936501471325755, 8988837.64109599031508, 0.0 ], [ 769901.080913951387629, 8988686.321685709059238, 0.0 ], [ 769844.941382095450535, 8988451.046950612217188, 0.0 ], [ 769802.594637706992216, 8988269.81717511638999, 0.0 ], [ 769742.931590143125504, 8988133.029652163386345, 0.0 ], [ 769728.329676418565214, 8988083.317157961428165, 0.0 ], [ 769719.472617145860568, 8988014.780507616698742, 0.0 ], [ 769709.18048674298916, 8987858.766089823096991, 0.0 ], [ 769715.939444174058735, 8987742.527271144092083, 0.0 ], [ 769705.449697493808344, 8987680.650393187999725, 0.0 ], [ 769696.826306588482112, 8987646.41065832786262, 0.0 ], [ 769695.957135555101559, 8987641.98416287265718, 0.0 ], [ 769685.625629335874692, 8987603.323652040213346, 0.0 ], [ 769632.750581835629418, 8987477.571076560765505, 0.0 ], [ 769557.148436894756742, 8987340.892329379916191, 0.0 ], [ 769505.959061664296314, 8987216.183617781847715, 0.0 ], [ 769449.100721705937758, 8987121.379583170637488, 0.0 ], [ 769383.822922896360978, 8987022.200474750250578, 0.0 ], [ 769337.183369112899527, 8986949.48885996080935, 0.0 ], [ 769296.250571142765693, 8986852.360115958377719, 0.0 ], [ 769293.658270651474595, 8986841.296743351966143, 0.0 ], [ 769284.204213095130399, 8986808.22358513623476, 0.0 ], [ 769267.018558997893706, 8986748.608612483367324, 0.0 ], [ 769243.424904249375686, 8986610.414781402796507, 0.0 ], [ 769225.370193959563039, 8986546.373336061835289, 0.0 ], [ 769158.513473923900165, 8986461.557546690106392, 0.0 ], [ 769084.001700445776805, 8986361.385944560170174, 0.0 ], [ 769013.760369638563134, 8986272.266238212585449, 0.0 ], [ 768963.90933128411416, 8986220.577587202191353, 0.0 ], [ 768891.241472437977791, 8986144.665984278544784, 0.0 ], [ 768873.323103505419567, 8986100.569452576339245, 0.0 ], [ 768886.648264019517228, 8986086.126239486038685, 0.0 ], [ 768901.643368315999396, 8986070.510788861662149, 0.0 ], [ 768930.636584536754526, 8986016.06929731182754, 0.0 ], [ 768935.406505235703662, 8985977.306072521954775, 0.0 ], [ 768931.091194583452307, 8985959.605837538838387, 0.0 ], [ 768924.229670670698397, 8985937.596072340384126, 0.0 ], [ 768905.524806611123495, 8985901.208853095769882, 0.0 ], [ 768865.914435068611056, 8985874.884053770452738, 0.0 ], [ 768771.759187360759825, 8985846.714200712740421, 0.0 ], [ 768752.359180131927133, 8985831.43834394030273, 0.0 ], [ 768740.546090730465949, 8985821.493050917983055, 0.0 ], [ 768694.157111246371642, 8985785.294134769588709, 0.0 ], [ 768646.037988243391737, 8985741.403033858165145, 0.0 ], [ 768626.381137415533885, 8985688.347999088466167, 0.0 ], [ 768626.080394429387525, 8985644.131644940003753, 0.0 ], [ 768616.769783006282523, 8985632.058651024475694, 0.0 ], [ 768613.391150570707396, 8985628.704578042030334, 0.0 ], [ 768593.106459710747004, 8985606.680576821789145, 0.0 ], [ 768556.036340609425679, 8985583.715384624898434, 0.0 ], [ 768500.630702251452021, 8985578.604401787742972, 0.0 ], [ 768465.298043397488073, 8985564.386592229828238, 0.0 ], [ 768453.155106780584902, 8985505.898282986134291, 0.0 ], [ 768464.328041751519777, 8985421.712463479489088, 0.0 ], [ 768478.713711520656943, 8985316.503689717501402, 0.0 ], [ 768484.420295829884708, 8985292.08673263899982, 0.0 ], [ 768489.333175492356531, 8985274.323758210986853, 0.0 ], [ 768474.454555856762454, 8985183.666478054597974, 0.0 ], [ 768455.471861902857199, 8985106.334292870014906, 0.0 ], [ 768449.979814650840126, 8985038.935998087748885, 0.0 ], [ 768426.219278333010152, 8984999.206092771142721, 0.0 ], [ 768350.887643386726268, 8984901.256038611754775, 0.0 ], [ 768312.821514960145578, 8984855.080343328416348, 0.0 ], [ 768224.996643905993551, 8984770.406772645190358, 0.0 ], [ 768186.960904205334373, 8984728.663200281560421, 0.0 ], [ 768166.684733722824603, 8984707.799960233271122, 0.0 ], [ 768110.783535521826707, 8984629.557873267680407, 0.0 ], [ 768086.813415525713935, 8984558.908207170665264, 0.0 ], [ 768074.497410713578574, 8984474.882218180224299, 0.0 ], [ 768073.580122168874368, 8984339.911919897422194, 0.0 ], [ 768074.358759241527878, 8984331.041871920228004, 0.0 ], [ 768075.100097976624966, 8984316.684364387765527, 0.0 ], [ 768079.083642545854673, 8984285.630619445815682, 0.0 ], [ 768064.371450616861694, 8984219.35045344941318, 0.0 ], [ 768064.175624630879611, 8984190.54131143540144, 0.0 ], [ 768059.590267946012318, 8984133.05706987157464, 0.0 ], [ 768060.015224263304844, 8984072.161714918911457, 0.0 ], [ 768077.262915022554807, 8984017.800557047128677, 0.0 ], [ 768123.946591739775613, 8983974.320164766162634, 0.0 ], [ 768163.065915218321607, 8983928.78047956712544, 0.0 ], [ 768194.694851121632382, 8983892.050927478820086, 0.0 ], [ 768207.134417150402442, 8983870.859700702130795, 0.0 ], [ 768217.081022080499679, 8983853.16802154108882, 0.0 ], [ 768269.161750919884071, 8983739.89330474473536, 0.0 ], [ 768281.021566832903773, 8983633.540811888873577, 0.0 ], [ 768286.404465976636857, 8983561.636159904301167, 0.0 ], [ 768299.404662413988262, 8983499.599739303812385, 0.0 ], [ 768301.582150428788736, 8983449.773311223834753, 0.0 ], [ 768299.489836340770125, 8983388.894968593493104, 0.0 ], [ 768304.81938105286099, 8983309.181201247498393, 0.0 ], [ 768298.864689044421539, 8983297.085438957437873, 0.0 ], [ 768297.163965000654571, 8983293.719969946891069, 0.0 ], [ 768286.093466262100264, 8983269.522744189947844, 0.0 ], [ 768179.264067672076635, 8983227.087039452046156, 0.0 ], [ 768092.537456621183082, 8983180.081919636577368, 0.0 ], [ 767932.498773627798073, 8983084.819196164608002, 0.0 ], [ 767829.835322669940069, 8983038.027603972703218, 0.0 ], [ 767721.118717056000605, 8982964.577171387150884, 0.0 ], [ 767678.14928443741519, 8982937.219655388966203, 0.0 ], [ 767688.482724649831653, 8982853.039891665801406, 0.0 ] ] ] } },
{ "type": "Feature", "properties": { "id": null, "Name": null, "description": "Unknown Area Type<BR><BR><B>GM_LAYER</B> = Unknown Area Type<BR><B>LAYER</B> = Unknown Area Type<BR><B>MAP_NAME</B> = AOI_DI<BR><B>fid</B> = 3<BR><B>SUCO_NAME</B> = AKADIRU KEDE", "timestamp": null, "begin": null, "end": null, "altitudeMode": null, "tessellate": -1, "extrude": 0, "visibility": -1, "drawOrder": null, "icon": null }, "geometry": { "type": "Polygon", "coordinates": [ [ [ 778626.372264676727355, 8987999.036092752590775, 0.0 ], [ 778051.228812729590572, 8986719.892046172171831, 0.0 ], [ 777495.074037285638042, 8984635.03308561630547, 0.0 ], [ 777358.255827117129229, 8983708.708955394104123, 0.0 ], [ 777373.639088234980591, 8983249.64067592471838, 0.0 ], [ 777505.252564177033491, 8982775.703524146229029, 0.0 ], [ 777532.528448566794395, 8982684.187490003183484, 0.0 ], [ 777618.431701170746237, 8982657.823947079479694, 0.0 ], [ 777746.41217696480453, 8982659.26308929361403, 0.0 ], [ 777807.036429773434065, 8982677.568563237786293, 0.0 ], [ 777808.922136470442638, 8982678.283225910738111, 0.0 ], [ 777803.348602690268308, 8982735.3905288875103, 0.0 ], [ 777808.912836622446775, 8982810.601346725597978, 0.0 ], [ 777828.407295788405463, 8982957.692238695919514, 0.0 ], [ 777918.229824884794652, 8983084.339979434385896, 0.0 ], [ 778014.166572818765417, 8983245.139549622312188, 0.0 ], [ 778194.496839781757444, 8983476.266488447785378, 0.0 ], [ 778247.439986845594831, 8983607.607087722048163, 0.0 ], [ 778262.873632034519687, 8983773.513107629492879, 0.0 ], [ 778272.098744536400773, 8983891.86426648311317, 0.0 ], [ 778302.429787548258901, 8984028.852652125060558, 0.0 ], [ 778354.87873213342391, 8984208.956509010866284, 0.0 ], [ 778461.082258282694966, 8984397.44084832444787, 0.0 ], [ 778584.135653952369466, 8984595.726992607116699, 0.0 ], [ 778674.197341432794929, 8984755.512684237211943, 0.0 ], [ 778750.967035599052906, 8985052.700610605999827, 0.0 ], [ 778837.945752230007201, 8985369.763762284070253, 0.0 ], [ 778906.029531830223277, 8985624.902544625103474, 0.0 ], [ 778988.275040983688086, 8985865.587866671383381, 0.0 ], [ 779169.893980666995049, 8986277.075247701257467, 0.0 ], [ 779200.941538168117404, 8986396.328214570879936, 0.0 ], [ 779226.257868227781728, 8986535.674456110224128, 0.0 ], [ 779231.359263107413426, 8986663.97616995498538, 0.0 ], [ 779245.525613478966989, 8986768.994860587641597, 0.0 ], [ 779263.69990249548573, 8986847.494492711499333, 0.0 ], [ 779354.626735066995025, 8987128.963268738240004, 0.0 ], [ 779465.204248623456806, 8987460.214275937527418, 0.0 ], [ 779515.808761672233231, 8987615.952071478590369, 0.0 ], [ 779533.982780665159225, 8987694.346249874681234, 0.0 ], [ 779548.761974014109001, 8987767.276296354830265, 0.0 ], [ 779554.428937272168696, 8987856.840648122131824, 0.0 ], [ 779574.44578237796668, 8987958.546425025910139, 0.0 ], [ 779606.294780655764043, 8988072.305876441299915, 0.0 ], [ 779646.206237714155577, 8988139.570321477949619, 0.0 ], [ 779699.753312580287457, 8988236.606593830510974, 0.0 ], [ 779777.929383285809308, 8988375.474280463531613, 0.0 ], [ 779824.749003130011261, 8988470.341701889410615, 0.0 ], [ 779939.072440033662133, 8988737.292183769866824, 0.0 ], [ 779962.369600196368992, 8988796.313484773039818, 0.0 ], [ 779348.638773302547634, 8989422.650755790993571, 0.0 ], [ 778626.372264676727355, 8987999.036092752590775, 0.0 ] ] ] } }
]
}
