{
"type": "FeatureCollection",
"name": "genangan_gariskoordinat",
"crs": { "type": "name", "properties": { "name": "urn:ogc:def:crs:OGC:1.3:CRS84" } },
"features": [
{ "type": "Feature", "properties": { "Name": null, "description": "KMAJOR", "timestamp": null, "begin": null, "end": null, "altitudeMode": null, "tessellate": 1, "extrude": 0, "visibility": -1, "drawOrder": null, "icon": null }, "geometry": { "type": "LineString", "coordinates": [ [ 125.552724319, -9.043887227500001, 325.0 ], [ 125.552695426100001, -9.043842971, 325.0 ], [ 125.552680148500002, -9.0438247406, 325.0 ], [ 125.552670083899997, -9.0438047084, 325.0 ], [ 125.5526347837, -9.043756977899999, 325.0 ], [ 125.552606212300006, -9.043724066399999, 325.0 ], [ 125.552599180200005, -9.043709597099999, 325.0 ], [ 125.5525856764, -9.043664186499999, 325.0 ], [ 125.552578419499994, -9.0436496039, 325.0 ], [ 125.552560320599994, -9.0436342247, 325.0 ], [ 125.552536722799999, -9.043604219600001, 325.0 ], [ 125.552523759, -9.0435778086, 325.0 ], [ 125.552509578200002, -9.0435553259, 325.0 ], [ 125.552485824599998, -9.0434990784, 325.0 ], [ 125.552466751200001, -9.043463941900001, 325.0 ], [ 125.552459153900003, -9.0434534095, 325.0 ], [ 125.552434104300005, -9.0434313244, 325.0 ], [ 125.552423323, -9.043417573599999, 325.0 ], [ 125.552410396400006, -9.0433863413, 325.0 ], [ 125.552382319900005, -9.0433381015, 325.0 ], [ 125.552372445299994, -9.0432977645, 325.0 ], [ 125.552362513600002, -9.043276323, 325.0 ], [ 125.552330205900006, -9.043228317400001, 325.0 ], [ 125.552309455699998, -9.0431937254, 325.0 ], [ 125.552301155600006, -9.0431757759, 325.0 ], [ 125.552284712700001, -9.0431556417, 325.0 ], [ 125.552263205499997, -9.0431232441, 325.0 ], [ 125.552246130599997, -9.043103824, 325.0 ], [ 125.552222733299999, -9.043073227600001, 325.0 ], [ 125.552190912599997, -9.0430419578, 325.0 ], [ 125.552166673800002, -9.0430119267, 325.0 ], [ 125.552119646099996, -9.0429583811, 325.0 ], [ 125.552081540700001, -9.0429334985, 325.0 ], [ 125.552035918300007, -9.0428978371, 325.0 ], [ 125.552014509800003, -9.042882951, 325.0 ], [ 125.5519854697, -9.0428678296, 325.0 ], [ 125.551973990700006, -9.042859286100001, 325.0 ], [ 125.551912492200003, -9.042795571899999, 325.0 ], [ 125.551840117799998, -9.0427302244, 325.0 ], [ 125.551789525800004, -9.042690568799999, 325.0 ], [ 125.551751034500001, -9.042665835699999, 325.0 ], [ 125.551732544199993, -9.0426563598, 325.0 ], [ 125.551706258400003, -9.0426480698, 325.0 ], [ 125.551689157300004, -9.0426461386, 325.0 ], [ 125.551613090900005, -9.042653598199999, 325.0 ], [ 125.551583058600002, -9.0426588014, 325.0 ], [ 125.551535230599995, -9.0426641506, 325.0 ], [ 125.551480625699995, -9.0426643223, 325.0 ], [ 125.551443434199996, -9.042666821099999, 325.0 ], [ 125.551362704699997, -9.042665485400001, 325.0 ], [ 125.551311743300005, -9.0426593798, 325.0 ], [ 125.551276998399999, -9.0426567562, 325.0 ], [ 125.551260356599997, -9.042653378200001, 325.0 ], [ 125.551221496699995, -9.0426382824, 325.0 ], [ 125.551197378699996, -9.0426328463, 325.0 ], [ 125.551164159699994, -9.042627618099999, 325.0 ], [ 125.5511512068, -9.0426239543, 325.0 ], [ 125.551121060300005, -9.042606989899999, 325.0 ], [ 125.551097064199993, -9.042598767799999, 325.0 ], [ 125.551065879700005, -9.0425841798, 325.0 ], [ 125.551037947400005, -9.042567034199999, 325.0 ], [ 125.551004789100006, -9.042535494799999, 325.0 ], [ 125.550993426299996, -9.0425176443, 325.0 ], [ 125.550986711600004, -9.0424998396, 325.0 ], [ 125.5509695314, -9.0424435064, 325.0 ], [ 125.550956508499993, -9.042409597300001, 325.0 ], [ 125.550932583900007, -9.0423624001, 325.0 ], [ 125.550920590100006, -9.042347492199999, 325.0 ], [ 125.550892425800001, -9.042322585300001, 325.0 ], [ 125.550874005799997, -9.042285507, 325.0 ], [ 125.550865248799994, -9.0422754535, 325.0 ], [ 125.550846342200003, -9.0422579051, 325.0 ], [ 125.550839143700003, -9.0422478437, 325.0 ], [ 125.550829747199998, -9.0422293957, 325.0 ], [ 125.550822206899994, -9.0422190772, 325.0 ], [ 125.550808865500002, -9.042205475099999, 325.0 ], [ 125.550790022900003, -9.042193987199999, 325.0 ], [ 125.550756630899997, -9.042186886, 325.0 ], [ 125.550727119499996, -9.0421717956, 325.0 ], [ 125.550702551399993, -9.0421654623, 325.0 ], [ 125.550694696199997, -9.0421585471, 325.0 ], [ 125.550694526, -9.0421565504, 325.0 ], [ 125.550711280200005, -9.042146475799999, 325.0 ], [ 125.550731780500001, -9.0421296087, 325.0 ], [ 125.550740580899998, -9.0421189028, 325.0 ], [ 125.550752643, -9.042095378699999, 325.0 ], [ 125.550763276300003, -9.042083076700001, 325.0 ], [ 125.550769242699999, -9.042078242, 325.0 ], [ 125.550777447300007, -9.042074291300001, 325.0 ], [ 125.550801699499999, -9.042065511400001, 325.0 ], [ 125.550805222, -9.042063013, 325.0 ], [ 125.550812807599996, -9.042048015400001, 325.0 ], [ 125.550813269599999, -9.0420284721, 325.0 ], [ 125.550796884500002, -9.0419736119, 325.0 ], [ 125.550781013199995, -9.0419426853, 325.0 ], [ 125.550762427199999, -9.0419172347, 325.0 ], [ 125.550750932200003, -9.041898286, 325.0 ], [ 125.550745974, -9.0418870537, 325.0 ], [ 125.550736986, -9.0418496702, 325.0 ], [ 125.550733577200006, -9.0418434457, 325.0 ], [ 125.550728326500007, -9.041838369400001, 325.0 ], [ 125.5507223587, -9.0418351578, 325.0 ], [ 125.550705668700004, -9.0418336801, 325.0 ], [ 125.550684735100006, -9.041838561900001, 325.0 ], [ 125.550630093099997, -9.041856581, 325.0 ], [ 125.550609902800005, -9.0418605164, 325.0 ], [ 125.550591822100003, -9.041860443299999, 325.0 ], [ 125.550576015800004, -9.041855804200001, 325.0 ], [ 125.550565782800007, -9.041849534300001, 325.0 ], [ 125.5505574126, -9.041840645200001, 325.0 ], [ 125.550533825200006, -9.041808292100001, 325.0 ], [ 125.550517161299993, -9.0417893496, 325.0 ], [ 125.550498473499999, -9.041772056499999, 325.0 ], [ 125.550478338900007, -9.041756423200001, 325.0 ], [ 125.550465877899995, -9.0417499789, 325.0 ], [ 125.550449186099996, -9.041744446199999, 325.0 ], [ 125.550423989400002, -9.0417408259, 325.0 ], [ 125.550381171799998, -9.0417382525, 325.0 ], [ 125.55037245, -9.0417361245, 325.0 ], [ 125.550359604, -9.0417294011, 325.0 ], [ 125.550346660399995, -9.041715871799999, 325.0 ], [ 125.550337796500003, -9.0416972036, 325.0 ], [ 125.550335601200004, -9.041688987500001, 325.0 ], [ 125.550335670899997, -9.041679813, 325.0 ], [ 125.550338740499996, -9.0416601291, 325.0 ], [ 125.550337799499999, -9.041653591799999, 325.0 ], [ 125.550333145099998, -9.0416489003, 325.0 ], [ 125.550318413300005, -9.041644935400001, 325.0 ], [ 125.550300339800003, -9.041644679399999, 325.0 ], [ 125.550239736799995, -9.0416545046, 325.0 ], [ 125.550198062800007, -9.0416688438, 325.0 ], [ 125.550188427600006, -9.041668484700001, 325.0 ], [ 125.550181255799998, -9.041666252100001, 325.0 ], [ 125.550138727399997, -9.041642321199999, 325.0 ], [ 125.550129678, -9.041633492400001, 325.0 ], [ 125.550127079800006, -9.041628701800001, 325.0 ], [ 125.550124257700006, -9.041614982600001, 325.0 ], [ 125.550130301699994, -9.0415632601, 325.0 ], [ 125.550127760099997, -9.0415521751, 325.0 ], [ 125.550122100400003, -9.041543665300001, 325.0 ], [ 125.550103042299995, -9.041531584099999, 325.0 ], [ 125.550091122200001, -9.0415276818, 325.0 ], [ 125.550050968700006, -9.041527277, 325.0 ], [ 125.550034225499999, -9.0415240546, 325.0 ], [ 125.550026297499997, -9.0415201228, 325.0 ], [ 125.5500059142, -9.041504789099999, 325.0 ], [ 125.549992624500007, -9.041497439700001, 325.0 ], [ 125.5499544547, -9.041482823100001, 325.0 ], [ 125.549938468299999, -9.0414786899, 325.0 ], [ 125.549904327099995, -9.041475674499999, 325.0 ], [ 125.549893485300004, -9.0414764117, 325.0 ], [ 125.549871782300002, -9.041483086, 325.0 ], [ 125.549860215699994, -9.0414908676, 325.0 ], [ 125.549852281900002, -9.0414990681, 325.0 ], [ 125.549836976400002, -9.041521914300001, 325.0 ], [ 125.549829472, -9.0415283698, 325.0 ], [ 125.549820152400002, -9.041531645499999, 325.0 ], [ 125.549812502600005, -9.041532327700001, 325.0 ], [ 125.549756993399996, -9.041534713900001, 325.0 ], [ 125.549740618300007, -9.0415329589, 325.0 ], [ 125.549729087700001, -9.041528812199999, 325.0 ], [ 125.549708975399994, -9.041512260699999, 325.0 ], [ 125.549697031400001, -9.041508417599999, 325.0 ], [ 125.5496797542, -9.0415065999, 325.0 ], [ 125.54964261, -9.0415077869, 325.0 ], [ 125.549610326700005, -9.041501285400001, 325.0 ], [ 125.549590701100001, -9.041503889199999, 325.0 ], [ 125.549556685200002, -9.041516034700001, 325.0 ], [ 125.549529152900007, -9.0415178747, 325.0 ], [ 125.549509853499998, -9.0415217739, 325.0 ], [ 125.549482756900005, -9.041521149199999, 325.0 ], [ 125.549466959399993, -9.041517751300001, 325.0 ], [ 125.549443111599999, -9.041509144799999, 325.0 ], [ 125.549411139499995, -9.041501176700001, 325.0 ], [ 125.5494005555, -9.0414955481, 325.0 ], [ 125.549388286300001, -9.0414807547, 325.0 ], [ 125.549383648299994, -9.0414776803, 325.0 ], [ 125.549378672100005, -9.0414772579, 325.0 ], [ 125.549362838600004, -9.041483146099999, 325.0 ], [ 125.549327522300004, -9.0415014642, 325.0 ], [ 125.549295728600001, -9.0415125268, 325.0 ], [ 125.549263044900002, -9.0415157409, 325.0 ], [ 125.549236974300001, -9.041523682299999, 325.0 ], [ 125.549216817599998, -9.041527781299999, 325.0 ], [ 125.549207059300002, -9.0415279419, 325.0 ], [ 125.549199399900004, -9.0415262445, 325.0 ], [ 125.549192707, -9.041522838600001, 325.0 ], [ 125.549190543700007, -9.0415156805, 325.0 ], [ 125.549191766199996, -9.0415078688, 325.0 ], [ 125.549196998900001, -9.041499184699999, 325.0 ], [ 125.549240379599993, -9.041458624300001, 325.0 ], [ 125.549285301300003, -9.041412510900001, 325.0 ], [ 125.549303018499998, -9.041391901800001, 325.0 ], [ 125.549317036600002, -9.0413797654, 325.0 ], [ 125.549387239200001, -9.041333589900001, 325.0 ], [ 125.549417910800003, -9.0413216665, 325.0 ], [ 125.54944309, -9.041313860400001, 325.0 ], [ 125.549488541599999, -9.0412918406, 325.0 ], [ 125.549507533300002, -9.0412871829, 325.0 ], [ 125.549535776, -9.041285782099999, 325.0 ], [ 125.549559996300005, -9.0412796507, 325.0 ], [ 125.549575448100001, -9.0412667523, 325.0 ], [ 125.549579621299998, -9.041260725300001, 325.0 ], [ 125.549581107400002, -9.041254867399999, 325.0 ], [ 125.549580240099999, -9.041248362199999, 325.0 ], [ 125.549575831599995, -9.041238959399999, 325.0 ], [ 125.549545063899998, -9.041204302600001, 325.0 ], [ 125.549524689099997, -9.041188355199999, 325.0 ], [ 125.549509054, -9.0411678821, 325.0 ], [ 125.549497799299999, -9.0411606318, 325.0 ], [ 125.549468397200002, -9.041146012900001, 325.0 ], [ 125.549455793800007, -9.041137342500001, 325.0 ], [ 125.549449471700001, -9.041130218499999, 325.0 ], [ 125.549444945, -9.041115169699999, 325.0 ], [ 125.549447903300006, -9.0410973376, 325.0 ], [ 125.549452669299995, -9.041088042, 325.0 ], [ 125.549460098, -9.0410794365, 325.0 ], [ 125.549470330099993, -9.041070834799999, 325.0 ], [ 125.549490888299999, -9.041063043399999, 325.0 ], [ 125.549501506499993, -9.0410626615, 325.0 ], [ 125.549525719299993, -9.0410654515, 325.0 ], [ 125.549558791300001, -9.0410744501, 325.0 ], [ 125.549595326599999, -9.041073819, 325.0 ], [ 125.549611622, -9.041075815499999, 325.0 ], [ 125.549622154600002, -9.041080555500001, 325.0 ], [ 125.549643373099997, -9.0410965256, 325.0 ], [ 125.549690331899995, -9.041120123200001, 325.0 ], [ 125.549725296800005, -9.041141347, 325.0 ], [ 125.549742971800001, -9.0411503186, 325.0 ], [ 125.549762452600007, -9.0411554307, 325.0 ], [ 125.549780451299995, -9.0411561148, 325.0 ], [ 125.549833788699999, -9.041149944400001, 325.0 ], [ 125.549859878299998, -9.041141185400001, 325.0 ], [ 125.549879586, -9.041130535800001, 325.0 ], [ 125.549887011, -9.0411231628, 325.0 ], [ 125.549892278800002, -9.0411143387, 325.0 ], [ 125.549893292199997, -9.041106210900001, 325.0 ], [ 125.549892372499997, -9.0410973207, 325.0 ], [ 125.549887063900002, -9.0410781255, 325.0 ], [ 125.549886170500002, -9.041065054200001, 325.0 ], [ 125.549888524899998, -9.0410524036, 325.0 ], [ 125.549892249099997, -9.041044853500001, 325.0 ], [ 125.549897136200002, -9.0410388495, 325.0 ], [ 125.549905664400001, -9.0410316002, 325.0 ], [ 125.549922869699998, -9.041021151400001, 325.0 ], [ 125.549968926099993, -9.041003679299999, 325.0 ], [ 125.549995208300004, -9.0409891494, 325.0 ], [ 125.550022835600004, -9.040967822700001, 325.0 ], [ 125.550030483900002, -9.040959211800001, 325.0 ], [ 125.550035413200007, -9.040950608899999, 325.0 ], [ 125.550038365, -9.040932978, 325.0 ], [ 125.550037025, -9.0409151473, 325.0 ], [ 125.550033042099997, -9.040900772800001, 325.0 ], [ 125.550023459499997, -9.040877056099999, 325.0 ], [ 125.550020032199996, -9.0408601022, 325.0 ], [ 125.550024807499994, -9.0408413648, 325.0 ], [ 125.550035346300007, -9.0408230655, 325.0 ], [ 125.550038781500007, -9.040814273500001, 325.0 ], [ 125.550041015900007, -9.040805022100001, 325.0 ], [ 125.550045887500005, -9.0407489829, 325.0 ], [ 125.550048041599993, -9.040739885800001, 325.0 ], [ 125.550054542400005, -9.040725961, 325.0 ], [ 125.5500682821, -9.0407101238, 325.0 ], [ 125.550076809, -9.040703969799999, 325.0 ], [ 125.550120732400003, -9.0406836731, 325.0 ], [ 125.550139983799994, -9.0406698674, 325.0 ], [ 125.550193859, -9.040615215200001, 325.0 ], [ 125.550201744099994, -9.0406048841, 325.0 ], [ 125.550208323099994, -9.040584803, 325.0 ], [ 125.550206707, -9.0405575351, 325.0 ], [ 125.550190126, -9.0405007499, 325.0 ], [ 125.5501758, -9.0404656781, 325.0 ], [ 125.550167439500001, -9.040450634500001, 325.0 ], [ 125.550140448799993, -9.0404105602, 325.0 ], [ 125.5501108797, -9.0403522501, 325.0 ], [ 125.550083982499999, -9.0403147411, 325.0 ], [ 125.550050636700007, -9.0402753772, 325.0 ], [ 125.550033193900006, -9.040256318500001, 325.0 ], [ 125.549999416, -9.040226716099999, 325.0 ], [ 125.549990930500002, -9.040217161099999, 325.0 ], [ 125.549984587, -9.0402066684, 325.0 ], [ 125.549984355299998, -9.040189163100001, 325.0 ], [ 125.5499894485, -9.0401782521, 325.0 ], [ 125.549996039700005, -9.0401707325, 325.0 ], [ 125.550036303900001, -9.0401440045, 325.0 ], [ 125.550069333799996, -9.040116764, 325.0 ], [ 125.550087027700002, -9.040098047300001, 325.0 ], [ 125.550093631199999, -9.0400869403, 325.0 ], [ 125.550096256299994, -9.0400789572, 325.0 ], [ 125.550095960600004, -9.040069406900001, 325.0 ], [ 125.550093398499996, -9.040062665100001, 325.0 ], [ 125.550073482599998, -9.0400353019, 325.0 ], [ 125.550070183399995, -9.0400280911, 325.0 ], [ 125.550068367199998, -9.0400203595, 325.0 ], [ 125.550068237, -9.039992876399999, 325.0 ], [ 125.550063836700005, -9.0399743076, 325.0 ], [ 125.550052675800003, -9.039963949400001, 325.0 ], [ 125.550021734599994, -9.039940976, 325.0 ], [ 125.550013769900005, -9.039929800199999, 325.0 ], [ 125.550008775899997, -9.0399147393, 325.0 ], [ 125.550009404400001, -9.039904465199999, 325.0 ], [ 125.550012032300003, -9.0398948319, 325.0 ], [ 125.550032004499997, -9.039848343799999, 325.0 ], [ 125.550041951799997, -9.0398110418, 325.0 ], [ 125.550061838700003, -9.0397756208, 325.0 ], [ 125.550061397500002, -9.039761761099999, 325.0 ], [ 125.550055698500003, -9.039753968699999, 325.0 ], [ 125.550049363799999, -9.0397495536, 325.0 ], [ 125.550045131900006, -9.039743144699999, 325.0 ], [ 125.5500318072, -9.0397308764, 325.0 ], [ 125.550019937200005, -9.0397164011, 325.0 ], [ 125.549989065399998, -9.0396909899, 325.0 ], [ 125.549956076499996, -9.039668861899999, 325.0 ], [ 125.549933902700005, -9.039647376, 325.0 ], [ 125.549898970399994, -9.039617184500001, 325.0 ], [ 125.549879466600004, -9.039592943500001, 325.0 ], [ 125.549832396699998, -9.0395496104, 325.0 ], [ 125.549802846899993, -9.039515762900001, 325.0 ], [ 125.549788940699997, -9.0395024426, 325.0 ], [ 125.549776940499996, -9.0394959359, 325.0 ], [ 125.549751272600005, -9.0394861708, 325.0 ], [ 125.549697070600004, -9.039457244599999, 325.0 ], [ 125.549687185300002, -9.039449280199999, 325.0 ], [ 125.549672866700007, -9.0394304993, 325.0 ], [ 125.549656286399994, -9.0393999264, 325.0 ], [ 125.549646504199998, -9.0393721016, 325.0 ], [ 125.549638062100001, -9.0393378849, 325.0 ], [ 125.549629813500005, -9.039316871800001, 325.0 ], [ 125.549618108299995, -9.0392936102, 325.0 ], [ 125.549607016600007, -9.0392550824, 325.0 ], [ 125.549603259600005, -9.039231312, 325.0 ], [ 125.549599094300007, -9.0391426622, 325.0 ], [ 125.549601415599994, -9.039127288, 325.0 ], [ 125.549611179799996, -9.0391104214, 325.0 ], [ 125.549635925100006, -9.039073484599999, 325.0 ], [ 125.549655117300006, -9.0390557372, 325.0 ], [ 125.549671711100004, -9.0390486935, 325.0 ], [ 125.549692954600005, -9.039041899500001, 325.0 ], [ 125.549745935900006, -9.0390360036, 325.0 ], [ 125.549763568200007, -9.0390296747, 325.0 ], [ 125.549780061700005, -9.039019984699999, 325.0 ], [ 125.549786060399995, -9.0390106705, 325.0 ], [ 125.549790135899997, -9.0390006261, 325.0 ], [ 125.549792151600002, -9.0389903482, 325.0 ], [ 125.549791829399993, -9.0389816268, 325.0 ], [ 125.549788541599995, -9.0389746444, 325.0 ], [ 125.549778416300001, -9.038966261400001, 325.0 ], [ 125.549761826199997, -9.038957804400001, 325.0 ], [ 125.549750220299998, -9.0389483058, 325.0 ], [ 125.5497346991, -9.038930432700001, 325.0 ], [ 125.549716313299996, -9.038901535700001, 325.0 ], [ 125.549709488100007, -9.0388969283, 325.0 ], [ 125.549702762, -9.038894868, 325.0 ], [ 125.549692781100006, -9.0388950363, 325.0 ], [ 125.549683182, -9.038897545399999, 325.0 ], [ 125.549671473499998, -9.0389016576, 325.0 ], [ 125.549637059399998, -9.0389187024, 325.0 ], [ 125.549616137800001, -9.038923944, 325.0 ], [ 125.549579846599997, -9.0389242564, 325.0 ], [ 125.549521202899996, -9.038915171799999, 325.0 ], [ 125.549514731399995, -9.038912395800001, 325.0 ], [ 125.549506219700007, -9.038906242099999, 325.0 ], [ 125.549484769299994, -9.03888101, 325.0 ], [ 125.549475594499995, -9.0388721939, 325.0 ], [ 125.549463641700001, -9.038865551400001, 325.0 ], [ 125.549438766700007, -9.0388549371, 325.0 ], [ 125.549429502199999, -9.0388460521, 325.0 ], [ 125.549421156600005, -9.03883536, 325.0 ], [ 125.549410853500007, -9.0388266819, 325.0 ], [ 125.549404751400004, -9.0388232519, 325.0 ], [ 125.549394265299995, -9.038820646, 325.0 ], [ 125.549359606500005, -9.0388206961, 325.0 ], [ 125.549343015700003, -9.0388173906, 325.0 ], [ 125.549322638800007, -9.038807265599999, 325.0 ], [ 125.549292506599997, -9.038783732300001, 325.0 ], [ 125.5492517136, -9.038761516099999, 325.0 ], [ 125.549234993499994, -9.038759494700001, 325.0 ], [ 125.549225335, -9.0387602958, 325.0 ], [ 125.549181104200002, -9.0387695544, 325.0 ], [ 125.549159715299993, -9.038769926100001, 325.0 ], [ 125.549114157700004, -9.0387652559, 325.0 ], [ 125.54908505, -9.038754176299999, 325.0 ], [ 125.5490672934, -9.0387495517, 325.0 ], [ 125.549040542100002, -9.0387483701, 325.0 ], [ 125.549002914799999, -9.038750913299999, 325.0 ], [ 125.548986707599994, -9.0387481697, 325.0 ], [ 125.548974090599998, -9.0387402481, 325.0 ], [ 125.548965208599995, -9.0387310765, 325.0 ], [ 125.548954332299999, -9.03872325, 325.0 ], [ 125.548941454100003, -9.0387177944, 325.0 ], [ 125.548915166200004, -9.038709820099999, 325.0 ], [ 125.5489032718, -9.0387032778, 325.0 ], [ 125.548893285399998, -9.0386929798, 325.0 ], [ 125.548870213399994, -9.0386631913, 325.0 ], [ 125.548852154599999, -9.038626857500001, 325.0 ], [ 125.548848735899995, -9.038596713700001, 325.0 ], [ 125.548834928299996, -9.0385522005, 325.0 ], [ 125.548821194599995, -9.03852078, 325.0 ], [ 125.548813858299994, -9.038510984, 325.0 ], [ 125.548803644299994, -9.0385020134, 325.0 ], [ 125.548792664100006, -9.038498329199999, 325.0 ], [ 125.548734054899995, -9.0385082539, 325.0 ], [ 125.548717486900003, -9.0385059203, 325.0 ], [ 125.548707497, -9.038499162200001, 325.0 ], [ 125.548702019299995, -9.038489711, 325.0 ], [ 125.548702015, -9.038479864099999, 325.0 ], [ 125.548706527199997, -9.038472996799999, 325.0 ], [ 125.548713057, -9.038465968300001, 325.0 ], [ 125.548722956700004, -9.0384596696, 325.0 ], [ 125.548732960699994, -9.0384559398, 325.0 ], [ 125.548742659, -9.0384539186, 325.0 ], [ 125.548771193700006, -9.038452534899999, 325.0 ], [ 125.548799325100006, -9.038448408, 325.0 ], [ 125.548826952400006, -9.038446564099999, 325.0 ], [ 125.548850186199999, -9.0384376707, 325.0 ], [ 125.5488612969, -9.0384342883, 325.0 ], [ 125.548870412799999, -9.0384332815, 325.0 ], [ 125.548895421099999, -9.038438081500001, 325.0 ], [ 125.548929888100005, -9.038441607199999, 325.0 ], [ 125.548962940500004, -9.038448137, 325.0 ], [ 125.549011577499996, -9.038449183699999, 325.0 ], [ 125.549026778499993, -9.038447709, 325.0 ], [ 125.549049871700007, -9.038443039700001, 325.0 ], [ 125.549078398800006, -9.038444288499999, 325.0 ], [ 125.549090325, -9.038447275299999, 325.0 ], [ 125.549104326199995, -9.0384539822, 325.0 ], [ 125.549141954199996, -9.0384815312, 325.0 ], [ 125.549162009599996, -9.038485913800001, 325.0 ], [ 125.549171161800004, -9.0384846172, 325.0 ], [ 125.549176826099995, -9.0384832446, 325.0 ], [ 125.549180586800006, -9.038480489499999, 325.0 ], [ 125.549191001200001, -9.038463820800001, 325.0 ], [ 125.5491976112, -9.038457344699999, 325.0 ], [ 125.549206321400007, -9.0384526893, 325.0 ], [ 125.549215689099995, -9.0384493847, 325.0 ], [ 125.549250889299998, -9.0384427142, 325.0 ], [ 125.549268653, -9.0384353618, 325.0 ], [ 125.549285519500003, -9.038426297399999, 325.0 ], [ 125.549307890199998, -9.0384007123, 325.0 ], [ 125.549336469, -9.0383732805, 325.0 ], [ 125.5493491796, -9.038352934800001, 325.0 ], [ 125.549356835599994, -9.038333790399999, 325.0 ], [ 125.549368357800006, -9.0383175268, 325.0 ], [ 125.549376347199996, -9.038311820100001, 325.0 ], [ 125.549383548500003, -9.0383112285, 325.0 ], [ 125.549389432, -9.0383141912, 325.0 ], [ 125.549417316499998, -9.0383480374, 325.0 ], [ 125.549427321600007, -9.038355230300001, 325.0 ], [ 125.549449393499998, -9.038363589699999, 325.0 ], [ 125.549475667, -9.0383701402, 325.0 ], [ 125.549494831199993, -9.0383798308, 325.0 ], [ 125.549503120599994, -9.0383905433, 325.0 ], [ 125.549509751800002, -9.038407515, 325.0 ], [ 125.549516603399994, -9.038420180699999, 325.0 ], [ 125.549520708100005, -9.0384232793, 325.0 ], [ 125.549523925800003, -9.0384233422, 325.0 ], [ 125.5495273776, -9.0384202558, 325.0 ], [ 125.549542497199994, -9.038380422, 325.0 ], [ 125.549544808099995, -9.038362788600001, 325.0 ], [ 125.549543368299993, -9.038345549300001, 325.0 ], [ 125.549544039899999, -9.038335252, 325.0 ], [ 125.549546947600007, -9.0383271597, 325.0 ], [ 125.549552180299997, -9.038318313, 325.0 ], [ 125.549557986500005, -9.0383140015, 325.0 ], [ 125.549563283, -9.0383131174, 325.0 ], [ 125.549569332800004, -9.0383143504, 325.0 ], [ 125.549579139200006, -9.038319578199999, 325.0 ], [ 125.549596213599997, -9.0383315474, 325.0 ], [ 125.549613517599994, -9.038350490699999, 325.0 ], [ 125.549626128599996, -9.0383748293, 325.0 ], [ 125.549632421300004, -9.038377902500001, 325.0 ], [ 125.5496397008, -9.0383792877, 325.0 ], [ 125.549659175200006, -9.0383760664, 325.0 ], [ 125.549668660600005, -9.0383726815, 325.0 ], [ 125.549678007200001, -9.038367236, 325.0 ], [ 125.549687084300004, -9.0383596084, 325.0 ], [ 125.549706736399997, -9.038339415899999, 325.0 ], [ 125.549717995, -9.0383342036, 325.0 ], [ 125.549725791399993, -9.038332588299999, 325.0 ], [ 125.549752511899996, -9.0383355393, 325.0 ], [ 125.549759662300005, -9.038337946, 325.0 ], [ 125.549773022400004, -9.038346447, 325.0 ], [ 125.549792466699998, -9.038362881699999, 325.0 ], [ 125.549801429, -9.0383682798, 325.0 ], [ 125.549822825700005, -9.0383758123, 325.0 ], [ 125.549847249600006, -9.0383812888, 325.0 ], [ 125.549879313700004, -9.038390783700001, 325.0 ], [ 125.549887611399996, -9.0383918966, 325.0 ], [ 125.549897678799994, -9.0383910153, 325.0 ], [ 125.549938792099994, -9.0383798656, 325.0 ], [ 125.549957427400003, -9.038379451, 325.0 ], [ 125.549964776600007, -9.0383807735, 325.0 ], [ 125.5499720647, -9.0383827455, 325.0 ], [ 125.549980904400002, -9.0383879166, 325.0 ], [ 125.550020831400005, -9.0384207961, 325.0 ], [ 125.550057594899997, -9.038438964799999, 325.0 ], [ 125.550077179499993, -9.0384563591, 325.0 ], [ 125.5501031987, -9.038486067399999, 325.0 ], [ 125.550108965899994, -9.038494848399999, 325.0 ], [ 125.5501174109, -9.0385170355, 325.0 ], [ 125.550122143600007, -9.038559403700001, 325.0 ], [ 125.550127624699996, -9.0385678589, 325.0 ], [ 125.550139811, -9.0385768687, 325.0 ], [ 125.550149995300004, -9.038582113, 325.0 ], [ 125.550163151600003, -9.0385857832, 325.0 ], [ 125.550198228100001, -9.038587096100001, 325.0 ], [ 125.550215493600007, -9.0385896608, 325.0 ], [ 125.550231152600006, -9.0385940015, 325.0 ], [ 125.550254085700004, -9.038603441799999, 325.0 ], [ 125.550287843800007, -9.038608459700001, 325.0 ], [ 125.550307349600004, -9.03861595, 325.0 ], [ 125.5503357857, -9.038621753099999, 325.0 ], [ 125.550342948899996, -9.038624261600001, 325.0 ], [ 125.550355852199999, -9.038632142699999, 325.0 ], [ 125.55038257, -9.0386562155, 325.0 ], [ 125.550389055099998, -9.038659619400001, 325.0 ], [ 125.550419139200002, -9.038667777800001, 325.0 ], [ 125.550444307700005, -9.0386774488, 325.0 ], [ 125.550457325500005, -9.0386833544, 325.0 ], [ 125.550465044, -9.0386895991, 325.0 ], [ 125.550467246300002, -9.0386944185, 325.0 ], [ 125.550472922400004, -9.038720056900001, 325.0 ], [ 125.550486852, -9.038744853600001, 325.0 ], [ 125.550498448100001, -9.038777869600001, 325.0 ], [ 125.5505128179, -9.0388067566, 325.0 ], [ 125.550529233600002, -9.038845501100001, 325.0 ], [ 125.550550853399997, -9.038920128799999, 325.0 ], [ 125.550563551600007, -9.0389842031, 325.0 ], [ 125.550567293, -9.0390507528, 325.0 ], [ 125.550563397199994, -9.039074917900001, 325.0 ], [ 125.550545467500001, -9.039120352199999, 325.0 ], [ 125.550544178, -9.039126959100001, 325.0 ], [ 125.550544177299997, -9.039143919500001, 325.0 ], [ 125.550547016099998, -9.0391564072, 325.0 ], [ 125.550563559599993, -9.039194917, 325.0 ], [ 125.550571514300003, -9.0392048139, 325.0 ], [ 125.550581657600006, -9.0392122453, 325.0 ], [ 125.550628338400003, -9.0392291239, 325.0 ], [ 125.550639089100002, -9.039235701699999, 325.0 ], [ 125.550675877, -9.039263480600001, 325.0 ], [ 125.550693393700001, -9.0392730431, 325.0 ], [ 125.550701006099999, -9.0392752578, 325.0 ], [ 125.550770476500006, -9.0392826665, 325.0 ], [ 125.550804917, -9.0392830545, 325.0 ], [ 125.550821890799995, -9.0392853068, 325.0 ], [ 125.550846163100005, -9.0392929081, 325.0 ], [ 125.550902869699996, -9.0393168866, 325.0 ], [ 125.550953165600006, -9.0393323065, 325.0 ], [ 125.550997798799997, -9.0393330084, 325.0 ], [ 125.551022107799994, -9.0393395534, 325.0 ], [ 125.551040594699998, -9.039339399799999, 325.0 ], [ 125.551050275600005, -9.0393374125, 325.0 ], [ 125.551092967, -9.0393195321, 325.0 ], [ 125.551110775300003, -9.039306660499999, 325.0 ], [ 125.551128404599993, -9.03928746, 325.0 ], [ 125.551141961699997, -9.0392681959, 325.0 ], [ 125.551149418, -9.0392543665, 325.0 ], [ 125.551161395299999, -9.039224130699999, 325.0 ], [ 125.551168887200006, -9.0392001437, 325.0 ], [ 125.551174316399994, -9.039173331100001, 325.0 ], [ 125.551177098699995, -9.0391512557, 325.0 ], [ 125.55117713, -9.0391332615, 325.0 ], [ 125.551175180399994, -9.039115900400001, 325.0 ], [ 125.551166026499999, -9.039066207, 325.0 ], [ 125.5511593361, -9.039042180199999, 325.0 ], [ 125.551139483900002, -9.038988506400001, 325.0 ], [ 125.551129508900004, -9.0389690406, 325.0 ], [ 125.551107019900002, -9.0389380602, 325.0 ], [ 125.551099086400001, -9.0389208711, 325.0 ], [ 125.551086844400004, -9.0388864544, 325.0 ], [ 125.551067578200005, -9.0388508329, 325.0 ], [ 125.551051131400001, -9.038830305499999, 325.0 ], [ 125.5510167419, -9.0387921418, 325.0 ], [ 125.550996092600002, -9.038758529200001, 325.0 ], [ 125.550973106399994, -9.0387364742, 325.0 ], [ 125.5509285065, -9.038684481600001, 325.0 ], [ 125.550866809400006, -9.038626857600001, 325.0 ], [ 125.550826051399994, -9.0385749968, 325.0 ], [ 125.550800562299997, -9.038536411100001, 325.0 ], [ 125.550783757600001, -9.038517415899999, 325.0 ], [ 125.550760405399998, -9.038495728899999, 325.0 ], [ 125.550740537500005, -9.0384680241, 325.0 ], [ 125.550723275400003, -9.0384510173, 325.0 ], [ 125.550675496599993, -9.0384164081, 325.0 ], [ 125.550625235599995, -9.038385160400001, 325.0 ], [ 125.550598435500007, -9.038366420799999, 325.0 ], [ 125.550565391399999, -9.0383378553, 325.0 ], [ 125.550547728200002, -9.038326684699999, 325.0 ], [ 125.550507412900004, -9.038304914799999, 325.0 ], [ 125.550491541699998, -9.0382918713, 325.0 ], [ 125.5504702952, -9.0382695368, 325.0 ], [ 125.550459226100003, -9.03826138, 325.0 ], [ 125.550447294700007, -9.0382536787, 325.0 ], [ 125.550421606300006, -9.038244543399999, 325.0 ], [ 125.550409567900005, -9.038238765299999, 325.0 ], [ 125.550376174199997, -9.038218521, 325.0 ], [ 125.550352397200001, -9.0381988165, 325.0 ], [ 125.550306650099998, -9.0381686118, 325.0 ], [ 125.550281285500006, -9.038143074900001, 325.0 ], [ 125.550247069799994, -9.038085838600001, 325.0 ], [ 125.550221330599996, -9.038054306699999, 325.0 ], [ 125.550211199900005, -9.0380393905, 325.0 ], [ 125.550207411299994, -9.038027059799999, 325.0 ], [ 125.550205511, -9.038009666, 325.0 ], [ 125.550213976699993, -9.037960459900001, 325.0 ], [ 125.550225466499995, -9.0378451384, 325.0 ], [ 125.550225344300003, -9.037827292599999, 325.0 ], [ 125.550219221399999, -9.037806546700001, 325.0 ], [ 125.550191724, -9.0377576298, 325.0 ], [ 125.550162781799997, -9.0377241846, 325.0 ], [ 125.550147671900007, -9.0377129295, 325.0 ], [ 125.550135191500004, -9.0377070262, 325.0 ], [ 125.550127289700001, -9.0377051378, 325.0 ], [ 125.550100966700001, -9.037703130700001, 325.0 ], [ 125.550093348199994, -9.0377014276, 325.0 ], [ 125.550087225799999, -9.0376965492, 325.0 ], [ 125.550084070699995, -9.037691173300001, 325.0 ], [ 125.5500823247, -9.0376837204, 325.0 ], [ 125.550078800099996, -9.037647590700001, 325.0 ], [ 125.550063389499996, -9.0376054779, 325.0 ], [ 125.550059777599998, -9.0376012999, 325.0 ], [ 125.550046801899995, -9.037592504699999, 325.0 ], [ 125.550028668, -9.037586862, 325.0 ], [ 125.550024355299996, -9.0375838448, 325.0 ], [ 125.5500158408, -9.037570563899999, 325.0 ], [ 125.550015113200004, -9.0375625887, 325.0 ], [ 125.550018576, -9.037553041200001, 325.0 ], [ 125.550027494399998, -9.037544605500001, 325.0 ], [ 125.550046251300003, -9.037532384, 325.0 ], [ 125.550059716199996, -9.0375216856, 325.0 ], [ 125.550104825299996, -9.0374772917, 325.0 ], [ 125.550136316, -9.0374422544, 325.0 ], [ 125.550151592399999, -9.0374167875, 325.0 ], [ 125.550176047600004, -9.037335624100001, 325.0 ], [ 125.550184431600002, -9.0373161481, 325.0 ], [ 125.550189950299995, -9.037307547499999, 325.0 ], [ 125.550204931, -9.037289857799999, 325.0 ], [ 125.550250234800004, -9.0372426159, 325.0 ], [ 125.550282637899997, -9.0372010528, 325.0 ], [ 125.550320070599994, -9.037168938400001, 325.0 ], [ 125.5503231701, -9.037160672, 325.0 ], [ 125.550322137500004, -9.0371540149, 325.0 ], [ 125.550318396099996, -9.0371485959, 325.0 ], [ 125.550308589599993, -9.0371393894, 325.0 ], [ 125.550243463, -9.0370969841, 325.0 ], [ 125.550226551, -9.0370845597, 325.0 ], [ 125.550205877899998, -9.0370615832, 325.0 ], [ 125.550186457799995, -9.0370361643, 325.0 ], [ 125.5501808721, -9.037027788, 325.0 ], [ 125.550161511400006, -9.036989137100001, 325.0 ], [ 125.550144600199999, -9.036934931299999, 325.0 ], [ 125.550122983400001, -9.036900104600001, 325.0 ], [ 125.550108004199998, -9.036879862899999, 325.0 ], [ 125.550097489400002, -9.0368591336, 325.0 ], [ 125.550094081799998, -9.036844609499999, 325.0 ], [ 125.550109239500003, -9.0367994234, 325.0 ], [ 125.550111295600004, -9.0367548768, 325.0 ], [ 125.550106724700001, -9.0367368484, 325.0 ], [ 125.550103161899997, -9.0367289252, 325.0 ], [ 125.550075171299994, -9.0366836462, 325.0 ], [ 125.550070305899993, -9.0366725211, 325.0 ], [ 125.550066287099995, -9.036656691799999, 325.0 ], [ 125.550063197200004, -9.0365678446, 325.0 ], [ 125.550065926800002, -9.036493592799999, 325.0 ], [ 125.550065400899996, -9.0364756924, 325.0 ], [ 125.550060663599993, -9.0364600491, 325.0 ], [ 125.550054568600004, -9.036449796699999, 325.0 ], [ 125.550045806300005, -9.0364404049, 325.0 ], [ 125.550036311499994, -9.0364317535, 325.0 ], [ 125.549999633699997, -9.0364042421, 325.0 ], [ 125.549944778400004, -9.0363782947, 325.0 ], [ 125.549928781, -9.036367369500001, 325.0 ], [ 125.549914169499999, -9.0363543993, 325.0 ], [ 125.549896986700006, -9.036343429900001, 325.0 ], [ 125.549872699399998, -9.0363334866, 325.0 ], [ 125.549855526800002, -9.0363232852, 325.0 ], [ 125.549849798, -9.036322329400001, 325.0 ], [ 125.5498356839, -9.036324240700001, 325.0 ], [ 125.549790776099996, -9.0363425399, 325.0 ], [ 125.549754106500004, -9.036352388899999, 325.0 ], [ 125.549734006099996, -9.036355762, 325.0 ], [ 125.549688288699997, -9.036357254, 325.0 ], [ 125.549673334299996, -9.0363597455, 325.0 ], [ 125.549644908, -9.0363773637, 325.0 ], [ 125.549636734499998, -9.036381496700001, 325.0 ], [ 125.549629894899994, -9.0363829456, 325.0 ], [ 125.549621804599994, -9.036382829100001, 325.0 ], [ 125.549597197899999, -9.036376552, 325.0 ], [ 125.549545976, -9.0363700181, 325.0 ], [ 125.549493455, -9.036366640100001, 325.0 ], [ 125.549438135599999, -9.0363486367, 325.0 ], [ 125.549430341800004, -9.036349746100001, 325.0 ], [ 125.549420233199996, -9.0363537465, 325.0 ], [ 125.549406675599997, -9.036367650700001, 325.0 ], [ 125.549400416699996, -9.036381565899999, 325.0 ], [ 125.549394075799995, -9.0364064358, 325.0 ], [ 125.549389108699998, -9.036417633399999, 325.0 ], [ 125.549382125799994, -9.036427954200001, 325.0 ], [ 125.5493742118, -9.0364360619, 325.0 ], [ 125.5493648753, -9.0364414503, 325.0 ], [ 125.5493567738, -9.036441603, 325.0 ], [ 125.549351064199996, -9.036437015100001, 325.0 ], [ 125.549349686200003, -9.036430527, 325.0 ], [ 125.5493529, -9.0364107965, 325.0 ], [ 125.549352818800003, -9.0364017101, 325.0 ], [ 125.549346706500003, -9.036388999, 325.0 ], [ 125.549335362199997, -9.0363741848, 325.0 ], [ 125.549322840800002, -9.036351397800001, 325.0 ], [ 125.549318375200002, -9.0363367276, 325.0 ], [ 125.549312005900006, -9.036305318, 325.0 ], [ 125.549305910699999, -9.0362949721, 325.0 ], [ 125.549296701900005, -9.0362862271, 325.0 ], [ 125.549284151899997, -9.0362785489, 325.0 ], [ 125.549236771799997, -9.036256915699999, 325.0 ], [ 125.549208646599993, -9.036265071500001, 325.0 ], [ 125.549199129599998, -9.0362649976, 325.0 ], [ 125.549191313400001, -9.036262892, 325.0 ], [ 125.5491760906, -9.036255863899999, 325.0 ], [ 125.549142726699998, -9.0362531031, 325.0 ], [ 125.549101725699998, -9.036243347799999, 325.0 ], [ 125.549090442600004, -9.0362388859, 325.0 ], [ 125.54906638, -9.0362191656, 325.0 ], [ 125.549059809599996, -9.036216211399999, 325.0 ], [ 125.549051986899997, -9.036215323, 325.0 ], [ 125.549042128099998, -9.0362207038, 325.0 ], [ 125.549017481299998, -9.0362409893, 325.0 ], [ 125.549000773499998, -9.036247532, 325.0 ], [ 125.548962431600003, -9.0362558505, 325.0 ], [ 125.54895445, -9.0362604928, 325.0 ], [ 125.548915657699993, -9.0362912287, 325.0 ], [ 125.548902374, -9.0362968801, 325.0 ], [ 125.548892921199993, -9.0362982143, 325.0 ], [ 125.5488395263, -9.0362977376, 325.0 ], [ 125.548827891, -9.0362946472, 325.0 ], [ 125.548812289899999, -9.036282982399999, 325.0 ], [ 125.548791005400005, -9.036259448399999, 325.0 ], [ 125.548778626300006, -9.0362548428, 325.0 ], [ 125.5487613289, -9.0362564546, 325.0 ], [ 125.548744962800001, -9.0362619288, 325.0 ], [ 125.548690147599999, -9.0362951137, 325.0 ], [ 125.548673539399999, -9.036301675100001, 325.0 ], [ 125.548653889799994, -9.0363073127, 325.0 ], [ 125.548635436, -9.036307556100001, 325.0 ], [ 125.548618172499999, -9.0363047601, 325.0 ], [ 125.548588568200003, -9.0362914437, 325.0 ], [ 125.548580838700005, -9.036289220600001, 325.0 ], [ 125.548571487800004, -9.036288987800001, 325.0 ], [ 125.548510830699996, -9.0362976576, 325.0 ], [ 125.548501484499994, -9.0362972174, 325.0 ], [ 125.548494552899996, -9.036295835200001, 325.0 ], [ 125.548481621299999, -9.0362884468, 325.0 ], [ 125.548473614800002, -9.036277547699999, 325.0 ], [ 125.548469861800001, -9.036265777, 325.0 ], [ 125.548462689600001, -9.0362525938, 325.0 ], [ 125.548454908799997, -9.036244266500001, 325.0 ], [ 125.5484516458, -9.0362437003, 325.0 ], [ 125.548418099299994, -9.036251634, 325.0 ], [ 125.548399014599994, -9.036259579899999, 325.0 ], [ 125.548391198100006, -9.036265539, 325.0 ], [ 125.548367953099998, -9.0362957427, 325.0 ], [ 125.548362265199998, -9.0363006307, 325.0 ], [ 125.548355375100002, -9.036303670900001, 325.0 ], [ 125.548337255800007, -9.036306098500001, 325.0 ], [ 125.548285397900003, -9.0362987449, 325.0 ], [ 125.548214627199997, -9.0362986602, 325.0 ], [ 125.548187317200004, -9.036296698799999, 325.0 ], [ 125.548181259100005, -9.036293966200001, 325.0 ], [ 125.548175291800007, -9.0362886617, 325.0 ], [ 125.548162796599996, -9.036273062799999, 325.0 ], [ 125.548153216399996, -9.0362646312, 325.0 ], [ 125.548122750299996, -9.036248730200001, 325.0 ], [ 125.54810115, -9.036234586699999, 325.0 ], [ 125.548045692800002, -9.0362095478, 325.0 ], [ 125.548023667300001, -9.036193707300001, 325.0 ], [ 125.548004904699994, -9.036176164, 325.0 ], [ 125.547998182499995, -9.0361675545, 325.0 ], [ 125.547993036400001, -9.036157725600001, 325.0 ], [ 125.547966360299995, -9.0360975375, 325.0 ], [ 125.547937195399996, -9.036064035500001, 325.0 ], [ 125.547927934300006, -9.0360435668, 325.0 ], [ 125.547925151699999, -9.0360328483, 325.0 ], [ 125.547926099600005, -9.036028938799999, 325.0 ], [ 125.547944312499993, -9.036005163600001, 325.0 ], [ 125.547952623499995, -9.0359969543, 325.0 ], [ 125.5479591812, -9.035992867299999, 325.0 ], [ 125.547963995200007, -9.035992955899999, 325.0 ], [ 125.547968317, -9.035996468700001, 325.0 ], [ 125.547983667400004, -9.036024684899999, 325.0 ], [ 125.547987872799993, -9.0360295739, 325.0 ], [ 125.547993103099998, -9.036034019500001, 325.0 ], [ 125.548006612400002, -9.036038831799999, 325.0 ], [ 125.548024680200001, -9.036038942499999, 325.0 ], [ 125.548044672900005, -9.036036560699999, 325.0 ], [ 125.548068883100001, -9.036029926599999, 325.0 ], [ 125.548091082699997, -9.0360340073, 325.0 ], [ 125.54810522, -9.0360308818, 325.0 ], [ 125.548107630100006, -9.036029105800001, 325.0 ], [ 125.548103279, -9.0360172646, 325.0 ], [ 125.548104017300005, -9.0360099894, 325.0 ], [ 125.548108292699993, -9.0360010989, 325.0 ], [ 125.548122722100004, -9.0359834571, 325.0 ], [ 125.548127954600005, -9.035975001300001, 325.0 ], [ 125.548134862, -9.035957116500001, 325.0 ], [ 125.548142221399999, -9.0359495553, 325.0 ], [ 125.548150013599994, -9.035948647, 325.0 ], [ 125.548159437099997, -9.0359488614, 325.0 ], [ 125.548179522500007, -9.035956153900001, 325.0 ], [ 125.548188903500005, -9.0359638726, 325.0 ], [ 125.548207452, -9.035974142800001, 325.0 ], [ 125.548230018200002, -9.0359890075, 325.0 ], [ 125.548269478400002, -9.036020880400001, 325.0 ], [ 125.548285904300002, -9.0360300174, 325.0 ], [ 125.548300354299997, -9.0360327191, 325.0 ], [ 125.548309017, -9.036032070899999, 325.0 ], [ 125.548319144299995, -9.036027690899999, 325.0 ], [ 125.548324966199999, -9.036021809599999, 325.0 ], [ 125.548329385, -9.036011733500001, 325.0 ], [ 125.548329638200002, -9.035993007, 325.0 ], [ 125.548326762399995, -9.0359760714, 325.0 ], [ 125.548326889, -9.035968541100001, 325.0 ], [ 125.548332150299998, -9.035947758900001, 325.0 ], [ 125.548337755199995, -9.035937195500001, 325.0 ], [ 125.548345165800001, -9.035928348600001, 325.0 ], [ 125.548363663, -9.0359185493, 325.0 ], [ 125.548376761399993, -9.035909349800001, 325.0 ], [ 125.5483841625, -9.0359004705, 325.0 ], [ 125.548389933400003, -9.035890004500001, 325.0 ], [ 125.548405544700003, -9.0358380194, 325.0 ], [ 125.548417604400001, -9.035810281, 325.0 ], [ 125.548423576900007, -9.0357922272, 325.0 ], [ 125.548424827299996, -9.035782303, 325.0 ], [ 125.548424496600006, -9.0357549783, 325.0 ], [ 125.548426223600003, -9.035745823199999, 325.0 ], [ 125.548429478100005, -9.035738032199999, 325.0 ], [ 125.548450889799994, -9.0357120783, 325.0 ], [ 125.548458208300005, -9.0357011756, 325.0 ], [ 125.548467281699999, -9.0356811738, 325.0 ], [ 125.548477346200002, -9.0356657163, 325.0 ], [ 125.548486596399997, -9.0356562625, 325.0 ], [ 125.548496179899999, -9.035649575, 325.0 ], [ 125.548522601499997, -9.035637922699999, 325.0 ], [ 125.548534414100004, -9.035630530700001, 325.0 ], [ 125.548542737600002, -9.0356227711, 325.0 ], [ 125.548556118500002, -9.0356012443, 325.0 ], [ 125.548562735, -9.0355850333, 325.0 ], [ 125.548576569900007, -9.0355387372, 325.0 ], [ 125.54857784, -9.0355234775, 325.0 ], [ 125.548574090499997, -9.0354977182, 325.0 ], [ 125.548574998299998, -9.035485525, 325.0 ], [ 125.548577397499997, -9.0354826605, 325.0 ], [ 125.548591498500002, -9.03547862, 325.0 ], [ 125.548610606400004, -9.035477155300001, 325.0 ], [ 125.5486463087, -9.0354803721, 325.0 ], [ 125.5486816688, -9.0354814173, 325.0 ], [ 125.5487030078, -9.035476615, 325.0 ], [ 125.548712679399998, -9.0354688645, 325.0 ], [ 125.548716350600003, -9.0354626776, 325.0 ], [ 125.548711110300005, -9.0354380786, 325.0 ], [ 125.548710458900004, -9.0354290313, 325.0 ], [ 125.548712998100001, -9.0353914441, 325.0 ], [ 125.548712739400003, -9.0353822745, 325.0 ], [ 125.548710510500001, -9.0353754056, 325.0 ], [ 125.548707132199993, -9.0353697403, 325.0 ], [ 125.548695070600004, -9.035362109399999, 325.0 ], [ 125.548676993, -9.03535525, 325.0 ], [ 125.548665589899997, -9.0353485514, 325.0 ], [ 125.548655802400006, -9.0353385389, 325.0 ], [ 125.548648361800005, -9.035327454900001, 325.0 ], [ 125.548643292899996, -9.035317577800001, 325.0 ], [ 125.548640798700006, -9.0353011454, 325.0 ], [ 125.5486424188, -9.035291823, 325.0 ], [ 125.548649931100002, -9.0352781125, 325.0 ], [ 125.548661070700007, -9.0352664703, 325.0 ], [ 125.548674483599996, -9.035258624400001, 325.0 ], [ 125.548684158399993, -9.035254614699999, 325.0 ], [ 125.548695117299999, -9.035252073200001, 325.0 ], [ 125.54870337, -9.035251907399999, 325.0 ], [ 125.548712266500004, -9.035253886, 325.0 ], [ 125.548725297499999, -9.0352602629, 325.0 ], [ 125.548729554499999, -9.0352639844, 325.0 ], [ 125.548747925499995, -9.035284319700001, 325.0 ], [ 125.548756044599997, -9.0353008672, 325.0 ], [ 125.548759059700004, -9.035302015499999, 325.0 ], [ 125.548772360300006, -9.035299264900001, 325.0 ], [ 125.548788523900001, -9.035299054399999, 325.0 ], [ 125.548807216200004, -9.035303262699999, 325.0 ], [ 125.548823041199995, -9.0353025203, 325.0 ], [ 125.548865946099994, -9.035285420199999, 325.0 ], [ 125.548881761199993, -9.0352751689, 325.0 ], [ 125.548898200300002, -9.0352523192, 325.0 ], [ 125.548907956299999, -9.0352216696, 325.0 ], [ 125.54891314, -9.0352118539, 325.0 ], [ 125.548920257700004, -9.035204887200001, 325.0 ], [ 125.548928537400002, -9.035201566, 325.0 ], [ 125.548935981900001, -9.0352017704, 325.0 ], [ 125.548941977200002, -9.035205292600001, 325.0 ], [ 125.548951490899995, -9.035213716499999, 325.0 ], [ 125.548976770199999, -9.0352304689, 325.0 ], [ 125.548993123700001, -9.035244821499999, 325.0 ], [ 125.549009514700003, -9.035266658099999, 325.0 ], [ 125.549019141900004, -9.035273485599999, 325.0 ], [ 125.549027365300006, -9.035276249400001, 325.0 ], [ 125.549052029899997, -9.0352781681, 325.0 ], [ 125.549062963899999, -9.0352833451, 325.0 ], [ 125.549070596099995, -9.0352929398, 325.0 ], [ 125.549073652399997, -9.035299943, 325.0 ], [ 125.549075796599993, -9.0353078013, 325.0 ], [ 125.5490783085, -9.035333729, 325.0 ], [ 125.549083281400002, -9.0353461399, 325.0 ], [ 125.549100719600006, -9.035363779100001, 325.0 ], [ 125.549117766799995, -9.035392897, 325.0 ], [ 125.549129408799999, -9.035407558099999, 325.0 ], [ 125.549158238800004, -9.0354314624, 325.0 ], [ 125.549170709600006, -9.0354474124, 325.0 ], [ 125.549176475099998, -9.035450451699999, 325.0 ], [ 125.549184643399997, -9.0354521542, 325.0 ], [ 125.549194392299995, -9.0354514713, 325.0 ], [ 125.5492043287, -9.035448173, 325.0 ], [ 125.549211740199993, -9.035444400499999, 325.0 ], [ 125.549236716699994, -9.035425976300001, 325.0 ], [ 125.549246708400005, -9.0354211149, 325.0 ], [ 125.549310757300006, -9.0354057453, 325.0 ], [ 125.549338290700007, -9.035397380299999, 325.0 ], [ 125.549368175200001, -9.035390884, 325.0 ], [ 125.549382226199995, -9.035384472700001, 325.0 ], [ 125.549400649199995, -9.035368796, 325.0 ], [ 125.549428306500005, -9.035340978100001, 325.0 ], [ 125.549457109299993, -9.035315647399999, 325.0 ], [ 125.549485242900005, -9.035276478, 325.0 ], [ 125.549503561600005, -9.0352615821, 325.0 ], [ 125.549518523100005, -9.035254074799999, 325.0 ], [ 125.549536357600005, -9.035252638199999, 325.0 ], [ 125.5495660964, -9.035266549099999, 325.0 ], [ 125.549601672199998, -9.0352776752, 325.0 ], [ 125.549630283599996, -9.0352817996, 325.0 ], [ 125.549638925899998, -9.0352842867, 325.0 ], [ 125.549663889100003, -9.0352949452, 325.0 ], [ 125.549698339200006, -9.035292290799999, 325.0 ], [ 125.549712684100001, -9.0352943759, 325.0 ], [ 125.549722092300001, -9.0352996385, 325.0 ], [ 125.549731980100006, -9.035311481700001, 325.0 ], [ 125.549744826799994, -9.0353415477, 325.0 ], [ 125.549769329200004, -9.0353736707, 325.0 ], [ 125.54978031, -9.035395958500001, 325.0 ], [ 125.549788272100002, -9.0354078459, 325.0 ], [ 125.549817806899995, -9.0354404572, 325.0 ], [ 125.549871246199999, -9.0354880771, 325.0 ], [ 125.549888756900003, -9.035506446, 325.0 ], [ 125.549896604899999, -9.035518413, 325.0 ], [ 125.549911792900005, -9.035547075, 325.0 ], [ 125.549919112799998, -9.0355688383, 325.0 ], [ 125.549922839100006, -9.035575317799999, 325.0 ], [ 125.549927854100005, -9.035578875900001, 325.0 ], [ 125.549938024, -9.0355824964, 325.0 ], [ 125.549956806699996, -9.0355762861, 325.0 ], [ 125.549975964599994, -9.035567396899999, 325.0 ], [ 125.549984044699997, -9.035561941499999, 325.0 ], [ 125.550001980199994, -9.035545255400001, 325.0 ], [ 125.550015987, -9.035527119699999, 325.0 ], [ 125.5500259282, -9.035509210600001, 325.0 ], [ 125.550037451799994, -9.0354667177, 325.0 ], [ 125.550043591100007, -9.0354527785, 325.0 ], [ 125.550056998900004, -9.0354375805, 325.0 ], [ 125.550076758200007, -9.0354205603, 325.0 ], [ 125.550100932199996, -9.035402335900001, 325.0 ], [ 125.550116654299998, -9.0353858006, 325.0 ], [ 125.550126583400001, -9.035379966, 325.0 ], [ 125.550168013399997, -9.035366654200001, 325.0 ], [ 125.550181085299997, -9.0353600783, 325.0 ], [ 125.5502218094, -9.035333105299999, 325.0 ], [ 125.550257795899995, -9.035312149699999, 325.0 ], [ 125.55029054, -9.035288692, 325.0 ], [ 125.550320169499997, -9.0352708028, 325.0 ], [ 125.550338210899994, -9.0352548835, 325.0 ], [ 125.5503540391, -9.035247508299999, 325.0 ], [ 125.550363380799993, -9.035247248, 325.0 ], [ 125.550370741099997, -9.0352495602, 325.0 ], [ 125.550379325899996, -9.03525619, 325.0 ], [ 125.550392942599998, -9.035261183799999, 325.0 ], [ 125.550412755899998, -9.035262510600001, 325.0 ], [ 125.550450863500004, -9.0352688323, 325.0 ], [ 125.550461820199999, -9.035274165600001, 325.0 ], [ 125.550483277599994, -9.035289476699999, 325.0 ], [ 125.5504953282, -9.035293044299999, 325.0 ], [ 125.550512504699995, -9.0352929608, 325.0 ], [ 125.550519418600004, -9.0352899588, 325.0 ], [ 125.550542034299994, -9.035271269500001, 325.0 ], [ 125.550552220300006, -9.035267424400001, 325.0 ], [ 125.550559393100002, -9.0352682299, 325.0 ], [ 125.550570604100002, -9.035273871199999, 325.0 ], [ 125.550594358, -9.035295549500001, 325.0 ], [ 125.5506092854, -9.0353062482, 325.0 ], [ 125.550612207900002, -9.0353068371, 325.0 ], [ 125.550627823799999, -9.035301583500001, 325.0 ], [ 125.550637972100006, -9.035295339799999, 325.0 ], [ 125.550665569100005, -9.0352709408, 325.0 ], [ 125.550677816499999, -9.035269230899999, 325.0 ], [ 125.55068262, -9.0352704648, 325.0 ], [ 125.5506865272, -9.0352737739, 325.0 ], [ 125.550697630599998, -9.035292506199999, 325.0 ], [ 125.550702424, -9.0352974082, 325.0 ], [ 125.550708114700001, -9.0353011071, 325.0 ], [ 125.5507168412, -9.0353034372, 325.0 ], [ 125.550753781500006, -9.035301950799999, 325.0 ], [ 125.550815112400002, -9.035303601400001, 325.0 ], [ 125.550835341600006, -9.035306047900001, 325.0 ], [ 125.550881117700001, -9.035324576700001, 325.0 ], [ 125.55090424, -9.0353382633, 325.0 ], [ 125.550930011399998, -9.0353663018, 325.0 ], [ 125.550952155, -9.035379967900001, 325.0 ], [ 125.550962909399999, -9.0353882245, 325.0 ], [ 125.550987139499995, -9.0354185642, 325.0 ], [ 125.551026191299997, -9.035448560300001, 325.0 ], [ 125.551046738400004, -9.0354674928, 325.0 ], [ 125.551083871399996, -9.0354845965, 325.0 ], [ 125.551127718700002, -9.035496910899999, 325.0 ], [ 125.551139431, -9.035501672200001, 325.0 ], [ 125.551158310899993, -9.0355189941, 325.0 ], [ 125.551188779900002, -9.0355422001, 325.0 ], [ 125.551207723700003, -9.0355535616, 325.0 ], [ 125.551223422299998, -9.035560499700001, 325.0 ], [ 125.551234896799997, -9.0355687755, 325.0 ], [ 125.551240551399999, -9.035581881400001, 325.0 ], [ 125.551246921599997, -9.035612117399999, 325.0 ], [ 125.551299213700005, -9.035696594099999, 325.0 ], [ 125.551307294799997, -9.035703717600001, 325.0 ], [ 125.551331779099996, -9.035717564700001, 325.0 ], [ 125.551345845300006, -9.0357301557, 325.0 ], [ 125.551354350400004, -9.0357408072, 325.0 ], [ 125.551378954699999, -9.0357785302, 325.0 ], [ 125.551413304700006, -9.035807800100001, 325.0 ], [ 125.551427727499998, -9.035830362, 325.0 ], [ 125.551432207900007, -9.035835214700001, 325.0 ], [ 125.551474441799996, -9.0358626213, 325.0 ], [ 125.551518227800003, -9.035882575, 325.0 ], [ 125.551540967299999, -9.035889016100001, 325.0 ], [ 125.551558820099999, -9.0358899575, 325.0 ], [ 125.5515956542, -9.0358883922, 325.0 ], [ 125.551615344300004, -9.0358849931, 325.0 ], [ 125.551667394199995, -9.0358712347, 325.0 ], [ 125.551696330400006, -9.0358678466, 325.0 ], [ 125.551713452499996, -9.035869700499999, 325.0 ], [ 125.551727749, -9.035874189199999, 325.0 ], [ 125.551738861100006, -9.0358792584, 325.0 ], [ 125.551761868699998, -9.035893097, 325.0 ], [ 125.551769449800005, -9.0358958594, 325.0 ], [ 125.551789982399995, -9.0358983039, 325.0 ], [ 125.551803215800007, -9.0358958984, 325.0 ], [ 125.551824382700005, -9.0358834755, 325.0 ], [ 125.551845777599993, -9.035867683, 325.0 ], [ 125.551885604199995, -9.0358295411, 325.0 ], [ 125.551939943700006, -9.0357587311, 325.0 ], [ 125.551975536, -9.035702650599999, 325.0 ], [ 125.5519928999, -9.0356837285, 325.0 ], [ 125.552023148800004, -9.0356554698, 325.0 ], [ 125.552054975499999, -9.035619845299999, 325.0 ], [ 125.552066167899994, -9.035604102700001, 325.0 ], [ 125.5520829, -9.035574347900001, 325.0 ], [ 125.552090165799996, -9.035565181799999, 325.0 ], [ 125.552110029, -9.0355491932, 325.0 ], [ 125.552146500299997, -9.0355284119, 325.0 ], [ 125.552165471500004, -9.0355119036, 325.0 ], [ 125.552172069600005, -9.0355025668, 325.0 ], [ 125.552174882599999, -9.0354970671, 325.0 ], [ 125.5521728513, -9.0354898355, 325.0 ], [ 125.552164763500002, -9.0354785649, 325.0 ], [ 125.552150376, -9.035465136799999, 325.0 ], [ 125.552145963800001, -9.0354593096, 325.0 ], [ 125.552135459599995, -9.0354403686, 325.0 ], [ 125.552135663599998, -9.035402291500001, 325.0 ], [ 125.552128257700005, -9.035350659200001, 325.0 ], [ 125.552127957600007, -9.0353326449, 325.0 ], [ 125.552130181899997, -9.0353041329, 325.0 ], [ 125.552133347099996, -9.035284966900001, 325.0 ], [ 125.552139512, -9.0352696293, 325.0 ], [ 125.552145780800004, -9.035262340499999, 325.0 ], [ 125.552154120400004, -9.0352568581, 325.0 ], [ 125.552162451300006, -9.035254305300001, 325.0 ], [ 125.552180572500006, -9.0352535722, 325.0 ], [ 125.552189836500006, -9.035254697, 325.0 ], [ 125.552229131399997, -9.035265091199999, 325.0 ], [ 125.552254225699997, -9.0352700534, 325.0 ], [ 125.552271158699995, -9.035272089299999, 325.0 ], [ 125.552289684399994, -9.0352711778, 325.0 ], [ 125.552300215299994, -9.0352689407, 325.0 ], [ 125.552318795, -9.0352622804, 325.0 ], [ 125.552383570800004, -9.035228134, 325.0 ], [ 125.5524079618, -9.035219399900001, 325.0 ], [ 125.552435442299995, -9.0352144939, 325.0 ], [ 125.552519828800001, -9.0352049885, 325.0 ], [ 125.552535838500006, -9.035200442400001, 325.0 ], [ 125.552553397, -9.035191144900001, 325.0 ], [ 125.552562058800007, -9.0351835761, 325.0 ], [ 125.552586574700001, -9.03515504, 325.0 ], [ 125.552609631099998, -9.0351226453, 325.0 ], [ 125.552645186399999, -9.035085522699999, 325.0 ], [ 125.552673186, -9.035063963, 325.0 ], [ 125.552716763299998, -9.035038226, 325.0 ], [ 125.552733574100003, -9.035033674699999, 325.0 ], [ 125.552762940199997, -9.035028862600001, 325.0 ], [ 125.552897156399993, -9.035020424100001, 325.0 ], [ 125.552945574199995, -9.035006349, 325.0 ], [ 125.552961759599995, -9.0349989844, 325.0 ], [ 125.55298177, -9.0349843702, 325.0 ], [ 125.552990313400002, -9.034975837499999, 325.0 ], [ 125.553014747099994, -9.0349456568, 325.0 ], [ 125.553058389200004, -9.034896656400001, 325.0 ], [ 125.553111021899994, -9.0348438051, 325.0 ], [ 125.553116388199996, -9.034832117200001, 325.0 ], [ 125.553116449300006, -9.034821209, 325.0 ], [ 125.553114776699999, -9.0348186965, 325.0 ], [ 125.553097248900002, -9.0348104457, 325.0 ], [ 125.5530686213, -9.034802510700001, 325.0 ], [ 125.553040605299998, -9.0347981073, 325.0 ], [ 125.553022291700003, -9.034797987499999, 325.0 ], [ 125.552975535300007, -9.0348014071, 325.0 ], [ 125.552962200400003, -9.034804277599999, 325.0 ], [ 125.552921389900007, -9.034816944099999, 325.0 ], [ 125.552912968599998, -9.034818168, 325.0 ], [ 125.552895720400002, -9.034816792699999, 325.0 ], [ 125.552879552, -9.0348117793, 325.0 ], [ 125.552770212, -9.034757236300001, 325.0 ], [ 125.552753578899996, -9.0347532734, 325.0 ], [ 125.552728213899996, -9.0347524818, 325.0 ], [ 125.552716004, -9.034749290900001, 325.0 ], [ 125.552669146900001, -9.0347144562, 325.0 ], [ 125.552605314199994, -9.034688341300001, 325.0 ], [ 125.552568546700002, -9.0346707694, 325.0 ], [ 125.552551599400005, -9.034660130800001, 325.0 ], [ 125.552528349400006, -9.034640661099999, 325.0 ], [ 125.552486143899998, -9.034624481, 325.0 ], [ 125.552445246100007, -9.0346045174, 325.0 ], [ 125.552431710600004, -9.034599482499999, 325.0 ], [ 125.552385343899999, -9.0345835456, 325.0 ], [ 125.552352777, -9.034576100700001, 325.0 ], [ 125.5523408026, -9.0345719687, 325.0 ], [ 125.552330857399994, -9.034565666200001, 325.0 ], [ 125.552316604799998, -9.0345518305, 325.0 ], [ 125.552289407700002, -9.0345410101, 325.0 ], [ 125.552245836, -9.034520109400001, 325.0 ], [ 125.552237669299998, -9.034514114, 325.0 ], [ 125.552204617900003, -9.0344821449, 325.0 ], [ 125.552155198299999, -9.0344484573, 325.0 ], [ 125.552133186700004, -9.034429056700001, 325.0 ], [ 125.552124783799997, -9.034409224799999, 325.0 ], [ 125.552123146400007, -9.034382948799999, 325.0 ], [ 125.552118783300003, -9.034367056500001, 325.0 ], [ 125.552106292399998, -9.034345957399999, 325.0 ], [ 125.552092701, -9.034313363200001, 325.0 ], [ 125.552077589800007, -9.0342894574, 325.0 ], [ 125.5520663259, -9.034275984900001, 325.0 ], [ 125.552061932, -9.034268361400001, 325.0 ], [ 125.552060070099998, -9.034261039900001, 325.0 ], [ 125.552060971900005, -9.0342507986, 325.0 ], [ 125.5520740244, -9.0342126812, 325.0 ], [ 125.552070039900002, -9.0341741231, 325.0 ], [ 125.552071076700003, -9.0341647682, 325.0 ], [ 125.5520727265, -9.034157820700001, 325.0 ], [ 125.552082425199998, -9.0341399517, 325.0 ], [ 125.5520990877, -9.0341203527, 325.0 ], [ 125.552119321700005, -9.0341036066, 325.0 ], [ 125.552174562700003, -9.034067630899999, 325.0 ], [ 125.552183334199995, -9.034058998800001, 325.0 ], [ 125.552190435699998, -9.034048932199999, 325.0 ], [ 125.552195467800004, -9.034029563400001, 325.0 ], [ 125.552194057299999, -9.0340150643, 325.0 ], [ 125.552188064299997, -9.0339958443, 325.0 ], [ 125.552190150800001, -9.033975850799999, 325.0 ], [ 125.5521996481, -9.033958612499999, 325.0 ], [ 125.552210956300001, -9.0339422627, 325.0 ], [ 125.552219547299998, -9.0339335221, 325.0 ], [ 125.552230509899999, -9.0339274469, 325.0 ], [ 125.5522619483, -9.0339185008, 325.0 ], [ 125.552290903, -9.0339037422, 325.0 ], [ 125.552344447199999, -9.0338807039, 325.0 ], [ 125.552362995300001, -9.033876659800001, 325.0 ], [ 125.552399293799994, -9.033877625900001, 325.0 ], [ 125.552418444099999, -9.033876303, 325.0 ], [ 125.552433900099999, -9.033870138099999, 325.0 ], [ 125.552437485799999, -9.0338655319, 325.0 ], [ 125.552439371099993, -9.0338598239, 325.0 ], [ 125.5524456144, -9.0338296075, 325.0 ], [ 125.552457912400001, -9.0337951798, 325.0 ], [ 125.552458572199996, -9.033786810500001, 325.0 ], [ 125.552451855499996, -9.0337629318, 325.0 ], [ 125.552451643300003, -9.0337586772, 325.0 ], [ 125.552454682499999, -9.0337553742, 325.0 ], [ 125.552468010699997, -9.033754931600001, 325.0 ], [ 125.552473874100002, -9.033756545299999, 325.0 ], [ 125.552526182299999, -9.0337856202, 325.0 ], [ 125.552534563799995, -9.033786707499999, 325.0 ], [ 125.552544712300005, -9.0337850399, 325.0 ], [ 125.552554527799998, -9.033780952900001, 325.0 ], [ 125.552562284800004, -9.0337761558, 325.0 ], [ 125.552577806599999, -9.033762534099999, 325.0 ], [ 125.552585373499994, -9.0337581693, 325.0 ], [ 125.552617266499993, -9.0337465975, 325.0 ], [ 125.552629122699997, -9.0337402754, 325.0 ], [ 125.552653924500007, -9.0337229353, 325.0 ], [ 125.552661218300003, -9.0337207016, 325.0 ], [ 125.552676495900002, -9.0337212395, 325.0 ], [ 125.552730536499993, -9.0337357507, 325.0 ], [ 125.552757008900002, -9.0337402619, 325.0 ], [ 125.552792217100006, -9.0337422773, 325.0 ], [ 125.552828829099994, -9.033741774599999, 325.0 ], [ 125.552853786499995, -9.0337383973, 325.0 ], [ 125.552906563700006, -9.033711736300001, 325.0 ], [ 125.552927794599995, -9.0337049623, 325.0 ], [ 125.552979818200001, -9.033691405300001, 325.0 ], [ 125.553018826300004, -9.0336853631, 325.0 ], [ 125.553065468499994, -9.0336848085, 325.0 ], [ 125.553103977399999, -9.033680653799999, 325.0 ], [ 125.553139002500004, -9.0336825942, 325.0 ], [ 125.553175149300003, -9.033681614300001, 325.0 ], [ 125.553320528699999, -9.0336637242, 325.0 ], [ 125.553357536299998, -9.0336620862, 325.0 ], [ 125.553409807500003, -9.0336655922, 325.0 ], [ 125.553437309900005, -9.0336630384, 325.0 ], [ 125.553487089200004, -9.0336555902, 325.0 ], [ 125.553504004100006, -9.0336572631, 325.0 ], [ 125.553537427, -9.033663647099999, 325.0 ], [ 125.553580737499999, -9.0336671964, 325.0 ], [ 125.553626732400005, -9.0336659336, 325.0 ], [ 125.553645580600005, -9.033663494, 325.0 ], [ 125.553661921, -9.0336568346, 325.0 ], [ 125.553710969299999, -9.0336242384, 325.0 ], [ 125.553742835099996, -9.033608491500001, 325.0 ], [ 125.553796853700007, -9.0335748642, 325.0 ], [ 125.553815507500005, -9.0335653449, 325.0 ], [ 125.553851555500003, -9.033549871, 325.0 ], [ 125.553888373700005, -9.0335258221, 325.0 ], [ 125.553907883899996, -9.0335168705, 325.0 ], [ 125.5539483373, -9.0335083028, 325.0 ], [ 125.553978650299996, -9.033497628499999, 325.0 ], [ 125.553997435900001, -9.033486251399999, 325.0 ], [ 125.5540633998, -9.0334388129, 325.0 ], [ 125.554142263100005, -9.033406301199999, 325.0 ], [ 125.554169071100006, -9.033392831700001, 325.0 ], [ 125.554184344, -9.033380530900001, 325.0 ], [ 125.554194527099995, -9.033367842500001, 325.0 ], [ 125.554195713699997, -9.0333639924, 325.0 ], [ 125.554194250600005, -9.033352473200001, 325.0 ], [ 125.554192413199999, -9.033346099699999, 325.0 ], [ 125.554185030200003, -9.0333318555, 325.0 ], [ 125.554138429100007, -9.0332715434, 325.0 ], [ 125.554124231299994, -9.0332444936, 325.0 ], [ 125.554115162200006, -9.0332215039, 325.0 ], [ 125.554110477600005, -9.0332051636, 325.0 ], [ 125.554105619200001, -9.033164534599999, 325.0 ], [ 125.554088556500005, -9.0331173289, 325.0 ], [ 125.554053298499994, -9.0330535262, 325.0 ], [ 125.553995018, -9.032967642199999, 325.0 ], [ 125.553975380300002, -9.032933123399999, 325.0 ], [ 125.553945139600003, -9.032896954, 325.0 ], [ 125.553927035499996, -9.032881168099999, 325.0 ], [ 125.553917152899999, -9.032874613600001, 325.0 ], [ 125.553902170200004, -9.0328692424, 325.0 ], [ 125.553894012300006, -9.0328682292, 325.0 ], [ 125.553884336300001, -9.0328685772, 325.0 ], [ 125.55387435, -9.032870844, 325.0 ], [ 125.553819970800006, -9.032890933699999, 325.0 ], [ 125.553773510499994, -9.032910960700001, 325.0 ], [ 125.553754091599998, -9.032914079399999, 325.0 ], [ 125.553681602, -9.0329141771, 325.0 ], [ 125.553629800099998, -9.032907267100001, 325.0 ], [ 125.553592693400006, -9.0329094959, 325.0 ], [ 125.553574993200002, -9.032908434599999, 325.0 ], [ 125.553555407199994, -9.0329026666, 325.0 ], [ 125.553508712099998, -9.0328777029, 325.0 ], [ 125.553485477799995, -9.032869485399999, 325.0 ], [ 125.553466579399995, -9.032864565400001, 325.0 ], [ 125.553445060599998, -9.0328611893, 325.0 ], [ 125.553399950699998, -9.0328595092, 325.0 ], [ 125.553385159, -9.0328540193, 325.0 ], [ 125.553371214199998, -9.032843160800001, 325.0 ], [ 125.553315389399998, -9.032790541200001, 325.0 ], [ 125.553269965599995, -9.032742455199999, 325.0 ], [ 125.5532504066, -9.0327185649, 325.0 ], [ 125.553237620499999, -9.032705772, 325.0 ], [ 125.553230979700004, -9.032700420399999, 325.0 ], [ 125.553211727900006, -9.032690415, 325.0 ], [ 125.553199145, -9.032686739600001, 325.0 ], [ 125.5531871142, -9.032685129900001, 325.0 ], [ 125.553170530599999, -9.0326840478, 325.0 ], [ 125.553153069100006, -9.032684783, 325.0 ], [ 125.553098279799997, -9.0327009695, 325.0 ], [ 125.553079115100005, -9.032703767199999, 325.0 ], [ 125.55306914, -9.032703445499999, 325.0 ], [ 125.553063232900001, -9.0327009472, 325.0 ], [ 125.553057316, -9.0326954058, 325.0 ], [ 125.553053372400001, -9.032679333, 325.0 ], [ 125.553053521799995, -9.032669909099999, 325.0 ], [ 125.553055663699993, -9.0326507033, 325.0 ], [ 125.553064392099998, -9.0326091644, 325.0 ], [ 125.553066865600002, -9.0325810781, 325.0 ], [ 125.553064570199993, -9.0325470573, 325.0 ], [ 125.553061950699998, -9.0325362344, 325.0 ], [ 125.553057539, -9.03252622, 325.0 ], [ 125.553050600299997, -9.0325185856, 325.0 ], [ 125.553044526099995, -9.0325145485, 325.0 ], [ 125.553026241300003, -9.0325070177, 325.0 ], [ 125.552971425, -9.032499275299999, 325.0 ], [ 125.552926322900007, -9.032498160299999, 325.0 ], [ 125.552918217599995, -9.0324970917, 325.0 ], [ 125.552912875299995, -9.0324943401, 325.0 ], [ 125.552912264499994, -9.0324880504, 325.0 ], [ 125.552917323399996, -9.032479201799999, 325.0 ], [ 125.552938873200006, -9.0324521407, 325.0 ], [ 125.552944345900002, -9.032442654900001, 325.0 ], [ 125.552947671200002, -9.0324336943, 325.0 ], [ 125.552948318899993, -9.032423894400001, 325.0 ], [ 125.552946179399996, -9.0324174664, 325.0 ], [ 125.552940928599995, -9.0324121363, 325.0 ], [ 125.552921356100001, -9.032401204299999, 325.0 ], [ 125.5528978782, -9.032391476600001, 325.0 ], [ 125.552879690200001, -9.032381495899999, 325.0 ], [ 125.552876791599999, -9.0323776444, 325.0 ], [ 125.552875322399998, -9.0323709187, 325.0 ], [ 125.552877128800006, -9.032363378399999, 325.0 ], [ 125.552882631399996, -9.032355600200001, 325.0 ], [ 125.552899926699993, -9.0323396243, 325.0 ], [ 125.552912818500005, -9.0323254096, 325.0 ], [ 125.552920295800007, -9.0323097087, 325.0 ], [ 125.552929717500007, -9.0322792315, 325.0 ], [ 125.5529467944, -9.0322064708, 325.0 ], [ 125.552953616400004, -9.032158819799999, 325.0 ], [ 125.552952861, -9.032131960599999, 325.0 ], [ 125.552950206, -9.0321210022, 325.0 ], [ 125.552944448800005, -9.0321066126, 325.0 ], [ 125.552934731799994, -9.0320893758, 325.0 ], [ 125.552923578, -9.0320740196, 325.0 ], [ 125.552914331899999, -9.032064328100001, 325.0 ], [ 125.552904363, -9.032056497899999, 325.0 ], [ 125.552893281199999, -9.0320512862, 325.0 ], [ 125.552843243599995, -9.032037070099999, 325.0 ], [ 125.5528310272, -9.032031286300001, 325.0 ], [ 125.552815628700003, -9.0320193174, 325.0 ], [ 125.552784660499995, -9.0319860889, 325.0 ], [ 125.552755965200006, -9.0319611353, 325.0 ], [ 125.552736785700006, -9.0319503047, 325.0 ], [ 125.5526971922, -9.0319374655, 325.0 ], [ 125.552692674900001, -9.0319334296, 325.0 ], [ 125.552690492300002, -9.031927895800001, 325.0 ], [ 125.552693564099997, -9.031900675099999, 325.0 ], [ 125.552698577300006, -9.0318883391, 325.0 ], [ 125.552713196900001, -9.0318688183, 325.0 ], [ 125.552723012, -9.0318591864, 325.0 ], [ 125.552755021600007, -9.0318358463, 325.0 ], [ 125.552769339400001, -9.0318213561, 325.0 ], [ 125.552783426900007, -9.0317940091, 325.0 ], [ 125.552790758800001, -9.03176907, 325.0 ], [ 125.552793233499997, -9.0317497576, 325.0 ], [ 125.552792551099998, -9.0317318352, 325.0 ], [ 125.552781478599996, -9.031674175599999, 325.0 ], [ 125.552780035699996, -9.0316421158, 325.0 ], [ 125.552782814599993, -9.031622500299999, 325.0 ], [ 125.552798387699994, -9.031573979299999, 325.0 ], [ 125.552801339799998, -9.031548923400001, 325.0 ], [ 125.552798707, -9.0315301761, 325.0 ], [ 125.552794048300001, -9.0315138092, 325.0 ], [ 125.552785030500004, -9.0314939091, 325.0 ], [ 125.552774645900001, -9.031478012199999, 325.0 ], [ 125.552757579499996, -9.0314593435, 325.0 ], [ 125.552660657100006, -9.031383824700001, 325.0 ], [ 125.552619378299994, -9.0313586164, 325.0 ], [ 125.552612853, -9.0313557985, 325.0 ], [ 125.552596921900005, -9.031353068, 325.0 ], [ 125.552580960499995, -9.0313464553, 325.0 ], [ 125.552560770900001, -9.031337692499999, 325.0 ], [ 125.552519903299995, -9.031316582900001, 325.0 ], [ 125.552496764200001, -9.031301283, 325.0 ], [ 125.552432099399994, -9.0312494796, 325.0 ], [ 125.552410306400006, -9.0312271192, 325.0 ], [ 125.552383499599998, -9.031207648900001, 325.0 ], [ 125.552352766, -9.031174221700001, 325.0 ], [ 125.552341426300003, -9.0311591621, 325.0 ], [ 125.5523379017, -9.031153855499999, 325.0 ], [ 125.552336322, -9.031136749, 325.0 ], [ 125.5523430832, -9.031122144699999, 325.0 ], [ 125.552342704599994, -9.031119800700001, 325.0 ], [ 125.552322716, -9.031117971600001, 325.0 ], [ 125.552313419, -9.0311188241, 325.0 ], [ 125.552282625800004, -9.031126421, 325.0 ], [ 125.552272370599994, -9.031127533099999, 325.0 ], [ 125.552236389399994, -9.031126736599999, 325.0 ], [ 125.552179703299998, -9.031132008, 325.0 ], [ 125.552140852099996, -9.0311385363, 325.0 ], [ 125.552123810699996, -9.0311366394, 325.0 ], [ 125.552100773299998, -9.031126991900001, 325.0 ], [ 125.552091970399999, -9.031124799, 325.0 ], [ 125.552084635300005, -9.031124113, 325.0 ], [ 125.552036628799996, -9.031127298299999, 325.0 ], [ 125.5520199475, -9.031126044600001, 325.0 ], [ 125.552003253899997, -9.031118898400001, 325.0 ], [ 125.551982363, -9.031102649, 325.0 ], [ 125.551970990200005, -9.031096182900001, 325.0 ], [ 125.551955869400004, -9.031090668299999, 325.0 ], [ 125.551935736, -9.0310870711, 325.0 ], [ 125.551909413499999, -9.031074990400001, 325.0 ], [ 125.551904246399999, -9.031071347099999, 325.0 ], [ 125.551901548800004, -9.0310657499, 325.0 ], [ 125.551904093900006, -9.031052213, 325.0 ], [ 125.551908660799995, -9.031048071500001, 325.0 ], [ 125.551943046900007, -9.0310358885, 325.0 ], [ 125.551948875299999, -9.0310306113, 325.0 ], [ 125.551958233099995, -9.030998377, 325.0 ], [ 125.551969621400005, -9.0309904843, 325.0 ], [ 125.551997763499998, -9.0309785927, 325.0 ], [ 125.552031910599993, -9.0309729643, 325.0 ], [ 125.552050185699997, -9.030973343, 325.0 ], [ 125.552109974900006, -9.0309787216, 325.0 ], [ 125.552125588199999, -9.0309776603, 325.0 ], [ 125.552133966300005, -9.030974566799999, 325.0 ], [ 125.5521677208, -9.0309537899, 325.0 ], [ 125.552206325200004, -9.030923787900001, 325.0 ], [ 125.552215091700006, -9.030918473, 325.0 ], [ 125.552253789, -9.030908804, 325.0 ], [ 125.552264649899996, -9.030903902, 325.0 ], [ 125.552271957299993, -9.0308974961, 325.0 ], [ 125.552286921700002, -9.0308751948, 325.0 ], [ 125.552295118399996, -9.0308657896, 325.0 ], [ 125.552305891499998, -9.030857488, 325.0 ], [ 125.552317388199995, -9.0308535943, 325.0 ], [ 125.552326238, -9.0308524097, 325.0 ], [ 125.552335281500007, -9.030854060599999, 325.0 ], [ 125.552347740499997, -9.030861421599999, 325.0 ], [ 125.55236217, -9.030874068, 325.0 ], [ 125.552369010199996, -9.030876965599999, 325.0 ], [ 125.552377740699995, -9.0308782873, 325.0 ], [ 125.552406344, -9.030875371700001, 325.0 ], [ 125.552413608, -9.0308776895, 325.0 ], [ 125.552424283799994, -9.0308841687, 325.0 ], [ 125.552437072199993, -9.030886735199999, 325.0 ], [ 125.552472979499996, -9.0308828638, 325.0 ], [ 125.552507295500007, -9.030889414100001, 325.0 ], [ 125.552533660700007, -9.030892233599999, 325.0 ], [ 125.552542367900003, -9.030892934200001, 325.0 ], [ 125.55256173, -9.030890914, 325.0 ], [ 125.552578582199999, -9.0308845119, 325.0 ], [ 125.552585759199999, -9.030880223200001, 325.0 ], [ 125.552626073200003, -9.030850131199999, 325.0 ], [ 125.552641468900006, -9.0308409484, 325.0 ], [ 125.552686608399995, -9.030826177, 325.0 ], [ 125.552723510299998, -9.0308108082, 325.0 ], [ 125.552736484899995, -9.030809874099999, 325.0 ], [ 125.552772129100006, -9.030813844900001, 325.0 ], [ 125.552796955800005, -9.0308108777, 325.0 ], [ 125.552805081900004, -9.030806958299999, 325.0 ], [ 125.552827399400002, -9.0307912486, 325.0 ], [ 125.552868732500002, -9.0307729106, 325.0 ], [ 125.552912671599998, -9.0307472775, 325.0 ], [ 125.552926602400007, -9.0307345295, 325.0 ], [ 125.552943393299998, -9.0307108434, 325.0 ], [ 125.552951959400005, -9.0307011649, 325.0 ], [ 125.5529610687, -9.0306928151, 325.0 ], [ 125.553003222900003, -9.030662960800001, 325.0 ], [ 125.553021777599994, -9.0306450399, 325.0 ], [ 125.553050002199996, -9.030608877400001, 325.0 ], [ 125.553070183800003, -9.030572985699999, 325.0 ], [ 125.553081330599994, -9.0305356548, 325.0 ], [ 125.553098099300001, -9.0304961834, 325.0 ], [ 125.553116682699994, -9.0304338077, 325.0 ], [ 125.553127279700007, -9.0303743447, 325.0 ], [ 125.553156564099993, -9.030292810700001, 325.0 ], [ 125.553161349700005, -9.0302757402, 325.0 ], [ 125.553173364499997, -9.030218462700001, 325.0 ], [ 125.553174951800003, -9.0302045874, 325.0 ], [ 125.553174380900003, -9.030190747600001, 325.0 ], [ 125.553166699, -9.0301554613, 325.0 ], [ 125.5531657354, -9.030137446399999, 325.0 ], [ 125.553169744900003, -9.0301196279, 325.0 ], [ 125.553186500400003, -9.0300904821, 325.0 ], [ 125.553192034299997, -9.030077759599999, 325.0 ], [ 125.553196809499994, -9.0300491086, 325.0 ], [ 125.553198411099999, -9.0300303173, 325.0 ], [ 125.553197693800001, -9.0300122906, 325.0 ], [ 125.553194772099999, -9.0299954127, 325.0 ], [ 125.553189672200006, -9.029976532799999, 325.0 ], [ 125.553184418900003, -9.029965385500001, 325.0 ], [ 125.553175604800003, -9.0299525444, 325.0 ], [ 125.553166703200006, -9.0299440991, 325.0 ], [ 125.553156193899994, -9.029937693400001, 325.0 ], [ 125.553143471300004, -9.0299327449, 325.0 ], [ 125.553117986499998, -9.0299288131, 325.0 ], [ 125.553089893399999, -9.0299312601, 325.0 ], [ 125.553050787900006, -9.029938398300001, 325.0 ], [ 125.552987531699998, -9.0299561867, 325.0 ], [ 125.5529300428, -9.029959418, 325.0 ], [ 125.552921001200005, -9.029956925700001, 325.0 ], [ 125.552916656799994, -9.029953686800001, 325.0 ], [ 125.552911718299995, -9.0299480977, 325.0 ], [ 125.552898956700005, -9.029923503, 325.0 ], [ 125.552887953099997, -9.0299070938, 325.0 ], [ 125.552874201600005, -9.029893212899999, 325.0 ], [ 125.552863844399994, -9.0298864122, 325.0 ], [ 125.552851024899994, -9.0298826814, 325.0 ], [ 125.552833171, -9.029881595899999, 325.0 ], [ 125.552792549900005, -9.0298881164, 325.0 ], [ 125.552788420100001, -9.029887852, 325.0 ], [ 125.552777978699993, -9.029882561200001, 325.0 ], [ 125.552769778699997, -9.0298725005, 325.0 ], [ 125.5527569594, -9.029847910899999, 325.0 ], [ 125.552729471099994, -9.029821629700001, 325.0 ], [ 125.552726585100004, -9.029815074, 325.0 ], [ 125.552725293, -9.0298071046, 325.0 ], [ 125.552724693599998, -9.029789381900001, 325.0 ], [ 125.552721771899996, -9.029772782, 325.0 ], [ 125.552704860600002, -9.029727766500001, 325.0 ], [ 125.552697158900003, -9.0297174939, 325.0 ], [ 125.55268308, -9.029704623300001, 325.0 ], [ 125.552647745499996, -9.029686292299999, 325.0 ], [ 125.552634337900002, -9.029680690499999, 325.0 ], [ 125.552610207100003, -9.029675062800001, 325.0 ], [ 125.552599948700006, -9.0296710348, 325.0 ], [ 125.552543026, -9.0296361897, 325.0 ], [ 125.552512569100003, -9.029613662199999, 325.0 ], [ 125.552482210299999, -9.029597684200001, 325.0 ], [ 125.552473848899993, -9.029588352, 325.0 ], [ 125.552442531400004, -9.0295463512, 325.0 ], [ 125.552439649099995, -9.029534115500001, 325.0 ], [ 125.552441842299999, -9.029498911699999, 325.0 ], [ 125.552438501799998, -9.0294891286, 325.0 ], [ 125.552433751600006, -9.0294831244, 325.0 ], [ 125.552424656900001, -9.0294736102, 325.0 ], [ 125.552402640099999, -9.0294588103, 325.0 ], [ 125.552357931900005, -9.029439695200001, 325.0 ], [ 125.552330043699996, -9.029424065900001, 325.0 ], [ 125.552324430400006, -9.0294184287, 325.0 ], [ 125.552321765599999, -9.0294127217, 325.0 ], [ 125.552320371799993, -9.029404394, 325.0 ], [ 125.552319257899995, -9.029386394499999, 325.0 ], [ 125.552323148100001, -9.029366212099999, 325.0 ], [ 125.5523502522, -9.029322289, 325.0 ], [ 125.552382288299995, -9.0292838264, 325.0 ], [ 125.552386455499999, -9.029276469199999, 325.0 ], [ 125.552388402099993, -9.0292696557, 325.0 ], [ 125.552388192799995, -9.0292526869, 325.0 ], [ 125.552386010899994, -9.029238383899999, 325.0 ], [ 125.552383068, -9.0292260283, 325.0 ], [ 125.552379894599994, -9.0292205143, 325.0 ], [ 125.5523747915, -9.02921452, 325.0 ], [ 125.552367907600001, -9.029209890400001, 325.0 ], [ 125.552361464599997, -9.029206889099999, 325.0 ], [ 125.552336933299998, -9.0292004403, 325.0 ], [ 125.552315578, -9.0291905004, 325.0 ], [ 125.552251994299993, -9.0291489582, 325.0 ], [ 125.552185454799996, -9.029121482300001, 325.0 ], [ 125.552165943399999, -9.0291153112, 325.0 ], [ 125.552156167500002, -9.0291070886, 325.0 ], [ 125.552152103400005, -9.0290992095, 325.0 ], [ 125.5521503266, -9.0290920782, 325.0 ], [ 125.552151053399996, -9.0290817726, 325.0 ], [ 125.552155269400004, -9.0290622156, 325.0 ], [ 125.552162007199996, -9.0290133339, 325.0 ], [ 125.552171191300005, -9.0289893553, 325.0 ], [ 125.552175881099998, -9.028970015600001, 325.0 ], [ 125.552175408, -9.0289519315, 325.0 ], [ 125.552173594199999, -9.028943607900001, 325.0 ], [ 125.552164203, -9.0289188668, 325.0 ], [ 125.552163953499999, -9.028913986499999, 325.0 ], [ 125.55217201, -9.0288976831, 325.0 ], [ 125.552209179599998, -9.028858293300001, 325.0 ], [ 125.552212393299996, -9.0288431237, 325.0 ], [ 125.552212221199994, -9.0288246156, 325.0 ], [ 125.552215851, -9.028808918399999, 325.0 ], [ 125.552220525199999, -9.0288037748, 325.0 ], [ 125.552234794499995, -9.028793769, 325.0 ], [ 125.552241111200004, -9.028787501, 325.0 ], [ 125.552246301899999, -9.028779082, 325.0 ], [ 125.552256589, -9.028753483199999, 325.0 ], [ 125.552259282700007, -9.0287369457, 325.0 ], [ 125.552256173, -9.0287213149, 325.0 ], [ 125.552243440699996, -9.0286995865, 325.0 ], [ 125.5522403091, -9.028682680899999, 325.0 ], [ 125.552242711100007, -9.0286636656, 325.0 ], [ 125.552253190399995, -9.028626533600001, 325.0 ], [ 125.552256516400007, -9.028574750300001, 325.0 ], [ 125.552264015, -9.0285442336, 325.0 ], [ 125.552264761700002, -9.02853507, 325.0 ], [ 125.552263311700003, -9.0285264579, 325.0 ], [ 125.552257137799998, -9.0285128514, 325.0 ], [ 125.552248830799996, -9.028503452200001, 325.0 ], [ 125.552205198199999, -9.0284815003, 325.0 ], [ 125.552197086, -9.028475394199999, 325.0 ], [ 125.552192359800003, -9.0284700185, 325.0 ], [ 125.552189069899995, -9.0284634418, 325.0 ], [ 125.552189627199994, -9.0284549507, 325.0 ], [ 125.552198132399994, -9.028429066799999, 325.0 ], [ 125.552197567700006, -9.0284072025, 325.0 ], [ 125.552199702400003, -9.028386577599999, 325.0 ], [ 125.552217539799997, -9.0283212779, 325.0 ], [ 125.552220445700002, -9.028284986199999, 325.0 ], [ 125.552210644699997, -9.0282093125, 325.0 ], [ 125.552200648600007, -9.028176462899999, 325.0 ], [ 125.552195898700006, -9.028136767199999, 325.0 ], [ 125.552200684900001, -9.0281245755, 325.0 ], [ 125.552205257699995, -9.0281199173, 325.0 ], [ 125.552232372899994, -9.028106173599999, 325.0 ], [ 125.552240888399993, -9.028099561199999, 325.0 ], [ 125.552247862, -9.0280816888, 325.0 ], [ 125.552247184199999, -9.028064048899999, 325.0 ], [ 125.552242606, -9.0280198375, 325.0 ], [ 125.552237699900004, -9.0279947535, 325.0 ], [ 125.552217456400001, -9.027933088299999, 325.0 ], [ 125.552197111599995, -9.027882189, 325.0 ], [ 125.552187376399999, -9.027872802099999, 325.0 ], [ 125.5521496928, -9.027856289900001, 325.0 ], [ 125.5521217079, -9.0278395139, 325.0 ], [ 125.552114318500003, -9.027837158600001, 325.0 ], [ 125.552084618600006, -9.027832373300001, 325.0 ], [ 125.552047644400005, -9.027816115, 325.0 ], [ 125.552043367799996, -9.0278109426, 325.0 ], [ 125.5520422174, -9.0278043683, 325.0 ], [ 125.552044576300005, -9.027796646700001, 325.0 ], [ 125.5520508818, -9.027788901099999, 325.0 ], [ 125.552065972099996, -9.027779280300001, 325.0 ], [ 125.552071604399998, -9.0277779882, 325.0 ], [ 125.552117475800003, -9.027776430499999, 325.0 ], [ 125.552136506599993, -9.027773658399999, 325.0 ], [ 125.552176325, -9.027762941300001, 325.0 ], [ 125.552201282499993, -9.027752472, 325.0 ], [ 125.552210845399998, -9.027746864399999, 325.0 ], [ 125.552219735899996, -9.0277394733, 325.0 ], [ 125.552226647400005, -9.0277308822, 325.0 ], [ 125.552239380399996, -9.027704868900001, 325.0 ], [ 125.552246493400006, -9.0276937117, 325.0 ], [ 125.552263582899997, -9.0276756029, 325.0 ], [ 125.552283092500005, -9.0276590886, 325.0 ], [ 125.552319507500002, -9.0276324924, 325.0 ], [ 125.552336252399996, -9.0276250959, 325.0 ], [ 125.552374148499993, -9.0276118508, 325.0 ], [ 125.552396239700002, -9.027593552, 325.0 ], [ 125.552401916, -9.0275844372, 325.0 ], [ 125.5524053014, -9.027575798399999, 325.0 ], [ 125.552407494299999, -9.0275382612, 325.0 ], [ 125.552411201, -9.027517551400001, 325.0 ], [ 125.552429553699994, -9.027468476099999, 325.0 ], [ 125.552445077499996, -9.0274402061, 325.0 ], [ 125.552480141399997, -9.027387764, 325.0 ], [ 125.552505381299994, -9.027340173700001, 325.0 ], [ 125.552515502700004, -9.0273251772, 325.0 ], [ 125.552531641399995, -9.027311768800001, 325.0 ], [ 125.552536583700004, -9.0273053795, 325.0 ], [ 125.552542804799998, -9.027288087700001, 325.0 ], [ 125.552545847299996, -9.027268405599999, 325.0 ], [ 125.552543584800006, -9.027251204100001, 325.0 ], [ 125.5525239344, -9.027197234799999, 325.0 ], [ 125.552520571800002, -9.027180467399999, 325.0 ], [ 125.552520981, -9.0271442798, 325.0 ], [ 125.552525637800002, -9.027123428, 325.0 ], [ 125.552532643600003, -9.027108265700001, 325.0 ], [ 125.552535693799996, -9.027105626, 325.0 ], [ 125.552550157100001, -9.02710072, 325.0 ], [ 125.552590432599999, -9.0270925235, 325.0 ], [ 125.552623015799995, -9.0270840337, 325.0 ], [ 125.552695409199998, -9.0270518541, 325.0 ], [ 125.552702757700004, -9.027045101400001, 325.0 ], [ 125.552716849199996, -9.0270272371, 325.0 ], [ 125.552734213, -9.026996889699999, 325.0 ], [ 125.552754361300003, -9.026942678499999, 325.0 ], [ 125.5527744157, -9.026905489, 325.0 ], [ 125.552782065599999, -9.026887008199999, 325.0 ], [ 125.552797969599993, -9.026840870299999, 325.0 ], [ 125.552807279299998, -9.026807462600001, 325.0 ], [ 125.552822664399997, -9.0267791844, 325.0 ], [ 125.552835201199997, -9.0267658618, 325.0 ], [ 125.552863485, -9.0267399152, 325.0 ], [ 125.552913526599994, -9.0266995921, 325.0 ], [ 125.552942257699996, -9.0266712733, 325.0 ], [ 125.552994443599999, -9.0266154828, 325.0 ], [ 125.553011126399994, -9.0265962669, 325.0 ], [ 125.553041513400004, -9.026553570100001, 325.0 ], [ 125.553057349699998, -9.0265337836, 325.0 ], [ 125.553107782699996, -9.0264763597, 325.0 ], [ 125.553131368799995, -9.026444573, 325.0 ], [ 125.553165496399998, -9.026407970899999, 325.0 ], [ 125.553185039300004, -9.0263920434, 325.0 ], [ 125.553237579099999, -9.0263613028, 325.0 ], [ 125.553274445400007, -9.0263489215, 325.0 ], [ 125.553299180799996, -9.0263379523, 325.0 ], [ 125.553346837500001, -9.0263253919, 325.0 ], [ 125.553373522, -9.026313157800001, 325.0 ], [ 125.553382013800004, -9.026307926599999, 325.0 ], [ 125.553397133900006, -9.02629381, 325.0 ], [ 125.553418151599999, -9.0262581059, 325.0 ], [ 125.553425619500004, -9.026249223300001, 325.0 ], [ 125.553445861100002, -9.026232611599999, 325.0 ], [ 125.553472868, -9.0262144367, 325.0 ], [ 125.553501665599995, -9.026199478, 325.0 ], [ 125.553515226200005, -9.026193922, 325.0 ], [ 125.553534465300004, -9.026189236700001, 325.0 ], [ 125.553564611200002, -9.0261844599, 325.0 ], [ 125.553581915699993, -9.0261796147, 325.0 ], [ 125.553618022699993, -9.026157493, 325.0 ], [ 125.553656122, -9.0261398043, 325.0 ], [ 125.553668886599993, -9.0261306583, 325.0 ], [ 125.553675347699993, -9.026122835400001, 325.0 ], [ 125.553678957200006, -9.026114273599999, 325.0 ], [ 125.553683236400005, -9.0260851898, 325.0 ], [ 125.553688086199998, -9.026067915900001, 325.0 ], [ 125.553702611099993, -9.0260317318, 325.0 ], [ 125.553718721699994, -9.026003490700001, 325.0 ], [ 125.5537258194, -9.0259876188, 325.0 ], [ 125.553733850499995, -9.0259599159, 325.0 ], [ 125.553743685900002, -9.025917741500001, 325.0 ], [ 125.553743559, -9.0259041054, 325.0 ], [ 125.553741377199998, -9.0258924449, 325.0 ], [ 125.553724939299997, -9.025850843, 325.0 ], [ 125.553715947300006, -9.025814889599999, 325.0 ], [ 125.553714679699993, -9.0257881452, 325.0 ], [ 125.5537178127, -9.0257594671, 325.0 ], [ 125.553735987099998, -9.025687101100001, 325.0 ], [ 125.5537576583, -9.025631218, 325.0 ], [ 125.553778796100005, -9.0255974574, 325.0 ], [ 125.553787199599995, -9.025579973499999, 325.0 ], [ 125.553788477099999, -9.0255697368, 325.0 ], [ 125.553787180699999, -9.025561612700001, 325.0 ], [ 125.553783407099999, -9.025555107, 325.0 ], [ 125.553773272100003, -9.0255466889, 325.0 ], [ 125.553725646299995, -9.0255233234, 325.0 ], [ 125.553704072900004, -9.0255079317, 325.0 ], [ 125.553552382800007, -9.0253694996, 325.0 ], [ 125.553527059299995, -9.025348453599999, 325.0 ], [ 125.553496834300006, -9.0253264965, 325.0 ], [ 125.553481904500003, -9.025312638, 325.0 ], [ 125.553479229700002, -9.025307525800001, 325.0 ], [ 125.553479517400007, -9.025300078, 325.0 ], [ 125.553481722499995, -9.0252923011, 325.0 ], [ 125.553491574299997, -9.025273546499999, 325.0 ], [ 125.553500362600005, -9.025262955500001, 325.0 ], [ 125.553548514, -9.025220146700001, 325.0 ], [ 125.553601869800005, -9.0251653776, 325.0 ], [ 125.553648576399993, -9.025103442700001, 325.0 ], [ 125.553731443399997, -9.0250045308, 325.0 ], [ 125.553760391599994, -9.0249624681, 325.0 ], [ 125.553777799499997, -9.024944508300001, 325.0 ], [ 125.553808680100005, -9.024918338499999, 325.0 ], [ 125.553826311500003, -9.024909555500001, 325.0 ], [ 125.553901545499997, -9.024897131299999, 325.0 ], [ 125.553972038799998, -9.024890814400001, 325.0 ], [ 125.553999153899994, -9.024881067700001, 325.0 ], [ 125.5541086761, -9.0248259922, 325.0 ], [ 125.554181742300003, -9.0247806863, 325.0 ], [ 125.554222742700006, -9.024750025499999, 325.0 ], [ 125.554233438899999, -9.024740144, 325.0 ], [ 125.554244661, -9.0247267179, 325.0 ], [ 125.554254977599996, -9.0247088317, 325.0 ], [ 125.554262037800001, -9.0246910768, 325.0 ], [ 125.554272397600002, -9.0246358545, 325.0 ], [ 125.554275916700007, -9.024605968199999, 325.0 ], [ 125.554273769299996, -9.0245893847, 325.0 ], [ 125.554262113799993, -9.024561999099999, 325.0 ], [ 125.554259905500004, -9.024549154600001, 325.0 ], [ 125.554259693500001, -9.024515475099999, 325.0 ], [ 125.554263892500003, -9.024493727199999, 325.0 ], [ 125.554272277899997, -9.024473840100001, 325.0 ], [ 125.554289915, -9.024440654299999, 325.0 ], [ 125.554305328300003, -9.0244181425, 325.0 ], [ 125.554324304100007, -9.024384487700001, 325.0 ], [ 125.554348784699997, -9.024355565600001, 325.0 ], [ 125.554354313800005, -9.024346703699999, 325.0 ], [ 125.554373780600002, -9.024310054, 325.0 ], [ 125.554380243099999, -9.024291056399999, 325.0 ], [ 125.554381345500005, -9.0242724349, 325.0 ], [ 125.554380418600005, -9.0242630442, 325.0 ], [ 125.554369722499999, -9.0242163786, 325.0 ], [ 125.554361593199999, -9.024191284700001, 325.0 ], [ 125.554352789899994, -9.0241405265, 325.0 ], [ 125.554360605300005, -9.0240920645, 325.0 ], [ 125.554360782700002, -9.0240645435, 325.0 ], [ 125.554358632900005, -9.0240477572, 325.0 ], [ 125.554360914, -9.0240288894, 325.0 ], [ 125.554372530099997, -9.023995166600001, 325.0 ], [ 125.554377234100002, -9.023985212199999, 325.0 ], [ 125.554385799900004, -9.023976491699999, 325.0 ], [ 125.554407995099993, -9.023962145600001, 325.0 ], [ 125.554415799200001, -9.023955167, 325.0 ], [ 125.554425465099996, -9.023940703499999, 325.0 ], [ 125.554432459899999, -9.023920500499999, 325.0 ], [ 125.5544424112, -9.023904549899999, 325.0 ], [ 125.554456234499995, -9.0238943226, 325.0 ], [ 125.554472171900002, -9.023885096700001, 325.0 ], [ 125.554480429600005, -9.023878143499999, 325.0 ], [ 125.554485162600002, -9.023872155899999, 325.0 ], [ 125.554487653400003, -9.023863338, 325.0 ], [ 125.554488233, -9.023845957500001, 325.0 ], [ 125.554477388799995, -9.0238064491, 325.0 ], [ 125.554472012600002, -9.023795122699999, 325.0 ], [ 125.554466045200002, -9.023792694500001, 325.0 ], [ 125.554456247800005, -9.0237947722, 325.0 ], [ 125.554446470399995, -9.0238029504, 325.0 ], [ 125.55442891, -9.023823031799999, 325.0 ], [ 125.554418945899997, -9.0238322968, 325.0 ], [ 125.554402648899995, -9.0238402369, 325.0 ], [ 125.554367079399995, -9.0238404584, 325.0 ], [ 125.554344062400006, -9.023838183200001, 325.0 ], [ 125.554328688799998, -9.023841532800001, 325.0 ], [ 125.5542991091, -9.0238540264, 325.0 ], [ 125.554278636700005, -9.023857745600001, 325.0 ], [ 125.554242732700004, -9.023857855899999, 325.0 ], [ 125.554227703500004, -9.0238524309, 325.0 ], [ 125.554211883600004, -9.0238401344, 325.0 ], [ 125.554183155, -9.0238055212, 325.0 ], [ 125.554171690399997, -9.023800805300001, 325.0 ], [ 125.554163840100003, -9.023799179499999, 325.0 ], [ 125.554145953700001, -9.0237979017, 325.0 ], [ 125.554127161400004, -9.0237993642, 325.0 ], [ 125.554109905, -9.023803940800001, 325.0 ], [ 125.554073867499994, -9.0238234007, 325.0 ], [ 125.554057264299999, -9.023829860899999, 325.0 ], [ 125.554036924200005, -9.0238355384, 325.0 ], [ 125.553969468199995, -9.0238419924, 325.0 ], [ 125.553952160099996, -9.023841131399999, 325.0 ], [ 125.553928198400001, -9.0238364121, 325.0 ], [ 125.553918730700005, -9.023836009, 325.0 ], [ 125.5539090109, -9.023837629599999, 325.0 ], [ 125.553892364600003, -9.0238436722, 325.0 ], [ 125.553849287099993, -9.0238638759, 325.0 ], [ 125.553819318400002, -9.023872903099999, 325.0 ], [ 125.553799804600004, -9.0238761171, 325.0 ], [ 125.553770821200004, -9.0238780197, 325.0 ], [ 125.553755058500002, -9.02387391, 325.0 ], [ 125.553740733400005, -9.023867212300001, 325.0 ], [ 125.553731618200004, -9.0238655439, 325.0 ], [ 125.553694991900002, -9.0238664077, 325.0 ], [ 125.553669576700003, -9.023862595800001, 325.0 ], [ 125.553618061, -9.0238598546, 325.0 ], [ 125.553591616199995, -9.023856652499999, 325.0 ], [ 125.5535732588, -9.0238566461, 325.0 ], [ 125.553554843800001, -9.023859184399999, 325.0 ], [ 125.553538163499994, -9.023866275, 325.0 ], [ 125.553518792800006, -9.0238785365, 325.0 ], [ 125.553507209599999, -9.023887414, 325.0 ], [ 125.553491851299995, -9.0239021721, 325.0 ], [ 125.553483081799996, -9.023918699599999, 325.0 ], [ 125.553462470599996, -9.0239735785, 325.0 ], [ 125.553445857, -9.024001677699999, 325.0 ], [ 125.553427703200001, -9.024025724, 325.0 ], [ 125.553386726699998, -9.0240748784, 325.0 ], [ 125.553364283500002, -9.0241077026, 325.0 ], [ 125.553347732899994, -9.024124583800001, 325.0 ], [ 125.553337304400003, -9.0241303041, 325.0 ], [ 125.553328734800004, -9.024132939099999, 325.0 ], [ 125.553300414199995, -9.024135854100001, 325.0 ], [ 125.553294422299999, -9.024137714, 325.0 ], [ 125.553247635, -9.024170396500001, 325.0 ], [ 125.553211658600006, -9.02418975, 325.0 ], [ 125.553177639200001, -9.024211022699999, 325.0 ], [ 125.553131857899999, -9.024228691699999, 325.0 ], [ 125.5530945852, -9.024239010200001, 325.0 ], [ 125.553083905099996, -9.024241484499999, 325.0 ], [ 125.553065397200001, -9.0242427426, 325.0 ], [ 125.553040999399997, -9.0242381626, 325.0 ], [ 125.553013346499995, -9.024228987400001, 325.0 ], [ 125.552986083899995, -9.0242112859, 325.0 ], [ 125.553008492399996, -9.0241929942, 325.0 ], [ 125.553011379400004, -9.0241768923, 325.0 ], [ 125.553010534600006, -9.024169028899999, 325.0 ], [ 125.553011942500007, -9.024160026700001, 325.0 ], [ 125.553014243899995, -9.024153649800001, 325.0 ], [ 125.5530207905, -9.0241442612, 325.0 ], [ 125.553041440900003, -9.024120504, 325.0 ], [ 125.553074855, -9.024073112, 325.0 ], [ 125.553082354599994, -9.0240644116, 325.0 ], [ 125.553111653, -9.0240372747, 325.0 ], [ 125.553126625, -9.024018115400001, 325.0 ], [ 125.553131788200005, -9.0240055494, 325.0 ], [ 125.553143682599995, -9.0239561467, 325.0 ], [ 125.553150279, -9.0239394416, 325.0 ], [ 125.553160679300007, -9.023922385700001, 325.0 ], [ 125.553184208100006, -9.0238905877, 325.0 ], [ 125.553240006699994, -9.023804412800001, 325.0 ], [ 125.553247111800005, -9.023794820199999, 325.0 ], [ 125.553256554800001, -9.0237861386, 325.0 ], [ 125.553280975500002, -9.0237721402, 325.0 ], [ 125.553299889900003, -9.0237567227, 325.0 ], [ 125.553328004400001, -9.0237306593, 325.0 ], [ 125.553345659599998, -9.0237120661, 325.0 ], [ 125.553366060800002, -9.023682364900001, 325.0 ], [ 125.553418361799999, -9.023647906100001, 325.0 ], [ 125.553454789300005, -9.0236312095, 325.0 ], [ 125.553498423799994, -9.0236084757, 325.0 ], [ 125.553535577700004, -9.0235857696, 325.0 ], [ 125.553562652899998, -9.0235717714, 325.0 ], [ 125.5536009968, -9.023563456, 325.0 ], [ 125.553623276600007, -9.0235561805, 325.0 ], [ 125.553666506699997, -9.023559516300001, 325.0 ], [ 125.553692546899995, -9.023559755799999, 325.0 ], [ 125.553711124800003, -9.0235582827, 325.0 ], [ 125.553762009400003, -9.0235495457, 325.0 ], [ 125.553780632499993, -9.0235410083, 325.0 ], [ 125.5538062583, -9.02351798, 325.0 ], [ 125.553827688400006, -9.0235040498, 325.0 ], [ 125.5538424593, -9.0234975455, 325.0 ], [ 125.553873143800004, -9.023488689, 325.0 ], [ 125.553884438200001, -9.0234826942, 325.0 ], [ 125.553907868500005, -9.023464256600001, 325.0 ], [ 125.5539151065, -9.0234602513, 325.0 ], [ 125.553961564199994, -9.0234399471, 325.0 ], [ 125.553980980800006, -9.0234346396, 325.0 ], [ 125.554009393800001, -9.0234332321, 325.0 ], [ 125.554034788899997, -9.023426857500001, 325.0 ], [ 125.554058838800003, -9.023423103900001, 325.0 ], [ 125.554070134200003, -9.023420356700001, 325.0 ], [ 125.554086971499999, -9.0234135382, 325.0 ], [ 125.554090884499999, -9.023408295799999, 325.0 ], [ 125.55409206, -9.0234024402, 325.0 ], [ 125.55409346, -9.0233743762, 325.0 ], [ 125.554095381400003, -9.0233646608, 325.0 ], [ 125.554098346800004, -9.023353463, 325.0 ], [ 125.554105284900004, -9.023336605700001, 325.0 ], [ 125.554106545300002, -9.0233079147, 325.0 ], [ 125.554116967, -9.023263309400001, 325.0 ], [ 125.554122623300003, -9.0231790579, 325.0 ], [ 125.5541247954, -9.023165450700001, 325.0 ], [ 125.554130985499995, -9.023148155199999, 325.0 ], [ 125.5541364165, -9.023138193399999, 325.0 ], [ 125.554163842500003, -9.023100252600001, 325.0 ], [ 125.554173743600003, -9.023083293699999, 325.0 ], [ 125.554181713399998, -9.023065492300001, 325.0 ], [ 125.554183152500002, -9.0230571142, 325.0 ], [ 125.554182493699997, -9.023047957199999, 325.0 ], [ 125.554178865899999, -9.023033123199999, 325.0 ], [ 125.554179940200001, -9.0230217781, 325.0 ], [ 125.554192423399996, -9.022991236599999, 325.0 ], [ 125.554201817099994, -9.0229571739, 325.0 ], [ 125.5542347003, -9.022866882800001, 325.0 ], [ 125.5542363088, -9.0228581577, 325.0 ], [ 125.554235004700004, -9.0228407408, 325.0 ], [ 125.554230629599999, -9.0228292985, 325.0 ], [ 125.554215815700005, -9.022807547799999, 325.0 ], [ 125.554179436699997, -9.0227715561, 325.0 ], [ 125.554140013600005, -9.022720427, 325.0 ], [ 125.554109702900007, -9.022697150699999, 325.0 ], [ 125.554086895500006, -9.022683735299999, 325.0 ], [ 125.553997392100001, -9.0226471592, 325.0 ], [ 125.553972964799996, -9.0226338336, 325.0 ], [ 125.55384705, -9.0225427115, 325.0 ], [ 125.553812421399996, -9.0225233952, 325.0 ], [ 125.553757097599998, -9.022487942, 325.0 ], [ 125.553740852399997, -9.022475179400001, 325.0 ], [ 125.553709497699998, -9.0224457108, 325.0 ], [ 125.553694720199999, -9.0224391517, 325.0 ], [ 125.553645339599996, -9.0224361833, 325.0 ], [ 125.553629073600007, -9.022425456600001, 325.0 ], [ 125.553625384599997, -9.0224209812, 325.0 ], [ 125.553624582500007, -9.0224157907, 325.0 ], [ 125.553628583600002, -9.022409441100001, 325.0 ], [ 125.5536459546, -9.022390002, 325.0 ], [ 125.553651677100007, -9.0223810996, 325.0 ], [ 125.553656758700001, -9.022370352699999, 325.0 ], [ 125.553660547899995, -9.022350857099999, 325.0 ], [ 125.553657234100001, -9.0223349618, 325.0 ], [ 125.553646859599993, -9.022306073099999, 325.0 ], [ 125.553641041700004, -9.022279557899999, 325.0 ], [ 125.553632416799999, -9.022220149400001, 325.0 ], [ 125.553627636, -9.022198703700001, 325.0 ], [ 125.553591015600006, -9.0220897852, 325.0 ], [ 125.553582373400005, -9.0220556646, 325.0 ], [ 125.553580587599996, -9.0220289355, 325.0 ], [ 125.553582057599996, -9.0220042206, 325.0 ], [ 125.553586178299994, -9.021971171600001, 325.0 ], [ 125.553584653200005, -9.0219358064, 325.0 ], [ 125.553588446600003, -9.021888600400001, 325.0 ], [ 125.553588215100007, -9.021874411400001, 325.0 ], [ 125.553584708299994, -9.0218550417, 325.0 ], [ 125.553575672199997, -9.021822642, 325.0 ], [ 125.553570817600004, -9.0217993484, 325.0 ], [ 125.553560477299996, -9.0217310995, 325.0 ], [ 125.553559931500004, -9.0217128481, 325.0 ], [ 125.553562233700006, -9.0217035573, 325.0 ], [ 125.553566102299996, -9.021695602399999, 325.0 ], [ 125.553571834699994, -9.0216884425, 325.0 ], [ 125.553610427400002, -9.0216548645, 325.0 ], [ 125.553653237099994, -9.021624361600001, 325.0 ], [ 125.553660921399995, -9.0216168609, 325.0 ], [ 125.553668897600005, -9.021605789600001, 325.0 ], [ 125.553678806500002, -9.0215867843, 325.0 ], [ 125.553688257800005, -9.0215588036, 325.0 ], [ 125.553690129, -9.021545869, 325.0 ], [ 125.5536913121, -9.0215114504, 325.0 ], [ 125.553688018299994, -9.0214949612, 325.0 ], [ 125.553681272299997, -9.0214803199, 325.0 ], [ 125.553658734799995, -9.021447933799999, 325.0 ], [ 125.553650984300006, -9.0214406004, 325.0 ], [ 125.553587290799996, -9.0214038184, 325.0 ], [ 125.553575966599993, -9.0213958368, 325.0 ], [ 125.553548371800005, -9.0213695769, 325.0 ], [ 125.553545868900002, -9.02136552, 325.0 ], [ 125.553542747199998, -9.021349729700001, 325.0 ], [ 125.553545692499995, -9.0213336373, 325.0 ], [ 125.553555602900005, -9.021308040399999, 325.0 ], [ 125.553559934899994, -9.0212997615, 325.0 ], [ 125.553566066, -9.021293829899999, 325.0 ], [ 125.553583268300002, -9.021288098899999, 325.0 ], [ 125.553592839100006, -9.0212876543, 325.0 ], [ 125.553601725600004, -9.021288519200001, 325.0 ], [ 125.553609380899999, -9.0212910848, 325.0 ], [ 125.553624308500005, -9.021299686, 325.0 ], [ 125.553637998400006, -9.021299427600001, 325.0 ], [ 125.553644002200002, -9.0212948936, 325.0 ], [ 125.553659484299999, -9.0212717614, 325.0 ], [ 125.553667424599993, -9.0212644279, 325.0 ], [ 125.553690085499994, -9.0212502947, 325.0 ], [ 125.553695919500001, -9.0212440016, 325.0 ], [ 125.553695560500003, -9.021238561, 325.0 ], [ 125.553684176700003, -9.021223513800001, 325.0 ], [ 125.553680679199999, -9.0212168689, 325.0 ], [ 125.553679207100004, -9.021208056700001, 325.0 ], [ 125.553680934200003, -9.0212005056, 325.0 ], [ 125.553685310800006, -9.0211927604, 325.0 ], [ 125.553694067500004, -9.0211846403, 325.0 ], [ 125.5537275067, -9.0211604741, 325.0 ], [ 125.553747480699997, -9.021144213299999, 325.0 ], [ 125.553757092300003, -9.0211348806, 325.0 ], [ 125.553770979800007, -9.021115267300001, 325.0 ], [ 125.553779065200004, -9.021096315599999, 325.0 ], [ 125.553783891400002, -9.021080164500001, 325.0 ], [ 125.553785172399998, -9.0210728597, 325.0 ], [ 125.5537845578, -9.021056464700001, 325.0 ], [ 125.553780438299995, -9.021044896099999, 325.0 ], [ 125.553761543899995, -9.0210270805, 325.0 ], [ 125.553753831199998, -9.021016808700001, 325.0 ], [ 125.553749958500006, -9.0210007796, 325.0 ], [ 125.553750628, -9.020990789200001, 325.0 ], [ 125.553771771599997, -9.020898584199999, 325.0 ], [ 125.553788234400002, -9.020845186, 325.0 ], [ 125.553791463600007, -9.020815005099999, 325.0 ], [ 125.553800322300006, -9.020782843499999, 325.0 ], [ 125.553812643399993, -9.0207536555, 325.0 ], [ 125.553822784499999, -9.020734770600001, 325.0 ], [ 125.553833066099997, -9.0207177856, 325.0 ], [ 125.553846236599995, -9.0207016541, 325.0 ], [ 125.5538719507, -9.020676509499999, 325.0 ], [ 125.553943037699995, -9.02062537, 325.0 ], [ 125.553955800200001, -9.020613247, 325.0 ], [ 125.553961799099994, -9.0206024004, 325.0 ], [ 125.553962938300003, -9.0205851214, 325.0 ], [ 125.553959814799995, -9.0205642136, 325.0 ], [ 125.553947604900003, -9.0205194697, 325.0 ], [ 125.553936196400002, -9.020488995799999, 325.0 ], [ 125.553932962, -9.0204734432, 325.0 ], [ 125.553925996100006, -9.020422028, 325.0 ], [ 125.553925633899993, -9.020386175400001, 325.0 ], [ 125.553923303299996, -9.0203602755, 325.0 ], [ 125.553911183899999, -9.020302040200001, 325.0 ], [ 125.553907311499998, -9.020267090400001, 325.0 ], [ 125.553901449700007, -9.0202338879, 325.0 ], [ 125.553899257200001, -9.0201989387, 325.0 ], [ 125.553895420800004, -9.020183147599999, 325.0 ], [ 125.553892364700005, -9.020176231200001, 325.0 ], [ 125.553885066500001, -9.020165028099999, 325.0 ], [ 125.553878468700006, -9.020157875800001, 325.0 ], [ 125.553857977099995, -9.0201466859, 325.0 ], [ 125.553836526, -9.0201398092, 325.0 ], [ 125.553799627900005, -9.020135548300001, 325.0 ], [ 125.553767352799994, -9.020128569200001, 325.0 ], [ 125.553741989200006, -9.0201198193, 325.0 ], [ 125.553729353700007, -9.0201134206, 325.0 ], [ 125.553719754699998, -9.0201061729, 325.0 ], [ 125.553720096299998, -9.020102230799999, 325.0 ], [ 125.553731700300006, -9.0200903053, 325.0 ], [ 125.553738232100002, -9.0200866781, 325.0 ], [ 125.553744239899999, -9.020084925900001, 325.0 ], [ 125.553772441500001, -9.0200826551, 325.0 ], [ 125.553791898699998, -9.020079353, 325.0 ], [ 125.553812818500006, -9.0200739708, 325.0 ], [ 125.553866124899997, -9.0200511913, 325.0 ], [ 125.553911785500006, -9.0200296529, 325.0 ], [ 125.553938047499997, -9.0200126269, 325.0 ], [ 125.553951634200004, -9.019999719199999, 325.0 ], [ 125.553958816, -9.0199872055, 325.0 ], [ 125.553961405600006, -9.0199775085, 325.0 ], [ 125.553992415400003, -9.019833481699999, 325.0 ], [ 125.5540055325, -9.0197937096, 325.0 ], [ 125.554025718299997, -9.019740128400001, 325.0 ], [ 125.554063223, -9.019667705, 325.0 ], [ 125.554086920800003, -9.0196140984, 325.0 ], [ 125.554109100399998, -9.0195587715, 325.0 ], [ 125.554132323199994, -9.019522827899999, 325.0 ], [ 125.554137793600006, -9.0195034228, 325.0 ], [ 125.554144769199993, -9.019486065800001, 325.0 ], [ 125.554155820899993, -9.019466873500001, 325.0 ], [ 125.554180913899998, -9.019431756299999, 325.0 ], [ 125.554191981100004, -9.019406438800001, 325.0 ], [ 125.554228578199996, -9.019341170700001, 325.0 ], [ 125.554234260399994, -9.019322921700001, 325.0 ], [ 125.554238150100005, -9.019303013, 325.0 ], [ 125.554243991899995, -9.019286647, 325.0 ], [ 125.554282194099997, -9.019232387300001, 325.0 ], [ 125.554296172500003, -9.0191980058, 325.0 ], [ 125.554307366900005, -9.019179146600001, 325.0 ], [ 125.554352209900003, -9.0191160813, 325.0 ], [ 125.5543605071, -9.019107266300001, 325.0 ], [ 125.554368636099994, -9.0191006016, 325.0 ], [ 125.554378058500006, -9.019096001099999, 325.0 ], [ 125.5543870578, -9.0190935004, 325.0 ], [ 125.554404909499993, -9.0190942889, 325.0 ], [ 125.554427399199994, -9.0191013116, 325.0 ], [ 125.554440304699995, -9.019106884599999, 325.0 ], [ 125.554442625099995, -9.019103679600001, 325.0 ], [ 125.554446152500006, -9.0190800784, 325.0 ], [ 125.554446450200004, -9.0190699261, 325.0 ], [ 125.554444239099993, -9.019053898299999, 325.0 ], [ 125.554431059500004, -9.019033538, 325.0 ], [ 125.554416866400004, -9.019019759100001, 325.0 ], [ 125.554409923700007, -9.019007141499999, 325.0 ], [ 125.554400550599993, -9.0189831657, 325.0 ], [ 125.554392479300006, -9.018952523899999, 325.0 ], [ 125.554389038799997, -9.0188906331, 325.0 ], [ 125.554384838499999, -9.018877675200001, 325.0 ], [ 125.554377833399997, -9.0188690814, 325.0 ], [ 125.554352139, -9.0188482819, 325.0 ], [ 125.554335134400006, -9.018829457800001, 325.0 ], [ 125.554325016, -9.0188212903, 325.0 ], [ 125.554312464199995, -9.018804958500001, 325.0 ], [ 125.554298189299999, -9.018793887599999, 325.0 ], [ 125.554279278899998, -9.0187826621, 325.0 ], [ 125.554271887200002, -9.018776692499999, 325.0 ], [ 125.554263111599994, -9.018763159600001, 325.0 ], [ 125.554261280299997, -9.0187552081, 325.0 ], [ 125.554261405700004, -9.018745600200001, 325.0 ], [ 125.554270214699997, -9.018730100300001, 325.0 ], [ 125.554273533, -9.0187271019, 325.0 ], [ 125.554276401, -9.018726539599999, 325.0 ], [ 125.554287360299995, -9.0187291487, 325.0 ], [ 125.554305129900001, -9.018729674199999, 325.0 ], [ 125.554330372799996, -9.0187264618, 325.0 ], [ 125.554347162300004, -9.0187328533, 325.0 ], [ 125.5543534647, -9.018737247500001, 325.0 ], [ 125.554362059799999, -9.0187473976, 325.0 ], [ 125.554367731499994, -9.018750666200001, 325.0 ], [ 125.554385310499995, -9.018749465699999, 325.0 ], [ 125.554401602200002, -9.0187427338, 325.0 ], [ 125.554415968699999, -9.0187411699, 325.0 ], [ 125.554427827, -9.018744014699999, 325.0 ], [ 125.554439903800002, -9.0187491791, 325.0 ], [ 125.554453337200002, -9.018756871900001, 325.0 ], [ 125.554460728199999, -9.018764432699999, 325.0 ], [ 125.554474607499998, -9.018788027, 325.0 ], [ 125.554486118200003, -9.0188135829, 325.0 ], [ 125.554493299200004, -9.0188244837, 325.0 ], [ 125.554507083800004, -9.0188371068, 325.0 ], [ 125.554520877399995, -9.018842124500001, 325.0 ], [ 125.554538184400002, -9.0188436427, 325.0 ], [ 125.554557686199999, -9.018841030600001, 325.0 ], [ 125.554581271900005, -9.0188330076, 325.0 ], [ 125.554612999400007, -9.018818664199999, 325.0 ], [ 125.554626376100003, -9.018809213100001, 325.0 ], [ 125.554637817599996, -9.0187961489, 325.0 ], [ 125.554676644500006, -9.0187170542, 325.0 ], [ 125.554685733499994, -9.0186864663, 325.0 ], [ 125.554688748700002, -9.018648601, 325.0 ], [ 125.554691592, -9.018632718799999, 325.0 ], [ 125.554709266299994, -9.0185968709, 325.0 ], [ 125.554720869899995, -9.0185592799, 325.0 ], [ 125.554727993100002, -9.0185425383, 325.0 ], [ 125.554752453899994, -9.018504613099999, 325.0 ], [ 125.554778895200002, -9.018474681100001, 325.0 ], [ 125.554797977099994, -9.018458965200001, 325.0 ], [ 125.554807352300003, -9.0184532072, 325.0 ], [ 125.554847019700006, -9.018437238500001, 325.0 ], [ 125.554871321899995, -9.018422238799999, 325.0 ], [ 125.554943898, -9.018386943499999, 325.0 ], [ 125.554954745399996, -9.0183786783, 325.0 ], [ 125.554980184100003, -9.018349323100001, 325.0 ], [ 125.554988398600003, -9.0183424207, 325.0 ], [ 125.554997659099996, -9.0183374191, 325.0 ], [ 125.555024521899995, -9.018334318200001, 325.0 ], [ 125.555035330300001, -9.0183304822, 325.0 ], [ 125.555046745599995, -9.0183241333, 325.0 ], [ 125.555071636099996, -9.0183044257, 325.0 ], [ 125.555089065, -9.0182931106, 325.0 ], [ 125.555125319499993, -9.0182793261, 325.0 ], [ 125.555172702199997, -9.018253234399999, 325.0 ], [ 125.555187416400003, -9.018243266200001, 325.0 ], [ 125.555202075500006, -9.0182296914, 325.0 ], [ 125.555226533600006, -9.018197073, 325.0 ], [ 125.555280274099999, -9.018141931700001, 325.0 ], [ 125.555286992700005, -9.018133173700001, 325.0 ], [ 125.555295425400004, -9.0181142962, 325.0 ], [ 125.555307833599997, -9.0180759077, 325.0 ], [ 125.555313331799994, -9.018069607099999, 325.0 ], [ 125.555322512399997, -9.0180643988, 325.0 ], [ 125.555361141299997, -9.018053074599999, 325.0 ], [ 125.555370444, -9.0180487288, 325.0 ], [ 125.555405762099994, -9.0180244463, 325.0 ], [ 125.555432448600001, -9.0180131786, 325.0 ], [ 125.555517063600007, -9.0179979508, 325.0 ], [ 125.555540620100004, -9.017990201, 325.0 ], [ 125.555568209900002, -9.017985834099999, 325.0 ], [ 125.555577681700001, -9.017981899900001, 325.0 ], [ 125.555585876799995, -9.017974371499999, 325.0 ], [ 125.555595948100006, -9.017957501, 325.0 ], [ 125.555613173599994, -9.017966032, 325.0 ], [ 125.555623516899999, -9.0179761012, 325.0 ], [ 125.555631748, -9.017987631900001, 325.0 ], [ 125.555640192400006, -9.017994285, 325.0 ], [ 125.5556538039, -9.017996740399999, 325.0 ], [ 125.555662529399996, -9.0179961013, 325.0 ], [ 125.555669011800006, -9.017993576, 325.0 ], [ 125.555682412600007, -9.017981624700001, 325.0 ], [ 125.555695575900003, -9.0179593264, 325.0 ], [ 125.555733558499995, -9.0179222736, 325.0 ], [ 125.555752328099999, -9.017907876300001, 325.0 ], [ 125.555765991499996, -9.017901656, 325.0 ], [ 125.555868933, -9.017870024300001, 325.0 ], [ 125.555878616599998, -9.0178651715, 325.0 ], [ 125.555887980099996, -9.017859888, 325.0 ], [ 125.555904223400006, -9.0178475234, 325.0 ], [ 125.555938854499999, -9.0178171784, 325.0 ], [ 125.555967787200004, -9.017794869299999, 325.0 ], [ 125.555996749900004, -9.0177764951, 325.0 ], [ 125.556011861499996, -9.0177700847, 325.0 ], [ 125.556031205899998, -9.0177646702, 325.0 ], [ 125.556067897, -9.0177634648, 325.0 ], [ 125.556111190500005, -9.017755166900001, 325.0 ], [ 125.556140258900001, -9.0177460309, 325.0 ], [ 125.556185123099993, -9.0177281094, 325.0 ], [ 125.556246630100006, -9.017715627399999, 325.0 ], [ 125.556265868200001, -9.017706481199999, 325.0 ], [ 125.556295359, -9.017687881400001, 325.0 ], [ 125.556309440299998, -9.0176783583, 325.0 ], [ 125.556328496800006, -9.017662637800001, 325.0 ], [ 125.556346595199997, -9.017644477, 325.0 ], [ 125.556381249300003, -9.0176054114, 325.0 ], [ 125.556424248799999, -9.017537431699999, 325.0 ], [ 125.556438300600007, -9.017518320300001, 325.0 ], [ 125.556457302400005, -9.0175007045, 325.0 ], [ 125.556507542800006, -9.0174612922, 325.0 ], [ 125.556522905, -9.0174452354, 325.0 ], [ 125.556528076, -9.0174365146, 325.0 ], [ 125.556538174600007, -9.0174105204, 325.0 ], [ 125.5565418674, -9.0173770063, 325.0 ], [ 125.556546285400003, -9.0173632786, 325.0 ], [ 125.556555977499997, -9.0173456207, 325.0 ], [ 125.556585052200006, -9.0173075045, 325.0 ], [ 125.556591504599993, -9.017294095, 325.0 ], [ 125.556605573400006, -9.017215420599999, 325.0 ], [ 125.556603707199997, -9.017181355, 325.0 ], [ 125.556617237899999, -9.0171456139, 325.0 ], [ 125.556621053499995, -9.017136795700001, 325.0 ], [ 125.556627504, -9.0171272696, 325.0 ], [ 125.556644932400005, -9.017112023299999, 325.0 ], [ 125.556653239799999, -9.0171014632, 325.0 ], [ 125.556657871599995, -9.017090707, 325.0 ], [ 125.556667829800006, -9.017057644699999, 325.0 ], [ 125.556670094500006, -9.0170290539, 325.0 ], [ 125.556673900500002, -9.0170094522, 325.0 ], [ 125.556679037500004, -9.0169989753, 325.0 ], [ 125.556690478899995, -9.0169823988, 325.0 ], [ 125.556701945699999, -9.0169690009, 325.0 ], [ 125.556713363200004, -9.016957722700001, 325.0 ], [ 125.556729713500005, -9.0169451515, 325.0 ], [ 125.556734727099993, -9.0169384278, 325.0 ], [ 125.5567380711, -9.016931016299999, 325.0 ], [ 125.556744823200006, -9.016900722700001, 325.0 ], [ 125.556750086799994, -9.016884706700001, 325.0 ], [ 125.556754242, -9.016879681500001, 325.0 ], [ 125.556773722200006, -9.016864119399999, 325.0 ], [ 125.556777442400005, -9.0168563958, 325.0 ], [ 125.556780134299999, -9.0168471874, 325.0 ], [ 125.556783303800003, -9.016808987099999, 325.0 ], [ 125.556788218299999, -9.016778754100001, 325.0 ], [ 125.556791910499996, -9.016767078299999, 325.0 ], [ 125.556823109899995, -9.0167025494, 325.0 ], [ 125.556838822800003, -9.016666025399999, 325.0 ], [ 125.556866824799997, -9.0166221306, 325.0 ], [ 125.556883984699994, -9.0165971134, 325.0 ], [ 125.556931608400006, -9.016539210099999, 325.0 ], [ 125.556947543099994, -9.0165026937, 325.0 ], [ 125.556958395699994, -9.0164862471, 325.0 ], [ 125.556967796799995, -9.0164780962, 325.0 ], [ 125.556985104700004, -9.0164678117, 325.0 ], [ 125.557030358700004, -9.0164482937, 325.0 ], [ 125.557067643300002, -9.016435248, 325.0 ], [ 125.557082410899994, -9.016426061900001, 325.0 ], [ 125.557132466499993, -9.0163858448, 325.0 ], [ 125.557141512200005, -9.0163771874, 325.0 ], [ 125.557190069300006, -9.0163182844, 325.0 ], [ 125.557200059300001, -9.0163087944, 325.0 ], [ 125.557240067199999, -9.0162774686, 325.0 ], [ 125.557255900100003, -9.0162584833, 325.0 ], [ 125.557265167099999, -9.016238125799999, 325.0 ], [ 125.557278069099993, -9.0161917341, 325.0 ], [ 125.557290070500002, -9.0161568311, 325.0 ], [ 125.557300075100002, -9.016138144399999, 325.0 ], [ 125.557307860500003, -9.0161268233, 325.0 ], [ 125.557331054800002, -9.0161026018, 325.0 ], [ 125.557335025699999, -9.0160939475, 325.0 ], [ 125.557335942700007, -9.016084683700001, 325.0 ], [ 125.557330102199998, -9.016061137, 325.0 ], [ 125.55733317, -9.0160341992, 325.0 ], [ 125.557332171799999, -9.015995785099999, 325.0 ], [ 125.557335081100007, -9.015975857600001, 325.0 ], [ 125.557341625700005, -9.0159603703, 325.0 ], [ 125.557344137200005, -9.015957814, 325.0 ], [ 125.557348455099998, -9.0159617824, 325.0 ], [ 125.557357071499993, -9.0159745548, 325.0 ], [ 125.557365021799995, -9.0159914555, 325.0 ], [ 125.5573730813, -9.016002886400001, 325.0 ], [ 125.557390836799996, -9.0160202724, 325.0 ], [ 125.557406860100002, -9.016029335200001, 325.0 ], [ 125.557415392699994, -9.0160319185, 325.0 ], [ 125.557430424700001, -9.016033361, 325.0 ], [ 125.557480707899998, -9.0160290963, 325.0 ], [ 125.557508991399999, -9.0160297571, 325.0 ], [ 125.557574816100001, -9.0160518853, 325.0 ], [ 125.557622661400003, -9.0160635664, 325.0 ], [ 125.557633195099996, -9.016062869300001, 325.0 ], [ 125.557642199300005, -9.0160604586, 325.0 ], [ 125.557681289100003, -9.016045781700001, 325.0 ], [ 125.557726578100002, -9.016038095400001, 325.0 ], [ 125.557745665900001, -9.0160322907, 325.0 ], [ 125.557771502799994, -9.016020662400001, 325.0 ], [ 125.5578095929, -9.015998889600001, 325.0 ], [ 125.557834877100007, -9.015988675699999, 325.0 ], [ 125.5578805655, -9.015982638, 325.0 ], [ 125.557943621899994, -9.015964932499999, 325.0 ], [ 125.557953077, -9.0159637827, 325.0 ], [ 125.558035021199998, -9.015964023, 325.0 ], [ 125.558063258700003, -9.015961087899999, 325.0 ], [ 125.558107152399998, -9.0159648523, 325.0 ], [ 125.558191165400004, -9.0159595131, 325.0 ], [ 125.558210977499996, -9.0159545482, 325.0 ], [ 125.558253913100003, -9.015934935900001, 325.0 ], [ 125.558278674299999, -9.0159280343, 325.0 ], [ 125.558382994799999, -9.015918252300001, 325.0 ], [ 125.558447196299994, -9.0159166357, 325.0 ], [ 125.5584814905, -9.015903529099999, 325.0 ], [ 125.558501716899997, -9.015899426800001, 325.0 ], [ 125.558528217800003, -9.015898676100001, 325.0 ], [ 125.5585810643, -9.015903574099999, 325.0 ], [ 125.558650143700007, -9.015893650300001, 325.0 ], [ 125.558683530899998, -9.015898243200001, 325.0 ], [ 125.558709780399994, -9.0158984687, 325.0 ], [ 125.558749753300006, -9.015892001599999, 325.0 ], [ 125.558777488100006, -9.0158919469, 325.0 ], [ 125.558814898899996, -9.0158888976, 325.0 ], [ 125.558842819299997, -9.0158889011, 325.0 ], [ 125.558881471600003, -9.0158818609, 325.0 ], [ 125.558900743199999, -9.015879908, 325.0 ], [ 125.558908847300003, -9.015880251, 325.0 ], [ 125.558974017400004, -9.0158915577, 325.0 ], [ 125.559004733899997, -9.0159054112, 325.0 ], [ 125.559061628199998, -9.0159390551, 325.0 ], [ 125.559076953800002, -9.015943371900001, 325.0 ], [ 125.559086999200005, -9.0159431451, 325.0 ], [ 125.559106959700003, -9.0159384863, 325.0 ], [ 125.559126835599997, -9.0159315328, 325.0 ], [ 125.559209350900005, -9.0158950994, 325.0 ], [ 125.559241610599997, -9.015884464399999, 325.0 ], [ 125.5592716731, -9.015867976599999, 325.0 ], [ 125.559289966, -9.015861214499999, 325.0 ], [ 125.559324874400005, -9.0158533035, 325.0 ], [ 125.559384313500004, -9.015852127, 325.0 ], [ 125.559413989500001, -9.0158533871, 325.0 ], [ 125.559447576500006, -9.015852560600001, 325.0 ], [ 125.559473202899994, -9.0158555128, 325.0 ], [ 125.559505895499996, -9.015864155099999, 325.0 ], [ 125.5595244079, -9.0158723704, 325.0 ], [ 125.559578654600003, -9.0158814315, 325.0 ], [ 125.559591366500001, -9.0158872451, 325.0 ], [ 125.559606576700006, -9.0158979353, 325.0 ], [ 125.559623301900004, -9.015900849699999, 325.0 ], [ 125.559680214699995, -9.015895953399999, 325.0 ], [ 125.559689583, -9.0158927611, 325.0 ], [ 125.559722874800002, -9.0158700298, 325.0 ], [ 125.559726906400002, -9.015868581, 325.0 ], [ 125.559759308400004, -9.015865747299999, 325.0 ], [ 125.559781548299995, -9.0158673002, 325.0 ], [ 125.559795294400004, -9.015870856799999, 325.0 ], [ 125.559834560599995, -9.0158863039, 325.0 ], [ 125.559881211900006, -9.0158931292, 325.0 ], [ 125.559920611300001, -9.015907006500001, 325.0 ], [ 125.559968304099996, -9.015917955300001, 325.0 ], [ 125.559992243799996, -9.015925124200001, 325.0 ], [ 125.560007304500004, -9.0159317092, 325.0 ], [ 125.560021436699998, -9.0159408468, 325.0 ], [ 125.560043289800007, -9.0159499944, 325.0 ], [ 125.560048501799997, -9.0159545297, 325.0 ], [ 125.560057831600005, -9.015958488900001, 325.0 ], [ 125.560083883499999, -9.0159577, 325.0 ], [ 125.560095916600005, -9.0159543963, 325.0 ], [ 125.560161253299995, -9.0159300707, 325.0 ], [ 125.560181040299994, -9.015926665, 325.0 ], [ 125.560199165900002, -9.0159265756, 325.0 ], [ 125.560216502, -9.0159294098, 325.0 ], [ 125.560231537899995, -9.015934337099999, 325.0 ], [ 125.560259327799997, -9.015947049099999, 325.0 ], [ 125.560283097500005, -9.0159605371, 325.0 ], [ 125.560312530900006, -9.0159749487, 325.0 ], [ 125.560335787300005, -9.0159813394, 325.0 ], [ 125.560361646700002, -9.0159846272, 325.0 ], [ 125.560379604600001, -9.015984964699999, 325.0 ], [ 125.560398319200004, -9.015983251, 325.0 ], [ 125.560453913700002, -9.0159728357, 325.0 ], [ 125.560471788200005, -9.015964613, 325.0 ], [ 125.560490259100007, -9.0159505944, 325.0 ], [ 125.560506712500001, -9.0159443083, 325.0 ], [ 125.56052402, -9.0159470775, 325.0 ], [ 125.560546952, -9.015958043, 325.0 ], [ 125.560580017199996, -9.0159628407, 325.0 ], [ 125.560587150399996, -9.0159651967, 325.0 ], [ 125.560601855599998, -9.015975236399999, 325.0 ], [ 125.560617236799999, -9.0159805974, 325.0 ], [ 125.560635318199999, -9.0159785984, 325.0 ], [ 125.560652763099995, -9.0159685298, 325.0 ], [ 125.560660210500004, -9.0159663789, 325.0 ], [ 125.560668911700006, -9.0159662469, 325.0 ], [ 125.560688328400005, -9.015971415499999, 325.0 ], [ 125.560720958800005, -9.0159723007, 325.0 ], [ 125.560745254400004, -9.015976884300001, 325.0 ], [ 125.560763783300004, -9.0159758508, 325.0 ], [ 125.560794025899995, -9.0159714463, 325.0 ], [ 125.560818689200005, -9.0159737457, 325.0 ], [ 125.560837209799999, -9.015973436299999, 325.0 ], [ 125.560853755599993, -9.0159708079, 325.0 ], [ 125.56090823, -9.0159544605, 325.0 ], [ 125.560927260699998, -9.0159446353, 325.0 ], [ 125.560970967599999, -9.015917335299999, 325.0 ], [ 125.5609872104, -9.015910420399999, 325.0 ], [ 125.56100787, -9.015904297900001, 325.0 ], [ 125.561016973500003, -9.0159035557, 325.0 ], [ 125.561025324100001, -9.0159049952, 325.0 ], [ 125.561048871400004, -9.0159169534, 325.0 ], [ 125.561055116899993, -9.015918565, 325.0 ], [ 125.561073222900006, -9.0159181405, 325.0 ], [ 125.561088948399998, -9.0159130284, 325.0 ], [ 125.561114726100001, -9.015896576, 325.0 ], [ 125.561194653900003, -9.0158572053, 325.0 ], [ 125.561209911299997, -9.0158429707, 325.0 ], [ 125.561241226899995, -9.0158030474, 325.0 ], [ 125.561257745700004, -9.01578518, 325.0 ], [ 125.561278287500002, -9.0157676013, 325.0 ], [ 125.561299031499999, -9.015752992399999, 325.0 ], [ 125.561312461900002, -9.0157468602, 325.0 ], [ 125.5613691394, -9.0157302834, 325.0 ], [ 125.561418341899994, -9.0157122129, 325.0 ], [ 125.561432455800002, -9.0157026151, 325.0 ], [ 125.561469596199998, -9.015672195500001, 325.0 ], [ 125.561496812300007, -9.0156562205, 325.0 ], [ 125.561522921800005, -9.0156376712, 325.0 ], [ 125.5615304608, -9.015635229, 325.0 ], [ 125.561549278399994, -9.015632464299999, 325.0 ], [ 125.561595699199998, -9.015630596899999, 325.0 ], [ 125.561615585799998, -9.015626492299999, 325.0 ], [ 125.561632378699997, -9.015620842200001, 325.0 ], [ 125.561650153200006, -9.0156104708, 325.0 ], [ 125.5616743219, -9.0155992815, 325.0 ], [ 125.561695751100004, -9.015582282800001, 325.0 ], [ 125.561715763099997, -9.015569983, 325.0 ], [ 125.561758726299999, -9.015550524, 325.0 ], [ 125.561795533600005, -9.015524879899999, 325.0 ], [ 125.561833718100004, -9.0155048971, 325.0 ], [ 125.561843743200001, -9.01549564, 325.0 ], [ 125.561850168800007, -9.0154871655, 325.0 ], [ 125.5618562091, -9.0154758309, 325.0 ], [ 125.561858547699998, -9.015465665900001, 325.0 ], [ 125.561858806299995, -9.0154471516, 325.0 ], [ 125.561854597600004, -9.0154218133, 325.0 ], [ 125.561856336700004, -9.015400636400001, 325.0 ], [ 125.561854391200001, -9.015385763499999, 325.0 ], [ 125.561850260100002, -9.015370743, 325.0 ], [ 125.561833999900003, -9.015333369, 325.0 ], [ 125.561811112599997, -9.015287214300001, 325.0 ], [ 125.561808431800003, -9.0152732354, 325.0 ], [ 125.561806911600002, -9.0152414942, 325.0 ], [ 125.561803754799996, -9.0152296883, 325.0 ], [ 125.561797092500001, -9.0152178234, 325.0 ], [ 125.561782872600006, -9.0152041416, 325.0 ], [ 125.561767788599994, -9.0151848601, 325.0 ], [ 125.561757764199996, -9.0151745974, 325.0 ], [ 125.561716598, -9.015145930299999, 325.0 ], [ 125.561683493399997, -9.015129057699999, 325.0 ], [ 125.561648087600005, -9.0151045056, 325.0 ], [ 125.561611850800006, -9.015076349299999, 325.0 ], [ 125.561559751600001, -9.015058248400001, 325.0 ], [ 125.561528874, -9.015050305, 325.0 ], [ 125.561505490900004, -9.0150398361, 325.0 ], [ 125.561498337800003, -9.015038534, 325.0 ], [ 125.561469651, -9.0150412377, 325.0 ], [ 125.561462945299994, -9.0150392994, 325.0 ], [ 125.561455863099994, -9.0150346598, 325.0 ], [ 125.561440364, -9.0150061383, 325.0 ], [ 125.561429228600005, -9.0149962163, 325.0 ], [ 125.561388663399995, -9.0149737835, 325.0 ], [ 125.5613633456, -9.014963850699999, 325.0 ], [ 125.561340685900007, -9.0149513058, 325.0 ], [ 125.561304026900004, -9.014939407, 325.0 ], [ 125.561289419900007, -9.0149299356, 325.0 ], [ 125.561281708400003, -9.0149274261, 325.0 ], [ 125.561272754900003, -9.0149272089, 325.0 ], [ 125.561244531100002, -9.0149308688, 325.0 ], [ 125.561208346499996, -9.014931086100001, 325.0 ], [ 125.561156796500001, -9.014923741800001, 325.0 ], [ 125.561139817, -9.014919233700001, 325.0 ], [ 125.561129864199998, -9.014908355199999, 325.0 ], [ 125.561122068200007, -9.014895009, 325.0 ], [ 125.561114704800005, -9.014862726200001, 325.0 ], [ 125.561108512800004, -9.014820140799999, 325.0 ], [ 125.561104231900003, -9.0148057462, 325.0 ], [ 125.561076609200001, -9.0147796767, 325.0 ], [ 125.561046937300006, -9.014757728599999, 325.0 ], [ 125.561027081299997, -9.014738622299999, 325.0 ], [ 125.561008595299995, -9.014728302, 325.0 ], [ 125.560993759900001, -9.0147235735, 325.0 ], [ 125.560968604300001, -9.014718336, 325.0 ], [ 125.560958751300006, -9.014718205499999, 325.0 ], [ 125.560942645599994, -9.0147151652, 325.0 ], [ 125.560923266900005, -9.014698063799999, 325.0 ], [ 125.560916746399997, -9.01469411, 325.0 ], [ 125.560909572499995, -9.0146919806, 325.0 ], [ 125.560881455300006, -9.0146934424, 325.0 ], [ 125.560864411300003, -9.0146914839, 325.0 ], [ 125.560858070799995, -9.0146892676, 325.0 ], [ 125.560852336400004, -9.014685055299999, 325.0 ], [ 125.560849061599995, -9.0146794654, 325.0 ], [ 125.560838006799997, -9.014649007799999, 325.0 ], [ 125.560833646, -9.014641902199999, 325.0 ], [ 125.560828371699998, -9.0146366779, 325.0 ], [ 125.560824053, -9.0146335425, 325.0 ], [ 125.560812568200006, -9.0146291552, 325.0 ], [ 125.560773257400001, -9.014619439600001, 325.0 ], [ 125.560758664299996, -9.014614012299999, 325.0 ], [ 125.560740185399993, -9.014598100600001, 325.0 ], [ 125.560736940699996, -9.014593078800001, 325.0 ], [ 125.560729194199993, -9.014567638300001, 325.0 ], [ 125.560725871800003, -9.0145620691, 325.0 ], [ 125.560694571200003, -9.0145380874, 325.0 ], [ 125.560654248899993, -9.014513668599999, 325.0 ], [ 125.560645115900002, -9.0145051354, 325.0 ], [ 125.560639436900004, -9.014503270600001, 325.0 ], [ 125.560624041099999, -9.014505444099999, 325.0 ], [ 125.560607810600004, -9.0145124354, 325.0 ], [ 125.560591342500004, -9.014512268400001, 325.0 ], [ 125.560580064899995, -9.014506944700001, 325.0 ], [ 125.560560762500003, -9.014489622799999, 325.0 ], [ 125.560540737099998, -9.0144642578, 325.0 ], [ 125.5605212241, -9.014447666400001, 325.0 ], [ 125.560492428700002, -9.014433518400001, 325.0 ], [ 125.560467583600001, -9.0144187346, 325.0 ], [ 125.560459829899997, -9.014411063700001, 325.0 ], [ 125.560448566700003, -9.014393270599999, 325.0 ], [ 125.560400083900007, -9.0143612876, 325.0 ], [ 125.560395750300003, -9.014355785799999, 325.0 ], [ 125.560380754700006, -9.0143434641, 325.0 ], [ 125.560371805800003, -9.014332511199999, 325.0 ], [ 125.5603672485, -9.014323557399999, 325.0 ], [ 125.560366488699998, -9.0143071199, 325.0 ], [ 125.560368703699993, -9.014289917899999, 325.0 ], [ 125.560376361300001, -9.0142768995, 325.0 ], [ 125.560385284700004, -9.0142705398, 325.0 ], [ 125.560405343100001, -9.0142641841, 325.0 ], [ 125.560415603300001, -9.014262218400001, 325.0 ], [ 125.560423637300005, -9.014262884300001, 325.0 ], [ 125.560430908300006, -9.0142661581, 325.0 ], [ 125.560444777200004, -9.014276838200001, 325.0 ], [ 125.560460347700001, -9.014280745200001, 325.0 ], [ 125.560469574500004, -9.014279866300001, 325.0 ], [ 125.560477923199997, -9.0142771712, 325.0 ], [ 125.560530849900005, -9.014251094800001, 325.0 ], [ 125.560550346499994, -9.0142452475, 325.0 ], [ 125.560590530699997, -9.014236801099999, 325.0 ], [ 125.560574502899996, -9.014232081799999, 325.0 ], [ 125.560568603500002, -9.014228791400001, 325.0 ], [ 125.560562864100007, -9.0142246325, 325.0 ], [ 125.560559301699996, -9.0142197682, 325.0 ], [ 125.560548016, -9.014212863099999, 325.0 ], [ 125.560525187500005, -9.0142052953, 325.0 ], [ 125.560495506699993, -9.0141911469, 325.0 ], [ 125.560475211500005, -9.0141843179, 325.0 ], [ 125.560465159100005, -9.014177477200001, 325.0 ], [ 125.560439649599999, -9.0141641126, 325.0 ], [ 125.560442244599997, -9.014161490499999, 325.0 ], [ 125.560458893399996, -9.014153784399999, 325.0 ], [ 125.560471134099998, -9.014150026099999, 325.0 ], [ 125.560480127600002, -9.0141478241, 325.0 ], [ 125.560510085800004, -9.0141448611, 325.0 ], [ 125.560518735399995, -9.0141417223, 325.0 ], [ 125.5605288207, -9.0141361035, 325.0 ], [ 125.560534921200002, -9.0141301373, 325.0 ], [ 125.560534198200003, -9.014125249699999, 325.0 ], [ 125.560529886, -9.014121028, 325.0 ], [ 125.560513239599999, -9.0141102524, 325.0 ], [ 125.560471729699998, -9.0140909504, 325.0 ], [ 125.560449470500004, -9.014082821300001, 325.0 ], [ 125.560425927200001, -9.014076603299999, 325.0 ], [ 125.560407734699993, -9.014073295499999, 325.0 ], [ 125.560390586899999, -9.014072372, 325.0 ], [ 125.560346928399994, -9.014076084199999, 325.0 ], [ 125.560321654299997, -9.0140667283, 325.0 ], [ 125.560250394099995, -9.01405825, 325.0 ], [ 125.560212973199995, -9.014048768, 325.0 ], [ 125.560181132799997, -9.0140426509, 325.0 ], [ 125.560174430499998, -9.014040315900001, 325.0 ], [ 125.560160862, -9.014028074700001, 325.0 ], [ 125.560150367, -9.014020735200001, 325.0 ], [ 125.560145014499994, -9.0140189658, 325.0 ], [ 125.5601295, -9.0140175275, 325.0 ], [ 125.560114379, -9.0140127596, 325.0 ], [ 125.560109930600007, -9.014007724800001, 325.0 ], [ 125.560107622299995, -9.014001881, 325.0 ], [ 125.560109211099999, -9.0139880233, 325.0 ], [ 125.560112974800006, -9.013984473100001, 325.0 ], [ 125.560117669299999, -9.013984239299999, 325.0 ], [ 125.560127318799999, -9.0139878157, 325.0 ], [ 125.560132008099998, -9.013987522100001, 325.0 ], [ 125.5601763608, -9.0139679066, 325.0 ], [ 125.560228372799997, -9.0139616376, 325.0 ], [ 125.560260034600006, -9.0139546058, 325.0 ], [ 125.5602914814, -9.013944584600001, 325.0 ], [ 125.560311684799998, -9.013940360699999, 325.0 ], [ 125.560346693300005, -9.0139297984, 325.0 ], [ 125.560382994199998, -9.0139132247, 325.0 ], [ 125.560387432599995, -9.0139123898, 325.0 ], [ 125.560398317199997, -9.013914722899999, 325.0 ], [ 125.560409215799993, -9.013923437800001, 325.0 ], [ 125.560417851, -9.013926617199999, 325.0 ], [ 125.560439262, -9.013930762599999, 325.0 ], [ 125.560457381800006, -9.0139386231, 325.0 ], [ 125.560490418800001, -9.0139440173, 325.0 ], [ 125.560519357700002, -9.0139589831, 325.0 ], [ 125.560550525099998, -9.013965981, 325.0 ], [ 125.560582924100004, -9.0139840356, 325.0 ], [ 125.5605879397, -9.013984580100001, 325.0 ], [ 125.560617199800006, -9.0139812929, 325.0 ], [ 125.560623587899997, -9.0139820755, 325.0 ], [ 125.560630155300004, -9.013983766699999, 325.0 ], [ 125.560640569300006, -9.0139895772, 325.0 ], [ 125.560656674800001, -9.0140015919, 325.0 ], [ 125.560661732100002, -9.0140029741, 325.0 ], [ 125.560675715100004, -9.0140018146, 325.0 ], [ 125.560692143699995, -9.0139963555, 325.0 ], [ 125.560709138500002, -9.013995699700001, 325.0 ], [ 125.560719006100001, -9.0140026731, 325.0 ], [ 125.560732098200006, -9.0140168625, 325.0 ], [ 125.560749554200001, -9.014025205, 325.0 ], [ 125.560758553599996, -9.0140261132, 325.0 ], [ 125.560768262, -9.014024689, 325.0 ], [ 125.560786424, -9.0140184503, 325.0 ], [ 125.560822548499999, -9.0140244853, 325.0 ], [ 125.560841503700004, -9.0140214514, 325.0 ], [ 125.560873233099997, -9.014013864700001, 325.0 ], [ 125.560920717200005, -9.014008877, 325.0 ], [ 125.560937968800005, -9.0140098365, 325.0 ], [ 125.560954209399995, -9.014012941500001, 325.0 ], [ 125.560960577299994, -9.014016163899999, 325.0 ], [ 125.560964231499995, -9.0140197844, 325.0 ], [ 125.560970679600004, -9.0140300916, 325.0 ], [ 125.560987801799996, -9.01405004, 325.0 ], [ 125.561019748800007, -9.0140726799, 325.0 ], [ 125.561025086599997, -9.014074376, 325.0 ], [ 125.561076045, -9.014078834099999, 325.0 ], [ 125.561091496900005, -9.0140833723, 325.0 ], [ 125.561120147699995, -9.0140992765, 325.0 ], [ 125.561128852300001, -9.0141016678, 325.0 ], [ 125.561136596500006, -9.014102727799999, 325.0 ], [ 125.561165489, -9.0141009753, 325.0 ], [ 125.561173170800004, -9.0141018601, 325.0 ], [ 125.561184014299997, -9.014107083600001, 325.0 ], [ 125.5611977322, -9.0141214556, 325.0 ], [ 125.561206551500007, -9.0141280523, 325.0 ], [ 125.561213371400001, -9.014131042, 325.0 ], [ 125.561221629599999, -9.014132546100001, 325.0 ], [ 125.561249908700006, -9.0141310345, 325.0 ], [ 125.561266283400002, -9.0141343008, 325.0 ], [ 125.561300430700001, -9.014159851300001, 325.0 ], [ 125.561314908100002, -9.014161378200001, 325.0 ], [ 125.561337568400006, -9.0141555753, 325.0 ], [ 125.561347104500001, -9.0141543314, 325.0 ], [ 125.561355066399997, -9.0141550785, 325.0 ], [ 125.561363029099994, -9.0141567768, 325.0 ], [ 125.5613777935, -9.0141650135, 325.0 ], [ 125.561392706800007, -9.014171254900001, 325.0 ], [ 125.561431136699994, -9.014184717399999, 325.0 ], [ 125.561492789799999, -9.014195619500001, 325.0 ], [ 125.561552430399999, -9.0142347715, 325.0 ], [ 125.5615847551, -9.014249060899999, 325.0 ], [ 125.561605464500005, -9.014264302400001, 325.0 ], [ 125.561612731, -9.0142735906, 325.0 ], [ 125.561621319, -9.014296888100001, 325.0 ], [ 125.5616272842, -9.014303354799999, 325.0 ], [ 125.561642509, -9.014306878699999, 325.0 ], [ 125.561668360499993, -9.014310289699999, 325.0 ], [ 125.561678854099995, -9.014315249499999, 325.0 ], [ 125.561693263199999, -9.0143192928, 325.0 ], [ 125.561697284800005, -9.014318508100001, 325.0 ], [ 125.561723576600002, -9.014302815800001, 325.0 ], [ 125.561740379699998, -9.0142948177, 325.0 ], [ 125.561786417500002, -9.014280145600001, 325.0 ], [ 125.561800099500005, -9.0142796424, 325.0 ], [ 125.561804321500006, -9.0142807838, 325.0 ], [ 125.561820295499999, -9.0142935134, 325.0 ], [ 125.561838138100001, -9.014312839600001, 325.0 ], [ 125.561843808299997, -9.0143220426, 325.0 ], [ 125.561852621499995, -9.0143443938, 325.0 ], [ 125.561864474100005, -9.0143657376, 325.0 ], [ 125.561872766099995, -9.014376903800001, 325.0 ], [ 125.561899743200001, -9.0143933006, 325.0 ], [ 125.561921817699996, -9.0144095, 325.0 ], [ 125.561944908699999, -9.0144316801, 325.0 ], [ 125.5619631048, -9.014444467800001, 325.0 ], [ 125.561967382299997, -9.014445949900001, 325.0 ], [ 125.561972379599993, -9.0144461518, 325.0 ], [ 125.561988403599997, -9.0144424846, 325.0 ], [ 125.562005135700005, -9.014434701900001, 325.0 ], [ 125.562041568200002, -9.0144066367, 325.0 ], [ 125.562048458700005, -9.0144039282, 325.0 ], [ 125.562065856, -9.0144030911, 325.0 ], [ 125.5620794867, -9.014405912699999, 325.0 ], [ 125.562096115299994, -9.014414967800001, 325.0 ], [ 125.562111018, -9.0144279926, 325.0 ], [ 125.562132821800006, -9.014441160300001, 325.0 ], [ 125.562143096699998, -9.0144498287, 325.0 ], [ 125.562157652300002, -9.0144556263, 325.0 ], [ 125.562167164499996, -9.014456407699999, 325.0 ], [ 125.562176158300005, -9.014455334499999, 325.0 ], [ 125.562187355800006, -9.014452456700001, 325.0 ], [ 125.562203453600006, -9.014444666799999, 325.0 ], [ 125.562218974499999, -9.0144265553, 325.0 ], [ 125.562232927699995, -9.014415463700001, 325.0 ], [ 125.562250620699999, -9.0144068421, 325.0 ], [ 125.562266123800001, -9.014402385, 325.0 ], [ 125.5623140557, -9.0143971386, 325.0 ], [ 125.562344817099998, -9.0143908538, 325.0 ], [ 125.562352813199993, -9.014390543, 325.0 ], [ 125.562361723799995, -9.0143920779, 325.0 ], [ 125.562380299, -9.0144029624, 325.0 ], [ 125.562390631699998, -9.0144072741, 325.0 ], [ 125.56240659, -9.0144101275, 325.0 ], [ 125.562425335499995, -9.014409478899999, 325.0 ], [ 125.562441592699997, -9.0144052177, 325.0 ], [ 125.562477752700005, -9.0143861115, 325.0 ], [ 125.562494067800003, -9.014379554, 325.0 ], [ 125.562513556400006, -9.014377853499999, 325.0 ], [ 125.562539624400003, -9.0143798591, 325.0 ], [ 125.562559626400002, -9.014376353499999, 325.0 ], [ 125.562593323100003, -9.0143638837, 325.0 ], [ 125.562641265899998, -9.0143495625, 325.0 ], [ 125.562686469300004, -9.0143295165, 325.0 ], [ 125.562757215399998, -9.0142932113, 325.0 ], [ 125.562805801799996, -9.014274089200001, 325.0 ], [ 125.56282018, -9.014269966900001, 325.0 ], [ 125.562869827200004, -9.01426191, 325.0 ], [ 125.562900791299995, -9.014254774899999, 325.0 ], [ 125.562918567799997, -9.014253069700001, 325.0 ], [ 125.562947051400002, -9.0142530211, 325.0 ], [ 125.5629658987, -9.0142558725, 325.0 ], [ 125.562988251700006, -9.0142547012, 325.0 ], [ 125.563006759399997, -9.0142593976, 325.0 ], [ 125.563023721600004, -9.0142612176, 325.0 ], [ 125.563041385199995, -9.014258459900001, 325.0 ], [ 125.563057586799999, -9.014252969199999, 325.0 ], [ 125.563074874099996, -9.014249806600001, 325.0 ], [ 125.563102735499996, -9.014251847, 325.0 ], [ 125.563137223499993, -9.0142506988, 325.0 ], [ 125.5631489469, -9.014255029, 325.0 ], [ 125.563179487400006, -9.014259232600001, 325.0 ], [ 125.563194778099998, -9.014264105900001, 325.0 ], [ 125.563230628300005, -9.0142815137, 325.0 ], [ 125.563306554899995, -9.0143070108, 325.0 ], [ 125.563343309100006, -9.0143247709, 325.0 ], [ 125.563374344099998, -9.014345543, 325.0 ], [ 125.563379122, -9.0143500864, 325.0 ], [ 125.563399908500003, -9.014359819399999, 325.0 ], [ 125.563428339300003, -9.014382485, 325.0 ], [ 125.563432389599996, -9.014388412100001, 325.0 ], [ 125.563437881699997, -9.014392943700001, 325.0 ], [ 125.563443063199998, -9.014401834599999, 325.0 ], [ 125.563448199099994, -9.0144323554, 325.0 ], [ 125.563447002, -9.014437817899999, 325.0 ], [ 125.563440901800007, -9.0144497653, 325.0 ], [ 125.563440901500002, -9.0144538396, 325.0 ], [ 125.563450761499993, -9.0144703362, 325.0 ], [ 125.563450273900003, -9.0144784933, 325.0 ], [ 125.563447167600003, -9.0144876151, 325.0 ], [ 125.563422517700005, -9.0145413036, 325.0 ], [ 125.563421808100003, -9.0145480878, 325.0 ], [ 125.563423000599997, -9.014555250600001, 325.0 ], [ 125.563428328599997, -9.0145623228, 325.0 ], [ 125.563454437299995, -9.0145767476, 325.0 ], [ 125.563462321200006, -9.014583908300001, 325.0 ], [ 125.563472893400004, -9.0145981332, 325.0 ], [ 125.5634789936, -9.014614461400001, 325.0 ], [ 125.563458603, -9.014633742899999, 325.0 ], [ 125.563441676300002, -9.014656412200001, 325.0 ], [ 125.563436732200003, -9.0146671131, 325.0 ], [ 125.563429813100001, -9.014703069799999, 325.0 ], [ 125.563425033, -9.014706503599999, 325.0 ], [ 125.563412659400001, -9.0147055403, 325.0 ], [ 125.563402900499995, -9.014702441400001, 325.0 ], [ 125.563382885899998, -9.014691944400001, 325.0 ], [ 125.563373064499999, -9.014684903299999, 325.0 ], [ 125.563345648799995, -9.014658471500001, 325.0 ], [ 125.563334604100007, -9.0146338445, 325.0 ], [ 125.563331708199996, -9.014633329400001, 325.0 ], [ 125.563281330699994, -9.014650857099999, 325.0 ], [ 125.563278778899999, -9.014650335600001, 325.0 ], [ 125.563271269, -9.014642411600001, 325.0 ], [ 125.563254794100004, -9.0146314086, 325.0 ], [ 125.563250423, -9.014626289100001, 325.0 ], [ 125.563234963300005, -9.0146144262, 325.0 ], [ 125.563213238, -9.014590582, 325.0 ], [ 125.563199266300003, -9.0145851495, 325.0 ], [ 125.563189648199995, -9.014584689, 325.0 ], [ 125.563170523899998, -9.0145870202, 325.0 ], [ 125.563134970299998, -9.0145958397, 325.0 ], [ 125.563118533400001, -9.0146015907, 325.0 ], [ 125.563098522499999, -9.0146033777, 325.0 ], [ 125.563063004900002, -9.014602315, 325.0 ], [ 125.563053853400007, -9.014604526599999, 325.0 ], [ 125.563042749800005, -9.0146085945, 325.0 ], [ 125.562986786899998, -9.014642888299999, 325.0 ], [ 125.562975186800003, -9.014649207, 325.0 ], [ 125.562967098300007, -9.014651759, 325.0 ], [ 125.562957201299994, -9.014651696, 325.0 ], [ 125.562927934399994, -9.0146397168, 325.0 ], [ 125.562917354099994, -9.0146361305, 325.0 ], [ 125.562913898700003, -9.0146362213, 325.0 ], [ 125.562880120800003, -9.0146425603, 325.0 ], [ 125.562860700200005, -9.014648166, 325.0 ], [ 125.562851945099993, -9.0146528661, 325.0 ], [ 125.562836673099994, -9.014657439200001, 325.0 ], [ 125.562791913200002, -9.014656393199999, 325.0 ], [ 125.562762518900001, -9.0146623882, 325.0 ], [ 125.562735639699994, -9.0146720112, 325.0 ], [ 125.562731385600003, -9.014675666700001, 325.0 ], [ 125.562721588599999, -9.014688768599999, 325.0 ], [ 125.562715617500004, -9.0146938886, 325.0 ], [ 125.5626914435, -9.0146987771, 325.0 ], [ 125.562682107399993, -9.014704228699999, 325.0 ], [ 125.562664545800004, -9.0147260946, 325.0 ], [ 125.562640132499993, -9.0147435851, 325.0 ], [ 125.562637607300005, -9.014748412099999, 325.0 ], [ 125.5626375919, -9.01475484, 325.0 ], [ 125.562640071199993, -9.014780739200001, 325.0 ], [ 125.562634901300001, -9.014819231900001, 325.0 ], [ 125.562629388900007, -9.0148366614, 325.0 ], [ 125.562600066, -9.0149120336, 325.0 ], [ 125.562597023099997, -9.0149280735, 325.0 ], [ 125.562599220899997, -9.0149361256, 325.0 ], [ 125.562602061299998, -9.014943497599999, 325.0 ], [ 125.562611041599993, -9.0149534019, 325.0 ], [ 125.562635854, -9.0149562795, 325.0 ], [ 125.562647402099998, -9.014963352400001, 325.0 ], [ 125.562650962, -9.014960774, 325.0 ], [ 125.562656867, -9.0149454989, 325.0 ], [ 125.562663978900005, -9.0149359531, 325.0 ], [ 125.562680604799993, -9.014920285200001, 325.0 ], [ 125.5626862628, -9.014912414399999, 325.0 ], [ 125.562691209400001, -9.0148902647, 325.0 ], [ 125.562699558, -9.014881947399999, 325.0 ], [ 125.562709168400005, -9.0148790157, 325.0 ], [ 125.562717955500005, -9.0148793826, 325.0 ], [ 125.562732145300004, -9.0148862467, 325.0 ], [ 125.562735516499998, -9.0148903236, 325.0 ], [ 125.562736786100004, -9.014895128299999, 325.0 ], [ 125.562736115800007, -9.014906482900001, 325.0 ], [ 125.562734545300003, -9.014910131500001, 325.0 ], [ 125.562724192600001, -9.014922353, 325.0 ], [ 125.562717225200004, -9.014927824500001, 325.0 ], [ 125.562700024500003, -9.0149375633, 325.0 ], [ 125.562691303299999, -9.014946289, 325.0 ], [ 125.562681155800007, -9.0149613064, 325.0 ], [ 125.562681064499998, -9.014965287400001, 325.0 ], [ 125.56268471, -9.0149758781, 325.0 ], [ 125.56268831, -9.014980915400001, 325.0 ], [ 125.562703230899999, -9.014994939399999, 325.0 ], [ 125.562715146900004, -9.015013637, 325.0 ], [ 125.562719280300001, -9.015031319, 325.0 ], [ 125.562717122500004, -9.015050323500001, 325.0 ], [ 125.562718936899998, -9.0150637543, 325.0 ], [ 125.562723387899993, -9.0150705004, 325.0 ], [ 125.562731444099995, -9.015077228599999, 325.0 ], [ 125.562738356, -9.015087781, 325.0 ], [ 125.562740382300007, -9.0151186484, 325.0 ], [ 125.562736321399996, -9.015141096100001, 325.0 ], [ 125.562735382400007, -9.0151583115, 325.0 ], [ 125.562737247699999, -9.015173166, 325.0 ], [ 125.5627390561, -9.015177725599999, 325.0 ], [ 125.562772986300004, -9.015216756799999, 325.0 ], [ 125.562794500899997, -9.015233693800001, 325.0 ], [ 125.562801337899998, -9.015241915900001, 325.0 ], [ 125.562807927199998, -9.0152563928, 325.0 ], [ 125.562811695700006, -9.015274139300001, 325.0 ], [ 125.562812249700002, -9.015300337899999, 325.0 ], [ 125.5628102708, -9.0153152473, 325.0 ], [ 125.562807232300003, -9.0153234623, 325.0 ], [ 125.562798299600004, -9.015339039700001, 325.0 ], [ 125.562793024900003, -9.0153428929, 325.0 ], [ 125.562778533599996, -9.015343119300001, 325.0 ], [ 125.562757225499993, -9.0153493606, 325.0 ], [ 125.562711201599996, -9.015377087599999, 325.0 ], [ 125.562683263300002, -9.0153969365, 325.0 ], [ 125.562662648599996, -9.015420149, 325.0 ], [ 125.562648775400007, -9.015432243599999, 325.0 ], [ 125.562642858700002, -9.015434234900001, 325.0 ], [ 125.562634761499993, -9.0154344664, 325.0 ], [ 125.562609348699993, -9.015431572500001, 325.0 ], [ 125.562594803099998, -9.015434238499999, 325.0 ], [ 125.562576505500004, -9.0154423405, 325.0 ], [ 125.562557985, -9.015453040500001, 325.0 ], [ 125.562521324599999, -9.0154666268, 325.0 ], [ 125.562512592800005, -9.0154716638, 325.0 ], [ 125.562494565799994, -9.0154884343, 325.0 ], [ 125.5624709792, -9.0155226598, 325.0 ], [ 125.562430347800003, -9.0155592239, 325.0 ], [ 125.562412670599997, -9.015589004900001, 325.0 ], [ 125.562404918799999, -9.0155977401, 325.0 ], [ 125.562366136500003, -9.0156321686, 325.0 ], [ 125.5623335561, -9.015670656599999, 325.0 ], [ 125.562307191299993, -9.0156975189, 325.0 ], [ 125.562299469199999, -9.0157090906, 325.0 ], [ 125.562293223099999, -9.01572556, 325.0 ], [ 125.562281938, -9.015745643900001, 325.0 ], [ 125.562254293199999, -9.0157780699, 325.0 ], [ 125.562250614500002, -9.015785254, 325.0 ], [ 125.562246248799994, -9.015804147700001, 325.0 ], [ 125.562236098, -9.015901055200001, 325.0 ], [ 125.562235113499995, -9.0159368782, 325.0 ], [ 125.5622312972, -9.0159514563, 325.0 ], [ 125.562214365499997, -9.015978091799999, 325.0 ], [ 125.562192642200003, -9.0160167907, 325.0 ], [ 125.562175073500001, -9.016034875400001, 325.0 ], [ 125.562144474299998, -9.0160602425, 325.0 ], [ 125.5621266733, -9.016072328, 325.0 ], [ 125.562079538500001, -9.016087436099999, 325.0 ], [ 125.562063714499999, -9.016094214, 325.0 ], [ 125.562034479299996, -9.0161128803, 325.0 ], [ 125.562017542199996, -9.0161211541, 325.0 ], [ 125.561962667700001, -9.016140777, 325.0 ], [ 125.561945408599996, -9.016151602400001, 325.0 ], [ 125.561924185500004, -9.016168628899999, 325.0 ], [ 125.561899429199997, -9.016181616200001, 325.0 ], [ 125.561880549799994, -9.0161940597, 325.0 ], [ 125.561854664699993, -9.0162065513, 325.0 ], [ 125.561807917, -9.016232798600001, 325.0 ], [ 125.561763743200004, -9.016260774199999, 325.0 ], [ 125.561720307399995, -9.0162746739, 325.0 ], [ 125.561672869600002, -9.016299726, 325.0 ], [ 125.561662802100003, -9.016301606100001, 325.0 ], [ 125.561654562200005, -9.016301239100001, 325.0 ], [ 125.561647031099994, -9.0162978365, 325.0 ], [ 125.561630227899997, -9.0162951786, 325.0 ], [ 125.561610055200006, -9.016298971199999, 325.0 ], [ 125.561589756299995, -9.016306112400001, 325.0 ], [ 125.561500691700004, -9.0163458719, 325.0 ], [ 125.561437597199998, -9.016380508499999, 325.0 ], [ 125.561421341699997, -9.0163853103, 325.0 ], [ 125.561402263800005, -9.016393344500001, 325.0 ], [ 125.561375228599999, -9.016417886399999, 325.0 ], [ 125.561364794499994, -9.0164250906, 325.0 ], [ 125.561344454299999, -9.0164329237, 325.0 ], [ 125.561321191700003, -9.016438261299999, 325.0 ], [ 125.561301743599998, -9.016447161, 325.0 ], [ 125.561294844599999, -9.016451415, 325.0 ], [ 125.56129064, -9.016456054, 325.0 ], [ 125.561271642799994, -9.01649158, 325.0 ], [ 125.561242586800006, -9.0165387896, 325.0 ], [ 125.561222571399995, -9.016562071699999, 325.0 ], [ 125.561203618299999, -9.0165744851, 325.0 ], [ 125.561158539299996, -9.016599294700001, 325.0 ], [ 125.5611302744, -9.016608107, 325.0 ], [ 125.561076430699998, -9.0166302859, 325.0 ], [ 125.561058043200006, -9.016646741900001, 325.0 ], [ 125.561032396200005, -9.016675318200001, 325.0 ], [ 125.561022043199998, -9.0166844327, 325.0 ], [ 125.561012724400001, -9.01668943, 325.0 ], [ 125.561006120399995, -9.016691959899999, 325.0 ], [ 125.560997973200003, -9.0166897597, 325.0 ], [ 125.560986456099997, -9.016682106099999, 325.0 ], [ 125.560952174799993, -9.0166528534, 325.0 ], [ 125.560946452899998, -9.016650263300001, 325.0 ], [ 125.560930429799996, -9.0166468804, 325.0 ], [ 125.560911940099999, -9.0166474669, 325.0 ], [ 125.560892344400003, -9.0166516915, 325.0 ], [ 125.560848282699993, -9.016668578, 325.0 ], [ 125.560831039500002, -9.0166771079, 325.0 ], [ 125.560812166399998, -9.0166944843, 325.0 ], [ 125.560806456, -9.016704494700001, 325.0 ], [ 125.56080401, -9.016710964, 325.0 ], [ 125.560798148499998, -9.016743223300001, 325.0 ], [ 125.560783128400004, -9.0167999963, 325.0 ], [ 125.5607723591, -9.0168302733, 325.0 ], [ 125.560765036700005, -9.01684227, 325.0 ], [ 125.560750729800006, -9.0168524687, 325.0 ], [ 125.560733626399994, -9.016859605700001, 325.0 ], [ 125.560715234499995, -9.016862508899999, 325.0 ], [ 125.560696630199999, -9.016863299500001, 325.0 ], [ 125.560687914200003, -9.016865254800001, 325.0 ], [ 125.560678579200001, -9.016870319200001, 325.0 ], [ 125.560670887499995, -9.0168775224, 325.0 ], [ 125.560660651199996, -9.0168927635, 325.0 ], [ 125.560653193, -9.0169172402, 325.0 ], [ 125.560646331900003, -9.016931289, 325.0 ], [ 125.560596072899997, -9.0169845094, 325.0 ], [ 125.560586063499997, -9.0169930669, 325.0 ], [ 125.560569492100001, -9.0170018067, 325.0 ], [ 125.5605425543, -9.017012791799999, 325.0 ], [ 125.560526047, -9.017023796, 325.0 ], [ 125.560518924700006, -9.017032050699999, 325.0 ], [ 125.560496440600005, -9.0170654889, 325.0 ], [ 125.560470496500002, -9.0170912878, 325.0 ], [ 125.560450445699999, -9.0171040483, 325.0 ], [ 125.560407275800003, -9.017119596900001, 325.0 ], [ 125.560397488899994, -9.0171262425, 325.0 ], [ 125.560392098899996, -9.0171317451, 325.0 ], [ 125.560389071700001, -9.017138429199999, 325.0 ], [ 125.560382561599994, -9.017164661100001, 325.0 ], [ 125.560374087900001, -9.017183495499999, 325.0 ], [ 125.560368625099997, -9.017192038, 325.0 ], [ 125.560345160500006, -9.0172211579, 325.0 ], [ 125.560308121899993, -9.0172565142, 325.0 ], [ 125.560282372200007, -9.0172743633, 325.0 ], [ 125.560216540400006, -9.0172943244, 325.0 ], [ 125.560199633500005, -9.0173016045, 325.0 ], [ 125.56018033, -9.017312669800001, 325.0 ], [ 125.560173392899998, -9.0173197474, 325.0 ], [ 125.5601685667, -9.017328599100001, 325.0 ], [ 125.560146894699997, -9.0173922075, 325.0 ], [ 125.560136140200001, -9.0174128149, 325.0 ], [ 125.560120199500005, -9.017432778, 325.0 ], [ 125.560075475, -9.017476290799999, 325.0 ], [ 125.560064833499993, -9.0174843262, 325.0 ], [ 125.560045643199999, -9.017497065500001, 325.0 ], [ 125.560019686299995, -9.017511536, 325.0 ], [ 125.559973913899995, -9.01753211, 325.0 ], [ 125.559928376800002, -9.017548676200001, 325.0 ], [ 125.559912081799993, -9.017552977599999, 325.0 ], [ 125.5598635546, -9.0175602843, 325.0 ], [ 125.559817685799999, -9.0175608646, 325.0 ], [ 125.559808878200002, -9.017563041, 325.0 ], [ 125.559799582400004, -9.0175687595, 325.0 ], [ 125.559782479899994, -9.01758861, 325.0 ], [ 125.559756427799996, -9.017613151, 325.0 ], [ 125.559749383500005, -9.017622853100001, 325.0 ], [ 125.559729350500007, -9.0176581648, 325.0 ], [ 125.559715285300001, -9.0176787297, 325.0 ], [ 125.559697332400006, -9.017700212199999, 325.0 ], [ 125.559663213700006, -9.0177362074, 325.0 ], [ 125.559643492800006, -9.0177685111, 325.0 ], [ 125.559633136100004, -9.0177827705, 325.0 ], [ 125.559622777499996, -9.0177893751, 325.0 ], [ 125.559602518399998, -9.0177954726, 325.0 ], [ 125.559582537400004, -9.017798206, 325.0 ], [ 125.559546029100005, -9.017799833, 325.0 ], [ 125.559538417400006, -9.0178015523, 325.0 ], [ 125.559530474900001, -9.0178061215, 325.0 ], [ 125.559522029600004, -9.0178138534, 325.0 ], [ 125.5595144662, -9.0178235994, 325.0 ], [ 125.559494431299996, -9.017854336299999, 325.0 ], [ 125.559483234499993, -9.017865308699999, 325.0 ], [ 125.559450267800003, -9.017876901, 325.0 ], [ 125.559430357, -9.0178949218, 325.0 ], [ 125.559423918600004, -9.017898505, 325.0 ], [ 125.559403014599994, -9.017905431899999, 325.0 ], [ 125.559382903200003, -9.017909657900001, 325.0 ], [ 125.559375794199994, -9.017912211600001, 325.0 ], [ 125.559369582800002, -9.017916833499999, 325.0 ], [ 125.559367450600007, -9.0179238151, 325.0 ], [ 125.559368136299994, -9.0179303519, 325.0 ], [ 125.559378789, -9.0179453721, 325.0 ], [ 125.559377696599995, -9.0179510263, 325.0 ], [ 125.559372685499994, -9.0179573495, 325.0 ], [ 125.559364557699993, -9.017963911600001, 325.0 ], [ 125.559322293899996, -9.017988900600001, 325.0 ], [ 125.559303832, -9.017996629100001, 325.0 ], [ 125.559248982, -9.018015394900001, 325.0 ], [ 125.559231865399994, -9.0180229646, 325.0 ], [ 125.559207491, -9.0180274758, 325.0 ], [ 125.559188837500002, -9.0180277894, 325.0 ], [ 125.559134823, -9.0180232193, 325.0 ], [ 125.5590961499, -9.0180136836, 325.0 ], [ 125.559070037200001, -9.0180104492, 325.0 ], [ 125.559061406, -9.018011981300001, 325.0 ], [ 125.559050441899998, -9.018016402400001, 325.0 ], [ 125.559040411300003, -9.018024071699999, 325.0 ], [ 125.559032113599997, -9.0180329036, 325.0 ], [ 125.5590205102, -9.018052687899999, 325.0 ], [ 125.558989552, -9.018123555600001, 325.0 ], [ 125.558983770300003, -9.0181497596, 325.0 ], [ 125.558976021800007, -9.018169646300001, 325.0 ], [ 125.558971476500005, -9.018186462799999, 325.0 ], [ 125.558971573600004, -9.0182049576, 325.0 ], [ 125.558974323200005, -9.0182220516, 325.0 ], [ 125.558974902, -9.018239735, 325.0 ], [ 125.558968524500003, -9.018259759599999, 325.0 ], [ 125.558961068499997, -9.018270191099999, 325.0 ], [ 125.558943289699997, -9.0182879818, 325.0 ], [ 125.558882536300004, -9.0183348414, 325.0 ], [ 125.558853666600001, -9.018346530200001, 325.0 ], [ 125.558786158100006, -9.018346338100001, 325.0 ], [ 125.558761430700002, -9.0183516151, 325.0 ], [ 125.558744552500002, -9.018360785600001, 325.0 ], [ 125.558699609399994, -9.018393877199999, 325.0 ], [ 125.558681454600006, -9.0184042533, 325.0 ], [ 125.558670218100005, -9.0184085955, 325.0 ], [ 125.558656022400001, -9.0184091241, 325.0 ], [ 125.558630748499994, -9.018404951200001, 325.0 ], [ 125.558613587899998, -9.0184043869, 325.0 ], [ 125.558597934399998, -9.018405749199999, 325.0 ], [ 125.558580709899999, -9.018409199300001, 325.0 ], [ 125.558522932800003, -9.018410382400001, 325.0 ], [ 125.558509823700007, -9.0184057552, 325.0 ], [ 125.558490741499995, -9.018405745900001, 325.0 ], [ 125.558487397799993, -9.018407467, 325.0 ], [ 125.558479043, -9.018425156599999, 325.0 ], [ 125.558469891800002, -9.018433866400001, 325.0 ], [ 125.558460035099998, -9.018440722499999, 325.0 ], [ 125.5584531322, -9.018443678100001, 325.0 ], [ 125.558418750399994, -9.0184492072, 325.0 ], [ 125.5583903478, -9.0184520488, 325.0 ], [ 125.558370659700003, -9.0184568716, 325.0 ], [ 125.558362661800004, -9.0184605901, 325.0 ], [ 125.558345251899993, -9.0184741567, 325.0 ], [ 125.558309128900007, -9.0185098542, 325.0 ], [ 125.558269640500001, -9.0185437175, 325.0 ], [ 125.558260565, -9.0185542194, 325.0 ], [ 125.558245714500003, -9.018590505700001, 325.0 ], [ 125.558238112500007, -9.018601631599999, 325.0 ], [ 125.558230661500005, -9.0186083195, 325.0 ], [ 125.558210294800006, -9.0186151011, 325.0 ], [ 125.558200573, -9.0186154072, 325.0 ], [ 125.558177663500004, -9.018608563, 325.0 ], [ 125.558161284, -9.018614574300001, 325.0 ], [ 125.5581442143, -9.018631145300001, 325.0 ], [ 125.558126507699995, -9.018655154199999, 325.0 ], [ 125.558109535200003, -9.018669880299999, 325.0 ], [ 125.558090936799999, -9.018674348799999, 325.0 ], [ 125.558054460600005, -9.0186738642, 325.0 ], [ 125.557911397200002, -9.018687587600001, 325.0 ], [ 125.557857200599997, -9.018704662599999, 325.0 ], [ 125.557801445699994, -9.0187086668, 325.0 ], [ 125.557753582900006, -9.018713506199999, 325.0 ], [ 125.557734434699995, -9.0187167848, 325.0 ], [ 125.557718807399993, -9.018721257299999, 325.0 ], [ 125.557690656700004, -9.0187329212, 325.0 ], [ 125.557664692100005, -9.0187413869, 325.0 ], [ 125.557654809300004, -9.0187466467, 325.0 ], [ 125.557620637499994, -9.0187713157, 325.0 ], [ 125.557565025200006, -9.0188083261, 325.0 ], [ 125.557519383599995, -9.0188290619, 325.0 ], [ 125.557473958700001, -9.0188471871, 325.0 ], [ 125.557434314800005, -9.0188670374, 325.0 ], [ 125.557372770699999, -9.018920042, 325.0 ], [ 125.557347337600007, -9.018947517899999, 325.0 ], [ 125.557317756399996, -9.0189744745, 325.0 ], [ 125.557302363, -9.0189949789, 325.0 ], [ 125.557284833899999, -9.0190298163, 325.0 ], [ 125.557255017399996, -9.0190683609, 325.0 ], [ 125.557244436600001, -9.019085778399999, 325.0 ], [ 125.557238678100006, -9.0191026172, 325.0 ], [ 125.557217271799999, -9.019191989699999, 325.0 ], [ 125.5572100535, -9.019231835899999, 325.0 ], [ 125.557201056699995, -9.0192654196, 325.0 ], [ 125.557180149900006, -9.0193029062, 325.0 ], [ 125.557167290500004, -9.0193304012, 325.0 ], [ 125.557149615399993, -9.0193572405, 325.0 ], [ 125.557129676499997, -9.0194010622, 325.0 ], [ 125.557095257, -9.0194655946, 325.0 ], [ 125.557093494599997, -9.0194725083, 325.0 ], [ 125.557093617500001, -9.0194796546, 325.0 ], [ 125.557098558299998, -9.0194995354, 325.0 ], [ 125.557098676899997, -9.0195145664, 325.0 ], [ 125.557094873699995, -9.0195365546, 325.0 ], [ 125.557086973200001, -9.019556377300001, 325.0 ], [ 125.557073953, -9.019577273199999, 325.0 ], [ 125.557048839800004, -9.0196084508, 325.0 ], [ 125.557027166200001, -9.019641549599999, 325.0 ], [ 125.557020158, -9.0196496119, 325.0 ], [ 125.556960033099998, -9.019698752, 325.0 ], [ 125.556927747399996, -9.019721628299999, 325.0 ], [ 125.556918612100006, -9.0197304176, 325.0 ], [ 125.556881649499999, -9.019782834700001, 325.0 ], [ 125.55686749, -9.019808787500001, 325.0 ], [ 125.556853163, -9.0198473863, 325.0 ], [ 125.556849007300002, -9.019867359299999, 325.0 ], [ 125.556850448899993, -9.019884640600001, 325.0 ], [ 125.556856203300001, -9.019900833499999, 325.0 ], [ 125.556856401100006, -9.019909461, 325.0 ], [ 125.556853708099993, -9.019919395300001, 325.0 ], [ 125.556846219400001, -9.019929418, 325.0 ], [ 125.556818423500005, -9.0199561872, 325.0 ], [ 125.556811933, -9.019965210100001, 325.0 ], [ 125.5568080993, -9.019973226199999, 325.0 ], [ 125.556804512699998, -9.0199904125, 325.0 ], [ 125.556803782, -9.020008544, 325.0 ], [ 125.556805746699993, -9.02001555, 325.0 ], [ 125.556824705099999, -9.0200432682, 325.0 ], [ 125.556828531, -9.020054978499999, 325.0 ], [ 125.556829298799997, -9.0200683441, 325.0 ], [ 125.556828219899998, -9.0200821635, 325.0 ], [ 125.556820642800005, -9.0200998412, 325.0 ], [ 125.556812439500007, -9.0201115635, 325.0 ], [ 125.556792681100006, -9.0201341691, 325.0 ], [ 125.556783903400003, -9.020154954300001, 325.0 ], [ 125.556775490099994, -9.020165412900001, 325.0 ], [ 125.556767186800002, -9.0201712209, 325.0 ], [ 125.556730769799998, -9.0201799115, 325.0 ], [ 125.556702250100003, -9.020191627199999, 325.0 ], [ 125.556672648399996, -9.0202075278, 325.0 ], [ 125.556650835400006, -9.020224949699999, 325.0 ], [ 125.556637961600003, -9.020246011699999, 325.0 ], [ 125.556615339900006, -9.020293349, 325.0 ], [ 125.5566030082, -9.020327014099999, 325.0 ], [ 125.556597857, -9.0203367482, 325.0 ], [ 125.556591099100004, -9.020344719400001, 325.0 ], [ 125.556559802699994, -9.020366080500001, 325.0 ], [ 125.556550662700005, -9.020374260600001, 325.0 ], [ 125.556536577200006, -9.0203918788, 325.0 ], [ 125.556530277799993, -9.020409351, 325.0 ], [ 125.556532329, -9.020427102299999, 325.0 ], [ 125.556540829799999, -9.020453591800001, 325.0 ], [ 125.556545433099998, -9.020475254799999, 325.0 ], [ 125.55654705, -9.0205190668, 325.0 ], [ 125.556546033, -9.0205285058, 325.0 ], [ 125.556542844, -9.020536311600001, 325.0 ], [ 125.556537229900002, -9.020543546, 325.0 ], [ 125.556522994, -9.0205534177, 325.0 ], [ 125.556496883700007, -9.0205618949, 325.0 ], [ 125.556467653200002, -9.0205688657, 325.0 ], [ 125.556458614199997, -9.0205741785, 325.0 ], [ 125.556451068699999, -9.0205819893, 325.0 ], [ 125.556444472400003, -9.020591447799999, 325.0 ], [ 125.556435508500002, -9.020609561700001, 325.0 ], [ 125.556424994099999, -9.020644882899999, 325.0 ], [ 125.556412146200003, -9.0206794745, 325.0 ], [ 125.556414060899996, -9.0206925564, 325.0 ], [ 125.556422579499994, -9.0207093878, 325.0 ], [ 125.556424918800005, -9.0207173879, 325.0 ], [ 125.556424351299995, -9.020726898, 325.0 ], [ 125.556414990700006, -9.020753814400001, 325.0 ], [ 125.556394751, -9.0207962057, 325.0 ], [ 125.556384606, -9.0208099862, 325.0 ], [ 125.556367900699996, -9.0208250334, 325.0 ], [ 125.556350337200001, -9.0208448574, 325.0 ], [ 125.556339381499996, -9.020869124500001, 325.0 ], [ 125.556325182, -9.020888851700001, 325.0 ], [ 125.556315869499997, -9.0208988128, 325.0 ], [ 125.556277346900004, -9.020933383899999, 325.0 ], [ 125.556259670100005, -9.0209518753, 325.0 ], [ 125.556232069199993, -9.020976515699999, 325.0 ], [ 125.556222670099999, -9.0209872559, 325.0 ], [ 125.556191764299996, -9.021034699599999, 325.0 ], [ 125.556166054800002, -9.0210790378, 325.0 ], [ 125.556148716600006, -9.0210942389, 325.0 ], [ 125.556144467199999, -9.021099635800001, 325.0 ], [ 125.556132389699997, -9.021128128200001, 325.0 ], [ 125.556119624100006, -9.0211684375, 325.0 ], [ 125.556110096099999, -9.021184639, 325.0 ], [ 125.556073710199996, -9.021218130899999, 325.0 ], [ 125.556040197599998, -9.0212612512, 325.0 ], [ 125.555982760700005, -9.0213253533, 325.0 ], [ 125.555962226600002, -9.021353463700001, 325.0 ], [ 125.5559593702, -9.021361326799999, 325.0 ], [ 125.555958537799995, -9.0213702708, 325.0 ], [ 125.555962684899995, -9.021385503199999, 325.0 ], [ 125.555995054899995, -9.021433481900001, 325.0 ], [ 125.555998636499993, -9.0214414973, 325.0 ], [ 125.555999648899999, -9.0214487622, 325.0 ], [ 125.555998260099997, -9.0214592531, 325.0 ], [ 125.555988474200007, -9.0214992304, 325.0 ], [ 125.555984001900001, -9.0215093396, 325.0 ], [ 125.555977050500005, -9.021517356, 325.0 ], [ 125.555966511099996, -9.021525409300001, 325.0 ], [ 125.555931005, -9.021543644699999, 325.0 ], [ 125.555920970800003, -9.021551952499999, 325.0 ], [ 125.555912984299994, -9.021561139699999, 325.0 ], [ 125.555897218599995, -9.0215884833, 325.0 ], [ 125.555873355399996, -9.021624665299999, 325.0 ], [ 125.555870593700007, -9.0216329148, 325.0 ], [ 125.555865432700003, -9.021662666199999, 325.0 ], [ 125.555858909400001, -9.021679349, 325.0 ], [ 125.555818795799993, -9.021734260100001, 325.0 ], [ 125.555813920700004, -9.0217438743, 325.0 ], [ 125.555805099699995, -9.0217684546, 325.0 ], [ 125.555802607199993, -9.0217718888, 325.0 ], [ 125.555767066800001, -9.0217955312, 325.0 ], [ 125.555757159699994, -9.0218046874, 325.0 ], [ 125.555750631199999, -9.0218133636, 325.0 ], [ 125.555745429, -9.021823834299999, 325.0 ], [ 125.555734421400004, -9.0218543509, 325.0 ], [ 125.555721197799997, -9.0218786064, 325.0 ], [ 125.555704219399999, -9.0219145709, 325.0 ], [ 125.555669701699998, -9.0219610122, 325.0 ], [ 125.555653564099998, -9.021985249, 325.0 ], [ 125.555640415900001, -9.022012692300001, 325.0 ], [ 125.555635379600005, -9.022032107399999, 325.0 ], [ 125.555634424700003, -9.022087549, 325.0 ], [ 125.555637604200001, -9.022113362400001, 325.0 ], [ 125.555642017599993, -9.0221276984, 325.0 ], [ 125.555650415900004, -9.022142864499999, 325.0 ], [ 125.555666724899993, -9.022163260899999, 325.0 ], [ 125.555680749800004, -9.0221861155, 325.0 ], [ 125.555697306699997, -9.0222059266, 325.0 ], [ 125.555708476800007, -9.022222552800001, 325.0 ], [ 125.555726337, -9.0222586835, 325.0 ], [ 125.555744295599993, -9.0223040422, 325.0 ], [ 125.555751371, -9.0223152666, 325.0 ], [ 125.5557760449, -9.0223440865, 325.0 ], [ 125.555782690100003, -9.022357056300001, 325.0 ], [ 125.555786329599997, -9.0223725287, 325.0 ], [ 125.555784223900005, -9.022387223100001, 325.0 ], [ 125.555768998800005, -9.022420290299999, 325.0 ], [ 125.555764614799998, -9.022438795399999, 325.0 ], [ 125.555763181100005, -9.0225393604, 325.0 ], [ 125.555760596, -9.022567672099999, 325.0 ], [ 125.555748562900007, -9.0226102525, 325.0 ], [ 125.555730654, -9.0226551003, 325.0 ], [ 125.555719055, -9.0226917568, 325.0 ], [ 125.555713706, -9.022737599199999, 325.0 ], [ 125.555699647599994, -9.022789532199999, 325.0 ], [ 125.555695252600003, -9.0228184155, 325.0 ], [ 125.5557005788, -9.022870577799999, 325.0 ], [ 125.555704139400007, -9.022890073099999, 325.0 ], [ 125.555711510099997, -9.0229093575, 325.0 ], [ 125.555724277300001, -9.0229313448, 325.0 ], [ 125.555741329400007, -9.023004422, 325.0 ], [ 125.555742309600006, -9.023016627200001, 325.0 ], [ 125.5557369271, -9.023069775, 325.0 ], [ 125.555737421800004, -9.0230874044, 325.0 ], [ 125.555740698500003, -9.0231005878, 325.0 ], [ 125.555752752800004, -9.023124942899999, 325.0 ], [ 125.555754334900001, -9.023132587899999, 325.0 ], [ 125.555756712, -9.0231778499, 325.0 ], [ 125.555755380299999, -9.023196391700001, 325.0 ], [ 125.555745253599994, -9.0232370186, 325.0 ], [ 125.555744020299997, -9.023247898899999, 325.0 ], [ 125.555744703800002, -9.023265367500001, 325.0 ], [ 125.555747590899998, -9.023281898900001, 325.0 ], [ 125.555753086400003, -9.0232970445, 325.0 ], [ 125.555778794700004, -9.023352729100001, 325.0 ], [ 125.555788515499998, -9.0233788473, 325.0 ], [ 125.555803295199993, -9.023407977, 325.0 ], [ 125.555811585, -9.0234195034, 325.0 ], [ 125.5558289226, -9.023438884, 325.0 ], [ 125.555854063799998, -9.023476562600001, 325.0 ], [ 125.5558681073, -9.0234896281, 325.0 ], [ 125.555884661299999, -9.0235093731, 325.0 ], [ 125.555912997500002, -9.023535325499999, 325.0 ], [ 125.555928170900003, -9.023556432399999, 325.0 ], [ 125.555940507599999, -9.0235775406, 325.0 ], [ 125.555950517200003, -9.0236052804, 325.0 ], [ 125.555967965600004, -9.0236420583, 325.0 ], [ 125.555971644899998, -9.0236580345, 325.0 ], [ 125.555971115199995, -9.0236853979, 325.0 ], [ 125.555964395800004, -9.0237322948, 325.0 ], [ 125.555955255900002, -9.023756732800001, 325.0 ], [ 125.555940034200006, -9.0237774229, 325.0 ], [ 125.555890582700002, -9.023819572500001, 325.0 ], [ 125.555882304700006, -9.0238300391, 325.0 ], [ 125.555871766, -9.023848081100001, 325.0 ], [ 125.555864519099998, -9.023868540800001, 325.0 ], [ 125.555864182899995, -9.023884256300001, 325.0 ], [ 125.555868307799997, -9.0239000322, 325.0 ], [ 125.555883442300001, -9.0239210741, 325.0 ], [ 125.555888809099997, -9.023936233100001, 325.0 ], [ 125.555896035299995, -9.0240050369, 325.0 ], [ 125.555903405199999, -9.0240279249, 325.0 ], [ 125.555912993899994, -9.0240449048, 325.0 ], [ 125.555921380100003, -9.0240550162, 325.0 ], [ 125.555931488400006, -9.024063199, 325.0 ], [ 125.555942814900007, -9.024067839900001, 325.0 ], [ 125.555966381900006, -9.024072670700001, 325.0 ], [ 125.555980331800001, -9.0240796186, 325.0 ], [ 125.556000178700003, -9.0241028486, 325.0 ], [ 125.556023068299993, -9.0241237754, 325.0 ], [ 125.556042664200007, -9.0241505733, 325.0 ], [ 125.556051857, -9.0241590781, 325.0 ], [ 125.556115376600005, -9.024194121200001, 325.0 ], [ 125.556165210299994, -9.024227118700001, 325.0 ], [ 125.556192217200007, -9.0242390305, 325.0 ], [ 125.556208827700004, -9.0242447774, 325.0 ], [ 125.556223999699995, -9.024247659, 325.0 ], [ 125.556242215500006, -9.0242456201, 325.0 ], [ 125.556275255700001, -9.0242365719, 325.0 ], [ 125.556322794699994, -9.024212995399999, 325.0 ], [ 125.556385098299998, -9.024188437699999, 325.0 ], [ 125.556477436899996, -9.024132332500001, 325.0 ], [ 125.556547959200003, -9.0240966428, 325.0 ], [ 125.556564708600007, -9.024089586800001, 325.0 ], [ 125.556612365399999, -9.024078186200001, 325.0 ], [ 125.556626347, -9.0240764607, 325.0 ], [ 125.556633880199996, -9.024076990499999, 325.0 ], [ 125.556638010100002, -9.0240785192, 325.0 ], [ 125.556641031799998, -9.024081792300001, 325.0 ], [ 125.556643591099999, -9.0240889413, 325.0 ], [ 125.556643917299994, -9.0241053398, 325.0 ], [ 125.5566401512, -9.02411285, 325.0 ], [ 125.556628530099999, -9.0241270602, 325.0 ], [ 125.556605062800003, -9.024145706, 325.0 ], [ 125.556598970300001, -9.024152089399999, 325.0 ], [ 125.556582498899999, -9.024175551900001, 325.0 ], [ 125.556566611199997, -9.024194555, 325.0 ], [ 125.556557107499998, -9.024203757, 325.0 ], [ 125.556530987800002, -9.0242224725, 325.0 ], [ 125.556517342299998, -9.0242352095, 325.0 ], [ 125.556508051400002, -9.024249057800001, 325.0 ], [ 125.556494865199994, -9.024277549100001, 325.0 ], [ 125.556492264799999, -9.0242919686, 325.0 ], [ 125.556492900400002, -9.024298801400001, 325.0 ], [ 125.556497201, -9.0243173173, 325.0 ], [ 125.556502958199999, -9.024359841300001, 325.0 ], [ 125.556508685, -9.024373369, 325.0 ], [ 125.556519893, -9.024381592, 325.0 ], [ 125.556531648900005, -9.0243861906, 325.0 ], [ 125.556534520900001, -9.024390006200001, 325.0 ], [ 125.556536789099994, -9.024405577, 325.0 ], [ 125.556537406, -9.024419846600001, 325.0 ], [ 125.556536097099993, -9.024424767499999, 325.0 ], [ 125.556526537899998, -9.0244411604, 325.0 ], [ 125.556516130199995, -9.0244559961, 325.0 ], [ 125.556512515099996, -9.024459051299999, 325.0 ], [ 125.556498175800002, -9.024464007100001, 325.0 ], [ 125.556489101300002, -9.0244647692, 325.0 ], [ 125.556479334200006, -9.0244644234, 325.0 ], [ 125.556460605500007, -9.0244577512, 325.0 ], [ 125.556449913799995, -9.024450015699999, 325.0 ], [ 125.556441827900002, -9.0244399549, 325.0 ], [ 125.556433809200001, -9.0244194974, 325.0 ], [ 125.556424723299997, -9.024402229, 325.0 ], [ 125.556420165700004, -9.0243988363, 325.0 ], [ 125.556412969600004, -9.0243968266, 325.0 ], [ 125.556404383599997, -9.024396187400001, 325.0 ], [ 125.556347699900002, -9.024401430499999, 325.0 ], [ 125.556305519099993, -9.0244132859, 325.0 ], [ 125.556284687, -9.0244176259, 325.0 ], [ 125.556240417799998, -9.024424290900001, 325.0 ], [ 125.556208334, -9.0244250553, 325.0 ], [ 125.556189270499999, -9.024427538399999, 325.0 ], [ 125.556147510200006, -9.0244400182, 325.0 ], [ 125.556136859299997, -9.0244412402, 325.0 ], [ 125.556094050499993, -9.024438373200001, 325.0 ], [ 125.556054340700001, -9.0244440365, 325.0 ], [ 125.556040578199998, -9.024442454900001, 325.0 ], [ 125.556009096300002, -9.0244215127, 325.0 ], [ 125.555972982499995, -9.024404647300001, 325.0 ], [ 125.555950341, -9.0243985998, 325.0 ], [ 125.5559083598, -9.0243930215, 325.0 ], [ 125.555888659600001, -9.0243966058, 325.0 ], [ 125.555867076499993, -9.0244066349, 325.0 ], [ 125.555798915099999, -9.0244482575, 325.0 ], [ 125.555790485499998, -9.0244542038, 325.0 ], [ 125.555784292599995, -9.0244623239, 325.0 ], [ 125.555781444199994, -9.024470497499999, 325.0 ], [ 125.555780967900006, -9.024479944199999, 325.0 ], [ 125.555783354499994, -9.024497457800001, 325.0 ], [ 125.555783799599993, -9.0245152219, 325.0 ], [ 125.555773537, -9.024620302300001, 325.0 ], [ 125.555765468800004, -9.0246784073, 325.0 ], [ 125.555761181600005, -9.024744885100001, 325.0 ], [ 125.555763037, -9.0247612126, 325.0 ], [ 125.555767226200004, -9.024775506099999, 325.0 ], [ 125.555777091799996, -9.0247902441, 325.0 ], [ 125.555797179600006, -9.0248079533, 325.0 ], [ 125.555806148800002, -9.024818008800001, 325.0 ], [ 125.555812235600001, -9.024827632699999, 325.0 ], [ 125.555819663400001, -9.0248505125, 325.0 ], [ 125.555821004699993, -9.024859301699999, 325.0 ], [ 125.555819487899996, -9.024868439500001, 325.0 ], [ 125.555816019399998, -9.0248792718, 325.0 ], [ 125.555804117899996, -9.0249039252, 325.0 ], [ 125.555800922200007, -9.024913550200001, 325.0 ], [ 125.555800229200003, -9.0249229183, 325.0 ], [ 125.555800840100005, -9.0249323724, 325.0 ], [ 125.555812266700002, -9.0249637997, 325.0 ], [ 125.555818886400004, -9.024995648399999, 325.0 ], [ 125.555831201700002, -9.0250263649, 325.0 ], [ 125.5558309404, -9.0250420553, 325.0 ], [ 125.555827506100002, -9.025049943799999, 325.0 ], [ 125.555822626600005, -9.025056574200001, 325.0 ], [ 125.555778226900003, -9.025093388, 325.0 ], [ 125.555743563299998, -9.0251286001, 325.0 ], [ 125.555713902600004, -9.025153424299999, 325.0 ], [ 125.555703568, -9.0251697505, 325.0 ], [ 125.555700985, -9.025183481, 325.0 ], [ 125.55570483, -9.0252073824, 325.0 ], [ 125.555704289700003, -9.025216564, 325.0 ], [ 125.555697711299999, -9.0252395092, 325.0 ], [ 125.555697014100005, -9.025247738099999, 325.0 ], [ 125.555699526400005, -9.025274297099999, 325.0 ], [ 125.555697222199996, -9.025282264599999, 325.0 ], [ 125.555691441899995, -9.0252934342, 325.0 ], [ 125.555679321699998, -9.0253131228, 325.0 ], [ 125.555663087400006, -9.02534922, 325.0 ], [ 125.5556570639, -9.025367449199999, 325.0 ], [ 125.555647526800001, -9.025421060599999, 325.0 ], [ 125.5556458099, -9.0254555067, 325.0 ], [ 125.555639919699999, -9.0254763456, 325.0 ], [ 125.555632689700005, -9.0254947931, 325.0 ], [ 125.555621666, -9.025510988800001, 325.0 ], [ 125.555612597299998, -9.025518248399999, 325.0 ], [ 125.555602241200006, -9.025523745, 325.0 ], [ 125.555584267900002, -9.025529793600001, 325.0 ], [ 125.555573227400004, -9.0255312845, 325.0 ], [ 125.555537395100004, -9.0255291402, 325.0 ], [ 125.5555061628, -9.0255358827, 325.0 ], [ 125.555468055600002, -9.025539652499999, 325.0 ], [ 125.5553894998, -9.0255533779, 325.0 ], [ 125.555371329099998, -9.0255531621, 325.0 ], [ 125.555358259599998, -9.0255506812, 325.0 ], [ 125.555339721699994, -9.025543128400001, 325.0 ], [ 125.555317748, -9.025530763600001, 325.0 ], [ 125.555294602399997, -9.025523703199999, 325.0 ], [ 125.555285718600004, -9.025523396900001, 325.0 ], [ 125.555277137199994, -9.025525371400001, 325.0 ], [ 125.555270000700006, -9.025528899299999, 325.0 ], [ 125.5552653564, -9.025534216300001, 325.0 ], [ 125.555262275299995, -9.0255410582, 325.0 ], [ 125.555260370599996, -9.025550320900001, 325.0 ], [ 125.555261802499999, -9.0255674226, 325.0 ], [ 125.555278559900003, -9.0255953479, 325.0 ], [ 125.555299353600006, -9.0256483436, 325.0 ], [ 125.555303138200003, -9.0256641562, 325.0 ], [ 125.555304980399995, -9.0256868977, 325.0 ], [ 125.555307752199994, -9.0256987091, 325.0 ], [ 125.555323606599998, -9.025731410600001, 325.0 ], [ 125.555351707200003, -9.0257759025, 325.0 ], [ 125.555360704199998, -9.0258023386, 325.0 ], [ 125.555360135499996, -9.025814930599999, 325.0 ], [ 125.555357492400006, -9.025821972299999, 325.0 ], [ 125.555347037800004, -9.0258389893, 325.0 ], [ 125.5553418099, -9.025854687800001, 325.0 ], [ 125.555343581499997, -9.0258642576, 325.0 ], [ 125.555359746799994, -9.0259061672, 325.0 ], [ 125.555362236700006, -9.0259165678, 325.0 ], [ 125.555362023, -9.0259495292, 325.0 ], [ 125.555358952199995, -9.0259649886, 325.0 ], [ 125.555355659599996, -9.0259732777, 325.0 ], [ 125.555342978599995, -9.0259940318, 325.0 ], [ 125.555321576400004, -9.0260208293, 325.0 ], [ 125.555305551299995, -9.0260652475, 325.0 ], [ 125.555281635399993, -9.0261116254, 325.0 ], [ 125.555268992799995, -9.026127930199999, 325.0 ], [ 125.555246921399998, -9.0261492317, 325.0 ], [ 125.555231547800005, -9.026167079, 325.0 ], [ 125.555201732200004, -9.0262198632, 325.0 ], [ 125.55518861, -9.026234904, 325.0 ], [ 125.555181767500002, -9.026239844599999, 325.0 ], [ 125.555174702200006, -9.026242464899999, 325.0 ], [ 125.555165410200004, -9.0262434235, 325.0 ], [ 125.555149149200005, -9.0262414216, 325.0 ], [ 125.555119290600004, -9.026227713300001, 325.0 ], [ 125.555064804300002, -9.0262095185, 325.0 ], [ 125.555039165400004, -9.0262015348, 325.0 ], [ 125.555016289, -9.0261983497, 325.0 ], [ 125.5549975112, -9.026198688499999, 325.0 ], [ 125.554981498499998, -9.026203730100001, 325.0 ], [ 125.554967294799994, -9.026215050899999, 325.0 ], [ 125.554961157700006, -9.0262222947, 325.0 ], [ 125.554950330099999, -9.0262391512, 325.0 ], [ 125.554941511500004, -9.0262573281, 325.0 ], [ 125.554936987299996, -9.026276138, 325.0 ], [ 125.554936751200003, -9.026285334600001, 325.0 ], [ 125.554938213300005, -9.0262941501, 325.0 ], [ 125.554946627600003, -9.026317585899999, 325.0 ], [ 125.554950614700005, -9.026350429100001, 325.0 ], [ 125.5549536, -9.026358888900001, 325.0 ], [ 125.554964441199999, -9.02637525, 325.0 ], [ 125.554970900699999, -9.026388346599999, 325.0 ], [ 125.554975504500007, -9.0264204785, 325.0 ], [ 125.554972088, -9.0264396214, 325.0 ], [ 125.554961398900005, -9.0264582812, 325.0 ], [ 125.554949539399999, -9.0264741468, 325.0 ], [ 125.554928867800001, -9.0264933441, 325.0 ], [ 125.554828180900003, -9.0265430231, 325.0 ], [ 125.554822052899993, -9.026546294399999, 325.0 ], [ 125.554818733199994, -9.0265499089, 325.0 ], [ 125.554815756400004, -9.0265641446, 325.0 ], [ 125.554815983500006, -9.026609048699999, 325.0 ], [ 125.554813292199995, -9.0266282504, 325.0 ], [ 125.554809445, -9.0266384909, 325.0 ], [ 125.554795172599995, -9.0266649178, 325.0 ], [ 125.554780282899998, -9.0267007949, 325.0 ], [ 125.554779047500006, -9.0267092781, 325.0 ], [ 125.554780539500001, -9.026716409600001, 325.0 ], [ 125.5548112723, -9.026756881, 325.0 ], [ 125.554820173, -9.0267666802, 325.0 ], [ 125.554845754200002, -9.026779578699999, 325.0 ], [ 125.5548873173, -9.0267886301, 325.0 ], [ 125.554913049899994, -9.0268006209, 325.0 ], [ 125.554941043499994, -9.026818307099999, 325.0 ], [ 125.554950235600003, -9.026825686600001, 325.0 ], [ 125.554979992499995, -9.026860705800001, 325.0 ], [ 125.554994845600007, -9.026873222600001, 325.0 ], [ 125.555022858100003, -9.026908281400001, 325.0 ], [ 125.555043328400004, -9.026931361700001, 325.0 ], [ 125.555063263600005, -9.026957938300001, 325.0 ], [ 125.555096009899998, -9.027016492, 325.0 ], [ 125.555103852599999, -9.0270347675, 325.0 ], [ 125.555121416600002, -9.027062323899999, 325.0 ], [ 125.555133783800002, -9.0270875325, 325.0 ], [ 125.555157936699999, -9.0271253397, 325.0 ], [ 125.555163167200007, -9.0271304384, 325.0 ], [ 125.555175029500006, -9.027138022500001, 325.0 ], [ 125.5551795545, -9.027143179799999, 325.0 ], [ 125.555188222300004, -9.0271700602, 325.0 ], [ 125.555206737299997, -9.0271979746, 325.0 ], [ 125.555214067600005, -9.0272150435, 325.0 ], [ 125.555216495899998, -9.0272321724, 325.0 ], [ 125.555218832700007, -9.027275813199999, 325.0 ], [ 125.555225853799996, -9.0273224567, 325.0 ], [ 125.555247857300003, -9.027397842499999, 325.0 ], [ 125.555270792100004, -9.0274403581, 325.0 ], [ 125.555288123400004, -9.0274684603, 325.0 ], [ 125.555305669399999, -9.027504540500001, 325.0 ], [ 125.555327953100004, -9.0275389086, 325.0 ], [ 125.555345855, -9.027592847299999, 325.0 ], [ 125.555347793600006, -9.027600828400001, 325.0 ], [ 125.55535015, -9.0276269499, 325.0 ], [ 125.555354111599996, -9.027640485599999, 325.0 ], [ 125.5553727514, -9.027675585200001, 325.0 ], [ 125.555396570100001, -9.0277040239, 325.0 ], [ 125.555410567300001, -9.027727109300001, 325.0 ], [ 125.555443508, -9.027805834500001, 325.0 ], [ 125.555461480299996, -9.027842555, 325.0 ], [ 125.555470543699997, -9.027874457199999, 325.0 ], [ 125.555477999900006, -9.0278873426, 325.0 ], [ 125.555508595500001, -9.02791852, 325.0 ], [ 125.555531451500002, -9.0279341111, 325.0 ], [ 125.555548666600004, -9.0279427361, 325.0 ], [ 125.555564141199994, -9.027947624399999, 325.0 ], [ 125.555589385900007, -9.0279510192, 325.0 ], [ 125.555614274500002, -9.027956273899999, 325.0 ], [ 125.5556489282, -9.0279591174, 325.0 ], [ 125.5556733536, -9.027965076099999, 325.0 ], [ 125.555717744, -9.027967408, 325.0 ], [ 125.555731286799997, -9.0279694688, 325.0 ], [ 125.555742011899994, -9.027973771, 325.0 ], [ 125.555754838200002, -9.0279820294, 325.0 ], [ 125.555807071800004, -9.028021409700001, 325.0 ], [ 125.555814270100001, -9.0280285928, 325.0 ], [ 125.555830327600006, -9.0280513324, 325.0 ], [ 125.555855312899993, -9.0280707826, 325.0 ], [ 125.555872712600006, -9.0280944989, 325.0 ], [ 125.555912551600002, -9.028123064400001, 325.0 ], [ 125.555954208399996, -9.0281636589, 325.0 ], [ 125.5559687051, -9.028175176, 325.0 ], [ 125.555986329099994, -9.0281932398, 325.0 ], [ 125.556006257199996, -9.028220045099999, 325.0 ], [ 125.556015251399998, -9.0282367799, 325.0 ], [ 125.5560184064, -9.028250381299999, 325.0 ], [ 125.556021865899993, -9.0282848256, 325.0 ], [ 125.5560275144, -9.028310078200001, 325.0 ], [ 125.556022491500002, -9.028326294899999, 325.0 ], [ 125.556015149, -9.028331448799999, 325.0 ], [ 125.5560079949, -9.028333657899999, 325.0 ], [ 125.555998562799999, -9.028334127600001, 325.0 ], [ 125.555983941600005, -9.028330540900001, 325.0 ], [ 125.555943839600005, -9.028309906800001, 325.0 ], [ 125.5559292664, -9.028307466, 325.0 ], [ 125.555911080800001, -9.028308640800001, 325.0 ], [ 125.555831033399997, -9.0283253409, 325.0 ], [ 125.555812638899994, -9.0283262575, 325.0 ], [ 125.5557668406, -9.028325281800001, 325.0 ], [ 125.555759024300002, -9.0283237517, 325.0 ], [ 125.555751445699997, -9.0283203498, 325.0 ], [ 125.555731421299996, -9.028306350699999, 325.0 ], [ 125.555713211300002, -9.0282957955, 325.0 ], [ 125.555707320400003, -9.028293789099999, 325.0 ], [ 125.555684120899997, -9.0282934074, 325.0 ], [ 125.555649796799997, -9.028288787, 325.0 ], [ 125.555632736600003, -9.028285610499999, 325.0 ], [ 125.555592799300001, -9.0282747955, 325.0 ], [ 125.555540505899998, -9.0282708879, 325.0 ], [ 125.555505411200002, -9.0282606478, 325.0 ], [ 125.555488409600002, -9.0282605385, 325.0 ], [ 125.555485560500003, -9.028262524700001, 325.0 ], [ 125.555481069899997, -9.0282767921, 325.0 ], [ 125.555480731200007, -9.0282858531, 325.0 ], [ 125.555490617900006, -9.028334836399999, 325.0 ], [ 125.555499073199996, -9.028368113, 325.0 ], [ 125.555503525299997, -9.028410215899999, 325.0 ], [ 125.555511901200006, -9.028457358600001, 325.0 ], [ 125.555517881200004, -9.0284760663, 325.0 ], [ 125.555537172699999, -9.0285207856, 325.0 ], [ 125.555541347900004, -9.028536215100001, 325.0 ], [ 125.555542191100002, -9.028563204399999, 325.0 ], [ 125.555545323700002, -9.0285889533, 325.0 ], [ 125.555546380099997, -9.028624197, 325.0 ], [ 125.555551601900007, -9.0286583218, 325.0 ], [ 125.555551401499997, -9.0286766596, 325.0 ], [ 125.555549831700006, -9.0286866627, 325.0 ], [ 125.555533660699993, -9.0287490942, 325.0 ], [ 125.555528139700002, -9.028796719100001, 325.0 ], [ 125.555523027800007, -9.0288091189, 325.0 ], [ 125.555496138699993, -9.0288422272, 325.0 ], [ 125.555480265900002, -9.028874951100001, 325.0 ], [ 125.555473456300007, -9.028886078899999, 325.0 ], [ 125.555466122, -9.0288951226, 325.0 ], [ 125.555446722, -9.0289109243, 325.0 ], [ 125.555401051700002, -9.0289360667, 325.0 ], [ 125.555310599199998, -9.0289724743, 325.0 ], [ 125.555183036200006, -9.029036295399999, 325.0 ], [ 125.5551099029, -9.029069202700001, 325.0 ], [ 125.5550559486, -9.029089261399999, 325.0 ], [ 125.555028874499996, -9.0291045598, 325.0 ], [ 125.555012337, -9.0291160019, 325.0 ], [ 125.554994940300006, -9.0291336277, 325.0 ], [ 125.554983887899994, -9.0291479705, 325.0 ], [ 125.554984327599996, -9.0291507144, 325.0 ], [ 125.554995919600003, -9.0291533099, 325.0 ], [ 125.555040361799996, -9.029153317700001, 325.0 ], [ 125.555094095200005, -9.029155897400001, 325.0 ], [ 125.555110579599997, -9.029159313099999, 325.0 ], [ 125.5551285138, -9.0291687873, 325.0 ], [ 125.555148218599996, -9.029175052299999, 325.0 ], [ 125.555201438300003, -9.029177744, 325.0 ], [ 125.555221609399993, -9.0291835414, 325.0 ], [ 125.555239465100001, -9.029191583699999, 325.0 ], [ 125.5552561513, -9.0292028567, 325.0 ], [ 125.555271636300006, -9.029216387, 325.0 ], [ 125.555303343600002, -9.0292561658, 325.0 ], [ 125.555330937099995, -9.0293090858, 325.0 ], [ 125.555334882, -9.0293297891, 325.0 ], [ 125.555337857500007, -9.029383020099999, 325.0 ], [ 125.555343028099998, -9.029417500399999, 325.0 ], [ 125.5553430752, -9.0294439207, 325.0 ], [ 125.555343925, -9.029452098, 325.0 ], [ 125.555346387, -9.0294579606, 325.0 ], [ 125.555355051500001, -9.0294674916, 325.0 ], [ 125.555386557099993, -9.0294901384, 325.0 ], [ 125.555397873900006, -9.029506656200001, 325.0 ], [ 125.555417041, -9.0295419248, 325.0 ], [ 125.555420894400001, -9.0295463698, 325.0 ], [ 125.555432960299996, -9.029551704399999, 325.0 ], [ 125.5554577459, -9.0295589092, 325.0 ], [ 125.5554654938, -9.0295582439, 325.0 ], [ 125.555476108899995, -9.0295538798, 325.0 ], [ 125.555501713, -9.029524041, 325.0 ], [ 125.555511852, -9.029515144199999, 325.0 ], [ 125.5555326108, -9.0294995158, 325.0 ], [ 125.555556984399999, -9.029488216800001, 325.0 ], [ 125.555565259, -9.029486410900001, 325.0 ], [ 125.555578415499994, -9.029488521299999, 325.0 ], [ 125.555595171299998, -9.029498242200001, 325.0 ], [ 125.555610311500004, -9.029503764499999, 325.0 ], [ 125.555620008600002, -9.029504417, 325.0 ], [ 125.555639750899999, -9.0295005256, 325.0 ], [ 125.555658408200003, -9.029491397299999, 325.0 ], [ 125.555714334, -9.029443477499999, 325.0 ], [ 125.555731417700002, -9.029434649900001, 325.0 ], [ 125.555759533400007, -9.029423298199999, 325.0 ], [ 125.555811861799995, -9.0294077672, 325.0 ], [ 125.555850449499999, -9.029403822400001, 325.0 ], [ 125.555910409099994, -9.0293937019, 325.0 ], [ 125.555927892699998, -9.029392446699999, 325.0 ], [ 125.5559386555, -9.0293952492, 325.0 ], [ 125.555950043199999, -9.0294031309, 325.0 ], [ 125.555976249, -9.0294319413, 325.0 ], [ 125.556003983699995, -9.029459707399999, 325.0 ], [ 125.556013487399994, -9.029467759899999, 325.0 ], [ 125.556030408300003, -9.029478801, 325.0 ], [ 125.5560392724, -9.029487599299999, 325.0 ], [ 125.556042964499994, -9.0295069104, 325.0 ], [ 125.556042391600002, -9.029523993, 325.0 ], [ 125.556039923300006, -9.0295391994, 325.0 ], [ 125.556029554199995, -9.029577181700001, 325.0 ], [ 125.556029007399999, -9.029587055, 325.0 ], [ 125.556031233, -9.0296041614, 325.0 ], [ 125.556033762200002, -9.029611877400001, 325.0 ], [ 125.556036493500002, -9.0296185891, 325.0 ], [ 125.556042192500001, -9.0296230073, 325.0 ], [ 125.556058308700003, -9.0296250679, 325.0 ], [ 125.556074919, -9.029623358, 325.0 ], [ 125.556093850899998, -9.029614925400001, 325.0 ], [ 125.556100863599994, -9.0296041432, 325.0 ], [ 125.556112231900002, -9.029576819100001, 325.0 ], [ 125.556116185600004, -9.029572271699999, 325.0 ], [ 125.556129908299994, -9.029569027799999, 325.0 ], [ 125.556142537499994, -9.0295746903, 325.0 ], [ 125.556158801099997, -9.029585605299999, 325.0 ], [ 125.556166761300005, -9.0295892144, 325.0 ], [ 125.556181123100004, -9.0295926725, 325.0 ], [ 125.556235494299997, -9.0295945028, 325.0 ], [ 125.556257190500006, -9.029590261399999, 325.0 ], [ 125.556264218, -9.029590302500001, 325.0 ], [ 125.556275621500006, -9.0295943024, 325.0 ], [ 125.556282738, -9.0296040719, 325.0 ], [ 125.556297728499999, -9.0296448029, 325.0 ], [ 125.556315081500003, -9.029665876699999, 325.0 ], [ 125.5563310828, -9.029703748099999, 325.0 ], [ 125.556335794800006, -9.0297220225, 325.0 ], [ 125.556337767200006, -9.0297564209, 325.0 ], [ 125.556346679100002, -9.0297796314, 325.0 ], [ 125.556351276900003, -9.0298103507, 325.0 ], [ 125.556354638399995, -9.0298226034, 325.0 ], [ 125.556361500400001, -9.0298363065, 325.0 ], [ 125.556388137900001, -9.0298634245, 325.0 ], [ 125.556392781200003, -9.029874918200001, 325.0 ], [ 125.556394538299998, -9.0298825246, 325.0 ], [ 125.556397991200001, -9.029938096, 325.0 ], [ 125.556387031699998, -9.029977501699999, 325.0 ], [ 125.556385111200001, -9.029995532099999, 325.0 ], [ 125.556386054, -9.030004483600001, 325.0 ], [ 125.556391309800006, -9.030015779899999, 325.0 ], [ 125.556402064300002, -9.030023845600001, 325.0 ], [ 125.556421130100006, -9.030027218500001, 325.0 ], [ 125.556435592200003, -9.030034242899999, 325.0 ], [ 125.556452685500005, -9.030052963699999, 325.0 ], [ 125.556481960900001, -9.030078359499999, 325.0 ], [ 125.556492704, -9.0300839564, 325.0 ], [ 125.556514638300001, -9.0300917724, 325.0 ], [ 125.556519384200001, -9.030094871, 325.0 ], [ 125.556551841900003, -9.0301352375, 325.0 ], [ 125.556588150799996, -9.030170797, 325.0 ], [ 125.556638169, -9.030191886500001, 325.0 ], [ 125.556650493700005, -9.030199575199999, 325.0 ], [ 125.556655003399996, -9.0302045385, 325.0 ], [ 125.556666367299997, -9.030219668499999, 325.0 ], [ 125.556671259400005, -9.030232396200001, 325.0 ], [ 125.556672793900006, -9.0302586067, 325.0 ], [ 125.55666776, -9.030307177299999, 325.0 ], [ 125.5566696904, -9.030342327, 325.0 ], [ 125.5566743487, -9.0303668658, 325.0 ], [ 125.556680311199997, -9.0303811957, 325.0 ], [ 125.556686357900006, -9.0303894175, 325.0 ], [ 125.556697340900001, -9.0303997371, 325.0 ], [ 125.556705759099998, -9.0304050603, 325.0 ], [ 125.556746411299997, -9.030420513699999, 325.0 ], [ 125.556757553599994, -9.0304207973, 325.0 ], [ 125.556791625, -9.030412436900001, 325.0 ], [ 125.556809652499993, -9.030413357800001, 325.0 ], [ 125.556823489, -9.030418681900001, 325.0 ], [ 125.556827388200006, -9.030421910799999, 325.0 ], [ 125.556832684, -9.030432491599999, 325.0 ], [ 125.556841442600003, -9.0304634999, 325.0 ], [ 125.556847591500002, -9.0304757569, 325.0 ], [ 125.556867825400005, -9.030490307899999, 325.0 ], [ 125.556905677299994, -9.0305135951, 325.0 ], [ 125.556919234199995, -9.0305295202, 325.0 ], [ 125.556932118099994, -9.0305531772, 325.0 ], [ 125.556950935499998, -9.030569501700001, 325.0 ], [ 125.556959469500001, -9.030579041399999, 325.0 ], [ 125.556975972, -9.030607116900001, 325.0 ], [ 125.556998180600004, -9.0306664895, 325.0 ], [ 125.557000396299998, -9.030682824199999, 325.0 ], [ 125.556999514, -9.030709638799999, 325.0 ], [ 125.557001556399996, -9.030726762600001, 325.0 ], [ 125.557007894400002, -9.030741134399999, 325.0 ], [ 125.557024232900005, -9.0307591784, 325.0 ], [ 125.557027634899995, -9.0307689856, 325.0 ], [ 125.557028454900006, -9.0307957403, 325.0 ], [ 125.557023932299998, -9.0308336123, 325.0 ], [ 125.557023342, -9.0308522465, 325.0 ], [ 125.557025786200001, -9.030896203099999, 325.0 ], [ 125.557031255499993, -9.0309473288, 325.0 ], [ 125.557031333099999, -9.0309652571, 325.0 ], [ 125.557029829399994, -9.030976299, 325.0 ], [ 125.557026734600001, -9.0309856737, 325.0 ], [ 125.556995331400003, -9.0310531334, 325.0 ], [ 125.556993012099994, -9.031067267699999, 325.0 ], [ 125.556992399099997, -9.0310861091, 325.0 ], [ 125.556995374600007, -9.031101616899999, 325.0 ], [ 125.557001191200001, -9.0311180476, 325.0 ], [ 125.557010098700005, -9.031128463, 325.0 ], [ 125.557016759800007, -9.031130858799999, 325.0 ], [ 125.557024971, -9.0311321606, 325.0 ], [ 125.5570436032, -9.0311314036, 325.0 ], [ 125.557088125899995, -9.0311228842, 325.0 ], [ 125.557126044300006, -9.031111715, 325.0 ], [ 125.557159576299995, -9.031098034, 325.0 ], [ 125.557169233400003, -9.0310975322, 325.0 ], [ 125.557175994299996, -9.0311006813, 325.0 ], [ 125.557178771799997, -9.031104547, 325.0 ], [ 125.557184030800002, -9.031134055700001, 325.0 ], [ 125.557189901, -9.031149431399999, 325.0 ], [ 125.557194455599998, -9.0311550415, 325.0 ], [ 125.557198225500002, -9.0311635028, 325.0 ], [ 125.557197928899996, -9.031177012200001, 325.0 ], [ 125.557194873699999, -9.0311845386, 325.0 ], [ 125.557174226900003, -9.031213472499999, 325.0 ], [ 125.557167796800002, -9.031231938399999, 325.0 ], [ 125.557168751, -9.0312498731, 325.0 ], [ 125.557175057099997, -9.0312838983, 325.0 ], [ 125.557170856699997, -9.031304178599999, 325.0 ], [ 125.557162858699996, -9.031319765, 325.0 ], [ 125.557149128700004, -9.031337324200001, 325.0 ], [ 125.557136529600001, -9.031357549, 325.0 ], [ 125.557130200900005, -9.0313780392, 325.0 ], [ 125.557129981200006, -9.0313879975, 325.0 ], [ 125.557136518099995, -9.031411733800001, 325.0 ], [ 125.557135786399996, -9.0314203771, 325.0 ], [ 125.557131378799994, -9.0314297144, 325.0 ], [ 125.557124329, -9.0314381803, 325.0 ], [ 125.557115669500007, -9.0314450298, 325.0 ], [ 125.557108936800006, -9.031448702300001, 325.0 ], [ 125.55708317, -9.0314565153, 325.0 ], [ 125.557074425500005, -9.0314608275, 325.0 ], [ 125.557068555200004, -9.031467452699999, 325.0 ], [ 125.557064993699996, -9.031475522899999, 325.0 ], [ 125.557063282200005, -9.031484692799999, 325.0 ], [ 125.557065431799998, -9.031501395599999, 325.0 ], [ 125.557068605699996, -9.0315074788, 325.0 ], [ 125.557080348699998, -9.0315224429, 325.0 ], [ 125.557082269700004, -9.0315299364, 325.0 ], [ 125.557082169, -9.031539133300001, 325.0 ], [ 125.557079462199994, -9.0315484249, 325.0 ], [ 125.557074770599996, -9.0315564902, 325.0 ], [ 125.557068945699996, -9.0315632761, 325.0 ], [ 125.557041757899995, -9.031587030200001, 325.0 ], [ 125.557032690100002, -9.031599595299999, 325.0 ], [ 125.5570296012, -9.03160754, 325.0 ], [ 125.557027801399997, -9.0316214121, 325.0 ], [ 125.55702892, -9.0316292749, 325.0 ], [ 125.557031431200002, -9.0316369778, 325.0 ], [ 125.557039826500002, -9.0316516914, 325.0 ], [ 125.557043819399993, -9.0316671407, 325.0 ], [ 125.557036400499996, -9.0317004606, 325.0 ], [ 125.557035848500007, -9.031735078200001, 325.0 ], [ 125.557029285799999, -9.0317642646, 325.0 ], [ 125.5570250878, -9.0317732008, 325.0 ], [ 125.557018903900001, -9.0317798975, 325.0 ], [ 125.556992174800001, -9.0317936552, 325.0 ], [ 125.5569856563, -9.031800729, 325.0 ], [ 125.556981949399997, -9.031808563, 325.0 ], [ 125.556985575599995, -9.031832894700001, 325.0 ], [ 125.556985833499994, -9.031864172400001, 325.0 ], [ 125.556998096499996, -9.0318990057, 325.0 ], [ 125.557003228799999, -9.0319181115, 325.0 ], [ 125.557002883300001, -9.031937106, 325.0 ], [ 125.556996120899996, -9.0319724144, 325.0 ], [ 125.556998489899996, -9.031988608900001, 325.0 ], [ 125.557001317300006, -9.0319936037, 325.0 ], [ 125.557005849099994, -9.0319975899, 325.0 ], [ 125.557019515500002, -9.0320046549, 325.0 ], [ 125.557042690100005, -9.0320135861, 325.0 ], [ 125.557069090499994, -9.032033902, 325.0 ], [ 125.557080615100006, -9.032048060599999, 325.0 ], [ 125.557091562, -9.0320771201, 325.0 ], [ 125.557092131399997, -9.032082084, 325.0 ], [ 125.557089503100002, -9.0321059941, 325.0 ], [ 125.557090579900006, -9.0321150581, 325.0 ], [ 125.557103228399995, -9.032153661100001, 325.0 ], [ 125.557107502799994, -9.032178630300001, 325.0 ], [ 125.557107190899998, -9.0321967221, 325.0 ], [ 125.557100619600007, -9.0322454083, 325.0 ], [ 125.557099270199998, -9.0322744865, 325.0 ], [ 125.557101044299998, -9.032290698100001, 325.0 ], [ 125.557107619299998, -9.032306782799999, 325.0 ], [ 125.557117172, -9.032314406499999, 325.0 ], [ 125.557122654500006, -9.032316079699999, 325.0 ], [ 125.557145341600005, -9.032317705100001, 325.0 ], [ 125.557175651099996, -9.0323119852, 325.0 ], [ 125.5572045981, -9.0323093444, 325.0 ], [ 125.557236512800003, -9.032296645700001, 325.0 ], [ 125.557248379599997, -9.0322936978, 325.0 ], [ 125.557313498400006, -9.0322906018, 325.0 ], [ 125.557332446, -9.0322847037, 325.0 ], [ 125.557350656899999, -9.032273979099999, 325.0 ], [ 125.557368770899998, -9.0322684651, 325.0 ], [ 125.557440238200002, -9.0322722742, 325.0 ], [ 125.5574603946, -9.03226812, 325.0 ], [ 125.557470476, -9.032263877, 325.0 ], [ 125.5574847683, -9.03225567, 325.0 ], [ 125.557493232200002, -9.032248682100001, 325.0 ], [ 125.557499892799996, -9.0322406656, 325.0 ], [ 125.557504707, -9.032231146399999, 325.0 ], [ 125.557516026299993, -9.032198149299999, 325.0 ], [ 125.557530645699998, -9.0321741951, 325.0 ], [ 125.557552718599993, -9.032143060699999, 325.0 ], [ 125.557568531900003, -9.032123847399999, 325.0 ], [ 125.557578040300001, -9.032114615599999, 325.0 ], [ 125.557602124699997, -9.0320972517, 325.0 ], [ 125.557605072200005, -9.032093786500001, 325.0 ], [ 125.557614271800006, -9.0320742586, 325.0 ], [ 125.557621508799997, -9.0320652822, 325.0 ], [ 125.557629117800005, -9.032059454800001, 325.0 ], [ 125.557639212400005, -9.0320539955, 325.0 ], [ 125.557686149199995, -9.0320399787, 325.0 ], [ 125.557729979800001, -9.032017674800001, 325.0 ], [ 125.557749023, -9.0320125796, 325.0 ], [ 125.557777523300004, -9.03200972, 325.0 ], [ 125.55778596, -9.032007284800001, 325.0 ], [ 125.557821427700006, -9.031985341, 325.0 ], [ 125.5578879312, -9.0319502524, 325.0 ], [ 125.557912434299993, -9.0319296845, 325.0 ], [ 125.557957926300006, -9.031895608399999, 325.0 ], [ 125.557983571199998, -9.031878411499999, 325.0 ], [ 125.557998529599999, -9.031864903800001, 325.0 ], [ 125.558038437600004, -9.031821170400001, 325.0 ], [ 125.558050003100007, -9.0318047797, 325.0 ], [ 125.558059458399995, -9.031785874900001, 325.0 ], [ 125.558067019, -9.0317569049, 325.0 ], [ 125.558077259100003, -9.031697164100001, 325.0 ], [ 125.558076362600005, -9.0316800719, 325.0 ], [ 125.558070337800004, -9.0316555777, 325.0 ], [ 125.558069341, -9.031638341, 325.0 ], [ 125.558070782300007, -9.031619603599999, 325.0 ], [ 125.5580823186, -9.031559173, 325.0 ], [ 125.558085251, -9.031551133400001, 325.0 ], [ 125.558090688799993, -9.0315460177, 325.0 ], [ 125.5580961462, -9.031546489, 325.0 ], [ 125.558119193600007, -9.031556397399999, 325.0 ], [ 125.558147733599995, -9.031566203800001, 325.0 ], [ 125.558178521800002, -9.0315821515, 325.0 ], [ 125.558186527700002, -9.0315885866, 325.0 ], [ 125.558232085399993, -9.031636302500001, 325.0 ], [ 125.558257159, -9.0316553369, 325.0 ], [ 125.558269329799998, -9.0316733851, 325.0 ], [ 125.558274487899993, -9.0316923215, 325.0 ], [ 125.558280773500002, -9.031703091200001, 325.0 ], [ 125.558289344499997, -9.0317136285, 325.0 ], [ 125.558306319899998, -9.0317263925, 325.0 ], [ 125.558312006099996, -9.0317341458, 325.0 ], [ 125.558324345399996, -9.031763377900001, 325.0 ], [ 125.558328225500006, -9.031777265900001, 325.0 ], [ 125.558329568700003, -9.0318190145, 325.0 ], [ 125.558337189400007, -9.0318377811, 325.0 ], [ 125.558346595200007, -9.0318543717, 325.0 ], [ 125.558357562, -9.031862519300001, 325.0 ], [ 125.558414790300006, -9.031895923800001, 325.0 ], [ 125.558429703300007, -9.0319001303, 325.0 ], [ 125.558438830699998, -9.031899987199999, 325.0 ], [ 125.558457915, -9.0318955118, 325.0 ], [ 125.558476505399994, -9.031886096499999, 325.0 ], [ 125.558492254100003, -9.0318738451, 325.0 ], [ 125.558565418699999, -9.031808206699999, 325.0 ], [ 125.558580774800006, -9.031788472900001, 325.0 ], [ 125.558595744399994, -9.031763830099999, 325.0 ], [ 125.558605245699994, -9.0317454177, 325.0 ], [ 125.558614723, -9.0317163965, 325.0 ], [ 125.558623125099999, -9.031702702, 325.0 ], [ 125.558640162700001, -9.031693521199999, 325.0 ], [ 125.558655519300004, -9.0316897262, 325.0 ], [ 125.558669118899999, -9.0316797216, 325.0 ], [ 125.558678860699999, -9.031664439, 325.0 ], [ 125.558697033200005, -9.031618549199999, 325.0 ], [ 125.558708330399995, -9.031598020200001, 325.0 ], [ 125.558737208799997, -9.0315636425, 325.0 ], [ 125.558756532499999, -9.0315469359, 325.0 ], [ 125.558779918499994, -9.0315315617, 325.0 ], [ 125.558785500799999, -9.0315256681, 325.0 ], [ 125.558795662400001, -9.031509444, 325.0 ], [ 125.558802659400001, -9.031501202299999, 325.0 ], [ 125.558816069, -9.0314912476, 325.0 ], [ 125.558819438300006, -9.031490897499999, 325.0 ], [ 125.558822561699998, -9.031493609, 325.0 ], [ 125.558827512600004, -9.0314989767, 325.0 ], [ 125.558831527099997, -9.0315068393, 325.0 ], [ 125.558835655300001, -9.0315271418, 325.0 ], [ 125.558841378599993, -9.031537805199999, 325.0 ], [ 125.558848586699995, -9.0315604903, 325.0 ], [ 125.558851424400004, -9.031566290400001, 325.0 ], [ 125.558863812499993, -9.031581489800001, 325.0 ], [ 125.558870220599999, -9.0315943671, 325.0 ], [ 125.558875944799993, -9.0316195306, 325.0 ], [ 125.5588762637, -9.031635419200001, 325.0 ], [ 125.558861201400006, -9.0316637313, 325.0 ], [ 125.558852700700001, -9.0316866795, 325.0 ], [ 125.558857354300002, -9.0317038809, 325.0 ], [ 125.558857334799995, -9.031719092499999, 325.0 ], [ 125.55885541, -9.0317252976, 325.0 ], [ 125.558836122499997, -9.0317608609, 325.0 ], [ 125.558825859600006, -9.031807459099999, 325.0 ], [ 125.558822530800001, -9.0318158796, 325.0 ], [ 125.558810017799999, -9.0318334167, 325.0 ], [ 125.558790027200004, -9.0318551748, 325.0 ], [ 125.558776664099994, -9.031872252499999, 325.0 ], [ 125.558739968200001, -9.031925643599999, 325.0 ], [ 125.558710073, -9.0319797353, 325.0 ], [ 125.558679616899994, -9.032026870199999, 325.0 ], [ 125.558658514100003, -9.0320724778, 325.0 ], [ 125.558649595299997, -9.0320884352, 325.0 ], [ 125.5586417385, -9.032099926200001, 325.0 ], [ 125.558620568699993, -9.032125109900001, 325.0 ], [ 125.558612555500005, -9.0321422595, 325.0 ], [ 125.558611966300006, -9.0321612074, 325.0 ], [ 125.558619484, -9.0321823563, 325.0 ], [ 125.558634597400001, -9.032203047599999, 325.0 ], [ 125.558652694900005, -9.032220472, 325.0 ], [ 125.558706378300002, -9.032256802099999, 325.0 ], [ 125.558721659100001, -9.0322620485, 325.0 ], [ 125.558769815299996, -9.032267717, 325.0 ], [ 125.558793896899999, -9.032280421899999, 325.0 ], [ 125.5588095353, -9.0322857348, 325.0 ], [ 125.558808754400005, -9.032286937, 325.0 ], [ 125.558778441900003, -9.032302124499999, 325.0 ], [ 125.558763675, -9.0323054234, 325.0 ], [ 125.558735713700003, -9.032306287400001, 325.0 ], [ 125.558710657700004, -9.0323041689, 325.0 ], [ 125.558697409100006, -9.032305217799999, 325.0 ], [ 125.558660974, -9.0323116468, 325.0 ], [ 125.558624588, -9.0323116013, 325.0 ], [ 125.558608184400001, -9.0323090262, 325.0 ], [ 125.558568334, -9.032297749, 325.0 ], [ 125.558542941100001, -9.0322882439, 325.0 ], [ 125.558497770100004, -9.0322741372, 325.0 ], [ 125.558480402499995, -9.0322730259, 325.0 ], [ 125.558461378399997, -9.0322801667, 325.0 ], [ 125.558439521300002, -9.0322949156, 325.0 ], [ 125.558415324199999, -9.0323078852, 325.0 ], [ 125.558368959800006, -9.0323273779, 325.0 ], [ 125.558333756500005, -9.0323489604, 325.0 ], [ 125.558314941700004, -9.0323526913, 325.0 ], [ 125.558287682900001, -9.032353371099999, 325.0 ], [ 125.558277865099996, -9.0323562311, 325.0 ], [ 125.558258492, -9.032367069499999, 325.0 ], [ 125.558235563899999, -9.032383961700001, 325.0 ], [ 125.558214871700002, -9.032396691, 325.0 ], [ 125.558171250300006, -9.032415032599999, 325.0 ], [ 125.558167289899998, -9.0324186623, 325.0 ], [ 125.558164274299997, -9.032432888, 325.0 ], [ 125.558167249, -9.032449062, 325.0 ], [ 125.55818607, -9.0324884872, 325.0 ], [ 125.55818858, -9.0324906914, 325.0 ], [ 125.558207973400002, -9.0324956395, 325.0 ], [ 125.558261617799999, -9.0324962833, 325.0 ], [ 125.558277413300004, -9.0325003564, 325.0 ], [ 125.558282883299995, -9.032503356799999, 325.0 ], [ 125.558301696100003, -9.032520952900001, 325.0 ], [ 125.558312049, -9.032527487299999, 325.0 ], [ 125.558420833, -9.032576022800001, 325.0 ], [ 125.55844672, -9.032594170899999, 325.0 ], [ 125.558472972399997, -9.032600782899999, 325.0 ], [ 125.558492768600004, -9.032611961900001, 325.0 ], [ 125.558500264499997, -9.032619238100001, 325.0 ], [ 125.5585072999, -9.032632813899999, 325.0 ], [ 125.558504437699995, -9.032646934200001, 325.0 ], [ 125.558498728, -9.0326505539, 325.0 ], [ 125.558492796799996, -9.032652029, 325.0 ], [ 125.558475193600003, -9.032652566099999, 325.0 ], [ 125.558431422300004, -9.0326472699, 325.0 ], [ 125.558377590700005, -9.032646311500001, 325.0 ], [ 125.558309126200001, -9.0326395572, 325.0 ], [ 125.558262182199996, -9.032642382, 325.0 ], [ 125.558227160200005, -9.032639229700001, 325.0 ], [ 125.558208057300007, -9.032641461900001, 325.0 ], [ 125.558176205, -9.0326496544, 325.0 ], [ 125.558157458599993, -9.0326511768, 325.0 ], [ 125.558140621700005, -9.032649253200001, 325.0 ], [ 125.558125497, -9.032643138699999, 325.0 ], [ 125.558110488699995, -9.0326331002, 325.0 ], [ 125.558098427299996, -9.0326309102, 325.0 ], [ 125.558093130900005, -9.032635205, 325.0 ], [ 125.558092182300001, -9.032641738200001, 325.0 ], [ 125.558091636300006, -9.032651141600001, 325.0 ], [ 125.558094595900002, -9.032666579, 325.0 ], [ 125.558097720700005, -9.032673534100001, 325.0 ], [ 125.558109687, -9.032687810200001, 325.0 ], [ 125.558116182700005, -9.032699578500001, 325.0 ], [ 125.558120413099999, -9.032718769700001, 325.0 ], [ 125.558131568099995, -9.032793894099999, 325.0 ], [ 125.558133905899993, -9.032799262599999, 325.0 ], [ 125.558137981800002, -9.032803846, 325.0 ], [ 125.558149059100003, -9.0328127111, 325.0 ], [ 125.558155976699993, -9.0328203373, 325.0 ], [ 125.558161422799998, -9.0328342832, 325.0 ], [ 125.558159679300005, -9.0328498062, 325.0 ], [ 125.558153840399996, -9.032855377400001, 325.0 ], [ 125.558136037899999, -9.032861520100001, 325.0 ], [ 125.558084473199997, -9.0328734304, 325.0 ], [ 125.558047129299993, -9.032875476599999, 325.0 ], [ 125.558038165400006, -9.032877374, 325.0 ], [ 125.558028251899998, -9.032881789599999, 325.0 ], [ 125.558019599700003, -9.032889266, 325.0 ], [ 125.557989735899994, -9.032926646, 325.0 ], [ 125.557937503199994, -9.0329585928, 325.0 ], [ 125.557900624799998, -9.032983138100001, 325.0 ], [ 125.557881491200007, -9.0329920598, 325.0 ], [ 125.557863475399998, -9.032996494700001, 325.0 ], [ 125.557831459499994, -9.0330002698, 325.0 ], [ 125.557811588, -9.033004315399999, 325.0 ], [ 125.557746168899996, -9.0330265635, 325.0 ], [ 125.557736909499994, -9.033027643900001, 325.0 ], [ 125.557701590400001, -9.033025369100001, 325.0 ], [ 125.55769159, -9.0330268605, 325.0 ], [ 125.557647519400007, -9.033041106700001, 325.0 ], [ 125.557637364, -9.033048583899999, 325.0 ], [ 125.557631780500003, -9.0330543922, 325.0 ], [ 125.557620345499998, -9.033079547, 325.0 ], [ 125.557596284200002, -9.033118449, 325.0 ], [ 125.557583225499997, -9.033142997200001, 325.0 ], [ 125.557575699699996, -9.033153113199999, 325.0 ], [ 125.55756705, -9.033161678600001, 325.0 ], [ 125.557556910900004, -9.033168422699999, 325.0 ], [ 125.557509768100005, -9.0331945817, 325.0 ], [ 125.557497275599999, -9.033203847699999, 325.0 ], [ 125.557465318400006, -9.033233000699999, 325.0 ], [ 125.557445780799995, -9.033260200699999, 325.0 ], [ 125.557393838799996, -9.0333107943, 325.0 ], [ 125.557368836500004, -9.033329529, 325.0 ], [ 125.557362054, -9.0333382559, 325.0 ], [ 125.557358315499997, -9.0333443231, 325.0 ], [ 125.557351796500001, -9.0333610532, 325.0 ], [ 125.557341016500004, -9.0333987115, 325.0 ], [ 125.557333192900003, -9.0334192304, 325.0 ], [ 125.557305420600002, -9.0334693205, 325.0 ], [ 125.5573066858, -9.0334835585, 325.0 ], [ 125.557304708100006, -9.0334986707, 325.0 ], [ 125.557290289799994, -9.033536594, 325.0 ], [ 125.557248493200007, -9.033606410200001, 325.0 ], [ 125.557219222399993, -9.033663110199999, 325.0 ], [ 125.557214695, -9.033676781400001, 325.0 ], [ 125.557214065099998, -9.0336924309, 325.0 ], [ 125.557216843600003, -9.033704894, 325.0 ], [ 125.557223378100005, -9.0337158957, 325.0 ], [ 125.557229525599993, -9.033731101600001, 325.0 ], [ 125.557234336600004, -9.0337505376, 325.0 ], [ 125.5572365827, -9.0337722475, 325.0 ], [ 125.557234777600002, -9.033790230099999, 325.0 ], [ 125.557203532399996, -9.033862987199999, 325.0 ], [ 125.557195867900006, -9.033903587799999, 325.0 ], [ 125.557187868, -9.033923405299999, 325.0 ], [ 125.557174568400001, -9.03394424, 325.0 ], [ 125.557142650900005, -9.033980276799999, 325.0 ], [ 125.557131234300002, -9.034015565900001, 325.0 ], [ 125.557115823, -9.0340514349, 325.0 ], [ 125.557104183099995, -9.0340711211, 325.0 ], [ 125.557092751100001, -9.0340866827, 325.0 ], [ 125.557080137499995, -9.034115463399999, 325.0 ], [ 125.557073901400003, -9.034133777699999, 325.0 ], [ 125.557071054, -9.034147687800001, 325.0 ], [ 125.557069639399998, -9.034185005699999, 325.0 ], [ 125.557071859, -9.034210479, 325.0 ], [ 125.557079524100004, -9.0342609239, 325.0 ], [ 125.557085260700006, -9.0343120669, 325.0 ], [ 125.557094587799995, -9.0343443354, 325.0 ], [ 125.557099625700005, -9.034368605199999, 325.0 ], [ 125.557104619, -9.034383871499999, 325.0 ], [ 125.557121365200004, -9.0344209566, 325.0 ], [ 125.557146465299994, -9.0344684056, 325.0 ], [ 125.557193644700007, -9.034520777099999, 325.0 ], [ 125.557220931499998, -9.034556757500001, 325.0 ], [ 125.557245407899998, -9.0345846819, 325.0 ], [ 125.557254345199993, -9.0346064223, 325.0 ], [ 125.557257832800005, -9.0346101686, 325.0 ], [ 125.557262676899995, -9.034611657, 325.0 ], [ 125.557307851399997, -9.0346116397, 325.0 ], [ 125.557314551600001, -9.0346135162, 325.0 ], [ 125.557334772600001, -9.0346250679, 325.0 ], [ 125.557339290200005, -9.0346296607, 325.0 ], [ 125.5573397884, -9.0346361175, 325.0 ], [ 125.5573363922, -9.0346445599, 325.0 ], [ 125.557313486599995, -9.0346703365, 325.0 ], [ 125.557308904899998, -9.0346806302, 325.0 ], [ 125.5573079272, -9.0347071996, 325.0 ], [ 125.557304108099999, -9.034717312, 325.0 ], [ 125.557294993100001, -9.034725846500001, 325.0 ], [ 125.557284128099994, -9.0347314638, 325.0 ], [ 125.557259385400002, -9.034738747600001, 325.0 ], [ 125.557252233699998, -9.034742683899999, 325.0 ], [ 125.5572442518, -9.0347486016, 325.0 ], [ 125.5572386188, -9.034755132, 325.0 ], [ 125.557233890800006, -9.0347717197, 325.0 ], [ 125.557232498600001, -9.0347878849, 325.0 ], [ 125.557232986900004, -9.0348006154, 325.0 ], [ 125.557239856099997, -9.034831948600001, 325.0 ], [ 125.557238448899994, -9.0348608583, 325.0 ], [ 125.557231273499994, -9.034881567199999, 325.0 ], [ 125.557219987, -9.034906836099999, 325.0 ], [ 125.557203377899995, -9.034953376200001, 325.0 ], [ 125.557185706300004, -9.0349872442, 325.0 ], [ 125.557174912099995, -9.035018816299999, 325.0 ], [ 125.557149685599995, -9.035062657099999, 325.0 ], [ 125.557144041300006, -9.035080152700001, 325.0 ], [ 125.557143277099996, -9.0350896269, 325.0 ], [ 125.557144294, -9.0350984715, 325.0 ], [ 125.557153508, -9.035116091300001, 325.0 ], [ 125.557163296799999, -9.0351230802, 325.0 ], [ 125.557192142600002, -9.0351394646, 325.0 ], [ 125.557204223799999, -9.035148482, 325.0 ], [ 125.557211554700004, -9.0351559758, 325.0 ], [ 125.557223416799999, -9.0351741742, 325.0 ], [ 125.557234975, -9.0351974261, 325.0 ], [ 125.557243377500001, -9.0352090157, 325.0 ], [ 125.557260036900004, -9.0352182143, 325.0 ], [ 125.557264639500005, -9.0352221202, 325.0 ], [ 125.557277635299997, -9.035238833299999, 325.0 ], [ 125.5572850243, -9.0352448795, 325.0 ], [ 125.557315733400003, -9.035261677799999, 325.0 ], [ 125.557344204800003, -9.035270284799999, 325.0 ], [ 125.557361952899996, -9.0352787537, 325.0 ], [ 125.557372103, -9.0352864547, 325.0 ], [ 125.557376323900002, -9.0352917888, 325.0 ], [ 125.557379544, -9.0352980079, 325.0 ], [ 125.557379590099998, -9.0353055059, 325.0 ], [ 125.557378280099996, -9.0353116851, 325.0 ], [ 125.557372333800004, -9.035316055799999, 325.0 ], [ 125.557326622199994, -9.035332328, 325.0 ], [ 125.557298832200004, -9.0353446435, 325.0 ], [ 125.557288057899996, -9.035346710400001, 325.0 ], [ 125.557261843600003, -9.035347918699999, 325.0 ], [ 125.557237817300006, -9.0353562724, 325.0 ], [ 125.5572288937, -9.0353576688, 325.0 ], [ 125.557212717, -9.035354674900001, 325.0 ], [ 125.557207566299994, -9.0353523753, 325.0 ], [ 125.557186638199994, -9.035337934899999, 325.0 ], [ 125.557182589700005, -9.035333161, 325.0 ], [ 125.557176891300003, -9.0353295422, 325.0 ], [ 125.557170403599997, -9.0353280396, 325.0 ], [ 125.557161907500003, -9.0353335888, 325.0 ], [ 125.557154832, -9.0353412512, 325.0 ], [ 125.557148682700003, -9.0353514264, 325.0 ], [ 125.557145047399999, -9.035361504700001, 325.0 ], [ 125.557138959699998, -9.0353899028, 325.0 ], [ 125.557133259899999, -9.0353982941, 325.0 ], [ 125.557115869900002, -9.0354040829, 325.0 ], [ 125.5571010723, -9.035404419700001, 325.0 ], [ 125.557096937200001, -9.0354057899, 325.0 ], [ 125.557096324100002, -9.0354080544, 325.0 ], [ 125.557104856300001, -9.035419257899999, 325.0 ], [ 125.557105717699997, -9.035425891399999, 325.0 ], [ 125.557114358899994, -9.035449050900001, 325.0 ], [ 125.557114556100004, -9.035458671700001, 325.0 ], [ 125.557112049200001, -9.0354671029, 325.0 ], [ 125.557106321299997, -9.0354770364, 325.0 ], [ 125.557082748200003, -9.035496869099999, 325.0 ], [ 125.557089988599998, -9.035515482499999, 325.0 ], [ 125.557100851200005, -9.035531562899999, 325.0 ], [ 125.557100964200004, -9.0355349846, 325.0 ], [ 125.557098383400003, -9.0355408951, 325.0 ], [ 125.557084683300005, -9.0355628271, 325.0 ], [ 125.557076266699994, -9.0355712089, 325.0 ], [ 125.557066107500006, -9.0355787217, 325.0 ], [ 125.557048135800002, -9.035583084700001, 325.0 ], [ 125.557041827899994, -9.0355883785, 325.0 ], [ 125.557034235700002, -9.0356050772, 325.0 ], [ 125.557022156100004, -9.035620573299999, 325.0 ], [ 125.5570101892, -9.035629162899999, 325.0 ], [ 125.556991831800005, -9.0356356508, 325.0 ], [ 125.556981960900004, -9.035642772299999, 325.0 ], [ 125.556968284199996, -9.035661105300001, 325.0 ], [ 125.556952336400002, -9.0356793407, 325.0 ], [ 125.556946805300001, -9.035689226200001, 325.0 ], [ 125.556943193500004, -9.035698591299999, 325.0 ], [ 125.556940022, -9.0357179692, 325.0 ], [ 125.556942729599996, -9.0357346061, 325.0 ], [ 125.556950444799995, -9.035748888500001, 325.0 ], [ 125.556959132800003, -9.0357584764, 325.0 ], [ 125.556974554799993, -9.0357699176, 325.0 ], [ 125.556984945099998, -9.035785836800001, 325.0 ], [ 125.557013965799996, -9.0358208425, 325.0 ], [ 125.557044005899996, -9.0358453894, 325.0 ], [ 125.557060607799997, -9.035856891, 325.0 ], [ 125.557074669499997, -9.0358692854, 325.0 ], [ 125.557089480599998, -9.035877186900001, 325.0 ], [ 125.557084912700006, -9.0358798191, 325.0 ], [ 125.557068139699993, -9.0358842908, 325.0 ], [ 125.557048536, -9.0358865886, 325.0 ], [ 125.556978558799997, -9.0358993147, 325.0 ], [ 125.556942, -9.0359127154, 325.0 ], [ 125.556884742099996, -9.0359757286, 325.0 ], [ 125.556875389300004, -9.035984210800001, 325.0 ], [ 125.556857964200006, -9.035995511499999, 325.0 ], [ 125.556796480800003, -9.036020394199999, 325.0 ], [ 125.556790643300005, -9.036025331599999, 325.0 ], [ 125.556787232299996, -9.0360325686, 325.0 ], [ 125.556785103799996, -9.0360411845, 325.0 ], [ 125.556788493400006, -9.036058321, 325.0 ], [ 125.556803269699998, -9.0360929868, 325.0 ], [ 125.556819417400007, -9.0361249155, 325.0 ], [ 125.556838602200003, -9.0361601696, 325.0 ], [ 125.556856749600001, -9.036187616799999, 325.0 ], [ 125.556869772300004, -9.036211932700001, 325.0 ], [ 125.556873464399999, -9.036224301, 325.0 ], [ 125.556873585399998, -9.0362326252, 325.0 ], [ 125.556871674800007, -9.036239247, 325.0 ], [ 125.556867009599998, -9.0362456314, 325.0 ], [ 125.556850638399993, -9.0362523126, 325.0 ], [ 125.556823167299996, -9.0362508935, 325.0 ], [ 125.556804458499997, -9.036252322099999, 325.0 ], [ 125.5567720974, -9.0362624241, 325.0 ], [ 125.556744302, -9.0362637135, 325.0 ], [ 125.556735819799997, -9.0362659591, 325.0 ], [ 125.556727042, -9.036270724, 325.0 ], [ 125.556721024200002, -9.0362772827, 325.0 ], [ 125.556717514599995, -9.0362853475, 325.0 ], [ 125.5567157662, -9.0362946443, 325.0 ], [ 125.556715332600007, -9.036386339, 325.0 ], [ 125.556710418600005, -9.0364010203, 325.0 ], [ 125.556706359700001, -9.0364038819, 325.0 ], [ 125.556701719200007, -9.036404442, 325.0 ], [ 125.556694032099998, -9.0364045039, 325.0 ], [ 125.556684007499996, -9.0364010864, 325.0 ], [ 125.556673260599993, -9.036392616300001, 325.0 ], [ 125.556662193400001, -9.0363758864, 325.0 ], [ 125.556653870399998, -9.036366256699999, 325.0 ], [ 125.556628178799997, -9.036354408199999, 325.0 ], [ 125.556618556100005, -9.036346934699999, 325.0 ], [ 125.556611849600003, -9.0363368722, 325.0 ], [ 125.556591150100004, -9.036293986800001, 325.0 ], [ 125.556582333099996, -9.036281352, 325.0 ], [ 125.556575269, -9.0362749377, 325.0 ], [ 125.556539781, -9.036255503, 325.0 ], [ 125.556516303, -9.036249247300001, 325.0 ], [ 125.556507480099995, -9.036247738, 325.0 ], [ 125.556488233, -9.0362499204, 325.0 ], [ 125.556472016200004, -9.036257255, 325.0 ], [ 125.556468450500006, -9.0362615625, 325.0 ], [ 125.556467685699999, -9.036274584, 325.0 ], [ 125.556477198899998, -9.0363057852, 325.0 ], [ 125.556487024299997, -9.0363554472, 325.0 ], [ 125.556488246699999, -9.036388602400001, 325.0 ], [ 125.556494210300002, -9.0364161883, 325.0 ], [ 125.556492696500001, -9.036453504200001, 325.0 ], [ 125.556499033799994, -9.036476793, 325.0 ], [ 125.556499781300005, -9.036485481, 325.0 ], [ 125.556493325899993, -9.036524787299999, 325.0 ], [ 125.556489083200006, -9.0365393305, 325.0 ], [ 125.556480473, -9.0365513712, 325.0 ], [ 125.556472732, -9.03655572, 325.0 ], [ 125.556458047800007, -9.036552460399999, 325.0 ], [ 125.556437355100002, -9.036537925899999, 325.0 ], [ 125.556425092300003, -9.036532275600001, 325.0 ], [ 125.556372023600005, -9.0365227169, 325.0 ], [ 125.556344534800004, -9.0365229493, 325.0 ], [ 125.556324791199998, -9.0365270939, 325.0 ], [ 125.556313534799997, -9.036532265, 325.0 ], [ 125.556305216499993, -9.036537604399999, 325.0 ], [ 125.556275513, -9.036563817599999, 325.0 ], [ 125.556267704600003, -9.0365682656, 325.0 ], [ 125.556256843300005, -9.036571734, 325.0 ], [ 125.556239463099999, -9.0365723961, 325.0 ], [ 125.556227732099998, -9.036568762, 325.0 ], [ 125.556180109099998, -9.036544469200001, 325.0 ], [ 125.556158390600004, -9.036531009100001, 325.0 ], [ 125.556127661800005, -9.0365090579, 325.0 ], [ 125.556110216600004, -9.0365011096, 325.0 ], [ 125.556090414400003, -9.036497478599999, 325.0 ], [ 125.556071201099996, -9.036490283899999, 325.0 ], [ 125.556054199100004, -9.036487553800001, 325.0 ], [ 125.556034670900004, -9.0364894536, 325.0 ], [ 125.556019581200005, -9.036495909299999, 325.0 ], [ 125.556014824900004, -9.0365047453, 325.0 ], [ 125.556010179099999, -9.0365243021, 325.0 ], [ 125.555999656, -9.0365965828, 325.0 ], [ 125.555999022199998, -9.036610034800001, 325.0 ], [ 125.556003651899999, -9.0366371803, 325.0 ], [ 125.556005203599995, -9.036662533499999, 325.0 ], [ 125.556012116600002, -9.036696043599999, 325.0 ], [ 125.556011900300007, -9.0367326165, 325.0 ], [ 125.556014012800006, -9.0367478092, 325.0 ], [ 125.556016837800001, -9.0367559571, 325.0 ], [ 125.556025592699996, -9.036771233, 325.0 ], [ 125.556034209800004, -9.03679233, 325.0 ], [ 125.5560425165, -9.036808256600001, 325.0 ], [ 125.556047644499998, -9.036823315, 325.0 ], [ 125.556047588699997, -9.0368417174, 325.0 ], [ 125.556041930899994, -9.036857979800001, 325.0 ], [ 125.556037931800006, -9.036861871699999, 325.0 ], [ 125.5560336928, -9.0368617911, 325.0 ], [ 125.55601698, -9.036856498800001, 325.0 ], [ 125.555974584099999, -9.036851324300001, 325.0 ], [ 125.555960839099995, -9.0368460113, 325.0 ], [ 125.555951135100003, -9.036837307700001, 325.0 ], [ 125.555945149899998, -9.0368267839, 325.0 ], [ 125.555926394, -9.036800721800001, 325.0 ], [ 125.555894617600003, -9.036767683600001, 325.0 ], [ 125.555864946200003, -9.0367432674, 325.0 ], [ 125.555842715200001, -9.0367302804, 325.0 ], [ 125.555781829799997, -9.036709173, 325.0 ], [ 125.555764434300002, -9.0367063143, 325.0 ], [ 125.555746428199996, -9.0367116625, 325.0 ], [ 125.555701625500006, -9.0367498916, 325.0 ], [ 125.555646079200002, -9.0368075676, 325.0 ], [ 125.555631175299993, -9.0368268877, 325.0 ], [ 125.5556159562, -9.036869879499999, 325.0 ], [ 125.555603212700007, -9.036898773, 325.0 ], [ 125.555567052399994, -9.036943838199999, 325.0 ], [ 125.555555705499998, -9.036964149599999, 325.0 ], [ 125.555553241599995, -9.036972982, 325.0 ], [ 125.555552664, -9.036981582199999, 325.0 ], [ 125.555552933300007, -9.0370093692, 325.0 ], [ 125.555551498200003, -9.0370274546, 325.0 ], [ 125.555544974, -9.0370446051, 325.0 ], [ 125.555534100299994, -9.0370597159, 325.0 ], [ 125.555496319200003, -9.0370919031, 325.0 ], [ 125.555465060100005, -9.037112155499999, 325.0 ], [ 125.555451152700002, -9.037117716899999, 325.0 ], [ 125.555387313899999, -9.0371346028, 325.0 ], [ 125.555383710800001, -9.037137317099999, 325.0 ], [ 125.555373702799997, -9.037151767599999, 325.0 ], [ 125.555364474399994, -9.0371705566, 325.0 ], [ 125.555353472500002, -9.0372100376, 325.0 ], [ 125.555350271500004, -9.0372239982, 325.0 ], [ 125.555350820499996, -9.037226800699999, 325.0 ], [ 125.555367451099997, -9.0372460877, 325.0 ], [ 125.555389581599997, -9.037258999200001, 325.0 ], [ 125.555412416500005, -9.0372800782, 325.0 ], [ 125.555445260200003, -9.0373002736, 325.0 ], [ 125.555478232400006, -9.037315126599999, 325.0 ], [ 125.555485604699996, -9.037325066299999, 325.0 ], [ 125.5554953961, -9.0373444172, 325.0 ], [ 125.555499086, -9.037355171, 325.0 ], [ 125.555499142499997, -9.0373682035, 325.0 ], [ 125.555495008899996, -9.0373728677, 325.0 ], [ 125.555478400200002, -9.0373792601, 325.0 ], [ 125.555440210100002, -9.037385415199999, 325.0 ], [ 125.555430335200001, -9.0373889036, 325.0 ], [ 125.555405715299997, -9.0374040114, 325.0 ], [ 125.555391429500006, -9.0374074474, 325.0 ], [ 125.555385936199997, -9.0374070474, 325.0 ], [ 125.555375067100002, -9.037401487, 325.0 ], [ 125.555357073, -9.037382512700001, 325.0 ], [ 125.555344169799994, -9.0373756342, 325.0 ], [ 125.555300580700006, -9.0373721735, 325.0 ], [ 125.555275241399997, -9.037368497699999, 325.0 ], [ 125.555259340700005, -9.037369202700001, 325.0 ], [ 125.555242850799999, -9.0373743683, 325.0 ], [ 125.555205929899998, -9.0373903219, 325.0 ], [ 125.555148889500003, -9.037403747800001, 325.0 ], [ 125.555132127600004, -9.0374107749, 325.0 ], [ 125.555101956800002, -9.0374391404, 325.0 ], [ 125.555083570099995, -9.0374597547, 325.0 ], [ 125.555078294899999, -9.0374678393, 325.0 ], [ 125.555073087799997, -9.0374792445, 325.0 ], [ 125.555060559500006, -9.037523222800001, 325.0 ], [ 125.555059872, -9.037538982599999, 325.0 ], [ 125.555062466, -9.037557791299999, 325.0 ], [ 125.555061976, -9.0375722641, 325.0 ], [ 125.555049745100007, -9.037645126699999, 325.0 ], [ 125.555044850900003, -9.0376618167, 325.0 ], [ 125.555028630199999, -9.037698779399999, 325.0 ], [ 125.555019065, -9.0377335611, 325.0 ], [ 125.555006182300005, -9.037772245, 325.0 ], [ 125.554994229399995, -9.037819432699999, 325.0 ], [ 125.554990314299999, -9.037851339099999, 325.0 ], [ 125.554979957599997, -9.0378800281, 325.0 ], [ 125.554974951099993, -9.0379002043, 325.0 ], [ 125.554976742500003, -9.037935561099999, 325.0 ], [ 125.554975367799997, -9.037964737, 325.0 ], [ 125.554976670100004, -9.037981841400001, 325.0 ], [ 125.554994304499999, -9.038056066199999, 325.0 ], [ 125.555005065900005, -9.0380841307, 325.0 ], [ 125.555010115300007, -9.0380892423, 325.0 ], [ 125.555024996599997, -9.038099755799999, 325.0 ], [ 125.555038805300001, -9.038122312200001, 325.0 ], [ 125.555048423499997, -9.038130730500001, 325.0 ], [ 125.555058346899997, -9.0381376313, 325.0 ], [ 125.555082900499997, -9.038150209199999, 325.0 ], [ 125.555095490699998, -9.0381538205, 325.0 ], [ 125.555103899700001, -9.0381540586, 325.0 ], [ 125.555154122600001, -9.0381454768, 325.0 ], [ 125.555246991900006, -9.038122442500001, 325.0 ], [ 125.555330008599995, -9.0380942867, 325.0 ], [ 125.555353464700005, -9.0380902736, 325.0 ], [ 125.555370360200001, -9.0380905575, 325.0 ], [ 125.555375465, -9.0380922333, 325.0 ], [ 125.555409961699993, -9.0381208856, 325.0 ], [ 125.555441287899995, -9.0381529694, 325.0 ], [ 125.555451377400004, -9.038161299, 325.0 ], [ 125.5554898245, -9.038202206099999, 325.0 ], [ 125.555495946, -9.038205705199999, 325.0 ], [ 125.555525080099997, -9.038215049, 325.0 ], [ 125.5555337081, -9.038219185899999, 325.0 ], [ 125.555555522299997, -9.038238103699999, 325.0 ], [ 125.555576299, -9.03825347, 325.0 ], [ 125.555594976899997, -9.0382711063, 325.0 ], [ 125.555621112599994, -9.0382991028, 325.0 ], [ 125.555635438600007, -9.0383205027, 325.0 ], [ 125.555638297900003, -9.0383273811, 325.0 ], [ 125.555638901899997, -9.038336086199999, 325.0 ], [ 125.555636526499995, -9.0383449148, 325.0 ], [ 125.555629250600006, -9.038353434, 325.0 ], [ 125.5556100023, -9.0383602487, 325.0 ], [ 125.5555815102, -9.0383615832, 325.0 ], [ 125.555559264600006, -9.0383658122, 325.0 ], [ 125.555541845099995, -9.038367172399999, 325.0 ], [ 125.555508410200005, -9.038361416800001, 325.0 ], [ 125.555491128, -9.0383615757, 325.0 ], [ 125.555476544200005, -9.0383655961, 325.0 ], [ 125.555438063500006, -9.0383809915, 325.0 ], [ 125.555365527600003, -9.038416015599999, 325.0 ], [ 125.555311550100001, -9.038435159900001, 325.0 ], [ 125.555300088099997, -9.038444240700001, 325.0 ], [ 125.555277054200005, -9.038473019, 325.0 ], [ 125.555256550500005, -9.0384878996, 325.0 ], [ 125.555224795399994, -9.0384990851, 325.0 ], [ 125.555184505900002, -9.038521702600001, 325.0 ], [ 125.555130985900007, -9.0385414832, 325.0 ], [ 125.555087143, -9.038563290900001, 325.0 ], [ 125.555047798299995, -9.038588240899999, 325.0 ], [ 125.5549991866, -9.038632576099999, 325.0 ], [ 125.554978104300005, -9.0386489263, 325.0 ], [ 125.554967061200003, -9.038651894499999, 325.0 ], [ 125.554958770900001, -9.038651595, 325.0 ], [ 125.554943165599994, -9.0386440195, 325.0 ], [ 125.554935728900006, -9.038642249900001, 325.0 ], [ 125.554925831800006, -9.038642556199999, 325.0 ], [ 125.554904688500002, -9.0386491758, 325.0 ], [ 125.554887142799998, -9.038656961199999, 325.0 ], [ 125.554885496300003, -9.038658939, 325.0 ], [ 125.554875906500001, -9.038675169399999, 325.0 ], [ 125.554872056400001, -9.038685988899999, 325.0 ], [ 125.554864930899996, -9.038727400200001, 325.0 ], [ 125.554864951900001, -9.038745773600001, 325.0 ], [ 125.554870175100007, -9.038763446400001, 325.0 ], [ 125.554864110899999, -9.038782061299999, 325.0 ], [ 125.554863154399996, -9.038791352300001, 325.0 ], [ 125.554861142600004, -9.038828824499999, 325.0 ], [ 125.554862226799997, -9.0388558371, 325.0 ], [ 125.554860478699993, -9.038883073799999, 325.0 ], [ 125.554861398599996, -9.038902648900001, 325.0 ], [ 125.554859771400004, -9.0389117204, 325.0 ], [ 125.554855816699998, -9.0389216878, 325.0 ], [ 125.554837163100004, -9.038955464500001, 325.0 ], [ 125.554831921, -9.038971167, 325.0 ], [ 125.554808395699993, -9.039148511500001, 325.0 ], [ 125.554795073299999, -9.039188920799999, 325.0 ], [ 125.554794450599999, -9.0391983077, 325.0 ], [ 125.554800684200004, -9.0392263925, 325.0 ], [ 125.554800554899998, -9.039236965200001, 325.0 ], [ 125.554790195400003, -9.039251398199999, 325.0 ], [ 125.554782057699995, -9.039258481899999, 325.0 ], [ 125.554746326100002, -9.0392774653, 325.0 ], [ 125.554714093499996, -9.039290446400001, 325.0 ], [ 125.554706913700002, -9.0392960809, 325.0 ], [ 125.554697675200003, -9.039306360499999, 325.0 ], [ 125.554692914, -9.039315044, 325.0 ], [ 125.554689595699998, -9.039325202700001, 325.0 ], [ 125.554690474200001, -9.039340728499999, 325.0 ], [ 125.554709624400004, -9.0393746771, 325.0 ], [ 125.554712723700007, -9.0393852649, 325.0 ], [ 125.554712050199996, -9.0393996322, 325.0 ], [ 125.5547089011, -9.0394064347, 325.0 ], [ 125.554703470099994, -9.039413443100001, 325.0 ], [ 125.5546910873, -9.0394233532, 325.0 ], [ 125.554674424, -9.039432147699999, 325.0 ], [ 125.554647985100004, -9.0394432523, 325.0 ], [ 125.554638735400005, -9.039448285900001, 325.0 ], [ 125.554630737, -9.039455284900001, 325.0 ], [ 125.554628124399997, -9.0394636726, 325.0 ], [ 125.554627988700005, -9.039472032700001, 325.0 ], [ 125.554639114099999, -9.0394979986, 325.0 ], [ 125.554641188700003, -9.039511554900001, 325.0 ], [ 125.554640585900003, -9.039520119, 325.0 ], [ 125.554634352099995, -9.0395321541, 325.0 ], [ 125.554608780400002, -9.0395578715, 325.0 ], [ 125.554594762199997, -9.0395680715, 325.0 ], [ 125.554584415899996, -9.039573352, 325.0 ], [ 125.554572642899998, -9.039577225, 325.0 ], [ 125.554564248, -9.0395782528, 325.0 ], [ 125.554539557799998, -9.0395721075, 325.0 ], [ 125.554521429199994, -9.0395722644, 325.0 ], [ 125.554511751099994, -9.0395749603, 325.0 ], [ 125.554493777900007, -9.0395849949, 325.0 ], [ 125.554475067599995, -9.039592791, 325.0 ], [ 125.554464090099998, -9.039595261900001, 325.0 ], [ 125.554428076700006, -9.039599039200001, 325.0 ], [ 125.554405285100003, -9.0396045062, 325.0 ], [ 125.554396037399997, -9.039608189799999, 325.0 ], [ 125.554386846300005, -9.039613448100001, 325.0 ], [ 125.554380204599994, -9.039620187100001, 325.0 ], [ 125.554374617099995, -9.0396288557, 325.0 ], [ 125.5543612572, -9.0396612698, 325.0 ], [ 125.554348505700005, -9.0396839902, 325.0 ], [ 125.554331723199994, -9.039700317799999, 325.0 ], [ 125.554297344700004, -9.039722022499999, 325.0 ], [ 125.5542919727, -9.039728049600001, 325.0 ], [ 125.554287755600001, -9.0397444165, 325.0 ], [ 125.554286404699994, -9.0398088256, 325.0 ], [ 125.554286861400001, -9.039817431199999, 325.0 ], [ 125.554298588400002, -9.0398576038, 325.0 ], [ 125.554297983, -9.0398724785, 325.0 ], [ 125.554294214899997, -9.039888277099999, 325.0 ], [ 125.554292846, -9.039905255900001, 325.0 ], [ 125.554293897400001, -9.039911849299999, 325.0 ], [ 125.554299255800004, -9.0399227208, 325.0 ], [ 125.554302213300005, -9.0399355862, 325.0 ], [ 125.554296485899997, -9.039968396200001, 325.0 ], [ 125.554297426100007, -9.039988832800001, 325.0 ], [ 125.554309190699996, -9.0400142398, 325.0 ], [ 125.5543174206, -9.0400233718, 325.0 ], [ 125.554331200299998, -9.040030033600001, 325.0 ], [ 125.554362365700001, -9.0400410212, 325.0 ], [ 125.554373140199999, -9.0400492364, 325.0 ], [ 125.554376019499998, -9.040054444, 325.0 ], [ 125.554377029899996, -9.040062067699999, 325.0 ], [ 125.554375449099993, -9.0400708952, 325.0 ], [ 125.554363628700003, -9.0400968948, 325.0 ], [ 125.554361985900002, -9.0401061098, 325.0 ], [ 125.554362636700006, -9.0401149612, 325.0 ], [ 125.554366933400004, -9.0401308583, 325.0 ], [ 125.554367205800006, -9.040140325799999, 325.0 ], [ 125.554364241399995, -9.040148048400001, 325.0 ], [ 125.554358559600004, -9.040156592900001, 325.0 ], [ 125.554352461400001, -9.040161614700001, 325.0 ], [ 125.5543448162, -9.0401659834, 325.0 ], [ 125.554307751, -9.0401802801, 325.0 ], [ 125.554289744299993, -9.040189164399999, 325.0 ], [ 125.554282536, -9.040194039199999, 325.0 ], [ 125.554260721099993, -9.040218728, 325.0 ], [ 125.554245995, -9.040228900200001, 325.0 ], [ 125.554208814800006, -9.040249533600001, 325.0 ], [ 125.554196003900003, -9.040263253, 325.0 ], [ 125.554172825899997, -9.040296639799999, 325.0 ], [ 125.554166985600006, -9.0403066368, 325.0 ], [ 125.554161583, -9.040324996400001, 325.0 ], [ 125.554163688599999, -9.040342392499999, 325.0 ], [ 125.554177906099994, -9.0403981709, 325.0 ], [ 125.554181382099998, -9.040442601, 325.0 ], [ 125.554187721, -9.040474902, 325.0 ], [ 125.554188555099998, -9.040506042600001, 325.0 ], [ 125.554191079, -9.0405273976, 325.0 ], [ 125.554190878499995, -9.040610447300001, 325.0 ], [ 125.554180991300001, -9.040650884, 325.0 ], [ 125.554181114599999, -9.040687178900001, 325.0 ], [ 125.554185189699993, -9.040703454200001, 325.0 ], [ 125.554192813399993, -9.0407226161, 325.0 ], [ 125.554196523499996, -9.040756700199999, 325.0 ], [ 125.554203171699996, -9.0407757735, 325.0 ], [ 125.554214721299999, -9.0408432337, 325.0 ], [ 125.554221895500007, -9.040857625, 325.0 ], [ 125.554231454299995, -9.0408717646, 325.0 ], [ 125.554236816, -9.0409131701, 325.0 ], [ 125.554239987, -9.0409192108, 325.0 ], [ 125.554244916, -9.0409239982, 325.0 ], [ 125.554250717800002, -9.0409269956, 325.0 ], [ 125.554265768500002, -9.040930904, 325.0 ], [ 125.554277828400004, -9.0409377198, 325.0 ], [ 125.554298354799997, -9.0409615274, 325.0 ], [ 125.554318648800006, -9.0409771737, 325.0 ], [ 125.554346481099998, -9.040994275599999, 325.0 ], [ 125.554356921700006, -9.0410031482, 325.0 ], [ 125.554395508599995, -9.0410458095, 325.0 ], [ 125.554402069399998, -9.0410560461, 325.0 ], [ 125.554406780600004, -9.0410715548, 325.0 ], [ 125.554406860399993, -9.041099175799999, 325.0 ], [ 125.554408085099993, -9.0411073584, 325.0 ], [ 125.554412686399999, -9.041119699499999, 325.0 ], [ 125.554423369600002, -9.041136510099999, 325.0 ], [ 125.554427904099995, -9.0411524881, 325.0 ], [ 125.554431137099996, -9.0411874031, 325.0 ], [ 125.554430331, -9.0412237051, 325.0 ], [ 125.554433338099997, -9.041244846, 325.0 ], [ 125.554432213200002, -9.041276398700001, 325.0 ], [ 125.554433908099995, -9.041288618599999, 325.0 ], [ 125.554446434300004, -9.0413143293, 325.0 ], [ 125.554469279, -9.041351931, 325.0 ], [ 125.554472057799998, -9.0413514655, 325.0 ], [ 125.554493673600007, -9.041335333, 325.0 ], [ 125.554504367899995, -9.041331340899999, 325.0 ], [ 125.554531775399994, -9.041328615099999, 325.0 ], [ 125.554545816300006, -9.041331771599999, 325.0 ], [ 125.554583684299999, -9.041348582, 325.0 ], [ 125.554588255900001, -9.0413530104, 325.0 ], [ 125.554590672499998, -9.041359141, 325.0 ], [ 125.554587782300004, -9.041378680099999, 325.0 ], [ 125.5545801058, -9.041398407499999, 325.0 ], [ 125.554548026600003, -9.041453752, 325.0 ], [ 125.554541837, -9.0414619463, 325.0 ], [ 125.554497980099995, -9.0414869508, 325.0 ], [ 125.554462738799998, -9.041498220099999, 325.0 ], [ 125.554434386300002, -9.041509835899999, 325.0 ], [ 125.5544246706, -9.041515973499999, 325.0 ], [ 125.554418166900007, -9.041522331, 325.0 ], [ 125.554412425099997, -9.0415352662, 325.0 ], [ 125.554410177500003, -9.041550778, 325.0 ], [ 125.554408844899996, -9.041578749399999, 325.0 ], [ 125.554409605299995, -9.0415965742, 325.0 ], [ 125.554415273800004, -9.0416284617, 325.0 ], [ 125.554418742600006, -9.0416404813, 325.0 ], [ 125.55442341, -9.0416510831, 325.0 ], [ 125.554902993300004, -9.0419463109, 325.0 ], [ 125.554916557300004, -9.0420036562, 325.0 ], [ 125.554978499399994, -9.0419891784, 325.0 ], [ 125.555186561699998, -9.0428688142, 325.0 ], [ 125.555164439500004, -9.0428739849, 325.0 ], [ 125.555164439500004, -9.0428739849, 325.0 ], [ 125.555164092400005, -9.0428740676, 325.0 ], [ 125.555163746, -9.0428741534, 325.0 ], [ 125.555163400300003, -9.0428742421, 325.0 ], [ 125.555163055500003, -9.0428743338, 325.0 ], [ 125.555162711500003, -9.042874428599999, 325.0 ], [ 125.555162368300003, -9.0428745263, 325.0 ], [ 125.555162026, -9.0428746269, 325.0 ], [ 125.555161684599994, -9.042874730599999, 325.0 ], [ 125.5551613441, -9.042874837199999, 325.0 ], [ 125.555161004599995, -9.0428749467, 325.0 ], [ 125.555160666, -9.0428750592, 325.0 ], [ 125.555160328499994, -9.042875174600001, 325.0 ], [ 125.555159991899998, -9.042875293, 325.0 ], [ 125.555159656399994, -9.042875414199999, 325.0 ], [ 125.555159322, -9.042875538400001, 325.0 ], [ 125.555158988700001, -9.0428756654, 325.0 ], [ 125.5551586566, -9.042875795400001, 325.0 ], [ 125.555158325500003, -9.042875928200001, 325.0 ], [ 125.5551579957, -9.0428760639, 325.0 ], [ 125.555157667100005, -9.0428762025, 325.0 ], [ 125.555157339700003, -9.0428763438, 325.0 ], [ 125.555157013499993, -9.042876488099999, 325.0 ], [ 125.555156688599993, -9.042876635100001, 325.0 ], [ 125.555156365, -9.042876785, 325.0 ], [ 125.555156042799993, -9.042876937600001, 325.0 ], [ 125.555155721899993, -9.0428770931, 325.0 ], [ 125.555155402400004, -9.0428772513, 325.0 ], [ 125.555155084299997, -9.042877412299999, 325.0 ], [ 125.555154767600001, -9.0428775761, 325.0 ], [ 125.555154452300002, -9.0428777426, 325.0 ], [ 125.555154138600003, -9.0428779118, 325.0 ], [ 125.5551538263, -9.0428780837, 325.0 ], [ 125.555153515599997, -9.0428782584, 325.0 ], [ 125.555153206400007, -9.0428784357, 325.0 ], [ 125.555152898700001, -9.042878615699999, 325.0 ], [ 125.555152592699997, -9.0428787984, 325.0 ], [ 125.555152288200006, -9.0428789837, 325.0 ], [ 125.555151985500004, -9.042879171599999, 325.0 ], [ 125.5551516843, -9.042879362200001, 325.0 ], [ 125.5551513849, -9.042879555300001, 325.0 ], [ 125.555151087200002, -9.042879751099999, 325.0 ], [ 125.555150791100004, -9.0428799494, 325.0 ], [ 125.555150496899998, -9.0428801503, 325.0 ], [ 125.555150204399993, -9.042880353799999, 325.0 ], [ 125.555149913700006, -9.0428805598, 325.0 ], [ 125.555149624899997, -9.0428807682, 325.0 ], [ 125.555149337800003, -9.0428809792, 325.0 ], [ 125.555149052700003, -9.042881192699999, 325.0 ], [ 125.555148769400006, -9.0428814086, 325.0 ], [ 125.555148488, -9.042881627, 325.0 ], [ 125.555148208600002, -9.0428818478, 325.0 ], [ 125.555147931099995, -9.042882071, 325.0 ], [ 125.555147655599995, -9.0428822966, 325.0 ], [ 125.555147382100003, -9.0428825247, 325.0 ], [ 125.555147110500002, -9.042882755, 325.0 ], [ 125.555146841099997, -9.042882987700001, 325.0 ], [ 125.555146573599998, -9.0428832228, 325.0 ], [ 125.555146308299996, -9.042883460100001, 325.0 ], [ 125.555146045, -9.042883699800001, 325.0 ], [ 125.555145783900002, -9.0428839417, 325.0 ], [ 125.555145524799997, -9.0428841859, 325.0 ], [ 125.555145268, -9.042884432299999, 325.0 ], [ 125.555145013300006, -9.042884681, 325.0 ], [ 125.555144760800005, -9.0428849318, 325.0 ], [ 125.5551445105, -9.042885184799999, 325.0 ], [ 125.555144262400006, -9.04288544, 325.0 ], [ 125.555144016599996, -9.042885697299999, 325.0 ], [ 125.555143773099999, -9.042885956799999, 325.0 ], [ 125.555143531900001, -9.0428862183, 325.0 ], [ 125.555143292899999, -9.0428864819, 325.0 ], [ 125.555143056299997, -9.042886747600001, 325.0 ], [ 125.555142822, -9.0428870154, 325.0 ], [ 125.555142590100004, -9.042887285100001, 325.0 ], [ 125.5551423605, -9.0428875569, 325.0 ], [ 125.555142133399997, -9.0428878306, 325.0 ], [ 125.555141908699994, -9.0428881063, 325.0 ], [ 125.555141686300004, -9.042888383899999, 325.0 ], [ 125.555141466500004, -9.042888663499999, 325.0 ], [ 125.555141249100004, -9.042888945, 325.0 ], [ 125.555141034200005, -9.0428892283, 325.0 ], [ 125.555140821699993, -9.0428895135, 325.0 ], [ 125.555140611799999, -9.042889800499999, 325.0 ], [ 125.555140404400007, -9.0428900893, 325.0 ], [ 125.555140199600004, -9.042890379899999, 325.0 ], [ 125.555139997300003, -9.0428906723, 325.0 ], [ 125.555139797600006, -9.0428909664, 325.0 ], [ 125.555139600499999, -9.0428912623, 325.0 ], [ 125.555139405899993, -9.042891559799999, 325.0 ], [ 125.555139214, -9.042891859, 325.0 ], [ 125.555139024799999, -9.042892159899999, 325.0 ], [ 125.555138838199994, -9.042892462399999, 325.0 ], [ 125.555138654199993, -9.0428927665, 325.0 ], [ 125.555138472899998, -9.0428930722, 325.0 ], [ 125.555138294399995, -9.042893379400001, 325.0 ], [ 125.555138118499997, -9.0428936882, 325.0 ], [ 125.555137945300004, -9.0428939985, 325.0 ], [ 125.555137774900004, -9.042894310299999, 325.0 ], [ 125.555137607199995, -9.042894623600001, 325.0 ], [ 125.555137442299994, -9.0428949383, 325.0 ], [ 125.555137280099999, -9.042895254399999, 325.0 ], [ 125.555137120699996, -9.042895571900001, 325.0 ], [ 125.555136964100001, -9.042895890800001, 325.0 ], [ 125.555136810299999, -9.0428962111, 325.0 ], [ 125.555136659400006, -9.0428965326, 325.0 ], [ 125.555136511200004, -9.0428968555, 325.0 ], [ 125.555136365899997, -9.042897179600001, 325.0 ], [ 125.5551362235, -9.042897505, 325.0 ], [ 125.555136083899995, -9.042897831599999, 325.0 ], [ 125.5551359472, -9.0428981594, 325.0 ], [ 125.5551358134, -9.042898488300001, 325.0 ], [ 125.555135682400007, -9.042898818399999, 325.0 ], [ 125.555135554399996, -9.0428991497, 325.0 ], [ 125.555135429299995, -9.042899482, 325.0 ], [ 125.555135307100002, -9.0428998154, 325.0 ], [ 125.555135187800005, -9.042900149899999, 325.0 ], [ 125.555135071500004, -9.042900485400001, 325.0 ], [ 125.555134958099998, -9.0429008219, 325.0 ], [ 125.555134847700003, -9.042901159299999, 325.0 ], [ 125.555134740200003, -9.042901497700001, 325.0 ], [ 125.5551346357, -9.042901837, 325.0 ], [ 125.555134534199993, -9.0429021772, 325.0 ], [ 125.555134435699998, -9.0429025183, 325.0 ], [ 125.555134340199999, -9.0429028602, 325.0 ], [ 125.555134247699996, -9.0429032029, 325.0 ], [ 125.555134158200005, -9.0429035465, 325.0 ], [ 125.555134071799998, -9.0429038907, 325.0 ], [ 125.5551339883, -9.0429042358, 325.0 ], [ 125.5551339079, -9.0429045815, 325.0 ], [ 125.555133830499997, -9.0429049279, 325.0 ], [ 125.555133756199993, -9.042905275, 325.0 ], [ 125.555133684899999, -9.042905622699999, 325.0 ], [ 125.555133616700004, -9.042905971, 325.0 ], [ 125.555133551500006, -9.0429063199, 325.0 ], [ 125.555133489400006, -9.042906669300001, 325.0 ], [ 125.555133430400005, -9.042907019299999, 325.0 ], [ 125.555133374500002, -9.0429073698, 325.0 ], [ 125.555133321599996, -9.042907720700001, 325.0 ], [ 125.555133271800003, -9.042908072099999, 325.0 ], [ 125.555133225099993, -9.0429084239, 325.0 ], [ 125.555133181499997, -9.042908776100001, 325.0 ], [ 125.555133140899997, -9.0429091286, 325.0 ], [ 125.555133103499998, -9.042909481500001, 325.0 ], [ 125.555133069199996, -9.0429098347, 325.0 ], [ 125.555133037900006, -9.0429101882, 325.0 ], [ 125.555133009800002, -9.042910542, 325.0 ], [ 125.555132984799997, -9.0429108959, 325.0 ], [ 125.555132962900004, -9.0429112501, 325.0 ], [ 125.555132944099995, -9.0429116045, 325.0 ], [ 125.555132928399999, -9.042911959, 325.0 ], [ 125.555132915800002, -9.0429123136, 325.0 ], [ 125.555132906400004, -9.0429126683, 325.0 ], [ 125.5551329, -9.042913023100001, 325.0 ], [ 125.555132896800004, -9.042913378, 325.0 ], [ 125.555132896700002, -9.042913732800001, 325.0 ], [ 125.555132899699998, -9.0429140877, 325.0 ], [ 125.555132905799994, -9.042914442500001, 325.0 ], [ 125.555132915, -9.0429147972, 325.0 ], [ 125.555132927399995, -9.042915151800001, 325.0 ], [ 125.5551329428, -9.0429155064, 325.0 ], [ 125.555132961400005, -9.042915860700001, 325.0 ], [ 125.555132983099995, -9.0429162149, 325.0 ], [ 125.555133007899997, -9.042916568900001, 325.0 ], [ 125.555133035799997, -9.0429169227, 325.0 ], [ 125.555133066799996, -9.042917276200001, 325.0 ], [ 125.555133100899994, -9.0429176294, 325.0 ], [ 125.555133138100004, -9.042917982300001, 325.0 ], [ 125.555133178399998, -9.0429183349, 325.0 ], [ 125.555133221700004, -9.0429186871, 325.0 ], [ 125.555133268199995, -9.042919039, 325.0 ], [ 125.555133317799999, -9.0429193904, 325.0 ], [ 125.5551333704, -9.0429197414, 325.0 ], [ 125.555133426200001, -9.042920091899999, 325.0 ], [ 125.555133485, -9.0429204419, 325.0 ], [ 125.555133546799993, -9.0429207913, 325.0 ], [ 125.555133611800002, -9.042921140300001, 325.0 ], [ 125.555133679799994, -9.042921488599999, 325.0 ], [ 125.555133750799996, -9.0429218364, 325.0 ], [ 125.555133824899997, -9.0429221835, 325.0 ], [ 125.555133902099996, -9.04292253, 325.0 ], [ 125.555133982300006, -9.0429228757, 325.0 ], [ 125.555133982300006, -9.0429228757, 325.0 ], [ 125.555145304700005, -9.0429707437, 325.0 ], [ 125.552724319, -9.043887227500001, 325.0 ] ] } },
{ "type": "Feature", "properties": { "Name": null, "description": "KMAJOR", "timestamp": null, "begin": null, "end": null, "altitudeMode": null, "tessellate": 1, "extrude": 0, "visibility": -1, "drawOrder": null, "icon": null }, "geometry": { "type": "LineString", "coordinates": [ [ 125.553436283500005, -9.0493997617, 325.0 ], [ 125.553482738200003, -9.0493904472, 325.0 ], [ 125.553516913899998, -9.049378133599999, 325.0 ], [ 125.553562828500006, -9.0493644061, 325.0 ], [ 125.553599751899995, -9.0493557525, 325.0 ], [ 125.553618898699995, -9.0493529413, 325.0 ], [ 125.553692759599997, -9.0493501449, 325.0 ], [ 125.553724404700006, -9.049342253700001, 325.0 ], [ 125.553763048, -9.049337613300001, 325.0 ], [ 125.553783116899993, -9.049333278600001, 325.0 ], [ 125.553799606, -9.0493278638, 325.0 ], [ 125.553806752699998, -9.049324008799999, 325.0 ], [ 125.553826216800005, -9.049309213900001, 325.0 ], [ 125.553833882299998, -9.0493006196, 325.0 ], [ 125.553838980699993, -9.049291867599999, 325.0 ], [ 125.553844912100004, -9.0492730879, 325.0 ], [ 125.553847266199995, -9.0492538177, 325.0 ], [ 125.553845656199996, -9.049236393599999, 325.0 ], [ 125.553838631900007, -9.04921278, 325.0 ], [ 125.553835961700003, -9.0491964703, 325.0 ], [ 125.553836831699996, -9.049178125499999, 325.0 ], [ 125.553845147199993, -9.0491185564, 325.0 ], [ 125.553843926499994, -9.049101111500001, 325.0 ], [ 125.553836351900003, -9.049059868800001, 325.0 ], [ 125.553822128099995, -9.049012360600001, 325.0 ], [ 125.553808864, -9.048973715100001, 325.0 ], [ 125.553802126899996, -9.0489599059, 325.0 ], [ 125.553794975900004, -9.048950013600001, 325.0 ], [ 125.55378068, -9.048935823500001, 325.0 ], [ 125.553756214299995, -9.048916955099999, 325.0 ], [ 125.553741680300007, -9.048903877300001, 325.0 ], [ 125.553720457500006, -9.0488796888, 325.0 ], [ 125.553709564499997, -9.0488607384, 325.0 ], [ 125.553695635, -9.0488226245, 325.0 ], [ 125.553665719700007, -9.0487713408, 325.0 ], [ 125.553661565100001, -9.048757906200001, 325.0 ], [ 125.553657555, -9.048732623499999, 325.0 ], [ 125.553651713500003, -9.0487109264, 325.0 ], [ 125.553622949599998, -9.0486324728, 325.0 ], [ 125.553604963500007, -9.0485962149, 325.0 ], [ 125.553600026400005, -9.0485807113, 325.0 ], [ 125.553593726100004, -9.0485520748, 325.0 ], [ 125.553585086200002, -9.048543349299999, 325.0 ], [ 125.553566782900006, -9.048533175, 325.0 ], [ 125.553562046600007, -9.0485289376, 325.0 ], [ 125.553556510500002, -9.0485186454, 325.0 ], [ 125.553557555599994, -9.0485071681, 325.0 ], [ 125.553563580200006, -9.048481239499999, 325.0 ], [ 125.553561698400003, -9.0484645209, 325.0 ], [ 125.553553185400006, -9.0484483346, 325.0 ], [ 125.553547881599997, -9.048434708, 325.0 ], [ 125.553540338800005, -9.0483937691, 325.0 ], [ 125.553525487300007, -9.048354766499999, 325.0 ], [ 125.553519915, -9.0483352017, 325.0 ], [ 125.553507513, -9.0483102861, 325.0 ], [ 125.553489862600003, -9.0482651869, 325.0 ], [ 125.553462334, -9.0482296136, 325.0 ], [ 125.553411653500007, -9.048189731700001, 325.0 ], [ 125.553394013200005, -9.048171121499999, 325.0 ], [ 125.5533606499, -9.0481397842, 325.0 ], [ 125.553349846900005, -9.048124912900001, 325.0 ], [ 125.553339949800005, -9.0481049432, 325.0 ], [ 125.553318670400003, -9.0480438591, 325.0 ], [ 125.553299247300004, -9.0479384855, 325.0 ], [ 125.553285742200003, -9.0478866683, 325.0 ], [ 125.553263655600006, -9.0477721644, 325.0 ], [ 125.553248634599996, -9.0477059428, 325.0 ], [ 125.553241619700003, -9.047680183500001, 325.0 ], [ 125.553235997, -9.0476674689, 325.0 ], [ 125.553210840099993, -9.047626804, 325.0 ], [ 125.553203318200005, -9.0476171203, 325.0 ], [ 125.553194213699996, -9.047608691900001, 325.0 ], [ 125.55313736, -9.0475810055, 325.0 ], [ 125.553093291, -9.047556764799999, 325.0 ], [ 125.553075888500004, -9.0475452642, 325.0 ], [ 125.553046983300007, -9.047519959, 325.0 ], [ 125.553023006199993, -9.0474912301, 325.0 ], [ 125.553007835299994, -9.0474758948, 325.0 ], [ 125.552993308200001, -9.0474554548, 325.0 ], [ 125.552968615, -9.0474351434, 325.0 ], [ 125.552950261500001, -9.047417209100001, 325.0 ], [ 125.552939525699998, -9.0473999385, 325.0 ], [ 125.552935180399999, -9.047383377199999, 325.0 ], [ 125.552941327, -9.04736801, 325.0 ], [ 125.552948136300003, -9.0473642525, 325.0 ], [ 125.552954442399994, -9.0473624069, 325.0 ], [ 125.553032035200005, -9.047352780100001, 325.0 ], [ 125.553051353699999, -9.0473486693, 325.0 ], [ 125.553065774399997, -9.0473415841, 325.0 ], [ 125.553081118600005, -9.047325996, 325.0 ], [ 125.553085821799996, -9.0473163636, 325.0 ], [ 125.553088281399994, -9.0473073425, 325.0 ], [ 125.553088165700004, -9.0472894805, 325.0 ], [ 125.553083710400003, -9.0472732334, 325.0 ], [ 125.553065170699995, -9.047228047, 325.0 ], [ 125.553052852199997, -9.0471891991, 325.0 ], [ 125.553054082499997, -9.0471816884, 325.0 ], [ 125.553059731399998, -9.047173855700001, 325.0 ], [ 125.553075686300005, -9.0471651794, 325.0 ], [ 125.5530911962, -9.0471623403, 325.0 ], [ 125.553108707600003, -9.047161399, 325.0 ], [ 125.553117292899998, -9.047159151600001, 325.0 ], [ 125.553128802700002, -9.0471541562, 325.0 ], [ 125.553165440200004, -9.0471293608, 325.0 ], [ 125.553192815200006, -9.0471183467, 325.0 ], [ 125.553202846199994, -9.0471156232, 325.0 ], [ 125.553222071199997, -9.0471131182, 325.0 ], [ 125.553259098300003, -9.0471115615, 325.0 ], [ 125.553316842499996, -9.047106384899999, 325.0 ], [ 125.553344762199998, -9.047097492800001, 325.0 ], [ 125.553373342800001, -9.047084394400001, 325.0 ], [ 125.553394560499996, -9.0470739538, 325.0 ], [ 125.553408862, -9.047064821799999, 325.0 ], [ 125.553454357700005, -9.0470262906, 325.0 ], [ 125.553461385899993, -9.047018419700001, 325.0 ], [ 125.553470887900005, -9.0470040077, 325.0 ], [ 125.553483719799999, -9.0469708969, 325.0 ], [ 125.553489085, -9.0469414926, 325.0 ], [ 125.553488829399996, -9.046923741900001, 325.0 ], [ 125.553487142899996, -9.046914534200001, 325.0 ], [ 125.553479588200005, -9.0468915316, 325.0 ], [ 125.5534684844, -9.046869234400001, 325.0 ], [ 125.553451237800004, -9.0468402468, 325.0 ], [ 125.553440916400007, -9.0468112354, 325.0 ], [ 125.553437973900003, -9.0467950732, 325.0 ], [ 125.553439622200003, -9.0467478643, 325.0 ], [ 125.553438712100004, -9.0467299736, 325.0 ], [ 125.553436484900004, -9.0467074173, 325.0 ], [ 125.553431371100004, -9.0466890935, 325.0 ], [ 125.553416680500007, -9.0466558419, 325.0 ], [ 125.553409952799996, -9.0466454309, 325.0 ], [ 125.553397727800004, -9.0466308378, 325.0 ], [ 125.553387277200002, -9.046611516500001, 325.0 ], [ 125.553382626100003, -9.0465962192, 325.0 ], [ 125.553379227099995, -9.0465769687, 325.0 ], [ 125.553365703599994, -9.046532432099999, 325.0 ], [ 125.553360717199993, -9.046521595, 325.0 ], [ 125.553353014099997, -9.046511225, 325.0 ], [ 125.553335355800002, -9.0464921642, 325.0 ], [ 125.553302287899996, -9.046461343200001, 325.0 ], [ 125.55326767, -9.0464342606, 325.0 ], [ 125.5532566989, -9.046424079499999, 325.0 ], [ 125.553250664199993, -9.046415935100001, 325.0 ], [ 125.553240554400006, -9.0463860602, 325.0 ], [ 125.553239560500003, -9.0463780522, 325.0 ], [ 125.553242215300003, -9.046359511, 325.0 ], [ 125.553247044399996, -9.046350181899999, 325.0 ], [ 125.553253857900003, -9.0463424865, 325.0 ], [ 125.553263141100004, -9.046336264800001, 325.0 ], [ 125.553286785899999, -9.0463277531, 325.0 ], [ 125.553313796400005, -9.0463134945, 325.0 ], [ 125.553322346, -9.0463104047, 325.0 ], [ 125.553329019100005, -9.046310076299999, 325.0 ], [ 125.553346234100005, -9.0463141192, 325.0 ], [ 125.553414556299998, -9.046321536500001, 325.0 ], [ 125.553438265500006, -9.0463268099, 325.0 ], [ 125.553486184299999, -9.046341080199999, 325.0 ], [ 125.553545900399996, -9.0463682706, 325.0 ], [ 125.553560502500005, -9.0463740159, 325.0 ], [ 125.553577066299994, -9.046378385500001, 325.0 ], [ 125.553596284299999, -9.046375895100001, 325.0 ], [ 125.553606066900002, -9.046371902200001, 325.0 ], [ 125.553614561299995, -9.046367439599999, 325.0 ], [ 125.553630584900006, -9.046354004, 325.0 ], [ 125.553642909600001, -9.0463365619, 325.0 ], [ 125.553652593300001, -9.0463112236, 325.0 ], [ 125.553657368900005, -9.0462906732, 325.0 ], [ 125.553658576700002, -9.046265932900001, 325.0 ], [ 125.5536577747, -9.0462481222, 325.0 ], [ 125.553654506499996, -9.0462317265, 325.0 ], [ 125.553635589, -9.0461779004, 325.0 ], [ 125.553625938500005, -9.0461369389, 325.0 ], [ 125.553625113099997, -9.04611954, 325.0 ], [ 125.553627450899995, -9.0461119046, 325.0 ], [ 125.553633539800003, -9.0461049439, 325.0 ], [ 125.553641863400003, -9.0460997766, 325.0 ], [ 125.553675369499999, -9.046084936, 325.0 ], [ 125.553684669299997, -9.0460794668, 325.0 ], [ 125.553702404800006, -9.0460640487, 325.0 ], [ 125.553719435199994, -9.046044139, 325.0 ], [ 125.553739006300006, -9.046028660599999, 325.0 ], [ 125.553800608499998, -9.045998257600001, 325.0 ], [ 125.553821353299995, -9.045984331, 325.0 ], [ 125.553840444399995, -9.04596664, 325.0 ], [ 125.553855285099999, -9.045946752600001, 325.0 ], [ 125.553888564, -9.0458925511, 325.0 ], [ 125.553934445, -9.0458080534, 325.0 ], [ 125.553993653199996, -9.045741898099999, 325.0 ], [ 125.554018710600005, -9.0457108822, 325.0 ], [ 125.554043395299999, -9.045676009299999, 325.0 ], [ 125.554054416499994, -9.0456569082, 325.0 ], [ 125.554076400599996, -9.0456106036, 325.0 ], [ 125.554093333699996, -9.0455860578, 325.0 ], [ 125.554115736499995, -9.0455487025, 325.0 ], [ 125.554150102600005, -9.0455001857, 325.0 ], [ 125.554163502, -9.045475658100001, 325.0 ], [ 125.554167528199997, -9.0454638217, 325.0 ], [ 125.554167667, -9.0454562175, 325.0 ], [ 125.554163007, -9.045450240599999, 325.0 ], [ 125.5541162353, -9.0454517341, 325.0 ], [ 125.554050671400006, -9.045440776, 325.0 ], [ 125.554023660400006, -9.0454385873, 325.0 ], [ 125.5539633004, -9.0454304727, 325.0 ], [ 125.553929727799996, -9.045421534, 325.0 ], [ 125.553891800800002, -9.045404363899999, 325.0 ], [ 125.553855459100006, -9.045392268600001, 325.0 ], [ 125.553801495, -9.045370027100001, 325.0 ], [ 125.553776790399994, -9.045367004399999, 325.0 ], [ 125.553705384899999, -9.0453647005, 325.0 ], [ 125.553681425, -9.045359661899999, 325.0 ], [ 125.553663564499999, -9.045351413400001, 325.0 ], [ 125.553646489599998, -9.0453401504, 325.0 ], [ 125.553626247500006, -9.045316119300001, 325.0 ], [ 125.553604212099998, -9.0453016226, 325.0 ], [ 125.553571280699998, -9.045271465900001, 325.0 ], [ 125.553554147499995, -9.045250792899999, 325.0 ], [ 125.5535489982, -9.0452409667, 325.0 ], [ 125.553549174, -9.045228897499999, 325.0 ], [ 125.553552977300001, -9.0452258085, 325.0 ], [ 125.553578265499993, -9.0452198445, 325.0 ], [ 125.553618608600004, -9.045212744700001, 325.0 ], [ 125.5536266294, -9.045212146800001, 325.0 ], [ 125.553668806, -9.045219400600001, 325.0 ], [ 125.553724520100005, -9.045225675, 325.0 ], [ 125.553738131399996, -9.0452266109, 325.0 ], [ 125.553752303899998, -9.0452250133, 325.0 ], [ 125.553781144300004, -9.0452110023, 325.0 ], [ 125.553790461600002, -9.045204930500001, 325.0 ], [ 125.553801225, -9.045191169300001, 325.0 ], [ 125.553827607200006, -9.045145507399999, 325.0 ], [ 125.553843561799994, -9.0451263925, 325.0 ], [ 125.553852433800003, -9.045118954, 325.0 ], [ 125.553867159600003, -9.045112636400001, 325.0 ], [ 125.553896010499997, -9.0451082293, 325.0 ], [ 125.553951703899997, -9.045106372899999, 325.0 ], [ 125.553969718100007, -9.045101304499999, 325.0 ], [ 125.553978290299995, -9.045095702, 325.0 ], [ 125.553995187, -9.0450776772, 325.0 ], [ 125.554029601699995, -9.0450268983, 325.0 ], [ 125.554042886399998, -9.0449993986, 325.0 ], [ 125.554047529200005, -9.0449810064, 325.0 ], [ 125.5540523011, -9.044942003499999, 325.0 ], [ 125.554052129699997, -9.0449335777, 325.0 ], [ 125.5540458312, -9.0449011947, 325.0 ], [ 125.554038047099993, -9.044892176599999, 325.0 ], [ 125.554017688800002, -9.0448783998, 325.0 ], [ 125.553996501399993, -9.0448687814, 325.0 ], [ 125.553981898, -9.044860007500001, 325.0 ], [ 125.553935292600002, -9.044846957100001, 325.0 ], [ 125.553909795400003, -9.044829507399999, 325.0 ], [ 125.553885667, -9.044817468, 325.0 ], [ 125.553864254199993, -9.0448043349, 325.0 ], [ 125.553827802699999, -9.0447924552, 325.0 ], [ 125.553796579199997, -9.044774174100001, 325.0 ], [ 125.553774636399993, -9.044766647199999, 325.0 ], [ 125.553751711800004, -9.0447538621, 325.0 ], [ 125.553738198199994, -9.0447495001, 325.0 ], [ 125.553705982500006, -9.0447430193, 325.0 ], [ 125.553672843399994, -9.0447228533, 325.0 ], [ 125.553652934599995, -9.044706597399999, 325.0 ], [ 125.553639627500004, -9.0446919804, 325.0 ], [ 125.553610498, -9.0446672986, 325.0 ], [ 125.553600353299998, -9.044660396699999, 325.0 ], [ 125.553569674399995, -9.044645749200001, 325.0 ], [ 125.553545742200001, -9.044631879100001, 325.0 ], [ 125.553494200100005, -9.0446118839, 325.0 ], [ 125.553463765800004, -9.0445787565, 325.0 ], [ 125.553437333299996, -9.0445582487, 325.0 ], [ 125.553414115799995, -9.044546627300001, 325.0 ], [ 125.553366167299998, -9.044504544300001, 325.0 ], [ 125.553297025, -9.0444658253, 325.0 ], [ 125.553259618200002, -9.044448985500001, 325.0 ], [ 125.553223492200004, -9.0444362933, 325.0 ], [ 125.553201000300007, -9.0444256137, 325.0 ], [ 125.553185276600004, -9.0444201467, 325.0 ], [ 125.553112736200006, -9.0444009754, 325.0 ], [ 125.553095273099999, -9.044399526799999, 325.0 ], [ 125.553060723, -9.0443993617, 325.0 ], [ 125.553051669200002, -9.0443957941, 325.0 ], [ 125.553046249100007, -9.0443911153, 325.0 ], [ 125.5530309528, -9.0443855135, 325.0 ], [ 125.552999821499995, -9.044381759, 325.0 ], [ 125.552982469100002, -9.044372406200001, 325.0 ], [ 125.552963513199998, -9.044365498399999, 325.0 ], [ 125.552948535300004, -9.044350638799999, 325.0 ], [ 125.552933736100002, -9.044340598, 325.0 ], [ 125.552910969199999, -9.044334377, 325.0 ], [ 125.552892857499998, -9.0443264478, 325.0 ], [ 125.552883326100002, -9.0443198797, 325.0 ], [ 125.552866227500004, -9.044308097, 325.0 ], [ 125.5528170133, -9.044267184200001, 325.0 ], [ 125.552807145, -9.0442570677, 325.0 ], [ 125.5528005165, -9.044247372399999, 325.0 ], [ 125.552791465799999, -9.044219135900001, 325.0 ], [ 125.552791642200006, -9.0442003875, 325.0 ], [ 125.552803084700003, -9.0441778828, 325.0 ], [ 125.552808092399999, -9.044163475, 325.0 ], [ 125.552808276799993, -9.044155782700001, 325.0 ], [ 125.552806237400006, -9.0441495512, 325.0 ], [ 125.552802845299993, -9.044144323, 325.0 ], [ 125.552792113400002, -9.0441355744, 325.0 ], [ 125.552727443, -9.044092580599999, 325.0 ], [ 125.552722229400004, -9.044081701, 325.0 ], [ 125.552712685900005, -9.044052194100001, 325.0 ], [ 125.552708712200001, -9.0440467295, 325.0 ], [ 125.552690684599995, -9.044029657599999, 325.0 ], [ 125.552685613500003, -9.0440187607, 325.0 ], [ 125.552685167800007, -9.0440052814, 325.0 ], [ 125.552692122799996, -9.043985706599999, 325.0 ], [ 125.552708466400006, -9.0439588342, 325.0 ], [ 125.552728648, -9.043931041700001, 325.0 ], [ 125.552731570800006, -9.043922913099999, 325.0 ], [ 125.552732801900007, -9.0439139202, 325.0 ], [ 125.552731889399993, -9.043905603100001, 325.0 ], [ 125.552727408500004, -9.0438919597, 325.0 ], [ 125.552724319, -9.043887227500001, 325.0 ] ] } },
{ "type": "Feature", "properties": { "Name": null, "description": "KMAJOR", "timestamp": null, "begin": null, "end": null, "altitudeMode": null, "tessellate": 1, "extrude": 0, "visibility": -1, "drawOrder": null, "icon": null }, "geometry": { "type": "LineString", "coordinates": [ [ 125.55442341, -9.0416510831, 325.0 ], [ 125.554427327900001, -9.041659982600001, 325.0 ], [ 125.554437658599994, -9.041694576599999, 325.0 ], [ 125.554467087500001, -9.0417395005, 325.0 ], [ 125.554490786299993, -9.041787815399999, 325.0 ], [ 125.554495055700002, -9.0418346705, 325.0 ], [ 125.554507131, -9.041882258899999, 325.0 ], [ 125.554511334799997, -9.041918340400001, 325.0 ], [ 125.5545213093, -9.0419567826, 325.0 ], [ 125.554519323600005, -9.041976223800001, 325.0 ], [ 125.554514529800002, -9.0419962212, 325.0 ], [ 125.554496894300001, -9.042039218799999, 325.0 ], [ 125.554475716499994, -9.0420754415, 325.0 ], [ 125.554435719500006, -9.0421304935, 325.0 ], [ 125.554408710299995, -9.042177302900001, 325.0 ], [ 125.554398970400001, -9.042201310899999, 325.0 ], [ 125.554395064, -9.042220325300001, 325.0 ], [ 125.554394109499995, -9.0422570746, 325.0 ], [ 125.554397816100007, -9.042289519400001, 325.0 ], [ 125.554403726299995, -9.042311917, 325.0 ], [ 125.554447980399999, -9.0423667738, 325.0 ], [ 125.554474848500007, -9.042422694400001, 325.0 ], [ 125.554499840199995, -9.04245846, 325.0 ], [ 125.554514283499998, -9.042473101200001, 325.0 ], [ 125.554531593199997, -9.0424824126, 325.0 ], [ 125.554547018899996, -9.042494897399999, 325.0 ], [ 125.554573929100002, -9.0425395438, 325.0 ], [ 125.554587481799999, -9.042555546799999, 325.0 ], [ 125.554598783499998, -9.0425620876, 325.0 ], [ 125.554616236699999, -9.0425691949, 325.0 ], [ 125.554661628299996, -9.0425796873, 325.0 ], [ 125.554677426599994, -9.0425906743, 325.0 ], [ 125.554685272, -9.042600283300001, 325.0 ], [ 125.554693010199998, -9.0426135653, 325.0 ], [ 125.554699361800004, -9.0426310804, 325.0 ], [ 125.554704096799995, -9.0426532893, 325.0 ], [ 125.554707628499997, -9.0426607354, 325.0 ], [ 125.554713802199998, -9.0426652862, 325.0 ], [ 125.554725378900002, -9.0426703042, 325.0 ], [ 125.554736594600001, -9.0426719678, 325.0 ], [ 125.554767304199999, -9.0426680114, 325.0 ], [ 125.554809076400005, -9.042672900399999, 325.0 ], [ 125.554827853099994, -9.0426727327, 325.0 ], [ 125.554837179900005, -9.0426708889, 325.0 ], [ 125.554859124700002, -9.042662420099999, 325.0 ], [ 125.554868446200004, -9.0426619153, 325.0 ], [ 125.554878257200002, -9.0426623048, 325.0 ], [ 125.554909008899998, -9.042668605899999, 325.0 ], [ 125.554917264500006, -9.042674426, 325.0 ], [ 125.554944848800005, -9.042712938199999, 325.0 ], [ 125.554963819299999, -9.0427289455, 325.0 ], [ 125.554977515499999, -9.042736248500001, 325.0 ], [ 125.555023900500004, -9.0427538418, 325.0 ], [ 125.555056132299995, -9.0427616167, 325.0 ], [ 125.555081215100003, -9.0427643374, 325.0 ], [ 125.555126632400004, -9.0427650724, 325.0 ], [ 125.555140705699998, -9.0427697589, 325.0 ], [ 125.5551489514, -9.0427812779, 325.0 ], [ 125.555151594899996, -9.042788059499999, 325.0 ], [ 125.555153316800002, -9.0427988685, 325.0 ], [ 125.555151828800007, -9.042844911, 325.0 ], [ 125.5551484649, -9.0428826353, 325.0 ], [ 125.555140160199997, -9.042912938600001, 325.0 ], [ 125.555117342299994, -9.042958670899999, 325.0 ], [ 125.555111409399998, -9.0429735777, 325.0 ], [ 125.555108676700002, -9.0429846097, 325.0 ], [ 125.555106369, -9.042993925699999, 325.0 ], [ 125.555105906899996, -9.043003646300001, 325.0 ], [ 125.555107326699996, -9.0430208973, 325.0 ], [ 125.555114339900001, -9.0430441114, 325.0 ], [ 125.555119396600006, -9.0430543504, 325.0 ], [ 125.5551348905, -9.043077782199999, 325.0 ], [ 125.555144725299996, -9.043086994799999, 325.0 ], [ 125.555153262199994, -9.0430949917, 325.0 ], [ 125.555163374100005, -9.043101220700001, 325.0 ], [ 125.555183162800006, -9.043108418, 325.0 ], [ 125.555225754600002, -9.0431198065, 325.0 ], [ 125.5552451768, -9.0431277099, 325.0 ], [ 125.555250947900007, -9.043131728700001, 325.0 ], [ 125.555255341600002, -9.0431371986, 325.0 ], [ 125.555268644899996, -9.0431575943, 325.0 ], [ 125.555281574199995, -9.0431675546, 325.0 ], [ 125.555288298600004, -9.043170029400001, 325.0 ], [ 125.555298037200004, -9.043170251199999, 325.0 ], [ 125.555316186200002, -9.043167558, 325.0 ], [ 125.555323269499993, -9.043168748299999, 325.0 ], [ 125.555329515899999, -9.0431716337, 325.0 ], [ 125.555344219199995, -9.0431838291, 325.0 ], [ 125.555398469, -9.043220508, 325.0 ], [ 125.555422405599998, -9.0432419454, 325.0 ], [ 125.555438989300001, -9.0432508531, 325.0 ], [ 125.555449627399994, -9.043258851399999, 325.0 ], [ 125.555466667299996, -9.0432782921, 325.0 ], [ 125.555520822099993, -9.043332875899999, 325.0 ], [ 125.555548364399996, -9.043369244300001, 325.0 ], [ 125.555575787600006, -9.0434212942, 325.0 ], [ 125.555606832500004, -9.0434663207, 325.0 ], [ 125.555611334899993, -9.0434793269, 325.0 ], [ 125.555617143800006, -9.0435067895, 325.0 ], [ 125.555623554700006, -9.043521375299999, 325.0 ], [ 125.555630091300003, -9.043532154199999, 325.0 ], [ 125.555652959100001, -9.0435522396, 325.0 ], [ 125.555701086200003, -9.0435802492, 325.0 ], [ 125.555709914800005, -9.0435877195, 325.0 ], [ 125.555724082300003, -9.0436087694, 325.0 ], [ 125.555760809399999, -9.0436550541, 325.0 ], [ 125.555789000399997, -9.0436808339, 325.0 ], [ 125.555804807, -9.043693086, 325.0 ], [ 125.555813313, -9.0437020714, 325.0 ], [ 125.555819783499999, -9.043713010799999, 325.0 ], [ 125.555825947700001, -9.043728119, 325.0 ], [ 125.555831692599995, -9.0437476469, 325.0 ], [ 125.555834383100006, -9.04375227, 325.0 ], [ 125.555860750500003, -9.0437834947, 325.0 ], [ 125.555864382899998, -9.0437895942, 325.0 ], [ 125.555868466800007, -9.043799592099999, 325.0 ], [ 125.555872681500006, -9.043820951800001, 325.0 ], [ 125.555878426199996, -9.043836756299999, 325.0 ], [ 125.555888043600007, -9.043854161300001, 325.0 ], [ 125.555899695899996, -9.0438802138, 325.0 ], [ 125.555914904199994, -9.0438996321, 325.0 ], [ 125.5559201672, -9.043915206099999, 325.0 ], [ 125.555936126099994, -9.044016559399999, 325.0 ], [ 125.555934062700004, -9.0440715993, 325.0 ], [ 125.555935407, -9.0440893531, 325.0 ], [ 125.555942287500002, -9.044128884599999, 325.0 ], [ 125.555953016800004, -9.044170965399999, 325.0 ], [ 125.555957110099996, -9.044196575699999, 325.0 ], [ 125.555957067799994, -9.044222981900001, 325.0 ], [ 125.555953638099993, -9.044243374800001, 325.0 ], [ 125.555948279299997, -9.044263490200001, 325.0 ], [ 125.555909446900003, -9.044353174199999, 325.0 ], [ 125.555901245599998, -9.0443784672, 325.0 ], [ 125.555899879400002, -9.044397332799999, 325.0 ], [ 125.555900674499995, -9.0444059958, 325.0 ], [ 125.555904060100005, -9.044422339300001, 325.0 ], [ 125.555908784400003, -9.0444344573, 325.0 ], [ 125.555918697799996, -9.044442334799999, 325.0 ], [ 125.555926288600006, -9.044445941899999, 325.0 ], [ 125.555945621700005, -9.044451173400001, 325.0 ], [ 125.555987537199996, -9.044450166500001, 325.0 ], [ 125.556016594200003, -9.0444467403, 325.0 ], [ 125.556036739600003, -9.044438487200001, 325.0 ], [ 125.556080330599997, -9.0444122055, 325.0 ], [ 125.556101632700006, -9.044401886099999, 325.0 ], [ 125.556134737299999, -9.0443913562, 325.0 ], [ 125.556153745200007, -9.044387751, 325.0 ], [ 125.556170969099995, -9.044389154699999, 325.0 ], [ 125.556201788500005, -9.044401394299999, 325.0 ], [ 125.556210137400001, -9.0444029889, 325.0 ], [ 125.5562631942, -9.0444058287, 325.0 ], [ 125.556275138800004, -9.044410600499999, 325.0 ], [ 125.556295105700002, -9.0444271364, 325.0 ], [ 125.556315419, -9.044450642899999, 325.0 ], [ 125.556340633299996, -9.044472172400001, 325.0 ], [ 125.556348336300005, -9.0444820804, 325.0 ], [ 125.556350403899998, -9.0444874001, 325.0 ], [ 125.556352667900001, -9.044503626299999, 325.0 ], [ 125.556350934199997, -9.044522718, 325.0 ], [ 125.556348204499997, -9.0445366762, 325.0 ], [ 125.5563353732, -9.0445674484, 325.0 ], [ 125.556334253399996, -9.044576245, 325.0 ], [ 125.556339385100003, -9.0445916351, 325.0 ], [ 125.556348727599996, -9.044608742599999, 325.0 ], [ 125.556350963699998, -9.044641115399999, 325.0 ], [ 125.556357563399999, -9.0446646316, 325.0 ], [ 125.556360205100006, -9.044690409399999, 325.0 ], [ 125.556363596200001, -9.0447043477, 325.0 ], [ 125.556385955600007, -9.0447440925, 325.0 ], [ 125.556401570700004, -9.0447666998, 325.0 ], [ 125.556423252, -9.0448067849, 325.0 ], [ 125.556431720600003, -9.0448169113, 325.0 ], [ 125.556445800600002, -9.0448294318, 325.0 ], [ 125.5564554348, -9.044840132599999, 325.0 ], [ 125.556468467800002, -9.0448627733, 325.0 ], [ 125.556470190699997, -9.044871024900001, 325.0 ], [ 125.556470029, -9.0448806517, 325.0 ], [ 125.556453879100005, -9.0449157529, 325.0 ], [ 125.556449769099999, -9.0449352523, 325.0 ], [ 125.556450372599997, -9.0449535219, 325.0 ], [ 125.556452351299995, -9.044961499399999, 325.0 ], [ 125.556458156299996, -9.044972507600001, 325.0 ], [ 125.556475434600003, -9.0449911132, 325.0 ], [ 125.55649476, -9.0450064438, 325.0 ], [ 125.556506917299998, -9.0450124359, 325.0 ], [ 125.556523050899997, -9.045015767800001, 325.0 ], [ 125.556532112100001, -9.0450153035, 325.0 ], [ 125.556551217, -9.045012291500001, 325.0 ], [ 125.556568505399994, -9.0450060532, 325.0 ], [ 125.556579681599999, -9.0450072171, 325.0 ], [ 125.556588954, -9.0450112022, 325.0 ], [ 125.556608139900007, -9.045022619399999, 325.0 ], [ 125.556657366600007, -9.0450389706, 325.0 ], [ 125.556682442400003, -9.0450438406, 325.0 ], [ 125.556703957600007, -9.045052980399999, 325.0 ], [ 125.556715109, -9.0450592972, 325.0 ], [ 125.556728027099993, -9.0450754673, 325.0 ], [ 125.556734164299996, -9.0450926885, 325.0 ], [ 125.556737118800001, -9.0451256973, 325.0 ], [ 125.556736559900003, -9.045162680300001, 325.0 ], [ 125.556739364400002, -9.045178976800001, 325.0 ], [ 125.556742155099997, -9.045185909800001, 325.0 ], [ 125.556769473, -9.045222688400001, 325.0 ], [ 125.556787638700001, -9.0452407332, 325.0 ], [ 125.5568005895, -9.045265022900001, 325.0 ], [ 125.5568262046, -9.0452925781, 325.0 ], [ 125.556839073, -9.045316611400001, 325.0 ], [ 125.556856080299994, -9.0453353638, 325.0 ], [ 125.556888814900006, -9.0453574166, 325.0 ], [ 125.55691374, -9.045378124300001, 325.0 ], [ 125.556920704299998, -9.0453870271, 325.0 ], [ 125.556931376199998, -9.045405544599999, 325.0 ], [ 125.556936204699994, -9.0454100595, 325.0 ], [ 125.556963379099997, -9.045425958199999, 325.0 ], [ 125.557017439099994, -9.0454454171, 325.0 ], [ 125.557029394500006, -9.045452536, 325.0 ], [ 125.557039076799995, -9.0454605119, 325.0 ], [ 125.557058424299996, -9.045488218199999, 325.0 ], [ 125.5570737038, -9.0455175523, 325.0 ], [ 125.557083533699995, -9.045531457299999, 325.0 ], [ 125.557122635400006, -9.0456111771, 325.0 ], [ 125.557137462900002, -9.0456335321, 325.0 ], [ 125.557147723699998, -9.0456615662, 325.0 ], [ 125.557153977200002, -9.045672267400001, 325.0 ], [ 125.557164698600005, -9.045677985399999, 325.0 ], [ 125.557198445500006, -9.0456832319, 325.0 ], [ 125.557211412100003, -9.0456875002, 325.0 ], [ 125.557226744, -9.0456984978, 325.0 ], [ 125.557235402700002, -9.0457086762, 325.0 ], [ 125.557242224899994, -9.04572245, 325.0 ], [ 125.557246711299996, -9.0457399991, 325.0 ], [ 125.557245624900006, -9.045751926399999, 325.0 ], [ 125.557239789099995, -9.045778069, 325.0 ], [ 125.557240196699993, -9.0457993757, 325.0 ], [ 125.557244807399996, -9.0458178853, 325.0 ], [ 125.557254655700007, -9.045833995600001, 325.0 ], [ 125.557259312499994, -9.045839068799999, 325.0 ], [ 125.557265779600002, -9.0458425342, 325.0 ], [ 125.557305772099994, -9.0458525834, 325.0 ], [ 125.557338995899997, -9.0458514446, 325.0 ], [ 125.557378518500002, -9.0458705514, 325.0 ], [ 125.557393519200005, -9.0458746653, 325.0 ], [ 125.557428533099994, -9.045878889400001, 325.0 ], [ 125.557442910299997, -9.045884165, 325.0 ], [ 125.557446760900007, -9.045886600899999, 325.0 ], [ 125.557454844, -9.0458957995, 325.0 ], [ 125.557471505300001, -9.0459243462, 325.0 ], [ 125.557483707399996, -9.0459404996, 325.0 ] ] } }
]
}
