{
"type": "FeatureCollection",
"name": "sugarcane",
"crs": { "type": "name", "properties": { "name": "urn:ogc:def:crs:EPSG::32751" } },
"features": [
{ "type": "Feature", "properties": { "LAYER": "Unknown Area Type", "id": null, "class": "Sugarcane" }, "geometry": { "type": "MultiPolygon", "coordinates": [ [ [ [ 760504.742769924807362, 8978582.39926341176033 ], [ 760538.468883988098241, 8978599.621150571852922 ], [ 760538.972984907915816, 8978598.516711283475161 ], [ 760505.324937376426533, 8978581.113191295415163 ], [ 760504.742769924807362, 8978582.39926341176033 ] ] ], [ [ [ 760540.608400013879873, 8978600.713672038167715 ], [ 760543.797228678944521, 8978602.342014020308852 ], [ 760544.349610017379746, 8978601.297621602192521 ], [ 760541.107300336938351, 8978599.620626784861088 ], [ 760540.608400013879873, 8978600.713672038167715 ] ] ], [ [ [ 760559.150069286115468, 8978608.952748946845531 ], [ 760558.660950305406004, 8978609.932017901912332 ], [ 760589.154706886038184, 8978624.471816129982471 ], [ 760559.150069286115468, 8978608.952748946845531 ] ] ], [ [ [ 761134.879608111223206, 8978875.735955931246281 ], [ 761140.933542724582367, 8978865.807455250993371 ], [ 761150.534808584605344, 8978856.503742322325706 ], [ 761159.759773583849892, 8978863.250592555850744 ], [ 761164.614906094269827, 8978866.784503232687712 ], [ 761170.473011894035153, 8978875.823191367089748 ], [ 761171.48353897430934, 8978882.462630420923233 ], [ 761164.340053816442378, 8978898.071948183700442 ], [ 761153.090542889782228, 8978901.713078962638974 ], [ 761151.255106406053528, 8978916.314443692564964 ], [ 761162.90873118955642, 8978924.99034782871604 ], [ 761173.044952793396078, 8978923.463949207216501 ], [ 761179.099969106260687, 8978913.697536757215858 ], [ 761185.638121531694196, 8978903.92790568433702 ], [ 761191.80344975204207, 8978886.54197701998055 ], [ 761197.515853514545597, 8978873.697908468544483 ], [ 761208.271421715384349, 8978868.4390341732651 ], [ 761213.590270278276876, 8978869.052021829411387 ], [ 761222.312682858435437, 8978872.884377010166645 ], [ 761233.944728573784232, 8978878.318370601162314 ], [ 761240.896714394213632, 8978882.324614809826016 ], [ 761245.616721097263508, 8978889.749859135597944 ], [ 761252.581665052683093, 8978895.701236501336098 ], [ 761263.561979708727449, 8978900.004852488636971 ], [ 761274.38664902979508, 8978905.120011448860168 ], [ 761291.188402411178686, 8978912.951085681095719 ], [ 761295.332426788285375, 8978906.439411658793688 ], [ 761305.529274811036885, 8978889.837106689810753 ], [ 761311.073041191557422, 8978875.859422959387302 ], [ 761314.873907290399075, 8978866.189045883715153 ], [ 761325.054392750491388, 8978871.30848172493279 ], [ 761354.762555266730487, 8978882.457681756466627 ], [ 761377.685177934588864, 8978890.410040760412812 ], [ 761395.17434652603697, 8978899.209285819903016 ], [ 761397.399840587168001, 8978900.328988425433636 ], [ 761415.46948039077688, 8978905.071630584076047 ], [ 761426.420660005882382, 8978904.998648967593908 ], [ 761430.568985643796623, 8978899.135333612561226 ], [ 761433.694853309658356, 8978884.849531944841146 ], [ 761439.453641835367307, 8978878.975481357425451 ], [ 761448.809474431560375, 8978881.182551553472877 ], [ 761469.777959556784481, 8978885.905846914276481 ], [ 761475.828583712922409, 8978875.490989269688725 ], [ 761480.069916976732202, 8978835.261427361518145 ], [ 761483.671331645804457, 8978819.837731184437871 ], [ 761488.743772284244187, 8978807.646266750991344 ], [ 761493.539828465553001, 8978793.543801870197058 ], [ 761500.558564448263496, 8978768.014611501246691 ], [ 761496.434062854736112, 8978753.290828200057149 ], [ 761466.884805002016947, 8978741.816486081108451 ], [ 761449.261622469173744, 8978731.559442598372698 ], [ 761436.822177170193754, 8978725.806693952530622 ], [ 761432.910611241357401, 8978718.862384522333741 ], [ 761436.833031769958325, 8978703.274451958015561 ], [ 761446.36828091472853, 8978684.082858365029097 ], [ 761455.116660692845471, 8978667.652239073067904 ], [ 761464.7480703657493, 8978662.887070761993527 ], [ 761479.545925078913569, 8978635.879480175673962 ], [ 761482.787918620160781, 8978626.942254073917866 ], [ 761477.281563398777507, 8978622.359061611816287 ], [ 761465.325278855394572, 8978616.603108048439026 ], [ 761443.530629382003099, 8978608.724366959184408 ], [ 761435.217837528558448, 8978630.096191866323352 ], [ 761423.901376190944575, 8978647.84074161015451 ], [ 761419.228889776160941, 8978647.547684516757727 ], [ 761405.331420021131635, 8978640.507837554439902 ], [ 761384.484146119561046, 8978629.785965520888567 ], [ 761375.895792562980205, 8978621.900215176865458 ], [ 761375.51968325197231, 8978613.797627821564674 ], [ 761375.932595352875069, 8978603.258253300562501 ], [ 761377.468502887524664, 8978592.062986094504595 ], [ 761375.004203765303828, 8978584.78482636064291 ], [ 761369.808616391383111, 8978578.497482478618622 ], [ 761358.335503758396953, 8978572.738283406943083 ], [ 761342.516332849743776, 8978567.332250166684389 ], [ 761329.429535886505619, 8978561.097493454813957 ], [ 761315.870410159695894, 8978556.486899251118302 ], [ 761326.581717317458242, 8978538.287933802232146 ], [ 761328.438244992401451, 8978535.133614491671324 ], [ 761318.369643798912875, 8978530.700793853029609 ], [ 761282.628383789095096, 8978514.285523941740394 ], [ 761241.989022367750295, 8978495.64425896294415 ], [ 761217.615933400462382, 8978483.968028837814927 ], [ 761207.944922349997796, 8978516.95261137932539 ], [ 761203.062094506341964, 8978556.577575588598847 ], [ 761216.039389888872392, 8978573.142157727852464 ], [ 761223.115197024890222, 8978586.785867867991328 ], [ 761256.306209442322142, 8978602.475741932168603 ], [ 761282.840799772995524, 8978612.289577342569828 ], [ 761306.899783220142126, 8978599.989963309839368 ], [ 761307.360181861673482, 8978608.659342344850302 ], [ 761308.729552089120261, 8978620.807853553444147 ], [ 761303.266507820691913, 8978633.789930209517479 ], [ 761195.603502883808687, 8978595.849669180810452 ], [ 761189.90162166999653, 8978622.899306461215019 ], [ 761186.101819862495176, 8978659.151305072009563 ], [ 761179.4663691224996, 8978678.485594481229782 ], [ 761177.674153197323903, 8978699.57074617408216 ], [ 761169.984765554312617, 8978729.934961518272758 ], [ 761168.148842121707276, 8978746.373056039214134 ], [ 761167.248926254920661, 8978754.430528270080686 ], [ 761166.959754738607444, 8978759.376554008573294 ], [ 761168.189725696342066, 8978762.691447660326958 ], [ 761171.117694860324264, 8978767.048695396631956 ], [ 761173.787365497555584, 8978768.895087443292141 ], [ 761176.950428356532939, 8978772.278159627690911 ], [ 761173.311132718110457, 8978782.028492359444499 ], [ 761168.507701826281846, 8978798.351692344993353 ], [ 761165.31592175620608, 8978802.749689128249884 ], [ 761161.762115375604481, 8978801.152335405349731 ], [ 761150.784002517233603, 8978797.172889463603497 ], [ 761146.767564723500982, 8978798.658545710146427 ], [ 761137.288511685561389, 8978802.125789852812886 ], [ 761129.394018430262804, 8978801.692043650895357 ], [ 761124.066549967508763, 8978799.782291922718287 ], [ 761121.794639808125794, 8978797.20379139110446 ], [ 761118.210621545556933, 8978791.067790921777487 ], [ 761109.817886663367972, 8978788.367936227470636 ], [ 761104.04612970573362, 8978792.296796895563602 ], [ 761094.685767443850636, 8978813.594412136822939 ], [ 761074.026368466555141, 8978867.387536708265543 ], [ 761068.851704681990668, 8978875.760628359392285 ], [ 761125.976302872877568, 8978906.555249333381653 ], [ 761127.498184196534567, 8978903.990771677345037 ], [ 761130.534327761852182, 8978900.404325477778912 ], [ 761125.835926358937286, 8978896.220960689708591 ], [ 761127.548089506337419, 8978887.293975558131933 ], [ 761129.590976575971581, 8978879.661601228639483 ], [ 761134.879608111223206, 8978875.735955931246281 ] ] ], [ [ [ 760719.209368531825021, 8978691.914387330412865 ], [ 760807.874164195498452, 8978737.194385189563036 ], [ 760778.625964232487604, 8978721.036623500287533 ], [ 760762.272965650889091, 8978712.580318825319409 ], [ 760719.209368531825021, 8978691.914387330412865 ] ] ], [ [ [ 760875.516183023923077, 8978873.023974906653166 ], [ 760888.848067913902923, 8978864.359255386516452 ], [ 760900.39223580120597, 8978848.355517921969295 ], [ 760904.671767656691372, 8978838.175806054845452 ], [ 760920.742670471780002, 8978823.017055677250028 ], [ 760930.755062107229605, 8978812.426097290590405 ], [ 760932.871645909966901, 8978810.187206545844674 ], [ 760890.746379130287096, 8978787.618595326319337 ], [ 760838.268601276213303, 8978760.396323645487428 ], [ 760822.029654721380211, 8978789.961157513782382 ], [ 760786.096444003283978, 8978776.509285658597946 ], [ 760804.67489823512733, 8978742.969958651810884 ], [ 760716.225106586585753, 8978697.801199439913034 ], [ 760672.095275067491457, 8978784.852547926828265 ], [ 760626.378036875394173, 8978765.08270108141005 ], [ 760672.168551568756811, 8978675.304180726408958 ], [ 760633.702419971348718, 8978655.661853222176433 ], [ 760627.296180197852664, 8978668.13100965321064 ], [ 760635.139257665141486, 8978672.796659106388688 ], [ 760626.633801193442196, 8978692.926841553300619 ], [ 760610.977763816015795, 8978688.128097536042333 ], [ 760618.482746677589603, 8978669.577159434556961 ], [ 760603.738984535564668, 8978663.75479413382709 ], [ 760612.285660164896399, 8978644.725608980283141 ], [ 760555.711710657225922, 8978615.836713779717684 ], [ 760546.650926004396752, 8978633.977381944656372 ], [ 760530.433066345984116, 8978627.609757248312235 ], [ 760540.711173552088439, 8978608.176846507936716 ], [ 760502.017999382922426, 8978588.418582089245319 ], [ 760481.969589000567794, 8978632.707732032984495 ], [ 760784.396745273726992, 8978930.609280537813902 ], [ 760789.910502124810591, 8978917.523570973426104 ], [ 760801.24128018761985, 8978895.570569653064013 ], [ 760810.406995809869841, 8978887.983710387721658 ], [ 760824.669981944025494, 8978888.588961137458682 ], [ 760845.350315290503204, 8978886.701233876869082 ], [ 760875.516183023923077, 8978873.023974906653166 ] ] ], [ [ [ 760938.458293862524442, 8978804.277733750641346 ], [ 760915.081890163943172, 8978791.990627307444811 ], [ 760899.063708204892464, 8978783.571149731054902 ], [ 760937.570330781047232, 8978805.217007840052247 ], [ 760938.458293862524442, 8978804.277733750641346 ] ] ], [ [ [ 761759.072620032937266, 8978730.237161519005895 ], [ 761757.265182303031906, 8978742.163132771849632 ], [ 761757.154713340103626, 8978751.315132930874825 ], [ 761753.781512271030806, 8978759.970911685377359 ], [ 761746.11748481891118, 8978768.309993950650096 ], [ 761762.698874556110241, 8978771.934592692181468 ], [ 761752.330184134189039, 8978783.596740135923028 ], [ 761745.287388579919934, 8978797.174989830702543 ], [ 761736.362834062194452, 8978816.564900556579232 ], [ 761728.811860849964432, 8978836.221789387986064 ], [ 761718.539486387977377, 8978859.210607174783945 ], [ 761731.674262285348959, 8978869.932330058887601 ], [ 761732.823712207842618, 8978859.773357998579741 ], [ 761742.324214010033756, 8978850.258751371875405 ], [ 761754.059495354187675, 8978836.878733552992344 ], [ 761757.949016466387548, 8978820.400663869455457 ], [ 761764.947398644406348, 8978800.751440331339836 ], [ 761799.8033901094459, 8978812.420338280498981 ], [ 761818.58238942688331, 8978827.866029908880591 ], [ 761823.233368964865804, 8978831.691451834514737 ], [ 761847.294646966503933, 8978841.33210051804781 ], [ 761861.095668446039781, 8978850.866212053224444 ], [ 761849.802808029460721, 8978878.420146653428674 ], [ 761842.474196998169646, 8978900.696934919804335 ], [ 761833.176785343559459, 8978914.585777247324586 ], [ 761820.984250171808526, 8978928.256017256528139 ], [ 761818.427491360460408, 8978933.490190170705318 ], [ 761812.063791073625907, 8978946.517898350954056 ], [ 761802.75467551802285, 8978958.656580334529281 ], [ 761793.699885818292387, 8978956.79175996221602 ], [ 761794.849328731303103, 8978946.632783092558384 ], [ 761801.137015901622362, 8978924.713005552068353 ], [ 761758.36626189853996, 8978899.620166797190905 ], [ 761750.577720468165353, 8978905.097834825515747 ], [ 761740.074775180080906, 8978920.744914945214987 ], [ 761712.894371570670046, 8978990.935230694711208 ], [ 761707.94631736096926, 8979005.145055061206222 ], [ 761718.596417327178642, 8979011.549837475642562 ], [ 761769.776718456065282, 8979046.037847204133868 ], [ 761776.13930001470726, 8979061.39737313427031 ], [ 761782.168130232137628, 8979078.859396019950509 ], [ 761795.964526724885218, 8979087.693487655371428 ], [ 761808.735143118537962, 8979099.159758768975735 ], [ 761816.661534682498313, 8979114.333826446905732 ], [ 761821.834883484290913, 8979116.044355036690831 ], [ 761859.124470984213986, 8979047.673135938122869 ], [ 761866.3662252422655, 8979031.916522476822138 ], [ 761866.501558967749588, 8979026.139873499050736 ], [ 761839.285733795491979, 8979012.844787022098899 ], [ 761845.78351443586871, 8978996.349297016859055 ], [ 761862.669915230246261, 8978973.133602829650044 ], [ 761857.756781062111259, 8978966.515539549291134 ], [ 761862.558569417451508, 8978955.975252078846097 ], [ 761872.148590422235429, 8978960.861428113654256 ], [ 761904.320937568321824, 8978908.622245583683252 ], [ 761913.808569587185048, 8978897.182426666840911 ], [ 761925.601086327456869, 8978892.378075478598475 ], [ 761933.705822395626456, 8978882.172641795128584 ], [ 761952.223941554198973, 8978895.00066352263093 ], [ 761948.190983522334136, 8978916.030319159850478 ], [ 761932.537033870350569, 8978941.513136094436049 ], [ 761915.617481396766379, 8978983.00910153798759 ], [ 761925.738684540381655, 8978988.165918214246631 ], [ 761940.877032136078924, 8978994.453467484563589 ], [ 761961.125907221226953, 8978995.354255536571145 ], [ 761972.826507341465913, 8979000.628756329417229 ], [ 761980.200510350754485, 8979000.234183212742209 ], [ 761991.50268582184799, 8978997.223392132669687 ], [ 762005.588739015045576, 8979000.064635517075658 ], [ 762017.421684852452017, 8978999.467610269784927 ], [ 762025.287251927307807, 8978995.616433013230562 ], [ 762047.930205234093592, 8978944.010829083621502 ], [ 762053.090147051494569, 8978933.184756748378277 ], [ 762050.069710546988063, 8978930.442283185198903 ], [ 762048.066415052278899, 8978925.88002554513514 ], [ 762051.885160645353608, 8978919.724884847179055 ], [ 762055.897938332636841, 8978916.935427699238062 ], [ 762058.974733009352349, 8978915.274549636989832 ], [ 762057.83664279920049, 8978911.828839231282473 ], [ 762052.580973944161087, 8978908.324303012341261 ], [ 762053.319462681189179, 8978903.312065437436104 ], [ 762057.059354258468375, 8978898.193444158881903 ], [ 762060.471733142039739, 8978895.407996818423271 ], [ 762065.313955491641536, 8978888.382687529549003 ], [ 762073.547956206835806, 8978888.327677045017481 ], [ 762076.187818933976814, 8978885.461056139320135 ], [ 762080.68176290334668, 8978877.661075122654438 ], [ 762082.973926692851819, 8978874.106113690882921 ], [ 762090.411761926952749, 8978870.430438451468945 ], [ 762091.761599148390815, 8978867.054438075050712 ], [ 762086.702678363071755, 8978854.483642971143126 ], [ 762084.340145879308693, 8978847.506467310711741 ], [ 762077.067916857544333, 8978837.454113153740764 ], [ 762078.799885346321389, 8978827.08259916305542 ], [ 762081.725719987647608, 8978815.667113557457924 ], [ 762082.90516702644527, 8978812.464917290955782 ], [ 762083.575181238818914, 8978810.043120535090566 ], [ 762028.392189517384395, 8978792.713573543354869 ], [ 762031.835258202394471, 8978783.956890484318137 ], [ 762035.228626043885015, 8978775.326610518619418 ], [ 761817.822971450397745, 8978707.227930014953017 ], [ 761813.033976138569415, 8978719.3259018342942 ], [ 761809.325969038298354, 8978728.693078555166721 ], [ 761797.966251134988852, 8978723.070949042215943 ], [ 761786.977277395315468, 8978721.590311413630843 ], [ 761773.422110398299992, 8978721.162791157141328 ], [ 761765.371225037612021, 8978722.94317919947207 ], [ 761759.072620032937266, 8978730.237161519005895 ] ], [ [ 761841.431850538821891, 8978745.486293368041515 ], [ 761847.405808588839136, 8978740.957109060138464 ], [ 761853.590498957782984, 8978742.297141807153821 ], [ 761867.52795759215951, 8978748.592709900811315 ], [ 761879.220403433893807, 8978752.658612871542573 ], [ 761892.454414902138524, 8978756.368888597935438 ], [ 761912.904679176164791, 8978761.757627917453647 ], [ 761924.252901822328568, 8978765.653152819722891 ], [ 761927.226749525172636, 8978774.266569849103689 ], [ 761915.211055751657113, 8978798.865312367677689 ], [ 761900.354077303083614, 8978834.706275500357151 ], [ 761890.632712015532888, 8978843.231791945174336 ], [ 761882.725674718269147, 8978840.867266979068518 ], [ 761865.37003841844853, 8978836.493835482746363 ], [ 761848.336743393680081, 8978829.010267676785588 ], [ 761848.372375497710891, 8978821.499083388596773 ], [ 761845.772748483810574, 8978817.545132707804441 ], [ 761841.295966827077791, 8978815.071369264274836 ], [ 761838.559953458374366, 8978816.384624307975173 ], [ 761835.487196798669174, 8978818.649786826223135 ], [ 761829.474037567619234, 8978817.30860329605639 ], [ 761823.785520957550034, 8978813.202605402097106 ], [ 761817.041252005961724, 8978805.132349925115705 ], [ 761820.13811903342139, 8978793.629428720101714 ], [ 761833.900391628732905, 8978773.681037152186036 ], [ 761841.431850538821891, 8978745.486293368041515 ] ] ], [ [ [ 761718.394189965678379, 8978932.699679000303149 ], [ 761725.032470438862219, 8978924.885452318936586 ], [ 761729.909254416939802, 8978910.17636501044035 ], [ 761737.909490774734877, 8978900.799059554934502 ], [ 761741.776602244586684, 8978889.0320157520473 ], [ 761725.786396306823008, 8978883.613418638706207 ], [ 761700.763741383096203, 8978877.129054574295878 ], [ 761693.307504757656716, 8978875.19684742204845 ], [ 761684.916959682828747, 8978877.497471392154694 ], [ 761674.538550917175598, 8978896.623802093788981 ], [ 761669.495596666703932, 8978905.917443621903658 ], [ 761660.035545921884477, 8978927.909028336405754 ], [ 761650.364786101737991, 8978944.031396463513374 ], [ 761640.487929433584213, 8978954.975179040804505 ], [ 761671.672615797491744, 8978973.725064232945442 ], [ 761683.375677172210999, 8978980.76156460493803 ], [ 761691.784673794871196, 8978981.223467642441392 ], [ 761696.378290703636594, 8978975.494871791452169 ], [ 761698.536921628401615, 8978964.775226438418031 ], [ 761710.635746524902061, 8978952.607945511117578 ], [ 761718.394189965678379, 8978932.699679000303149 ] ] ], [ [ [ 762140.367768406751566, 8978927.033158654347062 ], [ 762143.931312289554626, 8978923.448655219748616 ], [ 762152.636865263455547, 8978914.691899148747325 ], [ 762145.067099840147421, 8978911.461836347356439 ], [ 762130.292578678578138, 8978908.279917491599917 ], [ 762111.712992263957858, 8978900.461444091051817 ], [ 762095.731920648133382, 8978896.424247505143285 ], [ 762090.592589904670604, 8978897.494579894468188 ], [ 762085.316324249608442, 8978903.745797429233789 ], [ 762078.333867146749981, 8978911.389738386496902 ], [ 762068.81865138548892, 8978925.093896741047502 ], [ 762064.075458692852408, 8978934.104198971763253 ], [ 762057.79876678972505, 8978944.678735159337521 ], [ 762047.278502116445452, 8978962.015576586127281 ], [ 762048.355040443129838, 8978969.087677171453834 ], [ 762062.557584205176681, 8978989.367352796718478 ], [ 762069.980031033162959, 8978996.22439674846828 ], [ 762074.648286035633646, 8978998.565868532285094 ], [ 762082.889523879624903, 8979002.699452895671129 ], [ 762094.050148439127952, 8979004.178884329274297 ], [ 762100.375293767079711, 8979000.855978662148118 ], [ 762106.511592782568187, 8978994.94434766471386 ], [ 762111.079785273177549, 8978985.417212057858706 ], [ 762118.573420060100034, 8978977.251854723319411 ], [ 762122.138888159766793, 8978971.702728167176247 ], [ 762116.795703257666901, 8978967.939783211797476 ], [ 762110.604037998244166, 8978965.563832651823759 ], [ 762113.474108378286473, 8978958.63802731782198 ], [ 762117.511083783349022, 8978954.375573275610805 ], [ 762123.183938224916346, 8978948.385870859026909 ], [ 762128.792907660477795, 8978940.578433534130454 ], [ 762140.367768406751566, 8978927.033158654347062 ] ] ], [ [ [ 760855.344196788500994, 8978964.431802259758115 ], [ 760856.165410740999505, 8978983.328655820339918 ], [ 760849.239022773341276, 8978994.481239372864366 ], [ 760878.219798027654178, 8979023.028337892144918 ], [ 760914.769736447837204, 8979059.031332423910499 ], [ 761032.20698155683931, 8978896.151754811406136 ], [ 760975.379453293629922, 8978867.546604409813881 ], [ 760941.068784339586273, 8978859.373830419033766 ], [ 760897.158824245096184, 8978898.17063694447279 ], [ 760875.578346690395847, 8978921.592015981674194 ], [ 760863.88237124029547, 8978940.922154160216451 ], [ 760855.344196788500994, 8978964.431802259758115 ] ] ], [ [ [ 762261.124920198926702, 8978873.649252770468593 ], [ 762252.010116790072061, 8978870.256874248385429 ], [ 762240.668735166545957, 8978867.397377286106348 ], [ 762224.35841625998728, 8978865.434424445033073 ], [ 762213.065515073365532, 8978869.826562011614442 ], [ 762207.492351051769219, 8978882.986420439556241 ], [ 762202.079183322610334, 8978894.418549209833145 ], [ 762200.057611455209553, 8978899.957368437200785 ], [ 762189.033177087083459, 8978918.851629970595241 ], [ 762182.762286947690882, 8978930.289485877379775 ], [ 762180.736763980938122, 8978938.549186456948519 ], [ 762180.09031347790733, 8978941.185289667919278 ], [ 762177.119102055206895, 8978958.644393105059862 ], [ 762174.116731410846114, 8978971.441727230325341 ], [ 762167.676590508082882, 8978983.226039741188288 ], [ 762162.564938638941385, 8978988.440172789618373 ], [ 762157.295588453300297, 8978995.727347897365689 ], [ 762148.270765698049217, 8979005.802268724888563 ], [ 762142.348697777837515, 8979018.101108843460679 ], [ 762143.911037748795934, 8979020.85332152992487 ], [ 762147.371880813967437, 8979025.319506091997027 ], [ 762159.777157786535099, 8979033.351903825998306 ], [ 762164.613804535707459, 8979038.326891517266631 ], [ 762173.752859800471924, 8979045.345117684453726 ], [ 762176.223682197043672, 8979055.688553735613823 ], [ 762179.896457065246068, 8979066.196623649448156 ], [ 762188.652051995275542, 8979067.174108028411865 ], [ 762193.76256048202049, 8979061.787315418943763 ], [ 762206.852485224371776, 8979043.915254514664412 ], [ 762209.41252200154122, 8979039.635789126157761 ], [ 762224.326911188662052, 8979014.704267481341958 ], [ 762228.46853449579794, 8979005.525294400751591 ], [ 762231.573399742948823, 8978995.23092226870358 ], [ 762240.609893255401403, 8978961.241674838587642 ], [ 762240.810651450883597, 8978952.779705027118325 ], [ 762238.267312312149443, 8978944.422411981970072 ], [ 762234.793188410578296, 8978937.970665676519275 ], [ 762236.226481051999144, 8978934.248768208548427 ], [ 762241.878712765639648, 8978932.915989486500621 ], [ 762252.946639367262833, 8978933.359996631741524 ], [ 762261.720103331143036, 8978937.013659534975886 ], [ 762263.014517093542963, 8978938.576063679531217 ], [ 762266.13021097634919, 8978942.336818683892488 ], [ 762270.34107370255515, 8978943.517327914014459 ], [ 762281.164967768825591, 8978945.948617585003376 ], [ 762299.185554967494681, 8978947.123124124482274 ], [ 762324.009195364778861, 8978952.309781702235341 ], [ 762333.948254452319816, 8978950.689324619248509 ], [ 762344.32713816431351, 8978950.706250421702862 ], [ 762352.478282451513223, 8978951.083403976634145 ], [ 762357.047246740199625, 8978954.506168069317937 ], [ 762354.702234238153324, 8978962.982485115528107 ], [ 762358.49752730014734, 8978966.151424443349242 ], [ 762374.299054645234719, 8978968.981067245826125 ], [ 762388.024754772777669, 8978969.23459779843688 ], [ 762397.934948240523227, 8978963.297666734084487 ], [ 762402.387038931483403, 8978910.777405008673668 ], [ 762367.662610132130794, 8978896.913274433463812 ], [ 762289.088550033746287, 8978873.807613387703896 ], [ 762275.708285334520042, 8978873.89707937091589 ], [ 762269.380861978279427, 8978876.874706083908677 ], [ 762261.124920198926702, 8978873.649252770468593 ] ] ], [ [ [ 762764.259192723315209, 8979003.683226777240634 ], [ 762763.057043650769629, 8979008.257031176239252 ], [ 762745.172532732598484, 8979091.434957761317492 ], [ 762793.243171469308436, 8979103.518376708030701 ], [ 762828.854577136458829, 8979029.553107863292098 ], [ 762831.21268739469815, 8979024.655287742614746 ], [ 762764.259192723315209, 8979003.683226777240634 ] ] ], [ [ [ 762448.600094097899273, 8979000.716926246881485 ], [ 762423.149032663437538, 8979009.560780199244618 ], [ 762314.756072738673538, 8979068.276964696124196 ], [ 762304.613334801280871, 8979069.587447406724095 ], [ 762295.521494593704119, 8979043.414082895964384 ], [ 762264.877674382878467, 8979035.610626334324479 ], [ 762256.39942545699887, 8979050.673843281343579 ], [ 762225.561690274626017, 8979105.462927594780922 ], [ 762280.877337750047445, 8979130.636963533237576 ], [ 762313.976593757746741, 8979129.094699552282691 ], [ 762329.382668987847865, 8979119.225803419947624 ], [ 762442.548039554152638, 8979101.04875991307199 ], [ 762448.474248896120116, 8979046.108904704451561 ], [ 762448.600094097899273, 8979000.716926246881485 ] ] ], [ [ [ 761197.182729828869924, 8979038.291757665574551 ], [ 761199.686108725843951, 8979022.523126998916268 ], [ 761209.238284327089787, 8978994.631057221442461 ], [ 761206.40022258949466, 8978986.248905785381794 ], [ 761135.356098358519375, 8978945.591760436072946 ], [ 761102.561314235092141, 8978930.058098170906305 ], [ 761081.253718923777342, 8978920.233104400336742 ], [ 761016.031877243658528, 8979018.669813696295023 ], [ 760954.657688979059458, 8979098.322390053421259 ], [ 761163.785086917225271, 8979304.320344895124435 ], [ 761196.203491525258869, 8979256.080097621306777 ], [ 761225.420375277171843, 8979178.175918988883495 ], [ 761253.370977222686633, 8979092.929198168218136 ], [ 761253.842819454148412, 8979060.339275941252708 ], [ 761223.532316444325261, 8979052.118069251999259 ], [ 761197.182729828869924, 8979038.291757665574551 ] ] ], [ [ [ 762233.452347518643364, 8979175.001565979793668 ], [ 762309.675628130789846, 8979200.140138482674956 ], [ 762312.010027482407168, 8979187.967155359685421 ], [ 762313.403993552434258, 8979146.236445909366012 ], [ 762278.646205051336437, 8979139.820817641913891 ], [ 762249.451099303434603, 8979142.641308275982738 ], [ 762235.56176596856676, 8979171.96298229880631 ], [ 762233.452347518643364, 8979175.001565979793668 ] ] ], [ [ [ 762153.419028498465195, 8979201.215633518993855 ], [ 762141.344124216004275, 8979215.82320405356586 ], [ 762179.375470020924695, 8979236.01412002556026 ], [ 762189.435711024794728, 8979223.85924256592989 ], [ 762209.584166170563549, 8979220.399174582213163 ], [ 762247.739876466570422, 8979249.859580682590604 ], [ 762248.34064908802975, 8979235.374586408957839 ], [ 762261.379683074075729, 8979224.465780083090067 ], [ 762262.616800279356539, 8979219.694715233519673 ], [ 762250.298626307863742, 8979197.899164969101548 ], [ 762225.780454709194601, 8979186.052805386483669 ], [ 762213.139476392650977, 8979179.945107916370034 ], [ 762171.193449111888185, 8979174.274614663794637 ], [ 762150.75930636189878, 8979193.532394839450717 ], [ 762153.419028498465195, 8979201.215633518993855 ] ] ], [ [ [ 761946.030877009616233, 8979268.709609417244792 ], [ 761958.348469703807496, 8979275.804259797558188 ], [ 761971.729128041421063, 8979270.512903332710266 ], [ 761991.012846600497141, 8979267.758822353556752 ], [ 762002.355107496841811, 8979273.633868392556906 ], [ 762018.785144839435816, 8979234.144048737362027 ], [ 761970.483476645778865, 8979214.16391091607511 ], [ 761946.030877009616233, 8979268.709609417244792 ] ] ], [ [ [ 761857.208233250537887, 8979284.925774790346622 ], [ 761856.614782497985289, 8979286.342765726149082 ], [ 761937.735469381674193, 8979328.515399957075715 ], [ 761938.626630485639907, 8979326.808066789060831 ], [ 761874.171809049439617, 8979293.651977455243468 ], [ 761857.208233250537887, 8979284.925774790346622 ] ] ], [ [ [ 762030.395428982097656, 8979374.014690173789859 ], [ 761994.5001208873, 8979355.549848983064294 ], [ 761993.293294055969454, 8979357.398535795509815 ], [ 762040.632139564841054, 8979382.008828105404973 ], [ 762041.707722541876137, 8979380.166388800367713 ], [ 762030.395428982097656, 8979374.014690173789859 ] ] ], [ [ [ 762211.108976419316605, 8979311.969756608828902 ], [ 762182.942522219615057, 8979364.664826082065701 ], [ 762170.363630311447196, 8979395.110948665067554 ], [ 762194.974181582452729, 8979406.964134521782398 ], [ 762176.132880171877332, 8979451.271166004240513 ], [ 762140.674330233596265, 8979433.985072117298841 ], [ 762269.088498237193562, 8979500.777625830844045 ], [ 762270.800997094716877, 8979496.264086034148932 ], [ 762213.979711822001263, 8979469.721550647169352 ], [ 762219.868143143830821, 8979448.302837932482362 ], [ 762240.37909171404317, 8979378.220924083143473 ], [ 762282.855320061789826, 8979298.754172688350081 ], [ 762246.533865135395899, 8979278.937249341979623 ], [ 762211.108976419316605, 8979311.969756608828902 ] ] ], [ [ [ 762087.700467836810276, 8979406.478485208004713 ], [ 762129.928200853290036, 8979428.141257243230939 ], [ 762088.298691434669308, 8979405.502859948202968 ], [ 762087.700467836810276, 8979406.478485208004713 ] ] ], [ [ [ 761321.851992728188634, 8979394.347273206338286 ], [ 761316.487281564390287, 8979389.352296695113182 ], [ 761312.504500617855228, 8979391.726473998278379 ], [ 761316.09288350015413, 8979396.845071697607636 ], [ 761316.026475772145204, 8979403.553109902888536 ], [ 761305.071031477185898, 8979409.662888873368502 ], [ 761296.889613599400036, 8979408.437706992030144 ], [ 761285.516177564510144, 8979424.229816161096096 ], [ 761319.572102335863747, 8979457.776118187233806 ], [ 761361.262775086215697, 8979408.058999344706535 ], [ 761359.258356650359929, 8979407.289794446900487 ], [ 761348.53710945462808, 8979398.52951967343688 ], [ 761339.727827079943381, 8979393.333896620199084 ], [ 761330.075417821295559, 8979394.963276341557503 ], [ 761321.851992728188634, 8979394.347273206338286 ] ] ], [ [ [ 762717.220996036776341, 8979499.283299788832664 ], [ 762718.590808639652096, 8979591.186175031587481 ], [ 762738.865471129422076, 8979585.313146466389298 ], [ 762736.282429972081445, 8979578.161584354937077 ], [ 762774.83139647054486, 8979565.874454442411661 ], [ 762778.795511686359532, 8979491.48068586550653 ], [ 762774.330538027454168, 8979490.45480290055275 ], [ 762718.62477954570204, 8979473.93530336022377 ], [ 762717.220996036776341, 8979499.283299788832664 ] ] ], [ [ [ 761966.071314300992526, 8979377.811032934114337 ], [ 761953.236847172374837, 8979401.932355292141438 ], [ 761942.929208483081311, 8979405.243170708417892 ], [ 761907.48292987421155, 8979386.474801328033209 ], [ 761913.089536958024837, 8979375.733369514346123 ], [ 761923.722157184616663, 8979355.362838201224804 ], [ 761934.681510116439313, 8979334.366335241124034 ], [ 761854.056438955827616, 8979292.451359566301107 ], [ 761849.636826588655822, 8979303.004131870344281 ], [ 761832.7134934180649, 8979333.745992351323366 ], [ 761822.51085048657842, 8979329.263476679101586 ], [ 761813.426787814358249, 8979323.023271339014173 ], [ 761809.260450685746036, 8979314.783810874447227 ], [ 761777.031140203820542, 8979299.030314700677991 ], [ 761780.220290769007988, 8979292.984616005793214 ], [ 761737.390827553230338, 8979271.863792676478624 ], [ 761725.075044642551802, 8979294.098024014383554 ], [ 761733.058073750231415, 8979297.00178499519825 ], [ 761716.600803887820803, 8979327.519396172836423 ], [ 761671.063237441354431, 8979427.766477059572935 ], [ 761619.37448729085736, 8979405.081601211801171 ], [ 761531.668838162906468, 8979361.284158002585173 ], [ 761559.418899181066081, 8979307.963650338351727 ], [ 761555.084037523367442, 8979308.138016071170568 ], [ 761537.486291553243063, 8979300.876934370025992 ], [ 761522.734572776593268, 8979287.336447915062308 ], [ 761521.31088111968711, 8979273.707137746736407 ], [ 761511.034626829554327, 8979265.055734476074576 ], [ 761504.87448385101743, 8979274.040259480476379 ], [ 761499.833945156657137, 8979284.358842903748155 ], [ 761486.769774194341153, 8979290.706327671185136 ], [ 761474.047077354625799, 8979281.624043731018901 ], [ 761466.443885980406776, 8979274.072753708809614 ], [ 761469.277992536430247, 8979266.00474601238966 ], [ 761475.505179509404115, 8979267.081187063828111 ], [ 761484.828828350990079, 8979266.124712899327278 ], [ 761494.097352312644944, 8979256.89589156024158 ], [ 761494.452226307010278, 8979243.478317692875862 ], [ 761465.270816535921767, 8979231.375495985150337 ], [ 761445.208807671791874, 8979221.000591533258557 ], [ 761438.048125871107914, 8979226.874001398682594 ], [ 761458.167987609980628, 8979242.758991712704301 ], [ 761442.571595613146201, 8979263.450347715988755 ], [ 761421.594945222022943, 8979248.072163462638855 ], [ 761384.410861685988493, 8979298.095850396901369 ], [ 761333.00520973384846, 8979261.43310366384685 ], [ 761371.078282359289005, 8979211.037911809980869 ], [ 761388.60547704435885, 8979187.838146781548858 ], [ 761396.967204415355809, 8979176.77019701898098 ], [ 761356.043206170550548, 8979146.836759522557259 ], [ 761331.474763079080731, 8979178.80533716455102 ], [ 761296.884976018918678, 8979226.003394234925508 ], [ 761292.890302737709135, 8979226.730082124471664 ], [ 761289.028725140262395, 8979221.330116610974073 ], [ 761282.88334827509243, 8979212.444920161738992 ], [ 761282.46332700108178, 8979201.59635916352272 ], [ 761287.253996789688244, 8979189.837991131469607 ], [ 761295.758899766718969, 8979179.232025366276503 ], [ 761282.637613124446943, 8979169.628684651106596 ], [ 761270.457173987408169, 8979200.451150398701429 ], [ 761264.805234426050447, 8979213.440402386710048 ], [ 761240.589913224219345, 8979206.775774322450161 ], [ 761216.801338779041544, 8979241.766221035271883 ], [ 761200.197858301806264, 8979281.431670844554901 ], [ 761173.163793822168373, 8979313.558706106618047 ], [ 761212.196333982632495, 8979352.007152004167438 ], [ 761225.251636520726606, 8979333.786269905045629 ], [ 761261.053622897714376, 8979356.671385545283556 ], [ 761271.689644261146896, 8979342.593080323189497 ], [ 761229.069530449574813, 8979311.252995012328029 ], [ 761271.307667694985867, 8979256.364979650825262 ], [ 761313.434134729555808, 8979287.338238490745425 ], [ 761297.153230808326043, 8979308.888358302414417 ], [ 761337.379679661244154, 8979336.998856037855148 ], [ 761348.24424239306245, 8979346.784665517508984 ], [ 761343.6794518744573, 8979352.922256872057915 ], [ 761338.278116458794102, 8979359.106856534257531 ], [ 761336.632211708696559, 8979362.136235523968935 ], [ 761335.005661066621542, 8979368.072110865265131 ], [ 761337.151664392789826, 8979373.423898221924901 ], [ 761341.601787034422159, 8979374.512197360396385 ], [ 761351.040990654844791, 8979374.225752716884017 ], [ 761362.246099306852557, 8979372.250645931810141 ], [ 761369.891108398558572, 8979369.404899191111326 ], [ 761374.974875777377747, 8979365.570068897679448 ], [ 761379.904578395653516, 8979355.280199714004993 ], [ 761389.694849855033681, 8979357.674446113407612 ], [ 761392.663003912079148, 8979369.728355953469872 ], [ 761370.848929967032745, 8979396.480449313297868 ], [ 761379.343630153802224, 8979404.472994593903422 ], [ 761405.607582976808771, 8979412.123603953048587 ], [ 761421.705494141671807, 8979427.667448535561562 ], [ 761421.5429276607465, 8979436.611998854205012 ], [ 761415.708486426621675, 8979444.476393925026059 ], [ 761405.157341247191653, 8979449.874588260427117 ], [ 761431.779112968128175, 8979472.597172118723392 ], [ 761414.030549628892913, 8979492.726394301280379 ], [ 761378.682992173475213, 8979472.056451160460711 ], [ 761353.806095963460393, 8979491.49782439507544 ], [ 761582.74138393078465, 8979717.007258247584105 ], [ 761678.818112939945422, 8979811.6462671905756 ], [ 761693.958345643128268, 8979804.142403202131391 ], [ 761715.82732737774495, 8979780.241859525442123 ], [ 761860.70159144862555, 8979876.406594624742866 ], [ 761949.861178473685868, 8979954.598676370456815 ], [ 761987.04007285204716, 8979984.967965736985207 ], [ 761999.898231342434883, 8979986.201892523095012 ], [ 762073.699173687724397, 8979884.883380062878132 ], [ 762093.658693725126795, 8979889.23718192987144 ], [ 762110.83029575063847, 8979868.798977831378579 ], [ 762131.544484382262453, 8979829.069295853376389 ], [ 762157.897286263527349, 8979769.770179942250252 ], [ 762192.798630073433742, 8979773.23231746815145 ], [ 762217.441261073225178, 8979772.011971371248364 ], [ 762218.100736472290009, 8979769.459586217999458 ], [ 762229.456060139928013, 8979725.510775417089462 ], [ 762231.373426279751584, 8979718.107568332925439 ], [ 762203.035051711369306, 8979713.6111068893224 ], [ 762197.318841905216686, 8979703.935512073338032 ], [ 762196.211675755446777, 8979681.364950340241194 ], [ 762203.821798154269345, 8979675.188320375978947 ], [ 762217.62478430417832, 8979671.945713771507144 ], [ 762228.82093698810786, 8979674.159854656085372 ], [ 762232.084713339572772, 8979628.296255009248853 ], [ 762270.55868298234418, 8979636.617371596395969 ], [ 762285.868623410584405, 8979592.700548533350229 ], [ 762270.085473204497248, 8979585.415601221844554 ], [ 762240.907470448873937, 8979575.052823089063168 ], [ 762266.731165517470799, 8979506.990719053894281 ], [ 762084.241847741417587, 8979412.119046937674284 ], [ 762062.421764059923589, 8979447.704779263585806 ], [ 762013.64628632075619, 8979428.234733268618584 ], [ 762037.300686457776465, 8979387.715500930324197 ], [ 761989.667766926810145, 8979362.952326960861683 ], [ 761983.034035475342534, 8979373.114258678629994 ], [ 761970.792740548960865, 8979369.618572983890772 ], [ 761966.071314300992526, 8979377.811032934114337 ] ], [ [ 761649.682455873815343, 8979502.838621132075787 ], [ 761668.975419983733445, 8979497.791092112660408 ], [ 761663.609840142540634, 8979525.998828813433647 ], [ 761602.028540340368636, 8979602.26117036677897 ], [ 761618.772154409438372, 8979614.670452855527401 ], [ 761571.834162775194272, 8979671.550729174166918 ], [ 761556.226552213425748, 8979662.934832416474819 ], [ 761600.018860763520934, 8979604.923382738605142 ], [ 761527.546752081485465, 8979542.780298383906484 ], [ 761528.141654427861795, 8979532.044166728854179 ], [ 761551.216889730538242, 8979527.865849830210209 ], [ 761582.210018598125316, 8979511.784645447507501 ], [ 761598.02333072386682, 8979517.939691176638007 ], [ 761616.995717223733664, 8979531.452046116814017 ], [ 761649.682455873815343, 8979502.838621132075787 ] ], [ [ 762213.049898105440661, 8979603.606418617069721 ], [ 762221.624555530841462, 8979606.902958607301116 ], [ 762215.340154897654429, 8979630.533455340191722 ], [ 762207.33278233173769, 8979629.021826291456819 ], [ 762213.049898105440661, 8979603.606418617069721 ] ] ], [ [ [ 762945.761212728684768, 8980420.284597471356392 ], [ 762926.407000026549213, 8980414.581839701160789 ], [ 762895.519792677951045, 8980417.340167490765452 ], [ 762826.879405607585795, 8980407.106904635205865 ], [ 762819.396614495897666, 8980363.916191853582859 ], [ 762820.676148470956832, 8980385.513174409046769 ], [ 762820.800014602602459, 8980387.578588457778096 ], [ 762820.956659144838341, 8980389.615056881681085 ], [ 762821.147632356383838, 8980391.648593315854669 ], [ 762821.372879893518984, 8980393.678619101643562 ], [ 762821.632337666815147, 8980395.704556632786989 ], [ 762821.925931843928993, 8980397.725829401984811 ], [ 762822.253578885341994, 8980399.741862274706364 ], [ 762822.615185565082356, 8980401.7520816270262 ], [ 762823.010648982599378, 8980403.75591541826725 ], [ 762823.439856607699767, 8980405.752793453633785 ], [ 762823.902686323272064, 8980407.742147590965033 ], [ 762824.399006421794184, 8980409.723411712795496 ], [ 762824.928675682749599, 8980411.696022080257535 ], [ 762825.491543386713602, 8980413.659417381510139 ], [ 762826.087449373328127, 8980415.613038945943117 ], [ 762826.716224089963362, 8980417.556330908089876 ], [ 762827.377688591252081, 8980419.488740220665932 ], [ 762828.094175090664066, 8980421.47205613926053 ], [ 762830.024573234724812, 8980427.232197813689709 ], [ 762832.031293224892579, 8980432.895393172279 ], [ 762834.135013731895015, 8980438.523426147177815 ], [ 762840.624550186330453, 8980455.019647873938084 ], [ 762847.389357181382366, 8980471.405549542978406 ], [ 762854.427325004711747, 8980487.675995025783777 ], [ 762861.736484054941684, 8980503.826430970802903 ], [ 762869.339735904359259, 8980519.905093403533101 ], [ 762879.512800761614926, 8980542.498374549672008 ], [ 762886.305292117176577, 8980537.753532776609063 ], [ 762897.658682786510326, 8980538.52811131067574 ], [ 762924.671979936538264, 8980552.199045399203897 ], [ 762940.506258159759454, 8980555.069984400644898 ], [ 762950.00451224623248, 8980531.191233702003956 ], [ 762951.512452151975594, 8980503.963783942162991 ], [ 762952.68461557442788, 8980462.643876684829593 ], [ 762967.909164996002801, 8980464.607581110671163 ], [ 762971.252730268985033, 8980459.117427946999669 ], [ 762964.541924045421183, 8980430.486910816282034 ], [ 762945.761212728684768, 8980420.284597471356392 ] ] ], [ [ [ 762742.378070489037782, 8980624.681657081469893 ], [ 762747.744040974415839, 8980668.87392108514905 ], [ 762761.009535988792777, 8980764.624975543469191 ], [ 762767.703076367382891, 8980809.004044951871037 ], [ 762772.069513517315499, 8980807.444603113457561 ], [ 762781.426164553151466, 8980802.766277596354485 ], [ 762790.782815588871017, 8980803.390054330229759 ], [ 762800.139466624590568, 8980809.627821687608957 ], [ 762825.30861424759496, 8980797.645704135298729 ], [ 762837.242302726022899, 8980803.681214939802885 ], [ 762839.698828508262523, 8980804.939763763919473 ], [ 762854.096154264057986, 8980822.103356402367353 ], [ 762863.140916932024993, 8980829.900565600022674 ], [ 762878.735335324890912, 8980867.639058109372854 ], [ 762902.438851282116957, 8980861.713179120793939 ], [ 762913.666832524701022, 8980859.335030315443873 ], [ 762932.751009862637147, 8980852.613073114305735 ], [ 762952.822909013950266, 8980862.896484460681677 ], [ 762943.111186191672459, 8980818.082762815058231 ], [ 762984.721159375621937, 8980809.661565605551004 ], [ 762984.430594742414542, 8980808.680158508941531 ], [ 762980.973254333715886, 8980796.743687877431512 ], [ 762977.322442425996996, 8980784.904861828312278 ], [ 762973.468629317474551, 8980773.130552744492888 ], [ 762969.412954230327159, 8980761.424241213127971 ], [ 762965.156616062740795, 8980749.789387742057443 ], [ 762960.700873030698858, 8980738.229431707412004 ], [ 762956.047042282531038, 8980726.747790308669209 ], [ 762951.196499550365843, 8980715.347857668995857 ], [ 762946.147780578234233, 8980704.026504902169108 ], [ 762920.651544054620899, 8980648.777617890387774 ], [ 762918.564458652632311, 8980649.809256350621581 ], [ 762872.606593280797824, 8980547.322651833295822 ], [ 762874.006511207204312, 8980546.344750102609396 ], [ 762863.346913732471876, 8980522.670932425186038 ], [ 762855.746354940813035, 8980506.597965026274323 ], [ 762848.39167117071338, 8980490.346936922520399 ], [ 762841.309867726755328, 8980473.975151808932424 ], [ 762834.502926479559392, 8980457.487191393971443 ], [ 762827.972535822540522, 8980440.887119418010116 ], [ 762825.829228936112486, 8980435.15318194963038 ], [ 762823.784653118229471, 8980429.383153077214956 ], [ 762821.860681734397076, 8980423.642188303172588 ], [ 762821.151407849160023, 8980421.678837720304728 ], [ 762820.45388680556789, 8980419.641092445701361 ], [ 762819.790837511769496, 8980417.591871429234743 ], [ 762819.162448606337421, 8980415.531757680699229 ], [ 762818.568898905301467, 8980413.461337426677346 ], [ 762818.010357302729972, 8980411.381199806928635 ], [ 762817.486982725793496, 8980409.291936699301004 ], [ 762816.998924104496837, 8980407.194142621010542 ], [ 762816.546320303110406, 8980405.088414441794157 ], [ 762816.129300120752305, 8980402.975351398810744 ], [ 762815.747982216649689, 8980400.85555474460125 ], [ 762815.402475086972117, 8980398.729627622291446 ], [ 762815.092877048999071, 8980396.59817498549819 ], [ 762814.819276199676096, 8980394.461803343147039 ], [ 762814.581750386510976, 8980392.321120558306575 ], [ 762814.380367200472392, 8980390.17673578672111 ], [ 762814.215183941530995, 8980388.029259176924825 ], [ 762814.087771893129684, 8980385.904704093933105 ], [ 762812.796614495804533, 8980364.111532259732485 ], [ 762812.796614495804533, 8980350.474863719195127 ], [ 762769.327080151531845, 8980357.978226048871875 ], [ 762713.988246144028381, 8980374.399588769301772 ], [ 762714.734969807672314, 8980379.551492664963007 ], [ 762719.582072422606871, 8980412.993324039503932 ], [ 762720.73380374466069, 8980420.93951534666121 ], [ 762736.159687984851189, 8980489.122667049989104 ], [ 762745.348091812804341, 8980527.214072814211249 ], [ 762757.19941981532611, 8980557.479878256097436 ], [ 762770.404010941041633, 8980591.2016338147223 ], [ 762764.019989515771158, 8980611.414305960759521 ], [ 762742.378070489037782, 8980624.681657081469893 ] ], [ [ 762934.064053156296723, 8980737.979685178026557 ], [ 762942.252748579485342, 8980734.887246333062649 ], [ 762945.017337874160148, 8980742.098358504474163 ], [ 762936.767873963690363, 8980745.130451131612062 ], [ 762934.064053156296723, 8980737.979685178026557 ] ] ], [ [ [ 762828.125751019222662, 8980893.075000233948231 ], [ 762856.330194677342661, 8980882.83316315151751 ], [ 762867.990132279112004, 8980874.95482693426311 ], [ 762869.723366246907972, 8980870.542958652600646 ], [ 762858.063428645255044, 8980851.004684831947088 ], [ 762851.130492773954757, 8980839.0296137817204 ], [ 762845.930790870450437, 8980836.823679640889168 ], [ 762817.096080314950086, 8980852.265218626707792 ], [ 762786.528135791537352, 8980874.639693485572934 ], [ 762777.074132330715656, 8980878.263728145509958 ], [ 762775.656031811609864, 8980885.984497638419271 ], [ 762777.861965952441096, 8980893.390133682638407 ], [ 762784.479768375051208, 8980909.146806117147207 ], [ 762803.545342021039687, 8980901.583603348582983 ], [ 762828.125751019222662, 8980893.075000233948231 ] ] ], [ [ [ 762795.667005803668872, 8980973.276462929323316 ], [ 762808.587477200082503, 8980997.856871927157044 ], [ 762854.124260536395013, 8980980.524532249197364 ], [ 762890.207040412002243, 8980970.282695166766644 ], [ 762896.037009212770499, 8980962.561925673857331 ], [ 762893.358374899020419, 8980946.805253239348531 ], [ 762891.62514093122445, 8980928.68507993966341 ], [ 762882.486270919092931, 8980898.904969036579132 ], [ 762882.013570745941252, 8980887.875298332422972 ], [ 762879.334936432074755, 8980883.463430050760508 ], [ 762837.107054307009093, 8980896.6990348957479 ], [ 762799.606173912412487, 8980912.455707330256701 ], [ 762787.788669586298056, 8980919.703776650130749 ], [ 762785.897868894157, 8980934.042348567396402 ], [ 762789.994603727245703, 8980947.908220309764147 ], [ 762795.667005803668872, 8980973.276462929323316 ] ] ], [ [ [ 762892.019057741505094, 8981080.421835482120514 ], [ 762900.685227580601349, 8981083.730736693367362 ], [ 762914.393532598856837, 8981080.579402206465602 ], [ 762925.108069854439236, 8981078.37346806563437 ], [ 762917.932023310451768, 8981058.863408412784338 ], [ 762901.245995653793216, 8981061.358515352010727 ], [ 762899.218721265555359, 8981053.093473615124822 ], [ 762894.618908693431877, 8981052.847658729180694 ], [ 762886.898139200406149, 8981054.580892696976662 ], [ 762886.110305578680709, 8981060.568428222090006 ], [ 762888.39502308156807, 8981075.852400476112962 ], [ 762892.019057741505094, 8981080.421835482120514 ] ] ], [ [ [ 762875.159418236464262, 8981291.876379560679197 ], [ 762857.827078558271751, 8981226.643755679950118 ], [ 762839.092946328222752, 8981176.490922521799803 ], [ 762827.574267483549193, 8981145.654459362849593 ], [ 762824.107799547957256, 8981132.891554690897465 ], [ 762820.956465060939081, 8981122.649717608466744 ], [ 762823.00483247754164, 8981113.51084759645164 ], [ 762825.998600240098312, 8981112.250313801690936 ], [ 762832.458835938363336, 8981119.81351657025516 ], [ 762837.028270944370888, 8981118.710549499839544 ], [ 762841.755272674839944, 8981116.977315532043576 ], [ 762850.106309065246023, 8981115.716781737282872 ], [ 762863.972180807730183, 8981118.395416051149368 ], [ 762865.547848051297478, 8981115.244081564247608 ], [ 762858.772478904342279, 8981107.365745346993208 ], [ 762856.881678212084807, 8981092.712039982900023 ], [ 762857.827078558155335, 8981084.361003590747714 ], [ 762866.965948570286855, 8981078.37346806563437 ], [ 762870.194322795141488, 8981077.57685624435544 ], [ 762867.044731932575814, 8981074.119166519492865 ], [ 762850.500225876225159, 8981078.058334628120065 ], [ 762848.766991908312775, 8981070.022431686520576 ], [ 762855.069660882232711, 8981068.761897891759872 ], [ 762854.439393984852359, 8981065.137863231822848 ], [ 762864.523664343054406, 8981062.459228917956352 ], [ 762866.099331586505286, 8981057.259527010843158 ], [ 762866.729598483885638, 8981048.908490620553493 ], [ 762841.152786997612566, 8981056.64340902864933 ], [ 762840.840898629860021, 8981062.72523220255971 ], [ 762836.630405663745478, 8981066.000060064718127 ], [ 762821.503819822566584, 8981070.210553031414747 ], [ 762806.065345613635145, 8981074.421045996248722 ], [ 762799.983522440074012, 8981069.742720479145646 ], [ 762793.745755082927644, 8981071.458106504753232 ], [ 762764.645822893362492, 8981079.611104747280478 ], [ 762792.200537868426181, 8981183.312906479462981 ], [ 762792.121754506020807, 8981188.670175107195973 ], [ 762748.160638413159177, 8981194.972844080999494 ], [ 762785.976652256445959, 8981307.633051989600062 ], [ 762797.479023133637384, 8981302.906050262972713 ], [ 762802.521158312796615, 8981304.009017333388329 ], [ 762804.096825556247495, 8981304.954417679458857 ], [ 762803.466558658983558, 8981315.826521659269929 ], [ 762805.042225902434438, 8981331.268060645088553 ], [ 762804.569525729399174, 8981340.564497381448746 ], [ 762789.285553467692807, 8981349.073100497946143 ], [ 762782.510184320854023, 8981354.272802401334047 ], [ 762774.47428137913812, 8981357.896837061271071 ], [ 762773.499479356105439, 8981358.577863132581115 ], [ 762784.540646033245139, 8981391.110794670879841 ], [ 762786.093951649148948, 8981395.687628509476781 ], [ 762857.669511834392324, 8981357.424136888235807 ], [ 762881.934787383885123, 8981344.661232216283679 ], [ 762886.976922563277185, 8981342.927998248487711 ], [ 762881.304520487319678, 8981315.905305014923215 ], [ 762875.159418236464262, 8981291.876379560679197 ] ] ], [ [ [ 762918.56905079644639, 8981476.544580506160855 ], [ 762920.144718039897271, 8981468.035977391526103 ], [ 762918.411484072101302, 8981458.739540655165911 ], [ 762911.005848027765751, 8981442.352601321414113 ], [ 762903.127511810394935, 8981424.547561470419168 ], [ 762893.988641798263416, 8981398.076351780444384 ], [ 762885.480038683512248, 8981403.591187132522464 ], [ 762880.910603677504696, 8981405.324421100318432 ], [ 762874.923068152274936, 8981409.106022484600544 ], [ 762811.896378413424827, 8981454.957939270883799 ], [ 762820.562548252404667, 8981469.296511184424162 ], [ 762825.13198325841222, 8981479.223214820027351 ], [ 762832.537619302747771, 8981492.458819665014744 ], [ 762835.846520514111035, 8981499.706888984888792 ], [ 762836.319220687146299, 8981508.215492099523544 ], [ 762840.731088968808763, 8981513.887894175946712 ], [ 762848.136725013144314, 8981516.881661938503385 ], [ 762855.22722760878969, 8981516.093828316777945 ], [ 762908.484780438127927, 8981484.738050172105432 ], [ 762918.56905079644639, 8981476.544580506160855 ] ] ], [ [ [ 763099.065843768650666, 8979174.730670101940632 ], [ 763054.805530007695779, 8979163.362820697948337 ], [ 763046.058315525995567, 8979161.116180123761296 ], [ 763044.460728066624142, 8979160.70585466362536 ], [ 763044.256084140855819, 8979163.364392589777708 ], [ 763043.87458764645271, 8979167.438506869599223 ], [ 763043.425751394941472, 8979171.505753232166171 ], [ 763043.496926211635582, 8979173.766248881816864 ], [ 763042.873703917604871, 8979175.848149165511131 ], [ 763030.736631494713947, 8979214.318990845233202 ], [ 763024.586241427576169, 8979234.099758252501488 ], [ 763035.020420394837856, 8979237.371238453313708 ], [ 763073.241722394712269, 8979248.293591322377324 ], [ 763091.164770849514753, 8979256.678868399932981 ], [ 763097.442025247495621, 8979256.636782355606556 ], [ 763097.153344560530968, 8979249.591354491189122 ], [ 763094.786568396259099, 8979220.688731994479895 ], [ 763099.065843768650666, 8979174.730670101940632 ] ] ], [ [ [ 763237.296692691044882, 8979571.372405517846346 ], [ 763230.822890372946858, 8979560.115727953612804 ], [ 763227.775621722918004, 8979555.761934129521251 ], [ 763220.535151601186953, 8979538.192067459225655 ], [ 763214.329679389717057, 8979530.943299537524581 ], [ 763212.240820347098634, 8979525.489521559327841 ], [ 763146.173906914773397, 8979514.012623626738787 ], [ 763138.736922006588429, 8979520.37645304389298 ], [ 763138.045336218434386, 8979561.17905898578465 ], [ 763139.532113049295731, 8979628.528317883610725 ], [ 763181.512522427830845, 8979623.872665362432599 ], [ 763211.450497350189835, 8979623.671940883621573 ], [ 763237.296692691044882, 8979571.372405517846346 ] ] ], [ [ [ 764051.196212160401046, 8979620.2385015450418 ], [ 764042.119734128704295, 8979641.707047844305634 ], [ 764035.686876804567873, 8979654.52773816511035 ], [ 764023.75172829022631, 8979665.486085444688797 ], [ 764011.094388378318399, 8979671.096580810844898 ], [ 764003.720178044168279, 8979671.491508012637496 ], [ 763985.46766706625931, 8979661.426848780363798 ], [ 763981.190721369115636, 8979655.063178204 ], [ 763979.575849677436054, 8979652.660409452393651 ], [ 763970.713166144560091, 8979635.798560064285994 ], [ 763958.70691553724464, 8979610.6697943136096 ], [ 763947.677990281023085, 8979603.319238489493728 ], [ 763920.033402524655685, 8979599.706418536603451 ], [ 763905.855373810511082, 8979608.780460465699434 ], [ 763898.231179758906364, 8979648.54529164917767 ], [ 763897.092095614993013, 8979683.259159879758954 ], [ 763908.797929577762261, 8979689.223840735852718 ], [ 763936.143590601393953, 8979699.400069216266274 ], [ 763973.931603102246299, 8979706.225382372736931 ], [ 764012.800011493964121, 8979720.640782386064529 ], [ 764023.801113214576617, 8979723.847489923238754 ], [ 764044.405014304327779, 8979730.606176648288965 ], [ 764052.921702323481441, 8979720.522035945206881 ], [ 764082.502211223356426, 8979731.373818758875132 ], [ 764096.891305350116454, 8979728.169004920870066 ], [ 764100.395883910590783, 8979688.086466111242771 ], [ 764106.415573245612904, 8979639.353605465963483 ], [ 764079.233291137032211, 8979627.967719729989767 ], [ 764051.196212160401046, 8979620.2385015450418 ] ] ], [ [ [ 763919.237364567816257, 8979749.242033975198865 ], [ 763905.74121244775597, 8979760.742337023839355 ], [ 763906.792858042637818, 8979765.316338818520308 ], [ 763907.821468532667495, 8979770.161449957638979 ], [ 763909.72276045801118, 8979779.897112235426903 ], [ 763911.477958257659338, 8979789.659272518008947 ], [ 763912.972495330963284, 8979798.751026902347803 ], [ 763914.27105553355068, 8979801.59373914450407 ], [ 763930.056929911253974, 8979802.005630483850837 ], [ 763945.875306228757836, 8979807.251994345337152 ], [ 763979.743359253392555, 8979817.902372436597943 ], [ 764010.710546561749652, 8979821.29859933629632 ], [ 764017.324003572575748, 8979784.303211204707623 ], [ 764028.48646376200486, 8979760.232873927801847 ], [ 764002.999013680499047, 8979755.585592901334167 ], [ 763991.484425161848776, 8979752.554998243227601 ], [ 763955.372370086610317, 8979739.847717475146055 ], [ 763937.017948186723515, 8979740.143781570717692 ], [ 763919.237364567816257, 8979749.242033975198865 ] ] ], [ [ [ 763505.316529046627693, 8980068.237047733739018 ], [ 763538.62038600363303, 8980067.284748900681734 ], [ 763549.73469685181044, 8980066.966943511739373 ], [ 763557.632046445505694, 8980056.464379653334618 ], [ 763575.586686598602682, 8979997.534687109291553 ], [ 763605.78929814172443, 8980000.734146509319544 ], [ 763608.655564470682293, 8979996.097654424607754 ], [ 763602.3390229876386, 8979990.307736750692129 ], [ 763587.249156385660172, 8979972.426046414300799 ], [ 763575.957066675531678, 8979944.798334190621972 ], [ 763572.83142304525245, 8979946.763419646769762 ], [ 763548.237381069688126, 8979951.788752818480134 ], [ 763498.533802745281719, 8979956.982565354555845 ], [ 763500.842191544827074, 8979941.171224657446146 ], [ 763507.011948086554185, 8979925.090958338230848 ], [ 763513.204528463538736, 8979912.412720069289207 ], [ 763531.305889503913932, 8979875.353242438286543 ], [ 763523.906203895108774, 8979852.073643242940307 ], [ 763498.127098524942994, 8979842.404620140790939 ], [ 763475.901026445440948, 8979840.488159514963627 ], [ 763469.931954013649374, 8979850.491748861968517 ], [ 763461.011825441615656, 8979852.495707301422954 ], [ 763455.43349963077344, 8979848.766434798017144 ], [ 763455.861752175725996, 8979840.622624699026346 ], [ 763446.645569052547216, 8979834.487630616873503 ], [ 763426.126688442542218, 8979835.111325398087502 ], [ 763421.614379905979149, 8979846.320195708423853 ], [ 763423.912844477104954, 8979865.016774903982878 ], [ 763417.292802876327187, 8979885.960302362218499 ], [ 763401.737939353566617, 8979906.720749536529183 ], [ 763386.577707306481898, 8979950.321752429008484 ], [ 763380.662376053864136, 8979968.344382382929325 ], [ 763370.83514040755108, 8979979.102859653532505 ], [ 763358.178400650038384, 8979981.982390904799104 ], [ 763319.432676645927131, 8979964.988307544961572 ], [ 763310.763735784450546, 8979968.448615327477455 ], [ 763296.792942743981257, 8979973.402546105906367 ], [ 763283.980458723148331, 8979971.058322969824076 ], [ 763272.928093500668183, 8979979.151842638850212 ], [ 763261.997902703355066, 8980005.4704913161695 ], [ 763255.601257453206927, 8980023.739324010908604 ], [ 763246.309973325813189, 8980024.409138787537813 ], [ 763262.731325041502714, 8980033.837306929752231 ], [ 763276.086976663209498, 8980045.169371051713824 ], [ 763291.735483598895371, 8980056.364554513245821 ], [ 763300.466355610289611, 8980062.13832601159811 ], [ 763297.145685693947598, 8980071.030554186552763 ], [ 763285.585806833347306, 8980093.465223530307412 ], [ 763353.139117031591013, 8980129.853856096044183 ], [ 763368.096149261342362, 8980092.729743920266628 ], [ 763389.111547652748413, 8980022.115070858970284 ], [ 763433.498660763725638, 8980016.228046752512455 ], [ 763505.230241427430883, 8980019.391996126621962 ], [ 763500.921723563456908, 8980060.976142380386591 ], [ 763505.316529046627693, 8980068.237047733739018 ] ] ], [ [ [ 762897.542972919181921, 8979907.973298413679004 ], [ 762889.027828352060169, 8979918.888163628056645 ], [ 762892.367889552609995, 8979931.250877177342772 ], [ 762848.323173852055334, 8979965.665383832529187 ], [ 762851.878485120483674, 8979974.141144845634699 ], [ 762874.290632437681779, 8979970.105607992038131 ], [ 762876.148584124515764, 8979995.349006228148937 ], [ 762878.037434925790876, 8980014.806318715214729 ], [ 762878.869675097172149, 8980023.379339449107647 ], [ 762877.552901846589521, 8980042.937141684815288 ], [ 762873.833343715639785, 8980054.982845159247518 ], [ 762866.142155441222712, 8980068.451487315818667 ], [ 762862.741425213404, 8980074.059673726558685 ], [ 762860.426414021407254, 8980079.660592781379819 ], [ 762846.701588130556047, 8980083.880808519199491 ], [ 762827.120247287326492, 8980087.290256299078465 ], [ 762831.032995194196701, 8980095.095805967226624 ], [ 762842.135939644183964, 8980095.689323289319873 ], [ 762856.353064052178524, 8980092.92288264259696 ], [ 762867.562424143077806, 8980091.390790734440088 ], [ 762873.999769518268295, 8980088.858547145500779 ], [ 762884.013744605705142, 8980088.973652081564069 ], [ 762898.236789658199996, 8980096.103072538971901 ], [ 762933.614259437657893, 8980082.509786158800125 ], [ 762948.848815666045994, 8980069.537020947784185 ], [ 762960.60444192122668, 8980059.501677852123976 ], [ 762973.404010092490353, 8980061.237308258190751 ], [ 762984.077669919119217, 8980069.786823330447078 ], [ 762988.021754603018053, 8980082.266916651278734 ], [ 762984.320261057117023, 8980087.998554127290845 ], [ 762971.982587461359799, 8980101.194782055914402 ], [ 762956.480736368568614, 8980110.283829398453236 ], [ 762944.240109018748626, 8980119.958146782591939 ], [ 762924.8575806558365, 8980126.037600534036756 ], [ 762913.369203809881583, 8980139.956649824976921 ], [ 762914.542513114400208, 8980157.068419123068452 ], [ 762932.421948938397691, 8980158.892828257754445 ], [ 762942.11201159376651, 8980163.688201194629073 ], [ 762952.255670186132193, 8980164.106316491961479 ], [ 762966.71430600003805, 8980159.878307994455099 ], [ 762983.342629803810269, 8980155.149741388857365 ], [ 763004.091672967886552, 8980152.8236960824579 ], [ 763026.804769307025708, 8980155.344732213765383 ], [ 763039.37583474535495, 8980157.690667323768139 ], [ 763052.88987124687992, 8980156.628110602498055 ], [ 763057.196700718719512, 8980150.766969241201878 ], [ 763054.78856217477005, 8980142.702937567606568 ], [ 763062.244665540521964, 8980138.40028260089457 ], [ 763056.747074525104836, 8980110.672943308949471 ], [ 763052.538462549797259, 8980095.148341774940491 ], [ 763036.975593075389042, 8980069.311145188286901 ], [ 763033.242674333509058, 8980052.337009474635124 ], [ 763028.590211945236661, 8980042.168687682598829 ], [ 763058.718206614721566, 8980037.352838132530451 ], [ 763081.627584578935057, 8980035.499460745602846 ], [ 763093.305795054184273, 8980033.230855250731111 ], [ 763098.784242718946189, 8980012.314256142824888 ], [ 763102.05710165889468, 8979996.628830702975392 ], [ 763104.042827038094401, 8979986.90172902494669 ], [ 763090.232628721743822, 8979978.373258832842112 ], [ 763087.90357010148, 8979977.731124864891171 ], [ 763064.005124780116603, 8979971.142195163294673 ], [ 763035.860749299870804, 8979947.896197175607085 ], [ 763034.11655060434714, 8979939.651156118139625 ], [ 763009.468300027539954, 8979988.081655684858561 ], [ 762989.891213802853599, 8979983.113028144463897 ], [ 762959.763875945005566, 8979951.98781219497323 ], [ 762944.624612495303154, 8979925.133428085595369 ], [ 762975.140604566084221, 8979888.198805652558804 ], [ 762972.162420607404783, 8979875.833669370040298 ], [ 762978.124238305492327, 8979865.351416477933526 ], [ 762987.889168276917189, 8979864.31463547796011 ], [ 763005.472464512800798, 8979841.794429881498218 ], [ 762967.284724796190858, 8979830.410671038553119 ], [ 762962.247377316001803, 8979844.356858527287841 ], [ 762955.364670699113049, 8979853.151393033564091 ], [ 762931.266298661241308, 8979878.100014969706535 ], [ 762900.80734625866171, 8979905.081604078412056 ], [ 762897.542972919181921, 8979907.973298413679004 ] ] ], [ [ [ 763592.859080529073253, 8980304.648211868479848 ], [ 763622.82700903294608, 8980308.821347830817103 ], [ 763631.97074978868477, 8980304.142731754109263 ], [ 763649.669332304736599, 8980278.993580160662532 ], [ 763665.040736327180639, 8980284.844233235344291 ], [ 763678.081788644078188, 8980249.276749789714813 ], [ 763666.43558428902179, 8980240.849459756165743 ], [ 763663.212047147331759, 8980228.234405048191547 ], [ 763660.223426072159782, 8980214.645720388740301 ], [ 763661.947781471069902, 8980183.771453743800521 ], [ 763675.027930589509197, 8980154.036019187420607 ], [ 763705.459074191283435, 8980155.289794256910682 ], [ 763715.380889713065699, 8980122.659379441291094 ], [ 763723.759465536684729, 8980111.910529211163521 ], [ 763715.854769743746147, 8980103.336630620062351 ], [ 763721.43881192500703, 8980071.950402289628983 ], [ 763730.393188939779066, 8980039.083456315100193 ], [ 763708.859459098195657, 8980032.423684038221836 ], [ 763702.139155266806483, 8980038.422638671472669 ], [ 763695.25491382740438, 8980055.965828651562333 ], [ 763678.129080487880856, 8980058.510949566960335 ], [ 763656.86289831623435, 8980055.737565448507667 ], [ 763648.459854124695994, 8980062.841364614665508 ], [ 763641.13511900906451, 8980086.705840438604355 ], [ 763620.96961500227917, 8980145.000639522448182 ], [ 763608.734885957324877, 8980169.790842704474926 ], [ 763603.052872710395604, 8980186.596889967098832 ], [ 763595.160776223056018, 8980206.880705054849386 ], [ 763577.318986284546554, 8980255.663825044408441 ], [ 763566.907600259408355, 8980287.325395978987217 ], [ 763575.666289442102425, 8980297.230167079716921 ], [ 763592.859080529073253, 8980304.648211868479848 ] ] ], [ [ [ 763829.70119744935073, 8980184.619490241631866 ], [ 763831.733778367284685, 8980163.706667587161064 ], [ 763841.262404910754412, 8980144.444584587588906 ], [ 763835.89033838454634, 8980135.489167936146259 ], [ 763813.005824834457599, 8980143.419322835281491 ], [ 763788.534047630149871, 8980166.669974964112043 ], [ 763772.758965398883447, 8980190.591242359951138 ], [ 763760.458661451470107, 8980228.58394661359489 ], [ 763758.053858011960983, 8980245.926982127130032 ], [ 763756.773887731134892, 8980255.157911222428083 ], [ 763767.906238423427567, 8980258.971374962478876 ], [ 763775.791762997047044, 8980246.7069948092103 ], [ 763790.433113327133469, 8980233.72895497828722 ], [ 763802.42187931179069, 8980221.254749266430736 ], [ 763821.898537561181001, 8980209.216271972283721 ], [ 763833.182554165949114, 8980199.662948962301016 ], [ 763829.70119744935073, 8980184.619490241631866 ] ] ], [ [ [ 763733.630479881772771, 8980364.710715735331178 ], [ 763736.306892683263868, 8980380.060152111575007 ], [ 763750.440071903401986, 8980389.80731488764286 ], [ 763750.724061211338267, 8980406.554153626784682 ], [ 763735.260196828166954, 8980428.586734995245934 ], [ 763715.917874248698354, 8980460.660050321370363 ], [ 763718.223521415493451, 8980462.316869206726551 ], [ 763720.137320759473369, 8980459.482348669320345 ], [ 763724.650260689435527, 8980453.035538939759135 ], [ 763729.271334195393138, 8980446.665792968124151 ], [ 763733.999225432053208, 8980440.374924527481198 ], [ 763738.832588503952138, 8980434.164724448695779 ], [ 763743.770047186408192, 8980428.036960989236832 ], [ 763748.810195676516742, 8980421.993378859013319 ], [ 763753.951599091291428, 8980416.035698607563972 ], [ 763759.192793585243635, 8980410.165616489946842 ], [ 763764.532286791712977, 8980404.38480393961072 ], [ 763769.968558698892593, 8980398.694906601682305 ], [ 763775.500061335973442, 8980393.09754466637969 ], [ 763781.125219941837713, 8980387.594311641529202 ], [ 763786.93840728898067, 8980382.095998544245958 ], [ 763788.204280000296421, 8980381.340049242600799 ], [ 763789.325753514305688, 8980380.643695617094636 ], [ 763790.434995283256285, 8980379.928018374368548 ], [ 763791.531672237906605, 8980379.193232417106628 ], [ 763792.615455546299927, 8980378.439558062702417 ], [ 763793.686019641230814, 8980377.667221713811159 ], [ 763794.743043321184814, 8980376.876455096527934 ], [ 763795.786209426703863, 8980376.067495480179787 ], [ 763796.815204734797589, 8980375.240585763007402 ], [ 763797.829720432986505, 8980374.395974110811949 ], [ 763798.829452092875727, 8980373.533913966268301 ], [ 763799.814099629758857, 8980372.654664091765881 ], [ 763800.783367482014, 8980371.758488409221172 ], [ 763801.736964745796286, 8980370.845655890181661 ], [ 763802.674605271429755, 8980369.916440445929766 ], [ 763803.59600757912267, 8980368.971121031790972 ], [ 763804.500895166071132, 8980368.009981326758862 ], [ 763805.388996397145092, 8980367.033309850841761 ], [ 763806.260044749476947, 8980366.041399711742997 ], [ 763807.113778839237057, 8980365.034548552706838 ], [ 763807.949942368199117, 8980364.013058645650744 ], [ 763808.768284379853867, 8980362.97723656706512 ], [ 763809.568559244740754, 8980361.927393224090338 ], [ 763810.350526851718314, 8980360.863843608647585 ], [ 763811.113952452200465, 8980359.786906998604536 ], [ 763811.858606883673929, 8980358.696906665340066 ], [ 763812.5842666804092, 8980357.594169713556767 ], [ 763813.29071410279721, 8980356.479027027264237 ], [ 763813.977737045381218, 8980355.351813413202763 ], [ 763814.627598310238682, 8980354.2427849303931 ], [ 763816.001816550968215, 8980351.464905887842178 ], [ 763817.450579602387734, 8980348.660536389797926 ], [ 763818.948048740741797, 8980345.881869662553072 ], [ 763820.493768110522069, 8980343.129751583561301 ], [ 763822.087267221068032, 8980340.405019847676158 ], [ 763823.728061001515016, 8980337.708503879606724 ], [ 763825.415649976232089, 8980335.041024534031749 ], [ 763827.149520411388949, 8980332.40339383482933 ], [ 763828.929144501220435, 8980329.796414703130722 ], [ 763830.753980625187978, 8980327.220880560576916 ], [ 763832.623473161365837, 8980324.677575604990125 ], [ 763834.537053071544506, 8980322.167273966595531 ], [ 763836.497215348412283, 8980319.686845464631915 ], [ 763837.743474591290578, 8980318.162330571562052 ], [ 763838.919277797453105, 8980316.617341779172421 ], [ 763840.040842860238627, 8980315.032540362328291 ], [ 763841.106822799192742, 8980313.409829644486308 ], [ 763842.115937585826032, 8980311.751158175989985 ], [ 763843.066975313820876, 8980310.058517944067717 ], [ 763843.958793865051121, 8980308.333941671997309 ], [ 763844.790322252782062, 8980306.579500410705805 ], [ 763845.560561902238987, 8980304.7973010558635 ], [ 763846.268587818252854, 8980302.989483874291182 ], [ 763846.913549715653062, 8980301.158219927921891 ], [ 763847.494673089822754, 8980299.305708294734359 ], [ 763848.044352150405757, 8980297.310103675350547 ], [ 763848.83433519070968, 8980295.667874189093709 ], [ 763849.631031891098246, 8980294.147767769172788 ], [ 763850.478770385845564, 8980292.655524954199791 ], [ 763851.376577397459187, 8980291.192858966067433 ], [ 763852.323422133689746, 8980289.761449130252004 ], [ 763853.318217569263652, 8980288.362938767299056 ], [ 763854.359821573947556, 8980286.998933525756001 ], [ 763855.447038284386508, 8980285.67099941149354 ], [ 763856.578619446721859, 8980284.380661046132445 ], [ 763857.753265970153734, 8980283.129399785771966 ], [ 763858.969629226252437, 8980281.918652219697833 ], [ 763860.2263126547914, 8980280.749808456748724 ], [ 763861.423690960975364, 8980279.708063589408994 ], [ 763862.992609767126851, 8980277.778804872184992 ], [ 763864.593862170353532, 8980275.738619811832905 ], [ 763866.159553210134618, 8980273.671018406748772 ], [ 763867.689213614910841, 8980271.576620372012258 ], [ 763869.182384885032661, 8980269.456053474918008 ], [ 763870.638619309174828, 8980267.309953546151519 ], [ 763872.057480555842631, 8980265.138963622972369 ], [ 763873.438543159514666, 8980262.943734707310796 ], [ 763874.781393226468936, 8980260.724924692884088 ], [ 763876.085628186818212, 8980258.483198748901486 ], [ 763877.3508571338607, 8980256.219228766858578 ], [ 763878.576700733508915, 8980253.933693520724773 ], [ 763879.762791587621905, 8980251.627278011292219 ], [ 763880.908774160896428, 8980249.300673592835665 ], [ 763882.014304923592135, 8980246.954577708616853 ], [ 763883.07905248075258, 8980244.589693624526262 ], [ 763884.102697669528425, 8980242.206730229780078 ], [ 763885.084933661855757, 8980239.806401792913675 ], [ 763886.025466024992056, 8980237.389427829533815 ], [ 763886.924012794741429, 8980234.956532930955291 ], [ 763887.780304669518955, 8980232.5084462556988 ], [ 763888.594084959360771, 8980230.045901661738753 ], [ 763889.365109711652622, 8980227.56963736563921 ], [ 763890.093147814273834, 8980225.080395622178912 ], [ 763890.777981058112346, 8980222.57892250828445 ], [ 763891.419404129846953, 8980220.065967965871096 ], [ 763892.018517811433412, 8980217.536826688796282 ], [ 763892.758043169393204, 8980214.289472946897149 ], [ 763893.554921082803048, 8980211.038862785324454 ], [ 763894.405300934799016, 8980207.801837153732777 ], [ 763895.308951421291567, 8980204.579276530072093 ], [ 763896.265626705135219, 8980201.372057609260082 ], [ 763897.275066570844501, 8980198.181052748113871 ], [ 763898.33699643262662, 8980195.007129961624742 ], [ 763899.45112743449863, 8980191.851152587682009 ], [ 763900.617156499414705, 8980188.713979152962565 ], [ 763901.834766452084295, 8980185.5964630022645 ], [ 763903.103626082185656, 8980182.499452158808708 ], [ 763904.4233902185224, 8980179.423789102584124 ], [ 763905.793699929025024, 8980176.370310317724943 ], [ 763907.214182377327234, 8980173.339846599847078 ], [ 763908.684451214154251, 8980170.333222188055515 ], [ 763910.204106496763416, 8980167.351254940032959 ], [ 763911.731752482475713, 8980164.471998225897551 ], [ 763912.162120636319742, 8980163.362110519781709 ], [ 763912.595713895745575, 8980162.183512665331364 ], [ 763913.008750445907936, 8980160.997554466128349 ], [ 763913.401105425902642, 8980159.804594436660409 ], [ 763913.772660206537694, 8980158.604993272572756 ], [ 763914.123302499414422, 8980157.39911350607872 ], [ 763914.452926290687174, 8980156.187319729477167 ], [ 763914.761431942693889, 8980154.969978233799338 ], [ 763915.048726180684753, 8980153.747457079589367 ], [ 763915.314722168724984, 8980152.520125776529312 ], [ 763915.559339495841414, 8980151.288355350494385 ], [ 763915.782504213741049, 8980150.052518164739013 ], [ 763902.371071402681991, 8980175.19711004383862 ], [ 763877.870835052337497, 8980180.023744544014335 ], [ 763858.992288560606539, 8980178.941898165270686 ], [ 763856.896692974260077, 8980198.985419876873493 ], [ 763838.2245789966546, 8980228.637006714940071 ], [ 763812.754154064925388, 8980242.27615219540894 ], [ 763803.255219592829235, 8980258.398030310869217 ], [ 763804.543033689958975, 8980271.339447941631079 ], [ 763804.961563363205642, 8980308.114825462922454 ], [ 763805.500617657788098, 8980337.292021039873362 ], [ 763794.353392540244386, 8980363.439674908295274 ], [ 763790.847069536801428, 8980377.794624205678701 ], [ 763784.351352016325109, 8980381.291591159999371 ], [ 763778.679764251806773, 8980379.775665374472737 ], [ 763770.747884571086615, 8980373.785560006275773 ], [ 763772.335862151812762, 8980354.781472219154239 ], [ 763775.339130761683919, 8980342.156578559428453 ], [ 763781.745569005957805, 8980325.364811988547444 ], [ 763780.318678847048432, 8980317.259019942954183 ], [ 763777.326228762278333, 8980314.712313933297992 ], [ 763771.864043920417316, 8980310.063755538314581 ], [ 763756.466976056806743, 8980309.706913189962506 ], [ 763754.534037401666865, 8980309.662115415558219 ], [ 763736.412358938716352, 8980319.107828656211495 ], [ 763731.33425594936125, 8980329.32930176705122 ], [ 763733.216672655427828, 8980354.18077864870429 ], [ 763733.630479881772771, 8980364.710715735331178 ] ] ], [ [ [ 763669.518448704155162, 8980563.967557426542044 ], [ 763675.644455432076938, 8980556.501751715317369 ], [ 763672.628408570541069, 8980554.683100320398808 ], [ 763669.518448704155162, 8980563.967557426542044 ] ] ], [ [ [ 762952.158258425188251, 8980701.299608672037721 ], [ 762957.247399725602008, 8980712.711605310440063 ], [ 762962.142372299451381, 8980724.215958679094911 ], [ 762966.838831028318964, 8980735.802769176661968 ], [ 762971.335387613275088, 8980747.468611678108573 ], [ 762975.630712821846828, 8980759.210037628188729 ], [ 762979.723536920151673, 8980771.023576164618134 ], [ 762983.612650035764091, 8980782.905735107138753 ], [ 762987.296902511967346, 8980794.853001983836293 ], [ 762990.764596334542148, 8980806.825217785313725 ], [ 762991.215229187859222, 8980808.347269095480442 ], [ 762992.783250928390771, 8980808.029926417395473 ], [ 763000.161484155571088, 8980828.150563318282366 ], [ 763022.596112511353567, 8980825.084286075085402 ], [ 763033.520434745470993, 8980869.968436254188418 ], [ 763036.414494582219049, 8980869.463044065982103 ], [ 763038.281013453495689, 8980877.773721255362034 ], [ 763044.973324975464493, 8980876.574625793844461 ], [ 763051.985022207954898, 8980892.981058463454247 ], [ 763074.392518571345136, 8980898.989772573113441 ], [ 763104.777225451776758, 8980912.605561032891273 ], [ 763141.398590231896378, 8980901.455522384494543 ], [ 763150.084978289203718, 8980932.908563483506441 ], [ 763180.90729948412627, 8980946.720452697947621 ], [ 763177.50111709185876, 8980950.24828446097672 ], [ 763174.850065968930721, 8980953.523112319409847 ], [ 763171.57523811107967, 8980956.174163442105055 ], [ 763170.48362882505171, 8980958.825214564800262 ], [ 763171.419293927378021, 8980961.47626568749547 ], [ 763173.446568315499462, 8980968.181865587830544 ], [ 763174.382233417825773, 8980973.172079466283321 ], [ 763170.171740457648411, 8980974.107744568958879 ], [ 763170.327684641350061, 8980978.786070078611374 ], [ 763171.57523811107967, 8980984.55600487627089 ], [ 763173.290624131797813, 8980994.536432633176446 ], [ 763176.253563622245565, 8980998.123148858547211 ], [ 763198.786661295802332, 8980991.843433113768697 ], [ 763204.791349240695126, 8980990.169995490461588 ], [ 763229.43053026648704, 8980986.115446712821722 ], [ 763247.11362669209484, 8980976.388382343575358 ], [ 763265.130687429336831, 8980968.478199936449528 ], [ 763240.689096383284777, 8980888.204737406224012 ], [ 763231.456250614719465, 8980843.552265712991357 ], [ 763219.804104767972603, 8980798.186961844563484 ], [ 763217.510688015026972, 8980780.219395181164145 ], [ 763198.181233825045638, 8980742.195887627080083 ], [ 763164.436896854662336, 8980714.961461188271642 ], [ 763143.653365334263071, 8980712.184485137462616 ], [ 763161.301799673237838, 8980787.643173545598984 ], [ 763107.104161935159937, 8980806.961006412282586 ], [ 763068.551940954639576, 8980710.743198717013001 ], [ 763075.461027863901109, 8980696.845246348530054 ], [ 763069.941087042214349, 8980665.776624919846654 ], [ 763075.91855905810371, 8980656.988165190443397 ], [ 763073.894908557878807, 8980643.241141030564904 ], [ 763070.324055629549548, 8980632.815517826005816 ], [ 763064.594874236616306, 8980624.591454705223441 ], [ 763061.174840696156025, 8980618.660549338907003 ], [ 763063.272164420573972, 8980607.346436876803637 ], [ 763067.927393380785361, 8980599.417371304705739 ], [ 763075.520585736026987, 8980597.543942615389824 ], [ 763081.852556799771264, 8980605.642461879178882 ], [ 763083.681261844700202, 8980608.303353898227215 ], [ 763089.845332996337675, 8980609.35563905723393 ], [ 763097.70437417877838, 8980611.125611633062363 ], [ 763109.680934117524885, 8980614.812111662700772 ], [ 763114.206987075740471, 8980623.651757368817925 ], [ 763111.349555224180222, 8980629.624693430960178 ], [ 763101.237492357613519, 8980633.945116575807333 ], [ 763094.243014879408292, 8980635.085503052920103 ], [ 763088.907714792527258, 8980631.597545400261879 ], [ 763081.776248301379383, 8980630.308723632246256 ], [ 763082.89120498590637, 8980634.553974604234099 ], [ 763086.696181868668646, 8980643.884474627673626 ], [ 763087.35292856732849, 8980652.5725326705724 ], [ 763104.095622604945675, 8980646.106974232941866 ], [ 763129.411176338559017, 8980640.591193117201328 ], [ 763137.625645452993922, 8980635.319204097613692 ], [ 763124.847896913764998, 8980626.192888638004661 ], [ 763122.492371813743375, 8980616.974190743640065 ], [ 763126.515512947458774, 8980604.796631082892418 ], [ 763135.066335031529889, 8980601.70171576552093 ], [ 763140.638196816435084, 8980604.459045791998506 ], [ 763140.797972761327401, 8980610.290273919701576 ], [ 763136.411045393906534, 8980622.227259689942002 ], [ 763146.681751787895337, 8980629.507058177143335 ], [ 763156.578517512883991, 8980623.155382920056581 ], [ 763186.17489877610933, 8980607.890390675514936 ], [ 763214.138144599739462, 8980601.141748823225498 ], [ 763269.628714628284797, 8980612.677619660273194 ], [ 763294.788139118463732, 8980583.863926554098725 ], [ 763301.206097851507366, 8980568.754134334623814 ], [ 763295.304037460125983, 8980552.754847003147006 ], [ 763272.254782471107319, 8980536.141420530155301 ], [ 763265.234834477538243, 8980531.806326925754547 ], [ 763244.614915878511965, 8980519.072717312723398 ], [ 763227.377681851969101, 8980512.580876620486379 ], [ 763226.490289806504734, 8980507.711802592501044 ], [ 763229.942340201698244, 8980500.398297937586904 ], [ 763229.410617734654807, 8980493.111482918262482 ], [ 763227.413970890222117, 8980483.40435672365129 ], [ 763231.061057993443683, 8980469.163685889914632 ], [ 763193.229224571026862, 8980462.491280471906066 ], [ 763181.6258835720364, 8980496.286596471443772 ], [ 763168.373883049120195, 8980491.637016860768199 ], [ 763141.495861044852063, 8980480.152444008737803 ], [ 763117.8707938574953, 8980467.674022251740098 ], [ 763106.808989115990698, 8980492.41385886259377 ], [ 763097.134791195159778, 8980508.031433138996363 ], [ 763087.412177835009061, 8980516.419709790498018 ], [ 763083.653891063295305, 8980496.031838182359934 ], [ 763076.244712172541767, 8980471.294191282242537 ], [ 763064.71478542801924, 8980444.154013952240348 ], [ 763059.628272263566032, 8980441.757949016988277 ], [ 763045.869441230548546, 8980442.336096622049809 ], [ 763025.311244752956554, 8980437.127466509118676 ], [ 763017.951325944741257, 8980429.909841516986489 ], [ 763005.867530398303643, 8980418.059669388458133 ], [ 762998.260888711549342, 8980399.884675299748778 ], [ 762992.962228229967877, 8980401.864244231954217 ], [ 762978.808374747401103, 8980415.567674186080694 ], [ 762981.773970728274435, 8980425.754334693774581 ], [ 762987.533669564756565, 8980456.5783283226192 ], [ 762992.042251971550286, 8980480.849368304014206 ], [ 762986.735903838882223, 8980499.718331769108772 ], [ 762985.25518625928089, 8980512.972406823188066 ], [ 762966.157136008376256, 8980581.629657421261072 ], [ 762980.190791150322184, 8980586.031460806727409 ], [ 762983.04782886733301, 8980579.997788107022643 ], [ 762989.586248301435262, 8980582.870172975584865 ], [ 762987.818134722067043, 8980589.261076541617513 ], [ 762997.43352590338327, 8980600.92205847427249 ], [ 762988.83597999624908, 8980615.074307763949037 ], [ 762926.570312608033419, 8980645.85199286416173 ], [ 762952.158258425188251, 8980701.299608672037721 ] ], [ [ 763131.344233222189359, 8980586.720624797046185 ], [ 763126.654031535726972, 8980589.425169263035059 ], [ 763122.939357104478404, 8980593.581254910677671 ], [ 763116.568015633383766, 8980597.633623300120234 ], [ 763110.080833801068366, 8980602.415803080424666 ], [ 763099.109904637793079, 8980604.676373424008489 ], [ 763091.984950005076826, 8980604.359560444951057 ], [ 763089.42622652836144, 8980600.853013308718801 ], [ 763091.43129260931164, 8980593.792230566963553 ], [ 763092.973000062163919, 8980589.650698125362396 ], [ 763091.735694627510384, 8980585.163254236802459 ], [ 763091.569416918559, 8980578.360021920874715 ], [ 763094.912168103735894, 8980572.748355885967612 ], [ 763096.935128576820716, 8980568.360588207840919 ], [ 763095.097474595531821, 8980564.363188982009888 ], [ 763092.774498515995219, 8980560.00452084839344 ], [ 763090.110513536026701, 8980558.807296503335238 ], [ 763084.437466806499287, 8980558.966787418350577 ], [ 763081.745009366190061, 8980553.517037423327565 ], [ 763089.896235941443592, 8980544.835521373897791 ], [ 763105.065512415603735, 8980538.5371323376894 ], [ 763119.084536568494514, 8980540.751872831955552 ], [ 763122.520035799941979, 8980548.991288162767887 ], [ 763123.650456454837695, 8980555.545052964240313 ], [ 763122.738392818602733, 8980563.57056980766356 ], [ 763125.814173004589975, 8980572.176912918686867 ], [ 763129.07932210911531, 8980573.005590995773673 ], [ 763135.503546327818185, 8980576.85076854377985 ], [ 763135.792993263574317, 8980584.017696468159556 ], [ 763131.344233222189359, 8980586.720624797046185 ] ], [ [ 763157.25329516036436, 8980597.72568666189909 ], [ 763156.69525972136762, 8980604.533772446215153 ], [ 763153.824816619162448, 8980608.562701314687729 ], [ 763146.934790134895593, 8980607.272274930030107 ], [ 763146.020583519828506, 8980596.950368942692876 ], [ 763148.714974434813485, 8980584.660196796059608 ], [ 763155.884973086882383, 8980573.676618153229356 ], [ 763162.888391501153819, 8980573.872726015746593 ], [ 763164.741514633526094, 8980580.178638784214854 ], [ 763158.147452754783444, 8980587.027150481939316 ], [ 763157.25329516036436, 8980597.72568666189909 ] ] ], [ [ [ 764513.178194833919406, 8981306.134327793493867 ], [ 764499.978603122988716, 8981320.371221331879497 ], [ 764484.593233455903828, 8981328.590114524587989 ], [ 764476.182391328853555, 8981327.95601206831634 ], [ 764467.836269769934006, 8981311.43599627353251 ], [ 764463.117192530073225, 8981298.517618793994188 ], [ 764465.634774880832992, 8981290.212611710652709 ], [ 764475.523406671127304, 8981280.994685344398022 ], [ 764483.502864947076887, 8981268.508900430053473 ], [ 764485.421404539607465, 8981257.712598530575633 ], [ 764475.662200623424724, 8981256.992867168039083 ], [ 764386.884570551104844, 8981219.602918513119221 ], [ 764381.83491130231414, 8981183.031229304149747 ], [ 764379.390789350494742, 8981125.721843911334872 ], [ 764369.486529231769964, 8981081.585405187681317 ], [ 764363.059795864275657, 8981044.332308040931821 ], [ 764382.453721719095483, 8980968.918568436056376 ], [ 764421.238031630637124, 8980919.619923371821642 ], [ 764448.393806887208484, 8980875.924837240949273 ], [ 764461.134426215430722, 8980831.636040896177292 ], [ 764445.193569306167774, 8980808.260418755933642 ], [ 764431.292773196357302, 8980782.108377117663622 ], [ 764437.880700147245079, 8980741.314346535131335 ], [ 764423.914862306788564, 8980705.493325794115663 ], [ 764375.513175259111449, 8980651.255830738693476 ], [ 764347.239274373976514, 8980630.725863751024008 ], [ 764299.825938764493912, 8980621.375380981713533 ], [ 764270.689394869026728, 8980574.605631783604622 ], [ 764245.035028629587032, 8980535.409853249788284 ], [ 764223.57224619819317, 8980507.236635619774461 ], [ 764127.623382177902386, 8980423.619824673980474 ], [ 764110.913082035025582, 8980387.817242696881294 ], [ 764055.603768041823059, 8980326.719289423897862 ], [ 764014.60732847021427, 8980251.021009910851717 ], [ 763998.293655246496201, 8980223.158475222066045 ], [ 763966.183521225582808, 8980193.330088702961802 ], [ 763930.174045481486246, 8980144.87977858632803 ], [ 763916.095720410929061, 8980116.328954922035336 ], [ 763916.367868912406266, 8980117.416269453242421 ], [ 763916.676692696521059, 8980118.493741303682327 ], [ 763917.021837299107574, 8980119.560133764520288 ], [ 763917.437115388107486, 8980120.706399623304605 ], [ 763917.73930164903868, 8980122.049872376024723 ], [ 763918.002696902956814, 8980123.32396312057972 ], [ 763918.243900925968774, 8980124.602440701797605 ], [ 763918.462840795167722, 8980125.884918602183461 ], [ 763918.659450338222086, 8980127.171009199693799 ], [ 763918.833670108462684, 8980128.460323639214039 ], [ 763918.985447446699254, 8980129.752472214400768 ], [ 763919.114736468298361, 8980131.047064287588 ], [ 763919.221498089493252, 8980132.343708505854011 ], [ 763919.305700037511997, 8980133.642012910917401 ], [ 763919.36731685732957, 8980134.941585017368197 ], [ 763919.406329922261648, 8980136.242031957954168 ], [ 763919.422727439552546, 8980137.542960634455085 ], [ 763919.416504451539367, 8980138.843977762386203 ], [ 763919.38766283984296, 8980140.144690046086907 ], [ 763919.336211322923191, 8980141.444704288616776 ], [ 763919.262165454914793, 8980142.743627486750484 ], [ 763919.165547618758865, 8980144.041067002341151 ], [ 763919.046387022477575, 8980145.33663060516119 ], [ 763918.904719690210186, 8980146.629926633089781 ], [ 763918.740588443353772, 8980147.920564163476229 ], [ 763918.554042899631895, 8980149.208153022453189 ], [ 763918.345139453187585, 8980150.492303969338536 ], [ 763918.113941257819533, 8980151.772628787904978 ], [ 763917.860518199391663, 8980153.048740468919277 ], [ 763917.584946886287071, 8980154.320253249257803 ], [ 763917.287310622166842, 8980155.586782755330205 ], [ 763916.96769939456135, 8980156.847946066409349 ], [ 763916.626209807232954, 8980158.103361994028091 ], [ 763916.262945098569617, 8980159.352651 ], [ 763915.878015067311935, 8980160.595435475930572 ], [ 763915.471536109223962, 8980161.831339631229639 ], [ 763915.043631080770865, 8980163.059989921748638 ], [ 763914.594429336022586, 8980164.281014928594232 ], [ 763914.100415926426649, 8980165.555039051920176 ], [ 763912.510903926449828, 8980168.550898786634207 ], [ 763911.010719878715463, 8980171.494658298790455 ], [ 763909.559289488941431, 8980174.462759055197239 ], [ 763908.157007567118853, 8980177.454393684864044 ], [ 763906.804255604511127, 8980180.468748312443495 ], [ 763905.501401484943926, 8980183.505003180354834 ], [ 763904.248799674096517, 8980186.562332220375538 ], [ 763903.046790881897323, 8980189.639903830364347 ], [ 763901.895702076028101, 8980192.736880853772163 ], [ 763900.795846377732232, 8980195.852420849725604 ], [ 763899.747522952500731, 8980198.985676374286413 ], [ 763898.75101696990896, 8980202.13579511269927 ], [ 763897.806599496048875, 8980205.301920173689723 ], [ 763896.91452744579874, 8980208.483190260827541 ], [ 763896.075043449760415, 8980211.678740115836263 ], [ 763895.288375875796191, 8980214.887700444087386 ], [ 763894.551104858866893, 8980218.125155076384544 ], [ 763893.944200681871735, 8980220.687183704227209 ], [ 763893.291644210112281, 8980223.243756460025907 ], [ 763892.594924103701487, 8980225.78864841721952 ], [ 763891.854249177267775, 8980228.32109684124589 ], [ 763891.069841477437876, 8980230.840342527255416 ], [ 763890.241936141741462, 8980233.34563029743731 ], [ 763889.370781322126277, 8980235.836209231987596 ], [ 763888.456638140720315, 8980238.311332795768976 ], [ 763887.499780660262331, 8980240.770258940756321 ], [ 763886.500495669664815, 8980243.212250681594014 ], [ 763885.459082709043287, 8980245.636576015502214 ], [ 763884.375853962963447, 8980248.042508201673627 ], [ 763883.251134137040935, 8980250.429326049983501 ], [ 763882.085260366438888, 8980252.796314109116793 ], [ 763880.878582113888115, 8980255.142762888222933 ], [ 763879.63146109005902, 8980257.46796902269125 ], [ 763878.344271182548255, 8980259.771235411986709 ], [ 763877.017398159019649, 8980262.051871778443456 ], [ 763875.651239802828059, 8980264.309194406494498 ], [ 763874.24620558496099, 8980266.542526723816991 ], [ 763872.802716759848408, 8980268.751199135556817 ], [ 763871.321205867803656, 8980270.934549814090133 ], [ 763869.802117183804512, 8980273.091924017295241 ], [ 763868.245905938441865, 8980275.222675237804651 ], [ 763866.653038639808074, 8980277.326164737343788 ], [ 763865.023992812377401, 8980279.401761911809444 ], [ 763862.574608573340811, 8980282.144298937171698 ], [ 763861.363820544676855, 8980283.232785142958164 ], [ 763860.190603995812126, 8980284.361666347831488 ], [ 763859.056305822450668, 8980285.529646564275026 ], [ 763857.962228366173804, 8980286.735384780913591 ], [ 763856.909627783345059, 8980287.977496633306146 ], [ 763855.899712483747862, 8980289.254556141793728 ], [ 763854.93364188214764, 8980290.565097218379378 ], [ 763854.012525290134363, 8980291.907614998519421 ], [ 763853.13742007385008, 8980293.28056837618351 ], [ 763852.309331015800126, 8980294.682380953803658 ], [ 763851.52920883090701, 8980296.11144332960248 ], [ 763850.797949127736501, 8980297.566114889457822 ], [ 763850.267445540637709, 8980299.063995542004704 ], [ 763849.988680999260396, 8980300.040849102661014 ], [ 763849.693032327922992, 8980301.012725811451674 ], [ 763849.380588291212916, 8980301.979333883151412 ], [ 763849.051442681695335, 8980302.940383147448301 ], [ 763848.705694337026216, 8980303.895585015416145 ], [ 763848.343447089893743, 8980304.844652624800801 ], [ 763847.964809655328281, 8980305.78730115480721 ], [ 763847.569895761669613, 8980306.723247464746237 ], [ 763847.158823967445642, 8980307.65221057087183 ], [ 763846.731717694783583, 8980308.573911560699344 ], [ 763846.288705177139491, 8980309.488073699176311 ], [ 763845.829919444397092, 8980310.394422480836511 ], [ 763845.355498229037039, 8980311.292685810476542 ], [ 763844.865583974402398, 8980312.182593982666731 ], [ 763844.360323821078055, 8980313.063879730179906 ], [ 763843.839869372081012, 8980313.936278618872166 ], [ 763843.304377054097131, 8980314.799528444185853 ], [ 763842.754007471608929, 8980315.653370302170515 ], [ 763842.188925967551768, 8980316.497547674924135 ], [ 763841.609302255092189, 8980317.331807032227516 ], [ 763841.015310227638111, 8980318.155898086726665 ], [ 763840.407128344289958, 8980318.969573246315122 ], [ 763839.784939151722938, 8980319.772588286548853 ], [ 763838.516920223017223, 8980321.324482662603259 ], [ 763836.591039821621962, 8980323.761530192568898 ], [ 763834.704961556941271, 8980326.235754204913974 ], [ 763832.86233705887571, 8980328.742507200688124 ], [ 763831.063727278262377, 8980331.281026050448418 ], [ 763829.309679590631276, 8980333.850538197904825 ], [ 763827.600728044635616, 8980336.450261319056153 ], [ 763825.937392848776653, 8980339.079404048621655 ], [ 763824.320180309587158, 8980341.737166093662381 ], [ 763822.749582706601359, 8980344.422738434746861 ], [ 763821.226078137406148, 8980347.135303568094969 ], [ 763819.750130400876515, 8980349.874035712331533 ], [ 763818.322188765741885, 8980352.63810121268034 ], [ 763816.917290193377994, 8980355.477998239919543 ], [ 763816.209593454375863, 8980356.685726542025805 ], [ 763815.499127227813005, 8980357.851404065266252 ], [ 763814.768573750159703, 8980359.004598688334227 ], [ 763814.018152209580876, 8980360.144964413717389 ], [ 763813.248087889398448, 8980361.272158894687891 ], [ 763812.458611942944117, 8980362.385843779891729 ], [ 763811.649961287388578, 8980363.485684853047132 ], [ 763810.822378573124297, 8980364.571352092549205 ], [ 763809.976112265489064, 8980365.642519542947412 ], [ 763809.111416340922005, 8980366.698865735903382 ], [ 763808.228550329688005, 8980367.740073619410396 ], [ 763807.32777914730832, 8980368.765830762684345 ], [ 763806.409373193746433, 8980369.775829248130322 ], [ 763805.473608141182922, 8980370.76976590976119 ], [ 763804.520764797809534, 8980371.747342482209206 ], [ 763803.551129186875187, 8980372.708265522494912 ], [ 763802.564992267405614, 8980373.652246680110693 ], [ 763801.562650071107782, 8980374.57900258153677 ], [ 763800.544403442065232, 8980375.488255068659782 ], [ 763799.510557956178673, 8980376.379731275141239 ], [ 763798.461423875647597, 8980377.253163665533066 ], [ 763797.397316144197248, 8980378.108290035277605 ], [ 763796.318554161814973, 8980378.944853717461228 ], [ 763795.225461569265462, 8980379.762603733688593 ], [ 763794.118366530979984, 8980380.561294578015804 ], [ 763792.997601435985416, 8980381.340686455368996 ], [ 763791.863502378226258, 8980382.100545646622777 ], [ 763790.716410058201291, 8980382.840643873438239 ], [ 763789.55666861042846, 8980383.560759110376239 ], [ 763788.517130158725195, 8980384.181546933948994 ], [ 763782.927765333792195, 8980389.468160970136523 ], [ 763777.333967298036441, 8980394.940713167190552 ], [ 763771.833303005434573, 8980400.506869589909911 ], [ 763766.427338694338687, 8980406.165045350790024 ], [ 763761.117613318026997, 8980411.913629703223705 ], [ 763755.905638834228739, 8980417.750985719263554 ], [ 763750.792899027932435, 8980423.675451572984457 ], [ 763745.780849539441988, 8980429.685340527445078 ], [ 763740.870917476364411, 8980435.778941346332431 ], [ 763736.064500714186579, 8980441.954519161954522 ], [ 763731.362967597204261, 8980448.210315842181444 ], [ 763726.767656908836216, 8980454.544550022110343 ], [ 763722.279876826331019, 8980460.955418489873409 ], [ 763720.335821753018536, 8980463.834750667214394 ], [ 763755.912299508694559, 8980489.399711797013879 ], [ 763805.854412606102414, 8980517.727223124355078 ], [ 763852.353995954850689, 8980544.351131228730083 ], [ 763857.146477082977071, 8980581.010810347273946 ], [ 763823.499337276211008, 8980680.002571877092123 ], [ 763802.695203472860157, 8980749.899909326806664 ], [ 763647.763315569143742, 8980722.276816979050636 ], [ 763635.335163680370897, 8980710.964150326326489 ], [ 763634.697847297647968, 8980667.11092745885253 ], [ 763655.483011490199715, 8980599.498791698366404 ], [ 763642.838817504467443, 8980632.548962116241455 ], [ 763642.256826236960478, 8980635.571656484156847 ], [ 763641.598990494851023, 8980638.706561796367168 ], [ 763640.88911992975045, 8980641.830095509067178 ], [ 763640.12741080892738, 8980644.94139401242137 ], [ 763639.31407374353148, 8980648.039597038179636 ], [ 763638.44933361990843, 8980651.123847939074039 ], [ 763637.533429525443353, 8980654.193293968215585 ], [ 763636.56661471829284, 8980657.247086385264993 ], [ 763635.54915648791939, 8980660.284380929544568 ], [ 763634.481336201657541, 8980663.304337665438652 ], [ 763633.3634490451077, 8980666.30612176656723 ], [ 763632.194454607903026, 8980669.292350582778454 ], [ 763631.062123948242515, 8980672.004925822839141 ], [ 763629.986293928348459, 8980674.712730519473553 ], [ 763628.957372181117535, 8980677.438704920932651 ], [ 763627.975665388978086, 8980680.182036519050598 ], [ 763627.041466193972155, 8980682.941907532513142 ], [ 763626.155053020920604, 8980685.717495422810316 ], [ 763625.316690100822598, 8980688.507972817867994 ], [ 763624.526627337327227, 8980691.312507918104529 ], [ 763623.78510021592956, 8980694.130264801904559 ], [ 763623.092329760198481, 8980696.96040359698236 ], [ 763622.448522483697161, 8980699.802080640569329 ], [ 763621.85387026576791, 8980702.654449008405209 ], [ 763621.3085503783077, 8980705.516658375039697 ], [ 763620.812725350959226, 8980708.387855678796768 ], [ 763620.366542983800173, 8980711.267185041680932 ], [ 763619.962582320440561, 8980714.208795506507158 ], [ 763619.184488247381523, 8980717.958549853414297 ], [ 763618.350029610446654, 8980721.662095632404089 ], [ 763617.452693569008261, 8980725.350911196321249 ], [ 763616.492739775683731, 8980729.023929154500365 ], [ 763615.470445999759249, 8980732.680086696520448 ], [ 763614.3861080838833, 8980736.318325754255056 ], [ 763613.240039779921062, 8980739.937593618407845 ], [ 763612.032572727301158, 8980743.536842964589596 ], [ 763610.76405635161791, 8980747.115032223984599 ], [ 763609.434857706772164, 8980750.671126022934914 ], [ 763608.066369901061989, 8980754.150678634643555 ], [ 763605.703434442752041, 8980761.697173548862338 ], [ 763603.446269171894528, 8980769.3139126021415 ], [ 763601.306272169924341, 8980776.964397680014372 ], [ 763599.283947584684938, 8980784.646826453506947 ], [ 763597.379771815845743, 8980792.35938916914165 ], [ 763595.594193451455794, 8980800.100268892943859 ], [ 763593.927633135579526, 8980807.867642039433122 ], [ 763592.373124328325503, 8980815.696742249652743 ], [ 763585.276244809268974, 8980844.850589571520686 ], [ 763577.718001193716191, 8980873.850719675421715 ], [ 763576.371198470238596, 8980879.309931768104434 ], [ 763575.119808633346111, 8980884.788970910012722 ], [ 763573.963546432321891, 8980890.288871260359883 ], [ 763572.902759054210037, 8980895.807981381192803 ], [ 763571.937765036826022, 8980901.344643976539373 ], [ 763571.068854135461152, 8980906.897196564823389 ], [ 763570.296287270961329, 8980912.463971801102161 ], [ 763569.620296417735517, 8980918.043298181146383 ], [ 763569.041084566619247, 8980923.633500313386321 ], [ 763568.558825637912378, 8980929.232899619266391 ], [ 763568.163411275250837, 8980934.989073373377323 ], [ 763560.501381315756589, 8980961.571626294404268 ], [ 763521.249684260576032, 8981135.974883608520031 ], [ 763518.692355846753344, 8981146.894237028434873 ], [ 763537.554963068570942, 8981152.393393518403172 ], [ 763542.554577092058025, 8981153.324694169685245 ], [ 763933.226632534060627, 8981237.778586139902472 ], [ 764216.367549255257472, 8981314.338853837922215 ], [ 764508.050082364119589, 8981382.441360728815198 ], [ 764510.807513423031196, 8981373.039506945759058 ], [ 764511.6237031375058, 8981360.388566371053457 ], [ 764511.011560851591639, 8981348.757862940430641 ], [ 764510.807513423031196, 8981339.575728652998805 ], [ 764510.195371137233451, 8981317.946701221168041 ], [ 764511.929774280404672, 8981310.600993791595101 ], [ 764513.178194833919406, 8981306.134327793493867 ] ] ], [ [ [ 763463.130975416395813, 8980614.734760018065572 ], [ 763438.445027614012361, 8980617.490273866802454 ], [ 763424.677895005443133, 8980636.74861472286284 ], [ 763404.383711934206076, 8980654.842029422521591 ], [ 763386.717165448470041, 8980681.033167395740747 ], [ 763372.657794190105051, 8980707.890784122049809 ], [ 763333.124687885749154, 8980696.759691745042801 ], [ 763308.732055555330589, 8980692.088464403524995 ], [ 763295.529230865766294, 8980718.767632443457842 ], [ 763293.637193462345749, 8980743.644345089793205 ], [ 763297.167698433157057, 8980758.470046926289797 ], [ 763315.500202946830541, 8980780.448589568957686 ], [ 763350.58923736680299, 8980794.026836656033993 ], [ 763406.60990655887872, 8980807.810112373903394 ], [ 763445.118475581519306, 8980819.63870101980865 ], [ 763511.789349503349513, 8980835.422462429851294 ], [ 763524.09433170966804, 8980879.542756812646985 ], [ 763516.200155007187277, 8980930.359828183427453 ], [ 763503.709001910407096, 8980960.832984557375312 ], [ 763488.641952679492533, 8981016.532796822488308 ], [ 763457.718521240632981, 8981010.178708929568529 ], [ 763444.685159865999594, 8981010.956725275143981 ], [ 763431.047779059503227, 8981058.811705337837338 ], [ 763419.480624207295477, 8981120.116477444767952 ], [ 763516.355859544477426, 8981145.406063221395016 ], [ 763519.077028281637467, 8981133.787139741703868 ], [ 763557.9817487844266, 8980960.92556968331337 ], [ 763565.58848661207594, 8980934.534846607595682 ], [ 763565.966482418123633, 8980929.032240366563201 ], [ 763566.45260754134506, 8980923.387951554730535 ], [ 763567.036462843883783, 8980917.752933640033007 ], [ 763567.717873004963621, 8980912.128878712654114 ], [ 763568.496633421164006, 8980906.517475482076406 ], [ 763569.372510241460986, 8980900.920408971607685 ], [ 763570.345240469323471, 8980895.339359795674682 ], [ 763571.414532009279355, 8980889.776003854349256 ], [ 763572.580063787987456, 8980884.232011642307043 ], [ 763573.841485814889893, 8980878.709047930315137 ], [ 763575.197758303605951, 8980873.211450513452291 ], [ 763582.754989201785065, 8980844.215206092223525 ], [ 763589.833740720408969, 8980815.135828254744411 ], [ 763591.381303339032456, 8980807.341711705550551 ], [ 763593.056235610623844, 8980799.535319205373526 ], [ 763594.850783813977614, 8980791.755553232505918 ], [ 763596.764525194885209, 8980784.004246518015862 ], [ 763598.797008925233968, 8980776.283225074410439 ], [ 763600.947756181820296, 8980768.594307856634259 ], [ 763603.216260308749042, 8980760.939306160435081 ], [ 763605.612853239872493, 8980753.285319548100233 ], [ 763607.007169716991484, 8980749.740094285458326 ], [ 763608.320882567553781, 8980746.225430665537715 ], [ 763609.574620124301873, 8980742.688929013907909 ], [ 763610.768019579700194, 8980739.131612727418542 ], [ 763611.900735623436049, 8980735.554511118680239 ], [ 763612.972440486424603, 8980731.958659274503589 ], [ 763613.982824029168114, 8980728.345097796991467 ], [ 763614.931593901012093, 8980724.714872255921364 ], [ 763615.818475546664558, 8980721.069033164530993 ], [ 763616.643212321680039, 8980717.408635552972555 ], [ 763617.398811266291887, 8980713.76728866994381 ], [ 763617.793771316064522, 8980710.891219982877374 ], [ 763618.246827839175239, 8980707.96752992644906 ], [ 763618.750291840871796, 8980705.05209725536406 ], [ 763619.304013259825297, 8980702.145790938287973 ], [ 763619.90782703156583, 8980699.249477347359061 ], [ 763620.561553197796457, 8980696.364019682630897 ], [ 763621.26499687845353, 8980693.49027812294662 ], [ 763622.017948413500562, 8980690.629109179601073 ], [ 763622.820183362811804, 8980687.781365711241961 ], [ 763623.671462591504678, 8980684.947896592319012 ], [ 763624.571532366331667, 8980682.129546362906694 ], [ 763625.520124416681938, 8980679.32715505734086 ], [ 763626.516955958213657, 8980676.541558088734746 ], [ 763627.561729884590022, 8980673.773585706949234 ], [ 763628.654134765500203, 8980671.024063000455499 ], [ 763629.78393194207456, 8980668.317556891590357 ], [ 763630.934467120445333, 8980665.378482766449451 ], [ 763632.037265684339218, 8980662.417215004563332 ], [ 763633.090673216618598, 8980659.438019709661603 ], [ 763634.094398395507596, 8980656.441720778122544 ], [ 763635.048163742409088, 8980653.429146537557244 ], [ 763635.951705517363735, 8980650.4011300355196 ], [ 763636.804773912532255, 8980647.358508449047804 ], [ 763637.607133050565608, 8980644.302123077213764 ], [ 763638.358561087516136, 8980641.2328189779073 ], [ 763639.058850260218605, 8980638.151444785296917 ], [ 763639.707806935417466, 8980635.058852516114712 ], [ 763640.328879443695769, 8980631.833181485533714 ], [ 763670.36644307593815, 8980553.31915377266705 ], [ 763642.226904904237017, 8980536.35124421864748 ], [ 763608.04651753557846, 8980555.919314166530967 ], [ 763588.962566864327528, 8980575.386076856404543 ], [ 763574.359765353379771, 8980597.930777354165912 ], [ 763555.899444541893899, 8980608.069300193339586 ], [ 763515.422710259445012, 8980609.722103828564286 ], [ 763463.130975416395813, 8980614.734760018065572 ] ] ], [ [ [ 763187.141532443813048, 8981047.490390101447701 ], [ 763184.068981319083832, 8981044.102705528959632 ], [ 763182.493314075516537, 8981037.9576032795012 ], [ 763183.911414594738744, 8981036.066802587360144 ], [ 763179.499546312959865, 8981014.322594627737999 ], [ 763176.190645101713017, 8981015.18921161070466 ], [ 763174.387649356736802, 8981008.914786418899894 ], [ 763151.302494229050353, 8981016.212674168869853 ], [ 763162.561123445630074, 8981051.744691658765078 ], [ 763166.657858278718777, 8981052.532525280490518 ], [ 763169.100142506067641, 8981054.896026145666838 ], [ 763167.760825349134393, 8981060.962345033884048 ], [ 763188.638416325091384, 8981055.998993216082454 ], [ 763187.141532443813048, 8981047.490390101447701 ] ] ], [ [ [ 762997.58876305562444, 8981097.360258350148797 ], [ 762994.910128741641529, 8981094.91797412186861 ], [ 762991.680010892567225, 8981092.790823344141245 ], [ 762989.946776924654841, 8981092.002989722415805 ], [ 762988.055976232513785, 8981090.900022652000189 ], [ 762984.668291659094393, 8981088.851655235514045 ], [ 762982.147224069572985, 8981085.700320748612285 ], [ 762981.832090620766394, 8981082.627769624814391 ], [ 762983.328974502161145, 8981080.50061884522438 ], [ 762986.716659075580537, 8981075.931183839216828 ], [ 762987.504492697305977, 8981072.543499266728759 ], [ 762984.038024761714041, 8981070.967832023277879 ], [ 762981.201823723386042, 8981071.992015730589628 ], [ 762978.050489236484282, 8981074.119166510179639 ], [ 762975.529421646962874, 8981074.591866683214903 ], [ 762973.40227086818777, 8981072.701065991073847 ], [ 762970.014586294768378, 8981072.701065991073847 ], [ 762968.67526913783513, 8981073.725249698385596 ], [ 762965.91785146179609, 8981076.246317287907004 ], [ 762964.105834131711163, 8981077.428067721426487 ], [ 762964.184617493883707, 8981079.161301689222455 ], [ 762963.475567234330811, 8981081.130885742604733 ], [ 762960.639366196119227, 8981082.627769624814391 ], [ 762957.488031709217466, 8981083.179253159090877 ], [ 762954.730614033062011, 8981082.706552986055613 ], [ 762951.658062908332795, 8981083.021686434745789 ], [ 762949.136995318811387, 8981084.361003592610359 ], [ 762948.427945059258491, 8981086.094237560406327 ], [ 762949.767262216191739, 8981088.300171701237559 ], [ 762951.815629632677883, 8981090.821239290758967 ], [ 762954.415480584371835, 8981093.499873604625463 ], [ 762956.385064638685435, 8981097.202691625803709 ], [ 762958.039515244425274, 8981100.9055096488446 ], [ 762959.93031593656633, 8981104.05684413574636 ], [ 762961.742333266534843, 8981106.735478449612856 ], [ 762963.711917320848443, 8981106.893045173957944 ], [ 762968.360135689144954, 8981106.341561637818813 ], [ 762971.43268681387417, 8981107.759662156924605 ], [ 762973.323487505898811, 8981111.541263541206717 ], [ 762973.559837592416443, 8981113.195714147761464 ], [ 762974.032537765451707, 8981114.141114493831992 ], [ 762975.529421646730043, 8981116.268265271559358 ], [ 762977.73535578767769, 8981118.395416051149368 ], [ 762980.650340188061818, 8981118.47419941239059 ], [ 762985.219775194069371, 8981120.680133553221822 ], [ 762994.910128741525114, 8981116.504615359008312 ], [ 762994.83134537935257, 8981112.092747077345848 ], [ 762998.140246590599418, 8981109.256546039134264 ], [ 762999.243213659850881, 8981106.893045181408525 ], [ 762978.286839321721345, 8981112.880580706521869 ], [ 762974.032537764287554, 8981101.69334327802062 ], [ 762985.062208468676545, 8981098.54200879111886 ], [ 762986.637875712127425, 8981103.111443797126412 ], [ 762997.825113140745088, 8981100.11767603456974 ], [ 762998.297813315177336, 8981098.935925593599677 ], [ 762997.58876305562444, 8981097.360258350148797 ] ] ], [ [ [ 763210.722013298771344, 8981110.364271046593785 ], [ 763221.601591401733458, 8981167.338903743773699 ], [ 763295.657951844972558, 8981142.128227848559618 ], [ 763308.893556690076366, 8981184.356109974905849 ], [ 763379.168315748916939, 8981200.743049306795001 ], [ 763390.828253350686282, 8981116.917551953345537 ], [ 763375.294369578710757, 8981111.785207889974117 ], [ 763321.088220913312398, 8981093.875674808397889 ], [ 763317.07084219425451, 8981086.483697965741158 ], [ 763316.14162601006683, 8981084.773940186947584 ], [ 763314.038458281313069, 8981085.165950739756227 ], [ 763259.324949671979994, 8981095.364030746743083 ], [ 763259.417605245136656, 8981101.31844624504447 ], [ 763247.284967470448464, 8981105.415181078016758 ], [ 763234.837196247070096, 8981107.778681943193078 ], [ 763220.183490882744081, 8981109.511915910989046 ], [ 763213.408121735788882, 8981109.827049359679222 ], [ 763210.722013298771344, 8981110.364271046593785 ] ], [ [ 763291.384957549744286, 8981113.806708492338657 ], [ 763282.237124542240053, 8981106.870439508929849 ], [ 763274.496650459012017, 8981109.584631718695164 ], [ 763270.576150598586537, 8981100.738375624641776 ], [ 763289.173393525881693, 8981092.595798991620541 ], [ 763304.855392967350781, 8981110.3888368178159 ], [ 763299.427008545259014, 8981121.446656936779618 ], [ 763290.379701175261289, 8981116.219323789700866 ], [ 763291.384957549744286, 8981113.806708492338657 ] ] ], [ [ [ 762963.396783872274682, 8981331.031710555776954 ], [ 762973.638620954938233, 8981325.674441928043962 ], [ 762983.092624415759929, 8981354.351585760712624 ], [ 762973.481054230593145, 8981359.551287664100528 ], [ 762975.246017883298919, 8981367.881952157244086 ], [ 762978.239785645972006, 8981377.966222515329719 ], [ 762983.912187722395174, 8981383.323491143062711 ], [ 762987.378655657870695, 8981387.420225976034999 ], [ 763007.389629650046118, 8981392.777494603767991 ], [ 763042.369442455121316, 8981399.395297026261687 ], [ 763054.502080229809508, 8981397.031796161085367 ], [ 763069.277613405836746, 8981389.974825091660023 ], [ 763075.616021292400546, 8981386.947525802999735 ], [ 763084.439757855958305, 8981381.590257173404098 ], [ 763081.603556817746721, 8981371.505986815318465 ], [ 763076.56142163858749, 8981365.045751117169857 ], [ 763071.519286459544674, 8981363.627650598064065 ], [ 763060.174482306465507, 8981360.318749386817217 ], [ 763050.720478845643811, 8981353.543380239978433 ], [ 763047.569144358742051, 8981345.192343849688768 ], [ 763046.466177288326435, 8981339.835075220093131 ], [ 763076.718988362932578, 8981336.368607284501195 ], [ 763060.932981722173281, 8981293.386906035244465 ], [ 763057.936818480375223, 8981293.215696707367897 ], [ 763056.518717961385846, 8981290.22192894294858 ], [ 763054.470350544899702, 8981288.015994802117348 ], [ 763052.579549852758646, 8981287.700861353427172 ], [ 763048.32524829544127, 8981286.440327558666468 ], [ 763043.440679840627126, 8981284.549526866525412 ], [ 763034.616943277185783, 8981287.700861353427172 ], [ 763004.521698926808313, 8981304.402934135869145 ], [ 762978.680756133864634, 8981309.760202763602138 ], [ 762964.184617494000122, 8981311.17830328270793 ], [ 762961.348416455672123, 8981314.802337942644954 ], [ 762958.826660736696795, 8981316.470576342195272 ], [ 762963.396783872274682, 8981331.031710555776954 ] ] ], [ [ [ 763418.348837641766295, 8981284.298189595341682 ], [ 763407.89417134760879, 8981312.244316805154085 ], [ 763356.827147525618784, 8981305.810676008462906 ], [ 763353.61032712738961, 8981314.656932104378939 ], [ 763360.043967923615128, 8981318.778483217582107 ], [ 763364.0649934214307, 8981324.608970189467072 ], [ 763364.668147246004082, 8981329.635252062231302 ], [ 763360.446070473408327, 8981334.862585209310055 ], [ 763356.223993700696155, 8981338.883610706776381 ], [ 763354.012429676949978, 8981347.528815526515245 ], [ 763353.007173302466981, 8981358.184533096849918 ], [ 763352.605070752673782, 8981366.22658409178257 ], [ 763354.414532226743177, 8981374.268635088577867 ], [ 763352.470392829971388, 8981387.119573805481195 ], [ 763359.787608653539792, 8981388.798934813588858 ], [ 763354.272773301345296, 8981408.494775356724858 ], [ 763368.768911941326223, 8981410.70070949755609 ], [ 763363.88434348651208, 8981428.190615899860859 ], [ 763380.953300511930138, 8981434.584017554298043 ], [ 763445.088657201617025, 8981458.308067990466952 ], [ 763449.145660452079028, 8981446.025381276383996 ], [ 763459.132757766055875, 8981385.959110135212541 ], [ 763473.805649255402386, 8981323.005028214305639 ], [ 763478.423569579375908, 8981303.191828165203333 ], [ 763480.07157903292682, 8981296.76336863823235 ], [ 763418.348837641766295, 8981284.298189595341682 ] ], [ [ 763397.761189221171662, 8981428.978449519723654 ], [ 763387.676918862969615, 8981424.724147962406278 ], [ 763391.616086971596815, 8981405.658574316650629 ], [ 763403.11845784902107, 8981408.652342079207301 ], [ 763397.761189221171662, 8981428.978449519723654 ] ] ], [ [ [ 762934.168156506377272, 8981379.247128210961819 ], [ 762928.495754429837689, 8981383.974129941314459 ], [ 762924.714153045439161, 8981387.755731325596571 ], [ 762921.405251834192313, 8981387.283031152561307 ], [ 762919.199317693361081, 8981388.385998222976923 ], [ 762918.253917347290553, 8981391.064632536843419 ], [ 762916.363116655033082, 8981393.743266850709915 ], [ 762934.010589782032184, 8981428.565512932837009 ], [ 762949.7672622166574, 8981420.529609991237521 ], [ 762950.870229287189431, 8981417.693408953025937 ], [ 762953.706430325401016, 8981416.905575331300497 ], [ 762955.912364466232248, 8981416.117741709575057 ], [ 762956.700198087957688, 8981413.911807568743825 ], [ 762960.639366196701303, 8981414.542074466124177 ], [ 762963.790700683603063, 8981413.439107395708561 ], [ 762968.360135689727031, 8981409.657506011426449 ], [ 762972.772003971389495, 8981406.033471351489425 ], [ 762978.129272599238902, 8981404.772937556728721 ], [ 762977.379681491991505, 8981401.939117517322302 ], [ 762971.669036900973879, 8981380.350095281377435 ], [ 762967.729868792230263, 8981378.616861313581467 ], [ 762965.681501375744119, 8981373.732292858883739 ], [ 762964.420967580983415, 8981367.902324058115482 ], [ 762961.742333267116919, 8981365.538823192939162 ], [ 762939.682991858455352, 8981374.835259929299355 ], [ 762934.168156506377272, 8981379.247128210961819 ] ], [ [ 762943.464593242737465, 8981411.233173251152039 ], [ 762941.179875739733689, 8981404.694154191762209 ], [ 762944.961477124015801, 8981403.827537206932902 ], [ 762940.707175566698425, 8981394.137183660641313 ], [ 762954.257913860492408, 8981388.070864772424102 ], [ 762952.209546444006264, 8981381.846979161724448 ], [ 762961.190849731792696, 8981379.247128209099174 ], [ 762968.438919051783159, 8981395.712850904092193 ], [ 762955.360880930908024, 8981399.809585737064481 ], [ 762956.936548174358904, 8981405.639554537832737 ], [ 762943.464593242737465, 8981411.233173251152039 ] ] ], [ [ [ 763594.161098447162658, 8981455.245905039831996 ], [ 763589.816968662198633, 8981476.966553967446089 ], [ 763609.866798439063132, 8981485.153567792847753 ], [ 763618.053812264697626, 8981462.263345463201404 ], [ 763626.909153749467805, 8981465.604983760043979 ], [ 763635.59741331951227, 8981473.624915670603514 ], [ 763645.789410122670233, 8981476.79947205260396 ], [ 763650.801867567002773, 8981483.816912474110723 ], [ 763703.599752646172419, 8981504.033824166283011 ], [ 763724.317910082289018, 8981430.851945480331779 ], [ 763676.699564362177625, 8981412.305852934718132 ], [ 763699.923950520460494, 8981321.914537023752928 ], [ 763604.520177165279165, 8981296.183922143653035 ], [ 763569.432975055533461, 8981442.881843345239758 ], [ 763586.141166536370292, 8981448.896792277693748 ], [ 763594.161098447162658, 8981455.245905039831996 ] ] ], [ [ [ 763106.893016075831838, 8981442.568579496815801 ], [ 763115.559185914928094, 8981438.314277939498425 ], [ 763124.382922478369437, 8981431.53890879265964 ], [ 763131.315858349669725, 8981424.44840619713068 ], [ 763131.473425074014813, 8981414.049002390354872 ], [ 763130.055324554909021, 8981407.90390014089644 ], [ 763127.376690240926109, 8981403.176898410543799 ], [ 763108.941383492317982, 8981410.26740100607276 ], [ 763104.214381761848927, 8981393.565328223630786 ], [ 763120.286187645280734, 8981385.214291833341122 ], [ 763116.977286434033886, 8981373.396787507459521 ], [ 763075.85237137938384, 8981393.880461672320962 ], [ 763097.754146063700318, 8981443.829113291576505 ], [ 763106.893016075831838, 8981442.568579496815801 ] ] ], [ [ [ 763930.499179035192356, 8981636.952216545119882 ], [ 763938.342279433389194, 8981639.798971503973007 ], [ 763940.688989757676609, 8981629.595883134752512 ], [ 764017.546670569106936, 8981295.432053519412875 ], [ 763926.988272743416019, 8981269.367274809628725 ], [ 763853.472230228013359, 8981601.860285276547074 ], [ 763852.109101671143435, 8981608.025343831628561 ], [ 763870.613997790031135, 8981614.820743896067142 ], [ 763930.499179035192356, 8981636.952216545119882 ] ] ], [ [ [ 764141.490911727189086, 8981713.482049537822604 ], [ 764224.615172264864668, 8981744.097728466615081 ], [ 764225.313031631056219, 8981740.705356495454907 ], [ 764249.372827363433316, 8981623.748016130179167 ], [ 764158.146101878490299, 8981588.994977848604321 ], [ 764203.592382706119679, 8981391.504154546186328 ], [ 764106.35070828802418, 8981360.761082222685218 ], [ 764034.171321091125719, 8981671.867607595399022 ], [ 764033.590608331956901, 8981674.37058717943728 ], [ 764043.476570763974451, 8981677.958825396373868 ], [ 764141.490911727189086, 8981713.482049537822604 ] ] ], [ [ [ 763004.317078525898978, 8981460.373619344085455 ], [ 762997.541709378943779, 8981464.627920901402831 ], [ 762991.239040405023843, 8981468.567089010030031 ], [ 762984.936371431103908, 8981474.397057810798287 ], [ 762974.694534348556772, 8981483.851061273366213 ], [ 762966.028364509460516, 8981490.311296971514821 ], [ 762970.755366239813156, 8981498.347199911251664 ], [ 762976.42776831635274, 8981505.280135782435536 ], [ 762982.730437290272675, 8981518.673307353630662 ], [ 762985.724205052945763, 8981541.205348934978247 ], [ 762984.463671258185059, 8981560.113355856388807 ], [ 762982.888004014734179, 8981576.342728465795517 ], [ 762988.560406091040932, 8981594.462901767343283 ], [ 762983.360704187769443, 8981639.369418207556009 ], [ 762982.100170393008739, 8981660.483359269797802 ], [ 763006.050312493811361, 8981698.614506561309099 ], [ 763068.131601886590943, 8981715.94684623926878 ], [ 763092.396877436083741, 8981713.425778649747372 ], [ 763124.22535575425718, 8981666.470894794911146 ], [ 763136.830693701980636, 8981615.734409555792809 ], [ 763154.005466655828059, 8981574.609494503587484 ], [ 763167.083504776703194, 8981574.13679433055222 ], [ 763170.538679043296725, 8981574.440283598378301 ], [ 763157.156801142846234, 8981566.731158284470439 ], [ 763080.894506558775902, 8981548.45341826044023 ], [ 763090.821210192749277, 8981492.517231116071343 ], [ 763050.799262208631262, 8981481.645127136260271 ], [ 763032.994222357054241, 8981479.911893164739013 ], [ 763012.983248364995234, 8981464.155220728367567 ], [ 763006.995712839765474, 8981458.167685203254223 ], [ 763004.317078525898978, 8981460.373619344085455 ] ], [ [ 763023.540218896232545, 8981489.838596800342202 ], [ 763015.189182505826466, 8981504.177168715745211 ], [ 763005.73517904500477, 8981500.238000607118011 ], [ 763013.771081986720674, 8981484.954028343781829 ], [ 763023.540218896232545, 8981489.838596800342202 ] ] ], [ [ [ 763283.210180620779283, 8981628.77305599488318 ], [ 763287.779615626786835, 8981632.239523930475116 ], [ 763289.670416319044307, 8981634.28789134696126 ], [ 763291.088516838150099, 8981644.372161705046892 ], [ 763297.076052363263443, 8981647.68106291629374 ], [ 763307.317889445926994, 8981647.996196364983916 ], [ 763321.656461361446418, 8981651.62023102492094 ], [ 763332.055865168455057, 8981601.041312508285046 ], [ 763322.601861707516946, 8981599.780778713524342 ], [ 763305.899788926704787, 8981598.205111470073462 ], [ 763301.330353920697235, 8981597.889978021383286 ], [ 763295.973085292847827, 8981601.986712854355574 ], [ 763289.670416319044307, 8981600.72617905959487 ], [ 763285.519709618762136, 8981618.746320344507694 ], [ 763283.210180620779283, 8981628.77305599488318 ] ], [ [ 763314.656642617774196, 8981610.60440868884325 ], [ 763312.54560423141811, 8981621.360651895403862 ], [ 763307.720373634132557, 8981620.455921158194542 ], [ 763307.619847996626049, 8981616.635946935042739 ], [ 763296.562027877778746, 8981614.2735944557935 ], [ 763297.617547070840374, 8981604.572870442643762 ], [ 763308.976944102207199, 8981606.382331915199757 ], [ 763308.172739002620801, 8981609.649415133520961 ], [ 763314.656642617774196, 8981610.60440868884325 ] ] ], [ [ [ 763251.432281490182504, 8981642.613279428333044 ], [ 763244.763899879879318, 8981641.378393944352865 ], [ 763241.612565392861143, 8981642.323794290423393 ], [ 763233.261529002455063, 8981639.960293425247073 ], [ 763231.685861759004183, 8981634.760591521859169 ], [ 763223.019691919907928, 8981632.554657381027937 ], [ 763219.553223984315991, 8981623.258220644667745 ], [ 763226.801293304306455, 8981591.114608876407146 ], [ 763224.280225714552216, 8981589.696508355438709 ], [ 763205.057085344218649, 8981584.654373176395893 ], [ 763194.027414639829658, 8981579.297104548662901 ], [ 763189.300412909477018, 8981578.509270926937461 ], [ 763188.039879114716314, 8981581.660605413839221 ], [ 763191.663913774653338, 8981588.435974560678005 ], [ 763194.815248261555098, 8981593.635676464065909 ], [ 763195.760648607742041, 8981599.623211989179254 ], [ 763195.445515159284696, 8981614.749617526307702 ], [ 763192.294180672266521, 8981629.876023065298796 ], [ 763190.088246531435288, 8981648.784029986709356 ], [ 763190.718513428815641, 8981673.994705881923437 ], [ 763196.075782056665048, 8981690.38164521381259 ], [ 763203.638984825345688, 8981696.68431418761611 ], [ 763206.790319312247448, 8981702.041582815349102 ], [ 763206.790319312247448, 8981715.907454557716846 ], [ 763214.353522080928087, 8981731.664126992225647 ], [ 763227.58912692614831, 8981740.487863555550575 ], [ 763239.87933142518159, 8981744.899731837213039 ], [ 763249.963601783383638, 8981748.051066324114799 ], [ 763363.160262684337795, 8981780.191159086301923 ], [ 763371.763176901848055, 8981758.557360097765923 ], [ 763375.130437260959297, 8981745.317904595285654 ], [ 763314.29889114596881, 8981727.6729671433568 ], [ 763317.473447527387179, 8981712.96975864097476 ], [ 763266.847627340583131, 8981698.600713966414332 ], [ 763261.543449750752188, 8981697.356841372326016 ], [ 763266.980808013118804, 8981665.486102767288685 ], [ 763248.781851351028308, 8981662.413551643490791 ], [ 763251.432281490182504, 8981642.613279428333044 ] ], [ [ 763275.034641166217625, 8981720.154280975461006 ], [ 763274.366313506965525, 8981711.466021405532956 ], [ 763268.100741701666266, 8981709.878743214532733 ], [ 763269.353856062749401, 8981704.114417154341936 ], [ 763277.373787973541766, 8981705.618154387921095 ], [ 763276.371296484721825, 8981710.129366086795926 ], [ 763289.737849669298157, 8981713.303922468796372 ], [ 763284.307687438093126, 8981732.184178842231631 ], [ 763272.695494358893484, 8981730.012113949283957 ], [ 763275.034641166217625, 8981720.154280975461006 ] ] ], [ [ [ 763810.699260037159547, 8981730.513359680771828 ], [ 763623.901679282076657, 8981692.418683104217052 ], [ 763604.18601333478, 8981784.98206390812993 ], [ 763698.587295201141387, 8981808.707695811986923 ], [ 763792.988577067502774, 8981832.433327713981271 ], [ 763810.699260037159547, 8981730.513359680771828 ] ] ], [ [ [ 764021.138931736000814, 8981731.348769266158342 ], [ 763931.24886156944558, 8981702.610679918900132 ], [ 763907.857393496436998, 8981806.201467098668218 ], [ 764003.094084936776198, 8981829.258771343156695 ], [ 764021.138931736000814, 8981731.348769266158342 ] ] ], [ [ [ 764128.235206826590002, 8981715.591534927487373 ], [ 764127.737193383392878, 8981718.316379910334945 ], [ 764104.345725310384296, 8981846.301126653328538 ], [ 764199.248252921039239, 8981865.348464941605926 ], [ 764214.953952913056128, 8981750.730271384119987 ], [ 764215.379723086021841, 8981747.623055016621947 ], [ 764139.2681699936511, 8981719.59019904024899 ], [ 764128.235206826590002, 8981715.591534927487373 ] ] ], [ [ [ 763416.051777261774987, 8982097.341703649610281 ], [ 763404.356043225270696, 8982133.765561077743769 ], [ 763401.682732588378713, 8982142.787984479218721 ], [ 763298.760273066814989, 8982124.074810020625591 ], [ 763295.641359973466024, 8982124.308728503063321 ], [ 763302.728621131624095, 8982185.122001664713025 ], [ 763306.889203558908775, 8982201.764331374317408 ], [ 763311.345857459120452, 8982218.352987557649612 ], [ 763311.439286543289199, 8982218.876641931012273 ], [ 763312.679198791156523, 8982232.515676658600569 ], [ 763312.672969428589568, 8982233.138675201684237 ], [ 763310.937092281528749, 8982248.761569524183869 ], [ 763310.870106677873991, 8982249.144130850210786 ], [ 763309.595900910091586, 8982254.442144306376576 ], [ 763377.622936856118031, 8982266.428601436316967 ], [ 763395.667783655342646, 8982177.206858929246664 ], [ 763396.690539538045414, 8982171.354422489181161 ], [ 763508.949321895139292, 8982193.915050413459539 ], [ 763499.592734665842727, 8982186.563446162268519 ], [ 763508.280994235887192, 8982149.805424904450774 ], [ 763518.974236783571541, 8982090.992590891197324 ], [ 763575.926336167147383, 8982102.307577524334192 ], [ 763591.050567714264616, 8982011.736864177510142 ], [ 763591.821951639372855, 8982007.117469655349851 ], [ 763541.029049538075924, 8981997.76088242419064 ], [ 763565.088845270336606, 8981896.509242050349712 ], [ 763468.181334681925364, 8981879.46688674017787 ], [ 763431.265425815945491, 8982023.41031433455646 ], [ 763425.074200661387295, 8982047.551293037831783 ], [ 763416.051777261774987, 8982097.341703649610281 ] ] ], [ [ [ 763715.462568597402424, 8982182.553480206057429 ], [ 763818.385028118966147, 8982203.939965300261974 ], [ 763835.761547258938663, 8982107.700782371684909 ], [ 763836.961308101308532, 8982102.414336159825325 ], [ 763732.170760078122839, 8982084.476396210491657 ], [ 763724.150828167446889, 8982131.092250445857644 ], [ 763715.462568597402424, 8982182.553480206057429 ] ] ], [ [ [ 763396.33611131447833, 8982473.610175801441073 ], [ 763406.026862373109907, 8982439.859629010781646 ], [ 763408.031845350749791, 8982422.483109870925546 ], [ 763411.707647476578131, 8982408.782392855733633 ], [ 763416.720104920794256, 8982391.071709886193275 ], [ 763418.390924068866298, 8982384.38843329437077 ], [ 763421.064234705758281, 8982371.69020776823163 ], [ 763370.605496433912776, 8982363.00194819830358 ], [ 763360.580581545480527, 8982366.677750324830413 ], [ 763355.233960271580145, 8982389.400890737771988 ], [ 763352.560649634571746, 8982413.460686471313238 ], [ 763348.884847508859821, 8982435.181335395202041 ], [ 763343.872390064643696, 8982451.555363046005368 ], [ 763340.196587938815355, 8982461.246114104986191 ], [ 763278.376279460033402, 8982450.218707727268338 ], [ 763276.221817374229431, 8982449.460094317793846 ], [ 763275.991975132375956, 8982449.698891451582313 ], [ 763275.498681542114355, 8982450.114611366763711 ], [ 763257.767936397227459, 8982462.141760172322392 ], [ 763237.527109131682664, 8982475.181370791047812 ], [ 763223.905611448921263, 8982484.424529932439327 ], [ 763214.856537664774805, 8982493.354536956176162 ], [ 763207.056130703655072, 8982503.915087919682264 ], [ 763203.132008715067059, 8982510.910261899232864 ], [ 763326.830034754471853, 8982536.767139600589871 ], [ 763322.151741139823571, 8982565.505228947848082 ], [ 763519.308400612673722, 8982601.929086374118924 ], [ 763536.350755923311226, 8982503.350756637752056 ], [ 763441.652521018520929, 8982483.235857099294662 ], [ 763396.33611131447833, 8982473.610175801441073 ] ] ], [ [ [ 777166.2713196312543, 8979950.462312297895551 ], [ 777169.376939342357218, 8979898.554097129032016 ], [ 777172.482559053343721, 8979846.645881960168481 ], [ 777014.983273710007779, 8979841.765622414648533 ], [ 776947.10330002673436, 8979864.835940266028047 ], [ 776930.244221595698036, 8980021.447905691340566 ], [ 776993.243935732985847, 8980054.278742635622621 ], [ 777041.602871232666075, 8980085.113109767436981 ], [ 777089.961806732462719, 8980115.947476897388697 ], [ 777135.658782480051741, 8980011.68738660030067 ], [ 777159.17276029183995, 8979996.159288046881557 ], [ 777166.2713196312543, 8979950.462312297895551 ] ] ], [ [ [ 774939.939588983426802, 8979899.985247796401381 ], [ 774912.439054522663355, 8979887.198782475665212 ], [ 774842.255634698434733, 8979854.56676708906889 ], [ 774778.326097970595583, 8979896.343689758330584 ], [ 774785.921195817762055, 8979949.238121194764972 ], [ 774735.196792338043451, 8979956.833219040185213 ], [ 774735.468045832589269, 8979967.412105327472091 ], [ 774702.646372992778197, 8979966.869598338380456 ], [ 774703.460133476415649, 8979952.49316312931478 ], [ 774669.419054064783268, 8979953.183643611148 ], [ 774663.72149652580265, 8980031.563556781038642 ], [ 774685.557402836391702, 8980095.715008234605193 ], [ 774701.425732267205603, 8980100.597571136429906 ], [ 774708.342696378123946, 8980061.67269466817379 ], [ 774935.110617816564627, 8980104.259493310004473 ], [ 774931.584322387585416, 8980208.4208352137357 ], [ 774958.980925336480141, 8980207.878328224644065 ], [ 774959.523432325571775, 8980251.550140846520662 ], [ 774964.541621974669397, 8980311.632789900526404 ], [ 774967.932290656492114, 8980347.438251182436943 ], [ 775018.317627267446369, 8980346.081983713433146 ], [ 775065.651362064993009, 8980347.573877926915884 ], [ 775065.108855075901374, 8980341.470674298703671 ], [ 775071.570766297518276, 8980341.260351693257689 ], [ 775063.142267241026275, 8980215.609052833169699 ], [ 775097.11676743265707, 8980211.879317281767726 ], [ 775101.181306021520868, 8980211.571222938597202 ], [ 775117.382685803924687, 8980212.720312939956784 ], [ 775133.315480855177157, 8980213.850353449583054 ], [ 775134.77940601715818, 8980212.045671680942178 ], [ 775136.731202751398087, 8980206.137530211359262 ], [ 775131.689061186509207, 8980158.428408665582538 ], [ 775137.104857531376183, 8980153.109322965145111 ], [ 775137.352006969158538, 8980133.299758352339268 ], [ 775137.352006970206276, 8980124.595799937844276 ], [ 775132.707209408516064, 8980111.872976774349809 ], [ 775126.614438518183306, 8980111.292712880298495 ], [ 775121.071261710720137, 8980095.180241163820028 ], [ 775117.297314798459411, 8980067.055351078510284 ], [ 775113.624541734345257, 8980039.68444705195725 ], [ 775114.308982577873394, 8980038.627883031964302 ], [ 775116.944940684828907, 8980034.5587826538831 ], [ 775117.235072632436641, 8980025.854824239388108 ], [ 775123.4245541713899, 8980019.665342699736357 ], [ 775117.912047174060717, 8979995.004127195104957 ], [ 775112.592961475718766, 8979993.553467458114028 ], [ 775110.881863785209134, 8979979.465429235249758 ], [ 775107.946267214836553, 8979978.100513808429241 ], [ 775022.143502602004446, 8979938.206231908872724 ], [ 775021.911736070527695, 8980015.152720365673304 ], [ 774961.964713776367716, 8980014.610213376581669 ], [ 774971.187332590809092, 8979952.221909632906318 ], [ 774923.98922454030253, 8979945.440572269260883 ], [ 774939.939588983426802, 8979899.985247796401381 ] ] ], [ [ [ 777349.835627549095079, 8980165.637392261996865 ], [ 777343.032841515494511, 8980103.229224735870957 ], [ 777239.660071135265753, 8980093.468705644831061 ], [ 777222.800992704113014, 8980169.186671931296587 ], [ 777296.300659197731875, 8980170.221878502517939 ], [ 777292.89926618093159, 8980217.397720778360963 ], [ 777349.835627549095079, 8980165.637392261996865 ] ] ], [ [ [ 769745.967839660006575, 8980104.39858179166913 ], [ 769710.439358920208178, 8980090.011015210300684 ], [ 769716.899082691175863, 8980010.732587113976479 ], [ 769670.80014487169683, 8980002.217496689409018 ], [ 769666.102163947420195, 8980027.175520349293947 ], [ 769660.523311599856243, 8980080.321429554373026 ], [ 769662.87230206199456, 8980093.534500904381275 ], [ 769660.523311599856243, 8980107.922067485749722 ], [ 769650.246478328015655, 8980128.769357835873961 ], [ 769612.956254741642624, 8980105.573077021166682 ], [ 769565.976445498876274, 8980080.615053361281753 ], [ 769513.045723358169198, 8980061.61950358748436 ], [ 769503.204098128131591, 8980127.336162380874157 ], [ 769530.167196006048471, 8980166.225245857611299 ], [ 769521.63925052608829, 8980186.613247966393828 ], [ 769534.558698067790829, 8980191.0176050812006 ], [ 769586.236488234833814, 8980212.452143048867583 ], [ 769634.3907927084947, 8980237.410166710615158 ], [ 769662.431866350001656, 8980253.853099945932627 ], [ 769655.605112819583155, 8980266.478923682123423 ], [ 769690.1466463804245, 8980300.317577200010419 ], [ 769706.108407755498774, 8980315.954535292461514 ], [ 769785.31342990079429, 8980237.410166708752513 ], [ 769744.49972062127199, 8980201.588062161579728 ], [ 769738.627244465984404, 8980187.78774319589138 ], [ 769726.588668347569183, 8980174.281048038974404 ], [ 769745.967839660006575, 8980104.39858179166913 ] ] ], [ [ [ 775187.917708722059615, 8980189.04548711143434 ], [ 775175.695596248260699, 8980192.7585339397192 ], [ 775176.469147670664825, 8980203.278833284974098 ], [ 775180.49161506711971, 8980213.953842913731933 ], [ 775171.36370828282088, 8980237.77922672405839 ], [ 775171.673128851805814, 8980239.790460420772433 ], [ 775174.612624256871641, 8980269.185414468869567 ], [ 775175.231465394841507, 8980296.723845105618238 ], [ 775173.684362550033256, 8980323.643434606492519 ], [ 775175.141344662406482, 8980338.165239771828055 ], [ 775383.756520511233248, 8980332.675366723909974 ], [ 775381.538220717688091, 8980196.915419356897473 ], [ 775368.228421956300735, 8980188.485880142077804 ], [ 775326.968045795918442, 8980180.056340927258134 ], [ 775300.348448273143731, 8980182.718300679698586 ], [ 775232.024814631207846, 8980185.823920389637351 ], [ 775187.917708722059615, 8980189.04548711143434 ] ] ], [ [ [ 777044.301802648231387, 8980233.591309269890189 ], [ 776997.27384702465497, 8980222.05615034326911 ], [ 776992.985134090413339, 8980264.795393032953143 ], [ 776991.210494255647063, 8980311.453632026910782 ], [ 777036.463810044457205, 8980321.066264465451241 ], [ 777040.456749672885053, 8980300.805793017148972 ], [ 777038.977883143816143, 8980289.862180702388287 ], [ 777039.27365644951351, 8980244.387034932151437 ], [ 777044.301802648231387, 8980233.591309269890189 ] ] ], [ [ [ 764439.800932875019498, 8980382.97161958925426 ], [ 764439.906693618977442, 8980398.683720810338855 ], [ 764446.648317981045693, 8980406.235746035352349 ], [ 764462.000039523467422, 8980418.564524574205279 ], [ 764481.399257185636088, 8980420.505952995270491 ], [ 764516.72690688748844, 8980405.763968098908663 ], [ 764536.881572904996574, 8980392.505463713780046 ], [ 764563.905242827488109, 8980380.236697860062122 ], [ 764616.955802660202608, 8980360.540528733283281 ], [ 764649.546440858975984, 8980342.593129457905889 ], [ 764642.689819469931535, 8980338.287192923948169 ], [ 764624.73687046347186, 8980321.831956386566162 ], [ 764611.00582833820954, 8980320.888439919799566 ], [ 764551.025854113860987, 8980330.616512583568692 ], [ 764524.226732773240656, 8980325.271591182798147 ], [ 764506.86007055058144, 8980293.962888356298208 ], [ 764493.138977976283059, 8980304.04845773614943 ], [ 764478.997927913907915, 8980318.647807950153947 ], [ 764467.281824545003474, 8980336.684191191568971 ], [ 764465.651170969358645, 8980349.299955744296312 ], [ 764468.094726941548288, 8980355.499564649537206 ], [ 764452.910393876954913, 8980368.033901624381542 ], [ 764439.800932875019498, 8980382.97161958925426 ] ] ], [ [ [ 764651.559087783680297, 8980556.631531797349453 ], [ 764658.943362172925845, 8980583.172745833173394 ], [ 764656.036841543624178, 8980610.128609552979469 ], [ 764654.523661227314733, 8980640.183120559900999 ], [ 764662.230111289070919, 8980663.614134520292282 ], [ 764683.674719139002264, 8980689.024642240256071 ], [ 764691.620659148436971, 8980718.475635288283229 ], [ 764705.944632507045753, 8980680.953470002859831 ], [ 764717.614853010862134, 8980681.565532177686691 ], [ 764733.417577360989526, 8980643.328361166641116 ], [ 764702.054573919274844, 8980437.589118557050824 ], [ 764662.536087081301957, 8980454.337829601019621 ], [ 764649.609831417677924, 8980471.001081088557839 ], [ 764642.175539482850581, 8980487.972670683637261 ], [ 764637.122029211488552, 8980501.820188654586673 ], [ 764641.768442824017256, 8980529.415852492675185 ], [ 764651.559087783680297, 8980556.631531797349453 ] ] ], [ [ [ 776781.655107090249658, 8980679.543511105701327 ], [ 776844.063274615909904, 8980674.515364905819297 ], [ 776839.18301507004071, 8980626.156429406255484 ], [ 776833.859095565509051, 8980582.086206842213869 ], [ 776788.605779776815325, 8980583.71296002343297 ], [ 776781.655107090249658, 8980679.543511105701327 ] ] ], [ [ [ 777054.06232174008619, 8980816.634438348934054 ], [ 777160.540711831301451, 8980811.310518844053149 ], [ 777157.582978773280047, 8980759.550190327689052 ], [ 777051.696135293575935, 8980767.831842890009284 ], [ 777054.06232174008619, 8980816.634438348934054 ] ] ], [ [ [ 773310.742972429376096, 8981025.165107306092978 ], [ 773295.688403482199647, 8981041.033436736091971 ], [ 773279.820074051385745, 8981052.426083507016301 ], [ 773263.137984136934392, 8981070.328814147040248 ], [ 773258.662301477044821, 8981094.334748415276408 ], [ 773265.579265587730333, 8981123.630125826224685 ], [ 773267.206786555005237, 8981131.360850419849157 ], [ 773265.172385346028022, 8981132.988371387124062 ], [ 773265.341918781166896, 8981269.225439019501209 ], [ 773340.207883274997585, 8981262.715355150401592 ], [ 773332.070278438739479, 8981158.011506257578731 ], [ 773411.27629884541966, 8981155.298971312120557 ], [ 773405.589275718084536, 8981072.388160455971956 ], [ 773333.93514621281065, 8981078.873299226164818 ], [ 773331.90074500371702, 8981017.841262953355908 ], [ 773310.742972429376096, 8981025.165107306092978 ] ] ], [ [ [ 769201.082446988206357, 8981304.294049369171262 ], [ 769207.973889421438798, 8981288.811917750164866 ], [ 769214.364266551099718, 8981279.328023543581367 ], [ 769217.593587415292859, 8981268.534101644530892 ], [ 769214.278219902422279, 8981261.576217645779252 ], [ 769206.283719801460393, 8981251.28843891993165 ], [ 769204.295083425124176, 8981236.913364231586456 ], [ 769207.664560534060001, 8981214.213013419881463 ], [ 769202.759225051268004, 8981205.037741705775261 ], [ 769213.060080172377639, 8981180.485636912286282 ], [ 769215.948822472477332, 8981171.82885935716331 ], [ 769204.030414788983762, 8981161.515300052240491 ], [ 769194.006970519898459, 8981152.413370806723833 ], [ 769183.121551889227703, 8981143.401487473398447 ], [ 769173.833002131083049, 8981129.558336535468698 ], [ 769171.161757807247341, 8981114.536962427198887 ], [ 769168.769728351617232, 8981102.433738246560097 ], [ 769172.009524037013762, 8981087.339711852371693 ], [ 769169.099425766966306, 8981063.392183093354106 ], [ 769165.223824501619674, 8981014.025815276429057 ], [ 769164.048149776179343, 8980985.598090201616287 ], [ 769137.518661966780201, 8980968.635269396007061 ], [ 769128.051833909237757, 8980959.218904867768288 ], [ 769126.836576802190393, 8980948.812398012727499 ], [ 769140.776851153816096, 8980949.162965226918459 ], [ 769163.14352430368308, 8980947.6209313608706 ], [ 769176.673328075208701, 8980941.466206472367048 ], [ 769185.19322323682718, 8980936.911252094432712 ], [ 769190.633030912606046, 8980931.57601754553616 ], [ 769189.74164892337285, 8980923.288500772789121 ], [ 769186.219683599891141, 8980916.070281580090523 ], [ 769184.278609114116989, 8980910.737223261967301 ], [ 769183.503053615102544, 8980899.38777326606214 ], [ 769185.377686535939574, 8980892.55406747944653 ], [ 769190.087324373656884, 8980877.530517142266035 ], [ 769208.916054165223613, 8980875.486692562699318 ], [ 769217.659250582219101, 8980866.935938954353333 ], [ 769223.089255716302432, 8980858.808183509856462 ], [ 769224.158013995620422, 8980844.382821889594197 ], [ 769114.023541802424006, 8980858.297101031988859 ], [ 769052.466080122860149, 8980871.083639554679394 ], [ 769054.231415243120864, 8980889.454513471573591 ], [ 769053.768834697897546, 8980904.162540411576629 ], [ 769053.817121998406947, 8980915.66485083475709 ], [ 769052.5009188138647, 8980928.334856474772096 ], [ 769050.83433452330064, 8980940.349485563114285 ], [ 769050.383732749964111, 8980965.230915559455752 ], [ 769051.914513253956102, 8980979.884479707106948 ], [ 769051.601891496567987, 8980985.478598630055785 ], [ 769050.409866523114033, 8980992.958603834733367 ], [ 769046.560026817373, 8981000.51122609898448 ], [ 769040.510228251572698, 8981007.857975961640477 ], [ 769036.794369299197569, 8981013.013118682429194 ], [ 769028.303156353882514, 8981023.485341692343354 ], [ 769023.760906158480793, 8981027.599143641069531 ], [ 769014.693109212443233, 8981031.57061311416328 ], [ 769006.737819279776886, 8981032.452917970716953 ], [ 768993.66442056093365, 8981033.408565293997526 ], [ 768983.455434385105036, 8981034.551930753514171 ], [ 768971.297747411066666, 8981034.950599160045385 ], [ 768959.166566423722543, 8981033.885654035955667 ], [ 768949.157277156133205, 8981042.338010013103485 ], [ 768921.835511385928839, 8981079.124771298840642 ], [ 768919.341085032909177, 8981085.177471503615379 ], [ 768943.801693096058443, 8981089.695764156058431 ], [ 768925.440249505685642, 8981123.444921975955367 ], [ 768923.306006800732575, 8981132.94551962800324 ], [ 768919.32363716152031, 8981147.816209537908435 ], [ 768917.965675365529023, 8981171.126551238819957 ], [ 768921.224031642079353, 8981197.901493830606341 ], [ 768922.520982938818634, 8981211.298042258247733 ], [ 768923.925409001996741, 8981223.760724676772952 ], [ 768926.678347515524365, 8981241.772140359506011 ], [ 768933.546538797789253, 8981269.246394339948893 ], [ 768935.553101309109479, 8981279.124167894944549 ], [ 768942.304968822398223, 8981312.361815864220262 ], [ 768943.675987996393815, 8981333.336767131462693 ], [ 768948.441892643342726, 8981356.878761811181903 ], [ 768970.712344388943166, 8981363.983702959492803 ], [ 768976.398313240031712, 8981401.73048304580152 ], [ 768992.346652453881688, 8981406.215368807315826 ], [ 768985.978037621011026, 8981489.508084628731012 ], [ 768974.144951176131144, 8981494.486037168651819 ], [ 768973.070203511277214, 8981503.824697261676192 ], [ 768951.860697625903413, 8981501.478406662121415 ], [ 768958.30773279548157, 8981440.525858003646135 ], [ 768893.727194865816273, 8981432.715057758614421 ], [ 768882.278211576980539, 8981583.173509186133742 ], [ 768893.07576052530203, 8981598.704300317913294 ], [ 768891.051894226460718, 8981617.112208176404238 ], [ 768907.268194946809672, 8981616.802134862169623 ], [ 768900.459525309503078, 8981669.386197967454791 ], [ 768884.444372317288071, 8981681.92584990337491 ], [ 768875.881993134156801, 8981694.660846287384629 ], [ 768866.565839766059071, 8981709.012316627427936 ], [ 768861.171957055106759, 8981733.064630350098014 ], [ 768868.709638081723824, 8981733.898848546668887 ], [ 768874.795781289692968, 8981734.572420617565513 ], [ 768944.073412215919234, 8981742.239587765187025 ], [ 769032.71573615539819, 8981752.049904672428966 ], [ 769068.576629957882687, 8981745.484532605856657 ], [ 769070.4361963623669, 8981733.231898434460163 ], [ 769081.192024733871222, 8981637.717230303213 ], [ 769112.773179762647487, 8981642.439944537356496 ], [ 769179.518706022994593, 8981652.421214766800404 ], [ 769184.586650207056664, 8981620.496111975982785 ], [ 769164.306471764459275, 8981618.091182719916105 ], [ 769177.855546440929174, 8981525.027006100863218 ], [ 769147.198454877361655, 8981517.619245737791061 ], [ 769152.376216750941239, 8981472.324575040489435 ], [ 769180.822728094412014, 8981477.867498042061925 ], [ 769205.334935345919803, 8981352.852180203422904 ], [ 769200.178341801278293, 8981344.215733142569661 ], [ 769195.740664732875302, 8981337.554492866620421 ], [ 769187.535390960052609, 8981328.070412555709481 ], [ 769186.797957514529116, 8981324.200605060905218 ], [ 769189.606093739741482, 8981316.244227012619376 ], [ 769201.082446988206357, 8981304.294049369171262 ] ] ], [ [ [ 777052.879228516831063, 8981335.198986761271954 ], [ 777087.780478602275252, 8981331.058160480111837 ], [ 777089.259345131344162, 8981380.452302550897002 ], [ 777201.061654727091081, 8981366.25518387183547 ], [ 777193.371548776049167, 8981269.537312870845199 ], [ 776981.302088510943577, 8981284.325978161767125 ], [ 776985.442914792336524, 8981336.677853289991617 ], [ 777016.203338596504182, 8981336.973626596853137 ], [ 777017.386431819759309, 8981366.550957176834345 ], [ 777056.42850818648003, 8981367.142503788694739 ], [ 777052.879228516831063, 8981335.198986761271954 ] ] ], [ [ [ 776871.200475423247553, 8981700.479019429534674 ], [ 776905.362292244215496, 8981698.852266248315573 ], [ 776898.115846251719631, 8981499.057398173958063 ], [ 776835.707678726059385, 8981501.423584621399641 ], [ 776841.918918147915974, 8981585.127430165186524 ], [ 776796.221942400443368, 8981586.754183346405625 ], [ 776797.552922276663594, 8981614.704760745167732 ], [ 776864.693462695227936, 8981612.930120909586549 ], [ 776871.200475423247553, 8981700.479019429534674 ] ] ], [ [ [ 775865.86700897931587, 8982068.347068535163999 ], [ 775852.261436912114732, 8982019.692359728738666 ], [ 775758.057639011880383, 8982048.973917003720999 ], [ 775763.973105128156021, 8982071.009028287604451 ], [ 775804.19827471813187, 8982059.769642665982246 ], [ 775809.96585418144241, 8982083.875167088583112 ], [ 775865.86700897931587, 8982068.347068535163999 ] ] ], [ [ [ 775959.035600309842266, 8982059.917529320344329 ], [ 775983.289011386223137, 8982121.438376927748322 ], [ 776070.39424994692672, 8982087.720220066606998 ], [ 776054.718264739029109, 8982024.276845969259739 ], [ 775959.035600309842266, 8982059.917529320344329 ] ] ], [ [ [ 776065.070330442045815, 8982295.353080742061138 ], [ 776078.897732488228939, 8982332.176857315003872 ], [ 776209.333760350011289, 8982284.409468427300453 ], [ 776194.692981712520123, 8982242.409659001976252 ], [ 776182.714162827236578, 8982246.846258589997888 ], [ 776150.326985841267742, 8982164.473392922431231 ], [ 776117.939808855182491, 8982176.600098460912704 ], [ 776122.746125074801967, 8982196.564796602353454 ], [ 776142.858709869906306, 8982193.015516931191087 ], [ 776165.633254417101853, 8982253.057498011738062 ], [ 776065.070330442045815, 8982295.353080742061138 ] ] ], [ [ [ 777380.300278046866879, 8982498.179625198245049 ], [ 777388.286157303722575, 8982493.743025612086058 ], [ 777390.060797138605267, 8982490.785292552784085 ], [ 777389.173477221163921, 8982483.834619866684079 ], [ 777385.624197551398538, 8982478.658587014302611 ], [ 777383.55378441081848, 8982474.369874080643058 ], [ 777378.377751559135504, 8982467.714974699541926 ], [ 777366.398932673851959, 8982466.827654782682657 ], [ 777350.419249390251935, 8982475.732363788411021 ], [ 777347.37614220159594, 8982459.852448601275682 ], [ 777339.132363050011918, 8982447.094218961894512 ], [ 777324.803889762959443, 8982428.643856098875403 ], [ 777319.700597907183692, 8982379.966303013265133 ], [ 777307.157001005951315, 8982356.760648746043444 ], [ 777300.641353566898033, 8982381.444928467273712 ], [ 777303.271428403211758, 8982436.057658888399601 ], [ 777287.336269101826474, 8982481.542482525110245 ], [ 777293.060549627640285, 8982501.654819507151842 ], [ 777322.92025671992451, 8982503.503544703125954 ], [ 777326.025876430911012, 8982528.644275696948171 ], [ 777329.723042753525078, 8982540.770981235429645 ], [ 777330.314589365152642, 8982557.186399707570672 ], [ 777333.272322423174046, 8982565.320165617391467 ], [ 777341.553974985843524, 8982572.566611610352993 ], [ 777361.666559780831449, 8982577.742644460871816 ], [ 777372.314398790011182, 8982576.263777932152152 ], [ 777380.448164699715562, 8982573.010271567851305 ], [ 777387.842497344943695, 8982567.094805451110005 ], [ 777375.86367845966015, 8982549.939953714609146 ], [ 777366.990479285363108, 8982540.031547971069813 ], [ 777362.258106392459013, 8982532.34144201874733 ], [ 777361.222899822168984, 8982524.059789456427097 ], [ 777364.476406186120585, 8982515.334476934745908 ], [ 777372.462285442976281, 8982504.982411231845617 ], [ 777380.300278046866879, 8982498.179625198245049 ] ] ], [ [ [ 764464.4072517210152, 8982635.094846462830901 ], [ 764476.437149587203749, 8982629.748225189745426 ], [ 764486.462064475635998, 8982617.718327322974801 ], [ 764496.152815534500405, 8982611.703378390520811 ], [ 764508.516877230256796, 8982601.678463501855731 ], [ 764517.539300629869103, 8982591.319384783506393 ], [ 764521.549266585265286, 8982583.967780532315373 ], [ 764525.559232540661469, 8982577.952831597998738 ], [ 764536.920802747597918, 8982574.277029473334551 ], [ 764541.264932532561943, 8982567.259589051827788 ], [ 764547.948209124850109, 8982551.219725228846073 ], [ 764550.28735593217425, 8982544.536448637023568 ], [ 764541.599096362129785, 8982522.147472053766251 ], [ 764529.569198496057652, 8982515.130031630396843 ], [ 764509.185204889508896, 8982518.805833756923676 ], [ 764497.489470852888189, 8982522.81579971127212 ], [ 764486.79622830520384, 8982512.456720994785428 ], [ 764481.449607031419873, 8982508.11259120889008 ], [ 764438.676636840682477, 8982530.501567794010043 ], [ 764388.552062398288399, 8982560.242148628458381 ], [ 764373.180526236072183, 8982573.942865643650293 ], [ 764373.514690065640025, 8982594.661023078486323 ], [ 764374.183017724892125, 8982609.364231582731009 ], [ 764375.853836872964166, 8982620.391637960448861 ], [ 764384.171702107763849, 8982631.120478626340628 ], [ 764421.968445359845646, 8982679.872799631208181 ], [ 764434.666670885286294, 8982670.182048572227359 ], [ 764443.689094284898601, 8982654.810512410476804 ], [ 764450.372370877186768, 8982645.119761351495981 ], [ 764454.382336832582951, 8982641.443959224969149 ], [ 764464.4072517210152, 8982635.094846462830901 ] ] ], [ [ [ 769693.094262744300067, 8982724.546525403857231 ], [ 769703.678102869773284, 8982644.640709212049842 ], [ 769712.036928969901055, 8982570.913222257047892 ], [ 769717.247030772152357, 8982537.700706522911787 ], [ 769720.854245752911083, 8982496.195447411388159 ], [ 769565.000546938623302, 8982472.774896202608943 ], [ 769552.569782554754056, 8982582.432260634377599 ], [ 769552.922674069413915, 8982682.963012870401144 ], [ 769552.750723188393749, 8982693.708189614117146 ], [ 769552.37511715432629, 8982717.179736837744713 ], [ 769692.604261061642319, 8982728.848947012796998 ], [ 769693.094262744300067, 8982724.546525403857231 ] ] ], [ [ [ 770042.57634040073026, 8982665.570016710087657 ], [ 769994.452423057518899, 8982802.534600669518113 ], [ 769980.84386532055214, 8982837.24275491014123 ], [ 770135.441527060233057, 8982878.501382615417242 ], [ 770178.450087268720381, 8982698.917524782940745 ], [ 770042.57634040073026, 8982665.570016710087657 ] ] ], [ [ [ 767515.249378201784566, 8982845.466217327862978 ], [ 767481.328070537303574, 8982805.216307485476136 ], [ 767389.286963340826333, 8982764.690745363011956 ], [ 767354.599829658633098, 8982748.892644874751568 ], [ 767163.992312890361063, 8982690.164923489093781 ], [ 767068.860272989608347, 8982659.59903341345489 ], [ 767031.082206602906808, 8982649.29592439904809 ], [ 766992.617266282089986, 8982688.447738654911518 ], [ 766968.920115548768081, 8982675.053696935996413 ], [ 766927.707679490675218, 8982691.538671359419823 ], [ 766897.82866334868595, 8982643.800932921469212 ], [ 766864.405289609916508, 8982657.425747694447637 ], [ 766885.615186283481307, 8982686.537370579317212 ], [ 766943.312596758711152, 8982733.931672040373087 ], [ 767015.43435985269025, 8982784.760343173518777 ], [ 767105.414845236344263, 8982869.932711016386747 ], [ 767161.959282195894048, 8982913.972128262743354 ], [ 767284.538688359432854, 8982873.216826982796192 ], [ 767305.488343355595134, 8982911.681767303496599 ], [ 767321.286443844554015, 8982994.793513352051377 ], [ 767326.781435318989679, 8983035.662512442097068 ], [ 767423.630660055321641, 8983015.399731380864978 ], [ 767453.853113164543174, 8983126.329871768131852 ], [ 767534.217363477800973, 8983100.572099231183529 ], [ 767533.680743227363564, 8983086.641437258571386 ], [ 767535.054491095826961, 8983021.731850475072861 ], [ 767532.650432326016016, 8982985.327531959861517 ], [ 767522.347323312656954, 8982940.680726235732436 ], [ 767516.852331838570535, 8982877.831761259585619 ], [ 767514.791710035991855, 8982846.922434218227863 ], [ 767515.249378201784566, 8982845.466217327862978 ] ] ], [ [ [ 769589.555382217862643, 8983040.503006510436535 ], [ 769614.522858863696456, 8983058.705414179712534 ], [ 769665.002662347629666, 8983033.318745641037822 ], [ 769669.803201918490231, 8982991.606063900515437 ], [ 769671.412905382807367, 8982969.397093584761024 ], [ 769675.953952900366858, 8982940.901835659518838 ], [ 769675.239885167800821, 8982914.766657460480928 ], [ 769674.306031836778857, 8982874.097250921651721 ], [ 769676.379041255102493, 8982839.640547722578049 ], [ 769676.675273156608455, 8982837.91565633751452 ], [ 769626.82507295475807, 8982837.797065299004316 ], [ 769626.389543352182955, 8982779.340620420873165 ], [ 769552.01856813475024, 8982775.233551910147071 ], [ 769557.424931634566747, 8982847.747526274994016 ], [ 769557.487354919197969, 8982937.647019580006599 ], [ 769563.540761517127976, 8983003.444637650623918 ], [ 769589.555382217862643, 8983040.503006510436535 ] ] ], [ [ [ 770045.979148886166513, 8983021.117077726870775 ], [ 770090.412615644629113, 8982914.575030703097582 ], [ 769964.488482801709324, 8982888.285250680521131 ], [ 769955.025715131079778, 8982917.096568826586008 ], [ 769932.496235921862535, 8982985.692145191133022 ], [ 770045.979148886166513, 8983021.117077726870775 ] ] ], [ [ [ 776007.376220580539666, 8982962.931489339098334 ], [ 775958.155693191336468, 8982907.349125077947974 ], [ 775922.632333507761359, 8982956.59466177970171 ], [ 775887.108973825233988, 8983005.8401984795928 ], [ 775939.684879916254431, 8983031.331546887755394 ], [ 775996.661547951633111, 8982973.311328450217843 ], [ 776007.376220580539666, 8982962.931489339098334 ] ] ], [ [ [ 771588.806647200835869, 8983657.978284008800983 ], [ 771587.907456340501085, 8983654.943514855578542 ], [ 771582.624710035976022, 8983620.54946444183588 ], [ 771574.756790008046664, 8983558.280497366562486 ], [ 771577.679160304134712, 8983550.637375053018332 ], [ 771580.82632831519004, 8983538.723096152767539 ], [ 771566.888869980117306, 8983540.071882443502545 ], [ 771551.040631066774949, 8983543.219050453975797 ], [ 771550.253839063923806, 8983546.815813895314932 ], [ 771539.4635487399064, 8983549.962981905788183 ], [ 771530.808836709242314, 8983551.424167053773999 ], [ 771506.530683480319567, 8983551.19936933927238 ], [ 771469.326661634026095, 8983553.672144202515483 ], [ 771467.078684483189136, 8983538.048703003674746 ], [ 771460.222354173194617, 8983537.823905289173126 ], [ 771432.347437502816319, 8983541.982663014903665 ], [ 771428.301078631426208, 8983527.483210392296314 ], [ 771391.771449930383824, 8983534.339540703222156 ], [ 771335.796818874776363, 8983543.668645879253745 ], [ 771330.963668000535108, 8983521.638469802215695 ], [ 771329.727280567632988, 8983496.123929135501385 ], [ 771330.851269143051468, 8983473.419359913095832 ], [ 771330.851269143051468, 8983443.970859237015247 ], [ 771305.673925053793937, 8983441.048488941043615 ], [ 771256.44322545058094, 8983442.622072946280241 ], [ 771271.504672361072153, 8983561.315266510471702 ], [ 771262.287966042757034, 8983564.462434522807598 ], [ 771267.458313489682041, 8983578.624690573662519 ], [ 771281.845367255038582, 8983574.128736272454262 ], [ 771292.860455294023268, 8983590.988564902916551 ], [ 771323.208146830322221, 8983583.120644874870777 ], [ 771356.028613232425414, 8983577.950297428295016 ], [ 771361.873353824601509, 8983585.368622025474906 ], [ 771411.553648857865483, 8983644.715218808501959 ], [ 771444.598912975052372, 8983678.322477212175727 ], [ 771453.253625005716458, 8983695.519502410665154 ], [ 771461.121545033645816, 8983710.356151606887579 ], [ 771492.143629715079442, 8983764.195204365998507 ], [ 771489.333658276940696, 8983768.691158669069409 ], [ 771473.148222790798172, 8983799.263647921383381 ], [ 771467.865476486389525, 8983811.290325677022338 ], [ 771460.559550746227615, 8983823.541801149025559 ], [ 771457.749579307623208, 8983835.568478906527162 ], [ 771455.164405584218912, 8983843.548797791823745 ], [ 771448.645271846791729, 8983849.618336103856564 ], [ 771452.017237573047169, 8983855.687874410301447 ], [ 771458.985966740641743, 8983867.152557879686356 ], [ 771457.187585019972175, 8983877.268455058336258 ], [ 771464.605909617734142, 8983883.787588795647025 ], [ 771526.312882408150472, 8983940.66141070984304 ], [ 771528.785657274071127, 8983939.874618707224727 ], [ 771551.602625355008058, 8983917.394847199320793 ], [ 771589.143843773985282, 8983876.706460770219564 ], [ 771602.631706678890623, 8983887.047155665233731 ], [ 771599.934134097886272, 8983891.767907680943608 ], [ 771585.996675762813538, 8983905.255770586431026 ], [ 771582.849507751641795, 8983911.10051117837429 ], [ 771575.543582011363469, 8983938.188635844737291 ], [ 771576.779969444382004, 8983943.358983291313052 ], [ 771592.178612927556969, 8983955.722857620567083 ], [ 771598.135752377216704, 8983961.230401638895273 ], [ 771597.910954662133008, 8983967.187541089951992 ], [ 771592.515809500124305, 8983973.48187711276114 ], [ 771604.205290684476495, 8983984.834161723032594 ], [ 771607.015262123080902, 8983984.2721674349159 ], [ 771609.150840416317806, 8983980.113409707322717 ], [ 771611.960811854805797, 8983968.985922809690237 ], [ 771615.894771868828684, 8983957.746037056669593 ], [ 771622.413905606488697, 8983939.425023274496198 ], [ 771605.216880402644165, 8983924.363576363772154 ], [ 771610.16243013436906, 8983918.406436912715435 ], [ 771624.549483899725601, 8983908.740135163068771 ], [ 771640.959717100951821, 8983894.69027797318995 ], [ 771647.478850838379003, 8983893.566289396956563 ], [ 771657.36995030194521, 8983903.007793430238962 ], [ 771660.067522882949561, 8983901.88380485586822 ], [ 771683.671282966737635, 8983874.008888185024261 ], [ 771710.647008776664734, 8983853.102700682356954 ], [ 771743.242677463917062, 8983843.211601223796606 ], [ 771757.854528944357298, 8983827.026165736839175 ], [ 771768.195223838090897, 8983809.491943961009383 ], [ 771763.699269536416978, 8983800.050439927726984 ], [ 771742.118688888498582, 8983782.291420435532928 ], [ 771685.919260117807426, 8983741.603034006431699 ], [ 771679.175328665412962, 8983731.93673225864768 ], [ 771695.360764151322655, 8983671.915742332115769 ], [ 771682.322496676701121, 8983646.963195959106088 ], [ 771631.967808497953229, 8983653.594728549942374 ], [ 771590.829826637753285, 8983658.652677139267325 ], [ 771588.806647200835869, 8983657.978284008800983 ] ] ], [ [ [ 768468.687886192579754, 8983549.165172709152102 ], [ 768500.970961101120338, 8983703.024933975189924 ], [ 768497.536591429961845, 8983731.873639212921262 ], [ 768371.151787532027811, 8983751.792983304709196 ], [ 768373.212409334606491, 8983771.71232739649713 ], [ 768380.081148676923476, 8983875.086854498833418 ], [ 768391.071131624630652, 8983897.06682039424777 ], [ 768456.324155376292765, 8983957.168289639055729 ], [ 768518.829683391028084, 8984006.623212903738022 ], [ 768561.415867313160561, 8984029.29005273245275 ], [ 768609.497042709146626, 8984031.350674534216523 ], [ 768652.770100565510802, 8984046.46190108731389 ], [ 768672.002570723881945, 8984080.11872386559844 ], [ 768755.114316765568219, 8984147.432369420304894 ], [ 768869.822263781679794, 8984218.867258578538895 ], [ 769024.874764479813166, 8984300.769990803673863 ], [ 769026.303217628388666, 8984287.237276764586568 ], [ 769026.303217628388666, 8984260.931062584742904 ], [ 769016.073023225762881, 8984228.779023034498096 ], [ 769001.458459793473594, 8984203.934265200048685 ], [ 768976.613701958558522, 8984179.089507363736629 ], [ 768953.230400466825813, 8984154.244749529287219 ], [ 768931.308555318391882, 8984134.515088895335793 ], [ 768900.617972110514529, 8984110.401059232652187 ], [ 768874.311757932300679, 8984089.209942255169153 ], [ 768848.00554375408683, 8984070.941737964749336 ], [ 768823.891514090821147, 8984046.82770830206573 ], [ 768812.199863344896585, 8984024.905863152816892 ], [ 768801.238940770737827, 8983981.06217285618186 ], [ 768795.393115397891961, 8983970.101250281557441 ], [ 768772.009813906159252, 8983940.1413952447474 ], [ 768744.24214338476304, 8983902.874258494004607 ], [ 768715.743744691717438, 8983864.14566539786756 ], [ 768712.820832005236298, 8983840.031635733321309 ], [ 768710.628647490404546, 8983801.303042639046907 ], [ 768704.782822117442265, 8983777.189012974500656 ], [ 768696.744812229648232, 8983764.766634058207273 ], [ 768696.014084058115259, 8983731.883866334334016 ], [ 768701.859909430961125, 8983697.539642268791795 ], [ 768701.129181259311736, 8983690.232360552996397 ], [ 768698.206268572830595, 8983666.118330890312791 ], [ 768685.053161483840086, 8983610.582989847287536 ], [ 768687.245345998671837, 8983574.046581266447902 ], [ 768684.322433312190697, 8983554.316920632496476 ], [ 768672.265418480499648, 8983521.251470865681767 ], [ 768658.381583219743334, 8983474.850231966003776 ], [ 768658.381583219743334, 8983456.582027675583959 ], [ 768650.343573332065716, 8983429.545085325837135 ], [ 768634.267553556477651, 8983398.854502117261291 ], [ 768632.950677375891246, 8983395.844499418511987 ], [ 768618.922261952538975, 8983363.779549879953265 ], [ 768605.038426691782661, 8983341.857704732567072 ], [ 768587.500950573012233, 8983318.474403239786625 ], [ 768576.540027998853475, 8983298.744742605835199 ], [ 768577.270756170386449, 8983278.284353801980615 ], [ 768586.770222401362844, 8983246.132314249873161 ], [ 768589.867446757620201, 8983238.647355388849974 ], [ 768542.011678671697155, 8983234.233473865315318 ], [ 768527.930763019947335, 8983237.324406569823623 ], [ 768521.062023677746765, 8983254.839691892266273 ], [ 768514.19328433542978, 8983272.698414182290435 ], [ 768497.708309913985431, 8983273.041851149871945 ], [ 768470.233352544833906, 8983267.890296643599868 ], [ 768468.859604676370509, 8983251.061885254457593 ], [ 768455.808999925968237, 8983250.031574353575706 ], [ 768447.90994968242012, 8983267.203422708436847 ], [ 768453.748378123273142, 8983286.09245590120554 ], [ 768470.576789511949755, 8983286.09245590120554 ], [ 768492.213318440131843, 8983287.466203769668937 ], [ 768513.506410401198082, 8983295.708690980449319 ], [ 768521.062023677746765, 8983311.850228434428573 ], [ 768520.375149743515067, 8983335.203942198306322 ], [ 768515.567032203893177, 8983357.52734505943954 ], [ 768501.829553519259207, 8983356.497034158557653 ], [ 768495.647688111290336, 8983338.638311868533492 ], [ 768496.334562045405619, 8983319.062404742464423 ], [ 768473.667722215875983, 8983333.83019432798028 ], [ 768465.76867197197862, 8983355.810160221531987 ], [ 768435.30178568395786, 8983376.982064252719283 ], [ 768434.970359952771105, 8983410.345587864518166 ], [ 768434.634947840124369, 8983444.110407209023833 ], [ 768459.758525047567673, 8983444.073460772633553 ], [ 768465.253516521421261, 8983490.09401436522603 ], [ 768373.89928326907102, 8983512.760854195803404 ], [ 768373.89928326907102, 8983534.740820091217756 ], [ 768468.687886192579754, 8983549.165172709152102 ] ] ], [ [ [ 777813.897102217772044, 8983196.219047077000141 ], [ 777768.573034742614254, 8983216.857376078143716 ], [ 777701.432936616940424, 8983222.289058605208993 ], [ 777670.113349475432187, 8983237.945694323629141 ], [ 777665.01672460581176, 8983268.719728918746114 ], [ 777657.733482203562744, 8983297.852698529139161 ], [ 777634.973349696607329, 8983337.910531740635633 ], [ 777587.290872094687074, 8983383.999800067394972 ], [ 777598.670938348164782, 8983389.917434519156814 ], [ 777619.610260254470631, 8983397.200676921755075 ], [ 777633.26633975864388, 8983393.559055719524622 ], [ 777642.370392761426046, 8983387.64142126776278 ], [ 777662.85451201768592, 8983400.387095471844077 ], [ 777680.607415373204276, 8983419.050404127687216 ], [ 777690.621873676194809, 8983432.706483632326126 ], [ 777690.621873676194809, 8983450.459386987611651 ], [ 777683.793833924108185, 8983458.653034688904881 ], [ 777669.682551769772545, 8983471.853911543264985 ], [ 777661.944106717477553, 8983493.248436098918319 ], [ 777662.399309367639944, 8983510.546136803925037 ], [ 777671.958565020584501, 8983541.04471436329186 ], [ 777680.152212723041885, 8983583.378560826182365 ], [ 777688.801063075778075, 8983602.952274782583117 ], [ 777711.561195582617074, 8983625.712407289072871 ], [ 777722.48605918593239, 8983639.368486793711782 ], [ 777729.769301588181406, 8983655.30057954788208 ], [ 777735.231733389897272, 8983665.770240500569344 ], [ 777748.887812894070521, 8983679.426320005208254 ], [ 777768.461526850005612, 8983707.193681664764881 ], [ 777783.938416954712011, 8983726.312192969024181 ], [ 777785.30402490508277, 8983746.796312225982547 ], [ 777780.296795753529295, 8983762.273202329874039 ], [ 777775.744769252138212, 8983769.556444732472301 ], [ 777768.916729500051588, 8983785.488537488505244 ], [ 777768.916729500051588, 8983800.055022293701768 ], [ 777771.647945400909521, 8983812.345493847504258 ], [ 777778.931187803158537, 8983822.815154800191522 ], [ 777796.228888508398086, 8983841.023260805755854 ], [ 777805.332941511180252, 8983861.507380062714219 ], [ 777804.422536210971884, 8983881.081094019114971 ], [ 777798.960104409256019, 8983893.371565571054816 ], [ 777742.11222417501267, 8983924.172780705615878 ], [ 777747.382018343778327, 8983944.543651713058352 ], [ 777766.627361386548728, 8983972.410211771726608 ], [ 777766.969634956680238, 8983973.035220539197326 ], [ 777767.301063327584416, 8983973.666047289967537 ], [ 777767.621547637856565, 8983974.302503857761621 ], [ 777767.930992290494032, 8983974.944400392472744 ], [ 777768.229304981650785, 8983975.591545425355434 ], [ 777768.516396727995016, 8983976.243745919317007 ], [ 777768.792181893251836, 8983976.900807330384851 ], [ 777769.056578213581815, 8983977.562533665448427 ], [ 777769.309506822610274, 8983978.228727536275983 ], [ 777769.550892274593934, 8983978.899190226569772 ], [ 777769.780662566772662, 8983979.573721744120121 ], [ 777769.998749161255546, 8983980.25212088227272 ], [ 777770.205087005277164, 8983980.934185285121202 ], [ 777770.399614550522529, 8983981.619711499661207 ], [ 777770.582273771520704, 8983982.308495039120317 ], [ 777770.753010183223523, 8983983.000330448150635 ], [ 777770.911772856605239, 8983983.695011358708143 ], [ 777771.058514434611425, 8983984.392330557107925 ], [ 777771.193191146012396, 8983985.092080039903522 ], [ 777771.315762817976065, 8983985.794051080942154 ], [ 777771.426192888873629, 8983986.498034287244081 ], [ 777771.524448418524116, 8983987.203819669783115 ], [ 777771.610500098555349, 8983987.911196699365973 ], [ 777771.684322260669433, 8983988.619954375550151 ], [ 777771.745892884442583, 8983989.329881282523274 ], [ 777771.795193604077213, 8983990.040765658020973 ], [ 777771.832209713640623, 8983990.752395451068878 ], [ 777771.85693017183803, 8983991.464558392763138 ], [ 777771.869347604573704, 8983992.177042050287127 ], [ 777771.869458308094181, 8983992.88963389955461 ], [ 777771.857262249221094, 8983993.602121381089091 ], [ 777771.832763066049665, 8983994.314291967079043 ], [ 777771.795968066202477, 8983995.025933228433132 ], [ 777771.746888225432485, 8983995.73683288693428 ], [ 777771.685538183664903, 8983996.446778889745474 ], [ 777771.611936240806244, 8983997.155559469014406 ], [ 777771.526104351622052, 8983997.862963203340769 ], [ 777771.428068118868396, 8983998.568779079243541 ], [ 777771.31785678549204, 8983999.27279656380415 ], [ 777771.195503226481378, 8983999.974805653095245 ], [ 777771.061043938389048, 8984000.674596946686506 ], [ 777770.914519029087387, 8984001.371961705386639 ], [ 777770.755972205311991, 8984002.066691912710667 ], [ 777770.585450759739615, 8984002.758580336347222 ], [ 777770.403005557134748, 8984003.447420595213771 ], [ 777770.20869101874996, 8984004.13300721719861 ], [ 777770.002565106609836, 8984004.815135696902871 ], [ 777769.78468930569943, 8984005.493602566421032 ], [ 777769.55512860591989, 8984006.168205441907048 ], [ 777769.313951482879929, 8984006.838743099942803 ], [ 777769.061229876824655, 8984007.505015525966883 ], [ 777768.797039172030054, 8984008.166823977604508 ], [ 777768.521458173403516, 8984008.823971044272184 ], [ 777768.23456908389926, 8984009.476260708644986 ], [ 777767.936457479372621, 8984010.12349839694798 ], [ 777767.6272122830851, 8984010.765491047874093 ], [ 777767.306925739510916, 8984011.402047161012888 ], [ 777766.975693387328647, 8984012.032976860180497 ], [ 777766.295514340046793, 8984012.920383535325527 ], [ 777765.599967007990927, 8984013.795796610414982 ], [ 777764.889262831653468, 8984014.658949967473745 ], [ 777764.163617859594524, 8984015.509581213817 ], [ 777763.423252681968734, 8984016.34743176586926 ], [ 777762.668392363586463, 8984017.172246923670173 ], [ 777761.899266375927255, 8984017.98377594910562 ], [ 777761.116108527174219, 8984018.781772144138813 ], [ 777760.31915689073503, 8984019.56599292345345 ], [ 777759.508653733646497, 8984020.336199894547462 ], [ 777758.684845442068763, 8984021.092158915475011 ], [ 777757.847982447245158, 8984021.833640184253454 ], [ 777756.998319148551673, 8984022.560418294742703 ], [ 777756.136113836662844, 8984023.272272313013673 ], [ 777755.261628615204245, 8984023.96898584254086 ], [ 777754.375129320542328, 8984024.650347085669637 ], [ 777753.476885441108607, 8984025.316148914396763 ], [ 777752.56717003590893, 8984025.966188933700323 ], [ 777751.646259650820866, 8984026.600269531831145 ], [ 777750.714434235356748, 8984027.218197956681252 ], [ 777749.77197705663275, 8984027.819786362349987 ], [ 777748.819174614269286, 8984028.404851872473955 ], [ 777747.856316552148201, 8984028.973216626793146 ], [ 777746.883695571450517, 8984029.524707853794098 ], [ 777745.901607341133058, 8984030.059157898649573 ], [ 777745.517606506240554, 8984030.408444901928306 ], [ 777745.139702895539813, 8984030.764319756999612 ], [ 777744.768009513150901, 8984031.126676045358181 ], [ 777744.402637506485917, 8984031.495405415073037 ], [ 777744.043696132604964, 8984031.870397605001926 ], [ 777743.69129272561986, 8984032.25154047831893 ], [ 777743.345532664447092, 8984032.638720063492656 ], [ 777743.006519341724925, 8984033.031820582225919 ], [ 777742.674354132497683, 8984033.430724488571286 ], [ 777742.349136363831349, 8984033.835312493145466 ], [ 777742.030963285709731, 8984034.245463617146015 ], [ 777741.719930041115731, 8984034.661055209115148 ], [ 777741.416129638208076, 8984035.081962997093797 ], [ 777741.119652922381647, 8984035.508061118423939 ], [ 777740.830588548909873, 8984035.93922215513885 ], [ 777740.549022956634872, 8984036.375317176803946 ], [ 777740.275040342006832, 8984036.81621577963233 ], [ 777740.00872263382189, 8984037.261786121875048 ], [ 777739.750149469124153, 8984037.711894964799285 ], [ 777739.49939816899132, 8984038.166407711803913 ], [ 777739.25654371525161, 8984038.625188449397683 ], [ 777739.021658728714101, 8984039.088099990040064 ], [ 777738.794813446933404, 8984039.555003909394145 ], [ 777738.576075703487732, 8984040.025760589167476 ], [ 777738.365510907256976, 8984040.500229258090258 ], [ 777738.163182023330592, 8984040.978268036618829 ], [ 777737.969149554264732, 8984041.459733977913857 ], [ 777737.783471521222964, 8984041.944483106955886 ], [ 777737.606203447678126, 8984042.432370472699404 ], [ 777737.437398341950029, 8984042.923250181600451 ], [ 777737.277106681722216, 8984043.416975444182754 ], [ 777737.12537639902439, 8984043.913398623466492 ], [ 777736.982252865564078, 8984044.412371272221208 ], [ 777736.847778879688121, 8984044.913744186982512 ], [ 777736.721994652994908, 8984045.417367437854409 ], [ 777736.60493779880926, 8984045.923090429976583 ], [ 777736.496643320424482, 8984046.430761935189366 ], [ 777736.158033740706742, 8984047.863867126405239 ], [ 777738.759553927928209, 8984046.774858670309186 ], [ 777751.0500254817307, 8984039.946818917989731 ], [ 777768.80292883713264, 8984034.484387116506696 ], [ 777774.898818563204259, 8984027.161393849179149 ], [ 777775.598542566294782, 8984006.260737231001258 ], [ 777776.086171239381656, 8983991.695338003337383 ], [ 777786.555832192534581, 8983984.412095602601767 ], [ 777804.763938198098913, 8983983.501690302044153 ], [ 777810.681572649860755, 8983999.888985704630613 ], [ 777812.047180600347929, 8984005.351417507976294 ], [ 777817.96481505210977, 8984013.089862558990717 ], [ 777824.792854804196395, 8984020.828307611867785 ], [ 777861.209066814510152, 8984036.646599696949124 ], [ 777893.073252324247733, 8984068.965987855568528 ], [ 777924.937437833985314, 8984104.471794566139579 ], [ 777976.830539950053208, 8984178.442225210368633 ], [ 777943.543028471176513, 8984224.39204497821629 ], [ 777918.792202057433315, 8984258.557891637086868 ], [ 777911.053757005021907, 8984272.896775115281343 ], [ 777906.956933153793216, 8984283.59403739310801 ], [ 777924.027032534126192, 8984295.656907623633742 ], [ 777931.537876261398196, 8984303.395352676510811 ], [ 777940.414327939040959, 8984309.540588453412056 ], [ 777968.29549026011955, 8984314.775418933480978 ], [ 777973.075118086533621, 8984319.782648084685206 ], [ 777981.496367114130408, 8984332.98352493904531 ], [ 777988.665808853926137, 8984341.518574625253677 ], [ 777996.062851918628439, 8984348.460415041074157 ], [ 778000.159675769857131, 8984350.395026303827763 ], [ 778001.752885045367293, 8984352.102036241441965 ], [ 778008.922326785046607, 8984361.888893218711019 ], [ 778013.701954611577094, 8984370.765344897285104 ], [ 778015.295163887087256, 8984378.503789950162172 ], [ 778015.067562561947852, 8984387.380241626873612 ], [ 778014.839961237157695, 8984409.002367507666349 ], [ 778015.067562562180683, 8984419.13062647357583 ], [ 778017.115974487853236, 8984429.600287426263094 ], [ 778018.140180450631306, 8984437.338732479140162 ], [ 778018.481582438223995, 8984450.312008008360863 ], [ 778022.806007614475675, 8984457.4814497474581 ], [ 778024.62681821512524, 8984463.968087511137128 ], [ 778023.716412914800458, 8984468.861516000702977 ], [ 778021.326599001535214, 8984476.372359728440642 ], [ 778018.253981113084592, 8984483.769402792677283 ], [ 778008.694725460140035, 8984501.067103497684002 ], [ 777998.680267157033086, 8984521.551222754642367 ], [ 777996.176652581314556, 8984530.655275756493211 ], [ 777997.542260531685315, 8984548.863381762057543 ], [ 777894.210525685804896, 8984530.219429638236761 ], [ 777891.221363910357468, 8984547.158013032749295 ], [ 777887.825126902898774, 8984564.487530067563057 ], [ 777887.684400100028142, 8984565.725813060998917 ], [ 777887.565124095766805, 8984566.966346025466919 ], [ 777887.467334615765139, 8984568.20875739865005 ], [ 777887.391060949885286, 8984569.452675053849816 ], [ 777887.336325943702832, 8984570.697726409882307 ], [ 777887.303145991289057, 8984571.94353855215013 ], [ 777887.291531030787155, 8984573.18973833322525 ], [ 777887.301484541152604, 8984574.435952493920922 ], [ 777887.333003541105427, 8984575.681807763874531 ], [ 777887.3860785899451, 8984576.926930988207459 ], [ 777887.460693790810183, 8984578.170949224382639 ], [ 777887.556826794869266, 8984579.413489867001772 ], [ 777887.674448808305897, 8984580.654180748388171 ], [ 777887.813524601049721, 8984581.892650259658694 ], [ 777887.974012517137453, 8984583.128527449443936 ], [ 777888.15586448716931, 8984584.361442152410746 ], [ 777888.359026042977348, 8984585.591025084257126 ], [ 777888.583436333341524, 8984586.816907959058881 ], [ 777888.829028143081814, 8984588.038723602890968 ], [ 777889.095727912499569, 8984589.256106056272984 ], [ 777889.383455759729259, 8984590.468690687790513 ], [ 777889.692125504487194, 8984591.676114303991199 ], [ 777890.021644693915732, 8984592.878015259280801 ], [ 777890.371914630639367, 8984594.074033560231328 ], [ 777890.742830401519313, 8984595.263810973614454 ], [ 777891.134280910133384, 8984596.446991138160229 ], [ 777908.812129948986694, 8984633.979764219373465 ], [ 777928.579970992403105, 8984678.217928316444159 ], [ 777953.921124048065394, 8984730.206479430198669 ], [ 777970.815226085251197, 8984762.514272499829531 ], [ 777993.805138135678135, 8984798.218302577733994 ], [ 777994.834909753873944, 8984799.398588225245476 ], [ 777995.844346700585447, 8984800.59631141833961 ], [ 777996.833153749350458, 8984801.811121862381697 ], [ 777997.801041707862169, 8984803.042664267122746 ], [ 777998.747727501555346, 8984804.290578447282314 ], [ 777999.672934256726876, 8984805.554499432444572 ], [ 778000.576391381910071, 8984806.834057565778494 ], [ 778001.457834646222182, 8984808.128878621384501 ], [ 778002.317006257595494, 8984809.438583908602595 ], [ 778003.153654937166721, 8984810.762790380045772 ], [ 778003.967535993782803, 8984812.101110752671957 ], [ 778004.758411394432187, 8984813.453153613954782 ], [ 778005.526049835025333, 8984814.818523533642292 ], [ 778006.270226807333529, 8984816.196821190416813 ], [ 778006.990724664647132, 8984817.587643476203084 ], [ 778007.687332685687579, 8984818.990583624690771 ], [ 778008.359847136307508, 8984820.405231323093176 ], [ 778009.008071328746155, 8984821.831172833219171 ], [ 778009.631815679254942, 8984823.267991116270423 ], [ 778010.230897763860412, 8984824.715265952050686 ], [ 778010.805142371216789, 8984826.172574061900377 ], [ 778011.354381554294378, 8984827.63948923163116 ], [ 778011.878454679157585, 8984829.115582438185811 ], [ 778012.37720847222954, 8984830.600421974435449 ], [ 778012.850497064762749, 8984832.0935735758394 ], [ 778013.29818203591276, 8984833.594600543379784 ], [ 778013.720132452901453, 8984835.103063881397247 ], [ 778014.116224909666926, 8984836.61852241307497 ], [ 778014.486343562486582, 8984838.140532918274403 ], [ 778014.830380164203234, 8984839.668650260195136 ], [ 778015.14823409577366, 8984841.202427517622709 ], [ 778015.439812395488843, 8984842.741416109725833 ], [ 778015.70502978679724, 8984844.285165937617421 ], [ 778015.943808702402748, 8984845.833225505426526 ], [ 778016.156079307780601, 8984847.385142058134079 ], [ 778016.341779520735145, 8984848.940461711958051 ], [ 778016.500855030259117, 8984850.498729588463902 ], [ 778016.63325931224972, 8984852.059489948675036 ], [ 778016.738953642896377, 8984853.622286321595311 ], [ 778016.817907110205851, 8984855.186661642044783 ], [ 778016.87009662296623, 8984856.752158384770155 ], [ 778016.89550691738259, 8984858.318318692967296 ], [ 778016.894130561966449, 8984859.884684517979622 ], [ 778016.865967959165573, 8984861.450797753408551 ], [ 778016.811027345596813, 8984863.016200359910727 ], [ 778016.729324789601378, 8984864.580434514209628 ], [ 778016.620884185889736, 8984866.143042728304863 ], [ 778016.67013187892735, 8984870.414485247805715 ], [ 778025.878625503275543, 8984863.636014332994819 ], [ 778036.348286456428468, 8984864.546419633552432 ], [ 778050.459568610764109, 8984883.664930939674377 ], [ 778058.198013663175516, 8984901.417834294959903 ], [ 778072.309295817394741, 8984921.446750901639462 ], [ 778088.696591222425923, 8984927.819588001817465 ], [ 778119.195168781792745, 8984925.998777402564883 ], [ 778129.778630397631787, 8984950.693521179258823 ], [ 778141.61389930115547, 8984980.281693438068032 ], [ 778161.642815907485783, 8985016.242702795192599 ], [ 778174.762118834303692, 8985031.236191855743527 ], [ 778182.354536488535814, 8985039.913240604102612 ], [ 778192.368994791642763, 8985054.024522757157683 ], [ 778203.521459720097482, 8985062.445771785452962 ], [ 778211.715107422554865, 8985069.046210212633014 ], [ 778217.860343199456111, 8985080.426276465877891 ], [ 778231.295988049823791, 8985096.459285924211144 ], [ 778243.302908793673851, 8985113.551490755751729 ], [ 778248.811966546811163, 8985127.959795648232102 ], [ 778261.948950419784524, 8985145.758289927616715 ], [ 778289.070465512457304, 8985156.352631760761142 ], [ 778319.582169991568662, 8985162.285463187843561 ], [ 778341.776790868141688, 8985164.807579195126891 ], [ 778356.874253243906423, 8985166.523199919611216 ], [ 778359.150787138962187, 8985175.555898923426867 ], [ 778370.011237116763368, 8985218.647361738607287 ], [ 778383.854510445729829, 8985228.676672004163265 ], [ 778491.453354126075283, 8985198.994232369586825 ], [ 778486.998910092166625, 8985183.757278045639396 ], [ 778494.282152494415641, 8985170.556401193141937 ], [ 778494.282152494415641, 8985156.900321688503027 ], [ 778488.819720692699775, 8985139.147418333217502 ], [ 778483.357288891100325, 8985120.484109677374363 ], [ 778473.342830587993376, 8985103.641611622646451 ], [ 778460.141953733982518, 8985091.806342719122767 ], [ 778428.277768224361353, 8985073.143034059554338 ], [ 778393.227164163603447, 8985057.666143955662847 ], [ 778376.384666108526289, 8985045.830875052139163 ], [ 778371.832639607135206, 8985034.450808798894286 ], [ 778375.019058158039115, 8985020.794729294255376 ], [ 778376.384666108526289, 8985003.497028589248657 ], [ 778372.287842257181183, 8984987.109733182936907 ], [ 778364.094194554723799, 8984964.349600676447153 ], [ 778413.642840878805146, 8984946.562907123938203 ], [ 778412.794106433284469, 8984945.685030920431018 ], [ 778403.400188129628077, 8984935.63425181992352 ], [ 778394.177376858890057, 8984925.426234683021903 ], [ 778385.128304105368443, 8984915.063892096281052 ], [ 778376.255551781854592, 8984904.550180675461888 ], [ 778367.561651492374949, 8984893.888100232928991 ], [ 778359.049083810648881, 8984883.080692909657955 ], [ 778357.623006702400744, 8984882.024038411676884 ], [ 778356.215392672689632, 8984880.942910579964519 ], [ 778354.826661666622385, 8984879.837631955742836 ], [ 778353.457227995735593, 8984878.70853228494525 ], [ 778352.107500214362517, 8984877.555948421359062 ], [ 778350.777880997862667, 8984876.380224224179983 ], [ 778349.468767022481188, 8984875.181710459291935 ], [ 778348.180548846838064, 8984873.960764687508345 ], [ 778346.913610795745626, 8984872.717751163989305 ], [ 778345.668330845190212, 8984871.453040726482868 ], [ 778344.445080509642139, 8984870.167010687291622 ], [ 778343.24422473157756, 8984868.860044717788696 ], [ 778342.066121772048064, 8984867.532532734796405 ], [ 778340.911123104277067, 8984866.184870788827538 ], [ 778339.779573308420368, 8984864.817460935562849 ], [ 778338.671809968887828, 8984863.430711127817631 ], [ 778337.58816357399337, 8984862.02503508515656 ], [ 778336.528957416769117, 8984860.600852174684405 ], [ 778335.494507498922758, 8984859.158587284386158 ], [ 778334.485122436308302, 8984857.698670698329806 ], [ 778333.501103367074393, 8984856.221537962555885 ], [ 778332.542743861791678, 8984854.727629764005542 ], [ 778331.610329835559241, 8984853.217391792684793 ], [ 778330.704139463254251, 8984851.691274611279368 ], [ 778329.824443095945753, 8984850.149733515456319 ], [ 778328.971503180800937, 8984848.593228409066796 ], [ 778328.145574182388373, 8984847.022223655134439 ], [ 778327.346902506658807, 8984845.437187945470214 ], [ 778326.575726428069174, 8984843.838594157248735 ], [ 778325.832276017987169, 8984842.226919211447239 ], [ 778325.116773075773381, 8984840.602643931284547 ], [ 778324.429431063588709, 8984838.966252900660038 ], [ 778323.770455041667446, 8984837.318234318867326 ], [ 778323.140041607781313, 8984835.659079849720001 ], [ 778322.538378838333301, 8984833.989284485578537 ], [ 778321.96564623224549, 8984832.30934638902545 ], [ 778321.42201465764083, 8984830.619766751304269 ], [ 778320.907646300503984, 8984828.921049635857344 ], [ 778320.422694616601802, 8984827.213701834902167 ], [ 778319.967304285615683, 8984825.498232718557119 ], [ 778319.541611167718656, 8984823.775154072791338 ], [ 778319.145742263528518, 8984822.044979961588979 ], [ 778318.779815675807185, 8984820.308226559311152 ], [ 778318.4439405745361, 8984818.565412007272243 ], [ 778318.138217164087109, 8984816.817056253552437 ], [ 778317.862736653303728, 8984815.063680900260806 ], [ 778317.617581228609197, 8984813.305809043347836 ], [ 778317.402824029326439, 8984811.543965125456452 ], [ 778317.218529125559144, 8984809.778674772009254 ], [ 778317.064751499681734, 8984808.010464634746313 ], [ 778316.941537029342726, 8984806.23986223898828 ], [ 778316.848922474193387, 8984804.467395825311542 ], [ 778316.786935464595445, 8984802.693594185635448 ], [ 778316.755594493588433, 8984800.918986514210701 ], [ 778316.754908911651, 8984799.144102243706584 ], [ 778316.784878923092037, 8984797.369470888748765 ], [ 778316.845495586749166, 8984795.595621891319752 ], [ 778316.936740818433464, 8984793.823084456846118 ], [ 778317.058587396051735, 8984792.052387403324246 ], [ 778317.210998968337663, 8984790.28405899554491 ], [ 778317.393930064863525, 8984788.518626792356372 ], [ 778317.607326110475697, 8984786.756617493927479 ], [ 778317.851123440894298, 8984784.998556770384312 ], [ 778318.125249322154559, 8984783.244969120249152 ], [ 778318.429621971910819, 8984781.496377704665065 ], [ 778318.764150584116578, 8984779.75330419652164 ], [ 778319.128735356382094, 8984778.016268622130156 ], [ 778319.523267518845387, 8984776.285789202898741 ], [ 778319.947629367699847, 8984774.562382208183408 ], [ 778320.401694299420342, 8984772.846561796963215 ], [ 778320.885326849180274, 8984771.138839863240719 ], [ 778321.398382731014863, 8984769.439725887030363 ], [ 778321.940708880661987, 8984767.74972677603364 ], [ 778322.512143501429819, 8984766.069346724078059 ], [ 778323.112516112625599, 8984764.399087050929666 ], [ 778323.741647600196302, 8984762.739446060732007 ], [ 778324.399350270046853, 8984761.090918887406588 ], [ 778325.085427904501557, 8984759.453997347503901 ], [ 778325.79967582039535, 8984757.829169800505042 ], [ 778326.541880930075422, 8984756.216920990496874 ], [ 778327.311821805662476, 8984754.617731917649508 ], [ 778328.109268744243309, 8984753.032079678028822 ], [ 778328.933983837021515, 8984751.460437331348658 ], [ 778329.785721039748751, 8984749.903273763135076 ], [ 778330.664226246997714, 8984748.36105353012681 ], [ 778331.569237366900779, 8984746.834236737340689 ], [ 778332.500484400079586, 8984745.323278890922666 ], [ 778333.457689520088024, 8984743.828630771487951 ], [ 778334.440567154902965, 8984742.350738285109401 ], [ 778335.266344441915862, 8984741.187353113666177 ], [ 778336.072017584345303, 8984740.009955994784832 ], [ 778336.857348878169432, 8984738.818894306197762 ], [ 778337.622106621274725, 8984737.614519456401467 ], [ 778338.366065181558952, 8984736.397186778485775 ], [ 778339.089005063404329, 8984735.167255433276296 ], [ 778339.790712972404435, 8984733.925088297575712 ], [ 778340.470981878461316, 8984732.671051852405071 ], [ 778341.129611076787114, 8984731.405516091734171 ], [ 778341.766406247159466, 8984730.128854390233755 ], [ 778342.381179511081427, 8984728.841443415731192 ], [ 778342.97374948754441, 8984727.543662998825312 ], [ 778343.543941346229985, 8984726.235896036028862 ], [ 778344.091586859081872, 8984724.91852836497128 ], [ 778344.616524450248107, 8984723.591948660090566 ], [ 778345.11859924334567, 8984722.256548313423991 ], [ 778345.597663107793778, 8984720.912721315398812 ], [ 778346.053574701538309, 8984719.560864146798849 ], [ 778346.486199513892643, 8984718.201375655829906 ], [ 778346.89540990407113, 8984716.834656940773129 ], [ 778347.281085139722563, 8984715.461111238226295 ], [ 778347.643111432320438, 8984714.081143792718649 ], [ 778347.981381970574148, 8984712.695161748677492 ], [ 778348.295796951977536, 8984711.303574020043015 ], [ 778348.586263612261973, 8984709.906791178509593 ], [ 778348.852696252986789, 8984708.505225326865911 ], [ 778349.095016266452149, 8984707.099289981648326 ], [ 778349.313152159331366, 8984705.689399942755699 ], [ 778349.507039573276415, 8984704.275971183553338 ], [ 778349.676621304242872, 8984702.859420718625188 ], [ 778349.82184731925372, 8984701.440166480839252 ], [ 778349.942674771184102, 8984700.01862720400095 ], [ 778350.039068011450581, 8984698.595222298055887 ], [ 778350.110998600488529, 8984697.170371716842055 ], [ 778350.158445316017605, 8984695.744495848193765 ], [ 778350.181394159561023, 8984694.318015376105905 ], [ 778350.179838360287249, 8984692.891351167112589 ], [ 778350.153778377105482, 8984691.464924139901996 ], [ 778350.103221898898482, 8984690.039155144244432 ], [ 778350.02818384161219, 8984688.614464834332466 ], [ 778349.928686344181187, 8984687.191273549571633 ], [ 778349.804758762358688, 8984685.770001182332635 ], [ 778349.656437659170479, 8984684.351067062467337 ], [ 778349.483766795019619, 8984682.934889828786254 ], [ 778349.286797114182264, 8984681.521887306123972 ], [ 778349.06558673013933, 8984680.112476382404566 ], [ 778348.820200908230618, 8984678.707072885707021 ], [ 778348.550712046562694, 8984677.306091466918588 ], [ 778348.25719965423923, 8984675.909945463761687 ], [ 778347.939750328660011, 8984674.519046792760491 ], [ 778347.598457728978246, 8984673.133805820718408 ], [ 778347.233422549441457, 8984671.754631247371435 ], [ 778346.844752489007078, 8984670.38192998059094 ], [ 778346.432562220026739, 8984669.016107017174363 ], [ 778345.996973353903741, 8984667.657565325498581 ], [ 778345.538114405819215, 8984666.306705728173256 ], [ 778345.056120756198652, 8984664.963926779106259 ], [ 778344.551134611247107, 8984663.629624646157026 ], [ 778344.023304960923269, 8984662.304193001240492 ], [ 778343.472787534468807, 8984660.988022893667221 ], [ 778342.899744755355641, 8984659.68150264583528 ], [ 778339.272126901894808, 8984649.896464349702001 ], [ 778335.813037611194886, 8984640.050587698817253 ], [ 778332.523496544105001, 8984630.146775033324957 ], [ 778329.404473382281139, 8984620.187945770099759 ], [ 778326.456887542735785, 8984610.177035549655557 ], [ 778323.681607906823047, 8984600.116995355114341 ], [ 778321.079452563775703, 8984590.010790660977364 ], [ 778318.651188569609076, 8984579.861400546506047 ], [ 778316.3975317212753, 8984569.671816816553473 ], [ 778314.319146345602348, 8984559.445043133571744 ], [ 778312.41664510325063, 8984549.184094114229083 ], [ 778310.69058880826924, 8984538.891994453966618 ], [ 778309.141486262669787, 8984528.571778029203415 ], [ 778307.76979410671629, 8984518.226487005129457 ], [ 778306.575916683999822, 8984507.859170937910676 ], [ 778305.560205922345631, 8984497.472885875031352 ], [ 778304.722961230203509, 8984487.070693457499146 ], [ 778304.06442940805573, 8984476.655660016462207 ], [ 778304.37365319870878, 8984473.915430696681142 ], [ 778304.635374631732702, 8984471.170257121324539 ], [ 778304.849515205365606, 8984468.420962685719132 ], [ 778305.016010689316317, 8984465.66837202757597 ], [ 778305.134811144322157, 8984462.913310771808028 ], [ 778305.205880936700851, 8984460.156605280935764 ], [ 778305.229198749526404, 8984457.399082414805889 ], [ 778305.204757588799112, 8984454.641569277271628 ], [ 778305.13256478542462, 8984451.884892968460917 ], [ 778305.012641993351281, 8984449.129880337044597 ], [ 778304.845025182585232, 8984446.377357734367251 ], [ 778304.62976462894585, 8984443.628150762990117 ], [ 778304.366924898698926, 8984440.883084032684565 ], [ 778304.056584828882478, 8984438.142980912700295 ], [ 778303.698837504489347, 8984435.408663276582956 ], [ 778303.293790229712613, 8984432.680951273068786 ], [ 778302.84156449616421, 8984429.960663059726357 ], [ 778302.342295946436934, 8984427.248614573851228 ], [ 778301.796134333359078, 8984424.545619279146194 ], [ 778301.203243475058116, 8984421.852487921714783 ], [ 778300.563801205600612, 8984419.170028293505311 ], [ 778299.877999322139658, 8984416.499044980853796 ], [ 778299.146043527289294, 8984413.840339133515954 ], [ 778298.368153366842307, 8984411.194708211347461 ], [ 778297.544562164577655, 8984408.562945758923888 ], [ 778296.675516952178441, 8984405.9458411578089 ], [ 778295.76127839460969, 8984403.344179393723607 ], [ 778294.802120712818578, 8984400.758740819990635 ], [ 778293.798331600497477, 8984398.190300924703479 ], [ 778292.750212138751522, 8984395.639630097895861 ], [ 778291.658076704945415, 8984393.10749339684844 ], [ 778290.522252878872678, 8984390.594650324434042 ], [ 778289.343081344617531, 8984388.101854590699077 ], [ 778288.120915787992999, 8984385.629853898659348 ], [ 778286.856122790719382, 8984383.179389707744122 ], [ 778285.549081720062532, 8984380.751197023317218 ], [ 778284.200184615910985, 8984378.346004165709019 ], [ 778282.809836072148755, 8984375.964532561600208 ], [ 778281.378453116049059, 8984373.60749651864171 ], [ 778280.500748708494939, 8984372.629785584285855 ], [ 778279.639936581370421, 8984371.637169755995274 ], [ 778278.796269802493043, 8984370.62994085252285 ], [ 778277.969996398780495, 8984369.608394982293248 ], [ 778277.161359283956699, 8984368.572832470759749 ], [ 778276.37059618672356, 8984367.52355775795877 ], [ 778275.597939581261016, 8984366.460879316553473 ], [ 778274.843616618425585, 8984365.38510956056416 ], [ 778274.107849059510045, 8984364.296564754098654 ], [ 778273.390853210468777, 8984363.195564910769463 ], [ 778272.692839858937077, 8984362.082433715462685 ], [ 778272.01401421171613, 8984360.957498410716653 ], [ 778271.354575834586285, 8984359.821089712902904 ], [ 778270.71471859398298, 8984358.673541713505983 ], [ 778270.094630599603988, 8984357.515191774815321 ], [ 778269.494494149228558, 8984356.346380438655615 ], [ 778268.914485675282776, 8984355.167451318353415 ], [ 778268.354775692569092, 8984353.978751005604863 ], [ 778267.815528748556972, 8984352.780628962442279 ], [ 778267.296903374954127, 8984351.573437418788671 ], [ 778266.799052040791139, 8984350.357531275600195 ], [ 778266.322121107950807, 8984349.133267993107438 ], [ 778265.866250787861645, 8984347.901007488369942 ], [ 778265.431575100403279, 8984346.66111203096807 ], [ 778265.018221834790893, 8984345.413946133106947 ], [ 778264.626312511391006, 8984344.159876445308328 ], [ 778264.255962346447632, 8984342.89927164837718 ], [ 778263.907280218088999, 8984341.632502343505621 ], [ 778263.58036863442976, 8984340.359940942376852 ], [ 778263.275323703070171, 8984339.081961564719677 ], [ 778262.992235103272833, 8984337.798939919099212 ], [ 778262.731186059536412, 8984336.511253196746111 ], [ 778262.492253316799179, 8984335.219279959797859 ], [ 778262.275507118203677, 8984333.923400033265352 ], [ 778262.081011184258386, 8984332.623994387686253 ], [ 778261.908822694327682, 8984331.321445032954216 ], [ 778261.758992269518785, 8984330.016134899109602 ], [ 778261.63156395801343, 8984328.708447733893991 ], [ 778261.526575222262181, 8984327.398767976090312 ], [ 778261.444056927342899, 8984326.087480658665299 ], [ 778261.38403333327733, 8984324.774971280246973 ], [ 778261.506096679484472, 8984323.621717235073447 ], [ 778261.588296714704484, 8984322.46493829973042 ], [ 778261.630535553907976, 8984321.306011971086264 ], [ 778261.632762898690999, 8984320.146318309009075 ], [ 778261.594976096879691, 8984318.98723828047514 ], [ 778261.517220145091414, 8984317.830152127891779 ], [ 778261.399587635649368, 8984316.676437716931105 ], [ 778261.242218646104448, 8984315.527468893676996 ], [ 778261.045300572295673, 8984314.384613862261176 ], [ 778260.80906790564768, 8984313.249233538284898 ], [ 778260.533801953308284, 8984312.122679941356182 ], [ 778260.219830503803678, 8984311.006294576451182 ], [ 778259.867527436115779, 8984309.901406845077872 ], [ 778259.477312275092117, 8984308.809332450851798 ], [ 778259.049649691325612, 8984307.731371846050024 ], [ 778258.585048947948962, 8984306.668808670714498 ], [ 778258.08406329434365, 8984305.622908230870962 ], [ 778257.547289307462052, 8984304.594915993511677 ], [ 778256.975366181111895, 8984303.586056098341942 ], [ 778256.368974964716472, 8984302.597529899328947 ], [ 778255.728837752714753, 8984301.630514541640878 ], [ 778255.055716824601404, 8984300.686161551624537 ], [ 778254.350413736654446, 8984299.765595473349094 ], [ 778253.61376836837735, 8984298.869912518188357 ], [ 778252.846657921443693, 8984298.000179275870323 ], [ 778252.04999587580096, 8984297.157431425526738 ], [ 778251.224730901536532, 8984296.342672519385815 ], [ 778250.371845729183406, 8984295.55687277764082 ], [ 778249.492355979746208, 8984294.800967933610082 ], [ 778248.587308955029584, 8984294.075858123600483 ], [ 778247.657782390480861, 8984293.382406814023852 ], [ 778246.704883172293194, 8984292.721439771354198 ], [ 778245.729746018536389, 8984292.093744076788425 ], [ 778244.73353212850634, 8984291.500067196786404 ], [ 778243.71742780006025, 8984290.941116085276008 ], [ 778242.682643016334623, 8984290.417556341737509 ], [ 778240.585190914920531, 8984289.429127432405949 ], [ 778239.024819373968057, 8984288.661843994632363 ], [ 778237.477984065189958, 8984287.867625042796135 ], [ 778235.945149912498891, 8984287.046709287911654 ], [ 778234.426777631277218, 8984286.199343467131257 ], [ 778232.923323590308428, 8984285.325782271102071 ], [ 778231.435239674639888, 8984284.426288260146976 ], [ 778229.962973149144091, 8984283.501131787896156 ], [ 778228.506966525106691, 8984282.550590928643942 ], [ 778227.067657426116057, 8984281.574951376765966 ], [ 778225.645478457561694, 8984280.574506375938654 ], [ 778224.240857075899839, 8984279.549556626006961 ], [ 778222.854215460363775, 8984278.500410187989473 ], [ 778221.485970386187546, 8984277.427382400259376 ], [ 778220.136533099226654, 8984276.330795774236321 ], [ 778218.806309192324989, 8984275.210979908704758 ], [ 778217.495698483660817, 8984274.068271378055215 ], [ 778216.205094896140508, 8984272.90301363915205 ], [ 778214.934886339469813, 8984271.715556928887963 ], [ 778213.685454593156464, 8984270.506258152425289 ], [ 778212.457175191841088, 8984269.275480784475803 ], [ 778211.250417312956415, 8984268.023594751954079 ], [ 778210.065543664852157, 8984266.750976327806711 ], [ 778208.902910378528759, 8984265.458008013665676 ], [ 778207.762866900186054, 8984264.145078433677554 ], [ 778206.645755886565894, 8984262.812582204118371 ], [ 778205.551913101342507, 8984261.460919827222824 ], [ 778204.481667314888909, 8984260.090497566387057 ], [ 778203.435340205091052, 8984258.701727321371436 ], [ 778202.413246260606684, 8984257.295026505365968 ], [ 778201.415692686801776, 8984255.870817922055721 ], [ 778200.442979312501848, 8984254.429529642686248 ], [ 778199.495398501050659, 8984252.971594862639904 ], [ 778198.57323506148532, 8984251.497451785951853 ], [ 778197.676766163436696, 8984250.007543489336967 ], [ 778196.806261253426783, 8984248.502317786216736 ], [ 778195.961981974542141, 8984246.982227092608809 ], [ 778195.144182087038644, 8984245.447728294879198 ], [ 778194.353107392438687, 8984243.899282608181238 ], [ 778193.588995659723878, 8984242.337355440482497 ], [ 778192.852076553856023, 8984240.762416251003742 ], [ 778192.142571566393599, 8984239.174938412383199 ], [ 778191.460693949484266, 8984237.575399061664939 ], [ 778190.806648651137948, 8984235.964278966188431 ], [ 778190.180632254225202, 8984234.342062368988991 ], [ 778189.582832917105407, 8984232.709236850962043 ], [ 778189.013430316816084, 8984231.066293183714151 ], [ 778188.472595595754683, 8984229.413725174963474 ], [ 778187.960491309524514, 8984227.752029528841376 ], [ 778187.477271378505975, 8984226.081705695018172 ], [ 778187.023081041523255, 8984224.403255708515644 ], [ 778186.598056811955757, 8984222.717184053733945 ], [ 778186.202326436876319, 8984221.023997506126761 ], [ 778185.83600885909982, 8984219.324204975739121 ], [ 778185.499214180395938, 8984217.618317358195782 ], [ 778185.192043629358523, 8984215.906847383826971 ], [ 778184.914589530555531, 8984214.190309461206198 ], [ 778184.666935276822187, 8984212.469219520688057 ], [ 778184.449155304231681, 8984210.744094857946038 ], [ 778184.261315069743432, 8984209.015453986823559 ], [ 778184.103471031528898, 8984207.283816473558545 ], [ 778183.97567063162569, 8984205.549702787771821 ], [ 778183.877952282549813, 8984203.813634142279625 ], [ 778183.810345354955643, 8984202.076132336631417 ], [ 778183.772870168904774, 8984200.337719604372978 ], [ 778183.765537988278084, 8984198.59891845099628 ], [ 778183.788351016701199, 8984196.860251493752003 ], [ 778183.841302397660911, 8984195.122241320088506 ], [ 778183.924376215552911, 8984193.385410308837891 ], [ 778184.037547501502559, 8984191.650280494242907 ], [ 778184.180782240233384, 8984189.917373390868306 ], [ 778184.354037380428053, 8984188.187209852039814 ], [ 778184.557260847766884, 8984186.460309900343418 ], [ 778184.790391560411081, 8984184.737192584201694 ], [ 778185.053359447745606, 8984183.018375808373094 ], [ 778185.346085470868275, 8984181.304376190528274 ], [ 778185.668481646687724, 8984179.595708895474672 ], [ 778186.020451075048186, 8984177.892887489870191 ], [ 778186.481130055501126, 8984176.216795682907104 ], [ 778186.912683322327211, 8984174.532969491556287 ], [ 778187.314981170697138, 8984172.841914994642138 ], [ 778187.687902688281611, 8984171.14414044842124 ], [ 778188.031335791689344, 8984169.440156126394868 ], [ 778188.345177260925993, 8984167.730474168434739 ], [ 778188.629332769196481, 8984166.015608424320817 ], [ 778188.883716912474483, 8984164.29607430845499 ], [ 778189.108253234415315, 8984162.572388634085655 ], [ 778189.30287424963899, 8984160.845069460570812 ], [ 778189.467521463986486, 8984159.114635940641165 ], [ 778189.602145391982049, 8984157.381608167663217 ], [ 778189.706705571734346, 8984155.646507008001208 ], [ 778189.781170577392913, 8984153.909853953868151 ], [ 778189.825518027995713, 8984152.172170963138342 ], [ 778189.839734594803303, 8984150.43398030847311 ], [ 778189.823816005024128, 8984148.69580440595746 ], [ 778189.777767042862251, 8984146.958165673539042 ], [ 778189.701601548702456, 8984145.221586368978024 ], [ 778189.59534241433721, 8984143.486588425934315 ], [ 778189.459021576563828, 8984141.753693304955959 ], [ 778189.292680007056333, 8984140.02342183701694 ], [ 778189.096367700491101, 8984138.296294065192342 ], [ 778188.870143659645692, 8984136.572829080745578 ], [ 778188.614075876888819, 8984134.853544881567359 ], [ 778188.328241314622574, 8984133.13895820453763 ], [ 778188.012725881650113, 8984131.429584378376603 ], [ 778187.667624407680705, 8984129.725937161594629 ], [ 778187.293040614342317, 8984128.028528591617942 ], [ 778186.889087084447965, 8984126.337868835777044 ], [ 778186.455885228235275, 8984124.654466025531292 ], [ 778185.993565246113576, 8984122.978826116770506 ], [ 778185.50226609071251, 8984121.311452731490135 ], [ 778184.982135423924774, 8984119.652847005054355 ], [ 778184.433329573599622, 8984118.003507439047098 ], [ 778183.856013485463336, 8984116.363929748535156 ], [ 778183.25036067457404, 8984114.734606716781855 ], [ 778182.616553172585554, 8984113.116028044372797 ], [ 778181.954781473148614, 8984111.508680202066898 ], [ 778181.265244474634528, 8984109.913046285510063 ], [ 778180.548149420530535, 8984108.329605869948864 ], [ 778179.803711836808361, 8984106.75883486494422 ], [ 778179.03215546766296, 8984105.201205372810364 ], [ 778178.233712207525969, 8984103.657185545191169 ], [ 778177.408622032264248, 8984102.127239443361759 ], [ 778176.557132926420309, 8984100.611826902255416 ], [ 778175.679500808590092, 8984099.111403385177255 ], [ 778174.775989455170929, 8984097.62641984783113 ], [ 778173.846870420500636, 8984096.15732261352241 ], [ 778172.892422955366783, 8984094.704553222283721 ], [ 778171.912933923187666, 8984093.268548311665654 ], [ 778170.908697713864967, 8984091.849739478901029 ], [ 778169.880016154842451, 8984090.448553154245019 ], [ 778168.827198421000503, 8984089.06541046872735 ], [ 778167.750560941407457, 8984087.700727133080363 ], [ 778166.650427304324694, 8984086.354913309216499 ], [ 778165.527128159534186, 8984085.02837348729372 ], [ 778164.381001119851135, 8984083.721506364643574 ], [ 778163.212390658562072, 8984082.434704726561904 ], [ 778162.021648006979376, 8984081.168355325236917 ], [ 778160.809131047921255, 8984079.922838769853115 ], [ 778159.575204208842479, 8984078.698529403656721 ], [ 778158.320238351821899, 8984077.495795199647546 ], [ 778157.044610662502237, 8984076.314997645094991 ], [ 778155.748704536468722, 8984075.156491631641984 ], [ 778154.432909463881515, 8984074.020625358447433 ], [ 778153.097620912943967, 8984072.907740209251642 ], [ 778151.743240210460499, 8984071.818170670419931 ], [ 778150.370174421579577, 8984070.752244215458632 ], [ 778148.978836227324791, 8984069.710281213745475 ], [ 778147.569643800496124, 8984068.692594831809402 ], [ 778146.586731900810264, 8984067.763285098597407 ], [ 778145.619934933958575, 8984066.81722167134285 ], [ 778144.669538425398059, 8984065.854683952406049 ], [ 778143.735823057009839, 8984064.875956209376454 ], [ 778142.819064584095031, 8984063.881327491253614 ], [ 778141.919533754233271, 8984062.871091542765498 ], [ 778141.037496226956137, 8984061.845546720549464 ], [ 778140.1732124958653, 8984060.804995896294713 ], [ 778139.326937810750678, 8984059.749746380373836 ], [ 778138.498922103084624, 8984058.68010981939733 ], [ 778137.689409912098199, 8984057.596402112394571 ], [ 778136.898640311788768, 8984056.49894331023097 ], [ 778136.126846841303632, 8984055.38805752620101 ], [ 778135.374257435556501, 8984054.264072842895985 ], [ 778134.641094357706606, 8984053.127321204170585 ], [ 778133.927574133733287, 8984051.978138333186507 ], [ 778133.233907488640398, 8984050.816863615065813 ], [ 778132.560299283708446, 8984049.643840013071895 ], [ 778131.906948456773534, 8984048.459413958713412 ], [ 778131.274047962739132, 8984047.263935247436166 ], [ 778130.661784716881812, 8984046.057756943628192 ], [ 778130.070339539786801, 8984044.84123526699841 ], [ 778129.499887103796937, 8984043.61472949758172 ], [ 778128.950595881324261, 8984042.378601860255003 ], [ 778128.422628095257096, 8984041.133217422291636 ], [ 778127.916139670996927, 8984039.878943983465433 ], [ 778127.431280190590769, 8984038.616151969879866 ], [ 778126.968192848144099, 8984037.345214324072003 ], [ 778126.527014407911338, 8984036.066506395116448 ], [ 778126.107875163666904, 8984034.780405825003982 ], [ 778125.710898900404572, 8984033.487292438745499 ], [ 778125.336202857550234, 8984032.187548132613301 ], [ 778124.983897694619372, 8984030.881556764245033 ], [ 778124.654087458504364, 8984029.569704031571746 ], [ 778124.346869552391581, 8984028.252377366647124 ], [ 778124.062334707356058, 8984026.929965816438198 ], [ 778123.800566955469549, 8984025.602859932929277 ], [ 778123.561643604887649, 8984024.271451650187373 ], [ 778123.345635217498057, 8984022.936134174466133 ], [ 778123.212284932495095, 8984021.750703288242221 ], [ 778123.058602266479284, 8984020.567736543715 ], [ 778122.884632521541789, 8984019.387582650408149 ], [ 778122.690426980261691, 8984018.210589492693543 ], [ 778122.476042889989913, 8984017.037104023620486 ], [ 778122.241543446551077, 8984015.867472160607576 ], [ 778121.986997775384225, 8984014.702038686722517 ], [ 778121.712480910820886, 8984013.541147142648697 ], [ 778121.418073774431832, 8984012.385139737278223 ], [ 778121.103863150929101, 8984011.234357235953212 ], [ 778120.76994166302029, 8984010.089138861745596 ], [ 778120.416407743119635, 8984008.949822202324867 ], [ 778120.043365605524741, 8984007.816743101924658 ], [ 778119.650925214751624, 8984006.690235568210483 ], [ 778119.239202253636904, 8984005.570631671696901 ], [ 778118.808318089228123, 8984004.45826144516468 ], [ 778118.358399736694992, 8984003.353452792391181 ], [ 778117.889579821960069, 8984002.256531385704875 ], [ 778117.401996543048881, 8984001.167820574715734 ], [ 778116.895793628878891, 8984000.087641287595034 ], [ 778116.371120296884328, 8983999.016311936080456 ], [ 778115.82813120924402, 8983997.954148326069117 ], [ 778115.266986427363008, 8983996.901463558897376 ], [ 778114.687851364375092, 8983995.858567945659161 ], [ 778114.090896736597642, 8983994.825768906623125 ], [ 778113.476298513240181, 8983993.803370887413621 ], [ 778112.844237864483148, 8983992.791675271466374 ], [ 778112.194901107810438, 8983991.790980283170938 ], [ 778111.53304167278111, 8983990.892376579344273 ], [ 778110.886869633221067, 8983989.982427008450031 ], [ 778110.256579441949725, 8983989.061405399814248 ], [ 778109.64236077258829, 8983988.129588918760419 ], [ 778109.044398462516256, 8983987.187257977202535 ], [ 778108.462872456759214, 8983986.234696151688695 ], [ 778107.897957754321396, 8983985.272190095856786 ], [ 778107.349824355333112, 8983984.300029460340738 ], [ 778106.818637209944427, 8983983.318506794050336 ], [ 778106.304556168732233, 8983982.327917467802763 ], [ 778105.807735934271477, 8983981.328559583052993 ], [ 778105.32832601503469, 8983980.32073387503624 ], [ 778104.866470680106431, 8983979.304743630811572 ], [ 778104.422308916109614, 8983978.280894592404366 ], [ 778103.995974384597503, 8983977.24949486553669 ], [ 778103.587595382938161, 8983976.210854832082987 ], [ 778103.197294804849662, 8983975.165287051349878 ], [ 778102.82519010361284, 8983974.113106163218617 ], [ 778102.471393257030286, 8983973.054628806188703 ], [ 778102.136010733433068, 8983971.990173503756523 ], [ 778101.819143459550105, 8983970.920060584321618 ], [ 778101.520886790589429, 8983969.844612078741193 ], [ 778101.24133048101794, 8983968.764151623472571 ], [ 778100.980558657902293, 8983967.679004359990358 ], [ 778100.738649795646779, 8983966.589496843516827 ], [ 778100.515676691778935, 8983965.495956938713789 ], [ 778100.311706445878372, 8983964.398713726550341 ], [ 778100.126800438854843, 8983963.298097399994731 ], [ 778099.961014314438216, 8983962.194439170882106 ], [ 778099.814397962996736, 8983961.088071160018444 ], [ 778099.686995505704544, 8983959.97932631149888 ], [ 778099.578845281852409, 8983958.868538277223706 ], [ 778099.489979837206192, 8983957.756041329354048 ], [ 778099.420425914111547, 8983956.642170250415802 ], [ 778099.370204443461262, 8983955.527260240167379 ], [ 778099.339330538525246, 8983954.411646807566285 ], [ 778099.327813489944674, 8983953.295665677636862 ], [ 778099.335656763869338, 8983952.17965267971158 ], [ 778099.362857999862172, 8983951.063943658024073 ], [ 778099.409409012179822, 8983949.948874363675714 ], [ 778099.475295792217366, 8983948.834780355915427 ], [ 778099.560498512815684, 8983947.721996897831559 ], [ 778099.664991533616558, 8983946.610858861356974 ], [ 778099.788743409560993, 8983945.50170062109828 ], [ 778099.93171690008603, 8983944.394855957478285 ], [ 778100.093868979834951, 8983943.290657954290509 ], [ 778100.275150852627121, 8983942.18943889811635 ], [ 778100.872284266166389, 8983940.472641425207257 ], [ 778101.409613492200151, 8983938.736197017133236 ], [ 778101.886494095320813, 8983936.982188245281577 ], [ 778102.30235413799528, 8983935.21271874755621 ], [ 778102.656694866716862, 8983933.429910702630877 ], [ 778102.949091309565119, 8983931.635902285575867 ], [ 778103.179192786570638, 8983929.832845106720924 ], [ 778103.346723329974338, 8983928.022901628166437 ], [ 778103.451482015196234, 8983926.208242570981383 ], [ 778103.493343202047981, 8983924.391044309362769 ], [ 778103.472256685141474, 8983922.57348626665771 ], [ 778103.388247754075564, 8983920.757748296484351 ], [ 778103.241417163284495, 8983918.946008067578077 ], [ 778103.031941011431627, 8983917.140438456088305 ], [ 778102.76007052953355, 8983915.343204937875271 ], [ 778102.426131780142896, 8983913.556462990120053 ], [ 778102.030525266309269, 8983911.782355505973101 ], [ 778101.573725451133214, 8983910.023010227829218 ], [ 778101.056280188611709, 8983908.280537191778421 ], [ 778100.478810066706501, 8983906.557026201859117 ], [ 778099.842007663100958, 8983904.854544313624501 ], [ 778099.146636714343913, 8983903.175133368000388 ], [ 778098.39353120024316, 8983901.520807534456253 ], [ 778097.583594343392178, 8983899.893550897017121 ], [ 778097.198053777567111, 8983898.839973621070385 ], [ 778096.849301924230531, 8983897.77365342900157 ], [ 778096.53775877924636, 8983896.695874474942684 ], [ 778096.263799528824165, 8983895.607934707775712 ], [ 778096.027754097711295, 8983894.511144317686558 ], [ 778095.829906751401722, 8983893.406824151054025 ], [ 778095.670495753991418, 8983892.296304119750857 ], [ 778095.549713081796654, 8983891.180921604856849 ], [ 778095.467704191221856, 8983890.062019845470786 ], [ 778095.424567844136618, 8983888.940946314483881 ], [ 778095.420355989015661, 8983887.819051103666425 ], [ 778095.455073698074557, 8983886.697685290127993 ], [ 778095.528679161448963, 8983885.578199317678809 ], [ 778095.641083737253211, 8983884.461941365152597 ], [ 778095.792152058449574, 8983883.350255724042654 ], [ 778095.981702196062542, 8983882.244481174275279 ], [ 778096.209505878039636, 8983881.145949387922883 ], [ 778096.475288764107972, 8983880.055983304977417 ], [ 778096.780030629015528, 8983878.924339957535267 ], [ 778096.974698063451797, 8983877.925011901184916 ], [ 778097.082956395344809, 8983876.91267198137939 ], [ 778097.104008131078444, 8983875.894777683541179 ], [ 778097.037698191707022, 8983874.878827404230833 ], [ 778096.884515054291114, 8983873.87230522185564 ], [ 778096.645587154547684, 8983872.882625760510564 ], [ 778096.322674573748372, 8983871.917079571634531 ], [ 778095.918156072380953, 8983870.982779428362846 ], [ 778095.435011568129994, 8983870.086607921868563 ], [ 778094.876800182857551, 8983869.23516677506268 ], [ 778094.204379095579498, 8983868.26990694925189 ], [ 778093.648670523543842, 8983867.282883422449231 ], [ 778093.16260592546314, 8983866.259766293689609 ], [ 778092.748516327585094, 8983865.205462133511901 ], [ 778092.408387584844604, 8983864.125027084723115 ], [ 778092.143850857159123, 8983863.023642603307962 ], [ 778091.95617478643544, 8983861.906590612605214 ], [ 778091.84625941363629, 8983860.779228175058961 ], [ 778091.814631861052476, 8983859.646961795166135 ], [ 778091.861443805508316, 8983858.515221498906612 ], [ 778091.986470750300214, 8983857.389434788376093 ], [ 778092.189113102038391, 8983856.275000611320138 ], [ 778092.468399046338163, 8983855.177263477817178 ], [ 778092.822989207692444, 8983854.101487815380096 ], [ 778093.251183073734865, 8983853.052832739427686 ], [ 778093.750927149318159, 8983852.036327296867967 ], [ 778094.367027559201233, 8983850.987403936684132 ], [ 778094.868194931768812, 8983850.026646804064512 ], [ 778095.283979601692408, 8983849.025973975658417 ], [ 778095.611235990771092, 8983847.992955941706896 ], [ 778095.847488273051567, 8983846.935407899320126 ], [ 778095.990949105005711, 8983845.86133062466979 ], [ 778096.0405331478687, 8983844.778849944472313 ], [ 778095.995865278295241, 8983843.69615525752306 ], [ 778095.857283426914364, 8983842.621437586843967 ], [ 778095.625836020801216, 8983841.562827602028847 ], [ 778095.303274052916095, 8983840.528334112837911 ], [ 778094.89203783380799, 8983839.525783479213715 ], [ 778094.334336309228092, 8983838.489915428683162 ], [ 778093.88724807894323, 8983837.401721639558673 ], [ 778093.55560993461404, 8983836.272974658757448 ], [ 778093.343009679345414, 8983835.115885751321912 ], [ 778093.251747313770466, 8983833.942972801625729 ], [ 778093.282810153090395, 8983832.766924882307649 ], [ 778093.435862146317959, 8983831.600464982911944 ], [ 778093.709247511462308, 8983830.456212365999818 ], [ 778094.050125483772717, 8983829.407812917605042 ], [ 778094.165082909050398, 8983828.308120025321841 ], [ 778094.109328171354719, 8983827.203841492533684 ], [ 778093.884191299322993, 8983826.121319873258471 ], [ 778093.495042930706404, 8983825.086378708481789 ], [ 778092.951166195678525, 8983824.123706510290504 ], [ 778092.265535267884843, 8983823.256267810240388 ], [ 778088.689391287043691, 8983818.078331902623177 ], [ 778085.453650724492036, 8983813.109613344073296 ], [ 778082.301920638885349, 8983808.087185787037015 ], [ 778079.235092311049812, 8983803.012469528242946 ], [ 778076.254033012548462, 8983797.886899651959538 ], [ 778073.35958575992845, 8983792.711925623938441 ], [ 778072.785803591017611, 8983791.590984355658293 ], [ 778072.271292059798725, 8983790.44163097627461 ], [ 778071.817452927469276, 8983789.266996841877699 ], [ 778071.425522655830719, 8983788.070282187312841 ], [ 778071.096569039393216, 8983786.854747397825122 ], [ 778070.831488295691088, 8983785.623704139143229 ], [ 778070.631002624169923, 8983784.380506325513124 ], [ 778070.495658237952739, 8983783.128540990874171 ], [ 778070.425823875935748, 8983781.871219048276544 ], [ 778070.421689798356965, 8983780.611966010183096 ], [ 778070.483267268398777, 8983779.354212647303939 ], [ 778070.610388521337882, 8983778.101385647431016 ], [ 778070.80270722147543, 8983776.856898272410035 ], [ 778071.059699406381696, 8983775.624141069129109 ], [ 778071.380664913682267, 8983774.406472621485591 ], [ 778071.764729288755916, 8983773.207210406661034 ], [ 778072.210846167523414, 8983772.029621753841639 ], [ 778072.717800126760267, 8983770.876914944499731 ], [ 778073.284209995879792, 8983769.752230471000075 ], [ 778073.908532619592734, 8983768.658632477745414 ], [ 778074.589067062013783, 8983767.599100422114134 ], [ 778075.32395924103912, 8983766.576520944014192 ], [ 778076.111206979840063, 8983765.593680009245872 ], [ 778076.948665461270139, 8983764.653255319222808 ], [ 778077.83405307168141, 8983763.757809013128281 ], [ 778078.764957616571337, 8983762.909780692309141 ], [ 778079.738842893391848, 8983762.111480765044689 ], [ 778080.753055600216612, 8983761.36508416198194 ], [ 778081.804832565248944, 8983760.672624399885535 ], [ 778082.891308274935, 8983760.035988053306937 ], [ 778085.655750530888326, 8983758.201523279771209 ], [ 778088.022624965175055, 8983756.525986395776272 ], [ 778090.360604638466612, 8983754.810361295938492 ], [ 778092.669010643963702, 8983753.055146167054772 ], [ 778094.947172662010416, 8983751.260850690305233 ], [ 778097.194429155555554, 8983749.427995899692178 ], [ 778099.410127562005073, 8983747.557114018127322 ], [ 778101.593624482513405, 8983745.648748321458697 ], [ 778103.744285868946463, 8983743.703452961519361 ], [ 778105.861487208050676, 8983741.721792817115784 ], [ 778107.944613702828065, 8983739.704343328252435 ], [ 778109.993060451117344, 8983737.651690322905779 ], [ 778112.006232620798983, 8983735.564429856836796 ], [ 778113.9835456230212, 8983733.4431680329144 ], [ 778115.924425281933509, 8983731.288520826026797 ], [ 778117.828308001044206, 8983729.10111390799284 ], [ 778119.694640927249566, 8983726.881582459434867 ], [ 778121.522882111137733, 8983724.630570996552706 ], [ 778123.312500664498657, 8983722.34873316809535 ], [ 778125.062976914341561, 8983720.036731582134962 ], [ 778126.773802554118447, 8983717.695237601175904 ], [ 778128.444480790989473, 8983715.324931150302291 ], [ 778130.074526489945129, 8983712.926500527188182 ], [ 778130.742055623675697, 8983711.578029349446297 ], [ 778131.362278184504248, 8983710.207156036049128 ], [ 778131.934443603153341, 8983708.815539566799998 ], [ 778132.457859467249364, 8983707.404864020645618 ], [ 778132.931892359396443, 8983705.976836541667581 ], [ 778133.355968623654917, 8983704.53318527340889 ], [ 778133.729575059493072, 8983703.07565726339817 ], [ 778134.052259543095715, 8983701.606016360223293 ], [ 778134.323631574050523, 8983700.126041060313582 ], [ 778134.543362748809159, 8983698.637522377073765 ], [ 778134.711187157314271, 8983697.14226165227592 ], [ 778134.82690170488786, 8983695.642068395391107 ], [ 778134.890366358333267, 8983694.138758081942797 ], [ 778134.901504315319471, 8983692.634149957448244 ], [ 778134.860302096931264, 8983691.130064839497209 ], [ 778134.766809564782307, 8983689.628322914242744 ], [ 778134.621139859547839, 8983688.130741529166698 ], [ 778134.423469265224412, 8983686.639133002609015 ], [ 778134.174036995042115, 8983685.155302416533232 ], [ 778133.873144902056083, 8983683.681045446544886 ], [ 778133.521157114068046, 8983682.218146182596684 ], [ 778133.11849959299434, 8983680.768374964594841 ], [ 778132.665659619262442, 8983679.333486249670386 ], [ 778132.163185202050954, 8983677.9152164850384 ], [ 778131.611684416187927, 8983676.51528200507164 ], [ 778131.011824666289613, 8983675.135376956313848 ], [ 778130.364331879303791, 8983673.777171244844794 ], [ 778129.66998962557409, 8983672.442308519035578 ], [ 778129.016917402972467, 8983671.402162251994014 ], [ 778128.191548688220792, 8983670.226974973455071 ], [ 778127.428516794694588, 8983669.010389184579253 ], [ 778126.729893566458486, 8983667.755708253011107 ], [ 778126.097575960564427, 8983666.46633899025619 ], [ 778125.53328089567367, 8983665.145782390609384 ], [ 778125.038540590321645, 8983663.797624135389924 ], [ 778124.614698402350768, 8983662.425524847581983 ], [ 778124.262905181385577, 8983661.033210162073374 ], [ 778123.984116144361906, 8983659.62446060217917 ], [ 778123.779088281095028, 8983658.203101312741637 ], [ 778123.648378299549222, 8983656.772991683334112 ], [ 778123.592341113602743, 8983655.338014857843518 ], [ 778123.611128880060278, 8983653.902067201212049 ], [ 778123.581274889991619, 8983652.615785842761397 ], [ 778123.450034163659438, 8983651.408257456496358 ], [ 778123.256563217029907, 8983650.209125304594636 ], [ 778123.001379130873829, 8983649.021594246849418 ], [ 778122.685163924237713, 8983647.848838146775961 ], [ 778122.308762730564922, 8983646.693991374224424 ], [ 778121.873181540286168, 8983645.560140432789922 ], [ 778121.379584510810673, 8983644.450315717607737 ], [ 778120.829290856490843, 8983643.367483403533697 ], [ 778120.223771321470849, 8983642.314537525177002 ], [ 778119.56464425008744, 8983641.294292245060205 ], [ 778118.853671260876581, 8983640.309474324807525 ], [ 778118.092752538388595, 8983639.362715840339661 ], [ 778117.283921755151823, 8983638.456547152251005 ], [ 778116.429340635775588, 8983637.593390133231878 ], [ 778115.531293179839849, 8983636.77555170468986 ], [ 778114.592179557308555, 8983636.005217665806413 ], [ 778113.614509693812579, 8983635.28444685228169 ], [ 778112.600896562682465, 8983634.615165634080768 ], [ 778111.584214147063904, 8983633.97961556352675 ], [ 778110.640682826866396, 8983633.290056487545371 ], [ 778109.734195154509507, 8983632.552477221935987 ], [ 778108.867192450095899, 8983631.768864190205932 ], [ 778108.042009694385342, 8983630.941327789798379 ], [ 778107.260869239922613, 8983630.072096712887287 ], [ 778106.525874826125801, 8983629.163511943072081 ], [ 778105.839005913818255, 8983628.21802044659853 ], [ 778105.202112353639677, 8983627.238168587908149 ], [ 778104.616909404634498, 8983626.226595267653465 ], [ 778104.084973114193417, 8983625.186024820432067 ], [ 778103.607736074365675, 8983624.119259672239423 ], [ 778103.186483562691137, 8983623.029172796756029 ], [ 778102.822350081289187, 8983621.918699977919459 ], [ 778102.516316301655024, 8983620.79083190113306 ], [ 778102.269206422730349, 8983619.648606101050973 ], [ 778102.081685952143744, 8983618.495098777115345 ], [ 778101.954259913298301, 8983617.333416514098644 ], [ 778101.887271485407837, 8983616.166687915101647 ], [ 778101.880901079392061, 8983614.998055171221495 ], [ 778101.935165851609781, 8983613.830665601417422 ], [ 778102.049919658340514, 8983612.667663177475333 ], [ 778102.19140087813139, 8983611.53056007437408 ], [ 778102.227912984555587, 8983610.396972903981805 ], [ 778102.146276202518493, 8983609.265739753842354 ], [ 778101.947376784170046, 8983608.149141335859895 ], [ 778101.633373989956453, 8983607.059299489483237 ], [ 778101.207676646998152, 8983606.008045582100749 ], [ 778100.674906143103726, 8983605.00679207034409 ], [ 778100.040846257354133, 8983604.066408602520823 ], [ 778099.312380368937738, 8983603.197104020044208 ], [ 778098.497416734462604, 8983602.408315531909466 ], [ 778097.604802632937208, 8983601.708606256172061 ], [ 778096.644228318706155, 8983601.105572266504169 ], [ 778095.778640465810895, 8983600.601425312459469 ], [ 778094.715260320226662, 8983599.841341150924563 ], [ 778093.692742349812761, 8983599.027116199955344 ], [ 778092.713840157957748, 8983598.160943143069744 ], [ 778091.781189892441034, 8983597.245154546573758 ], [ 778090.897303146426566, 8983596.282216601073742 ], [ 778090.064560194383375, 8983595.274722460657358 ], [ 778089.28520358284004, 8983594.225385269150138 ], [ 778088.561332090292126, 8983593.137030854821205 ], [ 778087.894895076518878, 8983592.012590115889907 ], [ 778087.287687231786549, 8983590.855091130360961 ], [ 778086.741343744564801, 8983589.667651001363993 ], [ 778086.257335898117162, 8983588.453467458486557 ], [ 778085.836967107723467, 8983587.215810257941484 ], [ 778085.481369410990737, 8983585.9580123629421 ], [ 778085.19150041975081, 8983584.683460976928473 ], [ 778084.968140740529634, 8983583.395588420331478 ], [ 778084.811891872668639, 8983582.09786288626492 ], [ 778084.723174588638358, 8983580.793779103085399 ], [ 778084.702227801084518, 8983579.48684892244637 ], [ 778084.749107918585651, 8983578.180591855198145 ], [ 778084.86368869501166, 8983576.878525607287884 ], [ 778085.045661568292417, 8983575.584156595170498 ], [ 778085.29453649232164, 8983574.300970505923033 ], [ 778085.609643255942501, 8983573.032422913238406 ], [ 778085.963105087052099, 8983571.994242550805211 ], [ 778086.444841290125623, 8983570.956660648807883 ], [ 778086.835206430521794, 8983569.881364859640598 ], [ 778087.131285846116953, 8983568.776383886113763 ], [ 778087.330868859193288, 8983567.649968069046736 ], [ 778087.432465282734483, 8983566.510527793318033 ], [ 778087.435316546703689, 8983565.366570694372058 ], [ 778087.339401362347417, 8983564.226638128980994 ], [ 778087.145435880403966, 8983563.099241409450769 ], [ 778086.854868344729766, 8983561.992798242717981 ], [ 778086.469868278480135, 8983560.915569890290499 ], [ 778085.993310285499319, 8983559.875599481165409 ], [ 778085.428752587176859, 8983558.880651954561472 ], [ 778084.780410454957746, 8983557.938156090676785 ], [ 778084.053124736994505, 8983557.055149035528302 ], [ 778082.976079040905461, 8983555.957043293863535 ], [ 778082.237657989724539, 8983555.168023290112615 ], [ 778081.526921209064312, 8983554.353976951912045 ], [ 778080.844716321211308, 8983553.515875104814768 ], [ 778080.191856921650469, 8983552.654717270284891 ], [ 778079.569121608627029, 8983551.771530458703637 ], [ 778078.977253054152243, 8983550.867367956787348 ], [ 778078.416957118781283, 8983549.943308068439364 ], [ 778077.888902009814046, 8983549.000452822074294 ], [ 778077.393717483966611, 8983548.03992666490376 ], [ 778076.931994096841663, 8983547.062875116243958 ], [ 778076.504282498382963, 8983546.070463405922055 ], [ 778076.111092776060104, 8983545.063875081017613 ], [ 778075.752893846482038, 8983544.044310595840216 ], [ 778075.430112896952778, 8983543.012985879555345 ], [ 778075.079682278912514, 8983541.971220884472132 ], [ 778074.648268512799405, 8983540.937789551913738 ], [ 778074.181908057071269, 8983539.919651014730334 ], [ 778073.681142033659853, 8983538.917986625805497 ], [ 778073.14655148552265, 8983537.933958627283573 ], [ 778072.5787567027146, 8983536.968708792701364 ], [ 778071.978416502126493, 8983536.023357111960649 ], [ 778071.34622746380046, 8983535.099000483751297 ], [ 778070.682923121843487, 8983534.196711445227265 ], [ 778069.989273114013486, 8983533.317536933347583 ], [ 778069.266082288231701, 8983532.462497059255838 ], [ 778068.514189768931828, 8983531.632583932951093 ], [ 778067.734467983362265, 8983530.828760510310531 ], [ 778066.927821649354883, 8983530.051959475502372 ], [ 778066.095186725375243, 8983529.303082155063748 ], [ 778063.417461500619538, 8983525.481103954836726 ], [ 778061.106593200587668, 8983522.061900716274977 ], [ 778058.737497445079498, 8983518.682781247422099 ], [ 778056.310869358945638, 8983515.344737028703094 ], [ 778053.827420947840437, 8983512.048747483640909 ], [ 778051.287880889256485, 8983508.795779705047607 ], [ 778048.692994318553247, 8983505.586788155138493 ], [ 778046.043522610911168, 8983502.422714395448565 ], [ 778043.34024315723218, 8983499.304486809298396 ], [ 778040.583949136314914, 8983496.233020326122642 ], [ 778037.775449282256886, 8983493.209216156974435 ], [ 778034.915567647200078, 8983490.233961526304483 ], [ 778032.005143359070644, 8983487.308129414916039 ], [ 778029.045030375942588, 8983484.43257830105722 ], [ 778027.827855566283688, 8983483.196633256971836 ], [ 778026.653859785059467, 8983481.91960209980607 ], [ 778025.52442904538475, 8983480.602992488071322 ], [ 778024.440896747051738, 8983479.248358799144626 ], [ 778023.404542102362029, 8983477.857300311326981 ], [ 778022.416588625870645, 8983476.431459296494722 ], [ 778021.478202690253966, 8983474.972519097849727 ], [ 778020.59049214865081, 8983473.482202131301165 ], [ 778019.754505027434789, 8983471.96226785518229 ], [ 778018.971228288370185, 8983470.414510697126389 ], [ 778018.241586663760245, 8983468.840757930651307 ], [ 778017.566441564355046, 8983467.242867520079017 ], [ 778016.946590063045733, 8983465.622725926339626 ], [ 778016.382763952948153, 8983463.982245879247785 ], [ 778015.875628884416074, 8983462.323364119976759 ], [ 778015.849762057885528, 8983461.311695335432887 ], [ 778016.26891207403969, 8983460.390578575432301 ], [ 778017.0486714115832, 8983459.745506333187222 ], [ 778018.032013827702031, 8983459.50638185814023 ], [ 778019.061032623751089, 8983459.38087728060782 ], [ 778019.967347058001906, 8983458.877534529194236 ], [ 778020.661914623342454, 8983458.107901060953736 ], [ 778021.069933074177243, 8983457.154863432049751 ], [ 778021.410232887719758, 8983455.977414770051837 ], [ 778021.656254004337825, 8983455.000708589330316 ], [ 778021.851970007759519, 8983454.012692090123892 ], [ 778021.996868008747697, 8983453.015954449772835 ], [ 778022.090568290906958, 8983452.013107694685459 ], [ 778022.13282530521974, 8983451.006779864430428 ], [ 778022.12352831393946, 8983449.999608121812344 ], [ 778022.062701680581085, 8983448.994231835007668 ], [ 778021.950504806009121, 8983447.993285674601793 ], [ 778021.787231710855849, 8983446.999392695724964 ], [ 778021.573310265201144, 8983446.015157474204898 ], [ 778021.309301066794433, 8983445.043159276247025 ], [ 778020.99589597247541, 8983444.085945297032595 ], [ 778020.633916284656152, 8983443.1460239905864 ], [ 778019.403788105584681, 8983441.542787585407495 ], [ 778018.148561830981635, 8983439.959124328568578 ], [ 778016.868548847385682, 8983438.395427083596587 ], [ 778015.564066690392792, 8983436.852083761245012 ], [ 778014.235438965260983, 8983435.329477220773697 ], [ 778012.882995267631486, 8983433.827985176816583 ], [ 778011.507071100873873, 8983432.347980109974742 ], [ 778010.10800779319834, 8983430.889829168096185 ], [ 778009.170800272491761, 8983430.109873175621033 ], [ 778008.289685989613645, 8983429.267064236104488 ], [ 778007.468871081364341, 8983428.365425631403923 ], [ 778006.712273836368695, 8983427.409261472523212 ], [ 778006.023505989578553, 8983426.403136162087321 ], [ 778005.405855482560582, 8983425.351852595806122 ], [ 778004.862270766636357, 8983424.260429238900542 ], [ 778004.395346728502773, 8983423.134076172485948 ], [ 778004.007312303292565, 8983421.978170219808817 ], [ 778003.70001983421389, 8983420.798229277133942 ], [ 778003.474936229642481, 8983419.599885979667306 ], [ 778003.333135961787775, 8983418.388860806822777 ], [ 778003.27529593615327, 8983417.170934773981571 ], [ 778003.301692261360586, 8983415.951921844854951 ], [ 778003.412198930280283, 8983414.737641168758273 ], [ 778003.606288422131911, 8983413.533889301121235 ], [ 778003.883034220314585, 8983412.346412543207407 ], [ 778004.370422385865822, 8983411.222512509673834 ], [ 778004.951064573833719, 8983410.115308251231909 ], [ 778005.454551779315807, 8983408.970953736454248 ], [ 778005.878521892125718, 8983407.794817702844739 ], [ 778006.220985856722109, 8983406.592417996376753 ], [ 778006.480337003362365, 8983405.369395673274994 ], [ 778006.655358586343937, 8983404.131488541141152 ], [ 778006.745229491847567, 8983402.884504241868854 ], [ 778006.749528090585954, 8983401.634293001145124 ], [ 778006.668234215700068, 8983400.38672018609941 ], [ 778006.275747392210178, 8983398.89657736197114 ], [ 778005.696194428717718, 8983397.791646653786302 ], [ 778005.079299163422547, 8983396.707121992483735 ], [ 778004.425779184093699, 8983395.644264927133918 ], [ 778003.736394681618549, 8983394.604311795905232 ], [ 778003.011947564897127, 8983393.588472297415137 ], [ 778002.253280528937466, 8983392.597928086295724 ], [ 778001.461276074056514, 8983391.633831383660436 ], [ 778000.63685547944624, 8983390.697303652763367 ], [ 777999.780977731570601, 8983389.789434285834432 ], [ 777998.894638408673927, 8983388.911279337480664 ], [ 777997.978868522564881, 8983388.063860300928354 ], [ 777997.034733319655061, 8983387.248162914067507 ], [ 777995.331663981312886, 8983382.966695664450526 ], [ 777993.703276199172251, 8983378.656271066516638 ], [ 777992.150062051601708, 8983374.318191677331924 ], [ 777990.672490900149569, 8983369.953768407925963 ], [ 777989.27100924809929, 8983365.564320132136345 ], [ 777987.946040605660528, 8983361.15117328800261 ], [ 777986.697985361446626, 8983356.715661469846964 ], [ 777985.527220662101172, 8983352.259125033393502 ], [ 777984.434100297861733, 8983347.782910691574216 ], [ 777983.418954595923424, 8983343.288371093571186 ], [ 777982.482090320438147, 8983338.776864437386394 ], [ 777981.623790579964407, 8983334.249754041433334 ], [ 777980.844314741785638, 8983329.708407942205667 ], [ 777980.143898353795521, 8983325.154198475182056 ], [ 777979.52275307290256, 8983320.588501866906881 ], [ 777978.981066601234488, 8983316.01269781216979 ], [ 777978.519002629793249, 8983311.428169062361121 ], [ 777978.136700788396411, 8983306.836301000788808 ], [ 777977.834276603767648, 8983302.238481236621737 ], [ 777977.611821464728564, 8983297.636099169030786 ], [ 777977.469402594375424, 8983293.030545581132174 ], [ 777977.407063029939309, 8983288.423212215304375 ], [ 777977.424821609631181, 8983283.81549134477973 ], [ 777850.825538658420555, 8983089.446660565212369 ], [ 777586.494776293518953, 8982725.61639248020947 ], [ 777573.079849451663904, 8982741.139626540243626 ], [ 777562.397872813045979, 8982766.064238697290421 ], [ 777608.87063498806674, 8982811.398339934647083 ], [ 777627.449291064287536, 8982851.413906868547201 ], [ 777645.3133834451437, 8982906.435311401262879 ], [ 777643.884256054647267, 8982937.161550296470523 ], [ 777654.091861002496444, 8982987.404491130262613 ], [ 777665.927129906136543, 8983025.641513742506504 ], [ 777684.135235911700875, 8983054.774483351036906 ], [ 777712.35780022025574, 8983060.236915152519941 ], [ 777756.05725463363342, 8983073.892994657158852 ], [ 777782.459008341655135, 8983092.101100662723184 ], [ 777789.742250743904151, 8983102.11555896513164 ], [ 777882.603591372142546, 8983164.933524688705802 ], [ 777886.70736096042674, 8983164.94393777474761 ], [ 777887.744692836073227, 8983170.853586036711931 ], [ 777872.319428216200322, 8983173.561212273314595 ], [ 777857.750672435155138, 8983177.305138340219855 ], [ 777848.373847947805189, 8983180.520049592480063 ], [ 777846.289965870673768, 8983181.234523447230458 ], [ 777846.18321828416083, 8983181.268906628713012 ], [ 777813.897102217772044, 8983196.219047077000141 ] ], [ [ 778045.90754210902378, 8984278.814409570768476 ], [ 778041.127914282609709, 8984276.083193669095635 ], [ 778030.938757004449144, 8984261.217046165838838 ], [ 778052.394179872935638, 8984249.340037969872355 ], [ 778091.541607784922235, 8984242.056795569136739 ], [ 778094.614225673954934, 8984372.813756821677089 ], [ 778085.737773996195756, 8984357.564468041062355 ], [ 778074.812910392996855, 8984331.162714334204793 ], [ 778062.067236189031973, 8984309.768189778551459 ], [ 778058.539415650535375, 8984304.078156651929021 ], [ 778053.532186498865485, 8984290.194475824013352 ], [ 778049.776764635229483, 8984280.521419508382678 ], [ 778045.90754210902378, 8984278.814409570768476 ] ] ], [ [ [ 777728.9135263254866, 8984032.857924336567521 ], [ 777732.20569211745169, 8984033.441346121951938 ], [ 777733.424308885354549, 8984034.355308698490262 ], [ 777734.796105957357213, 8984032.538604468107224 ], [ 777738.718066262430511, 8984029.751948462799191 ], [ 777743.568911902955733, 8984025.417150231078267 ], [ 777758.947124678292312, 8984010.554984863847494 ], [ 777759.276712728664279, 8984010.244179183617234 ], [ 777759.600868206121959, 8984009.927711680531502 ], [ 777759.919493863359094, 8984009.605677295476198 ], [ 777760.232494111638516, 8984009.278172641992569 ], [ 777760.53977505012881, 8984008.945295969024301 ], [ 777760.841244493727572, 8984008.607147142291069 ], [ 777761.136812000884674, 8984008.263827608898282 ], [ 777761.426388900377788, 8984007.915440361946821 ], [ 777761.709888318553567, 8984007.56208992190659 ], [ 777761.987225204822607, 8984007.203882291913033 ], [ 777762.258316357270814, 8984006.840924937278032 ], [ 777762.523080448037945, 8984006.473326746374369 ], [ 777762.781438046949916, 8984006.101197997108102 ], [ 777763.033311646082439, 8984005.724650332704186 ], [ 777763.278625682811253, 8984005.343796715140343 ], [ 777763.517306562280282, 8984004.95875140465796 ], [ 777763.749282679404132, 8984004.569629913195968 ], [ 777763.974484440986998, 8984004.176548978313804 ], [ 777764.192844285746105, 8984003.779626527801156 ], [ 777764.404296705150045, 8984003.378981636837125 ], [ 777764.608778262976557, 8984002.97473450191319 ], [ 777764.806227614171803, 8984002.567006396129727 ], [ 777764.996585523360409, 8984002.155919641256332 ], [ 777765.179794882773422, 8984001.741597563028336 ], [ 777765.355800729128532, 8984001.32416445761919 ], [ 777765.524550260044634, 8984000.903745559975505 ], [ 777765.685992850456387, 8984000.480466995388269 ], [ 777765.840080066933297, 8984000.054455745965242 ], [ 777765.986765682930127, 8983999.625839618965983 ], [ 777766.126005692523904, 8983999.194747200235724 ], [ 777766.257758323219605, 8983998.761307816952467 ], [ 777766.381984048872255, 8983998.325651504099369 ], [ 777766.498645601561293, 8983997.887908957898617 ], [ 777766.607707982300781, 8983997.448211504146457 ], [ 777766.709138472331688, 8983997.006691051647067 ], [ 777766.802906642085873, 8983996.563480058684945 ], [ 777766.888984360848553, 8983996.118711490184069 ], [ 777766.967345805140212, 8983995.672518774867058 ], [ 777767.03796746628359, 8983995.225035775452852 ], [ 777767.100828157621436, 8983994.776396736502647 ], [ 777767.155909020802937, 8983994.326736250892282 ], [ 777767.203193531371653, 8983993.876189216971397 ], [ 777767.242667503887787, 8983993.424890801310539 ], [ 777767.274319096119143, 8983992.972976395860314 ], [ 777767.298138812300749, 8983992.52058157324791 ], [ 777767.314119506627321, 8983992.067842055112123 ], [ 777767.322256384766661, 8983991.614893663674593 ], [ 777767.322547005605884, 8983991.16187228448689 ], [ 777767.31499128206633, 8983990.708913825452328 ], [ 777767.299591480870731, 8983990.256154175847769 ], [ 777767.276352221961133, 8983989.80372916534543 ], [ 777767.245280477101915, 8983989.351774521172047 ], [ 777767.20638556801714, 8983988.900425830855966 ], [ 777767.159679163247347, 8983988.449818499386311 ], [ 777767.105175274889916, 8983988.000087713822722 ], [ 777767.04289025417529, 8983987.551368391141295 ], [ 777766.972842786693946, 8983987.1037951502949 ], [ 777766.895053887041286, 8983986.657502261921763 ], [ 777766.809546892065555, 8983986.212623618543148 ], [ 777766.716347453999333, 8983985.769292682409286 ], [ 777766.615483533008955, 8983985.32764245569706 ], [ 777766.506985388463363, 8983984.887805432081223 ], [ 777766.390885570202954, 8983984.449913566932082 ], [ 777766.267218908411451, 8983984.014098225161433 ], [ 777766.13602250337135, 8983983.580490157008171 ], [ 777765.997335714288056, 8983983.149219444021583 ], [ 777765.851200147881173, 8983982.720415467396379 ], [ 777765.697659644880332, 8983982.294206868857145 ], [ 777765.536760267917998, 8983981.870721517130733 ], [ 777765.368550287326798, 8983981.450086452066898 ], [ 777765.193080166587606, 8983981.032427871599793 ], [ 777765.010402546962723, 8983980.617871070280671 ], [ 777739.956580042955466, 8983949.042133761569858 ], [ 777737.73534796491731, 8983943.21625579148531 ], [ 777736.369740014546551, 8983955.051524695008993 ], [ 777736.369740014546551, 8983966.43159094825387 ], [ 777738.190550615079701, 8983977.811657201498747 ], [ 777740.011361215612851, 8983991.922939356416464 ], [ 777733.183321463526227, 8984015.138274513185024 ], [ 777728.9135263254866, 8984032.857924336567521 ] ] ], [ [ [ 778724.132537604076788, 8984136.687775742262602 ], [ 778726.104800337925553, 8984135.768672972917557 ], [ 778730.046766658429988, 8984133.568419877439737 ], [ 778733.265381479170173, 8984130.830181060358882 ], [ 778736.157372547429986, 8984128.320721225813031 ], [ 778735.756806227378547, 8984127.010885898023844 ], [ 778735.014262551325373, 8984123.75754676386714 ], [ 778734.273895597318187, 8984121.159134460613132 ], [ 778732.800706406822428, 8984115.988789001479745 ], [ 778733.461361115798354, 8984107.656617876142263 ], [ 778736.971913319081068, 8984095.321584284305573 ], [ 778750.468612721422687, 8984070.605739003047347 ], [ 778763.624732497148216, 8984048.607782071456313 ], [ 778694.513019664096646, 8984030.902525801211596 ], [ 778693.08935156755615, 8984033.084979154169559 ], [ 778692.563792254659347, 8984035.080052237957716 ], [ 778692.39414996583946, 8984036.529511991888285 ], [ 778692.239860667847097, 8984040.151254378259182 ], [ 778692.076615361962467, 8984042.505831882357597 ], [ 778691.369898612610996, 8984044.321152653545141 ], [ 778688.708835258265026, 8984049.589905098080635 ], [ 778687.847828008234501, 8984055.026967942714691 ], [ 778687.868298024521209, 8984057.923344684764743 ], [ 778688.066087026614696, 8984060.456403058022261 ], [ 778687.717845775885507, 8984062.088157515972853 ], [ 778686.831250442424789, 8984063.904749305918813 ], [ 778685.44851944851689, 8984071.879955265671015 ], [ 778685.824906610650942, 8984074.230718821287155 ], [ 778689.509459575056098, 8984086.514894872903824 ], [ 778693.338069991907105, 8984093.729140482842922 ], [ 778699.743824244360439, 8984109.252671893686056 ], [ 778703.321811261819676, 8984119.184177855029702 ], [ 778704.56714097969234, 8984129.946816463023424 ], [ 778704.195486002834514, 8984140.992431765422225 ], [ 778704.398392323870212, 8984144.249584589153528 ], [ 778705.493013580329716, 8984146.414239831268787 ], [ 778708.373623522697017, 8984146.755946898832917 ], [ 778709.803693640860729, 8984145.478611832484603 ], [ 778711.943041458027437, 8984142.748003028333187 ], [ 778719.830814388813451, 8984138.890570713207126 ], [ 778722.715344824478962, 8984137.413481459021568 ], [ 778724.132537604076788, 8984136.687775742262602 ] ] ], [ [ [ 777986.346957214642316, 8984809.517423141747713 ], [ 777991.036387712461874, 8984806.57432059943676 ], [ 777976.770735834725201, 8984786.329054161906242 ], [ 777964.79843595600687, 8984767.235300043597817 ], [ 777952.722926595597528, 8984747.21266059204936 ], [ 777944.1049348723609, 8984730.441119812428951 ], [ 777956.463065585703589, 8984759.041270053014159 ], [ 777986.346957214642316, 8984809.517423141747713 ] ] ], [ [ [ 778637.006938184029423, 8986086.149849297478795 ], [ 778632.468398794415407, 8986097.130186529830098 ], [ 778599.13153649319429, 8986106.170691562816501 ], [ 778613.993894114159048, 8986132.98681978136301 ], [ 778724.87272777420003, 8986118.984106790274382 ], [ 778724.950305084232241, 8986117.599037867039442 ], [ 778722.789117914740928, 8986112.773247899487615 ], [ 778720.71217836253345, 8986107.910604493692517 ], [ 778718.720114571624435, 8986103.012578293681145 ], [ 778716.813529016217217, 8986098.080650646239519 ], [ 778714.992998318979517, 8986093.116313150152564 ], [ 778713.259073076071218, 8986088.121067203581333 ], [ 778711.61227769125253, 8986083.09642355889082 ], [ 778710.053110216627829, 8986078.043901853263378 ], [ 778708.582042202702723, 8986072.9650301579386 ], [ 778707.199518555193208, 8986067.861344512552023 ], [ 778705.905957400682382, 8986062.734388463199139 ], [ 778704.701749960309826, 8986057.585712589323521 ], [ 778703.587260431260802, 8986052.416874047368765 ], [ 778702.562825876753777, 8986047.229436080902815 ], [ 778701.628756123944186, 8986042.024967567995191 ], [ 778700.785333670326509, 8986036.805042535066605 ], [ 778700.032813598285429, 8986031.571239678189158 ], [ 778699.371423497912474, 8986026.32514189556241 ], [ 778698.801363398088142, 8986021.068335805088282 ], [ 778698.322805706528015, 8986015.802411258220673 ], [ 778697.935895156580955, 8986010.528960866853595 ], [ 778697.640748764737509, 8986005.249579519033432 ], [ 778697.437455793959089, 8985999.965863898396492 ], [ 778697.326077727717347, 8985994.679411994293332 ], [ 778697.306648251018487, 8985989.391822628676891 ], [ 778697.379173239925876, 8985984.104694966226816 ], [ 778697.543630760163069, 8985978.819628030061722 ], [ 778697.799971073749475, 8985973.538220221176744 ], [ 778698.14811665378511, 8985968.262068834155798 ], [ 778698.587962208082899, 8985962.99276957474649 ], [ 778699.119374710950069, 8985957.731916073709726 ], [ 778699.742193443351425, 8985952.481099411845207 ], [ 778700.456230041920207, 8985947.241907628253102 ], [ 778701.096964288852178, 8985943.082521678879857 ], [ 778695.709325181087479, 8985942.580095823854208 ], [ 778677.046016525360756, 8985942.124893173575401 ], [ 778670.445578098297119, 8985949.408135574311018 ], [ 778659.975917145144194, 8985959.42259387858212 ], [ 778630.208272536983714, 8985953.329653384163976 ], [ 778626.354438515030779, 8985975.527737349271774 ], [ 778623.14537798136007, 8985994.011926023289561 ], [ 778629.020786165143363, 8986003.216732177883387 ], [ 778640.096324914367869, 8986020.56840955093503 ], [ 778644.051545865251683, 8986042.887156344950199 ], [ 778641.226388043141924, 8986075.941502865403891 ], [ 778637.006938184029423, 8986086.149849297478795 ] ] ], [ [ [ 780198.947193117812276, 8982042.015012035146356 ], [ 780154.778237065067515, 8982019.760483605787158 ], [ 780147.403738013352267, 8982028.261266985908151 ], [ 780137.141001055715606, 8982035.334330970421433 ], [ 780133.081121728988364, 8982037.777026418596506 ], [ 780129.031550709274597, 8982041.667925033718348 ], [ 780121.874534318689257, 8982047.029219187796116 ], [ 780114.467380865244195, 8982050.944014973938465 ], [ 780092.211556076770648, 8982057.861047001555562 ], [ 780069.948855765745975, 8982063.812595546245575 ], [ 780066.372060526511632, 8982066.734602997079492 ], [ 780065.19010144053027, 8982069.156808460131288 ], [ 780069.08402077620849, 8982077.094617858529091 ], [ 780067.912367421435192, 8982080.965026455000043 ], [ 780068.409198774257675, 8982083.375284858047962 ], [ 780069.147575133130886, 8982086.025203732773662 ], [ 780069.885951546835713, 8982088.675122618675232 ], [ 780070.144673321861774, 8982091.32845495082438 ], [ 780070.156697035999969, 8982093.018025254830718 ], [ 780084.67463736818172, 8982127.794034712016582 ], [ 780090.660020811366849, 8982126.303162341937423 ], [ 780132.549108827020973, 8982114.660190375521779 ], [ 780157.686335278209299, 8982108.20539066568017 ], [ 780172.970007143798284, 8982098.924166031181812 ], [ 780177.732191914692521, 8982094.062671894207597 ], [ 780198.947193117812276, 8982042.015012035146356 ] ] ], [ [ [ 780110.368594150291756, 8982235.372019909322262 ], [ 780113.730484471539967, 8982235.951543755829334 ], [ 780116.967307674349286, 8982235.807818980887532 ], [ 780118.04653504001908, 8982235.800138536840677 ], [ 780121.163444160949439, 8982235.657266793772578 ], [ 780124.402844123076648, 8982235.875592282041907 ], [ 780127.163446440594271, 8982236.218014799058437 ], [ 780128.605851949658245, 8982236.690508361905813 ], [ 780131.61057727842126, 8982237.634641936048865 ], [ 780134.256419192766771, 8982238.702019253745675 ], [ 780138.35497415647842, 8982241.690093394368887 ], [ 780146.068134574219584, 8982247.066236501559615 ], [ 780148.598358214250766, 8982248.73788483440876 ], [ 780150.652360989130102, 8982250.895681550726295 ], [ 780151.860951704438776, 8982252.214666983112693 ], [ 780153.553494205931202, 8982254.13365675136447 ], [ 780154.528269311646, 8982256.29913467541337 ], [ 780155.02081062272191, 8982258.105975558981299 ], [ 780162.687933855690062, 8982273.861765025183558 ], [ 780165.616556472377852, 8982280.961617179214954 ], [ 780166.717259680153802, 8982283.971027275547385 ], [ 780168.064663452794775, 8982287.944199692457914 ], [ 780169.392311064060777, 8982289.141647877171636 ], [ 780171.674119790201075, 8982289.608166037127376 ], [ 780173.350343899219297, 8982289.234165959060192 ], [ 780177.423137246398255, 8982288.601728109642863 ], [ 780178.611972859827802, 8982287.144988825544715 ], [ 780182.623425893718377, 8982261.047441387549043 ], [ 780171.09791115578264, 8982259.198442816734314 ], [ 780173.719355231616646, 8982239.990108232945204 ], [ 780167.338990896125324, 8982236.535519629716873 ], [ 780170.45726932247635, 8982219.737444292753935 ], [ 780169.570831340854056, 8982192.820716636255383 ], [ 780166.990956654772162, 8982191.85260584205389 ], [ 780164.342538894386962, 8982190.423180319368839 ], [ 780160.976355150691234, 8982189.240243326872587 ], [ 780157.862026080256328, 8982189.745170241221786 ], [ 780155.950273500289768, 8982190.724296160042286 ], [ 780153.791820683516562, 8982190.739659771323204 ], [ 780148.990105012664571, 8982190.049698796123266 ], [ 780147.789246652740985, 8982189.816866641864181 ], [ 780145.384094062377699, 8982188.868467640131712 ], [ 780144.172928008832969, 8982187.187431612983346 ], [ 780141.284683732897975, 8982185.759711859747767 ], [ 780134.805891029303893, 8982185.323065588250756 ], [ 780130.73225043900311, 8982185.834818156436086 ], [ 780125.692426381399855, 8982185.387928809970617 ], [ 780122.091570613905787, 8982184.930797608569264 ], [ 780119.201609912561253, 8982183.261709243059158 ], [ 780117.036286832531914, 8982182.311601938679814 ], [ 780113.915087596396916, 8982181.851056387647986 ], [ 780110.314232578268275, 8982181.393924234434962 ], [ 780109.113375023473054, 8982181.161091035231948 ], [ 780105.517673458321951, 8982181.428060179576278 ], [ 780102.898460916709155, 8982184.101874228566885 ], [ 780101.474952494725585, 8982186.284419819712639 ], [ 780101.267760794027708, 8982190.872103873640299 ], [ 780100.33764944318682, 8982194.982173644006252 ], [ 780100.118433556752279, 8982197.880287058651447 ], [ 780097.534431181149557, 8982205.502128314226866 ], [ 780096.238564803614281, 8982208.769972529262304 ], [ 780095.536256765248254, 8982211.188764713704586 ], [ 780095.671629438991658, 8982213.360216310247779 ], [ 780096.043394992360845, 8982215.047226812690496 ], [ 780095.939798300852999, 8982217.341068686917424 ], [ 780096.199379038996994, 8982220.115084996446967 ], [ 780096.334751636488363, 8982222.286536598578095 ], [ 780096.596049945568666, 8982225.301920128986239 ], [ 780095.892023739404976, 8982227.479345012456179 ], [ 780094.940440041711554, 8982228.572324043139815 ], [ 780100.250289486488327, 8982229.04746962711215 ], [ 780102.776215328485705, 8982230.115702008828521 ], [ 780104.461883634096012, 8982231.069224085658789 ], [ 780106.389097951585427, 8982232.262406641617417 ], [ 780107.595109922112897, 8982233.219342034310102 ], [ 780109.404127991525456, 8982234.654745083302259 ], [ 780110.368594150291756, 8982235.372019909322262 ] ] ], [ [ [ 781120.810887202387676, 8982523.769718911498785 ], [ 781124.886303261388093, 8982523.499239003285766 ], [ 781128.721887643216178, 8982523.230471109971404 ], [ 781131.353143026819453, 8982522.246158573776484 ], [ 781134.469232191564515, 8982521.98252747580409 ], [ 781137.823429642943665, 8982521.475814731791615 ], [ 781141.424352861242369, 8982521.93286469578743 ], [ 781144.065949214156717, 8982522.396764550358057 ], [ 781146.227882141480222, 8982522.864089366048574 ], [ 781148.867755147861317, 8982523.086620030924678 ], [ 781150.06346689898055, 8982522.595319338142872 ], [ 781152.694722103769891, 8982521.61100522056222 ], [ 781155.572703367797658, 8982521.59045391343534 ], [ 781158.454131913837045, 8982522.052640225738287 ], [ 781160.857620632043108, 8982522.759620564058423 ], [ 781162.5364431720227, 8982522.747631993144751 ], [ 781169.855622244183905, 8982523.298817567527294 ], [ 781171.891607093042694, 8982522.922206142917275 ], [ 781175.246666899649426, 8982522.536174576729536 ], [ 781177.999561582924798, 8982521.792371174320579 ], [ 781180.032098900293931, 8982520.933021383360028 ], [ 781181.94558213208802, 8982520.19521233253181 ], [ 781184.461230494314805, 8982519.815174616873264 ], [ 781187.340074161998928, 8982519.915305431932211 ], [ 781189.619338347343728, 8982520.019718114286661 ], [ 781192.496458322508261, 8982519.878479588776827 ], [ 781194.411665268242359, 8982519.382038827985525 ], [ 781195.607376712141559, 8982518.890736566856503 ], [ 781197.272408643970266, 8982516.947794632986188 ], [ 781198.458638726500794, 8982515.12896285764873 ], [ 781199.283397111576051, 8982513.071331379935145 ], [ 781199.015121311065741, 8982509.090456062927842 ], [ 781198.761498481268063, 8982507.161217104643583 ], [ 781198.031659923028201, 8982505.718141922727227 ], [ 781197.064575483556837, 8982504.638833113014698 ], [ 781196.212235339567997, 8982502.834560908377171 ], [ 781195.601450842572376, 8982501.269944787025452 ], [ 781195.707575682085007, 8982499.338136510923505 ], [ 781195.93706410122104, 8982497.888209735974669 ], [ 781196.399488616036251, 8982495.471094127744436 ], [ 781196.752340571489185, 8982494.503048837184906 ], [ 781197.340714427642524, 8982492.929868165403605 ], [ 781197.813482151948847, 8982491.96096639148891 ], [ 781198.285387893207371, 8982490.871380113065243 ], [ 781198.506256512016989, 8982488.214608356356621 ], [ 781197.855821843491867, 8982481.098505668342113 ], [ 781197.246761284070089, 8982479.775258615612984 ], [ 781196.340928139979951, 8982478.876548454165459 ], [ 781195.195694437948987, 8982478.039893459528685 ], [ 781194.402450544643216, 8982476.114508651196957 ], [ 781194.512022850103676, 8982474.665438309311867 ], [ 781194.3714200835675, 8982471.769867025315762 ], [ 781194.24288472533226, 8982470.563878597691655 ], [ 781193.509598808246665, 8982468.638065580278635 ], [ 781192.402774354093708, 8982464.783870156854391 ], [ 781193.105029580765404, 8982462.365041557699442 ], [ 781193.08434243244119, 8982459.468613814562559 ], [ 781193.313830285565928, 8982458.01868699118495 ], [ 781195.198002872988582, 8982453.177603662014008 ], [ 781195.427490548579954, 8982451.727676790207624 ], [ 781197.089070748770609, 8982449.301996052265167 ], [ 781197.077002923935652, 8982447.612413147464395 ], [ 781198.008744728052989, 8982443.743657348677516 ], [ 781198.47116753202863, 8982441.326541440561414 ], [ 781197.972540874034166, 8982438.674908587709069 ], [ 781196.757868253276683, 8982436.511152759194374 ], [ 781195.148968949099071, 8982429.522586736828089 ], [ 781195.493199871154502, 8982427.347696341574192 ], [ 781195.119660962605849, 8982425.419313983991742 ], [ 781193.783349105156958, 8982423.01504573225975 ], [ 781192.089876537909731, 8982420.97540046274662 ], [ 781190.996844149194658, 8982419.052157150581479 ], [ 781190.500803854083642, 8982416.762577855959535 ], [ 781190.00217759446241, 8982414.110945103690028 ], [ 781189.469933420186862, 8982406.752617284655571 ], [ 781189.452693398343399, 8982404.338927499949932 ], [ 781188.954067128710449, 8982401.687294777482748 ], [ 781188.219057805370539, 8982399.520113041624427 ], [ 781187.482324528042227, 8982397.111562335863709 ], [ 781186.749039307003841, 8982395.185749588534236 ], [ 781186.483348176814616, 8982391.566927982494235 ], [ 781186.460936038172804, 8982388.429131302982569 ], [ 781186.450591951142997, 8982386.980917450040579 ], [ 781186.424731669481844, 8982383.360382812097669 ], [ 781185.441271478193812, 8982379.988069303333759 ], [ 781184.464707458158955, 8982377.581231703981757 ], [ 781180.598104397999123, 8982373.505367618054152 ], [ 781179.628436758182943, 8982372.064005879685283 ], [ 781178.410318307578564, 8982369.417512323707342 ], [ 781177.908244586316869, 8982366.283141814172268 ], [ 781177.889280572766438, 8982363.62808321043849 ], [ 781177.395826859632507, 8982361.70055753365159 ], [ 781176.415815512998961, 8982358.810982048511505 ], [ 781174.252166206482798, 8982358.102292258292437 ], [ 781167.775010555051267, 8982357.90717389434576 ], [ 781134.776617244817317, 8982371.901576068252325 ], [ 781117.07050375151448, 8982377.821167590096593 ], [ 781106.593782853335142, 8982388.51675077714026 ], [ 781092.560092536616139, 8982404.910183571279049 ], [ 781089.422401065705344, 8982410.544698059558868 ], [ 781089.070409779902548, 8982411.633426319807768 ], [ 781089.089366889325902, 8982414.288483269512653 ], [ 781089.583677575457841, 8982416.336693406105042 ], [ 781090.310925831901841, 8982417.417715894058347 ], [ 781090.917396915378049, 8982418.378910169005394 ], [ 781091.530761528760195, 8982420.305579710751772 ], [ 781091.54454852361232, 8982422.236530244350433 ], [ 781091.673080918029882, 8982423.442518131807446 ], [ 781092.176008574548177, 8982426.697572380304337 ], [ 781091.22788606910035, 8982428.273319227620959 ], [ 781089.090577447204851, 8982429.993489008396864 ], [ 781101.74974600202404, 8982531.563352288678288 ], [ 781102.876929641701281, 8982531.380578493699431 ], [ 781105.270077314227819, 8982530.639349136501551 ], [ 781108.137718555284664, 8982529.170588485896587 ], [ 781111.240021428093314, 8982526.976008718833327 ], [ 781113.389890406746417, 8982525.75375340692699 ], [ 781120.810887202387676, 8982523.769718911498785 ] ] ], [ [ [ 780499.410017255693674, 8982797.823162930086255 ], [ 780503.723561636870727, 8982797.309680208563805 ], [ 780507.547126412158832, 8982795.351406471803784 ], [ 780510.414799791062251, 8982793.8827008549124 ], [ 780513.27559624123387, 8982791.448523640632629 ], [ 780516.60918017080985, 8982788.04545821249485 ], [ 780518.51752347452566, 8982786.583584878593683 ], [ 780522.800120211439207, 8982781.725478377193213 ], [ 780521.518166934256442, 8982780.633313054218888 ], [ 780520.067998024169356, 8982779.074671965092421 ], [ 780519.100072645815089, 8982777.874665997922421 ], [ 780517.893174680997618, 8982776.797052247449756 ], [ 780516.568079890916124, 8982775.961660470813513 ], [ 780514.757303359452635, 8982774.284897815436125 ], [ 780513.911013600532897, 8982773.325405482202768 ], [ 780513.305415724636987, 8982772.484888775274158 ], [ 780512.218434201320633, 8982771.406420793384314 ], [ 780510.892480127280578, 8982770.450344989076257 ], [ 780509.086861707502976, 8982769.497685689479113 ], [ 780508.120656088227406, 8982768.539047429338098 ], [ 780507.634114905144088, 8982767.576992642134428 ], [ 780508.105183289851993, 8982766.366736987605691 ], [ 780508.214784163166769, 8982764.917675891891122 ], [ 780507.966355963144451, 8982763.712545022368431 ], [ 780504.340077069588006, 8982759.695257857441902 ], [ 780504.152466611005366, 8982758.610383849591017 ], [ 780504.204258479876444, 8982757.463459635153413 ], [ 780504.496312257484533, 8982756.375169115141034 ], [ 780504.96781029808335, 8982755.225255437195301 ], [ 780505.980219948804006, 8982754.252524005249143 ], [ 780507.829892899375409, 8982752.972103767096996 ], [ 780508.844881274970248, 8982752.361423969268799 ], [ 780509.854711909079924, 8982751.026640646159649 ], [ 780506.775147307780571, 8982739.583022488281131 ], [ 780497.948211998795159, 8982695.714723717421293 ], [ 780496.968253955361433, 8982692.825143182650208 ], [ 780494.324947320856154, 8982692.119831157848239 ], [ 780486.910794799332507, 8982695.069201458245516 ], [ 780473.507724964176305, 8982699.026745790615678 ], [ 780467.28413385245949, 8982700.76073195785284 ], [ 780463.448545429855585, 8982701.029429517686367 ], [ 780458.408641484798864, 8982700.582563795149326 ], [ 780447.82338686962612, 8982696.071730485185981 ], [ 780431.458972063381225, 8982688.343421427533031 ], [ 780427.252465771976858, 8982687.045787546783686 ], [ 780421.007391673978418, 8982685.762670213356614 ], [ 780399.663244501221925, 8982686.03534840978682 ], [ 780397.980986559996381, 8982685.564567217603326 ], [ 780397.851618142332882, 8982684.237898971885443 ], [ 780400.0887689916417, 8982678.428851643577218 ], [ 780421.42780717741698, 8982643.759567342698574 ], [ 780454.631140953511931, 8982591.143638357520103 ], [ 780455.574992432491854, 8982588.964495584368706 ], [ 780457.707683606538922, 8982585.328604912385345 ], [ 780460.806575160939246, 8982582.651351969689131 ], [ 780467.725569237372838, 8982577.53308779001236 ], [ 780472.982938208384439, 8982574.840458441525698 ], [ 780475.835119729163125, 8982571.1994409840554 ], [ 780476.275236637797207, 8982565.644564878195524 ], [ 780471.812136211665347, 8982545.159053694456816 ], [ 780467.967966455267742, 8982544.220916936174035 ], [ 780453.593594385427423, 8982546.495727485045791 ], [ 780424.798434766475111, 8982544.528403194621205 ], [ 780408.935230058152229, 8982539.813782474026084 ], [ 780394.964891847223043, 8982531.464977754279971 ], [ 780365.737426362698898, 8982502.466148538514972 ], [ 780237.965735890204087, 8982627.339333927258849 ], [ 780238.818886308814399, 8982629.264299172908068 ], [ 780239.911008810973726, 8982631.066873863339424 ], [ 780241.724341983441263, 8982633.105695378035307 ], [ 780243.906010790960863, 8982636.348793603479862 ], [ 780245.600287805078551, 8982638.509152196347713 ], [ 780247.172072772635147, 8982640.308313081040978 ], [ 780248.381534648360685, 8982641.747983150184155 ], [ 780248.753305909573101, 8982643.434994740411639 ], [ 780249.481388058979064, 8982644.636711163446307 ], [ 780251.050596666056663, 8982646.073820874094963 ], [ 780252.979551942786202, 8982647.508370192721486 ], [ 780256.11367513530422, 8982649.779170859605074 ], [ 780257.331726907985285, 8982652.42567796818912 ], [ 780257.826849805191159, 8982654.594570996239781 ], [ 780260.240621569450013, 8982656.749808594584465 ], [ 780261.684761850046925, 8982657.463669266551733 ], [ 780264.573042606934905, 8982658.891390493139625 ], [ 780266.983379239914939, 8982660.563892954960465 ], [ 780268.914053785731085, 8982662.239809283986688 ], [ 780273.001491100061685, 8982663.658995155245066 ], [ 780277.321888150647283, 8982664.111003808677197 ], [ 780279.480368787189946, 8982664.095640504732728 ], [ 780282.598174205399118, 8982664.073448853567243 ], [ 780285.962682942743413, 8982665.015019778162241 ], [ 780291.016318653826602, 8982667.392845645546913 ], [ 780292.710599664133042, 8982669.553203251212835 ], [ 780294.165049592033029, 8982671.715267948806286 ], [ 780294.898287796997465, 8982673.64108650572598 ], [ 780294.204564687795937, 8982677.266720177605748 ], [ 780293.993940044427291, 8982681.371674571186304 ], [ 780292.822271870449185, 8982685.242089813575149 ], [ 780291.871536602964625, 8982686.455755565315485 ], [ 780288.782935045892373, 8982690.581194590777159 ], [ 780287.354254749952815, 8982692.039641736075282 ], [ 780285.932446201331913, 8982694.463558688759804 ], [ 780284.267370160669088, 8982696.406447615474463 ], [ 780282.847279154928401, 8982699.071731824427843 ], [ 780281.427187922410667, 8982701.73701592721045 ], [ 780280.241774153662845, 8982703.676490556448698 ], [ 780278.819964617257938, 8982706.100407006219029 ], [ 780278.355762787628919, 8982708.276128066703677 ], [ 780279.340857026749291, 8982711.889812115579844 ], [ 780279.844570470508188, 8982715.265542641282082 ], [ 780276.795475548366085, 8982724.942431161180139 ], [ 780274.426363285514526, 8982729.062746973708272 ], [ 780273.96731406962499, 8982731.962570164352655 ], [ 780273.508264729287475, 8982734.862393327057362 ], [ 780273.040626209927723, 8982736.55537922680378 ], [ 780273.064675528788939, 8982739.934523483738303 ], [ 780273.081853565061465, 8982742.348197950050235 ], [ 780272.377818773733452, 8982744.525625564157963 ], [ 780271.432234418694861, 8982746.463392553851008 ], [ 780269.28920930903405, 8982748.65106114372611 ], [ 780266.424971137428656, 8982750.602482570335269 ], [ 780264.285380993969738, 8982753.272885607555509 ], [ 780263.574474508524872, 8982754.484843147918582 ], [ 780262.868721115868539, 8982756.420902948826551 ], [ 780261.688457286451012, 8982759.084478547796607 ], [ 780260.741154229035601, 8982760.780877605080605 ], [ 780259.797286442830227, 8982762.960011459887028 ], [ 780258.849983172956854, 8982764.656410418450832 ], [ 780257.664565704995766, 8982766.59588348865509 ], [ 780256.960529321338981, 8982768.773310450837016 ], [ 780256.731003465713002, 8982770.223221682012081 ], [ 780256.981141180265695, 8982771.669719457626343 ], [ 780258.433873276575468, 8982773.590418439358473 ], [ 780260.595794976921752, 8982774.057792654260993 ], [ 780262.754281393485144, 8982774.042431911453605 ], [ 780264.914485538378358, 8982774.26843848079443 ], [ 780268.508527606260031, 8982773.760101916268468 ], [ 780273.298293359577656, 8982772.760496022179723 ], [ 780276.171122106257826, 8982772.01591170579195 ], [ 780278.082905676215887, 8982771.036787126213312 ], [ 780281.431962354341522, 8982769.80605373904109 ], [ 780283.581859749974683, 8982768.583854487165809 ], [ 780285.015697229886428, 8982767.849510719999671 ], [ 780287.412297653965652, 8982767.591074163094163 ], [ 780322.018882530508563, 8982772.401981541886926 ], [ 780328.706330100540072, 8982773.331651169806719 ], [ 780387.517577464925125, 8982780.275065993890166 ], [ 780402.00739297340624, 8982782.408374689519405 ], [ 780410.980996805708855, 8982783.729539079591632 ], [ 780416.449139208300039, 8982784.534602930769324 ], [ 780419.864292718120851, 8982784.99548415094614 ], [ 780426.758198950905353, 8982785.925829419866204 ], [ 780438.536041871178895, 8982787.515270888805389 ], [ 780465.805987773928791, 8982794.200406668707728 ], [ 780497.974461244884878, 8982798.316147467121482 ], [ 780499.410017255693674, 8982797.823162930086255 ] ] ], [ [ [ 779245.215823229402304, 8982676.210821706801653 ], [ 779246.659079528413713, 8982676.804031839594245 ], [ 779248.703621393535286, 8982677.634355880320072 ], [ 779249.667218706337735, 8982678.230967396870255 ], [ 779251.113042647019029, 8982679.186226090416312 ], [ 779253.760582036455162, 8982680.495029646903276 ], [ 779254.84495014033746, 8982681.211473593488336 ], [ 779261.527180591132492, 8982684.965788200497627 ], [ 779266.220119642675854, 8982687.225597525015473 ], [ 779270.673229682259262, 8982689.487107284367085 ], [ 779274.765739931026474, 8982691.630485072731972 ], [ 779281.508360077859834, 8982695.444713516160846 ], [ 779290.779465268133208, 8982700.689276309683919 ], [ 779295.470696702832356, 8982702.70771723985672 ], [ 779299.434735799906775, 8982703.645114347338676 ], [ 779303.164081135997549, 8982705.308309748768806 ], [ 779307.257451452547684, 8982707.572368016466498 ], [ 779309.422767781768925, 8982708.522522097453475 ], [ 779310.386367046041414, 8982709.11913257651031 ], [ 779310.756383554078639, 8982710.564776293933392 ], [ 779307.313089226838201, 8982715.416759079322219 ], [ 779298.899700468173251, 8982729.657389249652624 ], [ 779285.339326815446839, 8982753.710326168686152 ], [ 779277.746924529667012, 8982765.35031171143055 ], [ 779266.140731596620753, 8982785.949740994721651 ], [ 779253.838137779152021, 8982809.812703065574169 ], [ 779244.710773563128896, 8982824.842850564047694 ], [ 779240.562513507436961, 8982831.751532623544335 ], [ 779237.82670986733865, 8982834.908842271193862 ], [ 779236.628413038095459, 8982835.038027174770832 ], [ 779208.597473445814103, 8982822.443731607869267 ], [ 779160.001191063085571, 8982801.54697722196579 ], [ 779153.136947370599955, 8982797.492210822179914 ], [ 779125.788784299977124, 8982779.703410878777504 ], [ 779123.380220458842814, 8982778.272215547040105 ], [ 779122.424321986967698, 8982778.761745899915695 ], [ 779107.484809203539044, 8982802.824360748752952 ], [ 779106.469380073365755, 8982803.374656796455383 ], [ 779105.506211024243385, 8982802.838382959365845 ], [ 779093.005632710875943, 8982790.314989674836397 ], [ 779089.622356005129404, 8982786.718301180750132 ], [ 779087.229355374234729, 8982784.462636154145002 ], [ 779081.779958523111418, 8982792.702714465558529 ], [ 779077.980307291611098, 8982798.039947675541043 ], [ 779075.607662642607465, 8982801.677424961701035 ], [ 779073.478268215199932, 8982805.795933503657579 ], [ 779073.014001108240336, 8982807.971621805801988 ], [ 779072.801536246435717, 8982811.835169056430459 ], [ 779072.822060077684, 8982814.73155490309 ], [ 779073.318823456531391, 8982817.141810905188322 ], [ 779073.339347216999158, 8982820.038196755573153 ], [ 779073.597990761394612, 8982822.691517686471343 ], [ 779074.341425542952493, 8982826.065536234527826 ], [ 779074.358528590761125, 8982828.479191116988659 ], [ 779074.617172098252922, 8982831.132512064650655 ], [ 779074.635985371656716, 8982833.787532433867455 ], [ 779073.690346806659363, 8982835.725253978744149 ], [ 779072.73615673428867, 8982836.456148052588105 ], [ 779069.874952394864522, 8982835.592311000451446 ], [ 779069.193801391404122, 8982840.026481948792934 ], [ 779068.696939411107451, 8982846.064442466944456 ], [ 779068.59498173976317, 8982848.59962965361774 ], [ 779069.095165139064193, 8982851.492616666480899 ], [ 779070.306288388557732, 8982853.173678234219551 ], [ 779071.758097190409899, 8982854.973723167553544 ], [ 779075.250174418324605, 8982857.000688871368766 ], [ 779080.445008708047681, 8982862.394875450059772 ], [ 779093.521561474073678, 8982880.043470783159137 ], [ 779098.13307295483537, 8982887.734877534210682 ], [ 779102.83266907860525, 8982907.856608811765909 ], [ 779111.55042907060124, 8982953.475554520264268 ], [ 779111.140034444746561, 8982963.254257516935468 ], [ 779110.550718536600471, 8982964.706699267029762 ], [ 779109.842342171585187, 8982966.280673466622829 ], [ 779109.01319504994899, 8982967.734814574941993 ], [ 779108.791321827215143, 8982970.270852029323578 ], [ 779109.042269700672477, 8982971.838028568774462 ], [ 779109.170736606698483, 8982973.044006515294313 ], [ 779110.024682857329026, 8982975.089665625244379 ], [ 779112.077784932218492, 8982977.126827720552683 ], [ 779113.647804312058724, 8982978.684657525271177 ], [ 779115.828518682974391, 8982981.807114742696285 ], [ 779129.122711614123546, 8982996.316260647028685 ], [ 779133.706872375914827, 8983000.145819330587983 ], [ 779138.04094034479931, 8983002.528883803635836 ], [ 779140.197712112683803, 8983002.272222455590963 ], [ 779142.11123168701306, 8983001.534529376775026 ], [ 779143.536536346073262, 8982999.593407396227121 ], [ 779144.961840851930901, 8982997.652285324409604 ], [ 779146.145603421609849, 8982995.471497159451246 ], [ 779148.048859770526178, 8982993.285610130056739 ], [ 779148.997922142851166, 8982991.830618171021342 ], [ 779149.710574111668393, 8982990.860056968405843 ], [ 779152.091782091418281, 8982988.429404789581895 ], [ 779154.476410817354918, 8982986.481483584269881 ], [ 779155.665304033551365, 8982985.0247916970402 ], [ 779157.095738967647776, 8982983.807765683159232 ], [ 779158.762583966832608, 8982982.106308694928885 ], [ 779160.186176426010206, 8982979.923820070922375 ], [ 779161.853021116228774, 8982978.22236286662519 ], [ 779164.491164810373448, 8982978.203665981069207 ], [ 779164.97766970959492, 8982979.165729004889727 ], [ 779164.515113160014153, 8982981.582784634083509 ], [ 779164.047424751217477, 8982983.275743389502168 ], [ 779162.858531845267862, 8982984.732435628771782 ], [ 779161.909470136859454, 8982986.187428113073111 ], [ 779161.201950213173404, 8982987.882086476311088 ], [ 779160.24946723645553, 8982988.854347661137581 ], [ 779158.824163773329929, 8982990.795470584183931 ], [ 779158.351343303220347, 8982991.764332348480821 ], [ 779157.403991745086387, 8982993.460690231993794 ], [ 779156.696471430361271, 8982995.155348422005773 ], [ 779155.521261919289827, 8982998.54296507127583 ], [ 779154.335789147065952, 8983000.482388030737638 ], [ 779152.197832671692595, 8983003.394071754068136 ], [ 779149.823465373599902, 8983006.790186043828726 ], [ 779148.172012760653161, 8983010.663932539522648 ], [ 779147.462781138485298, 8983012.117224767804146 ], [ 779145.34107234235853, 8983017.321880830451846 ], [ 779144.747480146121234, 8983018.170909222215414 ], [ 779143.919187668012455, 8983019.745733868330717 ], [ 779144.171847148565575, 8983021.554276192560792 ], [ 779152.496919092722237, 8983028.676267970353365 ], [ 779191.475708673591726, 8983054.649858640506864 ], [ 779196.329372741980478, 8983058.432245137169957 ], [ 779198.215524277184159, 8983053.832699177786708 ], [ 779200.115360801573843, 8983051.164078341796994 ], [ 779201.064423608360812, 8983049.709085028618574 ], [ 779205.571615484077483, 8983042.677183359861374 ], [ 779209.143429656047374, 8983039.031199911609292 ], [ 779211.283096266561188, 8983036.360878221690655 ], [ 779212.704978372319601, 8983033.937021810561419 ], [ 779214.359848667518236, 8983030.546002585440874 ], [ 779215.785151958814822, 8983028.604877339676023 ], [ 779216.965490951901302, 8983025.941354874521494 ], [ 779219.103445330169052, 8983023.02966670319438 ], [ 779221.011833004304208, 8983021.567872559651732 ], [ 779224.344667530152947, 8983018.044269643723965 ], [ 779226.725018830737099, 8983015.492929328233004 ], [ 779229.108791687060148, 8983013.42432021908462 ], [ 779231.370082095032558, 8983010.994512351229787 ], [ 779233.273335866513662, 8983008.808620141819119 ], [ 779234.813420147402212, 8983006.14254648424685 ], [ 779235.748792408499867, 8983002.75662581063807 ], [ 779236.214767448254861, 8983000.822299713268876 ], [ 779237.629802310140803, 8982997.43297865614295 ], [ 779239.045692373998463, 8982994.164340345188975 ], [ 779240.824751403415576, 8982991.375883143395185 ], [ 779241.53226841124706, 8982989.681222438812256 ], [ 779246.167915596975945, 8982983.855290744453669 ], [ 779248.304153984063305, 8982980.702233968302608 ], [ 779249.248079540906474, 8982978.523141231387854 ], [ 779249.714053336181678, 8982976.588814694434404 ], [ 779250.656267529353499, 8982974.16835611127317 ], [ 779252.078144274419174, 8982971.744496935978532 ], [ 779253.258478317875415, 8982969.080972177907825 ], [ 779255.149750248645432, 8982965.205517619848251 ], [ 779255.858977108029649, 8982963.752222107723355 ], [ 779256.309549489174969, 8982959.645603420212865 ], [ 779257.005086530698463, 8982956.261381682008505 ], [ 779258.896357170538977, 8982952.385926650837064 ], [ 779261.270712291821837, 8982948.989802252501249 ], [ 779265.765899707330391, 8982940.268326787278056 ], [ 779267.902133464463986, 8982937.115267811343074 ], [ 779270.751014985260554, 8982932.99164410866797 ], [ 779273.130501682637259, 8982930.319615768268704 ], [ 779275.521967601496726, 8982929.337147818878293 ], [ 779277.181960405083373, 8982926.670220533385873 ], [ 779279.791008976753801, 8982922.548296190798283 ], [ 779281.930663298116997, 8982919.877967489883304 ], [ 779285.012527158134617, 8982914.787178155034781 ], [ 779286.667384147993289, 8982911.396152637898922 ], [ 779289.507704018382356, 8982906.065697342157364 ], [ 779291.405814105295576, 8982903.155702460557222 ], [ 779294.247844047262333, 8982898.066612303256989 ], [ 779295.186629462288693, 8982895.163419626653194 ], [ 779296.31561036221683, 8982885.258916802704334 ], [ 779296.413275403203443, 8982882.120310507714748 ], [ 779296.877532967133448, 8982879.944616535678506 ], [ 779297.46256166882813, 8982877.888755114749074 ], [ 779300.016832096152939, 8982866.043120674788952 ], [ 779313.252219876041636, 8982838.432167557999492 ], [ 779317.98036125942599, 8982828.743514684960246 ], [ 779321.776566965854727, 8982822.923518611118197 ], [ 779323.664398261113092, 8982818.565324954688549 ], [ 779324.592906972393394, 8982814.213934984058142 ], [ 779326.460194700397551, 8982806.959350181743503 ], [ 779328.796870768885128, 8982798.253167608752847 ], [ 779329.845293023856357, 8982793.900926670059562 ], [ 779331.853036414366215, 8982789.54188141413033 ], [ 779333.636356584960595, 8982787.356830222532153 ], [ 779335.056507059605792, 8982784.691598691046238 ], [ 779336.357598132686689, 8982782.147900560870767 ], [ 779337.54476584144868, 8982780.449833614751697 ], [ 779339.327229206101038, 8982778.144098995253444 ], [ 779341.46515772328712, 8982775.232397712767124 ], [ 779342.654893024009652, 8982773.896379385143518 ], [ 779347.7470414735144, 8982764.808581653982401 ], [ 779351.765943700680509, 8982756.573218965902925 ], [ 779354.840932639082894, 8982750.516954019665718 ], [ 779357.682939026271924, 8982745.427853677421808 ], [ 779360.291963249212131, 8982741.305918077006936 ], [ 779362.186633203411475, 8982737.913184035569429 ], [ 779366.676627280190587, 8982728.467585597187281 ], [ 779368.328041229164228, 8982724.593820344656706 ], [ 779369.98459165962413, 8982721.444152863696218 ], [ 779371.40473639476113, 8982718.778918620198965 ], [ 779372.340083942515776, 8982715.392989171668887 ], [ 779373.755091191269457, 8982712.003656771034002 ], [ 779375.41164043743629, 8982708.853988781571388 ], [ 779376.586817123694345, 8982705.466357594355941 ], [ 779378.236516217235476, 8982701.351225357502699 ], [ 779379.65323456923943, 8982698.203258445486426 ], [ 779381.066527812276036, 8982694.572559414431453 ], [ 779382.724787856801413, 8982691.664256734773517 ], [ 779385.811751985340379, 8982687.29754856787622 ], [ 779390.084164543659426, 8982680.991403905674815 ], [ 779390.538136701332405, 8982677.367510454729199 ], [ 779390.762553955661133, 8982675.193514687940478 ], [ 779391.936015099519864, 8982671.564516333863139 ], [ 779393.119751128484495, 8982669.383714016526937 ], [ 779394.543316731462255, 8982667.201209982857108 ], [ 779396.191298857447691, 8982662.844709942117333 ], [ 779397.60458854213357, 8982659.214009493589401 ], [ 779400.213601040886715, 8982655.092068383470178 ], [ 779402.82603816036135, 8982651.452859025448561 ], [ 779405.68515495758038, 8982648.777411796152592 ], [ 779409.508727894513868, 8982646.819255344569683 ], [ 779417.654372059856541, 8982645.554564090445638 ], [ 779422.209422531188466, 8982645.280863193795085 ], [ 779426.293377650203183, 8982646.217395897954702 ], [ 779431.095109290909022, 8982646.907456457614899 ], [ 779436.12981961411424, 8982646.630350170657039 ], [ 779439.96709448681213, 8982646.603119108825922 ], [ 779445.483177297282964, 8982646.563973799347878 ], [ 779448.594111679820344, 8982645.576383383944631 ], [ 779452.900768544990569, 8982644.097550278529525 ], [ 779454.803989487350918, 8982641.911638809368014 ], [ 779456.947039878228679, 8982639.724025120958686 ], [ 779458.61556966858916, 8982638.263913813978434 ], [ 779460.284099339740351, 8982636.803802400827408 ], [ 779462.187319504329935, 8982634.617890361696482 ], [ 779464.316664831945673, 8982630.49934690259397 ], [ 779464.772341535659507, 8982627.116816632449627 ], [ 779465.476412921911106, 8982624.939414910972118 ], [ 779465.938941559405066, 8982622.52234915830195 ], [ 779466.161640534643084, 8982620.106985539197922 ], [ 779466.389478642260656, 8982618.415720351040363 ], [ 779467.807899043662474, 8982615.509113561362028 ], [ 779468.755225589615293, 8982613.812741789966822 ], [ 779470.644739074632525, 8982609.695899643003941 ], [ 779472.782647187821567, 8982606.78418586589396 ], [ 779473.72397726518102, 8982604.243032289668918 ], [ 779474.433186858193949, 8982602.789728622883558 ], [ 779475.015629057306796, 8982600.371811397373676 ], [ 779475.60149746062234, 8982598.436626467853785 ], [ 779477.019916131393984, 8982595.53001893684268 ], [ 779478.446043876116164, 8982593.709559056907892 ], [ 779479.634911854052916, 8982592.252850633114576 ], [ 779483.196375557221472, 8982587.158626457676291 ], [ 779484.386956362752244, 8982585.943283963948488 ], [ 779486.174540683161467, 8982584.361636297777295 ], [ 779488.679043085430749, 8982582.412832168862224 ], [ 779491.539006091654301, 8982579.858058767393231 ], [ 779493.68033733824268, 8982577.429075345396996 ], [ 779494.625948249478824, 8982575.491336168721318 ], [ 779495.684620413696393, 8982572.587280938401818 ], [ 779496.631087719462812, 8982570.770224753767252 ], [ 779497.516730996780097, 8982560.384668283164501 ], [ 779499.150988088338636, 8982554.097229730337858 ], [ 779499.601518993964419, 8982549.990599246695638 ], [ 779499.805366926360875, 8982544.920206373557448 ], [ 779500.497439930448309, 8982541.053239531815052 ], [ 779501.657176962355152, 8982535.493304120376706 ], [ 779502.568517172941938, 8982528.728240018710494 ], [ 779503.257162272464484, 8982524.378540512174368 ], [ 779505.372786866733804, 8982518.329062046483159 ], [ 779507.980063047492877, 8982513.96574167907238 ], [ 779509.6365902897669, 8982510.816062550991774 ], [ 779511.291403679409996, 8982507.425017043948174 ], [ 779512.233584093046375, 8982505.004544217139482 ], [ 779511.728223081212491, 8982501.387455968186259 ], [ 779509.557768112397753, 8982499.713215978816152 ], [ 779506.422857228899375, 8982497.321687672287226 ], [ 779501.593723254278302, 8982492.769781352952123 ], [ 779498.938471120316535, 8982490.374847546219826 ], [ 779497.254528902703896, 8982489.662666877731681 ], [ 779495.327331015840173, 8982488.469456288963556 ], [ 779485.523477950133383, 8982492.642484992742538 ], [ 779477.645107379648834, 8982497.767355995252728 ], [ 779466.636967042461038, 8982501.224792456254363 ], [ 779448.946167930262163, 8982509.315845176577568 ], [ 779436.783419061917812, 8982519.057301703840494 ], [ 779433.20482894370798, 8982521.737860862165689 ], [ 779431.06349889957346, 8982524.166840875521302 ], [ 779428.682339645922184, 8982526.597522784024477 ], [ 779425.336725422879681, 8982528.310914440080523 ], [ 779423.188542729476467, 8982529.774429442360997 ], [ 779418.881899375002831, 8982531.253262486308813 ], [ 779416.493887396180071, 8982532.71847902610898 ], [ 779412.927285066340119, 8982537.088598096743226 ], [ 779410.309720725985244, 8982540.003712454810739 ], [ 779407.203933821874671, 8982541.715400088578463 ], [ 779403.380372525658458, 8982543.673559164628386 ], [ 779400.514414138626307, 8982545.383544206619263 ], [ 779395.7452382883057, 8982549.27943816781044 ], [ 779392.425312088336796, 8982554.613316610455513 ], [ 779390.523806839017197, 8982557.040591400116682 ], [ 779387.907952195731923, 8982560.197069456800818 ], [ 779384.327642802847549, 8982562.63625618070364 ], [ 779380.978598923189566, 8982563.86691065505147 ], [ 779378.347329536220059, 8982564.851093646138906 ], [ 779375.955889141187072, 8982565.833574729040265 ], [ 779372.373866121750325, 8982568.031394019722939 ], [ 779369.033384412294254, 8982570.468877222388983 ], [ 779360.892895193304867, 8982572.457660222426057 ], [ 779354.664188566617668, 8982573.467365058138967 ], [ 779351.303156388457865, 8982573.008454747498035 ], [ 779346.503149902913719, 8982572.55975323356688 ], [ 779344.344688226934522, 8982572.575066730380058 ], [ 779341.946397516177967, 8982572.592081587761641 ], [ 779329.954944539698772, 8982572.677153676748276 ], [ 779321.564352544955909, 8982573.219433795660734 ], [ 779312.937356191454455, 8982574.246145172044635 ], [ 779305.759606974432245, 8982576.71084238961339 ], [ 779300.010558731271885, 8982577.717135518789291 ], [ 779296.416547496803105, 8982578.225385321304202 ], [ 779294.258086260058917, 8982578.240695985034108 ], [ 779261.449445944279432, 8982585.231986597180367 ], [ 779251.390322167892009, 8982587.234352326020598 ], [ 779238.456673479173332, 8982589.739856714382768 ], [ 779225.526447551557794, 8982592.728087926283479 ], [ 779218.348693628562614, 8982595.192766804248095 ], [ 779217.27802101301495, 8982596.407248610630631 ], [ 779216.565808169892989, 8982597.438155053183436 ], [ 779215.136675570625812, 8982598.836212078109384 ], [ 779214.18292204500176, 8982599.627453370019794 ], [ 779212.699394530151039, 8982601.810374069958925 ], [ 779210.670261154416949, 8982603.152341011911631 ], [ 779208.882668209960684, 8982604.733972927555442 ], [ 779206.859524810686707, 8982606.92071964032948 ], [ 779205.673215684015304, 8982608.739465551450849 ], [ 779205.085623381426558, 8982610.433277083560824 ], [ 779204.380683670169674, 8982612.489987464621663 ], [ 779203.670609473250806, 8982613.822600647807121 ], [ 779203.078738308977336, 8982614.912997800856829 ], [ 779199.77846390218474, 8982623.022556953132153 ], [ 779198.837972912471741, 8982625.684381889179349 ], [ 779198.853375615086406, 8982627.856673298403621 ], [ 779198.154424941283651, 8982630.75816336274147 ], [ 779197.923152745701373, 8982631.966692417860031 ], [ 779197.232758784317411, 8982636.07501096278429 ], [ 779195.812608612468466, 8982638.740236649289727 ], [ 779194.389035494998097, 8982640.922730822116137 ], [ 779192.730766981490888, 8982643.831022450700402 ], [ 779191.778295310563408, 8982644.803287036716938 ], [ 779190.548320518457331, 8982647.005755973979831 ], [ 779203.690353813813999, 8982654.660576347261667 ], [ 779209.527608260046691, 8982657.636410372331738 ], [ 779212.598696405417286, 8982659.485312905162573 ], [ 779222.953719875775278, 8982665.385990316048265 ], [ 779226.683056805632077, 8982667.049191119149327 ], [ 779242.811537255183794, 8982675.383048582822084 ], [ 779245.215823229402304, 8982676.210821706801653 ] ] ], [ [ [ 778748.078424914157949, 8983255.673743693158031 ], [ 778748.342163150198758, 8983259.051155745983124 ], [ 778748.600778656313196, 8983261.704473065212369 ], [ 778748.854271459160373, 8983263.633695647120476 ], [ 778749.602796945022419, 8983267.731809020042419 ], [ 778750.334246862796135, 8983269.416273264214396 ], [ 778751.56072960793972, 8983273.269628314301372 ], [ 778752.059177532908507, 8983275.921248959377408 ], [ 778752.06942289613653, 8983277.369438460096717 ], [ 778751.841543405083939, 8983279.060689592733979 ], [ 778751.634154454106465, 8983283.648319704458117 ], [ 778751.429326612735167, 8983288.597997164353728 ], [ 778751.319655590225011, 8983290.047034997493029 ], [ 778751.329900781391189, 8983291.495224483311176 ], [ 778751.585101025411859, 8983293.665812022984028 ], [ 778751.355513695860282, 8983295.11569819226861 ], [ 778751.367466358235106, 8983296.805252589285374 ], [ 778750.786667774431407, 8983299.464508324861526 ], [ 778750.802889136364684, 8983301.75747499242425 ], [ 778751.058943008887582, 8983304.0487449914217 ], [ 778751.487845651805401, 8983313.821478946134448 ], [ 778752.219295950839296, 8983315.505943370983005 ], [ 778754.6295747194672, 8983317.178531164303422 ], [ 778756.907130993786268, 8983317.041730301454663 ], [ 778762.542344275861979, 8983316.881175424903631 ], [ 778764.704253230243921, 8983317.348634790629148 ], [ 778765.674683063523844, 8983318.910719940438867 ], [ 778766.163740042364225, 8983320.234833618625998 ], [ 778766.651089472463354, 8983321.317582363262773 ], [ 778772.747888838639483, 8983344.02423376403749 ], [ 778773.486170637654141, 8983346.674157945439219 ], [ 778773.258290778845549, 8983348.365409282967448 ], [ 778773.756739741656929, 8983351.017030209302902 ], [ 778773.07438053144142, 8983356.271807886660099 ], [ 778772.369609419023618, 8983358.358670642599463 ], [ 778771.132257701596245, 8983361.444981303066015 ], [ 778769.794723254628479, 8983363.083738507702947 ], [ 778767.20574948634021, 8983365.817545337602496 ], [ 778766.092374894418754, 8983367.401809509843588 ], [ 778769.47349953930825, 8983368.532079890370369 ], [ 778773.800738288438879, 8983369.949729202315211 ], [ 778781.72291116672568, 8983370.979879718273878 ], [ 778787.485733879962936, 8983371.904617318883538 ], [ 778802.124941248912364, 8983373.128618657588959 ], [ 778810.88994833198376, 8983374.635554667562246 ], [ 778823.850328094093129, 8983375.871426768600941 ], [ 778826.611824525520205, 8983376.334641324356198 ], [ 778829.972049942938611, 8983376.672930622473359 ], [ 778840.624145468696952, 8983377.940216677263379 ], [ 778842.778373935143463, 8983377.321530172601342 ], [ 778843.613520071376115, 8983376.712177662178874 ], [ 778845.878271219786257, 8983374.765134580433369 ], [ 778846.94385652244091, 8983372.826577009633183 ], [ 778847.765338620636612, 8983370.286303870379925 ], [ 778847.755090691149235, 8983368.838113499805331 ], [ 778847.742280758917332, 8983367.02787553332746 ], [ 778847.892692632740363, 8983362.863055335357785 ], [ 778848.483308271737769, 8983361.591645846143365 ], [ 778849.25251764152199, 8983360.137939659878612 ], [ 778849.725778682855889, 8983359.229426313191652 ], [ 778850.256435921648517, 8983357.958441058173776 ], [ 778850.727988871978596, 8983356.808562617748976 ], [ 778850.711762585560791, 8983354.515594469383359 ], [ 778850.876265034778044, 8983352.342035956680775 ], [ 778852.29860961867962, 8983349.978543313220143 ], [ 778853.191578140016645, 8983349.067059749737382 ], [ 778854.616484537953511, 8983347.065614564344287 ], [ 778854.66918348649051, 8983346.039388684555888 ], [ 778855.376725874608383, 8983344.344741452485323 ], [ 778855.969475959776901, 8983343.375038046389818 ], [ 778856.682569513097405, 8983342.46482726931572 ], [ 778857.392673860886134, 8983341.132227579131722 ], [ 778857.55760271078907, 8983339.019010178744793 ], [ 778857.788041080348194, 8983337.689804971218109 ], [ 778859.806977619649842, 8983334.899679716676474 ], [ 778862.429766458459198, 8983332.7087237611413 ], [ 778864.096639741910622, 8983331.007286991924047 ], [ 778865.162222489365377, 8983329.068728320300579 ], [ 778867.86051415046677, 8983320.601430553942919 ], [ 778870.487315457430668, 8983310.50534213706851 ], [ 778871.131054448778741, 8983308.268047092482448 ], [ 778870.852101551834494, 8983294.270143931731582 ], [ 778868.602215694496408, 8983281.372387483716011 ], [ 778866.869577202247456, 8983273.781268646940589 ], [ 778859.717646445613354, 8983262.969912812113762 ], [ 778858.86969158006832, 8983261.769028233364224 ], [ 778858.255590381566435, 8983259.721668440848589 ], [ 778857.993550788145512, 8983256.585619654506445 ], [ 778857.113139413530007, 8983250.798798378556967 ], [ 778855.307563482783735, 8983249.846068495884538 ], [ 778849.542191112414002, 8983248.559297544881701 ], [ 778830.918459345004521, 8983243.501489911228418 ], [ 778816.261360886623152, 8983239.743179257959127 ], [ 778806.886553371674381, 8983236.79230516962707 ], [ 778796.678312804200687, 8983234.692146433517337 ], [ 778784.306461008498445, 8983231.883163373917341 ], [ 778779.990336043993011, 8983232.034391419962049 ], [ 778773.876323946751654, 8983232.319028440862894 ], [ 778763.981113521615043, 8983232.08731915988028 ], [ 778756.792980438563973, 8983233.103684160858393 ], [ 778753.318829954601824, 8983233.611017733812332 ], [ 778750.56417582416907, 8983234.113260645419359 ], [ 778749.008682277053595, 8983234.607019515708089 ], [ 778748.055330418865196, 8983235.458583783358335 ], [ 778747.824036316829734, 8983236.667105115950108 ], [ 778747.834281926741824, 8983238.1152946036309 ], [ 778748.493201274541207, 8983246.498483499512076 ], [ 778748.515399912605062, 8983249.636227386072278 ], [ 778748.045980975031853, 8983251.087810344994068 ], [ 778748.059641598723829, 8983253.018729651346803 ], [ 778748.078424914157949, 8983255.673743693158031 ] ] ], [ [ [ 778777.029383157496341, 8986452.792575748637319 ], [ 778779.692430927651003, 8986445.96851583942771 ], [ 778782.022597726550885, 8986435.982086701318622 ], [ 778778.69378801388666, 8986422.167526394128799 ], [ 778772.202609074185602, 8986406.189239773899317 ], [ 778771.037525674793869, 8986390.044512666761875 ], [ 778764.047025278094225, 8986370.071654390543699 ], [ 778755.891441482119262, 8986358.254379911348224 ], [ 778745.239250401500612, 8986359.086582338437438 ], [ 778733.921297378372401, 8986367.575047105550766 ], [ 778730.259606694453396, 8986378.560119157657027 ], [ 778721.438260955852456, 8986414.511264055967331 ], [ 778706.957938705570996, 8986467.272898003458977 ], [ 778704.794212392298505, 8986481.253898797556758 ], [ 778705.127093363553286, 8986488.577280165627599 ], [ 778704.461331421043724, 8986496.732863960787654 ], [ 778700.633200251497328, 8986503.390483386814594 ], [ 778698.968795395107009, 8986519.202329521998763 ], [ 778691.312533055781387, 8986545.999247709289193 ], [ 778688.150163828744553, 8986571.464642010629177 ], [ 778686.652199457981624, 8986595.931393397971988 ], [ 778690.313890142017044, 8986603.587655737996101 ], [ 778701.132521708146669, 8986609.579513220116496 ], [ 778709.121665018610656, 8986619.066620901226997 ], [ 778717.277248814585619, 8986626.390002269297838 ], [ 778721.271820470108651, 8986631.549657324329019 ], [ 778726.098594553419389, 8986641.536086462438107 ], [ 778731.757571064983495, 8986651.189634628593922 ], [ 778743.408405059366487, 8986660.510301824659109 ], [ 778749.400262542185374, 8986666.502159306779504 ], [ 778751.231107884203084, 8986672.161135818809271 ], [ 778749.400262542185374, 8986678.319433787837625 ], [ 778758.887370223295875, 8986686.142136611044407 ], [ 778762.54906090721488, 8986685.809255640953779 ], [ 778767.209394505014643, 8986683.47908884100616 ], [ 778767.375834990642034, 8986674.491302616894245 ], [ 778769.872442275169306, 8986664.504873478785157 ], [ 778772.369049559580162, 8986652.354718027636409 ], [ 778772.535490045207553, 8986632.215419266372919 ], [ 778763.547703821095638, 8986616.237132644280791 ], [ 778755.39212002500426, 8986606.417143993079662 ], [ 778748.068738657049835, 8986597.928679225966334 ], [ 778741.244678746093996, 8986589.107333486899734 ], [ 778744.40704797313083, 8986584.44699988886714 ], [ 778758.055167795042507, 8986577.622939977794886 ], [ 778772.202609073952772, 8986569.134475210681558 ], [ 778781.856157240690663, 8986560.978891415521502 ], [ 778791.010383950546384, 8986552.989748103544116 ], [ 778800.331051146029495, 8986547.164331106469035 ], [ 778813.022138175787404, 8986557.982962673529983 ], [ 778816.517388374079019, 8986561.145331900566816 ], [ 778820.51196002936922, 8986561.270162265747786 ], [ 778823.383058406529017, 8986560.854061050340533 ], [ 778826.702741832355969, 8986558.832072054967284 ], [ 778824.604856605757959, 8986539.087269922718406 ], [ 778818.639504565973766, 8986538.675866333767772 ], [ 778813.146968540037051, 8986534.015532735735178 ], [ 778806.988670571590774, 8986523.696222627535462 ], [ 778806.655789600335993, 8986514.042674459517002 ], [ 778809.984599313000217, 8986504.555566778406501 ], [ 778817.932132513611577, 8986498.688539678230882 ], [ 778811.940275030792691, 8986489.034991510212421 ], [ 778809.610108231892809, 8986475.053990717977285 ], [ 778800.331051146262325, 8986478.257970049977303 ], [ 778792.841229292680509, 8986477.425767622888088 ], [ 778785.351407439215109, 8986474.096957910805941 ], [ 778779.193109470768832, 8986464.276969257742167 ], [ 778777.029383157496341, 8986452.792575748637319 ] ] ], [ [ [ 778822.8421268312959, 8986627.180594572797418 ], [ 778815.496547295479104, 8986622.234549341723323 ], [ 778808.861126038827933, 8986634.420755688101053 ], [ 778803.501305023673922, 8986646.652142107486725 ], [ 778796.461309855454601, 8986655.84996821731329 ], [ 778793.798262085299939, 8986662.174706671386957 ], [ 778792.799619171535596, 8986668.333004638552666 ], [ 778792.217077471781522, 8986675.573165765032172 ], [ 778791.378795244032517, 8986684.938431365415454 ], [ 778791.7593661401188, 8986692.258824445307255 ], [ 778790.927163711749017, 8986711.399480296298862 ], [ 778791.592925654258579, 8986719.555064091458917 ], [ 778793.923092453158461, 8986730.207255171611905 ], [ 778800.081390421604738, 8986741.358767710626125 ], [ 778807.404771789442748, 8986752.343839760869741 ], [ 778813.563069758121856, 8986767.989245411008596 ], [ 778819.222046269685961, 8986779.972960375249386 ], [ 778824.38170132425148, 8986790.292270485311747 ], [ 778829.374915893306024, 8986797.782092338427901 ], [ 778830.789660021080635, 8986804.772592734545469 ], [ 778832.786945848609321, 8986809.599366819486022 ], [ 778833.535928033990785, 8986818.83681377209723 ], [ 778833.286267305607907, 8986823.413927126675844 ], [ 778833.785588762490079, 8986830.404427522793412 ], [ 778836.615077018272132, 8986841.056618602946401 ], [ 778839.943886730936356, 8986849.378642885014415 ], [ 778849.347774169058539, 8986861.944899551570415 ], [ 778853.924887523986399, 8986865.523369992151856 ], [ 778859.250983064295724, 8986868.76895946264267 ], [ 778864.826739332987927, 8986870.350144075229764 ], [ 778872.483001672197133, 8986870.599804803729057 ], [ 778879.057400854653679, 8986870.849465532228351 ], [ 778886.047901251236908, 8986872.180989418178797 ], [ 778891.790098005905747, 8986876.258781315758824 ], [ 778902.775170057779178, 8986884.913686567917466 ], [ 778908.434146569226868, 8986893.23571084998548 ], [ 778915.757527937181294, 8986904.553663872182369 ], [ 778926.409719017683528, 8986916.870259810239077 ], [ 778933.733100385637954, 8986927.189569918438792 ], [ 778941.888684181612916, 8986945.997344795614481 ], [ 778946.382577293668874, 8986954.485809562727809 ], [ 778953.373077690252103, 8986968.300369869917631 ], [ 778958.033411288051866, 8986974.957989295944571 ], [ 778964.358149742125534, 8986979.951203864067793 ], [ 778969.684245282434858, 8986985.943061348050833 ], [ 778976.841186164645478, 8986996.595252428203821 ], [ 778980.336436362820677, 8987005.083717195317149 ], [ 778983.332365104230121, 8987011.907777104526758 ], [ 778992.653032299829647, 8987019.564039444550872 ], [ 778995.614619503845461, 8987021.998220708221197 ], [ 778994.941588976536877, 8987010.825913954526186 ], [ 778996.605993832927197, 8986997.011353647336364 ], [ 779002.098529858747497, 8986986.692043537274003 ], [ 779005.260899085784331, 8986985.859841108322144 ], [ 779012.584280453738756, 8986992.018139077350497 ], [ 779020.406983278458938, 8987005.999139871448278 ], [ 779025.067316876258701, 8987010.659473467618227 ], [ 779040.213401068933308, 8987005.666258899495006 ], [ 779049.534068264416419, 8986998.842198988422751 ], [ 779047.703222922398709, 8986988.023567421361804 ], [ 779042.210686896578409, 8986972.211721286177635 ], [ 779038.548996212542988, 8986958.397160978987813 ], [ 779038.382555726915598, 8986947.911410383880138 ], [ 779030.726293387822807, 8986895.815538382157683 ], [ 779023.735792991239578, 8986867.187774853780866 ], [ 779018.742578422185034, 8986841.888821037486196 ], [ 779016.745292594539933, 8986812.595295565202832 ], [ 779013.416482881875709, 8986792.289556318894029 ], [ 779007.757506370311603, 8986772.649579014629126 ], [ 778998.769720146083273, 8986765.991959588602185 ], [ 778983.790076439036056, 8986757.669935306534171 ], [ 778973.803647301043384, 8986746.351982282474637 ], [ 778969.143313703243621, 8986736.365553144365549 ], [ 778964.982301562442444, 8986721.053028466179967 ], [ 778957.825360680115409, 8986714.728290012106299 ], [ 778949.503336398513056, 8986708.569992044940591 ], [ 778929.19759715127293, 8986696.586277078837156 ], [ 778911.721346159698442, 8986685.434764541685581 ], [ 778900.070512165315449, 8986669.955799378454685 ], [ 778886.089511372032575, 8986658.637846354395151 ], [ 778874.272236892138608, 8986645.489047989249229 ], [ 778865.783772124792449, 8986633.671773510053754 ], [ 778861.622759983874857, 8986622.020939515903592 ], [ 778861.456319498247467, 8986611.535188920795918 ], [ 778866.283093581674621, 8986604.544688524678349 ], [ 778874.438677377765998, 8986603.71248609572649 ], [ 778882.80051546334289, 8986600.299490958452225 ], [ 778873.190373744000681, 8986589.897925803437829 ], [ 778865.808822193183005, 8986580.148706775158644 ], [ 778862.787843383383006, 8986584.738270735368133 ], [ 778856.629545414936729, 8986599.385033471509814 ], [ 778849.97192598960828, 8986607.374176781624556 ], [ 778840.98413976537995, 8986611.035867465659976 ], [ 778832.828555969404988, 8986618.192808348685503 ], [ 778830.498389170505106, 8986624.850427772849798 ], [ 778822.8421268312959, 8986627.180594572797418 ] ] ], [ [ [ 784099.971207787515596, 8987914.14456826262176 ], [ 784067.367317979806103, 8987904.414611617103219 ], [ 784042.103570903651416, 8987935.823594469577074 ], [ 784061.222082204534672, 8987962.452949495986104 ], [ 784083.925314374268055, 8987960.063135582953691 ], [ 784099.971207787515596, 8987914.14456826262176 ] ] ], [ [ [ 779500.088462882558815, 8988467.346603740006685 ], [ 779529.381988354027271, 8988478.997437734156847 ], [ 779541.032822348410264, 8988477.000151908025146 ], [ 779551.352132457774132, 8988473.005580252036452 ], [ 779565.499573736800812, 8988487.153021531179547 ], [ 779562.503644995391369, 8988493.311319498345256 ], [ 779559.507716253981926, 8988501.966224752366543 ], [ 779563.502287909155712, 8988507.292320292443037 ], [ 779568.828383449465036, 8988510.454689519479871 ], [ 779578.149050644948147, 8988507.791641749441624 ], [ 779585.971753469668329, 8988509.955368062481284 ], [ 779594.959539693896659, 8988509.955368062481284 ], [ 779601.617159119225107, 8988504.129951065406203 ], [ 779606.776814173907042, 8988498.304534068331122 ], [ 779615.431719426880591, 8988492.978438528254628 ], [ 779616.763243311899714, 8988487.485902501270175 ], [ 779609.273421458434314, 8988479.99608064815402 ], [ 779592.130051438114606, 8988471.17473490908742 ], [ 779580.645657929359004, 8988463.684913055971265 ], [ 779569.327704906347208, 8988461.354746257886291 ], [ 779559.507716253981926, 8988462.686270141974092 ], [ 779553.682299256790429, 8988460.855424800887704 ], [ 779551.019251486635767, 8988457.193734116852283 ], [ 779553.349418285535648, 8988451.534757604822516 ], [ 779538.702655549277551, 8988444.044935751706362 ], [ 779519.395559215801768, 8988441.049007009714842 ], [ 779481.447128491359763, 8988438.385959239676595 ], [ 779476.78679489356, 8988438.718840209767222 ], [ 779473.119307015673257, 8988454.12228929810226 ], [ 779479.449842663947493, 8988458.691698487848043 ], [ 779500.088462882558815, 8988467.346603740006685 ] ] ], [ [ [ 781407.407346677850001, 8988750.913894176483154 ], [ 781407.61325063277036, 8988750.703513329848647 ], [ 781407.822770602884702, 8988750.496733387932181 ], [ 781408.442506447085179, 8988750.011426603421569 ], [ 781418.752129147876985, 8988743.667043402791023 ], [ 781419.101105644716881, 8988743.478669017553329 ], [ 781495.00086150446441, 8988707.905159156769514 ], [ 781495.133073404664174, 8988707.83392065577209 ], [ 781495.322807973017916, 8988707.727381698787212 ], [ 781495.510657899780199, 8988707.617553468793631 ], [ 781495.69656582607422, 8988707.504469502717257 ], [ 781495.880475688260049, 8988707.388163903728127 ], [ 781496.062331347842701, 8988707.268672170117497 ], [ 781496.242077894858085, 8988707.146030386909842 ], [ 781496.419660511775874, 8988707.020275952294469 ], [ 781496.595025476068258, 8988706.891446912661195 ], [ 781496.768119549611583, 8988706.759582374244928 ], [ 781496.938890071585774, 8988706.624722458422184 ], [ 781497.107285376521759, 8988706.48690796457231 ], [ 781497.273254221421666, 8988706.346180828288198 ], [ 781497.43674624862615, 8988706.202583754435182 ], [ 781497.597711973474361, 8988706.056160200387239 ], [ 781497.756102344836108, 8988705.906954785808921 ], [ 781497.911869475385174, 8988705.75501262396574 ], [ 781498.064965918078087, 8988705.600379994139075 ], [ 781498.215345327509567, 8988705.443103710189462 ], [ 781498.362962027778849, 8988705.283231539651752 ], [ 781498.507771183736622, 8988705.12081203982234 ], [ 781498.649728899239562, 8988704.955894447863102 ], [ 781498.788792023435235, 8988704.788528891280293 ], [ 781498.924918390577659, 8988704.618766117841005 ], [ 781499.058066681493074, 8988704.446657659485936 ], [ 781499.188196467002854, 8988704.272255772724748 ], [ 781499.315268322010525, 8988704.095613295212388 ], [ 781499.439243528875522, 8988703.916784048080444 ], [ 781499.560084647848271, 8988703.735822038725019 ], [ 781499.677754862699658, 8988703.552782399579883 ], [ 781499.792218483635224, 8988703.367720643058419 ], [ 781499.903440828085877, 8988703.180692851543427 ], [ 781500.011388084269129, 8988702.991755872964859 ], [ 781500.116027481621131, 8988702.800967071205378 ], [ 781500.217327315709554, 8988702.608384251594543 ], [ 781500.31525681016501, 8988702.414065921679139 ], [ 781500.409786242991686, 8988702.218071054667234 ], [ 781500.500886890222318, 8988702.020459212362766 ], [ 781500.588531177840196, 8988701.821290204301476 ], [ 781500.672692422289401, 8988701.620624668896198 ], [ 781500.753345149918459, 8988701.418523341417313 ], [ 781500.830464826663956, 8988701.215047700330615 ], [ 781500.90402807306964, 8988701.010259434580803 ], [ 781500.974012562423013, 8988700.804220695048571 ], [ 781501.040397056262009, 8988700.596994008868933 ], [ 781501.103161393664777, 8988700.388642309233546 ], [ 781501.162286519538611, 8988700.179228853434324 ], [ 781501.217754515819252, 8988699.968817107379436 ], [ 781501.269548530457541, 8988699.757470987737179 ], [ 781501.31765283155255, 8988699.545254699885845 ], [ 781501.362052837153897, 8988699.332232570275664 ], [ 781501.402735070558265, 8988699.118469255045056 ], [ 781501.439687175326981, 8988698.904029682278633 ], [ 781501.472897942527197, 8988698.688978897407651 ], [ 781501.502357288612984, 8988698.473382193595171 ], [ 781501.528056272421964, 8988698.257305011153221 ], [ 781501.549987096572295, 8988698.040812909603119 ], [ 781501.568143103970215, 8988697.823971604928374 ], [ 781501.582518783514388, 8988697.606846909970045 ], [ 781501.593109771842137, 8988697.389504740014672 ], [ 781501.599912855192088, 8988697.172011036425829 ], [ 781501.602925968356431, 8988696.95443182811141 ], [ 781501.602148196659982, 8988696.736833143979311 ], [ 781501.597579776542261, 8988696.519281031563878 ], [ 781501.589222094626166, 8988696.301841527223587 ], [ 781501.577077687019482, 8988696.084580615162849 ], [ 781501.561150239547715, 8988695.867564231157303 ], [ 781501.541444588685408, 8988695.650858273729682 ], [ 781501.517966709448956, 8988695.434528453275561 ], [ 781501.490723735885695, 8988695.218640506267548 ], [ 781501.459723933367059, 8988695.003259923309088 ], [ 781501.424976703128777, 8988694.78845202922821 ], [ 781501.386492603109218, 8988694.57428209297359 ], [ 781501.344283307553269, 8988694.360815081745386 ], [ 781501.298361623543315, 8988694.148115765303373 ], [ 781501.248741498799063, 8988693.936248753219843 ], [ 781501.195437992806546, 8988693.725278334692121 ], [ 781501.138467269483954, 8988693.515268489718437 ], [ 781501.07784663210623, 8988693.306283006444573 ], [ 781501.013594478019513, 8988693.098385306075215 ], [ 781500.945730319945142, 8988692.891638522967696 ], [ 781500.874274719273672, 8988692.68610529974103 ], [ 781500.799249405157752, 8988692.481848139315844 ], [ 781500.720677133882418, 8988692.278928989544511 ], [ 781500.638581735896878, 8988692.077409399673343 ], [ 781500.552988142822869, 8988691.877350568771362 ], [ 781500.463922360679135, 8988691.678813278675079 ], [ 781500.371411347645335, 8988691.481857623904943 ], [ 781500.275483276345767, 8988691.28654358536005 ], [ 781500.176167177734897, 8988691.092930268496275 ], [ 781500.073493268573657, 8988690.901076577603817 ], [ 781499.967492613941431, 8988690.711040567606688 ], [ 781499.858197508496232, 8988690.522880129516125 ], [ 781499.745641023153439, 8988690.33665220066905 ], [ 781499.629857390536927, 8988690.152413418516517 ], [ 781499.510881686815992, 8988689.970219599083066 ], [ 781499.388750117854215, 8988689.79012618213892 ], [ 781499.263499611290172, 8988689.612187623977661 ], [ 781499.135168313281611, 8988689.436458118259907 ], [ 781499.003795082098804, 8988689.262990875169635 ], [ 781498.869419884984381, 8988689.091838665306568 ], [ 781498.73208343621809, 8988688.923053348436952 ], [ 781498.591827412019484, 8988688.756686141714454 ], [ 781498.448694388265721, 8988688.592787548899651 ], [ 781498.302727899281308, 8988688.431407423689961 ], [ 781498.153972095809877, 8988688.272594572976232 ], [ 781498.002472232095897, 8988688.116397313773632 ], [ 781497.848274318850599, 8988687.962863082066178 ], [ 781488.480309687322006, 8988681.867942217737436 ], [ 781488.126792485709302, 8988681.66515439748764 ], [ 781487.644759392016567, 8988681.37808789126575 ], [ 781487.16775061597582, 8988681.082747876644135 ], [ 781486.695908164256252, 8988680.779222279787064 ], [ 781486.229372482863255, 8988680.467601448297501 ], [ 781485.7682824365329, 8988680.147978132590652 ], [ 781485.312775282887742, 8988679.820447478443384 ], [ 781484.862986628198996, 8988679.485106997191906 ], [ 781484.419050326221623, 8988679.142056480050087 ], [ 781483.9810985410586, 8988678.79139805585146 ], [ 781483.549261651351117, 8988678.433236120268703 ], [ 781483.12366816715803, 8988678.0676772557199 ], [ 781482.704444789793342, 8988677.694830287247896 ], [ 781482.291716325795278, 8988677.314806221053004 ], [ 781481.88560560438782, 8988676.92771815136075 ], [ 781481.486233529285528, 8988676.533681318163872 ], [ 781481.093718959600665, 8988676.132812989875674 ], [ 781480.708178759086877, 8988675.72523252107203 ], [ 781480.329727680771612, 8988675.311061227694154 ], [ 781479.958478365559131, 8988674.890422374010086 ], [ 781479.594541338155977, 8988674.463441194966435 ], [ 781479.23802492255345, 8988674.030244776979089 ], [ 781478.889035244472325, 8988673.590962070971727 ], [ 781478.547676192247309, 8988673.145723847672343 ], [ 781478.214049361296929, 8988672.694662613794208 ], [ 781477.888254078570753, 8988672.237912660464644 ], [ 781477.570387312211096, 8988671.775609934702516 ], [ 781477.260543686104938, 8988671.307892054319382 ], [ 781476.95881542947609, 8988670.834898244589567 ], [ 781476.665292352205142, 8988670.356769289821386 ], [ 781476.380061833187938, 8988669.873647525906563 ], [ 781476.103208775515668, 8988669.385676762089133 ], [ 781475.834815579117276, 8988668.893002230674028 ], [ 781475.574962152168155, 8988668.39577061496675 ], [ 781475.3237258332083, 8988667.894129905849695 ], [ 781475.081181410816498, 8988667.388229431584477 ], [ 781474.847401079721749, 8988666.878219773992896 ], [ 781474.62245443300344, 8988666.36425275914371 ], [ 781474.490030420362018, 8988666.00979714654386 ], [ 781469.541269520530477, 8988650.205689758062363 ], [ 781417.067544790450484, 8988679.507498314604163 ], [ 781398.259349743486382, 8988671.373741606250405 ], [ 781389.410252263653092, 8988687.620097398757935 ], [ 781367.649060308467597, 8988713.125012937933207 ], [ 781365.678871875395998, 8988725.456549657508731 ], [ 781385.799420905183069, 8988748.941976109519601 ], [ 781406.251245368155651, 8988752.248185066506267 ], [ 781406.434193297056481, 8988752.017562832683325 ], [ 781406.621111524640583, 8988751.79014665260911 ], [ 781406.811943914974108, 8988751.566004829481244 ], [ 781407.00663308869116, 8988751.345204753801227 ], [ 781407.205120562342927, 8988751.127812756225467 ], [ 781407.407346677850001, 8988750.913894176483154 ] ], [ [ 781420.347355697536841, 8988719.832678161561489 ], [ 781429.083508798037656, 8988719.529453590512276 ], [ 781426.726400677463971, 8988734.824019495397806 ], [ 781419.327373078209348, 8988733.283742299303412 ], [ 781420.347355697536841, 8988719.832678161561489 ] ] ], [ [ [ 784471.97952339972835, 8988789.665237609297037 ], [ 784473.76593263738323, 8988820.986946236342192 ], [ 784521.046230453415774, 8988818.009597508236766 ], [ 784524.380861029960215, 8988772.039333133026958 ], [ 784471.97952339972835, 8988789.665237609297037 ] ] ], [ [ [ 782440.574514021165669, 8989413.067519966512918 ], [ 782426.88718138996046, 8989393.952038370072842 ], [ 782417.120485314633697, 8989371.889914533123374 ], [ 782394.353599519236013, 8989355.862027566879988 ], [ 782376.940847918507643, 8989351.562220217660069 ], [ 782360.886893618502654, 8989345.031111400574446 ], [ 782344.902007466880605, 8989336.303939204663038 ], [ 782338.920627745101228, 8989325.238343212753534 ], [ 782327.311657328740694, 8989320.779964422807097 ], [ 782305.176241202396341, 8989318.416158847510815 ], [ 782291.109737777500413, 8989313.766786614432931 ], [ 782280.736231318907812, 8989302.563054325059056 ], [ 782274.214293267577887, 8989290.608743164688349 ], [ 782265.515318944351748, 8989284.005750104784966 ], [ 782257.270215752883814, 8989279.842671005055308 ], [ 782256.076638518250547, 8989279.736491555348039 ], [ 782236.180678187520243, 8989277.966566614806652 ], [ 782216.887598052970134, 8989280.4297318123281 ], [ 782205.822002060827799, 8989286.411111533641815 ], [ 782194.146779590751976, 8989293.69983945786953 ], [ 782155.807295235223137, 8989278.129695752635598 ], [ 782143.418140040361322, 8989287.632106093689799 ], [ 782133.991838085697964, 8989296.924495892599225 ], [ 782115.832731757080182, 8989303.099685154855251 ], [ 782089.11278740176931, 8989298.279754620045424 ], [ 782028.784462274052203, 8989334.131386805325747 ], [ 782015.608082063845359, 8989333.71697791479528 ], [ 781997.742867378634401, 8989331.752778276801109 ], [ 781983.154832720640115, 8989331.635077124461532 ], [ 781963.947553690173663, 8989350.262978361919522 ], [ 781933.823748691007495, 8989336.56457563303411 ], [ 781769.058376198867336, 8989362.233657890930772 ], [ 781887.972760391654447, 8989529.097864653915167 ], [ 781924.674367984058335, 8989516.607941789552569 ], [ 781962.515581572661176, 8989526.932129675522447 ], [ 781948.890962420147844, 8989543.17989351414144 ], [ 781947.361606818973087, 8989558.064635910093784 ], [ 781958.661882637650706, 8989579.568582367151976 ], [ 781973.810910768806934, 8989590.770906610414386 ], [ 781994.502250444260426, 8989601.692734114825726 ], [ 782013.347091636504047, 8989615.891741648316383 ], [ 782031.476592056686059, 8989627.528909925371408 ], [ 782033.787364468676969, 8989602.861959824338555 ], [ 782220.898173627210781, 8989582.519536377862096 ], [ 782304.431767160422169, 8989512.604966718703508 ], [ 782555.523889708565548, 8989491.498592613264918 ], [ 782524.720513214706443, 8989469.494958113878965 ], [ 782499.112699474673718, 8989453.415622048079967 ], [ 782462.279310254263692, 8989432.738362846896052 ], [ 782440.574514021165669, 8989413.067519966512918 ] ], [ [ 782310.973356042522937, 8989345.119450775906444 ], [ 782318.140127561171539, 8989337.035129740834236 ], [ 782326.473325997707434, 8989344.422531720250845 ], [ 782319.306554479058832, 8989352.506852755323052 ], [ 782310.973356042522937, 8989345.119450775906444 ] ], [ [ 782236.09291910729371, 8989503.031933220103383 ], [ 782232.103869675192982, 8989490.138637760654092 ], [ 782245.030586484470405, 8989486.139248115941882 ], [ 782249.019635916571133, 8989499.032543575391173 ], [ 782236.09291910729371, 8989503.031933220103383 ] ], [ [ 782081.770042767864652, 8989508.051739957183599 ], [ 782082.599946289206855, 8989494.513803329318762 ], [ 782094.979055303847417, 8989495.272668320685625 ], [ 782094.149151782505214, 8989508.810604948550463 ], [ 782081.770042767864652, 8989508.051739957183599 ] ], [ [ 782171.382997304084711, 8989495.08892341516912 ], [ 782175.342895425390452, 8989507.266357813030481 ], [ 782158.551747933845036, 8989512.72655831463635 ], [ 782154.591849812539294, 8989500.549123916774988 ], [ 782171.382997304084711, 8989495.08892341516912 ] ], [ [ 782207.922837664373219, 8989554.624030098319054 ], [ 782217.539248419576325, 8989554.651695327833295 ], [ 782217.511043175705709, 8989564.455814611166716 ], [ 782207.894632420502603, 8989564.428149381652474 ], [ 782207.922837664373219, 8989554.624030098319054 ] ], [ [ 782096.114066689508036, 8989561.615489969030023 ], [ 782096.872527688858099, 8989577.675930958241224 ], [ 782075.796908433898352, 8989578.671235835179687 ], [ 782075.038447434548289, 8989562.610794845968485 ], [ 782096.114066689508036, 8989561.615489969030023 ] ] ], [ [ [ 784531.976303231902421, 8989670.490649338811636 ], [ 784548.818801288842224, 8989676.180682465434074 ], [ 784555.419239716604352, 8989671.173453314229846 ], [ 784579.658780839061365, 8989684.943333482369781 ], [ 784603.898321961518377, 8989698.713213650509715 ], [ 784619.602813393459655, 8989682.098316919058561 ], [ 784596.6150795588037, 8989668.897440062835813 ], [ 784541.990761536057107, 8989620.418357817456126 ], [ 784524.920662153977901, 8989643.406091652810574 ], [ 784525.831067454302683, 8989655.924164533615112 ], [ 784531.976303231902421, 8989670.490649338811636 ] ] ], [ [ [ 783907.719213564530946, 8989777.943368624895811 ], [ 783933.239012131351046, 8989776.407059682533145 ], [ 783948.260699582053348, 8989745.339478818699718 ], [ 783920.948540580808185, 8989723.319050623103976 ], [ 783890.563763691927306, 8989676.034875351935625 ], [ 783869.396840465953574, 8989692.42217075265944 ], [ 783880.833807047689334, 8989713.759794972836971 ], [ 783885.272032885462977, 8989731.34199732914567 ], [ 783891.587969654356129, 8989743.120365899056196 ], [ 783902.854235242353752, 8989758.483455337584019 ], [ 783907.804564061341807, 8989769.066916950047016 ], [ 783907.719213564530946, 8989777.943368624895811 ] ] ], [ [ [ 780946.652447419939563, 8991092.817962603643537 ], [ 780947.730285692843609, 8991093.07459076307714 ], [ 780948.80812396586407, 8991093.279893292114139 ], [ 780949.93728787091095, 8991093.485195819288492 ], [ 780951.015126143814996, 8991093.587847083806992 ], [ 780952.195615680888295, 8991093.998452140018344 ], [ 780953.170802689855918, 8991094.409057196229696 ], [ 780954.094664066680707, 8991094.819662252441049 ], [ 780955.121176707558334, 8991095.3329185731709 ], [ 780956.045038084383123, 8991095.948826158419251 ], [ 780956.917573829181492, 8991096.462082479149103 ], [ 780957.8927608380327, 8991096.975338799878955 ], [ 780974.257227877737023, 8991101.505307022482157 ], [ 780989.943998243543319, 8991104.045303087681532 ], [ 781002.108329943497665, 8991100.486218275502324 ], [ 781007.986577715491876, 8991098.823061551898718 ], [ 781008.807787828263827, 8991098.207153966650367 ], [ 781009.628997940919362, 8991097.385943854227662 ], [ 781010.655510581913404, 8991096.564733741804957 ], [ 781011.682023222791031, 8991095.743523629382253 ], [ 781012.503233335562982, 8991095.127616044133902 ], [ 781013.324443448334932, 8991094.101103402674198 ], [ 781014.350956089212559, 8991093.690498346462846 ], [ 781015.17216620198451, 8991093.07459076307714 ], [ 781016.198678842862137, 8991092.458683177828789 ], [ 781017.43049401207827, 8991092.048078121617436 ], [ 781018.662309181177989, 8991091.432170536369085 ], [ 781019.688821822055615, 8991091.021565480157733 ], [ 781020.510031934827566, 8991090.405657896772027 ], [ 781021.947149632149376, 8991089.995052840560675 ], [ 781023.35126813268289, 8991089.116408282890916 ], [ 781024.205477442126721, 8991088.557935142889619 ], [ 781025.437292611226439, 8991088.147330086678267 ], [ 781026.25850272399839, 8991087.531422501429915 ], [ 781027.079712836770341, 8991086.710212389007211 ], [ 781027.515293907490559, 8991085.594435641542077 ], [ 781031.729822106892243, 8991074.508404506370425 ], [ 781031.045495290658437, 8991058.909729385748506 ], [ 781022.397970066987909, 8991049.465808382257819 ], [ 780998.652865811716765, 8991025.978635191917419 ], [ 780988.905196832027286, 8991009.336897606030107 ], [ 780997.120008547906764, 8990969.875417076051235 ], [ 780945.282804644550197, 8990839.383002599701285 ], [ 780913.880723269074224, 8990826.172431100159883 ], [ 780887.357061765273102, 8990807.278595661744475 ], [ 780862.501938966452144, 8990802.214110512286425 ], [ 780856.088531304034404, 8990803.680030154064298 ], [ 780799.250584078254178, 8990825.561359660699964 ], [ 780785.382114334614016, 8990842.332062778994441 ], [ 780756.394565151655115, 8990860.80654270388186 ], [ 780740.817029197816737, 8990874.074538277462125 ], [ 780734.039253695867956, 8990881.100388513877988 ], [ 780714.575615260517225, 8990896.216994643211365 ], [ 780704.657026740955189, 8990920.559395732358098 ], [ 780709.137952746124938, 8990926.309615740552545 ], [ 780704.140423673437908, 8990941.805392662063241 ], [ 780697.992709793383256, 8990957.719802618026733 ], [ 780694.703542906674556, 8990974.330526249483228 ], [ 780677.034953855909407, 8990989.01088029332459 ], [ 780677.086205347208306, 8990990.886706348508596 ], [ 780679.466244851937518, 8990994.208722908049822 ], [ 780681.460681583033875, 8990997.110786259174347 ], [ 780683.404957160237245, 8991000.046691918745637 ], [ 780685.29849747067783, 8991003.015572963282466 ], [ 780687.140743382857181, 8991006.016552731394768 ], [ 780688.931150911725126, 8991009.048745082691312 ], [ 780690.669191379100084, 8991012.111254658550024 ], [ 780692.354351570131257, 8991015.203177150338888 ], [ 780693.986133884638548, 8991018.323599565774202 ], [ 780695.564056483912282, 8991021.471600491553545 ], [ 780697.08765343320556, 8991024.646250378340483 ], [ 780698.556474839220755, 8991027.846611803397536 ], [ 780699.443104001577012, 8991029.700784543529153 ], [ 780699.970086983172223, 8991031.071739749982953 ], [ 780714.646397327189334, 8991047.613224186003208 ], [ 780742.567614348605275, 8991077.504291487857699 ], [ 780748.737171419896185, 8991076.561311127617955 ], [ 780766.288059317856096, 8991076.468991739675403 ], [ 780778.367111867642961, 8991079.236627392470837 ], [ 780790.34185817069374, 8991082.910597262904048 ], [ 780798.465036066598259, 8991087.335146002471447 ], [ 780805.332314860890619, 8991088.3091403208673 ], [ 780819.657471831189469, 8991083.529394505545497 ], [ 780826.699533068225719, 8991086.176512911915779 ], [ 780839.182415697607212, 8991099.000512141734362 ], [ 780837.163950866553932, 8991110.155611425638199 ], [ 780834.673995854798704, 8991118.225932175293565 ], [ 780839.471360718482174, 8991133.195953721180558 ], [ 780848.158559522824362, 8991134.904980883002281 ], [ 780849.082420899649151, 8991134.23774766549468 ], [ 780849.903631012421101, 8991133.519188817590475 ], [ 780850.82749238924589, 8991132.954606864601374 ], [ 780851.802679398097098, 8991132.338699279353023 ], [ 780852.572563878842629, 8991131.671466063708067 ], [ 780853.445099623524584, 8991130.850255951285362 ], [ 780854.266309736296535, 8991130.234348366037011 ], [ 780855.138845481094904, 8991129.721092045307159 ], [ 780856.114032489946112, 8991129.207835724577308 ], [ 780856.935242602718063, 8991128.591928141191602 ], [ 780857.756452715490013, 8991127.976020555943251 ], [ 780858.680314092314802, 8991127.308787340298295 ], [ 780859.552849837113172, 8991126.692879755049944 ], [ 780860.476711213937961, 8991125.922995274886489 ], [ 780861.246595694683492, 8991125.204436425119638 ], [ 780861.965154543286189, 8991124.434551944956183 ], [ 780862.735039024031721, 8991123.715993097051978 ], [ 780863.453597872634418, 8991122.997434247285128 ], [ 780864.172156721237116, 8991122.278875399380922 ], [ 780864.890715569956228, 8991121.560316549614072 ], [ 780865.660600050585344, 8991120.893083333969116 ], [ 780866.430484531330876, 8991120.225850116461515 ], [ 780867.456997172208503, 8991119.661268165335059 ], [ 780868.380858549033292, 8991119.148011844605207 ], [ 780869.30471992585808, 8991118.583429889753461 ], [ 780870.228581302682869, 8991118.018847938627005 ], [ 780871.203768311650492, 8991117.556917250156403 ], [ 780872.1789553205017, 8991117.300289088860154 ], [ 780873.462096121627837, 8991117.094986561685801 ], [ 780874.591260026674718, 8991116.992335297167301 ], [ 780875.771749563748017, 8991116.992335297167301 ], [ 780877.073934311396442, 8991116.992335297167301 ], [ 780878.081403005868196, 8991116.992335297167301 ], [ 780883.839458980830386, 8991113.139622289687395 ], [ 780896.752961503458209, 8991108.656584212556481 ], [ 780904.817650062730536, 8991092.044452534988523 ], [ 780918.950405541458167, 8991084.946718057617545 ], [ 780938.419676165911369, 8991088.932198621332645 ], [ 780944.702073402120732, 8991092.253380650654435 ], [ 780945.67726041097194, 8991092.510008811950684 ], [ 780946.652447419939563, 8991092.817962603643537 ] ], [ [ 780801.861832560389303, 8990895.185898764058948 ], [ 780802.131579093169421, 8990908.601724801585078 ], [ 780793.392862024949864, 8990908.777430614456534 ], [ 780793.123115492169745, 8990895.361604576930404 ], [ 780801.861832560389303, 8990895.185898764058948 ] ], [ [ 780927.308232945506461, 8990932.029509367421269 ], [ 780922.194772006943822, 8990938.558144873008132 ], [ 780915.121173410560004, 8990932.394752623513341 ], [ 780920.404660017578863, 8990926.184144644066691 ], [ 780927.308232945506461, 8990932.029509367421269 ] ], [ [ 780759.798298646463081, 8990971.041316770017147 ], [ 780758.352985539939255, 8990990.183046320453286 ], [ 780746.999059618101455, 8990989.32575816847384 ], [ 780748.444372724625282, 8990970.184028618037701 ], [ 780759.798298646463081, 8990971.041316770017147 ] ], [ [ 780967.696697375155054, 8991031.269121576100588 ], [ 780974.81314025062602, 8991021.467218641191721 ], [ 780986.763218039530329, 8991030.143293736502528 ], [ 780979.646775164059363, 8991039.945196671411395 ], [ 780967.696697375155054, 8991031.269121576100588 ] ], [ [ 780869.624167549889535, 8991076.606451444327831 ], [ 780869.733854557503946, 8991064.54325813986361 ], [ 780879.481000132858753, 8991064.631886018440127 ], [ 780879.371313125244342, 8991076.695079322904348 ], [ 780869.624167549889535, 8991076.606451444327831 ] ] ], [ [ [ 780959.852552216150798, 8992132.413301145657897 ], [ 780959.130176805541851, 8992139.382697243243456 ], [ 780958.287540585151874, 8992146.338577659800649 ], [ 780957.324894921854138, 8992153.278867390006781 ], [ 780956.242526982910931, 8992160.201496068388224 ], [ 780955.040759649709798, 8992167.104398608207703 ], [ 780953.719951421720907, 8992173.985515801236033 ], [ 780952.280496309627779, 8992180.842794938012958 ], [ 780950.722823717747815, 8992187.674190424382687 ], [ 780949.047398315393366, 8992194.477664383128285 ], [ 780948.487898330553435, 8992198.093180298805237 ], [ 780947.989441655343398, 8992201.717616325244308 ], [ 780947.552170020178892, 8992205.349941901862621 ], [ 780947.176207757322118, 8992208.989124219864607 ], [ 780946.861661767121404, 8992212.634128525853157 ], [ 780946.608621486811899, 8992216.283918408676982 ], [ 780946.417158864904195, 8992219.937456097453833 ], [ 780946.287328341626562, 8992223.593702752143145 ], [ 780946.219166832626797, 8992227.251618769019842 ], [ 780946.212693718611263, 8992230.910164061933756 ], [ 780946.267910840222612, 8992234.568298373371363 ], [ 780946.384802497224882, 8992238.224981559440494 ], [ 780946.563335452810861, 8992241.879173884168267 ], [ 780946.80345894349739, 8992245.529836328700185 ], [ 780947.10510469332803, 8992249.175930870696902 ], [ 780947.468186932848766, 8992252.81642079167068 ], [ 780947.89260242448654, 8992256.450270961970091 ], [ 780948.378230490954593, 8992260.076448142528534 ], [ 780948.924933050060645, 8992263.693921279162169 ], [ 780949.532554653822444, 8992267.301661783829331 ], [ 780950.200922532822005, 8992270.898643845692277 ], [ 780951.746532724006101, 8992276.782726841047406 ], [ 780953.18962520849891, 8992282.692788399755955 ], [ 780954.529763886122964, 8992288.627042513340712 ], [ 780955.766543769161217, 8992294.583695858716965 ], [ 780956.899591104825959, 8992300.560948345810175 ], [ 780957.928563488065265, 8992306.556993657723069 ], [ 780958.853149965289049, 8992312.57001980021596 ], [ 780959.673071127850562, 8992318.598209649324417 ], [ 780960.388079197029583, 8992324.639741491526365 ], [ 780960.997958098654635, 8992330.692789589986205 ], [ 780961.502523528179154, 8992336.755524722859263 ], [ 780961.901623006910086, 8992342.826114740222692 ], [ 780962.195135927642696, 8992348.90272512100637 ], [ 780962.382973591214977, 8992354.983519524335861 ], [ 780962.465079233399592, 8992361.066660342738032 ], [ 780962.441428042016923, 8992367.150309260934591 ], [ 780962.312027164385654, 8992373.232627812772989 ], [ 780962.076915705343708, 8992379.311777930706739 ], [ 780961.736164715141058, 8992385.385922506451607 ], [ 780961.664983429596759, 8992386.868716344237328 ], [ 780961.619148200959899, 8992388.352509951218963 ], [ 780961.59867241140455, 8992389.836870109662414 ], [ 780961.603562039323151, 8992391.321363434195518 ], [ 780961.633815656881779, 8992392.805556498467922 ], [ 780961.689424431184307, 8992394.289015971124172 ], [ 780961.770372126135044, 8992395.771308723837137 ], [ 780961.87663510767743, 8992397.252001980319619 ], [ 780962.008182350546122, 8992398.730663422495127 ], [ 780962.164975446998142, 8992400.206861330196261 ], [ 780962.346968618687242, 8992401.680164700374007 ], [ 780962.55410872946959, 8992403.150143379345536 ], [ 780962.786335301003419, 8992404.616368176415563 ], [ 780963.043580530793406, 8992406.078411003574729 ], [ 780963.325769311515614, 8992407.535844992846251 ], [ 780963.632819253019989, 8992408.98824461735785 ], [ 780963.964640706777573, 8992410.435185825452209 ], [ 780964.321136791608296, 8992411.876246158033609 ], [ 780964.702203422202729, 8992413.311004869639874 ], [ 780965.107729339390062, 8992414.739043058827519 ], [ 780965.537596142617986, 8992416.159943783655763 ], [ 780965.991678324877284, 8992417.573292186483741 ], [ 780966.469843308790587, 8992418.978675616905093 ], [ 780966.971951485495083, 8992420.37568374723196 ], [ 780967.497856255737133, 8992421.763908697292209 ], [ 780968.047404072247446, 8992423.142945148050785 ], [ 780968.620434485026635, 8992424.512390468269587 ], [ 780969.216780187445693, 8992425.871844822540879 ], [ 780969.836267065955326, 8992427.220911294221878 ], [ 780970.478714250377379, 8992428.559196000918746 ], [ 780971.143934166873805, 8992429.886308204382658 ], [ 780971.831732592894696, 8992431.201860431581736 ], [ 780972.96460828196723, 8992433.250778337940574 ], [ 780974.028558170655742, 8992435.075333818793297 ], [ 780974.804597454029135, 8992436.340840581804514 ], [ 780975.602146451361477, 8992437.592902854084969 ], [ 780976.907430091290735, 8992439.389795135706663 ], [ 780978.121492151170969, 8992441.264787375926971 ], [ 780979.002689648419619, 8992442.459456916898489 ], [ 780979.904171152506024, 8992443.638895526528358 ], [ 780996.029059366788715, 8992460.575971120968461 ], [ 781006.843163343961351, 8992475.657445561140776 ], [ 781030.393908238154836, 8992501.697500666603446 ], [ 781054.186670301482081, 8992520.04247417114675 ], [ 781076.973094041110016, 8992542.937571879476309 ], [ 781090.474056112347171, 8992557.041109951213002 ], [ 781098.233342395047657, 8992567.909550912678242 ], [ 781108.344862971687689, 8992582.105695614591241 ], [ 781119.465188795235008, 8992600.11851224116981 ], [ 781130.279292772407643, 8992615.19998668320477 ], [ 781144.789060090784915, 8992633.120196679607034 ], [ 781156.457624930073507, 8992646.369273889809847 ], [ 781170.231473047635518, 8992653.907544186338782 ], [ 781192.861085479147732, 8992662.786776607856154 ], [ 781199.212738037458621, 8992663.517761962488294 ], [ 781205.469317041570321, 8992652.492509692907333 ], [ 781209.053238927968778, 8992638.826702648773789 ], [ 781216.869329118053429, 8992635.221179015934467 ], [ 781226.764767555869184, 8992641.508626896888018 ], [ 781234.920415392611176, 8992650.331055410206318 ], [ 781245.765388246742077, 8992666.542343683540821 ], [ 781252.762820298201405, 8992682.632623370736837 ], [ 781261.83713367418386, 8992700.249078445136547 ], [ 781274.058871375629678, 8992725.468008494004607 ], [ 781277.93974797858391, 8992735.085627038031816 ], [ 781284.813704522093758, 8992746.656651400029659 ], [ 781303.814325212966651, 8992771.690368186682463 ], [ 781322.416117426473647, 8992790.403301291167736 ], [ 781338.9410283153411, 8992807.590059012174606 ], [ 781351.492455970495939, 8992811.769756691530347 ], [ 781367.428391273715533, 8992799.123255481943488 ], [ 781375.761851602466777, 8992789.624178597703576 ], [ 781382.659276253194548, 8992777.224628403782845 ], [ 781385.343667424051091, 8992767.879895905032754 ], [ 781391.203884874237701, 8992758.900656083598733 ], [ 781397.462930801557377, 8992756.242199942469597 ], [ 781405.950735515216365, 8992752.392192216590047 ], [ 781413.092644258402288, 8992740.664356546476483 ], [ 781417.974925338523462, 8992728.998258631676435 ], [ 781422.58185344922822, 8992715.530632359907031 ], [ 781426.151574359158985, 8992705.483316460624337 ], [ 781426.789953082450666, 8992695.742222407832742 ], [ 781424.190767772728577, 8992683.37600801512599 ], [ 781419.301085922750644, 8992669.94171754270792 ], [ 781415.237462981254794, 8992661.91201213747263 ], [ 781408.728999114828184, 8992647.165161497890949 ], [ 781403.656570926425047, 8992635.318784166127443 ], [ 781405.299966077902354, 8992616.700260043144226 ], [ 781394.454941350151785, 8992598.260762957856059 ], [ 781390.879333742312156, 8992577.457227785140276 ], [ 781386.653615660266951, 8992566.080294486135244 ], [ 781379.827455681632273, 8992560.554355455562472 ], [ 781360.324141457094811, 8992567.705570671707392 ], [ 781355.773368138005026, 8992561.52952116727829 ], [ 781357.723699560505338, 8992545.276759313419461 ], [ 781355.448312900960445, 8992530.64927364513278 ], [ 781349.272263396531343, 8992499.11891564913094 ], [ 781339.845661521307193, 8992476.03999381698668 ], [ 781318.392015874385834, 8992447.11007771641016 ], [ 781304.089585442910902, 8992427.931818729266524 ], [ 781291.087375959963538, 8992428.906984440982342 ], [ 781268.658564601675607, 8992436.708310130983591 ], [ 781246.879863717476837, 8992441.909193923696876 ], [ 781234.527764708618633, 8992443.209414871409535 ], [ 781228.785122187226079, 8992439.687983134761453 ], [ 781227.863062557065859, 8992429.545327203348279 ], [ 781232.31967002665624, 8992423.645035941153765 ], [ 781243.737663092790172, 8992419.534558437764645 ], [ 781264.54119826562237, 8992411.408177509903908 ], [ 781289.245396283455193, 8992399.056078501045704 ], [ 781292.170893417205662, 8992388.65431091375649 ], [ 781282.744291541981511, 8992375.327046195045114 ], [ 781271.692413481301628, 8992356.47384244389832 ], [ 781268.766916347667575, 8992336.320417745038867 ], [ 781257.715038286987692, 8992299.264120722189546 ], [ 781248.288436411763541, 8992273.909812230616808 ], [ 781241.545617220574059, 8992261.511725328862667 ], [ 781221.701703505124897, 8992298.94475281983614 ], [ 781192.264806130435318, 8992297.487715957686305 ], [ 781181.382797091268003, 8992259.229623530060053 ], [ 781130.111157416831702, 8992189.917508998885751 ], [ 781118.05456316890195, 8992195.059291839599609 ], [ 781099.260460370802321, 8992197.896137544885278 ], [ 781086.140048983390443, 8992193.818171843886375 ], [ 781070.892003316897899, 8992188.676389003172517 ], [ 781059.899226208566688, 8992186.016846153885126 ], [ 781036.849854852305725, 8992190.626720422878861 ], [ 781017.169237771187909, 8992196.832320403307676 ], [ 781010.077123507740907, 8992195.76850326359272 ], [ 780997.222666405024938, 8992174.521710950881243 ], [ 780997.222666405024938, 8992160.544335756450891 ], [ 780999.172997827408835, 8992138.440579634159803 ], [ 780994.29716927127447, 8992121.537707306444645 ], [ 780986.495843581506051, 8992108.210442587733269 ], [ 780971.218247439013794, 8992095.858343578875065 ], [ 780961.653147602570243, 8992094.336623148992658 ], [ 780961.654233827372082, 8992097.436458317562938 ], [ 780961.535675320541486, 8992104.442188262939453 ], [ 780961.296138419071212, 8992111.444825641810894 ], [ 780960.935694579151459, 8992118.442281495779753 ], [ 780960.454451324883848, 8992125.432468412443995 ], [ 780959.852552216150798, 8992132.413301145657897 ] ] ], [ [ [ 782253.958050558692776, 8993965.426945319399238 ], [ 782245.376405752496794, 8993961.704113487154245 ], [ 782242.061669526970945, 8993956.254458567127585 ], [ 782238.135723070125096, 8993949.125517340376973 ], [ 782236.316910084104165, 8993942.560866296291351 ], [ 782235.787505610380322, 8993933.530072864145041 ], [ 782236.228320287540555, 8993926.903684066608548 ], [ 782237.172920857206918, 8993920.093932200223207 ], [ 782236.293458144995384, 8993914.803871961310506 ], [ 782230.23135953291785, 8993912.255923813208938 ], [ 782222.566530073643662, 8993911.052021443843842 ], [ 782212.566134220454842, 8993911.26872031390667 ], [ 782198.193110205582343, 8993916.975510390475392 ], [ 782194.033480529673398, 8993919.915803257375956 ], [ 782188.607593999011442, 8993926.169598888605833 ], [ 782184.2124309114879, 8993932.904028756543994 ], [ 782179.771581239299849, 8993940.035436907783151 ], [ 782176.459928667871282, 8993945.044277148321271 ], [ 782171.072628233465366, 8993952.7103400696069 ], [ 782198.612907531787641, 8993994.414061171934009 ], [ 782185.996342019643635, 8994002.334175599738955 ], [ 782193.277460990590043, 8994022.600136132910848 ], [ 782163.296024985495023, 8994038.457032881677151 ], [ 782184.287404127418995, 8994057.726538950577378 ], [ 782170.23541966767516, 8994064.837879097089171 ], [ 782185.654901844332926, 8994087.086264135316014 ], [ 782175.85700388380792, 8994100.921850005164742 ], [ 782100.697832323028706, 8994116.486709719523787 ], [ 782101.296975882723927, 8994206.696787124499679 ], [ 782216.665479045943357, 8994195.799676265567541 ], [ 782190.247929259785451, 8994104.14676297083497 ], [ 782249.88606133160647, 8994058.478225208818913 ], [ 782255.500861508888192, 8994071.553506759926677 ], [ 782269.391084645874798, 8994085.420277958735824 ], [ 782327.185053096385673, 8994154.337704390287399 ], [ 782355.279921195586212, 8994122.194355592131615 ], [ 782360.884733148035593, 8994112.259404698386788 ], [ 782308.257602408062667, 8993989.130623649805784 ], [ 782305.625606740475632, 8993970.298935512080789 ], [ 782298.281941982218996, 8993969.643078621476889 ], [ 782287.273357612895779, 8993968.134804598987103 ], [ 782275.043586242711172, 8993967.451356021687388 ], [ 782263.623205880867317, 8993967.424187529832125 ], [ 782253.958050558692776, 8993965.426945319399238 ] ] ], [ [ [ 782460.057690109009854, 8994491.317837739363313 ], [ 782419.277584564872086, 8994492.658166963607073 ], [ 782383.873061569756828, 8994446.590151656419039 ], [ 782375.565536271431483, 8994440.485450113192201 ], [ 782362.609080494730733, 8994512.523116210475564 ], [ 782360.156205901294015, 8994530.341452445834875 ], [ 782325.959269492886961, 8994540.886370761319995 ], [ 782338.093334409990348, 8994579.449451573193073 ], [ 782317.392426226404496, 8994587.364315701648593 ], [ 782317.136208080337383, 8994598.677888456732035 ], [ 782329.272739920415916, 8994645.607765397056937 ], [ 782367.724647258408368, 8994680.71809352748096 ], [ 782371.713597512687556, 8994684.36039275303483 ], [ 782392.918430551537313, 8994698.561544295400381 ], [ 782414.212492473772727, 8994712.822453578934073 ], [ 782434.118843524949625, 8994650.996948359534144 ], [ 782441.637734785792418, 8994616.397188927978277 ], [ 782446.774011301458813, 8994592.761532332748175 ], [ 782444.677995154401287, 8994578.120255839079618 ], [ 782455.111804914893582, 8994546.17677978426218 ], [ 782444.557619468658231, 8994532.331926783546805 ], [ 782460.057690109009854, 8994491.317837739363313 ] ], [ [ 782358.898277986212634, 8994582.18560553342104 ], [ 782358.85938044951763, 8994559.434775339439511 ], [ 782383.139110364718363, 8994559.393263813108206 ], [ 782383.178007901413366, 8994582.144094007089734 ], [ 782358.898277986212634, 8994582.18560553342104 ] ], [ [ 782407.711525627644733, 8994642.723565313965082 ], [ 782386.756350972340442, 8994640.041782012209296 ], [ 782389.481329485657625, 8994618.749084480106831 ], [ 782411.322852374170907, 8994621.544300092384219 ], [ 782408.714006784837693, 8994641.929547084495425 ], [ 782408.597873860853724, 8994642.836997624486685 ], [ 782407.711525627644733, 8994642.723565313965082 ] ] ], [ [ [ 782190.641650086385198, 8994649.80532000772655 ], [ 782159.208760132663883, 8994610.469267642125487 ], [ 782118.471557800541632, 8994627.863757381215692 ], [ 782115.941064625862055, 8994589.561215847730637 ], [ 782107.047030665096827, 8994561.990051504224539 ], [ 782092.559497992391698, 8994515.915868887677789 ], [ 782090.536953651928343, 8994491.548932779580355 ], [ 782092.590999768231995, 8994467.409812862053514 ], [ 782107.045837628887966, 8994428.487731209024787 ], [ 782081.178661164361984, 8994416.983378447592258 ], [ 782061.176635996322148, 8994413.233378123492002 ], [ 782032.812748545897193, 8994426.219436978921294 ], [ 782003.378318094532005, 8994433.129196245223284 ], [ 781990.641677177627571, 8994422.170615576207638 ], [ 781980.224543396965601, 8994432.99861216545105 ], [ 781959.897145391092636, 8994464.929737433791161 ], [ 781950.216855911770836, 8994489.277222270146012 ], [ 781945.560524663422257, 8994542.319201523438096 ], [ 781956.077974205836654, 8994561.026884332299232 ], [ 781973.669727710774168, 8994571.739747447893023 ], [ 781997.831999285612255, 8994574.641153937205672 ], [ 782006.579722530092113, 8994572.027767650783062 ], [ 782007.191865942324512, 8994550.980818064883351 ], [ 782007.027954145800322, 8994538.774198353290558 ], [ 782006.084286756347865, 8994522.857714323326945 ], [ 782007.661399022559635, 8994512.299512041732669 ], [ 782016.455425582593307, 8994511.380846502259374 ], [ 782031.254130116314627, 8994525.392394673079252 ], [ 782038.702560987439938, 8994543.505535151809454 ], [ 782046.587172970292158, 8994565.16832853667438 ], [ 782060.932095311814919, 8994593.608154717832804 ], [ 782075.597440476645716, 8994621.360831936821342 ], [ 782096.927760534570552, 8994650.966591121628881 ], [ 782111.06339286849834, 8994668.64262542501092 ], [ 782105.29298250854481, 8994749.190014433115721 ], [ 782129.483039444196038, 8994805.253310458734632 ], [ 782131.426545092370361, 8994809.757612898945808 ], [ 782141.510736616095528, 8994833.328618664294481 ], [ 782213.562322153127752, 8994818.425201792269945 ], [ 782213.87085245794151, 8994802.190972983837128 ], [ 782221.579360081232153, 8994809.131767427548766 ], [ 782245.421327003627084, 8994806.584927128627896 ], [ 782190.543923089047894, 8994732.614499259740114 ], [ 782200.576737730065361, 8994712.893077358603477 ], [ 782208.106974358786829, 8994723.654710711911321 ], [ 782212.667982309358194, 8994720.904016274958849 ], [ 782216.060124302748591, 8994718.858252223581076 ], [ 782207.294185042730533, 8994699.688645998016 ], [ 782190.641650086385198, 8994649.80532000772655 ] ], [ [ 782171.019888695329428, 8994711.352976370602846 ], [ 782183.424486329779029, 8994697.574911128729582 ], [ 782194.706415251363069, 8994707.018583875149488 ], [ 782182.593960599508137, 8994723.957051416859031 ], [ 782171.019888695329428, 8994711.352976370602846 ] ] ], [ [ [ 782479.107190759619698, 8994669.186810616403818 ], [ 782461.97230310109444, 8994654.504164652898908 ], [ 782440.050207916647196, 8994663.243854228407145 ], [ 782432.612105425447226, 8994685.630715142935514 ], [ 782452.704884851467796, 8994693.962909486144781 ], [ 782446.319888408877887, 8994709.599098617210984 ], [ 782427.336278053000569, 8994701.509659234434366 ], [ 782422.080594782135449, 8994717.327974528074265 ], [ 782432.139794875634834, 8994722.367225142195821 ], [ 782461.649847608641721, 8994738.916537316516042 ], [ 782476.111010996857658, 8994708.502478528767824 ], [ 782472.003551663132384, 8994707.144848505035043 ], [ 782476.670984066091478, 8994691.753451831638813 ], [ 782473.538994179107249, 8994684.715883772820234 ], [ 782479.107190759619698, 8994669.186810616403818 ] ] ], [ [ [ 782319.084474497009069, 8995730.41254884749651 ], [ 782293.578457425697707, 8995752.818045470863581 ], [ 782256.452012854162604, 8995821.671851618215442 ], [ 782234.211328870733269, 8995889.101356143131852 ], [ 782235.650432034744881, 8995954.187893504276872 ], [ 782235.409849033807404, 8995956.088006891310215 ], [ 782329.052676475141197, 8995959.20406118221581 ], [ 782371.492722391849384, 8995863.869010228663683 ], [ 782400.853629900841042, 8995797.779476849362254 ], [ 782403.688158551347442, 8995791.228776857256889 ], [ 782387.806771469768137, 8995787.555219562724233 ], [ 782365.312368599697948, 8995771.209955189377069 ], [ 782319.084474497009069, 8995730.41254884749651 ] ] ], [ [ [ 782680.371920873178169, 8996234.764330105856061 ], [ 782639.096679835929535, 8996213.844239961355925 ], [ 782657.247822015779093, 8996102.261239564046264 ], [ 782686.487804411328398, 8996005.469542933627963 ], [ 782624.546240620664321, 8995954.416756052523851 ], [ 782683.844815045711584, 8995896.320266140624881 ], [ 782659.773299909429625, 8995890.533204048871994 ], [ 782621.584678624058142, 8995852.229725319892168 ], [ 782635.596226795110852, 8995837.43102078512311 ], [ 782591.687945960904472, 8995781.187329273670912 ], [ 782583.222894578939304, 8995770.344141393899918 ], [ 782570.263371316250414, 8995780.195743439719081 ], [ 782548.832094509154558, 8995796.553959159180522 ], [ 782535.003252485883422, 8995798.916562518104911 ], [ 782513.38186876126565, 8995802.610491026192904 ], [ 782492.263614007737488, 8995793.181169396266341 ], [ 782496.699529833393171, 8995769.316168988123536 ], [ 782495.636403770418838, 8995736.612688895314932 ], [ 782506.577083077980205, 8995714.94434493035078 ], [ 782535.659605098306201, 8995705.500221762806177 ], [ 782559.812625710852444, 8995677.02614276856184 ], [ 782540.684512677718885, 8995659.740911390632391 ], [ 782504.643444983637892, 8995681.41665612347424 ], [ 782474.592954874504358, 8995638.674319049343467 ], [ 782465.183708150638267, 8995657.737844962626696 ], [ 782420.372585267410614, 8995761.325765846297145 ], [ 782382.599282910348848, 8995845.889578107744455 ], [ 782314.035515749594197, 8996000.281765908002853 ], [ 782287.423756883712485, 8996060.433138217777014 ], [ 782281.239446584368125, 8996075.569323094561696 ], [ 782280.048838419723324, 8996080.034103712067008 ], [ 782277.221453948761337, 8996085.403415568172932 ], [ 782267.519920707098208, 8996109.148052176460624 ], [ 782251.025028848089278, 8996147.746099125593901 ], [ 782230.791294834227301, 8996193.821830386295915 ], [ 782213.196743517997675, 8996234.509230304509401 ], [ 782199.560966247925535, 8996264.200035650283098 ], [ 782181.306619257200509, 8996306.426958810538054 ], [ 782166.79111442132853, 8996339.636674420908093 ], [ 782135.340853943489492, 8996415.293245078995824 ], [ 782104.990252922987565, 8996487.101007638499141 ], [ 782083.462291998788714, 8996540.620719259604812 ], [ 782108.568408524151891, 8996576.101280651986599 ], [ 782144.715058452798985, 8996524.149303777143359 ], [ 782161.554857755778357, 8996470.096052352339029 ], [ 782183.252292106044479, 8996432.714981693774462 ], [ 782225.372703675297089, 8996360.148518046364188 ], [ 782346.300817689974792, 8996149.255840906873345 ], [ 782375.684315036982298, 8996167.333610601723194 ], [ 782565.373527785530314, 8996284.037141874432564 ], [ 782680.371920873178169, 8996234.764330105856061 ] ] ], [ [ [ 782253.719194518635049, 8996133.505509153008461 ], [ 782270.824226602329873, 8996092.85870817117393 ], [ 782197.303401027224027, 8996077.685793021693826 ], [ 782146.554385237861425, 8996082.464333981275558 ], [ 782123.020908806589432, 8996114.991851773113012 ], [ 782105.26244396425318, 8996160.251076636835933 ], [ 782087.233559999032877, 8996220.44236540235579 ], [ 782034.71201837004628, 8996272.078544953837991 ], [ 782038.946020697592758, 8996340.141494356095791 ], [ 782003.695809751050547, 8996403.177685985341668 ], [ 782002.162201259401627, 8996483.609316702932119 ], [ 782021.51956094824709, 8996496.745976746082306 ], [ 782080.471270590205677, 8996536.75290852971375 ], [ 782093.938675377750769, 8996503.870814358815551 ], [ 782127.698220715858042, 8996417.657512908801436 ], [ 782155.189707147539593, 8996360.805118968710303 ], [ 782191.478469237335958, 8996275.141647247597575 ], [ 782222.049002149375156, 8996206.962760899215937 ], [ 782253.719194518635049, 8996133.505509153008461 ] ] ], [ [ [ 781823.403676025220193, 8996675.465591568499804 ], [ 781822.395394245046191, 8996677.284912167117 ], [ 781821.418553012423217, 8996679.121305588632822 ], [ 781820.473441320471466, 8996680.974228546023369 ], [ 781819.560338775278069, 8996682.843132859095931 ], [ 781818.679515513358638, 8996684.727465625852346 ], [ 781817.831232121447101, 8996686.626669373363256 ], [ 781817.015739559661597, 8996688.540182236582041 ], [ 781816.233279087115079, 8996690.467438109219074 ], [ 781815.484082190436311, 8996692.407866824418306 ], [ 781814.768370515550487, 8996694.360894318670034 ], [ 781814.086355801788159, 8996696.325942795723677 ], [ 781813.438239819603041, 8996698.302430910989642 ], [ 781812.824214310618117, 8996700.289773928001523 ], [ 781812.244460930814967, 8996702.287383902817965 ], [ 781811.699151197215542, 8996704.294669851660728 ], [ 781811.188446436775848, 8996706.311037933453918 ], [ 781810.712497738655657, 8996708.335891613736749 ], [ 781810.271445909864269, 8996710.368631852790713 ], [ 781809.865421432885341, 8996712.40865727327764 ], [ 781809.494544428191148, 8996714.455364344641566 ], [ 781809.158924617688172, 8996716.508147561922669 ], [ 781808.85866129247006, 8996718.566399617120624 ], [ 781808.593843283946626, 8996720.629511591047049 ], [ 781808.364548937184736, 8996722.696873120963573 ], [ 781808.17084608762525, 8996724.767872588708997 ], [ 781808.012792041059583, 8996726.841897301375866 ], [ 781807.890433557215147, 8996728.918333670124412 ], [ 781807.803806834854186, 8996730.996567392721772 ], [ 781807.752937502227724, 8996733.075983634218574 ], [ 781807.737840608810075, 8996735.155967209488153 ], [ 781807.758520620758645, 8996737.235902767628431 ], [ 781807.814971420099027, 8996739.315174972638488 ], [ 781807.907176306121983, 8996741.393168680369854 ], [ 781808.035108000505716, 8996743.469269128516316 ], [ 781808.198728655464947, 8996745.542862115427852 ], [ 781808.397989864577539, 8996747.613334178924561 ], [ 781808.632832677685656, 8996749.680072778835893 ], [ 781808.903187617543153, 8996751.742466485127807 ], [ 781809.208974701236002, 8996753.799905147403479 ], [ 781809.550103463348933, 8996755.851780084893107 ], [ 781809.926472982740961, 8996757.897484261542559 ], [ 781810.337971912464127, 8996759.936412466689944 ], [ 781810.784478512825444, 8996761.967961492016912 ], [ 781811.265860687359236, 8996763.991530317813158 ], [ 781811.781976021593437, 8996766.00652028247714 ], [ 781812.332671825774014, 8996768.012335259467363 ], [ 781812.876586272148415, 8996769.867836531251669 ], [ 781813.537142979796045, 8996771.994069507345557 ], [ 781814.190561993396841, 8996773.968810802325606 ], [ 781813.814807496732101, 8996778.496345477178693 ], [ 781813.361015034839511, 8996783.016725338995457 ], [ 781812.829319628071971, 8996787.52860539779067 ], [ 781812.219879476237111, 8996792.030643202364445 ], [ 781811.532875910867006, 8996796.521499220281839 ], [ 781810.768513341667131, 8996800.999837255105376 ], [ 781810.568607890978456, 8996802.060421461239457 ], [ 781873.090820798417553, 8996824.764200022444129 ], [ 781879.951209263992496, 8996790.317845674231648 ], [ 781890.581175372703001, 8996756.956682648509741 ], [ 781896.196466235211119, 8996739.333612924441695 ], [ 781904.267116023576818, 8996722.026048600673676 ], [ 781849.649020154494792, 8996680.71631502173841 ], [ 781829.644144321908243, 8996665.585870105773211 ], [ 781828.905932286987081, 8996666.643733508884907 ], [ 781827.745105075067841, 8996668.369723016396165 ], [ 781826.614135727519169, 8996670.115422854200006 ], [ 781825.513358835480176, 8996671.880316570401192 ], [ 781824.443100058007985, 8996673.663882026448846 ], [ 781823.403676025220193, 8996675.465591568499804 ] ], [ [ 781845.856032404932193, 8996717.166615456342697 ], [ 781853.771446277038194, 8996707.368029737845063 ], [ 781864.788129602675326, 8996716.267437318339944 ], [ 781856.872715730569325, 8996726.066023036837578 ], [ 781845.856032404932193, 8996717.166615456342697 ] ] ], [ [ [ 782333.39179480902385, 8996988.532818701118231 ], [ 782356.182729641906917, 8996964.076646279543638 ], [ 782389.838227241765708, 8996929.576587846502662 ], [ 782402.975562997162342, 8996901.403480404987931 ], [ 782415.970288420794532, 8996855.596016526222229 ], [ 782414.001309151062742, 8996834.452775649726391 ], [ 782453.068006500834599, 8996844.660912033170462 ], [ 782476.109747542534024, 8996775.513535102829337 ], [ 782492.246646996587515, 8996745.392888868227601 ], [ 782423.996682644938119, 8996581.390204438939691 ], [ 782404.208272692514583, 8996577.182104805484414 ], [ 782394.715046665864065, 8996614.583569729700685 ], [ 782374.130180884152651, 8996705.372438579797745 ], [ 782392.029381616972387, 8996749.063826404511929 ], [ 782352.363655466004275, 8996749.808379836380482 ], [ 782334.131056314450689, 8996740.469814646989107 ], [ 782328.854280040832236, 8996708.729453217238188 ], [ 782317.603848572238348, 8996697.808683166280389 ], [ 782262.383369468036108, 8996741.275091519579291 ], [ 782284.984228799468838, 8996765.288504561409354 ], [ 782295.524052622262388, 8996773.329194901511073 ], [ 782315.843094424926676, 8996810.381565243005753 ], [ 782258.471682276111096, 8996887.311413353309035 ], [ 782304.108032849035226, 8996942.183692021295428 ], [ 782333.39179480902385, 8996988.532818701118231 ] ] ], [ [ [ 781823.263131660642102, 8997410.80709102936089 ], [ 781807.923983715008944, 8997447.105917090550065 ], [ 781868.021506000659429, 8997470.399227222427726 ], [ 781891.383429941372015, 8997426.000187531113625 ], [ 781959.638993374654092, 8997453.64545658044517 ], [ 781975.567527908133343, 8997415.898566983640194 ], [ 781964.985719402320683, 8997403.673549292609096 ], [ 781939.141232150723226, 8997373.815768962725997 ], [ 781904.05033177183941, 8997355.77948422729969 ], [ 781916.357908233301714, 8997309.651597525924444 ], [ 781792.308069315040484, 8997263.518111739307642 ], [ 781787.412750759394839, 8997261.698138725012541 ], [ 781773.418993964558467, 8997294.388879450038075 ], [ 781769.924016293953173, 8997302.553478173911572 ], [ 781764.454006443498656, 8997317.617058403789997 ], [ 781761.001443856628612, 8997322.080230021849275 ], [ 781752.179396784165874, 8997333.48460260219872 ], [ 781771.32100152107887, 8997341.546297043561935 ], [ 781753.67158325528726, 8997381.077369453385472 ], [ 781791.2221702929819, 8997397.119094680994749 ], [ 781823.263131660642102, 8997410.80709102936089 ] ] ], [ [ [ 781421.840616659494117, 8997912.082922358065844 ], [ 781423.880439026514068, 8997908.432183953002095 ], [ 781424.636689617298543, 8997905.829445425421 ], [ 781414.862978871213272, 8997874.469496602192521 ], [ 781409.117293704184704, 8997865.159236073493958 ], [ 781408.560726993018761, 8997859.448838016018271 ], [ 781408.004160206997767, 8997853.738439980894327 ], [ 781406.923929192940705, 8997846.992761060595512 ], [ 781406.352738797431812, 8997839.204533265903592 ], [ 781405.796171767637134, 8997833.494135309010744 ], [ 781404.192276742542163, 8997825.713175665587187 ], [ 781402.064718080917373, 8997816.896935265511274 ], [ 781402.013535208185203, 8997809.624531039968133 ], [ 781403.485815552296117, 8997798.705022288486362 ], [ 781403.969263268169016, 8997794.026271052658558 ], [ 781402.863439396838658, 8997783.644390286877751 ], [ 781402.142346995417029, 8997754.558406952768564 ], [ 781403.651182769215666, 8997748.833471985533834 ], [ 781405.683681408874691, 8997744.143817411735654 ], [ 781407.712523175636306, 8997738.93470511212945 ], [ 781408.697693401481956, 8997732.174488971009851 ], [ 781409.679206621251069, 8997724.894815199077129 ], [ 781411.697077031480148, 8997718.127329729497433 ], [ 781410.61684233113192, 8997711.381651306524873 ], [ 781410.078553205588832, 8997708.268540862947702 ], [ 781412.565238160663284, 8997694.744472859427333 ], [ 781414.048471992136911, 8997685.383333675563335 ], [ 781415.989548732060939, 8997667.707239044830203 ], [ 781421.593892054748721, 8997620.264937069267035 ], [ 781419.479126076912507, 8997613.266800113022327 ], [ 781419.460841612424701, 8997610.6695123501122 ], [ 781419.702560245292261, 8997608.33013585023582 ], [ 781420.453314304933883, 8997604.94820917956531 ], [ 781421.204068155260757, 8997601.566282453015447 ], [ 781420.912980872788467, 8997596.892981944605708 ], [ 781417.536597754107788, 8997594.059593334794044 ], [ 781412.631280536530539, 8997594.094126023352146 ], [ 781407.993280079215765, 8997595.425484435632825 ], [ 781403.113560159108602, 8997599.096218392252922 ], [ 781400.810100574861281, 8997601.969591327011585 ], [ 781397.73394506808836, 8997605.108144914731383 ], [ 781390.528823069296777, 8997608.535504275932908 ], [ 781386.401685365708545, 8997609.084038702771068 ], [ 781380.980018114671111, 8997609.122201584279537 ], [ 781375.038345500011928, 8997608.644540783017874 ], [ 781370.900239207549021, 8997607.6347014028579 ], [ 781367.542141344863921, 8997607.398596176877618 ], [ 781361.869612770271488, 8997608.477488406002522 ], [ 781357.491613131947815, 8997610.066751550883055 ], [ 781353.38092794129625, 8997612.952840337529778 ], [ 781348.741097120800987, 8997614.024462062865496 ], [ 781342.032213548081927, 8997614.591161955147982 ], [ 781336.610547224292532, 8997614.629318606108427 ], [ 781332.479753966443241, 8997614.658389845862985 ], [ 781329.650800804840401, 8997616.236747778952122 ], [ 781327.852717962465249, 8997617.548109235242009 ], [ 781325.794632599921897, 8997618.601558854803443 ], [ 781322.45115760108456, 8997620.44327849894762 ], [ 781317.818637117510661, 8997622.553810546174645 ], [ 781316.791421998757869, 8997623.34026363492012 ], [ 781306.774701868765987, 8997630.813382837921381 ], [ 781303.298482636455446, 8997632.136551573872566 ], [ 781300.463130759890191, 8997632.805856794118881 ], [ 781296.328681449289434, 8997632.315466659143567 ], [ 781294.255974089493975, 8997631.291085783392191 ], [ 781291.151482235407457, 8997630.403835691511631 ], [ 781288.954256784170866, 8997630.029684286564589 ], [ 781285.985248959739693, 8997630.050575422123075 ], [ 781283.925334841012955, 8997630.844293862581253 ], [ 781281.096379414433613, 8997632.422647500410676 ], [ 781278.010162943741307, 8997634.13268169015646 ], [ 781275.957558430032805, 8997635.965313699096441 ], [ 781274.420389243634418, 8997637.66444824822247 ], [ 781266.361898386850953, 8997648.240672241896391 ], [ 781264.561985171632841, 8997649.292301358655095 ], [ 781262.245722516207024, 8997650.347563210874796 ], [ 781258.904070355696604, 8997652.449004454538226 ], [ 781255.562417894485407, 8997654.550445318222046 ], [ 781251.711724813329056, 8997657.694432392716408 ], [ 781250.695471345447004, 8997660.039253998547792 ], [ 781249.944701460772194, 8997663.421173112466931 ], [ 781249.975764624774456, 8997667.836557125672698 ], [ 781250.010482117999345, 8997672.771398074924946 ], [ 781250.821551173459738, 8997677.960518596693873 ], [ 781251.209458115044981, 8997696.399423742666841 ], [ 781250.71138010348659, 8997699.000340962782502 ], [ 781250.238882455043495, 8997705.237456703558564 ], [ 781250.529946542112157, 8997709.91075287386775 ], [ 781250.824664853978902, 8997715.103505983948708 ], [ 781250.332067683339119, 8997718.48360850289464 ], [ 781249.326774378307164, 8997722.386800337582827 ], [ 781251.496322098188102, 8997737.176793217658997 ], [ 781253.590957995620556, 8997741.317919109016657 ], [ 781254.136542543303221, 8997745.469942219555378 ], [ 781256.238487452152185, 8997750.64998204447329 ], [ 781256.275029920740053, 8997755.844551492482424 ], [ 781256.307917981757782, 8997760.51966398768127 ], [ 781255.831763458671048, 8997766.237322706729174 ], [ 781253.29020495491568, 8997771.969510573893785 ], [ 781250.978849131730385, 8997810.42748380638659 ], [ 781252.070015343371779, 8997818.731530206277966 ], [ 781252.644829904660583, 8997827.039208754897118 ], [ 781253.714072426781058, 8997832.226513758301735 ], [ 781254.783315037260763, 8997837.41381879709661 ], [ 781250.234802767867222, 8997851.471843559294939 ], [ 781246.638608171488158, 8997854.094551585614681 ], [ 781244.584161598118953, 8997855.667449805885553 ], [ 781240.471614349284209, 8997858.293788928538561 ], [ 781237.911776209366508, 8997861.428689047694206 ], [ 781236.395602426724508, 8997866.114695971831679 ], [ 781235.908478822326288, 8997870.273982474580407 ], [ 781235.930400078883395, 8997873.390723552554846 ], [ 781235.959628315991722, 8997877.546378314495087 ], [ 781236.527129735215567, 8997884.815142469480634 ], [ 781237.06174955656752, 8997887.408795032650232 ], [ 781238.138296248042025, 8997893.635013883933425 ], [ 781234.160919671412557, 8997915.481253869831562 ], [ 781233.179360945010558, 8997922.760912466794252 ], [ 781230.150656272890046, 8997932.652380716055632 ], [ 781228.140042738290504, 8997940.458758369088173 ], [ 781226.638474805280566, 8997947.222590774297714 ], [ 781226.653087360667996, 8997949.300417957827449 ], [ 781226.682312381453812, 8997953.456072321161628 ], [ 781221.24169835075736, 8997987.52043466642499 ], [ 781218.441935383132659, 8997993.254429949447513 ], [ 781214.338502416037954, 8997997.179403649643064 ], [ 781211.26777606154792, 8998001.097114866599441 ], [ 781208.466184003511444, 8998006.571380391716957 ], [ 781207.204520886065438, 8998010.736111247912049 ], [ 781207.230089421849698, 8998014.372308237478137 ], [ 781209.844732766970992, 8998019.029264526441693 ], [ 781212.704769230913371, 8998021.866306819021702 ], [ 781215.553847956936806, 8998023.144978798925877 ], [ 781218.66658305330202, 8998025.20102028362453 ], [ 781239.67572783655487, 8998038.819567846134305 ], [ 781243.83213341399096, 8998042.426716241985559 ], [ 781247.981233657337725, 8998044.994950711727142 ], [ 781250.57761806587223, 8998047.054621860384941 ], [ 781252.672260676044971, 8998051.195751657709479 ], [ 781254.250549062737264, 8998055.340512745082378 ], [ 781256.334232944180258, 8998057.923271935433149 ], [ 781260.494295152719133, 8998062.049876427277923 ], [ 781262.050665526767261, 8998063.077896166592836 ], [ 781268.766929929377511, 8998063.550144884735346 ], [ 781271.850445081712678, 8998061.450528398156166 ], [ 781278.017474520136602, 8998057.251294439658523 ], [ 781281.602729623089544, 8998053.070217469707131 ], [ 781289.3334350369405, 8998050.937914069741964 ], [ 781295.013336107018404, 8998050.89796438626945 ], [ 781297.08240840351209, 8998051.402894048020244 ], [ 781302.253262634039856, 8998052.405489280819893 ], [ 781307.394886855734512, 8998049.252427462488413 ], [ 781315.627330466872081, 8998045.038658041507006 ], [ 781319.219889134867117, 8998041.896490482613444 ], [ 781323.826886093709618, 8998036.149772379547358 ], [ 781325.859417366911657, 8998031.46012918651104 ], [ 781329.953711693175137, 8998026.236499203369021 ], [ 781334.058967658318579, 8998022.571239963173866 ], [ 781339.134807637427002, 8998010.067943064495921 ], [ 781342.211006863741204, 8998006.929404551163316 ], [ 781354.926167794503272, 8997979.307354010641575 ], [ 781357.226004827185534, 8997975.914533963426948 ], [ 781360.296717445133254, 8997971.996806990355253 ], [ 781363.120217017247342, 8997969.639267925173044 ], [ 781367.998166863922961, 8997965.708824470639229 ], [ 781372.623421401483938, 8997962.559382682666183 ], [ 781378.784943821141496, 8997957.580939818173647 ], [ 781381.853825305472128, 8997953.403481505811214 ], [ 781387.235331906704232, 8997947.651300529018044 ], [ 781395.194949573138729, 8997941.361493512988091 ], [ 781400.840112592792138, 8997936.386679040268064 ], [ 781403.66543521056883, 8997934.288864420726895 ], [ 781406.743451009038836, 8997931.410046519711614 ], [ 781409.299629505956545, 8997927.755675833672285 ], [ 781409.546839457121678, 8997926.195486625656486 ], [ 781411.328487155027688, 8997922.546566279605031 ], [ 781416.713640936650336, 8997917.313836392015219 ], [ 781419.022608059924096, 8997915.219653947278857 ], [ 781421.840616659494117, 8997912.082922358065844 ] ], [ [ 781318.339575442951173, 8997908.037957159802318 ], [ 781311.495090818032622, 8997907.96636750921607 ], [ 781311.554901881841943, 8997902.131759583950043 ], [ 781318.399385518510826, 8997902.203348947688937 ], [ 781318.339575442951173, 8997908.037957159802318 ] ], [ [ 781248.329315640497953, 8997984.780684726312757 ], [ 781251.021661992068402, 8997980.398794366046786 ], [ 781256.469124712282792, 8997983.78648872487247 ], [ 781253.776778515777551, 8997988.168379547074437 ], [ 781248.329315640497953, 8997984.780684726312757 ] ] ], [ [ [ 781969.440208870568313, 8997936.521636096760631 ], [ 781951.997565622557886, 8997887.814615922048688 ], [ 781899.64458552422002, 8997889.75380459241569 ], [ 781886.769318774226122, 8997952.348264534026384 ], [ 781880.736839409451932, 8997998.474301043897867 ], [ 781947.888524041627534, 8998010.546660542488098 ], [ 781958.736596717964858, 8997985.488875085487962 ], [ 781969.440208870568313, 8997936.521636096760631 ] ], [ [ 781936.531601697322913, 8997940.93993872217834 ], [ 781919.485999678494409, 8997937.80169028788805 ], [ 781922.767558328574523, 8997921.34576778113842 ], [ 781940.837633327930234, 8997923.184036083519459 ], [ 781936.531601697322913, 8997940.93993872217834 ] ] ], [ [ [ 781190.240476942388341, 8998352.15525564737618 ], [ 781193.833076836308464, 8998349.013110224157572 ], [ 781201.029229009407572, 8998344.287187768146396 ], [ 781208.229031138354912, 8998340.08072017878294 ], [ 781226.140889088972472, 8998317.097582660615444 ], [ 781228.173454276518896, 8998312.407952232286334 ], [ 781229.664098156266846, 8998304.085754549130797 ], [ 781230.652990933740512, 8998297.84501364082098 ], [ 781232.154588723089546, 8998291.081185720860958 ], [ 781230.554389089113101, 8998283.819681897759438 ], [ 781228.957841618568636, 8998277.077634872868657 ], [ 781228.899410181562416, 8998268.766327202320099 ], [ 781235.982327112345956, 8998247.937233582139015 ], [ 781238.538546739495359, 8998244.282884333282709 ], [ 781242.12017515883781, 8998239.582360310479999 ], [ 781247.243568538222462, 8998233.832030503079295 ], [ 781250.341709634289145, 8998233.810247072950006 ], [ 781256.530687082908116, 8998232.727765819057822 ], [ 781263.741420488338917, 8998230.079651398584247 ], [ 781268.890378543292172, 8998227.965515760704875 ], [ 781272.468349438044243, 8998222.745530692860484 ], [ 781273.453577374806628, 8998215.985329162329435 ], [ 781274.376706909853965, 8998200.394360102713108 ], [ 781274.418179512955248, 8998132.861330140382051 ], [ 781274.405393738066778, 8998131.043230913579464 ], [ 781272.063528210041113, 8998128.462286999449134 ], [ 781266.625356328207999, 8998126.162858733907342 ], [ 781259.647251112386584, 8998125.172965433448553 ], [ 781254.741874086437747, 8998125.207460602745414 ], [ 781249.320141772623174, 8998125.245586141943932 ], [ 781244.158413728815503, 8998125.541623903438449 ], [ 781240.291227009380236, 8998126.348040677607059 ], [ 781232.798594614956528, 8998125.621502105146646 ], [ 781227.882260949816555, 8998124.097623687237501 ], [ 781222.70227149000857, 8998121.796374972909689 ], [ 781217.778634214308113, 8998119.233582098037004 ], [ 781213.356743519892916, 8998114.589331414550543 ], [ 781211.262104163877666, 8998110.448199898004532 ], [ 781210.458352805348113, 8998106.297992067411542 ], [ 781210.698268582578748, 8998103.698893280699849 ], [ 781211.196361782727763, 8998101.097979199141264 ], [ 781210.658092560712248, 8998097.984869530424476 ], [ 781209.083461161004379, 8998094.359564300626516 ], [ 781206.228899865644053, 8998092.301705515012145 ], [ 781202.859810210415162, 8998090.507205443456769 ], [ 781197.952613257919438, 8998090.281966496258974 ], [ 781191.490873929462396, 8998089.288433076813817 ], [ 781187.605430763913319, 8998087.497562328353524 ], [ 781182.947282007313333, 8998085.971864989027381 ], [ 781180.360030472511426, 8998085.210831265896559 ], [ 781177.009203042834997, 8998086.013612449169159 ], [ 781167.731252414407209, 8998088.41650902852416 ], [ 781160.516894095693715, 8998090.54515515267849 ], [ 781155.633434797287919, 8998093.696378415450454 ], [ 781152.033558412804268, 8998095.799613351002336 ], [ 781148.186459024669603, 8998099.463032191619277 ], [ 781143.564826767309569, 8998103.131894990801811 ], [ 781136.881425859872252, 8998107.33473184145987 ], [ 781131.739785672165453, 8998110.487765859812498 ], [ 781126.069010655395687, 8998111.826330995187163 ], [ 781120.401886621606536, 8998113.684351606294513 ], [ 781116.0293004544219, 8998116.052754450589418 ], [ 781112.945775518543087, 8998118.152355436235666 ], [ 781105.995065120281652, 8998121.058359287679195 ], [ 781102.402486270992085, 8998124.200500959530473 ], [ 781099.080862191040069, 8998129.158924708142877 ], [ 781091.644825258641504, 8998136.483932597562671 ], [ 781087.015883190790191, 8998139.113873653113842 ], [ 781080.343423466198146, 8998144.875066373497248 ], [ 781076.256388082401827, 8998151.137570528313518 ], [ 781072.696657562628388, 8998158.954813938587904 ], [ 781072.227756708394736, 8998165.711373141035438 ], [ 781072.787915902794339, 8998171.941219044849277 ], [ 781076.577618858427741, 8998196.849717466160655 ], [ 781078.672244177083485, 8998200.990853233262897 ], [ 781080.272415632847697, 8998208.252354830503464 ], [ 781081.341630232753232, 8998213.439660083502531 ], [ 781082.930851246928796, 8998219.142793118953705 ], [ 781083.476409443188459, 8998223.294814467430115 ], [ 781084.567525800317526, 8998231.598857210949063 ], [ 781075.100713087711483, 8998243.87320314720273 ], [ 781072.520756352576427, 8998244.151072615757585 ], [ 781066.846311558270827, 8998244.97016729414463 ], [ 781062.200929522980005, 8998245.262548729777336 ], [ 781057.302844167570584, 8998246.335927834734321 ], [ 781054.210180945810862, 8998247.136880213394761 ], [ 781050.34115831553936, 8998247.683546209707856 ], [ 781046.746737420209683, 8998250.565950270742178 ], [ 781043.919551319442689, 8998252.403999919071794 ], [ 781039.286942497827113, 8998254.514474639669061 ], [ 781034.665281805209816, 8998258.183316834270954 ], [ 781030.810856090160087, 8998260.807804709300399 ], [ 781028.516447421628982, 8998264.979777317494154 ], [ 781018.653676917776465, 8998294.399777809157968 ], [ 781012.9235680392012, 8998324.050481995567679 ], [ 781006.318566189846024, 8998339.421585040166974 ], [ 780991.720059810089879, 8998360.526815822347999 ], [ 780983.570519693545066, 8998372.308700932189822 ], [ 780982.063402985688299, 8998378.29332297295332 ], [ 780982.607123493915424, 8998382.18561514467001 ], [ 780987.565424709115177, 8998389.683272017166018 ], [ 780990.655545147368684, 8998393.20069844275713 ], [ 781026.346068921731785, 8998433.826555587351322 ], [ 781039.033344904775731, 8998438.932252801954746 ], [ 781044.713291214546189, 8998438.892354015260935 ], [ 781051.942314104060642, 8998438.841572573408484 ], [ 781058.149567104876041, 8998440.356412850320339 ], [ 781060.218651602044702, 8998440.861359423026443 ], [ 781062.807744220597669, 8998441.882134590297937 ], [ 781070.567724565742537, 8998443.90554703772068 ], [ 781076.771330471383408, 8998444.900928685441613 ], [ 781085.033074031351134, 8998444.842886364087462 ], [ 781086.585800478118472, 8998445.351459426805377 ], [ 781088.149475454585627, 8998447.418401023373008 ], [ 781095.389450810151175, 8998448.925980811938643 ], [ 781103.131187486695126, 8998448.352106550708413 ], [ 781108.803838151856326, 8998447.273286497220397 ], [ 781120.149139234330505, 8998445.115643724799156 ], [ 781130.436171286273748, 8998439.329059584066272 ], [ 781136.581378091825172, 8998432.013130307197571 ], [ 781140.683048308943398, 8998427.828451748937368 ], [ 781144.773766714264639, 8998422.085403325036168 ], [ 781147.839066888205707, 8998417.388524200767279 ], [ 781150.864211370470002, 8998406.977623976767063 ], [ 781152.900442420039326, 8998402.807457730174065 ], [ 781154.936672945390455, 8998398.637291256338358 ], [ 781157.467357995919883, 8998391.346757037565112 ], [ 781164.645268094260246, 8998384.023562138900161 ], [ 781171.303166295518167, 8998376.184537757188082 ], [ 781175.386571943992749, 8998369.402570333331823 ], [ 781178.437845959560946, 8998367.445282693952322 ], [ 781179.033380854409188, 8998366.626191966235638 ], [ 781179.656806464190595, 8998365.828124336898327 ], [ 781180.307381257181987, 8998365.052029067650437 ], [ 781180.98433140933048, 8998364.298829277977347 ], [ 781181.686851724400185, 8998363.569420861080289 ], [ 781182.414106591953896, 8998362.864671410992742 ], [ 781183.882151222322136, 8998360.639959897845984 ], [ 781190.240476942388341, 8998352.15525564737618 ] ], [ [ 781111.235940437531099, 8998128.950824107974768 ], [ 781118.282605341402814, 8998129.621728114783764 ], [ 781117.719559678109363, 8998135.612059868872166 ], [ 781110.672893787268549, 8998134.941155474632978 ], [ 781111.235940437531099, 8998128.950824107974768 ] ], [ [ 781177.50311895320192, 8998143.372999597340822 ], [ 781176.946856989525259, 8998150.32719505019486 ], [ 781169.30677813582588, 8998149.708064073696733 ], [ 781169.863041355623864, 8998142.753869090229273 ], [ 781177.50311895320192, 8998143.372999597340822 ] ], [ [ 781156.089765613898635, 8998208.2442362960428 ], [ 781151.814586347201839, 8998206.926944376900792 ], [ 781153.810870038927533, 8998200.368485044687986 ], [ 781158.086048795375973, 8998201.685776580125093 ], [ 781156.089765613898635, 8998208.2442362960428 ] ], [ [ 781157.414477862417698, 8998262.188404066488147 ], [ 781161.918362748459913, 8998261.882015034556389 ], [ 781162.25622341199778, 8998266.902108125388622 ], [ 781157.752337942132726, 8998267.208497036248446 ], [ 781157.414477862417698, 8998262.188404066488147 ] ] ] ] } }
]
}
